onset	duration	nwb_table	is_vis	is_ruleA	is_switch	is_cueB	is_choL	is_correct	association_mat	rule_belief	signed_bias	rule_following	bias_following	prob_actual_cho	trial_onset_plane_frame_idx	trial_offset_plane_frame_idx	epoch_type	trial_id
25.31425	7.808749999999996	epochs															maze	0.0
25.31425	6.600749999999998	epochs															maze_stem	0.0
25.33975	14.833000000000002	trials	False	True	False	True	False	False	[0.41956174 0.58043826 0.47341114 0.52658886]	-0.05384939908981323	0.10702711343765259	0.026924699544906616	-0.053513556718826294	0.4734111428260803	[61 60 60 60 60]	[107 106 106 106 106]		
31.9345	1.1884999999999977	epochs															maze_arm	0.0
33.1425	7.0105	epochs															feedback_and_iti	0.0
33.1425	0.9950000000000045	epochs															feedback_delay	0.0
34.15475	1.9705000000000013	epochs															feedback	0.0
36.16125	3.991749999999996	epochs															iti	0.0
40.17275	7.073500000000003	epochs															maze	1.0
40.17275	5.720500000000001	epochs															maze_stem	1.0
40.19375	12.337499999999999	trials	False	True	False	False	False	True	[0.55055565 0.44944432 0.65347981 0.34652019]	-0.1029241532087326	-0.20403547585010529	-0.0514620840549469	0.10201773047447205	0.5505556464195251	[150 150 149 149 149]	[191 191 191 191 190]		
45.914	1.332250000000002	epochs															maze_arm	1.0
47.268	5.237749999999998	epochs															feedback_and_iti	1.0
47.268	0.9784999999999968	epochs															feedback_delay	1.0
48.26775	1.994250000000001	epochs															feedback	1.0
50.53575	1.9699999999999989	epochs															iti	1.0
52.53125	10.874000000000002	epochs															maze	2.0
52.53125	9.155000000000001	epochs															maze_stem	2.0
52.55675	16.058500000000002	trials	False	True	False	False	False	True	[0.79488188 0.20511806 0.72216749 0.27783248]	0.07271440327167511	-0.5170494168996811	0.03635719418525696	0.25852468609809875	0.7948818802833557	[224 224 223 223 223]	[288 288 288 287 287]		
61.711	1.6942500000000038	epochs															maze_arm	2.0
63.42225	5.1725000000000065	epochs															feedback_and_iti	2.0
63.42225	0.987249999999996	epochs															feedback_delay	2.0
64.4335	1.9849999999999994	epochs															feedback	2.0
66.6035	1.991250000000008	epochs															iti	2.0
68.61525	7.405249999999995	epochs															maze	3.0
68.61525	5.607249999999993	epochs															maze_stem	3.0
68.64025	12.609000000000009	trials	False	True	False	False	False	True	[0.88088584 0.11911414 0.71693861 0.28306133]	0.1639472059905529	-0.5978244952857494	0.0819736123085022	0.2989122271537781	0.8808858394622803	[320 320 320 320 319]	[364 363 363 363 363]		
74.24175	1.7787500000000023	epochs															maze_arm	3.0
76.037	5.190749999999994	epochs															feedback_and_iti	3.0
76.037	0.9989999999999952	epochs															feedback_delay	3.0
77.055	1.9812499999999886	epochs															feedback	3.0
79.2315	1.9962500000000034	epochs															iti	3.0
81.24925	6.941749999999999	epochs															maze	4.0
81.24925	5.467749999999995	epochs															maze_stem	4.0
81.268	13.988	trials	False	True	False	True	False	False	[0.91039383 0.08960624 0.69595659 0.30404338]	0.21443719416856766	-0.6063503995537758	-0.10721862316131592	0.3031752109527588	0.6959565877914429	[396 396 396 395 395]	[437 436 436 436 436]		
86.73575	1.4552500000000066	epochs															maze_arm	4.0
88.2085	7.027249999999995	epochs															feedback_and_iti	4.0
88.2085	0.9860000000000042	epochs															feedback_delay	4.0
89.21025	1.9847499999999911	epochs															feedback	4.0
91.23675	3.9989999999999952	epochs															iti	4.0
95.256	6.811250000000001	epochs															maze	5.0
95.256	5.049499999999995	epochs															maze_stem	5.0
95.27925	13.85199999999999	trials	False	True	False	True	False	False	[0.85437816 0.14562185 0.7053107  0.29468927]	0.1490674391388893	-0.5596888735890388	-0.07453373074531555	0.2798444330692291	0.7053107023239136	[480 480 480 479 479]	[520 520 519 519 519]		
100.32325	1.7439999999999998	epochs															maze_arm	5.0
102.08425	7.027500000000003	epochs															feedback_and_iti	5.0
102.08425	0.9882500000000078	epochs															feedback_delay	5.0
103.0925	1.9912499999999937	epochs															feedback	5.0
105.11975	3.9920000000000044	epochs															iti	5.0
109.13125	9.016000000000005	epochs															maze	6.0
109.13125	6.322500000000005	epochs															maze_stem	6.0
109.15	14.232	trials	True	True	False	False	False	True	[0.83394122 0.16605876 0.72312796 0.27687204]	0.11081326752901077	-0.5570691898465157	0.05540663003921509	0.27853459119796753	0.8339412212371826	[563 563 563 563 562]	[616 616 616 616 615]		
115.48	2.6672499999999957	epochs															maze_arm	6.0
118.167	5.194249999999997	epochs															feedback_and_iti	6.0
118.167	0.9752500000000026	epochs															feedback_delay	6.0
119.166	1.990000000000009	epochs															feedback	6.0
121.3825	1.9787500000000051	epochs															iti	6.0
123.382	7.349249999999984	epochs															maze	7.0
123.382	5.674250000000001	epochs															maze_stem	7.0
123.40225	14.38600000000001	trials	False	True	False	True	False	False	[0.93791199 0.06208802 0.75310427 0.24689572]	0.18480770848691463	-0.6910162623971701	-0.09240385890007019	0.3455081284046173	0.7531042695045471	[649 648 648 648 648]	[692 692 691 691 691]		
129.086	1.645249999999976	epochs															maze_arm	7.0
130.753	7.007500000000022	epochs															feedback_and_iti	7.0
130.753	0.9877500000000055	epochs															feedback_delay	7.0
131.75825	1.9767500000000098	epochs															feedback	7.0
133.769	3.991500000000002	epochs															iti	7.0
137.78825	6.9982499999999845	epochs															maze	8.0
137.78825	5.652249999999981	epochs															maze_stem	8.0
137.81525	12.197000000000003	trials	False	True	False	True	True	True	[0.85131592 0.14868405 0.72522599 0.27477396]	0.1260899156332016	-0.5765419453382492	0.0630449503660202	-0.2882709950208664	0.2747739553451538	[735 735 735 734 734]	[776 776 776 775 775]		
143.46825	1.3182499999999777	epochs															maze_arm	8.0
144.8115	5.178750000000008	epochs															feedback_and_iti	8.0
144.8115	0.9920000000000186	epochs															feedback_delay	8.0
145.82225	1.9782500000000027	epochs															feedback	8.0
148.01525	1.9749999999999943	epochs															iti	8.0
150.01225	7.580749999999995	epochs															maze	9.0
150.01225	6.0417500000000075	epochs															maze_stem	9.0
150.03175	12.770750000000021	trials	False	True	False	True	True	True	[0.82224619 0.17775382 0.41826755 0.58173251]	0.403978668153286	-0.24051370471715927	0.20198934525251389	-0.12025683373212814	0.5817325115203857	[808 808 808 808 807]	[853 853 852 852 852]		
156.079	1.5139999999999816	epochs															maze_arm	9.0
157.61425	5.164500000000004	epochs															feedback_and_iti	9.0
157.61425	0.9795000000000016	epochs															feedback_delay	9.0
158.617	1.9855000000000018	epochs															feedback	9.0
160.81	1.96875	epochs															iti	9.0
162.8025	6.78449999999998	epochs															maze	10.0
162.8025	5.302249999999987	epochs															maze_stem	10.0
162.82425	12.008999999999986	trials	False	True	False	False	False	True	[0.8007468  0.19925319 0.26046059 0.73953938]	0.5402862057089806	-0.06120740622282028	0.2701431065797806	0.030603691935539246	0.8007467985153198	[885 885 885 884 884]	[925 925 924 924 924]		
168.12225	1.464749999999981	epochs															maze_arm	10.0
169.608	5.198250000000002	epochs															feedback_and_iti	10.0
169.608	0.9927500000000009	epochs															feedback_delay	10.0
170.61875	1.9877500000000055	epochs															feedback	10.0
172.83375	1.9724999999999966	epochs															iti	10.0
174.83325	7.1267500000000155	epochs															maze	11.0
174.83325	5.601500000000016	epochs															maze_stem	11.0
174.85975	12.344750000000005	trials	False	True	False	False	False	True	[0.89484286 0.10515713 0.31375867 0.68624133]	0.5810841955244541	-0.20860153809189796	0.2905420958995819	0.10430076718330383	0.8948428630828857	[957 957 957 956 956]	[999 999 998 998 998]		
180.45625	1.5037499999999966	epochs															maze_arm	11.0
181.98175	5.203249999999997	epochs															feedback_and_iti	11.0
181.98175	0.9977499999999964	epochs															feedback_delay	11.0
182.99775	1.9790000000000134	epochs															feedback	11.0
185.217	1.9679999999999893	epochs															iti	11.0
187.2045	7.248750000000001	epochs															maze	12.0
187.2045	5.755250000000018	epochs															maze_stem	12.0
187.227	12.444500000000005	trials	False	True	False	False	False	True	[0.91490912 0.08509084 0.30492026 0.69507974]	0.6099888868629932	-0.21982939913868904	0.3049944341182709	0.10991469025611877	0.9149091243743896	[1031 1031 1031 1031 1030]	[1074 1074 1073 1073 1073]		
192.97975	1.4735000000000014	epochs															maze_arm	12.0
194.4705	5.181750000000022	epochs															feedback_and_iti	12.0
194.4705	1.0002500000000225	epochs															feedback_delay	12.0
195.48925	1.9752499999999884	epochs															feedback	12.0
197.6835	1.96875	epochs															iti	12.0
199.6715	7.914249999999981	epochs															maze	13.0
199.6715	6.057249999999982	epochs															maze_stem	13.0
199.6925	13.102499999999992	trials	False	True	False	False	False	True	[0.92321742 0.07678263 0.28849331 0.71150666]	0.634724073112011	-0.21171071380376816	0.31736205518245697	0.10585536062717438	0.9232174158096313	[1106 1106 1106 1105 1105]	[1153 1152 1152 1152 1152]		
205.748	1.8377499999999998	epochs															maze_arm	13.0
207.60325	5.1684999999999945	epochs															feedback_and_iti	13.0
207.60325	0.9819999999999993	epochs															feedback_delay	13.0
208.606	1.9850000000000136	epochs															feedback	13.0
210.78025	1.991500000000002	epochs															iti	13.0
212.795	7.048250000000024	epochs															maze	14.0
212.795	5.692750000000018	epochs															maze_stem	14.0
212.82025	12.265750000000025	trials	False	True	False	False	False	True	[0.9274351  0.07256492 0.27277839 0.72722161]	0.6546566970646381	-0.2002134807407856	0.3273283541202545	0.10010674595832825	0.9274351000785828	[1185 1184 1184 1184 1184]	[1226 1226 1226 1225 1225]		
218.507	1.3362500000000068	epochs															maze_arm	14.0
219.86025	5.197999999999979	epochs															feedback_and_iti	14.0
219.86025	0.984499999999997	epochs															feedback_delay	14.0
220.86575	1.9850000000000136	epochs															feedback	14.0
223.06675	1.9914999999999736	epochs															iti	14.0
225.086	7.537749999999988	epochs															maze	15.0
225.086	6.102249999999998	epochs															maze_stem	15.0
225.11175	14.55850000000001	trials	False	True	False	True	False	False	[0.92984182 0.07015819 0.25730965 0.74269032]	0.6725321523845196	-0.1871514730155468	-0.33626608550548553	0.09357573091983795	0.2573096454143524	[1258 1258 1258 1258 1258]	[1303 1302 1302 1302 1302]		
231.2075	1.416249999999991	epochs															maze_arm	15.0
232.643	7.007749999999987	epochs															feedback_and_iti	15.0
232.643	0.9877500000000055	epochs															feedback_delay	15.0
233.65075	1.9720000000000084	epochs															feedback	15.0
235.666	3.984749999999991	epochs															iti	15.0
239.67025	8.863249999999994	epochs															maze	16.0
239.67025	6.619	epochs															maze_stem	16.0
239.69475	14.055000000000007	trials	False	True	False	False	False	True	[0.91689038 0.08310962 0.53524953 0.46475053]	0.38164087757468224	-0.45213988050818443	0.19082042574882507	0.22606995701789856	0.9168903827667236	[1346 1346 1345 1345 1345]	[1398 1398 1398 1397 1397]		
246.311	2.2224999999999966	epochs															maze_arm	16.0
248.55	5.173000000000002	epochs															feedback_and_iti	16.0
248.55	0.9949999999999761	epochs															feedback_delay	16.0
249.5635	1.9727499999999907	epochs															feedback	16.0
251.756	1.967000000000013	epochs															iti	16.0
253.74975	7.774000000000001	epochs															maze	17.0
253.74975	6.1612499999999955	epochs															maze_stem	17.0
253.77825	12.958499999999958	trials	False	True	False	True	True	True	[0.9521451  0.04785488 0.44601965 0.55398029]	0.5061254296451807	-0.39816478826105595	0.25306270457804203	-0.19908241368830204	0.55398029088974	[1430 1430 1430 1430 1429]	[1476 1476 1475 1475 1475]		
259.93425	1.5894999999999868	epochs															maze_arm	17.0
261.5415	5.17025000000001	epochs															feedback_and_iti	17.0
261.5415	0.9845000000000255	epochs															feedback_delay	17.0
262.545	1.9944999999999595	epochs															feedback	17.0
264.7395	1.972249999999974	epochs															iti	17.0
266.73675	8.184750000000008	epochs															maze	18.0
266.73675	6.446000000000026	epochs															maze_stem	18.0
266.767	13.387499999999989	trials	False	True	False	False	False	True	[0.92814749 0.07185247 0.23563591 0.76436412]	0.6925116218626499	-0.16378340497612953	0.3462557941675186	0.08189170062541962	0.9281474947929382	[1508 1508 1508 1508 1507]	[1556 1556 1556 1556 1555]		
273.204	1.7174999999999727	epochs															maze_arm	18.0
274.9385	5.188750000000027	epochs															feedback_and_iti	18.0
274.9385	0.9842500000000314	epochs															feedback_delay	18.0
275.94425	1.9909999999999854	epochs															feedback	18.0
278.1505	1.9767499999999814	epochs															iti	18.0
280.1545	7.244250000000022	epochs															maze	19.0
280.1545	5.71550000000002	epochs															maze_stem	19.0
280.173	12.436750000000018	trials	False	True	False	False	False	True	[0.94453162 0.05546842 0.25286797 0.74713206]	0.6916636489331722	-0.19739955291152	0.34583182632923126	0.09869979321956635	0.9445316195487976	[1589 1588 1588 1588 1588]	[1631 1631 1631 1630 1630]		
285.89025	1.5085000000000264	epochs															maze_arm	19.0
287.414	5.17349999999999	epochs															feedback_and_iti	19.0
287.414	0.9960000000000377	epochs															feedback_delay	19.0
288.42675	1.9744999999999777	epochs															feedback	19.0
290.6225	1.964999999999975	epochs															iti	19.0
292.60975	7.677249999999958	epochs															maze	20.0
292.60975	6.152749999999969	epochs															maze_stem	20.0
292.6315	12.877999999999986	trials	False	True	False	True	True	True	[0.94450766 0.05549233 0.23615216 0.76384783]	0.7083554994314909	-0.1806598287075758	0.3541777487844229	-0.09032992087304592	0.763847827911377	[1663 1663 1663 1663 1662]	[1708 1708 1708 1708 1708]		
298.7865	1.5004999999999882	epochs															maze_arm	20.0
300.30375	5.1825000000000045	epochs															feedback_and_iti	20.0
300.30375	0.9952499999999986	epochs															feedback_delay	20.0
301.31575	1.9872500000000173	epochs															feedback	20.0
303.5055	1.9807500000000005	epochs															iti	20.0
305.5095	6.5817499999999995	epochs															maze	21.0
305.5095	5.086000000000013	epochs															maze_stem	21.0
305.5335	11.755749999999978	trials	False	True	False	True	True	True	[0.927239   0.07276098 0.14721289 0.85278708]	0.7800261005759239	-0.07445191591978073	0.39001304656267166	-0.03722596913576126	0.8527870774269104	[1741 1740 1740 1740 1740]	[1779 1779 1779 1778 1778]		
310.61625	1.4750000000000227	epochs															maze_arm	21.0
312.10875	5.153500000000008	epochs															feedback_and_iti	21.0
312.10875	0.9985000000000355	epochs															feedback_delay	21.0
313.12375	1.9717500000000427	epochs															feedback	21.0
315.297	1.965249999999969	epochs															iti	21.0
317.28925	7.326000000000022	epochs															maze	22.0
317.28925	5.898500000000013	epochs															maze_stem	22.0
317.3135	12.547750000000008	trials	False	True	False	True	True	True	[0.92107958 0.07892036 0.11795359 0.8820464 ]	0.803126011043787	-0.0390332005918026	0.40156301856040955	-0.01951661705970764	0.8820464015007019	[1811 1811 1811 1811 1810]	[1854 1854 1854 1854 1853]		
323.20725	1.4080000000000155	epochs															maze_arm	22.0
324.6325	5.205250000000035	epochs															feedback_and_iti	22.0
324.6325	0.9892500000000268	epochs															feedback_delay	22.0
325.63975	1.9784999999999968	epochs															feedback	22.0
327.8595	1.9782500000000027	epochs															iti	22.0
329.86125	7.031749999999988	epochs															maze	23.0
329.86125	5.291500000000042	epochs															maze_stem	23.0
329.88225	12.223250000000007	trials	False	True	False	False	False	True	[0.91759461 0.0824054  0.10092316 0.89907682]	0.816671434789896	-0.01851777359843254	0.40833572670817375	0.009258884936571121	0.9175946116447449	[1887 1886 1886 1886 1886]	[1928 1928 1927 1927 1927]		
335.17275	1.7202499999999645	epochs															maze_arm	23.0
336.911	5.17349999999999	epochs															feedback_and_iti	23.0
336.911	0.9942500000000223	epochs															feedback_delay	23.0
337.922	1.9814999999999827	epochs															feedback	23.0
340.10125	1.9832499999999982	epochs															iti	23.0
342.1055	7.579499999999996	epochs															maze	24.0
342.1055	5.221000000000004	epochs															maze_stem	24.0
342.124	12.75124999999997	trials	False	True	False	False	False	True	[0.93879706 0.06120298 0.12638853 0.87361151]	0.8124085254967213	-0.0651855506002903	0.4062042608857155	0.03259279578924179	0.9387970566749573	[1960 1960 1960 1959 1959]	[2004 2004 2004 2004 2004]		
347.347	2.3380000000000223	epochs															maze_arm	24.0
349.702	5.153999999999996	epochs															feedback_and_iti	24.0
349.702	0.9970000000000141	epochs															feedback_delay	24.0
350.716	1.9705000000000155	epochs															feedback	24.0
352.86525	1.9907499999999914	epochs															iti	24.0
354.87525	16.709000000000003	epochs															maze	25.0
354.87525	5.871250000000032	epochs															maze_stem	25.0
354.895	21.908000000000015	trials	False	True	False	False	False	True	[0.94012684 0.05987313 0.12343324 0.87656677]	0.8166936188936234	-0.06356009095907211	0.4083467982709408	0.03178003802895546	0.9401268362998962	[2037 2036 2036 2036 2036]	[2136 2136 2135 2135 2135]		
360.7665	10.81774999999999	epochs															maze_arm	25.0
371.602	5.1720000000000255	epochs															feedback_and_iti	25.0
371.602	0.9857500000000528	epochs															feedback_delay	25.0
372.605	1.9897499999999582	epochs															feedback	25.0
374.76975	2.004250000000013	epochs															iti	25.0
376.803	7.306500000000028	epochs															maze	26.0
376.803	5.630499999999984	epochs															maze_stem	26.0
376.82475	12.497000000000014	trials	False	True	False	False	False	True	[0.93852133 0.06147863 0.1206371  0.87936294]	0.8178842663764954	-0.05915842950344086	0.4089421108365059	0.02957921475172043	0.9385213255882263	[2168 2168 2168 2167 2167]	[2211 2211 2210 2210 2210]		
382.4535	1.656000000000006	epochs															maze_arm	26.0
384.125	5.177999999999997	epochs															feedback_and_iti	26.0
384.125	0.9870000000000232	epochs															feedback_delay	26.0
385.12825	1.9910000000000423	epochs															feedback	26.0
387.3075	1.9954999999999927	epochs															iti	26.0
389.32175	7.964499999999987	epochs															maze	27.0
389.32175	6.210750000000019	epochs															maze_stem	27.0
389.3415	13.127999999999986	trials	False	True	False	False	False	True	[0.93709362 0.06290638 0.11812732 0.88187271]	0.8189663141965866	-0.05522092431783676	0.4094831459224224	0.027610469609498978	0.9370936155319214	[2243 2243 2243 2242 2242]	[2290 2290 2289 2289 2289]		
395.55225	1.7339999999999804	epochs															maze_arm	27.0
397.3035	5.147500000000036	epochs															feedback_and_iti	27.0
397.3035	0.9834999999999923	epochs															feedback_delay	27.0
398.305	1.982500000000016	epochs															feedback	27.0
400.4645	1.986500000000035	epochs															iti	27.0
402.4695	7.701999999999998	epochs															maze	28.0
402.4695	5.769750000000045	epochs															maze_stem	28.0
402.48925	12.901749999999993	trials	True	True	False	True	True	True	[0.93577689 0.06422309 0.11565653 0.88434345]	0.8201203569769859	-0.051433444023132324	0.41006017848849297	-0.025716733187437057	0.8843434453010559	[2322 2322 2322 2321 2321]	[2367 2367 2367 2367 2366]		
408.25975	1.9117499999999836	epochs															maze_arm	28.0
410.19275	5.176750000000027	epochs															feedback_and_iti	28.0
410.19275	0.9947500000000105	epochs															feedback_delay	28.0
411.208	1.97524999999996	epochs															feedback	28.0
413.36175	2.007750000000044	epochs															iti	28.0
415.391	7.4737499999999955	epochs															maze	29.0
415.391	5.478250000000003	epochs															maze_stem	29.0
415.41125	12.656999999999982	trials	False	True	False	False	False	True	[0.92270428 0.07729578 0.07952097 0.92047906]	0.8431832939386368	-0.0022252053022384644	0.421591654419899	0.001112625002861023	0.92270427942276	[2399 2399 2399 2399 2399]	[2443 2443 2443 2443 2442]		
420.8895	1.9752500000000168	epochs															maze_arm	29.0
422.882	5.160500000000013	epochs															feedback_and_iti	29.0
422.882	0.9830000000000041	epochs															feedback_delay	29.0
423.88225	1.9852500000000077	epochs															feedback	29.0
426.0595	1.983000000000004	epochs															iti	29.0
428.06825	6.4742500000000405	epochs															maze	30.0
428.06825	4.976750000000038	epochs															maze_stem	30.0
428.09175	13.511500000000012	trials	False	True	False	False	True	False	[0.94241399 0.05758595 0.10401051 0.89598942]	0.8384034726768732	-0.046424562111496925	-0.4192017335444689	-0.023212315514683723	0.0575859509408474	[2475 2475 2475 2475 2475]	[2513 2513 2513 2513 2512]		
433.06475	1.4777500000000146	epochs															maze_arm	30.0
434.55975	7.023250000000019	epochs															feedback_and_iti	30.0
434.55975	0.9894999999999641	epochs															feedback_delay	30.0
435.566	1.993750000000034	epochs															feedback	30.0
437.59575	3.9872500000000173	epochs															iti	30.0
441.60325	8.113499999999988	epochs															maze	31.0
441.60325	6.166749999999979	epochs															maze_stem	31.0
441.62125	15.148750000000007	trials	True	True	False	True	False	False	[0.75554848 0.24445149 0.20522681 0.79477322]	0.5503216981887817	0.039224714040756226	-0.2751608341932297	-0.019612357020378113	0.2052268087863922	[2557 2556 2556 2556 2556]	[2604 2604 2604 2604 2603]		
447.78925	1.927500000000009	epochs															maze_arm	31.0
449.73725	7.013499999999965	epochs															feedback_and_iti	31.0
449.73725	0.9952499999999986	epochs															feedback_delay	31.0
450.7525	1.9702500000000214	epochs															feedback	31.0
452.7595	3.9912499999999795	epochs															iti	31.0
456.77	8.323750000000018	epochs															maze	32.0
456.77	6.395250000000033	epochs															maze_stem	32.0
456.791	13.500749999999982	trials	False	True	False	False	False	True	[0.89078158 0.10921835 0.4065125  0.5934875 ]	0.4842691160738468	-0.29729411378502846	0.24213454127311707	0.14864704012870789	0.890781581401825	[2647 2647 2647 2647 2647]	[2696 2696 2696 2696 2696]		
463.185	1.9087499999999977	epochs															maze_arm	32.0
465.111	5.160250000000019	epochs															feedback_and_iti	32.0
465.111	0.9882499999999936	epochs															feedback_delay	32.0
466.11525	1.9834999999999923	epochs															feedback	32.0
468.27475	1.996500000000026	epochs															iti	32.0
470.29175	9.377250000000004	epochs															maze	33.0
470.29175	7.639250000000004	epochs															maze_stem	33.0
470.31175	14.565249999999992	trials	False	True	False	True	True	True	[0.9294979  0.07050211 0.28954709 0.71045297]	0.6399508379399776	-0.21904494985938072	0.31997543200850487	-0.10952245816588402	0.7104529738426208	[2729 2728 2728 2728 2728]	[2784 2784 2783 2783 2783]		
477.9505	1.718500000000006	epochs															maze_arm	33.0
479.6955	5.158999999999992	epochs															feedback_and_iti	33.0
479.6955	0.9822500000000218	epochs															feedback_delay	33.0
480.69525	1.978749999999991	epochs															feedback	33.0
482.86475	1.9897499999999582	epochs															iti	33.0
484.877	7.830499999999972	epochs															maze	34.0
484.877	5.944749999999999	epochs															maze_stem	34.0
484.8995	13.025500000000022	trials	True	True	False	False	False	True	[0.91422606 0.08577398 0.15949763 0.84050238]	0.7547284103929996	-0.07372366264462471	0.37736421078443527	0.0368618443608284	0.9142260551452637	[2816 2816 2816 2815 2815]	[2862 2862 2862 2861 2861]		
490.841	1.8664999999999736	epochs															maze_arm	34.0
492.72675	5.178750000000036	epochs															feedback_and_iti	34.0
492.72675	0.9882499999999936	epochs															feedback_delay	34.0
493.7355	1.982500000000016	epochs															feedback	34.0
495.91425	1.9912500000000364	epochs															iti	34.0
497.925	7.614750000000015	epochs															maze	35.0
497.925	6.070249999999987	epochs															maze_stem	35.0
497.9455	12.789250000000038	trials	False	True	False	False	False	True	[0.94191676 0.0580832  0.16259186 0.83740813]	0.7793249171227217	-0.10450865142047405	0.3896624520421028	0.05225431174039841	0.9419167637825012	[2894 2894 2894 2894 2893]	[2939 2939 2939 2938 2938]		
504.015	1.52475000000004	epochs															maze_arm	35.0
505.55725	5.156749999999988	epochs															feedback_and_iti	35.0
505.55725	0.9964999999999691	epochs															feedback_delay	35.0
506.5695	1.9710000000000036	epochs															feedback	35.0
508.7515	1.9624999999999773	epochs															iti	35.0
510.73475	6.821750000000009	epochs															maze	36.0
510.73475	5.33424999999994	epochs															maze_stem	36.0
510.75525	12.014749999999992	trials	False	True	False	True	True	True	[0.9336552  0.06634478 0.1622296  0.83777034]	0.7714255824685097	-0.09588483721017838	0.38571278005838394	-0.04794243723154068	0.8377703428268433	[2971 2971 2971 2970 2970]	[3011 3011 3011 3010 3010]		
516.0885	1.4680000000000746	epochs															maze_arm	36.0
517.572	5.179499999999962	epochs															feedback_and_iti	36.0
517.572	0.98599999999999	epochs															feedback_delay	36.0
518.57425	1.9917500000000246	epochs															feedback	36.0
520.77825	1.9732500000000073	epochs															iti	36.0
522.77	7.974000000000046	epochs															maze	37.0
522.77	6.199250000000006	epochs															maze_stem	37.0
522.78975	13.172000000000025	trials	False	True	False	True	True	True	[0.92240131 0.07759868 0.10891991 0.89108002]	0.8134813718497753	-0.03132126107811928	0.4067406728863716	-0.01566065102815628	0.8910800218582153	[3043 3043 3043 3043 3042]	[3090 3090 3090 3089 3089]		
528.98925	1.7547500000000582	epochs															maze_arm	37.0
530.76075	5.180749999999989	epochs															feedback_and_iti	37.0
530.76075	0.9807499999999436	epochs															feedback_delay	37.0
531.76775	1.990000000000009	epochs															feedback	37.0
533.94425	1.9972500000000082	epochs															iti	37.0
535.96175	7.232999999999947	epochs															maze	38.0
535.96175	5.506249999999909	epochs															maze_stem	38.0
535.982	12.421249999999986	trials	False	True	False	True	True	True	[0.91678363 0.08321632 0.09372572 0.90627426]	0.8230579271912575	-0.010509386658668518	0.41152897104620934	-0.005254711955785751	0.9062742590904236	[3122 3122 3122 3122 3121]	[3165 3164 3164 3164 3164]		
541.48825	1.7065000000000055	epochs															maze_arm	38.0
543.2115	5.170749999999998	epochs															feedback_and_iti	38.0
543.2115	0.9857500000000528	epochs															feedback_delay	38.0
544.21525	1.9812500000000455	epochs															feedback	38.0
546.38425	1.9980000000000473	epochs															iti	38.0
548.40325	7.467000000000098	epochs															maze	39.0
548.40325	5.864750000000072	epochs															maze_stem	39.0
548.4225	12.63575000000003	trials	False	True	False	False	False	True	[0.91384089 0.08615915 0.08441684 0.91558319]	0.8294240459799767	0.0017423108220100403	0.4147120267152786	-0.0008711367845535278	0.9138408899307251	[3197 3197 3196 3196 3196]	[3241 3240 3240 3240 3240]		
554.2875	1.5827500000000327	epochs															maze_arm	39.0
555.887	5.1512500000000045	epochs															feedback_and_iti	39.0
555.887	0.9880000000000564	epochs															feedback_delay	39.0
556.89375	1.9800000000000182	epochs															feedback	39.0
559.05975	1.97849999999994	epochs															iti	39.0
561.05825	10.851999999999975	epochs															maze	40.0
561.05825	8.902749999999969	epochs															maze_stem	40.0
561.07675	17.884000000000015	trials	False	True	False	True	False	False	[0.93460894 0.06539108 0.10958041 0.89041954]	0.8250284977257252	-0.04418935999274254	-0.41251426562666893	0.022094670683145523	0.10958040505647659	[3273 3273 3272 3272 3272]	[3337 3337 3336 3336 3336]		
569.98125	1.9289999999999736	epochs															maze_arm	40.0
571.92575	7.0125000000000455	epochs															feedback_and_iti	40.0
571.92575	0.9877500000000055	epochs															feedback_delay	40.0
572.92975	1.9842499999999745	epochs															feedback	40.0
574.95025	3.9880000000000564	epochs															iti	40.0
578.96075	8.78225000000009	epochs															maze	41.0
578.96075	6.447250000000054	epochs															maze_stem	41.0
578.985	13.951000000000022	trials	True	True	False	False	False	True	[0.92782521 0.07217474 0.35186738 0.64813262]	0.5759578570723534	-0.2796926125884056	0.2879789173603058	0.1398462951183319	0.9278252124786377	[3380 3380 3380 3379 3379]	[3432 3432 3431 3431 3431]		
585.4255	2.3174999999999955	epochs															maze_arm	41.0
587.7635	5.150750000000016	epochs															feedback_and_iti	41.0
587.7635	0.9805000000000064	epochs															feedback_delay	41.0
588.7645	1.9790000000000418	epochs															feedback	41.0
590.925	1.9892500000000837	epochs															iti	41.0
592.936	8.043749999999932	epochs															maze	42.0
592.936	6.37399999999991	epochs															maze_stem	42.0
592.9565	13.229000000000042	trials	False	True	False	False	False	True	[0.96603107 0.03396888 0.23304375 0.76695621]	0.7329873293638229	-0.1990748643875122	0.36649366468191147	0.09953740984201431	0.9660310745239258	[3464 3464 3463 3463 3463]	[3511 3511 3511 3511 3510]		
599.328	1.6517499999999927	epochs															maze_arm	42.0
600.99675	5.164499999999975	epochs															feedback_and_iti	42.0
600.99675	0.9832499999999982	epochs															feedback_delay	42.0
601.9985	1.9887499999999818	epochs															feedback	42.0
604.1685	1.992750000000001	epochs															iti	42.0
606.1855	6.816249999999968	epochs															maze	43.0
606.1855	5.252999999999929	epochs															maze_stem	43.0
606.20575	13.853749999999991	trials	False	True	False	True	False	False	[0.94724828 0.05275175 0.19130448 0.80869555]	0.7559438049793243	-0.138552725315094	-0.37797190248966217	0.06927637755870819	0.19130447506904602	[3543 3543 3543 3543 3543]	[3583 3583 3583 3583 3582]		
611.45925	1.5425000000000182	epochs															maze_arm	43.0
613.01825	7.016250000000014	epochs															feedback_and_iti	43.0
613.01825	0.9915000000000873	epochs															feedback_delay	43.0
614.026	1.9770000000000891	epochs															feedback	43.0
616.0375	3.9969999999999573	epochs															iti	43.0
620.0595	6.088500000000067	epochs															maze	44.0
620.0595	4.648000000000025	epochs															maze_stem	44.0
620.082	11.285499999999956	trials	False	True	False	False	False	True	[0.93042564 0.06957428 0.48632738 0.51367265]	0.4440983161330223	-0.41675304621458054	0.22204913198947906	0.20837651193141937	0.9304256439208984	[3626 3626 3626 3626 3626]	[3662 3662 3662 3661 3661]		
624.72625	1.4217499999999745	epochs															maze_arm	44.0
626.16475	5.175749999999994	epochs															feedback_and_iti	44.0
626.16475	0.9992499999999609	epochs															feedback_delay	44.0
627.17975	1.9847499999999627	epochs															feedback	44.0
629.35025	1.99025000000006	epochs															iti	44.0
631.3675	7.062750000000051	epochs															maze	45.0
631.3675	5.204000000000065	epochs															maze_stem	45.0
631.3905	14.092750000000024	trials	False	True	False	False	True	False	[0.96011168 0.03988827 0.37954432 0.62045568]	0.5805673841387033	-0.33965601958334446	-0.29028370417654514	-0.1698280218988657	0.03988827392458916	[3694 3694 3694 3694 3693]	[3736 3735 3735 3735 3735]		
636.59225	1.8379999999999654	epochs															maze_arm	45.0
638.4475	7.0157500000000255	epochs															feedback_and_iti	45.0
638.4475	0.9862500000000409	epochs															feedback_delay	45.0
639.45175	1.986250000000041	epochs															feedback	45.0
641.4735	3.989750000000072	epochs															iti	45.0
645.48325	5.983749999999986	epochs															maze	46.0
645.48325	4.572750000000042	epochs															maze_stem	46.0
645.50275	11.182500000000005	trials	False	True	False	False	False	True	[0.75653076 0.24346928 0.39526409 0.60473597]	0.36126668006181717	-0.15179479867219925	0.1806333363056183	0.07589742541313171	0.75653076171875	[3779 3779 3779 3778 3778]	[3814 3814 3813 3813 3813]		
650.07425	1.3927499999999782	epochs															maze_arm	46.0
651.484	5.181249999999977	epochs															feedback_and_iti	46.0
651.484	0.9919999999999618	epochs															feedback_delay	46.0
652.4935	1.9877500000000055	epochs															feedback	46.0
654.66775	1.9975000000000591	epochs															iti	46.0
656.68525	7.929499999999962	epochs															maze	47.0
656.68525	5.8174999999999955	epochs															maze_stem	47.0
656.70475	13.113249999999994	trials	False	True	False	True	True	True	[0.94046867 0.05953133 0.37624174 0.62375826]	0.5642269272357225	-0.31671041436493397	0.28211346454918385	-0.15835520811378956	0.6237582564353943	[3846 3846 3846 3845 3845]	[3893 3892 3892 3892 3892]		
662.52225	2.0924999999999727	epochs															maze_arm	47.0
664.6305	5.166749999999979	epochs															feedback_and_iti	47.0
664.6305	0.9852500000000646	epochs															feedback_delay	47.0
665.6335	1.9864999999999782	epochs															feedback	47.0
667.8015	1.99574999999993	epochs															iti	47.0
669.818	7.103250000000003	epochs															maze	48.0
669.818	5.458750000000009	epochs															maze_stem	48.0
669.83875	14.13575000000003	trials	False	True	False	False	True	False	[0.91111255 0.08888744 0.20437926 0.79562074]	0.7067332938313484	-0.11549181491136551	-0.3533666506409645	-0.05774591118097305	0.08888743817806244	[3925 3925 3924 3924 3924]	[3966 3966 3966 3966 3966]		
675.2965	1.624749999999949	epochs															maze_arm	48.0
676.93825	7.014999999999986	epochs															feedback_and_iti	48.0
676.93825	0.9850000000000136	epochs															feedback_delay	48.0
677.94125	1.9855000000000018	epochs															feedback	48.0
679.9645	3.988749999999982	epochs															iti	48.0
683.9745	7.222249999999917	epochs															maze	49.0
683.9745	5.129000000000019	epochs															maze_stem	49.0
683.997	12.402000000000044	trials	False	True	False	False	False	True	[0.68601984 0.31398019 0.31817976 0.68182027]	0.36784008145332336	-0.004199564456939697	0.18392004072666168	0.0020997971296310425	0.6860198378562927	[4010 4009 4009 4009 4009]	[4052 4052 4052 4051 4051]		
689.122	2.0747499999999945	epochs															maze_arm	49.0
691.21375	5.164999999999964	epochs															feedback_and_iti	49.0
691.21375	0.9879999999999427	epochs															feedback_delay	49.0
692.21825	1.9872500000000173	epochs															feedback	49.0
694.3865	1.9922500000000127	epochs															iti	49.0
696.399	7.171000000000049	epochs															maze	50.0
696.399	5.86099999999999	epochs															maze_stem	50.0
696.42025	12.36749999999995	trials	False	True	False	False	False	True	[0.89624494 0.10375501 0.27611741 0.72388256]	0.6201275363564491	-0.17236239463090897	0.31006376445293427	0.08618117868900299	0.8962449431419373	[4084 4084 4084 4084 4083]	[4126 4126 4126 4126 4125]		
702.27825	1.2917500000000928	epochs															maze_arm	50.0
703.58725	5.180499999999938	epochs															feedback_and_iti	50.0
703.58725	0.9842499999999745	epochs															feedback_delay	50.0
704.58975	1.9897500000000719	epochs															feedback	50.0
706.767	2.0007499999999254	epochs															iti	50.0
708.78775	7.098250000000007	epochs															maze	51.0
708.78775	5.501500000000078	epochs															maze_stem	51.0
708.8075	12.282249999999976	trials	False	True	False	True	True	True	[0.91459161 0.0854084  0.26617905 0.73382092]	0.6484125331044197	-0.18077067285776138	0.32420625537633896	-0.09038534015417099	0.733820915222168	[4158 4158 4158 4158 4158]	[4200 4200 4200 4199 4199]		
714.30925	1.5767499999999472	epochs															maze_arm	51.0
715.90275	5.16700000000003	epochs															feedback_and_iti	51.0
715.90275	0.9922500000000127	epochs															feedback_delay	51.0
716.91275	1.9892500000000837	epochs															feedback	51.0
719.076	1.9937499999999773	epochs															iti	51.0
721.08975	6.945500000000038	epochs															maze	52.0
721.08975	5.125750000000039	epochs															maze_stem	52.0
721.109	12.149000000000001	trials	True	True	False	False	False	True	[0.87440175 0.12559822 0.15466696 0.84533298]	0.7197347730398178	-0.029068753123283386	0.3598673939704895	0.014534354209899902	0.8744017481803894	[4232 4232 4232 4232 4231]	[4273 4273 4273 4272 4272]		
726.23575	1.7994999999999663	epochs															maze_arm	52.0
728.0555	5.176499999999919	epochs															feedback_and_iti	52.0
728.0555	0.9837499999999864	epochs															feedback_delay	52.0
729.06075	1.9872500000000173	epochs															feedback	52.0
731.2355	1.996499999999969	epochs															iti	52.0
733.258	7.849749999999972	epochs															maze	53.0
733.258	6.063499999999976	epochs															maze_stem	53.0
733.2795	13.041000000000054	trials	False	True	False	True	True	True	[0.93539089 0.06460909 0.16600481 0.83399516]	0.7693860791623592	-0.10139572247862816	0.38469303771853447	-0.050697874277830124	0.8339951634407043	[4305 4305 4305 4305 4304]	[4351 4351 4351 4351 4350]		
739.34125	1.7665000000000646	epochs															maze_arm	53.0
741.124	5.176249999999982	epochs															feedback_and_iti	53.0
741.124	0.9927500000000009	epochs															feedback_delay	53.0
742.134	1.98275000000001	epochs															feedback	53.0
744.3075	1.992750000000001	epochs															iti	53.0
746.3205	6.709999999999923	epochs															maze	54.0
746.3205	5.13799999999992	epochs															maze_stem	54.0
746.341	11.88900000000001	trials	False	True	False	True	True	True	[0.88904864 0.1109513  0.11186962 0.88813037]	0.7771790437400341	-0.0009182952344417572	0.3885895349085331	-0.00045916810631752014	0.8881303668022156	[4383 4383 4383 4383 4383]	[4423 4423 4422 4422 4422]		
751.477	1.5534999999999854	epochs															maze_arm	54.0
753.0475	5.161749999999984	epochs															feedback_and_iti	54.0
753.0475	0.9850000000000136	epochs															feedback_delay	54.0
754.0505	1.9847499999999627	epochs															feedback	54.0
756.247	1.96225000000004	epochs															iti	54.0
758.23	6.575749999999971	epochs															maze	55.0
758.23	5.240249999999946	epochs															maze_stem	55.0
758.25075	11.766999999999939	trials	False	True	False	False	False	True	[0.88116372 0.11883634 0.0964663  0.90353364]	0.7846973575651646	0.022369984537363052	0.3923487104475498	-0.011184994131326675	0.8811637163162231	[4455 4455 4454 4454 4454]	[4493 4493 4493 4493 4493]		
763.49	1.31574999999998	epochs															maze_arm	55.0
764.82125	5.175749999999994	epochs															feedback_and_iti	55.0
764.82125	0.9982499999999845	epochs															feedback_delay	55.0
765.83725	1.9742499999999836	epochs															feedback	55.0
768.00475	1.9922500000000127	epochs															iti	55.0
770.01775	6.67674999999997	epochs															maze	56.0
770.01775	5.216250000000059	epochs															maze_stem	56.0
770.038	11.849500000000035	trials	False	True	False	False	False	True	[0.92928541 0.07071467 0.12802219 0.87197781]	0.8012631759047508	-0.057307563722133636	0.4006316065788269	0.02865380048751831	0.9292854070663452	[4526 4525 4525 4525 4525]	[4565 4564 4564 4564 4564]		
775.25475	1.4397500000000036	epochs															maze_arm	56.0
776.712	5.1547500000000355	epochs															feedback_and_iti	56.0
776.712	0.9832499999999982	epochs															feedback_delay	56.0
777.71325	1.982499999999959	epochs															feedback	56.0
779.86975	1.997000000000071	epochs															iti	56.0
781.8875	7.221499999999992	epochs															maze	57.0
781.8875	5.826249999999959	epochs															maze_stem	57.0
781.90775	12.389499999999998	trials	False	True	False	False	False	True	[0.93443304 0.06556696 0.12584163 0.87415838]	0.8085914179682732	-0.06027466803789139	0.4042957052588463	0.030137337744235992	0.9344330430030823	[4597 4597 4596 4596 4596]	[4639 4639 4639 4638 4638]		
787.734	1.375	epochs															maze_arm	57.0
789.12475	5.148500000000013	epochs															feedback_and_iti	57.0
789.12475	0.9895000000000209	epochs															feedback_delay	57.0
790.13025	1.9822499999999081	epochs															feedback	57.0
792.2915	1.98174999999992	epochs															iti	57.0
794.29725	7.663499999999999	epochs															maze	58.0
794.29725	5.9284999999999854	epochs															maze_stem	58.0
794.3195	12.830250000000092	trials	True	True	False	False	False	True	[0.93529445 0.06470554 0.12321801 0.876782  ]	0.8120764456689358	-0.05851246044039726	0.40603821724653244	0.02925623208284378	0.9352944493293762	[4671 4671 4671 4671 4670]	[4716 4716 4716 4716 4715]		
800.245	1.7157499999999573	epochs															maze_arm	58.0
801.9795	5.149749999999926	epochs															feedback_and_iti	58.0
801.9795	0.9907499999999345	epochs															feedback_delay	58.0
802.9915	1.9710000000000036	epochs															feedback	58.0
805.15075	1.97849999999994	epochs															iti	58.0
807.14975	6.637749999999983	epochs															maze	59.0
807.14975	5.260749999999916	epochs															maze_stem	59.0
807.16975	11.837249999999926	trials	False	True	False	True	True	True	[0.93776572 0.0622343  0.11475913 0.88524085]	0.8230065684765577	-0.05252484790980816	0.4115032758563757	-0.026262423023581505	0.8852408528327942	[4748 4748 4748 4748 4747]	[4787 4787 4787 4786 4786]		
812.4285	1.3590000000000373	epochs															maze_arm	59.0
813.8045	5.1825000000000045	epochs															feedback_and_iti	59.0
813.8045	0.9915000000000873	epochs															feedback_delay	59.0
814.813	1.986250000000041	epochs															feedback	59.0
816.992	1.9950000000000045	epochs															iti	59.0
819.007	7.133000000000038	epochs															maze	60.0
819.007	5.716000000000008	epochs															maze_stem	60.0
819.02475	12.312749999999937	trials	True	True	False	True	True	True	[0.89878291 0.10121706 0.07806674 0.92193323]	0.8207161724567413	0.023150324821472168	0.41035808622837067	0.01157514750957489	0.9219332337379456	[4819 4819 4819 4819 4818]	[4861 4861 4861 4861 4860]		
824.74225	1.3977499999999736	epochs															maze_arm	60.0
826.161	5.153250000000071	epochs															feedback_and_iti	60.0
826.161	0.9940000000000282	epochs															feedback_delay	60.0
827.17375	1.9712499999999409	epochs															feedback	60.0
829.3205	1.9937499999999773	epochs															iti	60.0
831.3375	6.400750000000016	epochs															maze	61.0
831.3375	5.1687500000000455	epochs															maze_stem	61.0
831.359	11.610000000000014	trials	False	True	False	False	False	True	[0.88940704 0.11059299 0.0728456  0.92715436]	0.8165614046156406	0.03774735704064369	0.40828071907162666	-0.018873680382966995	0.8894070386886597	[4893 4893 4893 4893 4892]	[4931 4930 4930 4930 4930]		
836.52475	1.2134999999999536	epochs															maze_arm	61.0
837.75575	5.183499999999981	epochs															feedback_and_iti	61.0
837.75575	0.9862499999999272	epochs															feedback_delay	61.0
838.76	1.9885000000000446	epochs															feedback	61.0
840.93975	1.9995000000000118	epochs															iti	61.0
842.969	6.647999999999911	epochs															maze	62.0
842.969	5.202749999999924	epochs															maze_stem	62.0
842.991	11.824749999999995	trials	True	True	False	True	True	True	[0.92553216 0.07446787 0.10152101 0.89847904]	0.8240111656486988	-0.02705312892794609	0.41200558841228485	-0.013526543974876404	0.8984790444374084	[4963 4963 4963 4962 4962]	[5002 5002 5001 5001 5001]		
848.19075	1.4262499999999818	epochs															maze_arm	62.0
849.6375	5.157999999999902	epochs															feedback_and_iti	62.0
849.6375	0.9987499999999727	epochs															feedback_delay	62.0
850.65625	1.9650000000000318	epochs															feedback	62.0
852.80275	1.992750000000001	epochs															iti	62.0
854.81575	6.917500000000018	epochs															maze	63.0
854.81575	5.660250000000019	epochs															maze_stem	63.0
854.83625	12.10200000000009	trials	False	True	False	False	False	True	[0.90632361 0.09367638 0.07037947 0.92962056]	0.835944164544344	0.023296933621168137	0.41797207295894623	-0.01164846122264862	0.9063236117362976	[5034 5034 5034 5033 5033]	[5075 5074 5074 5074 5074]		
860.4965	1.236750000000029	epochs															maze_arm	63.0
861.75	5.163249999999948	epochs															feedback_and_iti	63.0
861.75	0.9872500000000173	epochs															feedback_delay	63.0
862.7545	1.9837499999999864	epochs															feedback	63.0
864.9245	1.9887499999999818	epochs															iti	63.0
866.93825	6.7892499999999245	epochs															maze	64.0
866.93825	5.243499999999926	epochs															maze_stem	64.0
866.95975	11.97300000000007	trials	True	True	False	True	True	True	[0.93851948 0.06148056 0.09637319 0.9036268 ]	0.8421462643891573	-0.03489265777170658	0.4210731219500303	-0.017446322366595268	0.9036267995834351	[5107 5106 5106 5106 5106]	[5146 5146 5146 5146 5146]		
872.20125	1.5262500000000045	epochs															maze_arm	64.0
873.748	5.165750000000003	epochs															feedback_and_iti	64.0
873.748	0.9947499999999536	epochs															feedback_delay	64.0
874.76325	1.979249999999979	epochs															feedback	64.0
876.923	1.9907500000000482	epochs															iti	64.0
878.93275	7.078499999999963	epochs															maze	65.0
878.93275	5.304749999999899	epochs															maze_stem	65.0
878.95525	12.255999999999972	trials	False	True	False	True	True	True	[0.91406387 0.08593618 0.06736118 0.93263882]	0.8467026688158512	0.018574979156255722	0.42335132136940956	0.009287502616643906	0.9326388239860535	[5179 5178 5178 5178 5178]	[5220 5220 5220 5219 5219]		
884.257	1.75425000000007	epochs															maze_arm	65.0
886.02725	5.162000000000035	epochs															feedback_and_iti	65.0
886.02725	0.9864999999999782	epochs															feedback_delay	65.0
887.0295	1.9912500000000364	epochs															feedback	65.0
889.218	1.9712500000000546	epochs															iti	65.0
891.21125	6.6372499999999945	epochs															maze	66.0
891.21125	4.933750000000032	epochs															maze_stem	66.0
891.22925	11.818250000000035	trials	False	True	False	True	True	True	[0.91476196 0.08523799 0.06460717 0.93539286]	0.8501548282802105	0.020630862563848495	0.4250774309039116	0.0103154256939888	0.9353928565979004	[5252 5252 5252 5252 5251]	[5291 5291 5291 5290 5290]		
896.16475	1.6837499999999181	epochs															maze_arm	66.0
897.8655	5.161500000000046	epochs															feedback_and_iti	66.0
897.8655	0.9907500000000482	epochs															feedback_delay	66.0
898.8725	1.9892500000000837	epochs															feedback	66.0
901.034	1.9930000000000518	epochs															iti	66.0
903.0475	6.569499999999948	epochs															maze	67.0
903.0475	5.079499999999939	epochs															maze_stem	67.0
903.0675	11.762500000000045	trials	False	True	False	False	False	True	[0.91261506 0.0873849  0.06218581 0.93781418]	0.8504292648285627	0.025199105963110924	0.4252146277576685	-0.012599566951394081	0.9126150608062744	[5323 5323 5323 5323 5322]	[5362 5361 5361 5361 5361]		
908.1475	1.4694999999999254	epochs															maze_arm	67.0
909.63225	5.178750000000036	epochs															feedback_and_iti	67.0
909.63225	0.9974999999999454	epochs															feedback_delay	67.0
910.64775	1.9782500000000027	epochs															feedback	67.0
912.8235	1.9875000000000682	epochs															iti	67.0
914.83	6.650499999999965	epochs															maze	68.0
914.83	5.117250000000013	epochs															maze_stem	68.0
914.85	11.824499999999944	trials	False	True	False	False	False	True	[0.94083792 0.05916209 0.0858748  0.9141252 ]	0.8549631144851446	-0.02671271376311779	0.4274815581738949	0.013356361538171768	0.9408379197120667	[5394 5394 5393 5393 5393]	[5433 5433 5432 5432 5432]		
919.9735	1.5070000000000618	epochs															maze_arm	68.0
921.4975	5.157500000000027	epochs															feedback_and_iti	68.0
921.4975	0.99025000000006	epochs															feedback_delay	68.0
922.505	1.9785000000000537	epochs															feedback	68.0
924.6695	1.9855000000000018	epochs															iti	68.0
926.6745	7.003000000000043	epochs															maze	69.0
926.6745	5.333250000000021	epochs															maze_stem	69.0
926.695	12.170499999999947	trials	False	True	False	True	True	True	[0.94237304 0.05762701 0.08586654 0.91413349]	0.8565064873546362	-0.0282395388931036	0.4282532390207052	-0.014119749888777733	0.9141334891319275	[5465 5465 5464 5464 5464]	[5506 5506 5505 5505 5505]		
932.02625	1.6512500000000045	epochs															maze_arm	69.0
933.69525	5.149999999999977	epochs															feedback_and_iti	69.0
933.69525	0.9919999999999618	epochs															feedback_delay	69.0
934.7055	1.9739999999999327	epochs															feedback	69.0
936.859	1.9862499999999272	epochs															iti	69.0
938.8655	7.663249999999948	epochs															maze	70.0
938.8655	5.962999999999965	epochs															maze_stem	70.0
938.887	12.849500000000035	trials	False	True	False	True	True	True	[0.91918528 0.0808147  0.05983423 0.9401657 ]	0.8593510203063488	0.02098044380545616	0.42967549711465836	0.01049020141363144	0.9401656985282898	[5538 5538 5538 5537 5537]	[5583 5583 5583 5582 5582]		
944.84875	1.67999999999995	epochs															maze_arm	70.0
946.5455	5.171000000000049	epochs															feedback_and_iti	70.0
946.5455	0.9977499999999964	epochs															feedback_delay	70.0
947.56075	1.9842499999999745	epochs															feedback	70.0
949.72625	1.9902499999999463	epochs															iti	70.0
951.7365	6.7342499999999745	epochs															maze	71.0
951.7365	4.984750000000076	epochs															maze_stem	71.0
951.75875	11.905750000000012	trials	False	True	False	True	True	True	[0.91457182 0.08542826 0.05700253 0.9429974 ]	0.8575692120939493	0.02842565067112446	0.4287845678627491	0.014212828129529953	0.942997395992279	[5615 5615 5615 5614 5614]	[5655 5654 5654 5654 5654]		
956.742	1.728749999999991	epochs															maze_arm	71.0
958.48725	5.157249999999976	epochs															feedback_and_iti	71.0
958.48725	0.99249999999995	epochs															feedback_delay	71.0
959.498	1.98599999999999	epochs															feedback	71.0
961.66475	1.9797499999999673	epochs															iti	71.0
963.6645	7.3559999999999945	epochs															maze	72.0
963.6645	5.542750000000069	epochs															maze_stem	72.0
963.68725	12.543499999999995	trials	False	True	False	True	True	True	[0.91278368 0.08721629 0.0558256  0.94417441]	0.8569581005722284	0.031390706077218056	0.42847906053066254	0.015695348381996155	0.9441744089126587	[5687 5686 5686 5686 5686]	[5730 5730 5729 5729 5729]		
969.2255	1.794999999999959	epochs															maze_arm	72.0
971.0375	5.1749999999999545	epochs															feedback_and_iti	72.0
971.0375	0.9929999999999382	epochs															feedback_delay	72.0
972.049	1.981999999999971	epochs															feedback	72.0
974.243	1.9694999999999254	epochs															iti	72.0
976.23075	7.048500000000104	epochs															maze	73.0
976.23075	5.516250000000014	epochs															maze_stem	73.0
976.2505	12.240000000000009	trials	False	True	False	False	False	True	[0.91108465 0.08891535 0.05488554 0.94511443]	0.8561990968883038	0.03402979299426079	0.4280995540320873	-0.01701490208506584	0.9110846519470215	[5762 5762 5762 5761 5761]	[5803 5803 5803 5803 5802]		
981.7665	1.5127500000000964	epochs															maze_arm	73.0
983.2965	5.173749999999927	epochs															feedback_and_iti	73.0
983.2965	0.9852499999999509	epochs															feedback_delay	73.0
984.2995	1.9904999999999973	epochs															feedback	73.0
986.477	1.993249999999989	epochs															iti	73.0
988.4905	6.577250000000049	epochs															maze	74.0
988.4905	5.272000000000048	epochs															maze_stem	74.0
988.5105	11.753749999999968	trials	False	True	False	False	False	True	[0.93847787 0.06152211 0.07740878 0.92259121]	0.861069094389677	-0.015886668115854263	0.4305345453321934	0.007943328469991684	0.9384778738021851	[5835 5835 5835 5835 5835]	[5874 5874 5874 5873 5873]		
993.781	1.2867500000000973	epochs															maze_arm	74.0
995.083	5.1612499999999955	epochs															feedback_and_iti	74.0
995.083	0.9992500000000746	epochs															feedback_delay	74.0
996.1	1.9694999999999254	epochs															feedback	74.0
998.26175	1.982499999999959	epochs															iti	74.0
1000.26425	6.6687500000000455	epochs															maze	75.0
1000.26425	5.293000000000006	epochs															maze_stem	75.0
1000.28275	11.85450000000003	trials	False	True	False	True	True	True	[0.94023246 0.05976761 0.07791436 0.92208564]	0.8623180650174618	-0.018146779388189316	0.43115901574492455	-0.009073372930288315	0.9220856428146362	[5906 5906 5906 5905 5905]	[5945 5945 5945 5944 5944]		
1005.576	1.356999999999971	epochs															maze_arm	75.0
1006.95025	5.166500000000042	epochs															feedback_and_iti	75.0
1006.95025	0.9880000000000564	epochs															feedback_delay	75.0
1007.9565	1.9864999999999782	epochs															feedback	75.0
1010.143	1.9737499999999955	epochs															iti	75.0
1012.13725	6.74025000000006	epochs															maze	76.0
1012.13725	5.194250000000011	epochs															maze_stem	76.0
1012.15825	11.922000000000025	trials	False	True	False	True	True	True	[0.91827619 0.08172387 0.05436569 0.94563437]	0.8639104999601841	0.027358178049325943	0.4319552481174469	0.01367911696434021	0.9456343650817871	[5977 5977 5977 5977 5976]	[6017 6016 6016 6016 6016]		
1017.35175	1.5257500000000164	epochs															maze_arm	76.0
1018.89475	5.166749999999979	epochs															feedback_and_iti	76.0
1018.89475	0.9829999999999472	epochs															feedback_delay	76.0
1019.8955	1.9880000000000564	epochs															feedback	76.0
1022.0635	1.9980000000000473	epochs															iti	76.0
1024.08025	6.7654999999999745	epochs															maze	77.0
1024.08025	5.43425000000002	epochs															maze_stem	77.0
1024.10025	11.955500000000029	trials	False	True	False	False	False	True	[0.91376215 0.08623784 0.05234065 0.94765937]	0.8614215198904276	0.03389720804989338	0.4307107534259558	-0.016948601230978966	0.9137621521949768	[6049 6049 6048 6048 6048]	[6088 6088 6088 6088 6088]		
1029.5325	1.3132499999999254	epochs															maze_arm	77.0
1030.86425	5.169750000000022	epochs															feedback_and_iti	77.0
1030.86425	0.9862499999999272	epochs															feedback_delay	77.0
1031.868	1.9845000000000255	epochs															feedback	77.0
1034.0445	1.9895000000001346	epochs															iti	77.0
1036.05575	15.560750000000098	epochs															maze	78.0
1036.05575	5.548749999999927	epochs															maze_stem	78.0
1036.077	20.741999999999962	trials	False	True	False	True	True	True	[0.93968821 0.06031175 0.07404356 0.92595643]	0.8656446617096663	-0.013731798157095909	0.43282234109938145	-0.006865913048386574	0.9259564280509949	[6121 6120 6120 6120 6120]	[6213 6213 6213 6212 6212]		
1041.626	9.990500000000111	epochs															maze_arm	78.0
1051.63225	5.164999999999964	epochs															feedback_and_iti	78.0
1051.63225	0.9907499999999345	epochs															feedback_delay	78.0
1052.64075	1.981999999999971	epochs															feedback	78.0
1054.8085	1.9887499999999818	epochs															iti	78.0
1056.819	7.507499999999936	epochs															maze	79.0
1056.819	5.800999999999931	epochs															maze_stem	79.0
1056.8395	12.688249999999925	trials	False	True	False	True	True	True	[0.91943091 0.08056907 0.05223254 0.94776744]	0.8671983648091555	0.028336526826024055	0.43359918147325516	0.014168255031108856	0.947767436504364	[6245 6245 6245 6245 6244]	[6289 6289 6289 6289 6288]		
1062.6405	1.6859999999999218	epochs															maze_arm	79.0
1064.34375	5.1652500000000146	epochs															feedback_and_iti	79.0
1064.34375	0.9852499999999509	epochs															feedback_delay	79.0
1065.34675	1.986750000000029	epochs															feedback	79.0
1067.521	1.9880000000000564	epochs															iti	79.0
1069.52775	6.631250000000136	epochs															maze	80.0
1069.52775	4.974500000000035	epochs															maze_stem	80.0
1069.5485	11.822999999999865	trials	False	True	False	True	True	True	[0.91502672 0.08497327 0.05060276 0.94939721]	0.8644239492714405	0.03437049314379692	0.4322119690477848	0.017185237258672714	0.9493972063064575	[6321 6321 6321 6321 6321]	[6360 6360 6360 6360 6359]		
1074.522	1.637000000000171	epochs															maze_arm	80.0
1076.175	5.172250000000076	epochs															feedback_and_iti	80.0
1076.175	0.987250000000131	epochs															feedback_delay	80.0
1077.17825	1.9887499999999818	epochs															feedback	80.0
1079.3465	2.0007499999999254	epochs															iti	80.0
1081.3715	6.904250000000047	epochs															maze	81.0
1081.3715	5.2687499999999545	epochs															maze_stem	81.0
1081.395	12.07400000000007	trials	False	True	False	True	True	True	[0.91356802 0.08643205 0.05024248 0.94975752]	0.8633255045861006	0.03618953190743923	0.43166273459792137	0.018094781786203384	0.9497575163841248	[6392 6392 6392 6392 6392]	[6433 6433 6432 6432 6432]		
1086.66	1.6157499999999345	epochs															maze_arm	81.0
1088.29275	5.156499999999824	epochs															feedback_and_iti	81.0
1088.29275	0.9834999999998217	epochs															feedback_delay	81.0
1089.294	1.9842499999999745	epochs															feedback	81.0
1091.471	1.978249999999889	epochs															iti	81.0
1093.469	7.114749999999958	epochs															maze	82.0
1093.469	5.711000000000013	epochs															maze_stem	82.0
1093.4885	12.303250000000162	trials	True	True	False	False	False	True	[0.91216165 0.0878383  0.04997194 0.95002806]	0.8621897343546152	0.037866385653615	0.431094853207469	-0.01893320493400097	0.912161648273468	[6465 6465 6464 6464 6464]	[6507 6506 6506 6506 6506]		
1099.19925	1.3845000000001164	epochs															maze_arm	82.0
1100.604	5.166749999999865	epochs															feedback_and_iti	82.0
1100.604	0.9852499999999509	epochs															feedback_delay	82.0
1101.60925	1.9847500000000764	epochs															feedback	82.0
1103.77075	2.0	epochs															iti	82.0
1105.79175	6.918249999999944	epochs															maze	83.0
1105.79175	5.384249999999838	epochs															maze_stem	83.0
1105.81175	12.08874999999989	trials	False	True	False	True	True	True	[0.95009208 0.0499079  0.06643882 0.93356115]	0.8836532551795244	-0.016530925408005714	0.4418266247957945	-0.008265478536486626	0.9335611462593079	[6539 6539 6538 6538 6538]	[6579 6579 6579 6579 6578]		
1111.196	1.5140000000001237	epochs															maze_arm	83.0
1112.7255	5.154999999999973	epochs															feedback_and_iti	83.0
1112.7255	0.9932499999999891	epochs															feedback_delay	83.0
1113.73475	1.9767499999998108	epochs															feedback	83.0
1115.894	1.9864999999999782	epochs															iti	83.0
1117.9005	6.393500000000131	epochs															maze	84.0
1117.9005	5.093000000000075	epochs															maze_stem	84.0
1117.9205	11.583499999999958	trials	False	True	False	False	False	True	[0.91816247 0.08183751 0.04900839 0.95099163]	0.8691540993750095	0.03282913938164711	0.4345770366489887	-0.016414571553468704	0.91816246509552	[6611 6611 6611 6611 6611]	[6649 6649 6648 6648 6648]		
1123.013	1.2810000000001764	epochs															maze_arm	84.0
1124.311	5.170250000000124	epochs															feedback_and_iti	84.0
1124.311	0.9837500000001	epochs															feedback_delay	84.0
1125.3125	1.990000000000009	epochs															feedback	84.0
1127.486	1.9952499999999418	epochs															iti	84.0
1129.504	6.281500000000051	epochs															maze	85.0
1129.504	5.035250000000133	epochs															maze_stem	85.0
1129.529	11.481250000000045	trials	True	True	False	False	False	True	[0.94223744 0.05776253 0.06935133 0.93064862]	0.8728861026465893	-0.01158880814909935	0.4364430531859398	0.0057943835854530334	0.9422374367713928	[6681 6681 6681 6680 6680]	[6718 6717 6717 6717 6717]		
1134.56	1.225500000000011	epochs															maze_arm	85.0
1135.8065	5.181750000000193	epochs															feedback_and_iti	85.0
1135.8065	0.9942500000001928	epochs															feedback_delay	85.0
1136.8215	1.969000000000051	epochs															feedback	85.0
1138.98725	2.0010000000002037	epochs															iti	85.0
1141.01025	6.249000000000024	epochs															maze	86.0
1141.01025	4.855000000000018	epochs															maze_stem	86.0
1141.03	11.434750000000122	trials	False	True	False	True	True	True	[0.94827944 0.05172054 0.06931513 0.93068486]	0.8789643160998821	-0.017594579607248306	0.4394821599125862	-0.0087972953915596	0.9306848645210266	[6750 6750 6749 6749 6749]	[6786 6786 6786 6786 6786]		
1145.8835	1.3757500000001528	epochs															maze_arm	86.0
1147.27475	5.1687500000000455	epochs															feedback_and_iti	86.0
1147.27475	0.9939999999999145	epochs															feedback_delay	86.0
1148.28475	1.9852499999999509	epochs															feedback	86.0
1150.45025	1.993249999999989	epochs															iti	86.0
1152.46475	5.779499999999871	epochs															maze	87.0
1152.46475	4.688499999999976	epochs															maze_stem	87.0
1152.48375	10.967749999999796	trials	False	True	False	False	False	True	[0.9042545  0.09574555 0.04747463 0.95252538]	0.856779845431447	0.048270897939801216	0.4283899310976267	-0.02413543500006199	0.9042544960975647	[6819 6818 6818 6818 6818]	[6852 6852 6852 6852 6851]		
1157.17325	1.0709999999999127	epochs															maze_arm	87.0
1158.2615	5.1684999999999945	epochs															feedback_and_iti	87.0
1158.2615	0.9914999999998599	epochs															feedback_delay	87.0
1159.27075	1.9777500000000146	epochs															feedback	87.0
1161.4395	1.990500000000111	epochs															iti	87.0
1163.4515	6.3737500000002	epochs															maze	88.0
1163.4515	5.159250000000156	epochs															maze_stem	88.0
1163.47325	11.569749999999885	trials	False	True	False	False	False	True	[0.93461239 0.06538756 0.0679921  0.93200791]	0.8666203208267689	-0.002604510635137558	0.4333101473748684	0.0013022460043430328	0.9346123933792114	[6884 6884 6884 6884 6884]	[6922 6922 6921 6921 6921]		
1168.62975	1.1955000000000382	epochs															maze_arm	88.0
1169.84275	5.176500000000033	epochs															feedback_and_iti	88.0
1169.84275	0.9915000000000873	epochs															feedback_delay	88.0
1170.85225	1.9880000000000564	epochs															feedback	88.0
1173.02325	1.9960000000000946	epochs															iti	88.0
1175.043	6.976750000000038	epochs															maze	89.0
1175.043	5.602000000000089	epochs															maze_stem	89.0
1175.06325	12.165750000000116	trials	False	True	False	True	True	True	[0.93721223 0.06278777 0.06876475 0.93123525]	0.868447482585907	-0.005976974964141846	0.4342237412929535	-0.002988487482070923	0.9312352538108826	[6954 6954 6954 6953 6953]	[6995 6995 6994 6994 6994]		
1180.665	1.3547499999999673	epochs															maze_arm	89.0
1182.0355	5.1749999999999545	epochs															feedback_and_iti	89.0
1182.0355	0.9862500000001546	epochs															feedback_delay	89.0
1183.0395	1.9949999999998909	epochs															feedback	89.0
1185.22225	1.98824999999988	epochs															iti	89.0
1187.229	6.239749999999958	epochs															maze	90.0
1187.229	4.9497499999999945	epochs															maze_stem	90.0
1187.249	11.417249999999967	trials	False	True	False	True	True	True	[0.91222066 0.08777937 0.04760412 0.95239592]	0.8646165374666452	0.04017525352537632	0.43230827152729034	0.020087644457817078	0.9523959159851074	[7027 7027 7027 7026 7026]	[7063 7063 7063 7063 7063]		
1192.1985	1.2702500000000327	epochs															maze_arm	90.0
1193.4845	5.161000000000058	epochs															feedback_and_iti	90.0
1193.4845	0.9852499999999509	epochs															feedback_delay	90.0
1194.486	1.9902499999998327	epochs															feedback	90.0
1196.662	1.9835000000000491	epochs															iti	90.0
1198.66625	6.542750000000069	epochs															maze	91.0
1198.66625	5.034249999999929	epochs															maze_stem	91.0
1198.68975	11.705500000000029	trials	False	True	False	True	True	True	[0.90731448 0.09268545 0.0462987  0.95370132]	0.8610158246010542	0.04638679139316082	0.43050793558359146	0.02319338172674179	0.9537013173103333	[7096 7095 7095 7095 7095]	[7134 7134 7133 7133 7133]		
1203.7205	1.4885000000001583	epochs															maze_arm	91.0
1205.2245	5.1502499999999145	epochs															feedback_and_iti	91.0
1205.2245	0.9849999999999	epochs															feedback_delay	91.0
1206.22575	1.9877500000000055	epochs															feedback	91.0
1208.3875	1.9872499999999036	epochs															iti	91.0
1210.39525	7.790749999999889	epochs															maze	92.0
1210.39525	6.293999999999869	epochs															maze_stem	92.0
1210.416	12.979250000000093	trials	False	True	False	True	True	True	[0.90563059 0.09436945 0.04625253 0.95374751]	0.8593780621886253	0.04811692237854004	0.42968903109431267	0.024058479815721512	0.9537475109100342	[7166 7166 7165 7165 7165]	[7212 7211 7211 7211 7211]		
1216.709	1.4769999999998618	epochs															maze_arm	92.0
1218.20325	5.171499999999924	epochs															feedback_and_iti	92.0
1218.20325	1.000250000000051	epochs															feedback_delay	92.0
1219.22175	1.9715000000001055	epochs															feedback	92.0
1221.38175	1.9929999999999382	epochs															iti	92.0
1223.39525	6.127250000000004	epochs															maze	93.0
1223.39525	4.636500000000069	epochs															maze_stem	93.0
1223.416	11.300250000000005	trials	False	True	False	True	True	True	[0.90403718 0.09596284 0.04628023 0.95371974]	0.8577569220215082	0.049682581797242165	0.42887844890356064	0.02484128624200821	0.9537197351455688	[7244 7244 7243 7243 7243]	[7280 7279 7279 7279 7279]		
1228.05125	1.4712500000000546	epochs															maze_arm	93.0
1229.53975	5.156000000000176	epochs															feedback_and_iti	93.0
1229.53975	0.984000000000151	epochs															feedback_delay	93.0
1230.54225	1.9880000000000564	epochs															feedback	93.0
1232.70925	1.9864999999999782	epochs															iti	93.0
1234.71625	6.417500000000018	epochs															maze	94.0
1234.71625	5.098750000000109	epochs															maze_stem	94.0
1234.7355	11.609750000000076	trials	False	True	False	False	False	True	[0.90242517 0.09757477 0.04632549 0.95367455]	0.8560997303575277	0.05124933086335659	0.4280498381704092	-0.02562466822564602	0.9024251699447632	[7312 7312 7311 7311 7311]	[7349 7349 7349 7349 7348]		
1239.834	1.2997499999999036	epochs															maze_arm	94.0
1241.1505	5.173250000000053	epochs															feedback_and_iti	94.0
1241.1505	0.9922500000000127	epochs															feedback_delay	94.0
1242.16025	1.987500000000182	epochs															feedback	94.0
1244.33025	1.99350000000004	epochs															iti	94.0
1246.34525	6.396499999999833	epochs															maze	95.0
1246.34525	4.920749999999998	epochs															maze_stem	95.0
1246.36625	11.578500000000076	trials	False	True	False	True	True	True	[0.93366867 0.06633133 0.06762134 0.93237865]	0.8660473264753819	-0.001290012151002884	0.4330236576497555	-0.0006450079381465912	0.9323786497116089	[7381 7381 7381 7381 7381]	[7419 7419 7418 7418 7418]		
1251.28375	1.4579999999998563	epochs															maze_arm	95.0
1252.75925	5.164749999999913	epochs															feedback_and_iti	95.0
1252.75925	0.9990000000000236	epochs															feedback_delay	95.0
1253.77425	1.984000000000151	epochs															feedback	95.0
1255.93825	1.9857500000000528	epochs															iti	95.0
1257.94475	6.354249999999865	epochs															maze	96.0
1257.94475	5.121249999999918	epochs															maze_stem	96.0
1257.965	11.532249999999976	trials	False	True	False	False	False	True	[0.91160345 0.08839651 0.04734661 0.95265335]	0.8642568364739418	0.04104989767074585	0.4321284182369709	-0.020524967461824417	0.9116034507751465	[7451 7451 7451 7450 7450]	[7488 7488 7488 7488 7487]		
1263.084	1.2149999999999181	epochs															maze_arm	96.0
1264.31625	5.160750000000007	epochs															feedback_and_iti	96.0
1264.31625	0.9864999999999782	epochs															feedback_delay	96.0
1265.32075	1.978249999999889	epochs															feedback	96.0
1267.4955	1.9815000000000964	epochs															iti	96.0
1269.49725	6.615500000000111	epochs															maze	97.0
1269.49725	5.368750000000091	epochs															maze_stem	97.0
1269.51725	11.794499999999971	trials	False	True	False	False	False	True	[0.93891084 0.06108913 0.06714915 0.93285084]	0.8717616964131594	-0.006060013547539711	0.4358808435499668	0.003029998391866684	0.9389108419418335	[7520 7520 7520 7520 7519]	[7559 7559 7559 7558 7558]		
1274.88425	1.22849999999994	epochs															maze_arm	97.0
1276.1285	5.163000000000011	epochs															feedback_and_iti	97.0
1276.1285	0.9845000000000255	epochs															feedback_delay	97.0
1277.12925	1.9835000000000491	epochs															feedback	97.0
1279.30425	1.987250000000131	epochs															iti	97.0
1281.31175	5.766499999999951	epochs															maze	98.0
1281.31175	4.673499999999876	epochs															maze_stem	98.0
1281.33	10.94925000000012	trials	False	True	False	False	False	True	[0.94090843 0.05909152 0.06811154 0.9318884 ]	0.8727968856692314	-0.009020023047924042	0.436398446559906	0.004509985446929932	0.9409084320068359	[7591 7591 7591 7590 7590]	[7625 7624 7624 7624 7624]		
1286.005	1.0732499999999163	epochs															maze_arm	98.0
1287.0955	5.163999999999987	epochs															feedback_and_iti	98.0
1287.0955	0.9827500000001237	epochs															feedback_delay	98.0
1288.096	1.9839999999999236	epochs															feedback	98.0
1290.26025	1.9992499999998472	epochs															iti	98.0
1292.27925	5.8599999999999	epochs															maze	99.0
1292.27925	4.596499999999878	epochs															maze_stem	99.0
1292.3	11.045000000000073	trials	False	True	False	False	False	True	[0.93910497 0.06089496 0.06822016 0.93177986]	0.870884858071804	-0.007325157523155212	0.43544240668416023	0.003662567585706711	0.9391049742698669	[7657 7657 7656 7656 7656]	[7691 7691 7691 7690 7690]		
1296.89575	1.24350000000004	epochs															maze_arm	99.0
1298.16575	5.160250000000133	epochs															feedback_and_iti	99.0
1298.16575	0.9920000000001892	epochs															feedback_delay	99.0
1299.17375	1.9782500000001164	epochs															feedback	99.0
1301.3295	1.996499999999969	epochs															iti	99.0
1303.345	7.506750000000011	epochs															maze	100.0
1303.345	5.605749999999944	epochs															maze_stem	100.0
1303.3635	14.539250000000038	trials	False	False	True	True	True	False	[0.93739843 0.06260152 0.06841388 0.93158615]	0.8689845874905586	-0.005812324583530426	0.4344923123717308	-0.0029061660170555115	0.9315861463546753	[7723 7723 7723 7723 7722]	[7767 7767 7767 7767 7766]		
1308.9685	1.8832500000000891	epochs															maze_arm	100.0
1310.8685	7.013999999999896	epochs															feedback_and_iti	100.0
1310.8685	0.9855000000000018	epochs															feedback_delay	100.0
1311.87075	1.9909999999999854	epochs															feedback	100.0
1313.89475	3.9877500000000055	epochs															iti	100.0
1317.90275	5.754249999999956	epochs															maze	101.0
1317.90275	4.242999999999938	epochs															maze_stem	101.0
1317.925	10.952750000000151	trials	True	False	False	True	False	True	[0.84121639 0.1587836  0.11752999 0.88247001]	0.7236864045262337	0.04125361889600754	-0.36184319853782654	-0.020626813173294067	0.1175299882888794	[7810 7810 7810 7810 7810]	[7844 7844 7844 7843 7843]		
1322.1665	1.4904999999998836	epochs															maze_arm	101.0
1323.67875	5.1784999999999854	epochs															feedback_and_iti	101.0
1323.67875	0.9852499999999509	epochs															feedback_delay	101.0
1324.68425	1.9864999999999782	epochs															feedback	101.0
1326.859	1.9982500000000982	epochs															iti	101.0
1328.87775	6.042249999999967	epochs															maze	102.0
1328.87775	4.577499999999873	epochs															maze_stem	102.0
1328.89825	11.228749999999991	trials	True	False	False	False	True	True	[0.96295685 0.03704317 0.12781495 0.87218505]	0.8351418878883123	-0.09077178500592709	-0.4175709392875433	-0.04538588784635067	0.03704317286610603	[7876 7876 7876 7876 7875]	[7912 7911 7911 7911 7911]		
1333.475	1.4450000000001637	epochs															maze_arm	102.0
1334.94025	5.16924999999992	epochs															feedback_and_iti	102.0
1334.94025	0.9839999999999236	epochs															feedback_delay	102.0
1335.94475	1.9859999999998763	epochs															feedback	102.0
1338.12425	1.9852499999999509	epochs															iti	102.0
1340.127	5.573750000000018	epochs															maze	103.0
1340.127	4.264499999999998	epochs															maze_stem	103.0
1340.14775	10.750999999999976	trials	False	False	False	True	False	True	[0.84562242 0.15437761 0.07627456 0.92372537]	0.7693478092551231	0.07810299843549728	-0.38467393070459366	-0.03905151039361954	0.0762745589017868	[7944 7944 7943 7943 7943]	[7976 7976 7976 7976 7975]		
1344.40925	1.2915000000000418	epochs															maze_arm	103.0
1345.7175	5.160750000000007	epochs															feedback_and_iti	103.0
1345.7175	0.9850000000001273	epochs															feedback_delay	103.0
1346.71925	1.9862499999999272	epochs															feedback	103.0
1348.8825	1.9957500000000437	epochs															iti	103.0
1350.89875	6.458499999999958	epochs															maze	104.0
1350.89875	4.969499999999925	epochs															maze_stem	104.0
1350.919	13.486499999999978	trials	False	False	False	False	False	False	[0.94607997 0.05392003 0.16421916 0.83578086]	0.7818608209490776	-0.11029911786317825	0.3909304067492485	0.055149562656879425	0.9460799694061279	[8008 8008 8008 8008 8007]	[8046 8046 8046 8045 8045]		
1355.88675	1.4705000000001291	epochs															maze_arm	104.0
1357.37825	7.007250000000113	epochs															feedback_and_iti	104.0
1357.37825	0.9867500000000291	epochs															feedback_delay	104.0
1358.38575	1.9737500000001091	epochs															feedback	104.0
1360.4015	3.984000000000151	epochs															iti	104.0
1364.4055	6.450249999999869	epochs															maze	105.0
1364.4055	4.817749999999933	epochs															maze_stem	105.0
1364.42525	13.471749999999929	trials	False	False	False	False	False	False	[0.82675403 0.17324592 0.31944948 0.68055046]	0.5073045417666435	-0.14620357006788254	0.25365227460861206	0.07310175895690918	0.8267540335655212	[8089 8089 8089 8089 8088]	[8127 8127 8127 8126 8126]		
1369.24275	1.6130000000000564	epochs															maze_arm	105.0
1370.8765	7.001749999999902	epochs															feedback_and_iti	105.0
1370.8765	0.9902499999998327	epochs															feedback_delay	105.0
1371.889	1.9675000000002	epochs															feedback	105.0
1373.89475	3.983500000000049	epochs															iti	105.0
1377.897	7.176500000000033	epochs															maze	106.0
1377.897	5.317999999999984	epochs															maze_stem	106.0
1377.916	14.21225000000004	trials	False	False	False	True	True	False	[0.79241616 0.2075838  0.37695569 0.62304437]	0.4154605194926262	-0.1693718358874321	0.20773028582334518	-0.08468591421842575	0.6230443716049194	[8170 8170 8170 8170 8169]	[8212 8212 8212 8212 8211]		
1383.23125	1.8422499999999218	epochs															maze_arm	106.0
1385.09175	7.015249999999924	epochs															feedback_and_iti	106.0
1385.09175	0.9835000000000491	epochs															feedback_delay	106.0
1386.09375	1.9855000000000018	epochs															feedback	106.0
1388.1145	3.9925000000000637	epochs															iti	106.0
1392.12825	8.79275000000007	epochs															maze	107.0
1392.12825	6.586749999999938	epochs															maze_stem	107.0
1392.1485	15.835250000000087	trials	True	False	False	False	False	False	[0.67831844 0.32168159 0.29481712 0.70518285]	0.3835012912750244	0.026864439249038696	0.1917506605386734	-0.013432219624519348	0.678318440914154	[8255 8255 8255 8255 8255]	[8307 8307 8307 8307 8306]		
1398.73275	2.188250000000153	epochs															maze_arm	107.0
1400.94175	7.017000000000053	epochs															feedback_and_iti	107.0
1400.94175	0.9835000000000491	epochs															feedback_delay	107.0
1401.94575	1.990000000000009	epochs															feedback	107.0
1403.97275	3.9860000000001037	epochs															iti	107.0
1407.98375	7.680249999999887	epochs															maze	108.0
1407.98375	5.961499999999887	epochs															maze_stem	108.0
1408.0075	14.743750000000091	trials	False	False	False	False	False	False	[0.74760157 0.25239843 0.49059165 0.5094083 ]	0.257009893655777	-0.23819324374198914	0.12850496172904968	0.11909660696983337	0.7476015686988831	[8351 8350 8350 8350 8350]	[8396 8395 8395 8395 8395]		
1413.96575	1.6982499999999163	epochs															maze_arm	108.0
1415.6835	7.047749999999951	epochs															feedback_and_iti	108.0
1415.6835	0.9937499999998636	epochs															feedback_delay	108.0
1416.69975	1.9782500000001164	epochs															feedback	108.0
1418.72425	4.007000000000062	epochs															iti	108.0
1422.75125	12.150499999999965	epochs															maze	109.0
1422.75125	9.821249999999964	epochs															maze_stem	109.0
1422.771	19.18925000000013	trials	True	False	False	True	True	False	[0.72814649 0.27185351 0.52133101 0.47866899]	0.20681548118591309	-0.24947750568389893	0.10340774059295654	-0.12473875284194946	0.4786689877510071	[8439 8439 8439 8438 8438]	[8511 8511 8511 8510 8510]		
1432.592	2.3097499999998945	epochs															maze_arm	109.0
1434.92225	7.018249999999853	epochs															feedback_and_iti	109.0
1434.92225	0.9902499999998327	epochs															feedback_delay	109.0
1435.93225	1.9827499999998963	epochs															feedback	109.0
1437.95125	3.9892499999998563	epochs															iti	109.0
1441.96025	6.014499999999998	epochs															maze	110.0
1441.96025	4.542749999999842	epochs															maze_stem	110.0
1441.977	11.194499999999834	trials	False	False	False	True	False	True	[0.56842083 0.43157917 0.3817715  0.6182285 ]	0.18664932250976562	0.04980766773223877	-0.09332466125488281	-0.024903833866119385	0.3817715048789978	[8554 8554 8554 8554 8553]	[8589 8589 8589 8589 8589]		
1446.52125	1.4535000000000764	epochs															maze_arm	110.0
1447.99275	5.160000000000082	epochs															feedback_and_iti	110.0
1447.99275	0.9835000000000491	epochs															feedback_delay	110.0
1448.99425	1.99350000000004	epochs															feedback	110.0
1451.16925	1.9835000000000491	epochs															iti	110.0
1453.1715	7.344749999999976	epochs															maze	111.0
1453.1715	5.86525000000006	epochs															maze_stem	111.0
1453.18825	14.376500000000078	trials	False	False	False	True	True	False	[0.70463192 0.29536808 0.59830481 0.40169516]	0.1063271015882492	-0.30293674767017365	0.053163543343544006	-0.15146838128566742	0.4016951620578766	[8621 8621 8621 8621 8621]	[8665 8664 8664 8664 8664]		
1459.05525	1.4610000000000127	epochs															maze_arm	111.0
1460.5315	7.014750000000049	epochs															feedback_and_iti	111.0
1460.5315	0.984749999999849	epochs															feedback_delay	111.0
1461.533	1.987250000000131	epochs															feedback	111.0
1463.55425	3.992000000000189	epochs															iti	111.0
1467.56475	6.307999999999993	epochs															maze	112.0
1467.56475	4.99025000000006	epochs															maze_stem	112.0
1467.5815	11.502999999999929	trials	False	False	False	True	False	True	[0.54892534 0.45107463 0.45325336 0.54674667]	0.09567201137542725	-0.002178698778152466	-0.04783599078655243	0.001089349389076233	0.4532533586025238	[8708 8708 8707 8707 8707]	[8745 8744 8744 8744 8744]		
1472.573	1.2997499999999036	epochs															maze_arm	112.0
1473.88925	5.177000000000135	epochs															feedback_and_iti	112.0
1473.88925	0.9860000000001037	epochs															feedback_delay	112.0
1474.893	1.9855000000000018	epochs															feedback	112.0
1477.071	1.9952500000001692	epochs															iti	112.0
1479.0845	6.367750000000115	epochs															maze	113.0
1479.0845	4.886500000000069	epochs															maze_stem	113.0
1479.10375	11.57400000000007	trials	True	False	False	True	False	True	[0.6829319  0.31706807 0.71369076 0.28630921]	-0.03075885772705078	-0.3966226875782013	0.01537942886352539	0.19831132888793945	0.7136907577514648	[8777 8777 8776 8776 8776]	[8814 8814 8814 8813 8813]		
1483.989	1.4632500000000164	epochs															maze_arm	113.0
1485.4725	5.18425000000002	epochs															feedback_and_iti	113.0
1485.4725	0.9902499999998327	epochs															feedback_delay	113.0
1486.48175	1.9862500000001546	epochs															feedback	113.0
1488.65775	1.9990000000000236	epochs															iti	113.0
1490.67775	7.270499999999856	epochs															maze	114.0
1490.67775	5.2967499999999745	epochs															maze_stem	114.0
1490.69975	12.455249999999978	trials	False	False	False	False	True	True	[0.70682573 0.29317424 0.82792246 0.17207749]	-0.12109673768281937	-0.5347482338547707	0.06054837256669998	-0.2673741355538368	0.29317423701286316	[8846 8846 8846 8846 8846]	[8889 8889 8889 8888 8888]		
1495.9945	1.9537499999999	epochs															maze_arm	114.0
1497.96925	5.161499999999933	epochs															feedback_and_iti	114.0
1497.96925	0.9904999999998836	epochs															feedback_delay	114.0
1498.9815	1.9764999999999873	epochs															feedback	114.0
1501.13775	1.9929999999999382	epochs															iti	114.0
1503.155	7.636999999999944	epochs															maze	115.0
1503.155	5.965750000000071	epochs															maze_stem	115.0
1503.1785	12.829500000000053	trials	False	False	False	False	True	True	[0.29742828 0.70257175 0.71991658 0.28008336]	-0.42248834669589996	-0.017344877123832703	0.21124419569969177	-0.008672446012496948	0.7025717496871948	[8921 8921 8921 8921 8920]	[8966 8966 8966 8965 8965]		
1509.139	1.65300000000002	epochs															maze_arm	115.0
1510.813	5.1749999999999545	epochs															feedback_and_iti	115.0
1510.813	0.9949999999998909	epochs															feedback_delay	115.0
1511.8295	1.9739999999999327	epochs															feedback	115.0
1513.9995	1.9885000000001583	epochs															iti	115.0
1516.008	5.9347499999998945	epochs															maze	116.0
1516.008	4.595249999999851	epochs															maze_stem	116.0
1516.02775	11.130750000000035	trials	False	False	False	False	True	True	[0.15528345 0.84471655 0.66695619 0.33304381]	-0.5116727352142334	0.17776036262512207	0.2558363676071167	0.08888018131256104	0.8447165489196777	[8998 8998 8998 8998 8997]	[9033 9033 9032 9032 9032]		
1520.623	1.3197499999998854	epochs															maze_arm	116.0
1521.9635	5.175999999999931	epochs															feedback_and_iti	116.0
1521.9635	0.9959999999998672	epochs															feedback_delay	116.0
1522.981	1.9729999999999563	epochs															feedback	116.0
1525.145	1.9945000000000164	epochs															iti	116.0
1527.1585	6.694999999999936	epochs															maze	117.0
1527.1585	5.408750000000055	epochs															maze_stem	117.0
1527.1765	11.865000000000009	trials	False	False	False	True	False	True	[0.10393406 0.89606589 0.62836862 0.37163138]	-0.5244345292448997	0.2676972970366478	0.26221727579832077	-0.1338486596941948	0.628368616104126	[9065 9065 9065 9064 9064]	[9104 9104 9104 9104 9103]		
1532.58375	1.2697499999999309	epochs															maze_arm	117.0
1533.87775	5.143249999999853	epochs															feedback_and_iti	117.0
1533.87775	0.9759999999998854	epochs															feedback_delay	117.0
1534.8705	1.9864999999999782	epochs															feedback	117.0
1537.04025	1.9807499999999436	epochs															iti	117.0
1539.0415	5.980499999999893	epochs															maze	118.0
1539.0415	4.777499999999918	epochs															maze_stem	118.0
1539.06225	13.00825000000009	trials	False	False	False	False	False	False	[0.16724271 0.83275729 0.84602076 0.15397926]	-0.6787780448794365	-0.013263456523418427	-0.33938902616500854	0.006631731986999512	0.16724270582199097	[9136 9136 9136 9136 9136]	[9171 9171 9171 9171 9170]		
1543.8375	1.1844999999998436	epochs															maze_arm	118.0
1545.044	7.005499999999984	epochs															feedback_and_iti	118.0
1545.044	0.9872499999999036	epochs															feedback_delay	118.0
1546.053	1.9712499999998272	epochs															feedback	118.0
1548.06325	3.9862500000001546	epochs															iti	118.0
1552.0705	5.80399999999986	epochs															maze	119.0
1552.0705	4.4067499999998745	epochs															maze_stem	119.0
1552.0885	10.987999999999829	trials	True	False	False	True	False	True	[0.45222792 0.54777211 0.83455491 0.16544507]	-0.38232701271772385	-0.2867828235030174	0.19116349518299103	0.143391415476799	0.83455491065979	[9214 9214 9214 9214 9214]	[9248 9248 9248 9248 9247]		
1556.4975	1.3769999999999527	epochs															maze_arm	119.0
1557.89475	5.16274999999996	epochs															feedback_and_iti	119.0
1557.89475	0.9887499999999818	epochs															feedback_delay	119.0
1558.905	1.986750000000029	epochs															feedback	119.0
1561.08225	1.97524999999996	epochs															iti	119.0
1563.0765	6.1440000000000055	epochs															maze	120.0
1563.0765	4.491250000000036	epochs															maze_stem	120.0
1563.0945	11.315500000000156	trials	False	False	False	True	False	True	[0.40922862 0.59077144 0.88359427 0.1164057 ]	-0.474365696310997	-0.2928228825330734	0.2371828258037567	0.1464114487171173	0.883594274520874	[9280 9280 9280 9280 9280]	[9316 9316 9316 9316 9316]		
1567.5845	1.6359999999999673	epochs															maze_arm	120.0
1569.2365	5.151749999999993	epochs															feedback_and_iti	120.0
1569.2365	1.0	epochs															feedback_delay	120.0
1570.2545	1.96875	epochs															feedback	120.0
1572.399	1.9892500000000837	epochs															iti	120.0
1574.41	8.02924999999982	epochs															maze	121.0
1574.41	5.8599999999999	epochs															maze_stem	121.0
1574.43075	13.209499999999935	trials	False	False	False	False	True	True	[0.37336189 0.62663811 0.9114114  0.08858858]	-0.5380495265126228	-0.2847732976078987	0.2690247669816017	-0.14238665252923965	0.6266381144523621	[9348 9348 9348 9348 9348]	[9396 9395 9395 9395 9395]		
1580.29225	2.1469999999999345	epochs															maze_arm	121.0
1582.4605	5.161250000000109	epochs															feedback_and_iti	121.0
1582.4605	0.99025000000006	epochs															feedback_delay	121.0
1583.473	1.9764999999999873	epochs															feedback	121.0
1585.63075	1.9909999999999854	epochs															iti	121.0
1587.64025	6.230750000000171	epochs															maze	122.0
1587.64025	5.084250000000111	epochs															maze_stem	122.0
1587.66025	13.271000000000186	trials	False	False	False	False	False	False	[0.18609788 0.81390208 0.86688155 0.13311844]	-0.6807836592197418	-0.05297945439815521	-0.3403918370604515	0.026489712297916412	0.1860978752374649	[9428 9427 9427 9427 9427]	[9464 9464 9464 9464 9463]		
1592.744	1.12700000000018	epochs															maze_arm	122.0
1593.89175	7.02150000000006	epochs															feedback_and_iti	122.0
1593.89175	0.9900000000000091	epochs															feedback_delay	122.0
1594.9035	1.984000000000151	epochs															feedback	122.0
1596.92875	3.9845000000000255	epochs															iti	122.0
1600.93125	6.256750000000011	epochs															maze	123.0
1600.93125	4.892999999999802	epochs															maze_stem	123.0
1600.95525	11.42450000000008	trials	False	False	False	True	False	True	[0.47217998 0.52782005 0.86400461 0.13599533]	-0.3918246775865555	-0.3361846059560776	0.19591231644153595	0.1680922955274582	0.8640046119689941	[9507 9507 9507 9507 9507]	[9544 9544 9544 9543 9543]		
1605.841	1.3470000000002074	epochs															maze_arm	123.0
1607.205	5.152250000000095	epochs															feedback_and_iti	123.0
1607.205	0.9852500000001783	epochs															feedback_delay	123.0
1608.2075	1.987250000000131	epochs															feedback	123.0
1610.37225	1.9850000000001273	epochs															iti	123.0
1612.37975	6.6157499999999345	epochs															maze	124.0
1612.37975	5.29424999999992	epochs															maze_stem	124.0
1612.4025	11.813750000000027	trials	False	False	False	False	True	True	[0.46631649 0.53368348 0.92165309 0.07834697]	-0.4553365558385849	-0.38796956837177277	0.22766825556755066	-0.1939847767353058	0.5336834788322449	[9576 9576 9576 9575 9575]	[9615 9615 9614 9614 9614]		
1617.69375	1.3017500000000837	epochs															maze_arm	124.0
1619.01675	5.176750000000084	epochs															feedback_and_iti	124.0
1619.01675	0.9839999999999236	epochs															feedback_delay	124.0
1620.02325	1.9895000000001346	epochs															feedback	124.0
1622.199	1.9945000000000164	epochs															iti	124.0
1624.21625	7.553750000000036	epochs															maze	125.0
1624.21625	6.100000000000136	epochs															maze_stem	125.0
1624.233	12.736000000000104	trials	False	False	False	True	False	True	[0.21568447 0.78431559 0.86215502 0.13784501]	-0.6464705616235733	-0.0778394490480423	0.32323527336120605	0.03891974687576294	0.862155020236969	[9647 9647 9647 9646 9646]	[9691 9691 9691 9691 9691]		
1630.3325	1.4375	epochs															maze_arm	125.0
1631.795	5.153249999999844	epochs															feedback_and_iti	125.0
1631.795	0.9912500000000364	epochs															feedback_delay	125.0
1632.804	1.9702499999998508	epochs															feedback	125.0
1634.95275	1.9954999999999927	epochs															iti	125.0
1636.969	6.369999999999891	epochs															maze	126.0
1636.969	5.105499999999893	epochs															maze_stem	126.0
1636.9855	11.55275000000006	trials	False	False	False	True	False	True	[0.32961461 0.67038536 0.93076199 0.06923798]	-0.6011473834514618	-0.26037663221359253	0.3005736917257309	0.13018830120563507	0.930761992931366	[9723 9723 9723 9723 9723]	[9761 9760 9760 9760 9760]		
1642.091	1.2480000000000473	epochs															maze_arm	126.0
1643.356	5.164999999999964	epochs															feedback_and_iti	126.0
1643.356	0.9849999999999	epochs															feedback_delay	126.0
1644.3585	1.9877500000000055	epochs															feedback	126.0
1646.53625	1.984749999999849	epochs															iti	126.0
1648.53825	6.557999999999993	epochs															maze	127.0
1648.53825	5.139999999999873	epochs															maze_stem	127.0
1648.55925	11.74675000000002	trials	False	False	False	True	False	True	[0.3264882  0.6735118  0.93871456 0.06128537]	-0.612226402387023	-0.26520279608666897	0.30611318349838257	0.13260138034820557	0.9387145638465881	[9793 9793 9792 9792 9792]	[9831 9831 9831 9831 9830]		
1653.69625	1.400000000000091	epochs															maze_arm	127.0
1655.113	5.173999999999978	epochs															feedback_and_iti	127.0
1655.113	0.984749999999849	epochs															feedback_delay	127.0
1656.11575	1.98700000000008	epochs															feedback	127.0
1658.2925	1.9945000000000164	epochs															iti	127.0
1660.306	16.295749999999998	epochs															maze	128.0
1660.306	13.930749999999989	epochs															maze_stem	128.0
1660.325	21.469749999999976	trials	False	False	False	True	False	True	[0.31606561 0.68393439 0.94317365 0.05682633]	-0.6271080486476421	-0.2592392675578594	0.3135540187358856	0.12961962819099426	0.9431736469268799	[9863 9863 9863 9863 9863]	[9960 9960 9960 9960 9959]		
1674.255	2.346749999999929	epochs															maze_arm	128.0
1676.61875	5.153749999999945	epochs															feedback_and_iti	128.0
1676.61875	0.9844999999997981	epochs															feedback_delay	128.0
1677.62	1.986750000000029	epochs															feedback	128.0
1679.79275	1.9797499999999673	epochs															iti	128.0
1681.79475	7.138500000000022	epochs															maze	129.0
1681.79475	5.782750000000078	epochs															maze_stem	129.0
1681.815	14.160750000000007	trials	True	False	False	False	False	False	[0.30775416 0.69224584 0.94572008 0.05427992]	-0.6379659175872803	-0.25347423553466797	-0.31898295879364014	0.12673711776733398	0.30775415897369385	[9992 9992 9992 9992 9991]	[10034 10034 10034 10033 10033]		
1687.5965	1.3367499999999382	epochs															maze_arm	129.0
1688.954	7.001999999999953	epochs															feedback_and_iti	129.0
1688.954	0.9835000000000491	epochs															feedback_delay	129.0
1689.95825	1.9757500000000618	epochs															feedback	129.0
1691.97075	3.985249999999951	epochs															iti	129.0
1695.97575	6.391750000000002	epochs															maze	130.0
1695.97575	4.81899999999996	epochs															maze_stem	130.0
1695.997	13.429499999999962	trials	True	False	False	False	False	False	[0.65595925 0.34404078 0.93860126 0.06139879]	-0.282642001286149	-0.5945604685693979	-0.14132100343704224	0.2972802519798279	0.6559592485427856	[10077 10077 10077 10077 10076]	[10115 10114 10114 10114 10114]		
1700.81475	1.55275000000006	epochs															maze_arm	130.0
1702.38625	7.018499999999904	epochs															feedback_and_iti	130.0
1702.38625	0.9804999999998927	epochs															feedback_delay	130.0
1703.3865	1.9959999999998672	epochs															feedback	130.0
1705.4195	3.985249999999951	epochs															iti	130.0
1709.4265	5.69399999999996	epochs															maze	131.0
1709.4265	4.167999999999893	epochs															maze_stem	131.0
1709.44875	10.893000000000029	trials	True	False	False	False	True	True	[0.74398845 0.25601155 0.93311971 0.06688029]	-0.1891312561929226	-0.6771081648766994	0.09456562623381615	-0.3385540805757046	0.2560115456581116	[10158 10158 10157 10157 10157]	[10191 10191 10191 10190 10190]		
1713.615	1.5054999999999836	epochs															maze_arm	131.0
1715.14	5.170999999999822	epochs															feedback_and_iti	131.0
1715.14	0.9842499999999745	epochs															feedback_delay	131.0
1716.14575	1.9877500000000055	epochs															feedback	131.0
1718.321	1.990000000000009	epochs															iti	131.0
1720.34175	6.363000000000056	epochs															maze	132.0
1720.34175	4.680749999999989	epochs															maze_stem	132.0
1720.36475	11.552249999999958	trials	False	False	False	False	True	True	[0.41113737 0.5888626  0.89069986 0.10930013]	-0.4795624800026417	-0.3018372543156147	0.2397812344133854	-0.1509186364710331	0.5888625979423523	[10223 10223 10223 10223 10223]	[10261 10260 10260 10260 10260]		
1725.04075	1.6640000000002146	epochs															maze_arm	132.0
1726.72575	5.167500000000018	epochs															feedback_and_iti	132.0
1726.72575	0.9917499999999109	epochs															feedback_delay	132.0
1727.73775	1.97524999999996	epochs															feedback	132.0
1729.90575	1.987500000000182	epochs															iti	132.0
1731.917	6.332000000000107	epochs															maze	133.0
1731.917	4.873000000000047	epochs															maze_stem	133.0
1731.93775	11.525499999999965	trials	False	False	False	False	True	True	[0.19897658 0.80102342 0.8532927  0.14670733]	-0.6543161123991013	-0.05226926505565643	0.32715804874897003	-0.02613462507724762	0.8010234236717224	[10293 10293 10292 10292 10292]	[10330 10330 10329 10329 10329]		
1736.80975	1.4392500000001291	epochs															maze_arm	133.0
1738.2705	5.173749999999927	epochs															feedback_and_iti	133.0
1738.2705	0.98824999999988	epochs															feedback_delay	133.0
1739.28125	1.9680000000000746	epochs															feedback	133.0
1741.44975	1.9945000000000164	epochs															iti	133.0
1743.46325	7.092750000000024	epochs															maze	134.0
1743.46325	5.708000000000084	epochs															maze_stem	134.0
1743.48	12.276749999999993	trials	False	False	False	True	False	True	[0.13241623 0.86758381 0.82918161 0.17081839]	-0.6967654004693031	0.03840217739343643	0.34838268905878067	-0.01920107752084732	0.8291816115379333	[10362 10362 10362 10361 10361]	[10404 10403 10403 10403 10403]		
1749.188	1.3679999999999382	epochs															maze_arm	134.0
1750.5725	5.163749999999936	epochs															feedback_and_iti	134.0
1750.5725	0.9849999999999	epochs															feedback_delay	134.0
1751.57425	1.9885000000001583	epochs															feedback	134.0
1753.75075	1.9855000000000018	epochs															iti	134.0
1755.75675	6.350500000000011	epochs															maze	135.0
1755.75675	4.859750000000076	epochs															maze_stem	135.0
1755.77675	11.565000000000055	trials	False	False	False	False	True	True	[0.19504142 0.80495858 0.92119277 0.07880728]	-0.7261513248085976	-0.11623416095972061	0.3630756512284279	-0.05811706930398941	0.8049585819244385	[10436 10435 10435 10435 10435]	[10473 10473 10472 10472 10472]		
1760.636	1.4712500000000546	epochs															maze_arm	135.0
1762.128	5.194750000000113	epochs															feedback_and_iti	135.0
1762.128	0.9925000000000637	epochs															feedback_delay	135.0
1763.14275	1.9850000000001273	epochs															feedback	135.0
1765.32725	1.9954999999999927	epochs															iti	135.0
1767.34175	7.382499999999936	epochs															maze	136.0
1767.34175	5.51949999999988	epochs															maze_stem	136.0
1767.3615	12.581750000000056	trials	True	False	False	True	False	True	[0.13020851 0.86979145 0.88123232 0.1187677 ]	-0.751023780554533	-0.011440839618444443	0.37551190704107285	0.005720414221286774	0.8812323212623596	[10505 10505 10505 10505 10504]	[10548 10548 10548 10548 10548]		
1772.8805	1.84375	epochs															maze_arm	136.0
1774.74475	5.175499999999829	epochs															feedback_and_iti	136.0
1774.74475	0.98174999999992	epochs															feedback_delay	136.0
1775.74675	1.9972499999998945	epochs															feedback	136.0
1777.93525	1.9849999999999	epochs															iti	136.0
1779.94325	7.50649999999996	epochs															maze	137.0
1779.94325	5.3972499999999854	epochs															maze_stem	137.0
1779.966	12.708750000000009	trials	False	False	False	False	True	True	[0.16126724 0.83873272 0.93178213 0.06821792]	-0.7705148458480835	-0.09304936230182648	0.38525740057229996	-0.04652468115091324	0.8387327194213867	[10581 10580 10580 10580 10580]	[10625 10625 10624 10624 10624]		
1785.3605	2.0892499999999927	epochs															maze_arm	137.0
1787.471	5.183250000000044	epochs															feedback_and_iti	137.0
1787.471	0.9794999999999163	epochs															feedback_delay	137.0
1788.473	1.9862500000001546	epochs															feedback	137.0
1790.64625	2.008000000000038	epochs															iti	137.0
1792.67475	7.059750000000122	epochs															maze	138.0
1792.67475	5.644250000000056	epochs															maze_stem	138.0
1792.6915	12.245000000000118	trials	False	False	False	True	False	True	[0.1103631  0.88963693 0.90089393 0.09910613]	-0.7905308194458485	-0.011256981641054153	0.3952654153108597	0.005628511309623718	0.9008939266204834	[10657 10657 10657 10656 10656]	[10698 10698 10698 10698 10698]		
1798.33575	1.3987500000000637	epochs															maze_arm	138.0
1799.75175	5.160750000000007	epochs															feedback_and_iti	138.0
1799.75175	1.000250000000051	epochs															feedback_delay	138.0
1800.76875	1.9677500000000236	epochs															feedback	138.0
1802.92525	1.9872499999999036	epochs															iti	138.0
1804.9365	6.89975000000004	epochs															maze	139.0
1804.9365	5.276249999999891	epochs															maze_stem	139.0
1804.958	12.080749999999853	trials	False	False	False	False	True	True	[0.15487574 0.84512424 0.94095474 0.0590452 ]	-0.7860790267586708	-0.0958305224776268	0.3930395245552063	-0.04791527986526489	0.8451242446899414	[10731 10730 10730 10730 10730]	[10771 10771 10771 10770 10770]		
1810.2325	1.603749999999991	epochs															maze_arm	139.0
1811.857	5.164999999999964	epochs															feedback_and_iti	139.0
1811.857	0.9802500000000691	epochs															feedback_delay	139.0
1812.85925	1.9807499999999436	epochs															feedback	139.0
1815.03025	1.9917499999999109	epochs															iti	139.0
1817.03875	7.329250000000002	epochs															maze	140.0
1817.03875	5.9252500000000055	epochs															maze_stem	140.0
1817.057	12.513999999999896	trials	False	False	False	True	False	True	[0.1147088  0.88529122 0.91622543 0.08377454]	-0.8015166558325291	-0.03093424066901207	0.4007583148777485	0.015467118471860886	0.9162254333496094	[10803 10803 10803 10802 10802]	[10846 10846 10846 10845 10845]		
1822.981	1.3869999999999436	epochs															maze_arm	140.0
1824.38425	5.168249999999944	epochs															feedback_and_iti	140.0
1824.38425	1.0	epochs															feedback_delay	140.0
1825.40175	1.9664999999999964	epochs															feedback	140.0
1827.557	1.9954999999999927	epochs															iti	140.0
1829.571	9.050500000000056	epochs															maze	141.0
1829.571	7.568750000000136	epochs															maze_stem	141.0
1829.5885	14.235749999999825	trials	False	False	False	True	False	True	[0.14452595 0.85547411 0.94432968 0.05567034]	-0.7998037561774254	-0.08885558694601059	0.3999018669128418	0.04442781209945679	0.9443296790122986	[10878 10878 10878 10878 10877]	[10932 10931 10931 10931 10931]		
1837.1575	1.4639999999999418	epochs															maze_arm	141.0
1838.63675	5.167500000000018	epochs															feedback_and_iti	141.0
1838.63675	0.9862500000001546	epochs															feedback_delay	141.0
1839.6385	1.9877500000000055	epochs															feedback	141.0
1841.813	1.991249999999809	epochs															iti	141.0
1843.82425	7.716750000000047	epochs															maze	142.0
1843.82425	6.0307500000001255	epochs															maze_stem	142.0
1843.8425	14.753500000000031	trials	False	False	False	False	False	False	[0.14450042 0.85549957 0.9448266  0.05517335]	-0.8003262002021074	-0.08932705409824848	-0.40016309171915054	0.04466351121664047	0.14450041949748993	[10964 10963 10963 10963 10963]	[11009 11009 11009 11008 11008]		
1849.87525	1.665749999999889	epochs															maze_arm	142.0
1851.562	7.014000000000124	epochs															feedback_and_iti	142.0
1851.562	0.98050000000012	epochs															feedback_delay	142.0
1852.5645	1.984000000000151	epochs															feedback	142.0
1854.586	3.990000000000009	epochs															iti	142.0
1858.596	7.619999999999891	epochs															maze	143.0
1858.596	4.9525000000001	epochs															maze_stem	143.0
1858.616	12.817000000000007	trials	True	False	False	True	False	True	[0.42704579 0.57295424 0.9275583  0.07244176]	-0.50051249563694	-0.3546040505170822	0.2502562552690506	0.1773020476102829	0.9275583028793335	[11052 11052 11052 11052 11051]	[11097 11097 11097 11096 11096]		
1863.569	2.6469999999999345	epochs															maze_arm	143.0
1866.235	5.175500000000056	epochs															feedback_and_iti	143.0
1866.235	0.9832499999999982	epochs															feedback_delay	143.0
1867.2375	1.9907499999999345	epochs															feedback	143.0
1869.41125	1.9992499999998472	epochs															iti	143.0
1871.433	7.339999999999918	epochs															maze	144.0
1871.433	5.416500000000042	epochs															maze_stem	144.0
1871.45275	12.507749999999987	trials	True	False	False	False	True	True	[0.38450462 0.61549544 0.95418578 0.0458142 ]	-0.5696812067180872	-0.33869037963449955	0.28484062291681767	-0.16934517957270145	0.6154954433441162	[11129 11129 11129 11129 11128]	[11172 11172 11172 11172 11171]		
1876.8685	1.9044999999998709	epochs															maze_arm	144.0
1878.79175	5.1472499999999854	epochs															feedback_and_iti	144.0
1878.79175	0.9827499999998963	epochs															feedback_delay	144.0
1879.79475	1.98174999999992	epochs															feedback	144.0
1881.9475	1.9915000000000873	epochs															iti	144.0
1883.9605	6.366250000000036	epochs															maze	145.0
1883.9605	4.5190000000000055	epochs															maze_stem	145.0
1883.98225	13.405999999999949	trials	False	False	False	False	False	False	[0.1890287  0.81097132 0.92093116 0.07906885]	-0.7319024689495564	-0.10995984449982643	-0.365951232612133	0.05497992783784866	0.18902869522571564	[11204 11204 11204 11204 11204]	[11242 11241 11241 11241 11241]		
1888.4995	1.8272500000000491	epochs															maze_arm	145.0
1890.34825	7.021250000000009	epochs															feedback_and_iti	145.0
1890.34825	0.9857500000000528	epochs															feedback_delay	145.0
1891.3555	1.9815000000000964	epochs															feedback	145.0
1893.3755	3.9939999999999145	epochs															iti	145.0
1897.38825	6.6717499999999745	epochs															maze	146.0
1897.38825	4.407750000000078	epochs															maze_stem	146.0
1897.40825	11.848500000000058	trials	False	False	False	False	True	True	[0.46463287 0.53536713 0.90854013 0.09145989]	-0.4439072534441948	-0.37317299097776413	0.2219536229968071	-0.18658649176359177	0.5353671312332153	[11285 11285 11284 11284 11284]	[11324 11324 11323 11323 11323]		
1901.81575	2.2442499999999654	epochs															maze_arm	146.0
1904.0815	5.155250000000024	epochs															feedback_and_iti	146.0
1904.0815	0.9915000000000873	epochs															feedback_delay	146.0
1905.09425	1.9669999999998709	epochs															feedback	146.0
1907.259	1.9777500000000146	epochs															iti	146.0
1909.25675	7.403999999999996	epochs															maze	147.0
1909.25675	5.815249999999878	epochs															maze_stem	147.0
1909.2765	12.59375	trials	True	False	False	False	True	True	[0.19353701 0.806463   0.8842715  0.11572845]	-0.6907345242798328	-0.07780853286385536	0.34536727890372276	-0.03890427574515343	0.8064630031585693	[11356 11356 11356 11355 11355]	[11399 11399 11399 11399 11399]		
1915.091	1.5697500000001128	epochs															maze_arm	147.0
1916.68275	5.169250000000147	epochs															feedback_and_iti	147.0
1916.68275	0.9982500000000982	epochs															feedback_delay	147.0
1917.7025	1.9677499999997963	epochs															feedback	147.0
1919.86625	1.9857500000000528	epochs															iti	147.0
1921.87025	8.621499999999969	epochs															maze	148.0
1921.87025	6.650750000000016	epochs															maze_stem	148.0
1921.8865	13.80600000000004	trials	False	False	False	True	False	True	[0.1355893  0.8644107  0.86654848 0.13345149]	-0.7309591919183731	-0.002137795090675354	0.36547958850860596	0.00106889009475708	0.866548478603363	[11432 11431 11431 11431 11431]	[11482 11482 11482 11482 11482]		
1928.5375	1.9542500000000018	epochs															maze_arm	148.0
1930.5085	5.164250000000038	epochs															feedback_and_iti	148.0
1930.5085	0.9847500000000764	epochs															feedback_delay	148.0
1931.51075	1.9895000000001346	epochs															feedback	148.0
1933.6805	1.9922500000000127	epochs															iti	148.0
1935.6925	6.858499999999822	epochs															maze	149.0
1935.6925	5.070999999999913	epochs															maze_stem	149.0
1935.71325	12.030250000000024	trials	False	False	False	False	True	True	[0.18211862 0.81788141 0.93071598 0.06928407]	-0.7485973462462425	-0.11283456534147263	0.37429866939783096	-0.05641726404428482	0.8178814053535461	[11514 11514 11514 11514 11514]	[11555 11554 11554 11554 11554]		
1940.78375	1.7672499999998763	epochs															maze_arm	149.0
1942.57225	5.152749999999969	epochs															feedback_and_iti	149.0
1942.57225	0.9977499999999964	epochs															feedback_delay	149.0
1943.59	1.965249999999969	epochs															feedback	149.0
1945.7355	1.9894999999999072	epochs															iti	149.0
1947.7435	7.118249999999989	epochs															maze	150.0
1947.7435	5.84375	epochs															maze_stem	150.0
1947.7665	14.154999999999973	trials	False	False	False	False	False	False	[0.12544024 0.87455982 0.89624733 0.10375267]	-0.7708071209490299	-0.021687541157007217	-0.3854035437107086	0.010843783617019653	0.12544023990631104	[11587 11587 11586 11586 11586]	[11628 11628 11628 11628 11628]		
1953.607	1.2547500000000582	epochs															maze_arm	150.0
1954.88325	7.01949999999988	epochs															feedback_and_iti	150.0
1954.88325	0.9914999999998599	epochs															feedback_delay	150.0
1955.89625	1.975500000000011	epochs															feedback	150.0
1957.909	3.9937499999998636	epochs															iti	150.0
1961.9215	6.578500000000076	epochs															maze	151.0
1961.9215	5.001250000000027	epochs															maze_stem	151.0
1961.93825	11.75324999999998	trials	False	False	False	True	False	True	[0.37289354 0.62710643 0.8893103  0.11068964]	-0.5164167732000351	-0.2622038871049881	0.25820837914943695	0.13110192120075226	0.8893103003501892	[11672 11672 11671 11671 11671]	[11710 11710 11710 11710 11709]		
1966.94075	1.55925000000002	epochs															maze_arm	151.0
1968.5165	5.156500000000051	epochs															feedback_and_iti	151.0
1968.5165	0.9922500000000127	epochs															feedback_delay	151.0
1969.53375	1.969000000000051	epochs															feedback	151.0
1971.68675	1.9862499999999272	epochs															iti	151.0
1973.6915	7.7312500000000455	epochs															maze	152.0
1973.6915	6.288500000000113	epochs															maze_stem	152.0
1973.71125	12.913499999999885	trials	True	False	False	True	False	True	[0.34296519 0.65703481 0.93624699 0.06375308]	-0.5932817682623863	-0.2792121395468712	0.29664090275764465	0.13960608839988708	0.9362469911575317	[11742 11742 11742 11742 11741]	[11788 11788 11787 11787 11787]		
1979.9995	1.4232500000000528	epochs															maze_arm	152.0
1981.44175	5.161499999999933	epochs															feedback_and_iti	152.0
1981.44175	0.9972500000001219	epochs															feedback_delay	152.0
1982.45975	1.9767500000000382	epochs															feedback	152.0
1984.61975	1.9834999999998217	epochs															iti	152.0
1986.62475	7.054250000000138	epochs															maze	153.0
1986.62475	4.745750000000044	epochs															maze_stem	153.0
1986.643	12.247499999999945	trials	False	False	False	False	True	True	[0.31178096 0.68821901 0.93632317 0.06367683]	-0.6245421953499317	-0.24810414388775826	0.3122710920870304	-0.12405208125710487	0.6882190108299255	[11820 11820 11819 11819 11819]	[11861 11861 11861 11861 11860]		
1991.389	2.290000000000191	epochs															maze_arm	153.0
1993.7	5.173000000000002	epochs															feedback_and_iti	153.0
1993.7	0.9997499999999491	epochs															feedback_delay	153.0
1994.722	1.968499999999949	epochs															feedback	153.0
1996.88225	1.9907499999999345	epochs															iti	153.0
1998.8905	7.9809999999999945	epochs															maze	154.0
1998.8905	6.19074999999998	epochs															maze_stem	154.0
1998.90875	13.175500000000056	trials	False	False	False	True	False	True	[0.16370988 0.83629012 0.90346605 0.09653402]	-0.7397561334073544	-0.06717589125037193	0.3698780834674835	0.03358796238899231	0.9034660458564758	[11893 11893 11893 11893 11893]	[11940 11940 11940 11940 11939]		
2005.09925	1.7722499999999854	epochs															maze_arm	154.0
2006.88625	5.176500000000033	epochs															feedback_and_iti	154.0
2006.88625	0.9970000000000709	epochs															feedback_delay	154.0
2007.90025	1.9830000000001746	epochs															feedback	154.0
2010.0735	1.9892500000000837	epochs															iti	154.0
2012.08425	6.755499999999984	epochs															maze	155.0
2012.08425	5.346749999999929	epochs															maze_stem	155.0
2012.105	11.935500000000047	trials	False	False	False	True	False	True	[0.24513137 0.75486869 0.94269764 0.05730234]	-0.6975663099437952	-0.18782899715006351	0.34878313541412354	0.09391450881958008	0.9426976442337036	[11972 11972 11972 11972 11972]	[12012 12012 12012 12011 12011]		
2017.44875	1.3910000000000764	epochs															maze_arm	155.0
2018.8565	5.164499999999862	epochs															feedback_and_iti	155.0
2018.8565	0.9855000000000018	epochs															feedback_delay	155.0
2019.8595	1.9859999999998763	epochs															feedback	155.0
2022.03	1.9909999999999854	epochs															iti	155.0
2024.0405	6.394999999999982	epochs															maze	156.0
2024.0405	5.179750000000013	epochs															maze_stem	156.0
2024.0605	13.433749999999918	trials	True	False	False	False	False	False	[0.2401569  0.75984311 0.94451308 0.05548687]	-0.7043562103062868	-0.184670003131032	-0.35217808932065964	0.09233499318361282	0.24015690386295319	[12044 12044 12044 12044 12043]	[12082 12081 12081 12081 12081]		
2029.238	1.197499999999991	epochs															maze_arm	156.0
2030.45675	7.019250000000056	epochs															feedback_and_iti	156.0
2030.45675	0.9809999999999945	epochs															feedback_delay	156.0
2031.46	1.9874999999999545	epochs															feedback	156.0
2033.50225	3.973750000000109	epochs															iti	156.0
2037.49425	6.8904999999999745	epochs															maze	157.0
2037.49425	5.6400000000001	epochs															maze_stem	157.0
2037.514	13.922000000000253	trials	True	False	False	False	False	False	[0.61304104 0.38695896 0.93569523 0.06430475]	-0.32265419512987137	-0.5487362816929817	-0.16132709383964539	0.27436813712120056	0.6130410432815552	[12125 12125 12124 12124 12124]	[12165 12165 12165 12165 12164]		
2043.154	1.2307499999999436	epochs															maze_arm	157.0
2044.40525	7.0134999999997945	epochs															feedback_and_iti	157.0
2044.40525	0.9827499999998963	epochs															feedback_delay	157.0
2045.412	1.9769999999998618	epochs															feedback	157.0
2047.42675	3.9919999999997344	epochs															iti	157.0
2051.436	6.109750000000076	epochs															maze	158.0
2051.436	4.7342499999999745	epochs															maze_stem	158.0
2051.4545	11.300000000000182	trials	False	False	False	True	False	True	[0.72063184 0.27936816 0.93063611 0.06936387]	-0.2100042812526226	-0.6512679569423199	0.10500213503837585	0.3256339728832245	0.9306361079216003	[12208 12208 12208 12208 12208]	[12244 12244 12244 12243 12243]		
2056.18725	1.3585000000002765	epochs															maze_arm	158.0
2057.5625	5.171499999999924	epochs															feedback_and_iti	158.0
2057.5625	0.9867500000000291	epochs															feedback_delay	158.0
2058.5665	1.9859999999998763	epochs															feedback	158.0
2060.74375	1.9902499999998327	epochs															iti	158.0
2062.7545	6.038750000000164	epochs															maze	159.0
2062.7545	4.768750000000182	epochs															maze_stem	159.0
2062.777	11.221500000000106	trials	True	False	False	True	False	True	[0.63122731 0.36877275 0.94304693 0.05695304]	-0.3118196614086628	-0.574274230748415	0.15590980648994446	0.28713712096214294	0.9430469274520874	[12276 12276 12276 12276 12275]	[12312 12311 12311 12311 12311]		
2067.541	1.2522500000000036	epochs															maze_arm	159.0
2068.8135	5.164499999999862	epochs															feedback_and_iti	159.0
2068.8135	0.9809999999997672	epochs															feedback_delay	159.0
2069.81525	1.9890000000000327	epochs															feedback	159.0
2071.9895	1.9884999999999309	epochs															iti	159.0
2073.9985	7.154999999999745	epochs															maze	160.0
2073.9985	5.58974999999964	epochs															maze_stem	160.0
2074.02	12.336999999999989	trials	False	False	False	False	True	True	[0.61043507 0.38956493 0.94476181 0.05523815]	-0.3343267608433962	-0.5551968980580568	0.16716338880360126	-0.2775984574109316	0.3895649313926697	[12344 12343 12343 12343 12343]	[12386 12385 12385 12385 12385]		
2079.608	1.5454999999997199	epochs															maze_arm	160.0
2081.1745	5.161749999999756	epochs															feedback_and_iti	160.0
2081.1745	0.9847500000000764	epochs															feedback_delay	160.0
2082.18125	1.9732500000000073	epochs															feedback	160.0
2084.34475	1.9914999999996326	epochs															iti	160.0
2086.357	6.604749999999967	epochs															maze	161.0
2086.357	5.310750000000098	epochs															maze_stem	161.0
2086.37625	11.803000000000338	trials	True	False	False	False	True	True	[0.28731    0.71269    0.92018503 0.07981502]	-0.6328750029206276	-0.20749501138925552	0.3164374902844429	-0.10374749451875687	0.712689995765686	[12418 12418 12417 12417 12417]	[12456 12456 12456 12456 12456]		
2091.6855	1.2762499999998909	epochs															maze_arm	161.0
2092.9825	5.1662499999997635	epochs															feedback_and_iti	161.0
2092.9825	0.9867500000000291	epochs															feedback_delay	161.0
2093.9885	1.9855000000002292	epochs															feedback	161.0
2096.15425	1.994499999999789	epochs															iti	161.0
2098.17925	6.740249999999833	epochs															maze	162.0
2098.17925	5.333999999999833	epochs															maze_stem	162.0
2098.20125	11.913250000000062	trials	False	False	False	True	False	True	[0.19750221 0.8024978  0.91280442 0.08719552]	-0.7153022475540638	-0.11030665412545204	0.35765110701322556	0.055153317749500275	0.9128044247627258	[12489 12488 12488 12488 12488]	[12528 12528 12528 12528 12527]		
2103.53125	1.388249999999971	epochs															maze_arm	162.0
2104.9345	5.160000000000309	epochs															feedback_and_iti	162.0
2104.9345	0.9867500000000291	epochs															feedback_delay	162.0
2105.93625	1.9872499999996762	epochs															feedback	162.0
2108.103	1.9915000000000873	epochs															iti	162.0
2110.1145	7.289999999999964	epochs															maze	163.0
2110.1145	5.5782500000000255	epochs															maze_stem	163.0
2110.13425	14.319500000000062	trials	True	False	False	False	False	False	[0.26737773 0.73262227 0.94292367 0.05707635]	-0.6755459252744913	-0.21030139364302158	-0.3377729654312134	0.10515069961547852	0.26737773418426514	[12560 12560 12560 12560 12559]	[12603 12603 12603 12602 12602]		
2115.713	1.6914999999999054	epochs															maze_arm	163.0
2117.42525	7.009500000000116	epochs															feedback_and_iti	163.0
2117.42525	0.9822500000000218	epochs															feedback_delay	163.0
2118.42775	1.980750000000171	epochs															feedback	163.0
2120.44675	3.987999999999829	epochs															iti	163.0
2124.45375	6.146499999999833	epochs															maze	164.0
2124.45375	4.752999999999702	epochs															maze_stem	164.0
2124.474	11.33725000000004	trials	False	False	False	True	False	True	[0.63965857 0.36034137 0.93375736 0.06624267]	-0.29409874603152275	-0.5734159462153912	0.14704939723014832	0.28670796751976013	0.9337573647499084	[12646 12646 12646 12646 12645]	[12682 12682 12682 12682 12681]		
2129.2245	1.3757500000001528	epochs															maze_arm	164.0
2130.61725	5.174750000000131	epochs															feedback_and_iti	164.0
2130.61725	0.9847500000000764	epochs															feedback_delay	164.0
2131.61975	1.986000000000331	epochs															feedback	164.0
2133.80125	1.9907499999999345	epochs															iti	164.0
2135.81125	7.262499999999818	epochs															maze	165.0
2135.81125	5.4387499999998	epochs															maze_stem	165.0
2135.82975	12.448750000000018	trials	False	False	False	True	False	True	[0.55334544 0.44665456 0.95209801 0.04790197]	-0.3987525776028633	-0.5054434612393379	0.19937628507614136	0.25272172689437866	0.95209801197052	[12714 12714 12714 12714 12713]	[12757 12757 12756 12756 12756]		
2141.26925	1.8045000000001892	epochs															maze_arm	165.0
2143.089	5.167750000000069	epochs															feedback_and_iti	165.0
2143.089	0.9850000000001273	epochs															feedback_delay	165.0
2144.0905	1.98700000000008	epochs															feedback	165.0
2146.26	1.9967499999997926	epochs															iti	165.0
2148.2785	7.242999999999938	epochs															maze	166.0
2148.2785	5.418250000000171	epochs															maze_stem	166.0
2148.301	12.425000000000182	trials	True	False	False	True	False	True	[0.49549913 0.50450093 0.94500053 0.05499946]	-0.44950143061578274	-0.44049963913857937	0.22475069761276245	0.22024983167648315	0.9450005292892456	[12789 12789 12789 12788 12788]	[12832 12831 12831 12831 12831]		
2153.71625	1.8052499999998872	epochs															maze_arm	166.0
2155.54025	5.1664999999998145	epochs															feedback_and_iti	166.0
2155.54025	0.9877499999997781	epochs															feedback_delay	166.0
2156.548	1.9855000000002292	epochs															feedback	166.0
2158.7195	1.9872499999996762	epochs															iti	166.0
2160.726	6.442250000000058	epochs															maze	167.0
2160.726	5.198499999999967	epochs															maze_stem	167.0
2160.74225	11.620499999999993	trials	False	False	False	True	False	True	[0.50029755 0.49970242 0.94956392 0.05043609]	-0.4492663536220789	-0.4498614761978388	0.22463318705558777	0.22493073344230652	0.9495639204978943	[12864 12863 12863 12863 12863]	[12901 12901 12901 12901 12901]		
2165.941	1.2272500000003674	epochs															maze_arm	167.0
2167.1835	5.1599999999998545	epochs															feedback_and_iti	167.0
2167.1835	0.9867500000000291	epochs															feedback_delay	167.0
2168.1855	1.9895000000001346	epochs															feedback	167.0
2170.347	1.9964999999997417	epochs															iti	167.0
2172.36275	7.460750000000189	epochs															maze	168.0
2172.36275	5.75525000000016	epochs															maze_stem	168.0
2172.38425	12.655999999999949	trials	False	False	False	True	False	True	[0.470388   0.529612   0.94905072 0.05094928]	-0.4786627274006605	-0.41943871788680553	0.23933136463165283	0.20971935987472534	0.9490507245063782	[12933 12933 12933 12933 12933]	[12977 12977 12977 12977 12976]		
2178.13475	1.6887499999998	epochs															maze_arm	168.0
2179.84025	5.1792499999996835	epochs															feedback_and_iti	168.0
2179.84025	0.9872499999996762	epochs															feedback_delay	168.0
2180.8445	1.9852499999997235	epochs															feedback	168.0
2183.0225	1.9969999999998436	epochs															iti	168.0
2185.04025	14.994000000000142	epochs															maze	169.0
2185.04025	13.64325000000008	epochs															maze_stem	169.0
2185.063	22.03749999999991	trials	False	False	False	False	False	False	[0.45416164 0.54583836 0.95030874 0.04969124]	-0.4961471054702997	-0.4044703934341669	-0.248073548078537	0.20223519206047058	0.4541616439819336	[13009 13009 13009 13009 13009]	[13098 13098 13098 13098 13098]		
2198.70425	1.330000000000382	epochs															maze_arm	169.0
2200.0555	7.026499999999942	epochs															feedback_and_iti	169.0
2200.0555	0.9862499999999272	epochs															feedback_delay	169.0
2201.06325	1.98824999999988	epochs															feedback	169.0
2203.08975	3.9922499999997854	epochs															iti	169.0
2207.1005	6.135999999999967	epochs															maze	170.0
2207.1005	4.589249999999993	epochs															maze_stem	170.0
2207.11825	11.331500000000233	trials	False	False	False	True	False	True	[0.64371848 0.35628155 0.93419367 0.0658063 ]	-0.2904752194881439	-0.5779121518135071	0.14523759484291077	0.28895607590675354	0.9341936707496643	[13142 13142 13141 13141 13141]	[13178 13177 13177 13177 13177]		
2211.70775	1.5287499999999454	epochs															maze_arm	170.0
2213.25425	5.1775000000002365	epochs															feedback_and_iti	170.0
2213.25425	0.9932499999999891	epochs															feedback_delay	170.0
2214.2655	1.981999999999971	epochs															feedback	170.0
2216.432	1.9997500000004038	epochs															iti	170.0
2218.44975	7.38149999999996	epochs															maze	171.0
2218.44975	5.9852499999997235	epochs															maze_stem	171.0
2218.47	12.574500000000171	trials	False	False	False	True	False	True	[0.63609248 0.36390758 0.95527023 0.04472974]	-0.3191777914762497	-0.5913626998662949	0.15958887338638306	0.295681357383728	0.9552702307701111	[13210 13210 13209 13209 13209]	[13253 13253 13253 13252 13252]		
2224.453	1.3782500000002074	epochs															maze_arm	171.0
2225.8475	5.1775000000002365	epochs															feedback_and_iti	171.0
2225.8475	0.9837500000003274	epochs															feedback_delay	171.0
2226.8475	1.9847500000000764	epochs															feedback	171.0
2229.02675	1.9982500000000982	epochs															iti	171.0
2231.0445	6.270500000000084	epochs															maze	172.0
2231.0445	4.713250000000244	epochs															maze_stem	172.0
2231.06275	11.461999999999989	trials	False	False	False	True	False	True	[0.59143662 0.40856335 0.94982439 0.05017559]	-0.35838776268064976	-0.5412610415369272	0.1791938841342926	0.27063050866127014	0.9498243927955627	[13285 13285 13285 13285 13284]	[13322 13322 13322 13321 13321]		
2235.777	1.538000000000011	epochs															maze_arm	172.0
2237.3315	5.1707500000002256	epochs															feedback_and_iti	172.0
2237.3315	0.9867500000000291	epochs															feedback_delay	172.0
2238.34375	1.9782500000001164	epochs															feedback	172.0
2240.50525	1.9969999999998436	epochs															iti	172.0
2242.52475	8.77624999999989	epochs															maze	173.0
2242.52475	7.411749999999756	epochs															maze_stem	173.0
2242.5435	15.816749999999956	trials	False	False	False	False	False	False	[0.5704183  0.4295817  0.95134681 0.04865324]	-0.3809284884482622	-0.5217650849372149	-0.19046425819396973	0.26088255643844604	0.5704182982444763	[13354 13354 13354 13353 13353]	[13406 13406 13405 13405 13405]		
2249.95625	1.344749999999749	epochs															maze_arm	173.0
2251.325	7.015000000000327	epochs															feedback_and_iti	173.0
2251.325	0.9882500000003347	epochs															feedback_delay	173.0
2252.33475	1.9704999999999018	epochs															feedback	173.0
2254.34225	3.9977499999999964	epochs															iti	173.0
2258.36025	7.466249999999945	epochs															maze	174.0
2258.36025	5.474749999999858	epochs															maze_stem	174.0
2258.38075	14.50400000000036	trials	False	False	False	False	False	False	[0.68082076 0.31917918 0.93689299 0.06310702]	-0.25607218965888023	-0.617713775485754	-0.12803611159324646	0.30885687470436096	0.6808207631111145	[13449 13449 13449 13448 13448]	[13493 13493 13492 13492 13492]		
2263.85475	1.9717500000001564	epochs															maze_arm	174.0
2265.846	7.019999999999982	epochs															feedback_and_iti	174.0
2265.846	0.9922499999997854	epochs															feedback_delay	174.0
2266.86025	1.9739999999997053	epochs															feedback	174.0
2268.87375	3.9922499999997854	epochs															iti	174.0
2272.88475	6.074499999999716	epochs															maze	175.0
2272.88475	4.385999999999967	epochs															maze_stem	175.0
2272.90325	11.262000000000171	trials	False	False	False	True	False	True	[0.70135695 0.29864302 0.92720169 0.07279831]	-0.22584472596645355	-0.6285586506128311	0.11292237043380737	0.31427931785583496	0.9272016882896423	[13536 13536 13536 13536 13535]	[13572 13571 13571 13571 13571]		
2277.288	1.6712499999998727	epochs															maze_arm	175.0
2278.97575	5.171249999999873	epochs															feedback_and_iti	175.0
2278.97575	0.9854999999997744	epochs															feedback_delay	175.0
2279.978	1.986750000000029	epochs															feedback	175.0
2282.1545	1.9924999999998363	epochs															iti	175.0
2284.16525	7.318249999999807	epochs															maze	176.0
2284.16525	5.911250000000109	epochs															maze_stem	176.0
2284.1835	12.504500000000007	trials	False	False	False	True	False	True	[0.70403725 0.29596272 0.94917572 0.05082423]	-0.2451384775340557	-0.6532130055129528	0.12256923317909241	0.32660648226737976	0.9491757154464722	[13604 13604 13603 13603 13603]	[13647 13646 13646 13646 13646]		
2290.09275	1.3907500000000255	epochs															maze_arm	176.0
2291.49875	5.167999999999665	epochs															feedback_and_iti	176.0
2291.49875	0.9859999999998763	epochs															feedback_delay	176.0
2292.50175	1.9862499999999272	epochs															feedback	176.0
2294.6685	1.9982499999996435	epochs															iti	176.0
2296.688	6.603499999999713	epochs															maze	177.0
2296.688	4.802499999999782	epochs															maze_stem	177.0
2296.70825	11.778999999999996	trials	False	False	False	False	True	True	[0.66818583 0.3318142  0.94795227 0.0520477 ]	-0.27976646833121777	-0.6161380987614393	0.1398832481354475	-0.3080690484493971	0.3318141996860504	[13679 13679 13678 13678 13678]	[13717 13717 13717 13717 13717]		
2301.51075	1.7807499999998981	epochs															maze_arm	177.0
2303.31275	5.153749999999945	epochs															feedback_and_iti	177.0
2303.31275	0.9980000000000473	epochs															feedback_delay	177.0
2304.33325	1.962500000000091	epochs															feedback	177.0
2306.4775	1.9890000000000327	epochs															iti	177.0
2308.48725	7.128249999999753	epochs															maze	178.0
2308.48725	5.641000000000076	epochs															maze_stem	178.0
2308.50775	14.178749999999582	trials	False	False	False	False	False	False	[0.34733871 0.65266132 0.93376648 0.06623346]	-0.5864278189837933	-0.2811052016913891	-0.2932138890028	0.1405525952577591	0.3473387062549591	[13750 13749 13749 13749 13749]	[13791 13791 13791 13791 13791]		
2314.14625	1.4692500000001019	epochs															maze_arm	178.0
2315.63725	7.0292499999995925	epochs															feedback_and_iti	178.0
2315.63725	0.9914999999996326	epochs															feedback_delay	178.0
2316.6505	1.9784999999997126	epochs															feedback	178.0
2318.6665	4.0	epochs															iti	178.0
2322.6865	6.043750000000273	epochs															maze	179.0
2322.6865	4.393750000000182	epochs															maze_stem	179.0
2322.70475	11.25	trials	False	False	False	True	False	True	[0.56711185 0.43288815 0.91566765 0.08433237]	-0.3485557921230793	-0.48277949169278145	0.1742779016494751	0.24138975143432617	0.9156676530838013	[13835 13835 13834 13834 13834]	[13870 13870 13870 13869 13869]		
2327.09675	1.6334999999999127	epochs															maze_arm	179.0
2328.74675	5.184750000000349	epochs															feedback_and_iti	179.0
2328.74675	0.9997500000004038	epochs															feedback_delay	179.0
2329.7645	1.982249999999567	epochs															feedback	179.0
2331.935	1.9965000000001965	epochs															iti	179.0
2333.95475	6.155999999999949	epochs															maze	180.0
2333.95475	4.702749999999924	epochs															maze_stem	180.0
2333.97675	11.353500000000167	trials	True	False	False	False	True	True	[0.58777779 0.41222218 0.94822937 0.05177065]	-0.36045155115425587	-0.5360071677714586	0.18022576160728931	-0.2680035848170519	0.4122221767902374	[13902 13902 13902 13902 13901]	[13938 13938 13938 13938 13937]		
2338.67725	1.4334999999996398	epochs															maze_arm	180.0
2340.13125	5.173000000000229	epochs															feedback_and_iti	180.0
2340.13125	0.9847500000000764	epochs															feedback_delay	180.0
2341.1365	1.9769999999998618	epochs															feedback	180.0
2343.30925	1.9950000000003456	epochs															iti	180.0
2345.33025	6.175250000000233	epochs															maze	181.0
2345.33025	4.741500000000087	epochs															maze_stem	181.0
2345.35075	11.375999999999749	trials	False	False	False	False	True	True	[0.30959168 0.69040829 0.9198485  0.08015151]	-0.610256802290678	-0.22944019362330437	0.30512839183211327	-0.11472010239958763	0.6904082894325256	[13970 13970 13970 13970 13970]	[14007 14006 14006 14006 14006]		
2350.08975	1.4157500000001164	epochs															maze_arm	181.0
2351.52825	5.1782499999999345	epochs															feedback_and_iti	181.0
2351.52825	0.9940000000001419	epochs															feedback_delay	181.0
2352.54225	1.9802500000000691	epochs															feedback	181.0
2354.71225	1.994249999999738	epochs															iti	181.0
2356.72675	6.419750000000022	epochs															maze	182.0
2356.72675	5.057999999999993	epochs															maze_stem	182.0
2356.74475	11.619250000000193	trials	True	False	False	False	True	True	[0.16879934 0.8312006  0.90002519 0.09997486]	-0.7312257960438728	-0.06882453709840775	0.3656128719449043	-0.03441227227449417	0.8312005996704102	[14039 14039 14038 14038 14038]	[14076 14076 14076 14076 14076]		
2361.80425	1.3422499999996944	epochs															maze_arm	182.0
2363.16875	5.166250000000218	epochs															feedback_and_iti	182.0
2363.16875	0.9945000000002437	epochs															feedback_delay	182.0
2364.184	1.981499999999869	epochs															feedback	182.0
2366.35225	1.9827500000001237	epochs															iti	182.0
2368.364	6.72524999999996	epochs															maze	183.0
2368.364	4.8657499999999345	epochs															maze_stem	183.0
2368.38875	11.919499999999971	trials	False	False	False	False	True	True	[0.14404026 0.85595971 0.89441133 0.10558861]	-0.7503710873425007	-0.038451630622148514	0.3751855529844761	-0.019225839525461197	0.8559597134590149	[14109 14108 14108 14108 14108]	[14148 14148 14148 14147 14147]		
2373.248	1.8412499999999454	epochs															maze_arm	183.0
2375.11025	5.17699999999968	epochs															feedback_and_iti	183.0
2375.11025	0.9972499999998945	epochs															feedback_delay	183.0
2376.13025	1.9792499999998654	epochs															feedback	183.0
2378.29525	1.9919999999997344	epochs															iti	183.0
2380.30825	6.727499999999964	epochs															maze	184.0
2380.30825	5.353500000000167	epochs															maze_stem	184.0
2380.32825	11.920000000000073	trials	True	False	False	True	False	True	[0.10741029 0.89258969 0.87717748 0.12282251]	-0.7697671838104725	0.015412215143442154	0.3848835937678814	-0.007706116884946823	0.8771774768829346	[14180 14180 14180 14180 14179]	[14220 14219 14219 14219 14219]		
2385.68125	1.3544999999999163	epochs															maze_arm	184.0
2387.0565	5.173999999999978	epochs															feedback_and_iti	184.0
2387.0565	0.9942499999997381	epochs															feedback_delay	184.0
2388.0715	1.9772499999999127	epochs															feedback	184.0
2390.2335	1.9970000000002983	epochs															iti	184.0
2392.24825	5.949749999999767	epochs															maze	185.0
2392.24825	4.559999999999945	epochs															maze_stem	185.0
2392.2675	11.124249999999847	trials	False	False	False	True	False	True	[0.12707028 0.87292975 0.92993236 0.07006763]	-0.8028621003031731	-0.05700262635946274	0.40143103897571564	0.028501316905021667	0.9299323558807373	[14252 14252 14251 14251 14251]	[14286 14286 14286 14286 14286]		
2396.82625	1.3717499999997926	epochs															maze_arm	185.0
2398.2155	5.157000000000153	epochs															feedback_and_iti	185.0
2398.2155	0.9860000000003311	epochs															feedback_delay	185.0
2399.21925	1.9859999999998763	epochs															feedback	185.0
2401.384	1.9884999999999309	epochs															iti	185.0
2403.39175	5.589500000000044	epochs															maze	186.0
2403.39175	4.193000000000211	epochs															maze_stem	186.0
2403.41225	10.778999999999996	trials	False	False	False	False	True	True	[0.13091914 0.86908084 0.93571854 0.06428148]	-0.8047993779182434	-0.06663767993450165	0.4023996815085411	-0.033318839967250824	0.8690808415412903	[14319 14318 14318 14318 14318]	[14351 14351 14351 14351 14350]		
2407.6045	1.3767499999999018	epochs															maze_arm	186.0
2409.00375	5.16800000000012	epochs															feedback_and_iti	186.0
2409.00375	0.9827500000001237	epochs															feedback_delay	186.0
2410.008	1.9817500000003747	epochs															feedback	186.0
2412.1875	1.9842499999999745	epochs															iti	186.0
2414.19125	6.103750000000218	epochs															maze	187.0
2414.19125	4.694500000000062	epochs															maze_stem	187.0
2414.211	11.29300000000012	trials	True	False	False	False	True	True	[0.10221414 0.8977859  0.911008   0.08899204]	-0.8087938576936722	-0.013222098350524902	0.4043969288468361	-0.00661102682352066	0.8977859020233154	[14383 14383 14383 14383 14383]	[14419 14419 14419 14418 14418]		
2418.90525	1.3897500000002765	epochs															maze_arm	187.0
2420.3155	5.167999999999665	epochs															feedback_and_iti	187.0
2420.3155	0.9980000000000473	epochs															feedback_delay	187.0
2421.33425	1.9780000000000655	epochs															feedback	187.0
2423.488	1.9954999999999927	epochs															iti	187.0
2425.504	7.113000000000284	epochs															maze	188.0
2425.504	5.667249999999967	epochs															maze_stem	188.0
2425.524	12.291250000000218	trials	True	False	False	False	True	True	[0.10448918 0.89551079 0.91046977 0.08953021]	-0.8059805817902088	-0.014958973973989487	0.40299028903245926	-0.0074794963002204895	0.8955107927322388	[14451 14451 14451 14451 14450]	[14493 14493 14492 14492 14492]		
2431.189	1.4280000000003383	epochs															maze_arm	188.0
2432.63775	5.158500000000004	epochs															feedback_and_iti	188.0
2432.63775	0.9965000000001965	epochs															feedback_delay	188.0
2433.6545	1.9772499999999127	epochs															feedback	188.0
2435.8125	1.9837499999998727	epochs															iti	188.0
2437.81525	6.034499999999753	epochs															maze	189.0
2437.81525	4.710749999999734	epochs															maze_stem	189.0
2437.83375	11.231750000000375	trials	False	False	False	True	False	True	[0.10485237 0.89514756 0.90631372 0.09368625]	-0.8014613278210163	-0.011166136711835861	0.4007306732237339	0.005583044141530991	0.9063137173652649	[14525 14525 14525 14524 14524]	[14560 14560 14560 14560 14559]		
2442.54275	1.306999999999789	epochs															maze_arm	189.0
2443.867	5.177499999999782	epochs															feedback_and_iti	189.0
2443.867	0.9859999999998763	epochs															feedback_delay	189.0
2444.8715	1.9857499999998254	epochs															feedback	189.0
2447.051	1.99350000000004	epochs															iti	189.0
2449.0655	6.826499999999669	epochs															maze	190.0
2449.0655	5.38924999999972	epochs															maze_stem	190.0
2449.08575	12.001999999999953	trials	False	False	False	False	True	True	[0.11455049 0.88544953 0.94057167 0.05942832]	-0.8260211925953627	-0.05512215010821819	0.41301060281693935	-0.027561074122786522	0.8854495286941528	[14592 14592 14592 14592 14592]	[14632 14632 14632 14632 14632]		
2454.47575	1.4162499999997635	epochs															maze_arm	190.0
2455.913	5.1550000000002	epochs															feedback_and_iti	190.0
2455.913	0.9982500000000982	epochs															feedback_delay	190.0
2456.93275	1.9602500000000873	epochs															feedback	190.0
2459.07925	1.9887500000004366	epochs															iti	190.0
2461.08775	6.457499999999982	epochs															maze	191.0
2461.08775	4.999499999999898	epochs															maze_stem	191.0
2461.10625	11.629249999999956	trials	False	False	False	True	False	True	[0.09626894 0.90373105 0.91312009 0.08687989]	-0.8168511539697647	-0.009389042854309082	0.40842557698488235	0.004694513976573944	0.9131200909614563	[14665 14664 14664 14664 14664]	[14702 14702 14702 14702 14701]		
2466.10525	1.4400000000000546	epochs															maze_arm	191.0
2467.56275	5.152000000000044	epochs															feedback_and_iti	191.0
2467.56275	0.9834999999998217	epochs															feedback_delay	191.0
2468.5635	1.9862499999999272	epochs															feedback	191.0
2470.72975	1.9850000000001273	epochs															iti	191.0
2472.7355	6.13025000000016	epochs															maze	192.0
2472.7355	4.663250000000062	epochs															maze_stem	192.0
2472.75625	11.30074999999988	trials	False	False	False	False	True	True	[0.11319433 0.88680565 0.94392246 0.05607751]	-0.8307281360030174	-0.05711681395769119	0.415364071726799	-0.02855841815471649	0.8868056535720825	[14734 14734 14734 14734 14734]	[14770 14770 14770 14770 14769]		
2477.41875	1.4470000000001164	epochs															maze_arm	192.0
2478.887	5.149499999999989	epochs															feedback_and_iti	192.0
2478.887	0.9872499999996762	epochs															feedback_delay	192.0
2479.89425	1.9720000000002074	epochs															feedback	192.0
2482.05625	1.9802500000000691	epochs															iti	192.0
2484.057	6.508500000000367	epochs															maze	193.0
2484.057	5.167750000000069	epochs															maze_stem	193.0
2484.07675	11.709749999999985	trials	True	False	False	True	False	True	[0.09673992 0.90326011 0.9202683  0.07973175]	-0.8235283680260181	-0.01700817421078682	0.4117641896009445	0.008504107594490051	0.9202682971954346	[14802 14802 14802 14802 14801]	[14840 14840 14840 14840 14840]		
2489.2425	1.3230000000003201	epochs															maze_arm	193.0
2490.58625	5.180000000000291	epochs															feedback_and_iti	193.0
2490.58625	0.9962500000001455	epochs															feedback_delay	193.0
2491.603	1.9809999999997672	epochs															feedback	193.0
2493.774	1.99225000000024	epochs															iti	193.0
2495.7865	6.577249999999822	epochs															maze	194.0
2495.7865	5.237999999999829	epochs															maze_stem	194.0
2495.8065	13.624499999999898	trials	False	False	False	False	False	False	[0.10357119 0.89642882 0.94665456 0.0533454 ]	-0.8430833928287029	-0.05022576078772545	-0.4215416833758354	0.025112874805927277	0.10357119143009186	[14873 14872 14872 14872 14872]	[14911 14911 14911 14910 14910]		
2501.04275	1.3209999999999127	epochs															maze_arm	194.0
2502.385	7.023749999999836	epochs															feedback_and_iti	194.0
2502.385	0.9797499999999673	epochs															feedback_delay	194.0
2503.38925	1.9894999999996799	epochs															feedback	194.0
2505.4175	3.9912500000000364	epochs															iti	194.0
2509.431	5.8022500000001855	epochs															maze	195.0
2509.431	4.351999999999862	epochs															maze_stem	195.0
2509.45225	12.851500000000215	trials	False	False	False	False	False	False	[0.31084949 0.68915051 0.92209196 0.07790807]	-0.6112424582242966	-0.2329414337873459	-0.3056212365627289	0.11647072434425354	0.31084948778152466	[14954 14954 14954 14954 14954]	[14988 14988 14988 14988 14987]		
2513.803	1.430250000000342	epochs															maze_arm	195.0
2515.25525	7.027749999999742	epochs															feedback_and_iti	195.0
2515.25525	0.9912500000000364	epochs															feedback_delay	195.0
2516.2685	1.9784999999997126	epochs															feedback	195.0
2518.28525	3.9977499999999964	epochs															iti	195.0
2522.30375	6.824749999999767	epochs															maze	196.0
2522.30375	4.836499999999887	epochs															maze_stem	196.0
2522.3235	13.855000000000018	trials	False	False	False	False	False	False	[0.46150091 0.53849912 0.91842759 0.08157238]	-0.45692670717835426	-0.37992850318551064	-0.2284633368253708	0.18996424973011017	0.4615009129047394	[15032 15031 15031 15031 15031]	[15071 15071 15071 15071 15071]		
2527.161	1.9674999999997453	epochs															maze_arm	196.0
2529.148	7.0099999999997635	epochs															feedback_and_iti	196.0
2529.148	0.9989999999997963	epochs															feedback_delay	196.0
2530.17	1.9617499999999382	epochs															feedback	196.0
2532.17375	3.9842499999999745	epochs															iti	196.0
2536.1785	8.089750000000095	epochs															maze	197.0
2536.1785	5.619999999999891	epochs															maze_stem	197.0
2536.19725	13.286749999999756	trials	False	False	False	False	True	True	[0.51105064 0.48894936 0.89343482 0.10656516]	-0.38238418847322464	-0.40448547154664993	0.19119209796190262	-0.20224273949861526	0.48894935846328735	[15115 15115 15114 15114 15114]	[15162 15162 15162 15162 15161]		
2541.81825	2.450000000000273	epochs															maze_arm	197.0
2544.2895	5.175999999999931	epochs															feedback_and_iti	197.0
2544.2895	0.9909999999999854	epochs															feedback_delay	197.0
2545.3025	1.9790000000002692	epochs															feedback	197.0
2547.472	1.9934999999995853	epochs															iti	197.0
2549.484	6.2775000000001455	epochs															maze	198.0
2549.484	4.510749999999916	epochs															maze_stem	198.0
2549.50125	11.457499999999982	trials	False	False	False	True	False	True	[0.17718324 0.82281679 0.83827031 0.16172963]	-0.6610871106386185	-0.015453562140464783	0.33054353296756744	0.007726773619651794	0.8382703065872192	[15194 15194 15194 15194 15194]	[15231 15231 15231 15231 15230]		
2554.013	1.7485000000001492	epochs															maze_arm	198.0
2555.77825	5.157750000000306	epochs															feedback_and_iti	198.0
2555.77825	0.9835000000002765	epochs															feedback_delay	198.0
2556.779	1.9847500000000764	epochs															feedback	198.0
2558.94475	1.9912500000000364	epochs															iti	198.0
2560.95875	5.921250000000327	epochs															maze	199.0
2560.95875	4.555250000000342	epochs															maze_stem	199.0
2560.98025	11.105999999999767	trials	False	False	False	True	False	True	[0.24389286 0.75610715 0.92188352 0.07811654]	-0.6779906377196312	-0.1657763496041298	0.3389953300356865	0.08288819342851639	0.9218835234642029	[15263 15263 15263 15263 15262]	[15298 15298 15297 15297 15297]		
2565.532	1.3479999999999563	epochs															maze_arm	199.0
2566.8965	5.16800000000012	epochs															feedback_and_iti	199.0
2566.8965	0.9855000000002292	epochs															feedback_delay	199.0
2567.89825	1.9869999999996253	epochs															feedback	199.0
2570.065	1.9994999999998981	epochs															iti	199.0
2572.08625	7.545500000000175	epochs															maze	200.0
2572.08625	6.001500000000306	epochs															maze_stem	200.0
2572.10825	12.73974999999973	trials	False	False	False	False	True	True	[0.24456763 0.75543237 0.93374038 0.06625956]	-0.689172774553299	-0.17830803990364075	0.34458640217781067	-0.08915403485298157	0.7554323673248291	[15330 15330 15330 15329 15329]	[15374 15374 15374 15374 15373]		
2578.10775	1.5239999999998872	epochs															maze_arm	200.0
2579.653	5.178000000000338	epochs															feedback_and_iti	200.0
2579.653	0.9812500000002728	epochs															feedback_delay	200.0
2580.656	1.9900000000002365	epochs															feedback	200.0
2582.83575	1.9952499999999418	epochs															iti	200.0
2584.848	6.67975000000024	epochs															maze	201.0
2584.848	5.224250000000211	epochs															maze_stem	201.0
2584.8685	11.862749999999778	trials	False	False	False	True	False	True	[0.14450507 0.85549498 0.90582675 0.0941732 ]	-0.7613217271864414	-0.05033181980252266	0.38066083937883377	0.02516590803861618	0.90582674741745	[15407 15406 15406 15406 15406]	[15446 15445 15445 15445 15445]		
2590.08975	1.4380000000001019	epochs															maze_arm	201.0
2591.54425	5.168500000000222	epochs															feedback_and_iti	201.0
2591.54425	0.9835000000002765	epochs															feedback_delay	201.0
2592.54425	1.986750000000029	epochs															feedback	201.0
2594.7205	1.99225000000024	epochs															iti	201.0
2596.73125	6.566000000000258	epochs															maze	202.0
2596.73125	5.086750000000393	epochs															maze_stem	202.0
2596.74975	11.744500000000244	trials	False	False	False	True	False	True	[0.20069323 0.79930681 0.94124615 0.05875383]	-0.7405529469251633	-0.14193937182426453	0.37027645856142044	0.07096969336271286	0.9412461519241333	[15478 15478 15477 15477 15477]	[15516 15516 15516 15516 15515]		
2601.83625	1.46100000000024	epochs															maze_arm	202.0
2603.314	5.163500000000113	epochs															feedback_and_iti	202.0
2603.314	0.9852500000001783	epochs															feedback_delay	202.0
2604.31675	1.987999999999829	epochs															feedback	202.0
2606.4905	1.98700000000008	epochs															iti	202.0
2608.49425	6.3595000000000255	epochs															maze	203.0
2608.49425	5.0532499999999345	epochs															maze_stem	203.0
2608.5155	11.528999999999996	trials	False	False	False	True	False	True	[0.20166463 0.79833537 0.94356775 0.05643221]	-0.741903143003583	-0.14523239620029926	0.3709515631198883	0.07261618971824646	0.9435677528381348	[15548 15548 15548 15548 15547]	[15585 15585 15585 15585 15585]		
2613.56575	1.288000000000011	epochs															maze_arm	203.0
2614.871	5.1534999999998945	epochs															feedback_and_iti	203.0
2614.871	0.9854999999997744	epochs															feedback_delay	203.0
2615.87375	1.9874999999997272	epochs															feedback	203.0
2618.0355	1.9890000000000327	epochs															iti	203.0
2620.0445	6.103250000000116	epochs															maze	204.0
2620.0445	4.508749999999964	epochs															maze_stem	204.0
2620.06475	11.290750000000116	trials	False	False	False	False	True	True	[0.19918339 0.80081666 0.94556826 0.05443178]	-0.7463848758488894	-0.14475161023437977	0.37319243885576725	-0.07237578369677067	0.8008166551589966	[15618 15617 15617 15617 15617]	[15653 15653 15653 15653 15652]		
2624.573	1.574750000000222	epochs															maze_arm	204.0
2626.16875	5.166000000000167	epochs															feedback_and_iti	204.0
2626.16875	0.9812500000002728	epochs															feedback_delay	204.0
2627.1715	1.9855000000002292	epochs															feedback	204.0
2629.34675	1.987999999999829	epochs															iti	204.0
2631.3555	7.823249999999916	epochs															maze	205.0
2631.3555	6.400749999999789	epochs															maze_stem	205.0
2631.37625	13.019999999999982	trials	False	False	False	False	True	True	[0.12970766 0.87029237 0.92842954 0.07157044]	-0.7987219020724297	-0.0581372007727623	0.3993609622120857	-0.02906859666109085	0.8702923655509949	[15685 15685 15685 15685 15685]	[15731 15731 15731 15731 15731]		
2637.7765	1.4022500000000946	epochs															maze_arm	205.0
2639.1985	5.169499999999971	epochs															feedback_and_iti	205.0
2639.1985	0.9842499999999745	epochs															feedback_delay	205.0
2640.20425	1.9822500000000218	epochs															feedback	205.0
2642.379	1.9890000000000327	epochs															iti	205.0
2644.39625	6.581250000000182	epochs															maze	206.0
2644.39625	5.0770000000002256	epochs															maze_stem	206.0
2644.41875	11.771500000000287	trials	False	False	False	True	False	True	[0.09795276 0.90204722 0.92179447 0.07820556]	-0.8238416835665703	-0.019747227430343628	0.41192085668444633	0.009873617440462112	0.9217944741249084	[15764 15763 15763 15763 15763]	[15802 15802 15802 15801 15801]		
2649.48975	1.487749999999778	epochs															maze_arm	206.0
2650.99375	5.1729999999997744	epochs															feedback_and_iti	206.0
2650.99375	1.0	epochs															feedback_delay	206.0
2652.0115	1.9679999999998472	epochs															feedback	206.0
2654.17575	1.9909999999999854	epochs															iti	206.0
2656.19025	5.596250000000055	epochs															maze	207.0
2656.19025	4.3604999999997744	epochs															maze_stem	207.0
2656.2115	10.77475000000004	trials	True	False	False	True	False	True	[0.12584858 0.87415141 0.94502574 0.05497424]	-0.8191771693527699	-0.07087433710694313	0.4095885828137398	0.03543715924024582	0.9450257420539856	[15834 15834 15834 15834 15833]	[15867 15867 15866 15866 15866]		
2660.57	1.2164999999999964	epochs															maze_arm	207.0
2661.807	5.161000000000058	epochs															feedback_and_iti	207.0
2661.807	0.9917500000001382	epochs															feedback_delay	207.0
2662.8195	1.9722499999998035	epochs															feedback	207.0
2664.98075	1.9872499999996762	epochs															iti	207.0
2666.98625	6.225500000000011	epochs															maze	208.0
2666.98625	4.939249999999902	epochs															maze_stem	208.0
2667.00275	11.412499999999909	trials	False	False	False	True	False	True	[0.1282995  0.87170047 0.94705373 0.05294624]	-0.8187542241066694	-0.07535326294600964	0.4093771129846573	0.0376766175031662	0.9470537304878235	[15899 15899 15899 15898 15898]	[15935 15935 15935 15935 15935]		
2671.942	1.2697499999999309	epochs															maze_arm	208.0
2673.2285	5.1662499999997635	epochs															feedback_and_iti	208.0
2673.2285	0.9849999999996726	epochs															feedback_delay	208.0
2674.23025	1.98700000000008	epochs															feedback	208.0
2676.3965	1.9982500000000982	epochs															iti	208.0
2678.41525	6.450249999999869	epochs															maze	209.0
2678.41525	4.914999999999964	epochs															maze_stem	209.0
2678.435	11.634750000000167	trials	True	False	False	False	True	True	[0.12587914 0.87412083 0.94575816 0.05424191]	-0.8198789712041616	-0.07163727842271328	0.40993945859372616	-0.03581862710416317	0.874120831489563	[15968 15967 15967 15967 15967]	[16005 16005 16005 16005 16004]		
2683.34825	1.5172499999998763	epochs															maze_arm	209.0
2684.88625	5.16274999999996	epochs															feedback_and_iti	209.0
2684.88625	0.9842499999999745	epochs															feedback_delay	209.0
2685.891	1.98050000000012	epochs															feedback	209.0
2688.04725	2.0017499999999018	epochs															iti	209.0
2690.06975	6.523749999999836	epochs															maze	210.0
2690.06975	5.137499999999818	epochs															maze_stem	210.0
2690.088	11.699749999999767	trials	False	False	False	True	False	True	[0.11385275 0.8861472  0.93271983 0.06728019]	-0.8188670463860035	-0.04657259210944176	0.4094335399568081	0.023286286741495132	0.9327198266983032	[16037 16037 16037 16037 16037]	[16076 16075 16075 16075 16075]		
2695.22525	1.368249999999989	epochs															maze_arm	210.0
2696.6105	5.158500000000004	epochs															feedback_and_iti	210.0
2696.6105	0.9830000000001746	epochs															feedback_delay	210.0
2697.611	1.9835000000002765	epochs															feedback	210.0
2699.78575	1.9832499999997708	epochs															iti	210.0
2701.78775	6.190750000000207	epochs															maze	211.0
2701.78775	4.737500000000182	epochs															maze_stem	211.0
2701.81	11.358749999999873	trials	False	False	False	True	False	True	[0.12896903 0.87103093 0.94909561 0.05090443]	-0.8201265372335911	-0.07806463912129402	0.4100632891058922	0.03903231769800186	0.949095606803894	[16108 16107 16107 16107 16107]	[16144 16144 16143 16143 16143]		
2706.54175	1.436750000000302	epochs															maze_arm	211.0
2707.99375	5.154250000000047	epochs															feedback_and_iti	211.0
2707.99375	0.9997499999999491	epochs															feedback_delay	211.0
2709.011	1.9712500000000546	epochs															feedback	211.0
2711.15975	1.9882500000003347	epochs															iti	211.0
2713.16875	6.898250000000189	epochs															maze	212.0
2713.16875	5.14325000000008	epochs															maze_stem	212.0
2713.189	12.060500000000047	trials	False	False	False	False	True	True	[0.12798035 0.87201959 0.94737536 0.05262468]	-0.8193949554115534	-0.07535571791231632	0.4096974525600672	-0.037677863612771034	0.8720195889472961	[16176 16176 16175 16175 16175]	[16216 16216 16216 16216 16215]		
2718.33175	1.7352500000001783	epochs															maze_arm	212.0
2720.08825	5.141250000000127	epochs															feedback_and_iti	212.0
2720.08825	0.9825000000000728	epochs															feedback_delay	212.0
2721.09525	1.9722500000002583	epochs															feedback	212.0
2723.2435	1.9859999999998763	epochs															iti	212.0
2725.2495	6.582499999999982	epochs															maze	213.0
2725.2495	5.0900000000001455	epochs															maze_stem	213.0
2725.27025	13.61999999999989	trials	False	False	False	False	False	False	[0.09999673 0.90000325 0.93158221 0.06841777]	-0.831585481762886	-0.03157895803451538	-0.415792740881443	0.015789471566677094	0.09999673068523407	[16248 16248 16248 16248 16247]	[16287 16287 16286 16286 16286]		
2730.35975	1.4722499999998035	epochs															maze_arm	213.0
2731.852	7.01825000000008	epochs															feedback_and_iti	213.0
2731.852	0.9965000000001965	epochs															feedback_delay	213.0
2732.87025	1.974250000000211	epochs															feedback	213.0
2734.883	3.987250000000131	epochs															iti	213.0
2738.89025	6.2719999999999345	epochs															maze	214.0
2738.89025	4.829749999999876	epochs															maze_stem	214.0
2738.909	11.460499999999683	trials	False	False	False	True	False	True	[0.33753732 0.66246265 0.92966354 0.0703364 ]	-0.5921262353658676	-0.26720090210437775	0.2960631102323532	0.13360042870044708	0.9296635389328003	[16330 16330 16330 16329 16329]	[16367 16367 16366 16366 16366]		
2743.738	1.424250000000029	epochs															maze_arm	214.0
2745.17875	5.169750000000022	epochs															feedback_and_iti	214.0
2745.17875	0.9862499999999272	epochs															feedback_delay	214.0
2746.18175	1.9989999999997963	epochs															feedback	214.0
2748.36775	1.980750000000171	epochs															iti	214.0
2750.3695	8.064500000000407	epochs															maze	215.0
2750.3695	5.79175000000032	epochs															maze_stem	215.0
2750.3895	13.260999999999967	trials	False	False	False	False	True	True	[0.28865799 0.71134198 0.9545086  0.04549146]	-0.6658505629748106	-0.2431665789335966	0.33292525820434093	-0.12158328108489513	0.7113419771194458	[16399 16399 16399 16398 16398]	[16446 16446 16446 16446 16446]		
2756.18175	2.2522500000000036	epochs															maze_arm	215.0
2758.455	5.177000000000135	epochs															feedback_and_iti	215.0
2758.455	0.9932499999999891	epochs															feedback_delay	215.0
2759.47	1.9760000000001128	epochs															feedback	215.0
2761.63925	1.9927499999998872	epochs															iti	215.0
2763.6505	7.235749999999825	epochs															maze	216.0
2763.6505	5.349249999999756	epochs															maze_stem	216.0
2763.67025	12.404999999999745	trials	False	False	False	False	True	True	[0.15255594 0.84744406 0.91638672 0.08361326]	-0.7638307884335518	-0.06894267350435257	0.3819153979420662	-0.03447134047746658	0.8474440574645996	[16479 16478 16478 16478 16478]	[16521 16521 16521 16520 16520]		
2769.0195	1.8667500000001382	epochs															maze_arm	216.0
2770.90675	5.148999999999887	epochs															feedback_and_iti	216.0
2770.90675	0.9847500000000764	epochs															feedback_delay	216.0
2771.913	1.9765000000002146	epochs															feedback	216.0
2774.099	1.956749999999829	epochs															iti	216.0
2776.07525	6.057000000000244	epochs															maze	217.0
2776.07525	4.605750000000171	epochs															maze_stem	217.0
2776.0925	11.247749999999996	trials	False	False	False	True	False	True	[0.1204601  0.87953985 0.91053325 0.08946676]	-0.7900731191039085	-0.030993372201919556	0.39503657445311546	0.015496674925088882	0.9105332493782043	[16553 16553 16553 16552 16552]	[16588 16588 16588 16588 16588]		
2780.6975	1.4347499999998945	epochs															maze_arm	217.0
2782.14825	5.173499999999876	epochs															feedback_and_iti	217.0
2782.14825	0.9849999999996726	epochs															feedback_delay	217.0
2783.14975	1.993249999999989	epochs															feedback	217.0
2785.3325	1.9892500000000837	epochs															iti	217.0
2787.34025	7.282999999999902	epochs															maze	218.0
2787.34025	4.974999999999909	epochs															maze_stem	218.0
2787.35875	12.460000000000036	trials	False	False	False	True	False	True	[0.15940909 0.84059089 0.94383562 0.05616441]	-0.7844265028834343	-0.10324469953775406	0.39221326261758804	0.05162235349416733	0.9438356161117554	[16621 16620 16620 16620 16620]	[16663 16663 16663 16663 16662]		
2792.3335	2.2897499999999127	epochs															maze_arm	218.0
2794.63825	5.160249999999905	epochs															feedback_and_iti	218.0
2794.63825	0.98824999999988	epochs															feedback_delay	218.0
2795.64275	1.9862499999999272	epochs															feedback	218.0
2797.8125	1.9859999999998763	epochs															iti	218.0
2799.81875	11.959499999999935	epochs															maze	219.0
2799.81875	9.151499999999942	epochs															maze_stem	219.0
2799.839	17.147500000000036	trials	False	False	False	False	True	True	[0.15655412 0.84344584 0.94449025 0.05550981]	-0.7879360802471638	-0.10104436054825783	0.39396801218390465	-0.050522174686193466	0.8434458374977112	[16695 16695 16695 16695 16695]	[16766 16766 16766 16766 16765]		
2808.98975	2.788499999999658	epochs															maze_arm	219.0
2811.79775	5.168749999999818	epochs															feedback_and_iti	219.0
2811.79775	0.9902499999998327	epochs															feedback_delay	219.0
2812.81	1.97524999999996	epochs															feedback	219.0
2814.975	1.9915000000000873	epochs															iti	219.0
2816.9865	7.2905000000000655	epochs															maze	220.0
2816.9865	5.720249999999851	epochs															maze_stem	220.0
2817.0095	12.489000000000033	trials	False	False	False	False	True	True	[0.11529512 0.88470489 0.92332619 0.07667373]	-0.808031115680933	-0.03862134739756584	0.40401557832956314	-0.019310690462589264	0.8847048878669739	[16798 16798 16798 16798 16798]	[16841 16841 16841 16840 16840]		
2822.72625	1.55074999999988	epochs															maze_arm	220.0
2824.29675	5.182999999999993	epochs															feedback_and_iti	220.0
2824.29675	0.9965000000001965	epochs															feedback_delay	220.0
2825.315	1.980750000000171	epochs															feedback	220.0
2827.4835	1.9962500000001455	epochs															iti	220.0
2829.4985	6.42049999999972	epochs															maze	221.0
2829.4985	5.0477499999997235	epochs															maze_stem	221.0
2829.51875	11.592999999999847	trials	True	False	False	True	False	True	[0.09761525 0.9023847  0.91926152 0.08073851]	-0.821646224707365	-0.01687677577137947	0.41082313284277916	0.008438382297754288	0.9192615151405334	[16873 16873 16873 16873 16873]	[16911 16911 16910 16910 16910]		
2834.566	1.3530000000000655	epochs															maze_arm	221.0
2835.9395	5.153000000000247	epochs															feedback_and_iti	221.0
2835.9395	0.9832500000002256	epochs															feedback_delay	221.0
2836.94475	1.9744999999998072	epochs															feedback	221.0
2839.1055	1.98700000000008	epochs															iti	221.0
2841.11175	6.208999999999833	epochs															maze	222.0
2841.11175	4.988499999999931	epochs															maze_stem	222.0
2841.13075	11.393000000000029	trials	False	False	False	True	False	True	[0.11176784 0.88823211 0.94558275 0.05441728]	-0.8338148687034845	-0.05735060013830662	0.4169074520468712	0.028675295412540436	0.9455827474594116	[16943 16943 16943 16942 16942]	[16979 16979 16979 16979 16978]		
2846.1185	1.2022499999998217	epochs															maze_arm	222.0
2847.34575	5.153999999999996	epochs															feedback_and_iti	222.0
2847.34575	0.9760000000001128	epochs															feedback_delay	222.0
2848.3385	1.9890000000000327	epochs															feedback	222.0
2850.511	1.9887499999999818	epochs															iti	222.0
2852.52375	6.057749999999942	epochs															maze	223.0
2852.52375	4.720000000000255	epochs															maze_stem	223.0
2852.54725	11.242499999999836	trials	True	False	False	True	False	True	[0.11281081 0.88718921 0.9438476  0.05615238]	-0.8310368042439222	-0.05665840767323971	0.4155183918774128	0.02832920476794243	0.9438475966453552	[17011 17011 17011 17011 17011]	[17047 17047 17046 17046 17046]		
2857.2625	1.31899999999996	epochs															maze_arm	223.0
2858.601	5.168749999999818	epochs															feedback_and_iti	223.0
2858.601	0.9825000000000728	epochs															feedback_delay	223.0
2859.6055	1.9787499999997635	epochs															feedback	223.0
2861.7805	1.9892500000000837	epochs															iti	223.0
2863.78975	5.547500000000127	epochs															maze	224.0
2863.78975	4.411250000000109	epochs															maze_stem	224.0
2863.80925	10.75525000000016	trials	True	False	False	True	False	True	[0.11348558 0.88651443 0.94731963 0.05268041]	-0.8338340297341347	-0.06080518662929535	0.41691702231764793	0.03040260449051857	0.9473196268081665	[17079 17079 17079 17078 17078]	[17111 17111 17111 17111 17110]		
2868.22	1.11725000000024	epochs															maze_arm	224.0
2869.35775	5.188000000000102	epochs															feedback_and_iti	224.0
2869.35775	0.9932499999999891	epochs															feedback_delay	224.0
2870.3715	1.9862499999999272	epochs															feedback	224.0
2872.5605	1.9852500000001783	epochs															iti	224.0
2874.5645	5.9272500000001855	epochs															maze	225.0
2874.5645	4.715749999999844	epochs															maze_stem	225.0
2874.583	11.114999999999782	trials	False	False	False	True	False	True	[0.10991179 0.8900882  0.94701439 0.0529856 ]	-0.8371026013046503	-0.056926192715764046	0.4185512997210026	0.02846309170126915	0.9470143914222717	[17144 17143 17143 17143 17143]	[17178 17178 17178 17178 17177]		
2879.297	1.1947500000001128	epochs															maze_arm	225.0
2880.51	5.168999999999869	epochs															feedback_and_iti	225.0
2880.51	1.0	epochs															feedback_delay	225.0
2881.5275	1.9825000000000728	epochs															feedback	225.0
2883.69325	1.9857500000002801	epochs															iti	225.0
2885.698	6.903749999999945	epochs															maze	226.0
2885.698	5.484750000000076	epochs															maze_stem	226.0
2885.718	12.09875000000011	trials	False	False	False	False	True	True	[0.11112449 0.88887548 0.94581687 0.05418309]	-0.8346923924982548	-0.05694139376282692	0.41734619811177254	-0.028470713645219803	0.8888754844665527	[17210 17210 17210 17210 17209]	[17251 17251 17250 17250 17250]		
2891.20125	1.400499999999738	epochs															maze_arm	226.0
2892.62275	5.175249999999778	epochs															feedback_and_iti	226.0
2892.62275	0.9850000000001273	epochs															feedback_delay	226.0
2893.62925	1.9897500000001855	epochs															feedback	226.0
2895.8155	1.982499999999618	epochs															iti	226.0
2897.81675	6.125750000000153	epochs															maze	227.0
2897.81675	4.6147500000001855	epochs															maze_stem	227.0
2897.83475	11.296499999999924	trials	False	False	False	True	False	True	[0.09020527 0.90979475 0.92905492 0.07094511]	-0.8388496413826942	-0.019260160624980927	0.4194248244166374	0.009630091488361359	0.9290549159049988	[17283 17283 17283 17282 17282]	[17319 17319 17318 17318 17318]		
2902.44775	1.4947500000002947	epochs															maze_arm	227.0
2903.96025	5.15099999999984	epochs															feedback_and_iti	227.0
2903.96025	0.9837499999998727	epochs															feedback_delay	227.0
2904.96175	1.9859999999998763	epochs															feedback	227.0
2907.13175	1.9794999999999163	epochs															iti	227.0
2909.13125	5.621000000000095	epochs															maze	228.0
2909.13125	4.176249999999982	epochs															maze_stem	228.0
2909.1495	10.797500000000127	trials	False	False	False	False	True	True	[0.11071277 0.88928723 0.94864446 0.05135547]	-0.8379317261278629	-0.059357259422540665	0.4189658798277378	-0.029678646475076675	0.8892872333526611	[17351 17351 17350 17350 17350]	[17384 17383 17383 17383 17383]		
2913.328	1.424250000000029	epochs															maze_arm	228.0
2914.77325	5.155499999999847	epochs															feedback_and_iti	228.0
2914.77325	0.9797499999999673	epochs															feedback_delay	228.0
2915.77575	1.9760000000001128	epochs															feedback	228.0
2917.9355	1.993249999999989	epochs															iti	228.0
2919.947	5.706249999999727	epochs															maze	229.0
2919.947	4.4465000000000146	epochs															maze_stem	229.0
2919.96625	10.900000000000091	trials	True	False	False	True	False	True	[0.09366158 0.90633839 0.93067235 0.06932758]	-0.8370107896625996	-0.024333979934453964	0.41850538179278374	0.012166965752840042	0.9306723475456238	[17416 17415 17415 17415 17415]	[17449 17449 17448 17448 17448]		
2924.413	1.2402499999998327	epochs															maze_arm	229.0
2925.67375	5.172500000000127	epochs															feedback_and_iti	229.0
2925.67375	0.9835000000002765	epochs															feedback_delay	229.0
2926.67775	1.9902500000002874	epochs															feedback	229.0
2928.8495	1.9967500000002474	epochs															iti	229.0
2930.86625	5.964249999999993	epochs															maze	230.0
2930.86625	4.530749999999898	epochs															maze_stem	230.0
2930.88575	11.130999999999858	trials	True	False	False	False	True	True	[0.10132239 0.89867759 0.95019764 0.04980239]	-0.8488752208650112	-0.05152002349495888	0.42443759739398956	-0.02576000988483429	0.8986775875091553	[17481 17481 17481 17480 17480]	[17516 17516 17515 17515 17515]		
2935.4165	1.4140000000002146	epochs															maze_arm	230.0
2936.84975	5.1472499999999854	epochs															feedback_and_iti	230.0
2936.84975	0.9960000000000946	epochs															feedback_delay	230.0
2937.86575	1.9657499999998436	epochs															feedback	230.0
2940.004	1.9929999999999382	epochs															iti	230.0
2942.01675	6.511000000000422	epochs															maze	231.0
2942.01675	5.19275000000016	epochs															maze_stem	231.0
2942.0355	11.694250000000011	trials	False	False	False	True	False	True	[0.09632442 0.90367556 0.93350399 0.06649595]	-0.8371795862913132	-0.029828451573848724	0.4185897819697857	0.014914203435182571	0.9335039854049683	[17548 17548 17548 17547 17547]	[17586 17586 17586 17585 17585]		
2947.2275	1.3002500000002328	epochs															maze_arm	231.0
2948.543	5.167249999999967	epochs															feedback_and_iti	231.0
2948.543	0.9864999999999782	epochs															feedback_delay	231.0
2949.54475	1.9887499999999818	epochs															feedback	231.0
2951.73125	1.9790000000002692	epochs															iti	231.0
2953.72975	5.971750000000156	epochs															maze	232.0
2953.72975	4.704999999999927	epochs															maze_stem	232.0
2953.7475	11.149249999999938	trials	True	False	False	True	False	True	[0.10984543 0.89015454 0.95041293 0.04958704]	-0.84056749753654	-0.06025838665664196	0.4202837496995926	0.03012917935848236	0.950412929058075	[17618 17618 17618 17618 17617]	[17653 17653 17653 17652 17652]		
2958.4535	1.2480000000000473	epochs															maze_arm	232.0
2959.72225	5.15625	epochs															feedback_and_iti	232.0
2959.72225	0.999000000000251	epochs															feedback_delay	232.0
2960.74175	1.9649999999996908	epochs															feedback	232.0
2962.892	1.9864999999999782	epochs															iti	232.0
2964.89675	6.212500000000091	epochs															maze	233.0
2964.89675	4.8907500000000255	epochs															maze_stem	233.0
2964.91525	11.390499999999975	trials	False	False	False	True	False	True	[0.10789295 0.89210701 0.9495396  0.05046033]	-0.8416466657072306	-0.05743260122835636	0.4208233281970024	0.028716273605823517	0.9495396018028259	[17685 17685 17685 17685 17684]	[17721 17721 17721 17721 17721]		
2969.804	1.3052499999998872	epochs															maze_arm	233.0
2971.12625	5.154500000000098	epochs															feedback_and_iti	233.0
2971.12625	0.9997500000004038	epochs															feedback_delay	233.0
2972.1415	1.9677499999997963	epochs															feedback	233.0
2974.3015	1.9792499999998654	epochs															iti	233.0
2976.30575	5.911000000000058	epochs															maze	234.0
2976.30575	4.521749999999884	epochs															maze_stem	234.0
2976.33	11.078750000000127	trials	False	False	False	False	True	True	[0.10606403 0.89393592 0.94757473 0.05242526]	-0.8415106814354658	-0.05363879166543484	0.42075532861053944	-0.026819409802556038	0.8939359188079834	[17754 17753 17753 17753 17753]	[17788 17788 17788 17787 17787]		
2980.846	1.3707500000000437	epochs															maze_arm	234.0
2982.238	5.14850000000024	epochs															feedback_and_iti	234.0
2982.238	0.9982500000000982	epochs															feedback_delay	234.0
2983.258	1.9600000000000364	epochs															feedback	234.0
2985.40675	1.9797499999999673	epochs															iti	234.0
2987.40875	6.018749999999727	epochs															maze	235.0
2987.40875	4.782000000000153	epochs															maze_stem	235.0
2987.43075	11.201500000000124	trials	False	False	False	True	False	True	[0.08936305 0.9106369  0.93220979 0.06779022]	-0.8428467102348804	-0.021572861820459366	0.42142336815595627	0.010786421597003937	0.9322097897529602	[17820 17820 17820 17819 17819]	[17855 17855 17855 17855 17854]		
2992.209	1.218499999999949	epochs															maze_arm	235.0
2993.44275	5.16924999999992	epochs															feedback_and_iti	235.0
2993.44275	0.9874999999997272	epochs															feedback_delay	235.0
2994.445	1.9884999999999309	epochs															feedback	235.0
2996.61875	1.993249999999989	epochs															iti	235.0
2998.63225	6.175249999999778	epochs															maze	236.0
2998.63225	4.718499999999949	epochs															maze_stem	236.0
2998.6505	11.347999999999956	trials	True	False	False	False	True	True	[0.10817119 0.89182884 0.94970483 0.0502952 ]	-0.8415336310863495	-0.057875990867614746	0.42076681554317474	-0.02893798053264618	0.8918288350105286	[17887 17887 17887 17887 17887]	[17923 17923 17923 17923 17923]		
3003.37	1.4375	epochs															maze_arm	236.0
3004.82925	5.149500000000444	epochs															feedback_and_iti	236.0
3004.82925	0.9877500000002328	epochs															feedback_delay	236.0
3005.8375	1.9707499999999527	epochs															feedback	236.0
3007.9895	1.9892500000000837	epochs															iti	236.0
3009.9985	6.8215000000000146	epochs															maze	237.0
3009.9985	5.5402500000000146	epochs															maze_stem	237.0
3010.02	12.001999999999953	trials	False	False	False	False	True	True	[0.11039856 0.88960147 0.93694729 0.06305271]	-0.8265487439930439	-0.0473458357155323	0.4132743813097477	-0.023672912269830704	0.889601469039917	[17956 17955 17955 17955 17955]	[17995 17995 17995 17995 17995]		
3015.55925	1.260750000000371	epochs															maze_arm	237.0
3016.842	5.157999999999902	epochs															feedback_and_iti	237.0
3016.842	0.9929999999999382	epochs															feedback_delay	237.0
3017.85825	1.9682499999998981	epochs															feedback	237.0
3020.00375	1.9962500000001455	epochs															iti	237.0
3022.022	6.107750000000124	epochs															maze	238.0
3022.022	4.8087500000001455	epochs															maze_stem	238.0
3022.042	11.296749999999975	trials	True	False	False	True	False	True	[0.08388102 0.91611892 0.93113673 0.06886323]	-0.8472556993365288	-0.015017800033092499	0.4236278533935547	0.00750887393951416	0.9311367273330688	[18028 18027 18027 18027 18027]	[18063 18063 18063 18063 18062]		
3026.8485	1.28125	epochs															maze_arm	238.0
3028.14875	5.170500000000175	epochs															feedback_and_iti	238.0
3028.14875	0.9840000000003783	epochs															feedback_delay	238.0
3029.152	1.993750000000091	epochs															feedback	238.0
3031.33125	1.987999999999829	epochs															iti	238.0
3033.33875	6.719750000000204	epochs															maze	239.0
3033.33875	5.3022500000001855	epochs															maze_stem	239.0
3033.35825	11.924749999999676	trials	True	False	False	False	True	True	[0.08790516 0.91209483 0.94869792 0.05130207]	-0.860792763531208	-0.03660309314727783	0.430396381765604	-0.018301550298929214	0.9120948314666748	[18095 18095 18095 18095 18095]	[18135 18135 18134 18134 18134]		
3038.66025	1.3982500000001892	epochs															maze_arm	239.0
3040.079	5.18224999999984	epochs															feedback_and_iti	239.0
3040.079	0.9794999999999163	epochs															feedback_delay	239.0
3041.079	1.999749999999949	epochs															feedback	239.0
3043.262	1.9992499999998472	epochs															iti	239.0
3045.283	6.060750000000098	epochs															maze	240.0
3045.283	4.628000000000156	epochs															maze_stem	240.0
3045.30225	11.245249999999942	trials	False	False	False	False	True	True	[0.08984461 0.91015536 0.93301487 0.06698512]	-0.8431702479720116	-0.02285950630903244	0.4215851202607155	-0.011429764330387115	0.9101553559303284	[18167 18167 18167 18166 18166]	[18202 18202 18202 18202 18202]		
3049.931	1.41274999999996	epochs															maze_arm	240.0
3051.365	5.1652500000000146	epochs															feedback_and_iti	240.0
3051.365	0.9942500000001928	epochs															feedback_delay	240.0
3052.38125	1.981499999999869	epochs															feedback	240.0
3054.5415	1.9887499999999818	epochs															iti	240.0
3056.5475	6.043249999999716	epochs															maze	241.0
3056.5475	4.380499999999756	epochs															maze_stem	241.0
3056.5655	11.239249999999629	trials	False	False	False	True	False	True	[0.07754194 0.92245811 0.93007463 0.06992541]	-0.8525326997041702	-0.0076165273785591125	0.4262663461267948	0.003808286041021347	0.9300746321678162	[18235 18234 18234 18234 18234]	[18270 18270 18269 18269 18269]		
3060.94425	1.6464999999998327	epochs															maze_arm	241.0
3062.60675	5.168750000000273	epochs															feedback_and_iti	241.0
3062.60675	0.9850000000001273	epochs															feedback_delay	241.0
3063.609	1.9890000000000327	epochs															feedback	241.0
3065.7795	1.9960000000000946	epochs															iti	241.0
3067.80475	6.303750000000036	epochs															maze	242.0
3067.80475	5.04950000000008	epochs															maze_stem	242.0
3067.825	11.50649999999996	trials	True	False	False	True	False	True	[0.08840683 0.9115932  0.94702357 0.05297639]	-0.8586167749017477	-0.03543040715157986	0.42930836975574493	0.017715200781822205	0.9470235705375671	[18302 18302 18302 18302 18301]	[18339 18339 18339 18338 18338]		
3072.87325	1.2352499999997235	epochs															maze_arm	242.0
3074.129	5.181250000000091	epochs															feedback_and_iti	242.0
3074.129	0.9802500000000691	epochs															feedback_delay	242.0
3075.13025	1.9959999999996398	epochs															feedback	242.0
3077.31875	1.9915000000000873	epochs															iti	242.0
3079.3315	6.901250000000346	epochs															maze	243.0
3079.3315	5.421750000000429	epochs															maze_stem	243.0
3079.3505	12.086249999999836	trials	False	False	False	False	True	True	[0.0878616  0.91213834 0.94804573 0.05195431]	-0.8601840771734715	-0.03590733930468559	0.4300920143723488	-0.017953671514987946	0.9121383428573608	[18371 18371 18371 18371 18370]	[18412 18411 18411 18411 18411]		
3084.773	1.4597499999999854	epochs															maze_arm	243.0
3086.252	5.164749999999913	epochs															feedback_and_iti	243.0
3086.252	0.99350000000004	epochs															feedback_delay	243.0
3087.269	1.9700000000002547	epochs															feedback	243.0
3089.426	1.9907499999999345	epochs															iti	243.0
3091.43675	5.799250000000029	epochs															maze	244.0
3091.43675	4.41025000000036	epochs															maze_stem	244.0
3091.45475	10.987250000000131	trials	True	False	False	False	True	True	[0.07369204 0.92630798 0.92859852 0.07140142]	-0.8549065180122852	-0.0022905804216861725	0.42745327576994896	-0.0011452995240688324	0.9263079762458801	[18444 18444 18443 18443 18443]	[18478 18477 18477 18477 18477]		
3095.868	1.3679999999999382	epochs															maze_arm	244.0
3097.255	5.163000000000011	epochs															feedback_and_iti	244.0
3097.255	0.9972499999998945	epochs															feedback_delay	244.0
3098.27275	1.968499999999949	epochs															feedback	244.0
3100.4275	1.9905000000003383	epochs															iti	244.0
3102.442	6.550249999999778	epochs															maze	245.0
3102.442	5.195499999999811	epochs															maze_stem	245.0
3102.462	11.7487500000002	trials	False	False	False	True	False	True	[0.08644294 0.91355705 0.93163919 0.06836081]	-0.8451962471008301	-0.018082134425640106	0.42259812727570534	0.009041067212820053	0.9316391944885254	[18510 18510 18509 18509 18509]	[18548 18548 18548 18547 18547]		
3107.654	1.338249999999789	epochs															maze_arm	245.0
3109.00975	5.177749999999833	epochs															feedback_and_iti	245.0
3109.00975	0.9969999999998436	epochs															feedback_delay	245.0
3110.0245	1.9727499999999054	epochs															feedback	245.0
3112.187	2.000500000000102	epochs															iti	245.0
3114.21075	5.7345000000000255	epochs															maze	246.0
3114.21075	4.402749999999742	epochs															maze_stem	246.0
3114.232	10.913500000000113	trials	False	False	False	True	False	True	[0.09377489 0.90622514 0.94885987 0.05114021]	-0.8550849575549364	-0.04263470508158207	0.4275424890220165	0.021317381411790848	0.9488598704338074	[18580 18580 18580 18580 18580]	[18614 18614 18613 18613 18613]		
3118.6315	1.3137500000002547	epochs															maze_arm	246.0
3119.9635	5.163000000000011	epochs															feedback_and_iti	246.0
3119.9635	0.9837500000003274	epochs															feedback_delay	246.0
3120.9655	1.9852500000001783	epochs															feedback	246.0
3123.15225	1.9742499999997563	epochs															iti	246.0
3125.1455	5.161000000000058	epochs															maze	247.0
3125.1455	3.9707499999999527	epochs															maze_stem	247.0
3125.164	10.366999999999734	trials	False	False	False	True	False	True	[0.09213173 0.90786821 0.94684434 0.05315566]	-0.8547125775367022	-0.038976097479462624	0.42735630646348	0.019488032907247543	0.9468443393707275	[18646 18646 18645 18645 18645]	[18676 18676 18675 18675 18675]		
3129.13525	1.1712500000003274	epochs															maze_arm	247.0
3130.32325	5.187249999999949	epochs															feedback_and_iti	247.0
3130.32325	0.9832500000002256	epochs															feedback_delay	247.0
3131.324	1.9989999999997963	epochs															feedback	247.0
3133.51375	1.9967499999997926	epochs															iti	247.0
3135.531	7.173749999999927	epochs															maze	248.0
3135.531	5.653000000000247	epochs															maze_stem	248.0
3135.552	12.351249999999709	trials	False	False	False	False	True	True	[0.0907689  0.90923113 0.94709575 0.05290429]	-0.8563268482685089	-0.03786461800336838	0.42816342040896416	-0.018932294100522995	0.9092311263084412	[18708 18708 18708 18708 18707]	[18750 18750 18750 18750 18749]		
3141.203	1.5017499999999018	epochs															maze_arm	248.0
3142.726	5.158750000000055	epochs															feedback_and_iti	248.0
3142.726	0.9947499999998399	epochs															feedback_delay	248.0
3143.743	1.9667500000000473	epochs															feedback	248.0
3145.895	1.9897500000001855	epochs															iti	248.0
3147.90325	6.573250000000371	epochs															maze	249.0
3147.90325	4.8282500000000255	epochs															maze_stem	249.0
3147.92325	11.773000000000138	trials	False	False	False	False	True	True	[0.08101641 0.91898358 0.93004006 0.06995996]	-0.8490236364305019	-0.011056464165449142	0.4245118089020252	-0.005528230220079422	0.9189835786819458	[18782 18782 18782 18782 18782]	[18821 18821 18820 18820 18820]		
3152.751	1.725500000000011	epochs															maze_arm	249.0
3154.49775	5.177999999999884	epochs															feedback_and_iti	249.0
3154.49775	0.9920000000001892	epochs															feedback_delay	249.0
3155.512	1.9777500000000146	epochs															feedback	249.0
3157.6845	1.9912500000000364	epochs															iti	249.0
3159.69625	6.997749999999996	epochs															maze	250.0
3159.69625	4.60674999999992	epochs															maze_stem	250.0
3159.71625	12.166000000000167	trials	False	True	True	True	True	True	[0.0757217  0.92427826 0.92818087 0.07181912]	-0.852459155023098	-0.0039025992155075073	-0.4262295700609684	-0.001951310783624649	0.07181911915540695	[18853 18853 18853 18852 18852]	[18894 18894 18894 18893 18893]		
3164.32275	2.3712500000001455	epochs															maze_arm	250.0
3166.711	5.150500000000193	epochs															feedback_and_iti	250.0
3166.711	0.9907500000003893	epochs															feedback_delay	250.0
3167.71975	1.9774999999999636	epochs															feedback	250.0
3169.883	1.9785000000001673	epochs															iti	250.0
3171.88225	6.598750000000109	epochs															maze	251.0
3171.88225	4.569500000000062	epochs															maze_stem	251.0
3171.902	11.768750000000182	trials	False	True	False	True	True	True	[0.07837244 0.92162758 0.8338626  0.16613737]	-0.7554901875555515	0.08776495233178139	-0.3777451068162918	0.043882474303245544	0.16613736748695374	[18926 18926 18926 18926 18925]	[18965 18965 18964 18964 18964]		
3176.4715	2.0095000000001164	epochs															maze_arm	251.0
3178.4965	5.153249999999844	epochs															feedback_and_iti	251.0
3178.4965	0.9949999999998909	epochs															feedback_delay	251.0
3179.50775	1.974999999999909	epochs															feedback	251.0
3181.66825	1.981499999999869	epochs															iti	251.0
3183.67075	6.049999999999727	epochs															maze	252.0
3183.67075	4.1857499999996435	epochs															maze_stem	252.0
3183.69025	11.24350000000004	trials	True	True	False	False	False	True	[0.07358624 0.92641377 0.69154572 0.30845428]	-0.6179594919085503	0.23486804217100143	-0.30897974222898483	-0.11743401736021042	0.07358624041080475	[18997 18997 18996 18996 18996]	[19032 19032 19032 19032 19031]		
3187.876	1.844749999999749	epochs															maze_arm	252.0
3189.7415	5.171249999999873	epochs															feedback_and_iti	252.0
3189.7415	0.9977499999999964	epochs															feedback_delay	252.0
3190.7595	1.9797499999999673	epochs															feedback	252.0
3192.9255	1.987250000000131	epochs															iti	252.0
3194.93375	6.440249999999651	epochs															maze	253.0
3194.93375	5.069999999999709	epochs															maze_stem	253.0
3194.9525	13.465000000000146	trials	False	True	False	True	False	False	[0.10219257 0.89780742 0.78107589 0.21892411]	-0.678883321583271	0.11673153191804886	0.3394416645169258	-0.05836576968431473	0.7810758948326111	[19064 19064 19064 19064 19064]	[19102 19102 19102 19101 19101]		
3200.02375	1.35024999999996	epochs															maze_arm	253.0
3201.391	7.00649999999996	epochs															feedback_and_iti	253.0
3201.391	0.9982500000000982	epochs															feedback_delay	253.0
3202.406	1.968499999999949	epochs															feedback	253.0
3204.40925	3.98824999999988	epochs															iti	253.0
3208.4175	6.781500000000051	epochs															maze	254.0
3208.4175	4.533500000000004	epochs															maze_stem	254.0
3208.4375	11.985999999999876	trials	True	True	False	True	True	True	[0.25590193 0.74409807 0.7428655  0.25713456]	-0.48696354031562805	0.0012325942516326904	-0.24348175525665283	0.0006163120269775391	0.2571345567703247	[19145 19145 19145 19145 19144]	[19185 19185 19184 19184 19184]		
3212.9705	2.2285000000001673	epochs															maze_arm	254.0
3215.21975	5.182499999999891	epochs															feedback_and_iti	254.0
3215.21975	0.9854999999997744	epochs															feedback_delay	254.0
3216.22575	1.9927499999998872	epochs															feedback	254.0
3218.40775	1.9945000000002437	epochs															iti	254.0
3220.4235	8.540250000000015	epochs															maze	255.0
3220.4235	6.4777500000000146	epochs															maze_stem	255.0
3220.44375	15.573750000000018	trials	False	True	False	False	True	False	[0.09347768 0.90652233 0.41125026 0.58874977]	-0.3177725747227669	0.49527207762002945	0.15888628363609314	0.24763604998588562	0.9065223336219788	[19217 19217 19217 19217 19216]	[19267 19267 19267 19267 19267]		
3226.92075	2.0429999999996653	epochs															maze_arm	255.0
3228.98075	7.015999999999622	epochs															feedback_and_iti	255.0
3228.98075	0.9904999999998836	epochs															feedback_delay	255.0
3229.98925	1.9774999999999636	epochs															feedback	255.0
3232.00175	3.994999999999891	epochs															iti	255.0
3236.0175	7.129750000000058	epochs															maze	256.0
3236.0175	5.516500000000178	epochs															maze_stem	256.0
3236.03975	14.171749999999975	trials	False	True	False	True	False	False	[0.19962479 0.80037522 0.46878883 0.5312112 ]	-0.2691640332341194	0.33158639818429947	0.13458202034235	-0.16579318791627884	0.46878883242607117	[19311 19310 19310 19310 19310]	[19352 19352 19352 19352 19352]		
3241.553	1.5942500000001019	epochs															maze_arm	256.0
3243.16475	7.026249999999891	epochs															feedback_and_iti	256.0
3243.16475	0.9830000000001746	epochs															feedback_delay	256.0
3244.16525	1.993249999999989	epochs															feedback	256.0
3246.1975	3.9934999999995853	epochs															iti	256.0
3250.2115	7.263249999999971	epochs															maze	257.0
3250.2115	5.39975000000004	epochs															maze_stem	257.0
3250.2305	14.296749999999975	trials	True	True	False	True	False	False	[0.27054939 0.72945064 0.66244602 0.33755395]	-0.39189666509628296	0.06700459122657776	0.19594831764698029	-0.03350229561328888	0.6624460220336914	[19396 19396 19395 19395 19395]	[19438 19438 19438 19438 19438]		
3255.6305	1.8442499999996471	epochs															maze_arm	257.0
3257.4955	7.011250000000018	epochs															feedback_and_iti	257.0
3257.4955	0.9847500000000764	epochs															feedback_delay	257.0
3258.49925	1.9772500000003674	epochs															feedback	257.0
3260.51825	3.988499999999931	epochs															iti	257.0
3264.52725	5.35550000000012	epochs															maze	258.0
3264.52725	4.0792499999997744	epochs															maze_stem	258.0
3264.54775	12.379749999999603	trials	False	True	False	True	False	False	[0.31647485 0.68352515 0.70882732 0.29117265]	-0.39235247671604156	-0.025302186608314514	0.19617623090744019	0.01265108585357666	0.7088273167610168	[19482 19481 19481 19481 19481]	[19513 19513 19512 19512 19512]		
3268.62675	1.2560000000003129	epochs															maze_arm	258.0
3269.89875	7.007250000000113	epochs															feedback_and_iti	258.0
3269.89875	0.9850000000001273	epochs															feedback_delay	258.0
3270.9	1.9837499999998727	epochs															feedback	258.0
3272.91825	3.987749999999778	epochs															iti	258.0
3276.9275	8.369000000000142	epochs															maze	259.0
3276.9275	6.119500000000244	epochs															maze_stem	259.0
3276.94975	13.547249999999622	trials	False	True	False	False	False	True	[0.31752938 0.68247062 0.7118035  0.2881965 ]	-0.39427411556243896	-0.029332876205444336	-0.19713705778121948	0.014666438102722168	0.3175293803215027	[19556 19556 19556 19555 19555]	[19605 19605 19605 19605 19604]		
3283.06675	2.2297499999999673	epochs															maze_arm	259.0
3285.3135	5.155999999999949	epochs															feedback_and_iti	259.0
3285.3135	0.9852499999997235	epochs															feedback_delay	259.0
3286.31625	1.9812500000002728	epochs															feedback	259.0
3288.4825	1.98700000000008	epochs															iti	259.0
3290.497	6.232500000000073	epochs															maze	260.0
3290.497	4.767500000000382	epochs															maze_stem	260.0
3290.5215	13.261250000000018	trials	False	True	False	True	False	False	[0.41278562 0.58721435 0.77542126 0.22457874]	-0.36263562738895416	-0.18820689618587494	0.18131782114505768	0.09410344064235687	0.7754212617874146	[19637 19637 19637 19637 19636]	[19674 19673 19673 19673 19673]		
3295.28475	1.4447500000001128	epochs															maze_arm	260.0
3296.745	7.016500000000178	epochs															feedback_and_iti	260.0
3296.745	1.0027500000001055	epochs															feedback_delay	260.0
3297.773	1.968499999999949	epochs															feedback	260.0
3299.776	3.985500000000229	epochs															iti	260.0
3303.78275	8.068250000000262	epochs															maze	261.0
3303.78275	6.01825000000008	epochs															maze_stem	261.0
3303.801	15.10674999999992	trials	False	True	False	False	True	False	[0.44811037 0.5518896  0.73411834 0.26588169]	-0.28600794076919556	-0.1822287142276764	0.14300395548343658	-0.0911143571138382	0.5518895983695984	[19717 19717 19717 19716 19716]	[19764 19764 19764 19764 19764]		
3309.82075	2.030250000000251	epochs															maze_arm	261.0
3311.86875	7.020750000000135	epochs															feedback_and_iti	261.0
3311.86875	0.9907499999999345	epochs															feedback_delay	261.0
3312.87775	1.9847500000000764	epochs															feedback	261.0
3314.898	3.9915000000000873	epochs															iti	261.0
3318.90775	9.383500000000367	epochs															maze	262.0
3318.90775	5.72524999999996	epochs															maze_stem	262.0
3318.929	16.410249999999905	trials	False	True	False	False	True	False	[0.35271364 0.6472863  0.6102047  0.3897953 ]	-0.25749102234840393	0.037081629037857056	0.12874549627304077	0.018540799617767334	0.6472862958908081	[19808 19807 19807 19807 19807]	[19863 19863 19863 19862 19862]		
3324.6515	3.6397500000002765	epochs															maze_arm	262.0
3328.3065	7.0099999999997635	epochs															feedback_and_iti	262.0
3328.3065	0.9984999999996944	epochs															feedback_delay	262.0
3329.3235	1.9700000000002547	epochs															feedback	262.0
3331.33275	3.9837499999998727	epochs															iti	262.0
3335.33925	8.944250000000011	epochs															maze	263.0
3335.33925	7.062750000000051	epochs															maze_stem	263.0
3335.362	15.98824999999988	trials	False	True	False	True	False	False	[0.32309824 0.67690176 0.5947122  0.40528777]	-0.2716139703989029	0.08218954503536224	0.13580697774887085	-0.04109477996826172	0.5947121977806091	[19906 19906 19906 19906 19905]	[19959 19959 19958 19958 19958]		
3342.422	1.8614999999999782	epochs															maze_arm	263.0
3344.3005	7.030750000000353	epochs															feedback_and_iti	263.0
3344.3005	0.986250000000382	epochs															feedback_delay	263.0
3345.30325	1.9940000000001419	epochs															feedback	263.0
3347.33675	3.9945000000002437	epochs															iti	263.0
3351.35025	7.242749999999887	epochs															maze	264.0
3351.35025	5.733499999999822	epochs															maze_stem	264.0
3351.37075	12.424250000000029	trials	False	True	False	False	False	True	[0.40369833 0.59630162 0.71167779 0.28832221]	-0.30797943472862244	-0.11537614464759827	-0.1539897322654724	0.05768805742263794	0.4036983251571655	[20002 20002 20002 20002 20001]	[20045 20044 20044 20044 20044]		
3357.10175	1.4912500000000364	epochs															maze_arm	264.0
3358.60875	5.164749999999913	epochs															feedback_and_iti	264.0
3358.60875	0.992500000000291	epochs															feedback_delay	264.0
3359.62	1.9830000000001746	epochs															feedback	264.0
3361.795	1.9784999999997126	epochs															iti	264.0
3363.795	7.45049999999992	epochs															maze	265.0
3363.795	6.182999999999993	epochs															maze_stem	265.0
3363.81625	14.484249999999975	trials	False	True	False	True	False	False	[0.63753128 0.36246872 0.79321754 0.20678242]	-0.15568628162145615	-0.4307488426566124	0.07784312963485718	0.2153744101524353	0.7932175397872925	[20077 20077 20076 20076 20076]	[20120 20120 20120 20120 20120]		
3369.998	1.2474999999999454	epochs															maze_arm	265.0
3371.26075	7.020750000000135	epochs															feedback_and_iti	265.0
3371.26075	0.9845000000000255	epochs															feedback_delay	265.0
3372.26325	1.9954999999999927	epochs															feedback	265.0
3374.296	3.985500000000229	epochs															iti	265.0
3378.3005	5.856999999999971	epochs															maze	266.0
3378.3005	4.366250000000036	epochs															maze_stem	266.0
3378.32075	12.905500000000302	trials	True	True	False	True	False	False	[0.5678907  0.43210927 0.73526156 0.26473847]	-0.16737082600593567	-0.30315226316452026	0.08368542790412903	0.15157613158226013	0.7352615594863892	[20164 20163 20163 20163 20163]	[20198 20198 20197 20197 20197]		
3382.68625	1.4712499999995998	epochs															maze_arm	266.0
3384.178	7.0277500000001965	epochs															feedback_and_iti	266.0
3384.178	0.9960000000000946	epochs															feedback_delay	266.0
3385.195	1.975999999999658	epochs															feedback	266.0
3387.206	3.999749999999949	epochs															iti	266.0
3391.22625	7.971749999999702	epochs															maze	267.0
3391.22625	5.775249999999687	epochs															maze_stem	267.0
3391.246	13.158249999999953	trials	False	True	False	True	True	True	[0.55892056 0.44107944 0.7389096  0.2610904 ]	-0.1799890398979187	-0.29783016443252563	-0.08999451994895935	-0.14891508221626282	0.26109039783477783	[20241 20241 20241 20241 20240]	[20288 20288 20288 20287 20287]		
3397.02125	2.1767500000000837	epochs															maze_arm	267.0
3399.21525	5.165749999999662	epochs															feedback_and_iti	267.0
3399.21525	0.9937499999996362	epochs															feedback_delay	267.0
3400.2265	1.9862499999999272	epochs															feedback	267.0
3402.39725	1.9837499999998727	epochs															iti	267.0
3404.40425	6.702749999999924	epochs															maze	268.0
3404.40425	5.330500000000029	epochs															maze_stem	268.0
3404.42475	13.736750000000029	trials	False	True	False	False	True	False	[0.37499467 0.62500536 0.40262321 0.59737676]	-0.027628570795059204	0.22238212823867798	0.013814300298690796	0.11119106411933899	0.6250053644180298	[20320 20320 20320 20320 20319]	[20359 20359 20359 20359 20359]		
3409.753	1.3539999999998145	epochs															maze_arm	268.0
3411.1245	7.0157500000000255	epochs															feedback_and_iti	268.0
3411.1245	0.9857500000002801	epochs															feedback_delay	268.0
3412.1285	1.9842499999999745	epochs															feedback	268.0
3414.148	3.9922499999997854	epochs															iti	268.0
3418.1615	7.4909999999999854	epochs															maze	269.0
3418.1615	5.655249999999796	epochs															maze_stem	269.0
3418.18175	14.536249999999654	trials	False	True	False	False	True	False	[0.3834379  0.61656207 0.45519707 0.5448029 ]	-0.0717591643333435	0.16136500239372253	0.03587958216667175	0.08068248629570007	0.6165620684623718	[20403 20402 20402 20402 20402]	[20447 20446 20446 20446 20446]		
3423.83725	1.8152500000001055	epochs															maze_arm	269.0
3425.66975	7.027999999999793	epochs															feedback_and_iti	269.0
3425.66975	0.9867500000000291	epochs															feedback_delay	269.0
3426.674	1.9915000000000873	epochs															feedback	269.0
3428.7005	3.9972499999998945	epochs															iti	269.0
3432.718	7.595000000000255	epochs															maze	270.0
3432.718	5.610250000000178	epochs															maze_stem	270.0
3432.73825	14.627750000000106	trials	False	True	False	False	True	False	[0.34725246 0.65274757 0.45947662 0.54052335]	-0.11222419142723083	0.19327092170715332	0.05611211061477661	0.09663546085357666	0.6527475714683533	[20490 20490 20490 20489 20489]	[20535 20534 20534 20534 20534]		
3438.34825	1.9647500000000946	epochs															maze_arm	270.0
3440.33025	7.012000000000171	epochs															feedback_and_iti	270.0
3440.33025	0.9924999999998363	epochs															feedback_delay	270.0
3441.34075	1.9729999999999563	epochs															feedback	270.0
3443.3495	3.992750000000342	epochs															iti	270.0
3447.366	6.833250000000135	epochs															maze	271.0
3447.366	5.273000000000138	epochs															maze_stem	271.0
3447.3885	13.872249999999894	trials	False	True	False	True	False	False	[0.31701362 0.68298638 0.46098021 0.53901976]	-0.14396660029888153	0.222006157040596	0.07198329269886017	-0.1110030859708786	0.46098020672798157	[20578 20578 20577 20577 20577]	[20618 20618 20617 20617 20617]		
3452.65725	1.5419999999999163	epochs															maze_arm	271.0
3454.21625	7.022500000000036	epochs															feedback_and_iti	271.0
3454.21625	0.9892500000000837	epochs															feedback_delay	271.0
3455.22375	1.9854999999997744	epochs															feedback	271.0
3457.24725	3.9915000000000873	epochs															iti	271.0
3461.26075	7.529250000000047	epochs															maze	272.0
3461.26075	5.9532500000000255	epochs															maze_stem	272.0
3461.28225	12.69549999999981	trials	False	True	False	False	False	True	[0.40713531 0.59286469 0.64289021 0.35710973]	-0.23575493693351746	-0.05002555251121521	-0.11787745356559753	0.02501276135444641	0.4071353077888489	[20661 20661 20661 20660 20660]	[20705 20705 20705 20705 20704]		
3467.2345	1.5554999999999382	epochs															maze_arm	272.0
3468.8055	5.152000000000044	epochs															feedback_and_iti	272.0
3468.8055	0.9880000000002838	epochs															feedback_delay	272.0
3469.81225	1.9797499999999673	epochs															feedback	272.0
3471.968	1.9895000000001346	epochs															iti	272.0
3473.97775	6.8907500000000255	epochs															maze	273.0
3473.97775	5.243750000000091	epochs															maze_stem	273.0
3473.99775	13.924750000000131	trials	False	True	False	True	False	False	[0.64009833 0.3599017  0.69763726 0.30236274]	-0.057538941502571106	-0.337735578417778	0.028769463300704956	0.1688677966594696	0.6976372599601746	[20737 20737 20737 20737 20737]	[20778 20777 20777 20777 20777]		
3479.2425	1.6260000000002037	epochs															maze_arm	273.0
3480.8855	7.016000000000076	epochs															feedback_and_iti	273.0
3480.8855	0.9867500000000291	epochs															feedback_delay	273.0
3481.89	1.9882500000003347	epochs															feedback	273.0
3483.91425	3.987250000000131	epochs															iti	273.0
3487.9225	7.292750000000069	epochs															maze	274.0
3487.9225	5.602249999999913	epochs															maze_stem	274.0
3487.94225	12.483499999999822	trials	True	True	False	True	True	True	[0.58445925 0.41554072 0.70527911 0.29472092]	-0.12081983685493469	-0.28973835706710815	-0.06040990352630615	-0.14486917853355408	0.29472091794013977	[20821 20821 20821 20820 20820]	[20864 20864 20863 20863 20863]		
3493.544	1.6712500000003274	epochs															maze_arm	274.0
3495.23625	5.169750000000022	epochs															feedback_and_iti	274.0
3495.23625	1.0	epochs															feedback_delay	274.0
3496.25475	1.97400000000016	epochs															feedback	274.0
3498.40825	1.9977499999999964	epochs															iti	274.0
3500.42575	7.858750000000327	epochs															maze	275.0
3500.42575	6.389000000000124	epochs															maze_stem	275.0
3500.445	13.030249999999796	trials	True	True	False	True	True	True	[0.393103   0.606897   0.35604849 0.64395148]	0.03705449402332306	0.2508484870195389	0.018527239561080933	0.12542423605918884	0.6439514756202698	[20896 20896 20895 20895 20895]	[20942 20942 20942 20941 20941]		
3506.83425	1.4502500000003238	epochs															maze_arm	275.0
3508.30425	5.149999999999636	epochs															feedback_and_iti	275.0
3508.30425	0.987999999999829	epochs															feedback_delay	275.0
3509.31275	1.9782500000001164	epochs															feedback	275.0
3511.47	1.9842499999999745	epochs															iti	275.0
3513.47525	7.597999999999956	epochs															maze	276.0
3513.47525	5.531750000000102	epochs															maze_stem	276.0
3513.49575	14.617999999999938	trials	False	True	False	False	True	False	[0.36783627 0.63216376 0.24783403 0.75216597]	0.12000222504138947	0.3843297213315964	-0.060001105070114136	0.19216486811637878	0.6321637630462646	[20974 20974 20974 20974 20973]	[21019 21019 21018 21018 21018]		
3519.02675	2.0464999999999236	epochs															maze_arm	276.0
3521.09025	7.0024999999996	epochs															feedback_and_iti	276.0
3521.09025	0.9919999999997344	epochs															feedback_delay	276.0
3522.09875	1.9744999999998072	epochs															feedback	276.0
3524.10825	3.9844999999995707	epochs															iti	276.0
3528.11375	6.680499999999938	epochs															maze	277.0
3528.11375	5.293500000000222	epochs															maze_stem	277.0
3528.13475	11.859249999999975	trials	False	True	False	False	False	True	[0.38719213 0.61280787 0.36838365 0.63161635]	0.018808484077453613	0.2444242238998413	0.009404242038726807	-0.12221211194992065	0.38719213008880615	[21062 21062 21062 21061 21061]	[21101 21101 21101 21100 21100]		
3533.42775	1.3665000000000873	epochs															maze_arm	277.0
3534.8105	5.162499999999909	epochs															feedback_and_iti	277.0
3534.8105	0.9954999999999927	epochs															feedback_delay	277.0
3535.824	1.9850000000001273	epochs															feedback	277.0
3537.9895	1.9834999999998217	epochs															iti	277.0
3539.994	16.50025000000005	epochs															maze	278.0
3539.994	5.134749999999713	epochs															maze_stem	278.0
3540.014	21.680499999999938	trials	False	True	False	True	True	True	[0.5838111  0.41618884 0.38958439 0.61041564]	0.19422675669193268	0.026604488492012024	0.09711340069770813	0.013302236795425415	0.6104156374931335	[21133 21133 21133 21133 21132]	[21231 21231 21231 21231 21230]		
3545.149	11.345250000000306	epochs															maze_arm	278.0
3556.51025	5.163250000000062	epochs															feedback_and_iti	278.0
3556.51025	0.9887499999999818	epochs															feedback_delay	278.0
3557.51675	1.99225000000024	epochs															feedback	278.0
3559.6885	1.9849999999996726	epochs															iti	278.0
3561.6945	8.21374999999989	epochs															maze	279.0
3561.6945	6.150749999999789	epochs															maze_stem	279.0
3561.71475	15.242249999999785	trials	False	True	False	False	True	False	[0.3855308  0.61446917 0.18888912 0.81111091]	0.1966417133808136	0.42558008432388306	-0.098320871591568	0.21279004216194153	0.6144691705703735	[21263 21263 21263 21263 21262]	[21312 21311 21311 21311 21311]		
3567.8655	2.042750000000069	epochs															maze_arm	279.0
3569.9255	7.012750000000324	epochs															feedback_and_iti	279.0
3569.9255	0.9962500000001455	epochs															feedback_delay	279.0
3570.93925	1.9710000000000036	epochs															feedback	279.0
3572.94675	3.9915000000000873	epochs															iti	279.0
3576.957	6.331750000000284	epochs															maze	280.0
3576.957	4.768500000000131	epochs															maze_stem	280.0
3576.97725	11.499749999999949	trials	True	True	False	False	False	True	[0.40298867 0.59701139 0.32861757 0.67138243]	0.07437106966972351	0.26839378476142883	0.03718554973602295	-0.13419687747955322	0.4029886722564697	[21355 21355 21354 21354 21354]	[21392 21392 21391 21391 21391]		
3581.74475	1.5440000000003238	epochs															maze_arm	280.0
3583.30825	5.147500000000036	epochs															feedback_and_iti	280.0
3583.30825	0.9994999999998981	epochs															feedback_delay	280.0
3584.3285	1.9645000000000437	epochs															feedback	280.0
3586.484	1.9717500000001564	epochs															iti	280.0
3588.477	6.88550000000032	epochs															maze	281.0
3588.477	5.464249999999993	epochs															maze_stem	281.0
3588.49825	13.922999999999774	trials	False	True	False	True	False	False	[0.52623308 0.47376692 0.25926033 0.74073964]	0.26697273552417755	0.2145065814256668	-0.13348637521266937	-0.107253298163414	0.2592603266239166	[21424 21424 21423 21423 21423]	[21464 21464 21464 21464 21463]		
3593.95925	1.4032500000002983	epochs															maze_arm	281.0
3595.3795	7.020250000000033	epochs															feedback_and_iti	281.0
3595.3795	0.9987500000002001	epochs															feedback_delay	281.0
3596.396	1.9787499999997635	epochs															feedback	281.0
3598.41025	3.9895000000001346	epochs															iti	281.0
3602.42125	5.1472499999999854	epochs															maze	282.0
3602.42125	3.7662500000001273	epochs															maze_stem	282.0
3602.44075	12.182749999999942	trials	True	True	False	True	False	False	[0.55397284 0.44602713 0.55828166 0.44171834]	-0.004308804869651794	-0.11225451529026031	0.002154409885406494	0.05612725019454956	0.558281660079956	[21507 21507 21507 21507 21507]	[21537 21537 21537 21537 21537]		
3606.205	1.3634999999999309	epochs															maze_arm	282.0
3607.5905	7.012750000000324	epochs															feedback_and_iti	282.0
3607.5905	0.9837500000003274	epochs															feedback_delay	282.0
3608.5955	1.9830000000001746	epochs															feedback	282.0
3610.613	3.9902500000002874	epochs															iti	282.0
3614.6235	7.379750000000058	epochs															maze	283.0
3614.6235	5.835249999999633	epochs															maze_stem	283.0
3614.64375	12.558250000000044	trials	False	True	False	False	False	True	[0.56731433 0.43268567 0.66813391 0.33186606]	-0.10081960260868073	-0.23544825613498688	-0.050409793853759766	0.11772412061691284	0.5673143267631531	[21581 21580 21580 21580 21580]	[21624 21624 21623 21623 21623]		
3620.4785	1.52475000000004	epochs															maze_arm	283.0
3622.0205	5.157749999999851	epochs															feedback_and_iti	283.0
3622.0205	0.9857499999998254	epochs															feedback_delay	283.0
3623.02425	1.9924999999998363	epochs															feedback	283.0
3625.1985	1.9797499999999673	epochs															iti	283.0
3627.202	6.345749999999953	epochs															maze	284.0
3627.202	4.6102499999997235	epochs															maze_stem	284.0
3627.22525	11.531750000000102	trials	True	True	False	True	True	True	[0.78659952 0.2134005  0.68394578 0.3160542 ]	0.10265371948480606	-0.47054529935121536	0.051326848566532135	-0.23527265340089798	0.31605419516563416	[21656 21656 21656 21655 21655]	[21693 21693 21693 21692 21692]		
3631.8315	1.7162500000004002	epochs															maze_arm	284.0
3633.56825	5.168750000000273	epochs															feedback_and_iti	284.0
3633.56825	0.9985000000001492	epochs															feedback_delay	284.0
3634.5875	1.9735000000000582	epochs															feedback	284.0
3636.7475	1.9895000000001346	epochs															iti	284.0
3638.757	6.46349999999984	epochs															maze	285.0
3638.757	4.487250000000131	epochs															maze_stem	285.0
3638.778	11.64850000000024	trials	False	True	False	True	True	True	[0.53136837 0.46863165 0.32893372 0.67106622]	0.20243461430072784	0.13969789445400238	0.10121728479862213	0.0698489397764206	0.6710662245750427	[21725 21725 21725 21725 21724]	[21763 21763 21763 21763 21762]		
3643.264	1.956499999999778	epochs															maze_arm	285.0
3645.2465	5.158249999999953	epochs															feedback_and_iti	285.0
3645.2465	0.9864999999999782	epochs															feedback_delay	285.0
3646.25	1.987250000000131	epochs															feedback	285.0
3648.42	1.9847500000000764	epochs															iti	285.0
3650.4265	6.018500000000131	epochs															maze	286.0
3650.4265	4.503249999999753	epochs															maze_stem	286.0
3650.446	11.195250000000215	trials	True	True	False	True	True	True	[0.4953334  0.50466657 0.21204276 0.78795725]	0.28329066187143326	0.2926238253712654	0.14164534211158752	0.1463119089603424	0.7879572510719299	[21795 21795 21795 21795 21794]	[21830 21830 21830 21830 21830]		
3654.949	1.4960000000000946	epochs															maze_arm	286.0
3656.46525	5.155999999999949	epochs															feedback_and_iti	286.0
3656.46525	0.9984999999996944	epochs															feedback_delay	286.0
3657.48425	1.974999999999909	epochs															feedback	286.0
3659.63575	1.9855000000002292	epochs															iti	286.0
3661.64125	6.8657499999999345	epochs															maze	287.0
3661.64125	5.213749999999891	epochs															maze_stem	287.0
3661.65975	12.069000000000415	trials	False	True	False	False	False	True	[0.47623488 0.52376515 0.16718183 0.83281821]	0.30905305594205856	0.3565833196043968	0.15452652424573898	-0.17829164117574692	0.47623488306999207	[21862 21862 21862 21862 21862]	[21903 21902 21902 21902 21902]		
3666.87525	1.631750000000011	epochs															maze_arm	287.0
3668.52425	5.180749999999989	epochs															feedback_and_iti	287.0
3668.52425	0.9980000000000473	epochs															feedback_delay	287.0
3669.54	1.9782500000001164	epochs															feedback	287.0
3671.7175	1.9874999999997272	epochs															iti	287.0
3673.72875	5.988499999999931	epochs															maze	288.0
3673.72875	4.352249999999913	epochs															maze_stem	288.0
3673.7505	11.173749999999927	trials	False	True	False	True	True	True	[0.82914478 0.17085524 0.26137349 0.73862654]	0.5677712932229042	-0.09051824361085892	0.2838856503367424	-0.04525911062955856	0.7386265397071838	[21935 21935 21935 21934 21934]	[21970 21970 21970 21969 21969]		
3678.10075	1.6165000000000873	epochs															maze_arm	288.0
3679.73525	5.168249999999716	epochs															feedback_and_iti	288.0
3679.73525	0.9922499999997854	epochs															feedback_delay	288.0
3680.74525	1.9765000000002146	epochs															feedback	288.0
3682.90975	1.993750000000091	epochs															iti	288.0
3684.92425	6.097749999999905	epochs															maze	289.0
3684.92425	4.205249999999978	epochs															maze_stem	289.0
3684.9445	11.267499999999927	trials	False	True	False	True	True	True	[0.62188101 0.37811899 0.13781996 0.86217999]	0.48406102508306503	0.24029900878667831	0.24203050136566162	0.12014949321746826	0.8621799945831299	[22002 22002 22002 22001 22001]	[22038 22037 22037 22037 22037]		
3689.14925	1.8727499999999964	epochs															maze_arm	289.0
3691.03925	5.153250000000298	epochs															feedback_and_iti	289.0
3691.03925	0.9887499999999818	epochs															feedback_delay	289.0
3692.04575	1.9829999999997199	epochs															feedback	289.0
3694.206	1.9864999999999782	epochs															iti	289.0
3696.212	6.733000000000175	epochs															maze	290.0
3696.212	5.396749999999884	epochs															maze_stem	290.0
3696.235	11.914999999999964	trials	False	True	False	False	False	True	[0.59823942 0.40176058 0.11002585 0.88997418]	0.48821358382701874	0.2917347401380539	0.24410678446292877	-0.14586736261844635	0.5982394218444824	[22070 22070 22069 22069 22069]	[22109 22109 22109 22109 22108]		
3701.629	1.3160000000002583	epochs															maze_arm	290.0
3702.961	5.168250000000171	epochs															feedback_and_iti	290.0
3702.961	0.9975000000004002	epochs															feedback_delay	290.0
3703.97675	1.9827500000001237	epochs															feedback	290.0
3706.14075	1.9884999999999309	epochs															iti	290.0
3708.15	5.741500000000087	epochs															maze	291.0
3708.15	4.495499999999993	epochs															maze_stem	291.0
3708.17025	12.766249999999673	trials	False	True	False	True	False	False	[0.87996244 0.12003751 0.17662948 0.82337058]	0.7033330127596855	-0.05659192055463791	-0.35166648030281067	0.028295964002609253	0.17662948369979858	[22141 22141 22141 22141 22141]	[22175 22175 22174 22174 22174]		
3712.6655	1.2260000000001128	epochs															maze_arm	291.0
3713.90725	7.0090000000000146	epochs															feedback_and_iti	291.0
3713.90725	0.9927499999998872	epochs															feedback_delay	291.0
3714.91725	1.9774999999999636	epochs															feedback	291.0
3716.93075	3.985500000000229	epochs															iti	291.0
3720.9365	5.359000000000378	epochs															maze	292.0
3720.9365	3.9605000000001382	epochs															maze_stem	292.0
3720.95525	12.399499999999989	trials	False	True	False	True	False	False	[0.80740917 0.19259088 0.45291898 0.54708105]	0.3544901832938194	-0.26032810658216476	-0.1772450953722	0.13016407191753387	0.45291897654533386	[22218 22218 22218 22217 22217]	[22249 22249 22249 22249 22248]		
3724.91625	1.3792499999999563	epochs															maze_arm	292.0
3726.31125	7.018999999999778	epochs															feedback_and_iti	292.0
3726.31125	0.9962499999996908	epochs															feedback_delay	292.0
3727.32525	1.9767500000002656	epochs															feedback	292.0
3729.338	3.9922499999997854	epochs															iti	292.0
3733.35475	6.64325000000008	epochs															maze	293.0
3733.35475	5.407000000000153	epochs															maze_stem	293.0
3733.375	11.832499999999982	trials	False	True	False	False	False	True	[0.798639   0.201361   0.60337549 0.39662454]	0.19526351988315582	-0.40201447904109955	0.09763175249099731	0.20100724697113037	0.7986389994621277	[22292 22292 22292 22292 22292]	[22331 22331 22331 22331 22331]		
3738.78175	1.2162499999999454	epochs															maze_arm	293.0
3740.01375	5.174999999999727	epochs															feedback_and_iti	293.0
3740.01375	0.9960000000000946	epochs															feedback_delay	293.0
3741.02725	1.9827500000001237	epochs															feedback	293.0
3743.19275	1.9959999999996398	epochs															iti	293.0
3745.2075	5.7722499999999854	epochs															maze	294.0
3745.2075	4.295500000000175	epochs															maze_stem	294.0
3745.22775	12.803750000000036	trials	True	True	False	True	False	False	[0.92308408 0.07691593 0.55940187 0.44059816]	0.36368221789598465	-0.48248592764139175	-0.18184110522270203	0.24124297499656677	0.5594018697738647	[22363 22363 22363 22363 22363]	[22397 22397 22397 22397 22396]		
3749.523	1.456749999999829	epochs															maze_arm	294.0
3751.00125	7.006500000000415	epochs															feedback_and_iti	294.0
3751.00125	0.979750000000422	epochs															feedback_delay	294.0
3752.0025	1.9839999999999236	epochs															feedback	294.0
3754.0225	3.9852500000001783	epochs															iti	294.0
3758.0315	6.644749999999931	epochs															maze	295.0
3758.0315	4.868249999999989	epochs															maze_stem	295.0
3758.05275	11.827250000000276	trials	False	True	False	False	False	True	[0.82604235 0.17395768 0.6894471  0.31055287]	0.136595219373703	-0.5154894590377808	0.0682976245880127	0.2577447295188904	0.8260423541069031	[22440 22440 22440 22440 22440]	[22479 22479 22479 22479 22478]		
3762.92	1.756249999999909	epochs															maze_arm	295.0
3764.69375	5.165750000000116	epochs															feedback_and_iti	295.0
3764.69375	0.9945000000002437	epochs															feedback_delay	295.0
3765.705	1.9717500000001564	epochs															feedback	295.0
3767.8695	1.9900000000002365	epochs															iti	295.0
3769.88	5.474749999999858	epochs															maze	296.0
3769.88	4.276749999999993	epochs															maze_stem	296.0
3769.901	12.505750000000262	trials	False	True	False	True	False	False	[0.94045925 0.05954069 0.69130391 0.30869612]	0.24915538541972637	-0.6317631732672453	-0.12457767128944397	0.3158815801143646	0.6913039088249207	[22511 22511 22511 22511 22511]	[22543 22543 22543 22543 22542]		
3774.1765	1.1782499999999345	epochs															maze_arm	296.0
3775.372	7.016250000000127	epochs															feedback_and_iti	296.0
3775.372	0.9917500000001382	epochs															feedback_delay	296.0
3776.38175	1.9767499999998108	epochs															feedback	296.0
3778.39475	3.99350000000004	epochs															iti	296.0
3782.40675	6.574749999999767	epochs															maze	297.0
3782.40675	4.925249999999778	epochs															maze_stem	297.0
3782.427	13.602249999999913	trials	False	True	False	False	True	False	[0.84947962 0.15052037 0.7057597  0.2942403 ]	0.14371991902589798	-0.5552393272519112	-0.07185996323823929	-0.2776196673512459	0.15052036941051483	[22587 22586 22586 22586 22586]	[22625 22625 22625 22624 22624]		
3787.35475	1.6267499999999018	epochs															maze_arm	297.0
3788.99925	7.0092500000000655	epochs															feedback_and_iti	297.0
3788.99925	0.9922500000002401	epochs															feedback_delay	297.0
3790.00775	1.9784999999997126	epochs															feedback	297.0
3792.0215	3.98700000000008	epochs															iti	297.0
3796.02925	6.182999999999993	epochs															maze	298.0
3796.02925	4.211749999999938	epochs															maze_stem	298.0
3796.04925	13.222249999999804	trials	False	True	False	True	False	False	[0.62102139 0.37897861 0.60039198 0.39960799]	0.020629391074180603	-0.22141338884830475	-0.010314702987670898	0.11070668697357178	0.6003919839859009	[22668 22668 22668 22668 22667]	[22704 22704 22704 22704 22704]		
3800.25925	1.9529999999999745	epochs															maze_arm	298.0
3802.2305	7.019749999999931	epochs															feedback_and_iti	298.0
3802.2305	0.9929999999999382	epochs															feedback_delay	298.0
3803.24175	1.9857499999998254	epochs															feedback	298.0
3805.26225	3.987999999999829	epochs															iti	298.0
3809.2715	7.611750000000029	epochs															maze	299.0
3809.2715	5.11850000000004	epochs															maze_stem	299.0
3809.292	12.820500000000266	trials	False	True	False	True	True	True	[0.69985211 0.30014786 0.70153266 0.29846728]	-0.0016805678606033325	-0.4013848155736923	-0.0008402913808822632	-0.20069243013858795	0.2984672784805298	[22748 22747 22747 22747 22747]	[22792 22792 22792 22792 22791]		
3814.408	2.47524999999996	epochs															maze_arm	299.0
3816.901	5.181750000000193	epochs															feedback_and_iti	299.0
3816.901	0.9962500000001455	epochs															feedback_delay	299.0
3817.9135	1.9802500000000691	epochs															feedback	299.0
3820.09	1.9927499999998872	epochs															iti	299.0
3822.1125	8.00774999999976	epochs															maze	300.0
3822.1125	6.260499999999865	epochs															maze_stem	300.0
3822.1355	15.04424999999992	trials	False	True	False	False	True	False	[0.60205525 0.39794475 0.38815597 0.611844  ]	0.21389926970005035	0.009788766503334045	-0.10694962739944458	0.004894375801086426	0.39794474840164185	[22825 22824 22824 22824 22824]	[22872 22871 22871 22871 22871]		
3828.39275	1.7274999999999636	epochs															maze_arm	300.0
3830.13775	7.018750000000182	epochs															feedback_and_iti	300.0
3830.13775	0.9864999999999782	epochs															feedback_delay	300.0
3831.142	1.9890000000000327	epochs															feedback	300.0
3833.1685	3.987999999999829	epochs															iti	300.0
3837.17975	7.906000000000404	epochs															maze	301.0
3837.17975	6.1875	epochs															maze_stem	301.0
3837.20025	14.934000000000196	trials	False	True	False	False	True	False	[0.47091442 0.52908564 0.44353205 0.55646801]	0.027382373809814453	0.08555358648300171	-0.013691186904907227	0.04277682304382324	0.529085636138916	[22915 22915 22915 22914 22914]	[22961 22961 22961 22961 22961]		
3843.387	1.6987500000000182	epochs															maze_arm	301.0
3845.11075	7.003000000000156	epochs															feedback_and_iti	301.0
3845.11075	0.9860000000003311	epochs															feedback_delay	301.0
3846.11325	1.9782500000001164	epochs															feedback	301.0
3848.12675	3.98700000000008	epochs															iti	301.0
3852.13425	7.463249999999789	epochs															maze	302.0
3852.13425	5.744999999999891	epochs															maze_stem	302.0
3852.1545	14.505999999999858	trials	False	True	False	False	True	False	[0.39475444 0.60524559 0.44440001 0.55559993]	-0.049645617604255676	0.1608455330133438	0.02482283115386963	0.08042275905609131	0.6052455902099609	[23005 23004 23004 23004 23004]	[23048 23048 23048 23048 23048]		
3857.89875	1.6987500000000182	epochs															maze_arm	302.0
3859.613	7.0277500000001965	epochs															feedback_and_iti	302.0
3859.613	0.9885000000003856	epochs															feedback_delay	302.0
3860.61925	1.987999999999829	epochs															feedback	302.0
3862.64425	3.9965000000001965	epochs															iti	302.0
3866.6605	7.338999999999942	epochs															maze	303.0
3866.6605	5.960750000000189	epochs															maze_stem	303.0
3866.682	12.525500000000193	trials	True	True	False	False	False	True	[0.34780303 0.65219694 0.44737327 0.55262667]	-0.09957025945186615	0.20482365787029266	-0.04978512227535248	-0.10241185128688812	0.3478030264377594	[23092 23091 23091 23091 23091]	[23135 23135 23134 23134 23134]		
3872.64175	1.3577500000001237	epochs															maze_arm	303.0
3874.01975	5.168250000000171	epochs															feedback_and_iti	303.0
3874.01975	0.9822500000000218	epochs															feedback_delay	303.0
3875.0225	1.9864999999999782	epochs															feedback	303.0
3877.2005	1.987500000000182	epochs															iti	303.0
3879.2075	6.099250000000211	epochs															maze	304.0
3879.2075	4.817000000000007	epochs															maze_stem	304.0
3879.227	11.296000000000276	trials	True	True	False	False	False	True	[0.38256383 0.61743617 0.44614077 0.55385923]	-0.06357693672180176	0.1712954044342041	-0.03178846836090088	-0.08564770221710205	0.38256382942199707	[23167 23167 23166 23166 23166]	[23203 23202 23202 23202 23202]		
3884.044	1.2627500000003238	epochs															maze_arm	304.0
3885.3275	5.174750000000131	epochs															feedback_and_iti	304.0
3885.3275	0.992750000000342	epochs															feedback_delay	304.0
3886.341	1.9857500000002801	epochs															feedback	304.0
3888.51825	1.9839999999999236	epochs															iti	304.0
3890.523	7.248000000000047	epochs															maze	305.0
3890.523	5.536000000000058	epochs															maze_stem	305.0
3890.5435	12.425249999999778	trials	False	True	False	True	True	True	[0.53542101 0.46457902 0.49791938 0.50208068]	0.03750164806842804	-0.03334034979343414	0.018750831484794617	-0.01667015254497528	0.5020806789398193	[23235 23235 23234 23234 23234]	[23277 23277 23277 23277 23276]		
3896.079	1.6920000000000073	epochs															maze_arm	305.0
3897.7885	5.155749999999898	epochs															feedback_and_iti	305.0
3897.7885	0.9969999999998436	epochs															feedback_delay	305.0
3898.8015	1.9727499999999054	epochs															feedback	305.0
3900.9535	1.9907499999999345	epochs															iti	305.0
3902.96875	6.183500000000095	epochs															maze	306.0
3902.96875	4.845499999999902	epochs															maze_stem	306.0
3902.99275	13.211250000000291	trials	False	True	False	True	False	False	[0.32296935 0.67703062 0.23782909 0.76217091]	0.08514027297496796	0.43920154869556427	-0.04257012903690338	-0.21960078179836273	0.2378290891647339	[23309 23309 23309 23309 23309]	[23345 23345 23345 23345 23345]		
3907.834	1.318250000000262	epochs															maze_arm	306.0
3909.16925	7.014250000000175	epochs															feedback_and_iti	306.0
3909.16925	0.9912500000000364	epochs															feedback_delay	306.0
3910.1785	1.9737500000001091	epochs															feedback	306.0
3912.18875	3.9947500000002947	epochs															iti	306.0
3916.204	5.301749999999629	epochs															maze	307.0
3916.204	3.930499999999938	epochs															maze_stem	307.0
3916.22675	12.336750000000393	trials	False	True	False	True	False	False	[0.52666444 0.47333556 0.59758204 0.40241799]	-0.07091759145259857	-0.12424646317958832	0.03545880317687988	0.062123239040374756	0.5975820422172546	[23389 23389 23388 23388 23388]	[23420 23419 23419 23419 23419]		
3920.15425	1.35149999999976	epochs															maze_arm	307.0
3921.52325	7.020999999999731	epochs															feedback_and_iti	307.0
3921.52325	1.0004999999996471	epochs															feedback_delay	307.0
3922.543	1.97649999999976	epochs															feedback	307.0
3924.5545	3.989749999999731	epochs															iti	307.0
3928.5635	6.990499999999884	epochs															maze	308.0
3928.5635	5.413000000000011	epochs															maze_stem	308.0
3928.58475	12.170999999999822	trials	False	True	False	False	False	True	[0.54478168 0.45521832 0.67151481 0.32848522]	-0.12673310935497284	-0.2162964791059494	-0.06336656212806702	0.1081482470035553	0.5447816848754883	[23463 23463 23462 23462 23462]	[23504 23504 23503 23503 23503]		
3933.99625	1.5577499999999418	epochs															maze_arm	308.0
3935.57125	5.164000000000215	epochs															feedback_and_iti	308.0
3935.57125	0.9857499999998254	epochs															feedback_delay	308.0
3936.57475	1.9842499999999745	epochs															feedback	308.0
3938.73925	1.9960000000000946	epochs															iti	308.0
3940.75575	6.57425000000012	epochs															maze	309.0
3940.75575	5.407250000000204	epochs															maze_stem	309.0
3940.77675	11.769000000000233	trials	False	True	False	False	False	True	[0.76744181 0.23255816 0.70129406 0.29870594]	0.06614775955677032	-0.4687358886003494	0.033073872327804565	0.23436793684959412	0.7674418091773987	[23536 23536 23536 23535 23535]	[23574 23574 23574 23574 23574]		
3946.18325	1.1467499999998836	epochs															maze_arm	309.0
3947.3475	5.173749999999927	epochs															feedback_and_iti	309.0
3947.3475	0.9822500000000218	epochs															feedback_delay	309.0
3948.34825	1.9907499999999345	epochs															feedback	309.0
3950.523	1.9982499999996435	epochs															iti	309.0
3952.54575	6.911999999999807	epochs															maze	310.0
3952.54575	5.580999999999676	epochs															maze_stem	310.0
3952.56775	12.094749999999749	trials	False	True	False	False	False	True	[0.87457347 0.12542655 0.69555205 0.30444795]	0.1790214106440544	-0.570125512778759	0.0895107090473175	0.2850627601146698	0.8745734691619873	[23607 23606 23606 23606 23606]	[23647 23647 23647 23646 23646]		
3958.14875	1.3090000000001965	epochs															maze_arm	310.0
3959.475	5.168999999999869	epochs															feedback_and_iti	310.0
3959.475	0.9827500000001237	epochs															feedback_delay	310.0
3960.47575	1.9954999999999927	epochs															feedback	310.0
3962.65825	1.9857499999998254	epochs															iti	310.0
3964.6625	6.5275000000001455	epochs															maze	311.0
3964.6625	4.89325000000008	epochs															maze_stem	311.0
3964.682	11.719500000000153	trials	True	True	False	True	True	True	[0.91157752 0.08842249 0.67832273 0.32167733]	0.2332548126578331	-0.5899002179503441	0.11662741750478745	-0.29495009034872055	0.3216773271560669	[23679 23679 23679 23679 23678]	[23717 23717 23717 23717 23717]		
3969.57475	1.6152499999998327	epochs															maze_arm	311.0
3971.209	5.1717499999999745	epochs															feedback_and_iti	311.0
3971.209	1.0	epochs															feedback_delay	311.0
3972.2295	1.9787500000002183	epochs															feedback	311.0
3974.39275	1.987999999999829	epochs															iti	311.0
3976.4015	6.593249999999898	epochs															maze	312.0
3976.4015	4.898250000000189	epochs															maze_stem	312.0
3976.4225	11.783750000000055	trials	False	True	False	True	True	True	[0.84864008 0.15135992 0.35171771 0.64828229]	0.4969223737716675	-0.20035779476165771	0.24846118688583374	-0.10017889738082886	0.6482822895050049	[23750 23749 23749 23749 23749]	[23788 23788 23788 23788 23787]		
3981.3195	1.675249999999778	epochs															maze_arm	312.0
3983.01075	5.175000000000182	epochs															feedback_and_iti	312.0
3983.01075	0.9922500000002401	epochs															feedback_delay	312.0
3984.021	1.982499999999618	epochs															feedback	312.0
3986.1935	1.99225000000024	epochs															iti	312.0
3988.20625	6.578499999999622	epochs															maze	313.0
3988.20625	5.028999999999996	epochs															maze_stem	313.0
3988.22675	11.753000000000156	trials	False	True	False	True	True	True	[0.83613324 0.16386676 0.22714102 0.77285898]	0.6089922189712524	-0.06327426433563232	0.3044961094856262	-0.03163713216781616	0.7728589773178101	[23820 23820 23820 23820 23820]	[23859 23859 23858 23858 23858]		
3993.2565	1.5282499999998436	epochs															maze_arm	313.0
3994.802	5.156999999999698	epochs															feedback_and_iti	313.0
3994.802	0.9827499999996689	epochs															feedback_delay	313.0
3995.8025	1.9892500000000837	epochs															feedback	313.0
3997.97475	1.9842499999999745	epochs															iti	313.0
3999.97975	7.0090000000000146	epochs															maze	314.0
3999.97975	4.854499999999916	epochs															maze_stem	314.0
4000.0005	12.202499999999873	trials	False	True	False	True	True	True	[0.82351685 0.17648312 0.16327849 0.83672148]	0.6602383553981781	0.013204634189605713	0.33011917769908905	0.006602302193641663	0.8367214798927307	[23891 23891 23891 23890 23890]	[23932 23932 23932 23931 23931]		
4004.85475	2.1340000000000146	epochs															maze_arm	314.0
4007.0045	5.175999999999931	epochs															feedback_and_iti	314.0
4007.0045	0.987250000000131	epochs															feedback_delay	314.0
4008.00775	1.9852499999997235	epochs															feedback	314.0
4010.19325	1.987250000000131	epochs															iti	314.0
4012.203	7.155749999999898	epochs															maze	315.0
4012.203	5.202749999999924	epochs															maze_stem	315.0
4012.2255	12.333250000000135	trials	False	True	False	True	True	True	[0.81258637 0.18741362 0.12802307 0.87197691]	0.6845632940530777	0.05939054489135742	0.34228164702653885	0.029695264995098114	0.871976912021637	[23964 23964 23964 23964 23963]	[24006 24006 24006 24006 24005]		
4017.42575	1.9329999999999927	epochs															maze_arm	315.0
4019.376	5.16399999999976	epochs															feedback_and_iti	315.0
4019.376	0.9967499999997926	epochs															feedback_delay	315.0
4020.3905	1.9832500000002256	epochs															feedback	315.0
4022.55575	1.9842499999999745	epochs															iti	315.0
4024.55875	7.250999999999749	epochs															maze	316.0
4024.55875	5.435500000000047	epochs															maze_stem	316.0
4024.58125	12.438249999999698	trials	False	True	False	True	True	True	[0.80272901 0.19727103 0.10676605 0.8932339 ]	0.6959629096090794	0.09050493314862251	0.34798143059015274	0.04525246471166611	0.8932338953018188	[24038 24038 24038 24038 24038]	[24081 24081 24080 24080 24080]		
4030.013	1.7967499999999745	epochs															maze_arm	316.0
4031.827	5.171499999999924	epochs															feedback_and_iti	316.0
4031.827	0.9967499999997926	epochs															feedback_delay	316.0
4032.84175	1.9832499999997708	epochs															feedback	316.0
4035.00725	1.9912500000000364	epochs															iti	316.0
4037.0195	6.675500000000284	epochs															maze	317.0
4037.0195	5.201500000000124	epochs															maze_stem	317.0
4037.0395	11.866500000000087	trials	True	True	False	True	True	True	[0.79366261 0.20633739 0.09294935 0.90705061]	0.7007132358849049	0.11338802054524422	0.3503566086292267	0.05669400095939636	0.907050609588623	[24113 24113 24113 24112 24112]	[24152 24152 24152 24152 24151]		
4042.2395	1.455500000000029	epochs															maze_arm	317.0
4043.714	5.170250000000124	epochs															feedback_and_iti	317.0
4043.714	0.9897500000001855	epochs															feedback_delay	317.0
4044.7245	1.9847500000000764	epochs															feedback	317.0
4046.89325	1.9909999999999854	epochs															iti	317.0
4048.906	6.53650000000016	epochs															maze	318.0
4048.906	4.928750000000036	epochs															maze_stem	318.0
4048.9285	11.729499999999916	trials	True	True	False	True	True	True	[0.7821781  0.2178219  0.08620235 0.91379768]	0.6959757693111897	0.13161956146359444	0.3479878902435303	0.06580978631973267	0.9137976765632629	[24184 24184 24184 24184 24184]	[24223 24222 24222 24222 24222]		
4053.855	1.587500000000091	epochs															maze_arm	318.0
4055.462	5.174750000000131	epochs															feedback_and_iti	318.0
4055.462	0.9987500000002001	epochs															feedback_delay	318.0
4056.481	1.9767499999998108	epochs															feedback	318.0
4058.643	1.993750000000091	epochs															iti	318.0
4060.658	6.5090000000000146	epochs															maze	319.0
4060.658	5.170000000000073	epochs															maze_stem	319.0
4060.67875	11.690749999999753	trials	False	True	False	False	False	True	[0.77512652 0.22487356 0.0818484  0.91815162]	0.6932780891656876	0.14302513003349304	0.346639059484005	-0.07151254266500473	0.7751265168190002	[24255 24255 24254 24254 24254]	[24293 24293 24292 24292 24292]		
4065.8475	1.3195000000000618	epochs															maze_arm	319.0
4067.184	5.162249999999858	epochs															feedback_and_iti	319.0
4067.184	0.9904999999998836	epochs															feedback_delay	319.0
4068.19225	1.9809999999997672	epochs															feedback	319.0
4070.3715	1.9747499999998581	epochs															iti	319.0
4072.3695	9.927250000000186	epochs															maze	320.0
4072.3695	7.075500000000375	epochs															maze_stem	320.0
4072.39	16.96775000000025	trials	False	True	False	True	False	False	[0.89458799 0.10541204 0.12373636 0.87626368]	0.7708516344428062	-0.018324315547943115	-0.3854258172214031	0.00916217640042305	0.12373635917901993	[24325 24325 24325 24324 24324]	[24384 24383 24383 24383 24383]		
4079.4635	2.8332500000001346	epochs															maze_arm	320.0
4082.31275	7.022750000000087	epochs															feedback_and_iti	320.0
4082.31275	0.9989999999997963	epochs															feedback_delay	320.0
4083.3295	1.9750000000003638	epochs															feedback	320.0
4085.341	3.9945000000002437	epochs															iti	320.0
4089.35775	5.758749999999964	epochs															maze	321.0
4089.35775	4.474749999999858	epochs															maze_stem	321.0
4089.37925	10.934500000000298	trials	False	True	False	False	False	True	[0.87648028 0.12351966 0.37521145 0.62478852]	0.5012688487768173	-0.2516917735338211	0.25063441693782806	0.12584586441516876	0.8764802813529968	[24427 24427 24426 24426 24426]	[24460 24460 24460 24460 24460]		
4093.852	1.2645000000002256	epochs															maze_arm	321.0
4095.1335	5.16150000000016	epochs															feedback_and_iti	321.0
4095.1335	0.9875000000001819	epochs															feedback_delay	321.0
4096.1385	1.988999999999578	epochs															feedback	321.0
4098.31025	1.9847499999996217	epochs															iti	321.0
4100.31375	5.793499999999767	epochs															maze	322.0
4100.31375	4.520249999999578	epochs															maze_stem	322.0
4100.334	12.822000000000116	trials	False	True	False	True	False	False	[0.9393779  0.06062211 0.27291316 0.72708684]	0.6664647404104471	-0.2122910562902689	-0.3332323729991913	0.10614553093910217	0.2729131579399109	[24493 24492 24492 24492 24492]	[24526 24526 24526 24526 24526]		
4104.85375	1.2534999999998035	epochs															maze_arm	322.0
4106.12425	7.011250000000473	epochs															feedback_and_iti	322.0
4106.12425	0.9942499999997381	epochs															feedback_delay	322.0
4107.1365	1.97400000000016	epochs															feedback	322.0
4109.148	3.987500000000182	epochs															iti	322.0
4113.156	5.494249999999738	epochs															maze	323.0
4113.156	4.120499999999993	epochs															maze_stem	323.0
4113.176	12.522500000000036	trials	False	True	False	True	False	False	[0.89349329 0.10650677 0.53305537 0.46694463]	0.36043789610266685	-0.42654862627387047	-0.18021896481513977	0.21327432990074158	0.5330553650856018	[24570 24569 24569 24569 24569]	[24602 24601 24601 24601 24601]		
4117.29675	1.3534999999992579	epochs															maze_arm	323.0
4118.6655	7.011499999999614	epochs															feedback_and_iti	323.0
4118.6655	0.992750000000342	epochs															feedback_delay	323.0
4119.67625	1.9744999999993524	epochs															feedback	323.0
4121.6875	3.98949999999968	epochs															iti	323.0
4125.6985	7.302749999999833	epochs															maze	324.0
4125.6985	5.516249999999673	epochs															maze_stem	324.0
4125.71775	12.503000000000611	trials	False	True	False	False	False	True	[0.87781096 0.12218902 0.64786971 0.35213029]	0.2299412600696087	-0.525680672377348	0.1149706244468689	0.2628403306007385	0.8778109550476074	[24645 24645 24644 24644 24644]	[24688 24687 24687 24687 24687]		
4131.2345	1.766750000000684	epochs															maze_arm	324.0
4133.01775	5.182749999999942	epochs															feedback_and_iti	324.0
4133.01775	0.9915000000000873	epochs															feedback_delay	324.0
4134.027	1.9904999999998836	epochs															feedback	324.0
4136.21	1.9904999999998836	epochs															iti	324.0
4138.22075	6.259749999999258	epochs															maze	325.0
4138.22075	4.655499999999847	epochs															maze_stem	325.0
4138.24025	11.445749999999862	trials	True	True	False	True	True	True	[0.94499636 0.05500363 0.61430204 0.38569799]	0.3306943401694298	-0.5592983886599541	0.16534718126058578	-0.27964919060468674	0.38569799065589905	[24720 24720 24719 24719 24719]	[24756 24756 24756 24756 24756]		
4142.8955	1.5850000000000364	epochs															maze_arm	325.0
4144.501	5.164499999999862	epochs															feedback_and_iti	325.0
4144.501	0.9849999999996726	epochs															feedback_delay	325.0
4145.50675	1.992750000000342	epochs															feedback	325.0
4147.6795	1.9859999999998763	epochs															iti	325.0
4149.686	6.448500000000422	epochs															maze	326.0
4149.686	4.487500000000182	epochs															maze_stem	326.0
4149.70625	13.47900000000027	trials	False	True	False	True	False	False	[0.88868725 0.11131275 0.31338811 0.68661189]	0.5752991400659084	-0.20207535848021507	-0.28764957189559937	0.10103768110275269	0.3133881092071533	[24789 24788 24788 24788 24788]	[24826 24826 24826 24826 24825]		
4154.193	1.9414999999999054	epochs															maze_arm	326.0
4156.1515	7.013500000000022	epochs															feedback_and_iti	326.0
4156.1515	0.9845000000004802	epochs															feedback_delay	326.0
4157.1535	1.9827499999992142	epochs															feedback	326.0
4159.17225	3.992750000000342	epochs															iti	326.0
4163.18525	5.464499999999134	epochs															maze	327.0
4163.18525	4.005249999999251	epochs															maze_stem	327.0
4163.20575	12.5	trials	False	True	False	True	False	False	[0.87888217 0.12111782 0.62992775 0.37007225]	0.2489544227719307	-0.508809931576252	-0.12447720766067505	0.2544049620628357	0.6299277544021606	[24869 24869 24869 24869 24869]	[24901 24901 24901 24901 24901]		
4167.21	1.439749999999549	epochs															maze_arm	327.0
4168.666	7.019000000000233	epochs															feedback_and_iti	327.0
4168.666	0.9854999999997744	epochs															feedback_delay	327.0
4169.668	1.987500000000182	epochs															feedback	327.0
4171.69225	3.992750000000342	epochs															iti	327.0
4175.70575	7.682499999999891	epochs															maze	328.0
4175.70575	5.871000000000095	epochs															maze_stem	328.0
4175.72625	12.852249999999913	trials	False	True	False	False	False	True	[0.86128044 0.13871951 0.68957102 0.31042895]	0.17170942574739456	-0.5508515015244484	0.08585470914840698	0.2754257321357727	0.8612804412841797	[24945 24944 24944 24944 24944]	[24990 24989 24989 24989 24989]		
4181.5965	1.7917500000003201	epochs															maze_arm	328.0
4183.40425	5.1537500000004	epochs															feedback_and_iti	328.0
4183.40425	0.9965000000001965	epochs															feedback_delay	328.0
4184.417	1.9717499999997017	epochs															feedback	328.0
4186.5735	1.9844999999995707	epochs															iti	328.0
4188.5785	7.62775000000056	epochs															maze	329.0
4188.5785	5.802000000000589	epochs															maze_stem	329.0
4188.59825	12.822250000000167	trials	False	True	False	True	True	True	[0.94066691 0.05933307 0.69286686 0.30713308]	0.24780002795159817	-0.6335338111966848	0.12390000186860561	-0.31676692329347134	0.3071330785751343	[25022 25022 25021 25021 25021]	[25067 25066 25066 25066 25066]		
4194.40225	1.8040000000000873	epochs															maze_arm	329.0
4196.22325	5.176749999999629	epochs															feedback_and_iti	329.0
4196.22325	0.9930000000003929	epochs															feedback_delay	329.0
4197.235	1.9887500000004366	epochs															feedback	329.0
4199.422	1.9780000000000655	epochs															iti	329.0
4201.4205	5.947750000000269	epochs															maze	330.0
4201.4205	4.654999999999745	epochs															maze_stem	330.0
4201.4405	11.152750000000196	trials	True	True	False	False	False	True	[0.88417858 0.11582142 0.35461345 0.64538658]	0.5295651406049728	-0.23879201710224152	0.2647825628519058	0.11939601600170135	0.8841785788536072	[25099 25099 25098 25098 25098]	[25133 25133 25133 25133 25133]		
4206.09525	1.2730000000001382	epochs															maze_arm	330.0
4207.3885	5.18224999999984	epochs															feedback_and_iti	330.0
4207.3885	0.9849999999996726	epochs															feedback_delay	330.0
4208.3945	1.9932499999995343	epochs															feedback	330.0
4210.58425	1.9864999999999782	epochs															iti	330.0
4212.59325	6.779250000000502	epochs															maze	331.0
4212.59325	5.591000000000349	epochs															maze_stem	331.0
4212.614	11.954500000000735	trials	False	True	False	False	False	True	[0.94124109 0.05875891 0.33242825 0.66757178]	0.6088128536939621	-0.2736693173646927	0.30440641939640045	0.13683466613292694	0.9412410855293274	[25166 25166 25165 25165 25165]	[25205 25205 25205 25205 25205]		
4218.20425	1.1682500000006257	epochs															maze_arm	331.0
4219.3905	5.1587499999996	epochs															feedback_and_iti	331.0
4219.3905	0.9959999999991851	epochs															feedback_delay	331.0
4220.40425	1.974500000000262	epochs															feedback	331.0
4222.56625	1.9830000000001746	epochs															iti	331.0
4224.5685	6.150749999999789	epochs															maze	332.0
4224.5685	4.987749999999323	epochs															maze_stem	332.0
4224.589	11.34375	trials	False	True	False	False	False	True	[0.93860292 0.06139708 0.32876197 0.67123801]	0.6098409444093704	-0.26736490428447723	0.3049204796552658	0.13368244469165802	0.9386029243469238	[25238 25237 25237 25237 25237]	[25273 25273 25273 25273 25273]		
4229.5765	1.1427499999999782	epochs															maze_arm	332.0
4230.73675	5.176000000000386	epochs															feedback_and_iti	332.0
4230.73675	0.987250000000131	epochs															feedback_delay	332.0
4231.742	1.9924999999993815	epochs															feedback	332.0
4233.91875	1.9940000000005966	epochs															iti	332.0
4235.93275	6.467749999999796	epochs															maze	333.0
4235.93275	5.197250000000167	epochs															maze_stem	333.0
4235.95225	11.654749999999694	trials	True	True	False	False	False	True	[0.94074869 0.05925134 0.31228453 0.68771547]	0.6284641455858946	-0.2530332040041685	0.31423208117485046	0.12651661038398743	0.9407486915588379	[25306 25305 25305 25305 25305]	[25343 25343 25343 25343 25343]		
4241.14975	1.2507500000001528	epochs															maze_arm	333.0
4242.42075	5.1655000000000655	epochs															feedback_and_iti	333.0
4242.42075	1.0010000000002037	epochs															feedback_delay	333.0
4243.4435	1.9587499999997817	epochs															feedback	333.0
4245.591	1.9952499999999418	epochs															iti	333.0
4247.607	6.766249999999673	epochs															maze	334.0
4247.607	5.572750000000269	epochs															maze_stem	334.0
4247.62875	11.94275000000016	trials	False	True	False	False	False	True	[0.94003922 0.05996086 0.27176127 0.7282387 ]	0.6682778969407082	-0.2118004634976387	0.33413897454738617	0.10590024292469025	0.9400392174720764	[25376 25375 25375 25375 25375]	[25415 25415 25415 25415 25414]		
4253.19925	1.1739999999999782	epochs															maze_arm	334.0
4254.39	5.161250000000109	epochs															feedback_and_iti	334.0
4254.39	0.9989999999997963	epochs															feedback_delay	334.0
4255.40525	1.9715000000005602	epochs															feedback	334.0
4257.569	1.9822500000000218	epochs															iti	334.0
4259.5715	6.683250000000044	epochs															maze	335.0
4259.5715	5.270999999999731	epochs															maze_stem	335.0
4259.5915	11.862999999999374	trials	False	True	False	False	False	True	[0.93025833 0.06974168 0.26361844 0.73638159]	0.6666399016976357	-0.193876750767231	0.3333199471235275	0.09693838655948639	0.9302583336830139	[25447 25447 25447 25447 25447]	[25487 25486 25486 25486 25486]		
4264.86075	1.3940000000002328	epochs															maze_arm	335.0
4266.2705	5.1635000000005675	epochs															feedback_and_iti	335.0
4266.2705	0.9897500000006403	epochs															feedback_delay	335.0
4267.27775	1.9864999999999782	epochs															feedback	335.0
4269.44475	1.9892500000005384	epochs															iti	335.0
4271.4545	8.902250000000095	epochs															maze	336.0
4271.4545	7.605999999999767	epochs															maze_stem	336.0
4271.47475	14.083999999999833	trials	False	True	False	False	False	True	[0.93312591 0.06687404 0.25249195 0.74750805]	0.6806339845061302	-0.18561788648366928	0.3403169810771942	0.09280893206596375	0.933125913143158	[25519 25518 25518 25518 25518]	[25571 25571 25571 25570 25570]		
4279.0805	1.2762499999998909	epochs															maze_arm	336.0
4280.374	5.161250000000109	epochs															feedback_and_iti	336.0
4280.374	0.9965000000001965	epochs															feedback_delay	336.0
4281.38825	1.9695000000001528	epochs															feedback	336.0
4283.5475	1.9877500000002328	epochs															iti	336.0
4285.55875	8.84649999999965	epochs															maze	337.0
4285.55875	7.193499999999403	epochs															maze_stem	337.0
4285.57925	14.03924999999981	trials	False	True	False	False	False	True	[0.93364835 0.06635172 0.23862413 0.7613759 ]	0.6950242035090923	-0.1722724251449108	0.3475121110677719	0.08613623678684235	0.9336483478546143	[25603 25603 25603 25603 25602]	[25655 25655 25655 25655 25654]		
4292.77225	1.6329999999998108	epochs															maze_arm	337.0
4294.42275	5.176750000000538	epochs															feedback_and_iti	337.0
4294.42275	0.9922500000002401	epochs															feedback_delay	337.0
4295.433	1.9852499999997235	epochs															feedback	337.0
4297.606	1.9935000000004948	epochs															iti	337.0
4299.6185	7.498000000000502	epochs															maze	338.0
4299.6185	6.373500000000604	epochs															maze_stem	338.0
4299.639	12.67199999999957	trials	False	True	False	False	False	True	[0.93376273 0.06623728 0.22536036 0.77463961]	0.7084023468196392	-0.15912310406565666	0.35420118272304535	0.07956154644489288	0.9337627291679382	[25687 25687 25687 25687 25687]	[25731 25731 25731 25731 25731]		
4306.0105	1.1059999999997672	epochs															maze_arm	338.0
4307.1335	5.158500000000458	epochs															feedback_and_iti	338.0
4307.1335	0.9862499999999272	epochs															feedback_delay	338.0
4308.1375	1.98174999999992	epochs															feedback	338.0
4310.31425	1.9777500000000146	epochs															iti	338.0
4312.311	7.2590000000000146	epochs															maze	339.0
4312.311	5.882750000000669	epochs															maze_stem	339.0
4312.331	12.469250000000102	trials	False	True	False	True	True	True	[0.93368095 0.06631905 0.21309544 0.78690457]	0.7205855175852776	-0.14677638560533524	0.3602927625179291	-0.07338818907737732	0.7869045734405518	[25764 25763 25763 25763 25763]	[25806 25806 25806 25806 25805]		
4318.21275	1.3572500000000218	epochs															maze_arm	339.0
4319.5865	5.185249999999542	epochs															feedback_and_iti	339.0
4319.5865	0.9872499999992215	epochs															feedback_delay	339.0
4320.59275	1.992500000000291	epochs															feedback	339.0
4322.7805	1.9912500000000364	epochs															iti	339.0
4324.80025	7.316499999999905	epochs															maze	340.0
4324.80025	5.621749999999338	epochs															maze_stem	340.0
4324.8235	12.483499999999367	trials	False	True	False	True	True	True	[0.92564535 0.07435467 0.13357274 0.86642724]	0.7920725904405117	-0.059218090027570724	0.3960362859070301	-0.029609043151140213	0.8664272427558899	[25838 25838 25838 25838 25838]	[25881 25881 25881 25881 25881]		
4330.4415	1.6752500000002328	epochs															maze_arm	340.0
4332.1335	5.153250000000298	epochs															feedback_and_iti	340.0
4332.1335	0.98700000000008	epochs															feedback_delay	340.0
4333.13825	1.9859999999998763	epochs															feedback	340.0
4335.30625	1.9805000000005748	epochs															iti	340.0
4337.307	6.4080000000003565	epochs															maze	341.0
4337.307	5.321249999999964	epochs															maze_stem	341.0
4337.32775	11.587999999999738	trials	False	True	False	False	False	True	[0.9198001  0.08019993 0.10918666 0.89081341]	0.8106134608387947	-0.02898670732975006	0.40530672296881676	0.01449337974190712	0.9198001027107239	[25913 25913 25913 25913 25913]	[25951 25951 25951 25950 25950]		
4342.6485	1.0664999999999054	epochs															maze_arm	341.0
4343.732	5.164999999999964	epochs															feedback_and_iti	341.0
4343.732	0.9885000000003856	epochs															feedback_delay	341.0
4344.7385	1.9852499999997235	epochs															feedback	341.0
4346.913	1.9840000000003783	epochs															iti	341.0
4348.91575	5.989749999999731	epochs															maze	342.0
4348.91575	4.820999999999913	epochs															maze_stem	342.0
4348.936	11.16675000000032	trials	False	True	False	False	False	True	[0.9359597  0.06404029 0.13356973 0.86643028]	0.8023899793624878	-0.06952942907810211	0.4011949822306633	0.034764714539051056	0.9359596967697144	[25983 25983 25983 25982 25982]	[26018 26018 26018 26017 26017]		
4353.7565	1.1489999999994325	epochs															maze_arm	342.0
4354.921	5.16150000000016	epochs															feedback_and_iti	342.0
4354.921	0.9847499999996217	epochs															feedback_delay	342.0
4355.924	1.9842500000004293	epochs															feedback	342.0
4358.097	1.985500000000684	epochs															iti	342.0
4360.10275	6.6232499999996435	epochs															maze	343.0
4360.10275	5.442000000000007	epochs															maze_stem	343.0
4360.1235	11.808250000000044	trials	False	True	False	False	False	True	[0.93748885 0.06251118 0.12984832 0.8701517 ]	0.8076405301690102	-0.06733714789152145	0.4038202688097954	0.03366858512163162	0.937488853931427	[26050 26050 26050 26050 26049]	[26089 26089 26088 26088 26088]		
4365.56325	1.1627499999995052	epochs															maze_arm	343.0
4366.74325	5.1612499999992	epochs															feedback_and_iti	343.0
4366.74325	0.983499999999367	epochs															feedback_delay	343.0
4367.74475	1.981499999999869	epochs															feedback	343.0
4369.9135	1.9909999999999854	epochs															iti	343.0
4371.93175	6.352499999999964	epochs															maze	344.0
4371.93175	5.092999999999847	epochs															maze_stem	344.0
4371.955	11.521249999999782	trials	False	True	False	False	False	True	[0.93602526 0.06397472 0.12634069 0.87365937]	0.8096846155822277	-0.062365930527448654	0.4048422873020172	0.031182974576950073	0.9360252618789673	[26121 26121 26121 26120 26120]	[26158 26158 26158 26158 26157]		
4377.0445	1.2397499999997308	epochs															maze_arm	344.0
4378.30125	5.154749999999694	epochs															feedback_and_iti	344.0
4378.30125	0.9827499999992142	epochs															feedback_delay	344.0
4379.30175	1.9832500000002256	epochs															feedback	344.0
4381.46775	1.9882500000003347	epochs															iti	344.0
4383.47625	7.28650000000016	epochs															maze	345.0
4383.47625	5.867750000000342	epochs															maze_stem	345.0
4383.49725	12.455249999999978	trials	False	True	False	False	False	True	[0.93488657 0.06511343 0.12322742 0.87677264]	0.8116591833531857	-0.058113958686590195	0.4058295786380768	0.02905699610710144	0.9348865747451782	[26190 26190 26190 26190 26189]	[26233 26233 26233 26232 26232]		
4389.3625	1.4002499999996871	epochs															maze_arm	345.0
4390.77975	5.152000000000044	epochs															feedback_and_iti	345.0
4390.77975	0.9957500000000437	epochs															feedback_delay	345.0
4391.794	1.9752500000004147	epochs															feedback	345.0
4393.9475	1.9842499999995198	epochs															iti	345.0
4395.9525	6.78125	epochs															maze	346.0
4395.9525	5.174999999999272	epochs															maze_stem	346.0
4395.97375	13.818500000000313	trials	False	True	False	True	False	False	[0.93389893 0.0661011  0.12024987 0.87975007]	0.8136490136384964	-0.05414881557226181	-0.4068245254456997	0.027074400335550308	0.12024987488985062	[26265 26265 26265 26264 26264]	[26305 26305 26304 26304 26304]		
4401.14775	1.58600000000024	epochs															maze_arm	346.0
4402.75125	7.020999999999731	epochs															feedback_and_iti	346.0
4402.75125	0.9992499999998472	epochs															feedback_delay	346.0
4403.7665	1.9830000000001746	epochs															feedback	346.0
4405.7845	3.987750000000233	epochs															iti	346.0
4409.79225	6.854999999999563	epochs															maze	347.0
4409.79225	4.4909999999999854	epochs															maze_stem	347.0
4409.81025	12.04174999999941	trials	True	True	False	False	False	True	[0.93151301 0.068487   0.37687239 0.62312764]	0.5546406283974648	-0.30838537961244583	0.2773203104734421	0.1541927009820938	0.9315130114555359	[26348 26348 26348 26347 26347]	[26388 26388 26388 26388 26387]		
4414.30275	2.344500000000153	epochs															maze_arm	347.0
4416.6675	5.164000000000669	epochs															feedback_and_iti	347.0
4416.6675	0.9820000000008804	epochs															feedback_delay	347.0
4417.66875	1.9845000000004802	epochs															feedback	347.0
4419.836	1.9954999999999927	epochs															iti	347.0
4421.852	6.4467500000000655	epochs															maze	348.0
4421.852	5.2979999999997744	epochs															maze_stem	348.0
4421.87425	11.629750000000058	trials	False	True	False	False	False	True	[0.96505517 0.03494485 0.25408292 0.74591708]	0.7109722420573235	-0.21913807839155197	0.355486124753952	0.10956904292106628	0.9650551676750183	[26420 26420 26420 26420 26420]	[26458 26458 26458 26457 26457]		
4427.168	1.130750000000262	epochs															maze_arm	348.0
4428.3145	5.168749999999818	epochs															feedback_and_iti	348.0
4428.3145	0.9952499999999418	epochs															feedback_delay	348.0
4429.32825	1.9862500000008367	epochs															feedback	348.0
4431.49375	1.9895000000005894	epochs															iti	348.0
4433.504	8.109000000000378	epochs															maze	349.0
4433.504	6.878249999999753	epochs															maze_stem	349.0
4433.524	13.294750000000022	trials	False	True	False	False	False	True	[0.94564205 0.054358   0.20787904 0.79212093]	0.7377629745751619	-0.15352107770740986	0.3688815087080002	0.07676054537296295	0.9456420540809631	[26490 26490 26490 26490 26489]	[26538 26538 26537 26537 26537]		
4440.40225	1.2107500000001892	epochs															maze_arm	349.0
4441.63075	5.168249999999716	epochs															feedback_and_iti	349.0
4441.63075	0.9857499999998254	epochs															feedback_delay	349.0
4442.636	1.983749999999418	epochs															feedback	349.0
4444.802	1.9970000000002983	epochs															iti	349.0
4446.81875	8.713999999999942	epochs															maze	350.0
4446.81875	6.998749999999745	epochs															maze_stem	350.0
4446.83925	13.905749999999898	trials	False	True	False	False	False	True	[0.94359803 0.05640198 0.19997612 0.80002385]	0.7436218950897455	-0.1435741577297449	0.3718109577894211	0.07178707420825958	0.9435980319976807	[26570 26570 26570 26569 26569]	[26621 26621 26621 26621 26621]		
4453.838	1.6947500000005675	epochs															maze_arm	350.0
4455.55025	5.170749999999316	epochs															feedback_and_iti	350.0
4455.55025	0.9857499999998254	epochs															feedback_delay	350.0
4456.554	1.9844999999995707	epochs															feedback	350.0
4458.73425	1.9867499999991196	epochs															iti	350.0
4460.745	6.957500000000437	epochs															maze	351.0
4460.745	5.743000000000393	epochs															maze_stem	351.0
4460.76375	12.129750000000058	trials	False	True	False	False	False	True	[0.94104439 0.05895563 0.19005986 0.8099401 ]	0.7509845029562712	-0.13110425882041454	0.37549226731061935	0.06555212289094925	0.9410443902015686	[26654 26653 26653 26653 26653]	[26694 26694 26694 26694 26693]		
4466.50825	1.1942500000004657	epochs															maze_arm	351.0
4467.71875	5.154749999999694	epochs															feedback_and_iti	351.0
4467.71875	0.9987499999997453	epochs															feedback_delay	351.0
4468.73525	1.9715000000005602	epochs															feedback	351.0
4470.882	1.9915000000000873	epochs															iti	351.0
4472.8935	9.407999999999447	epochs															maze	352.0
4472.8935	7.147500000000036	epochs															maze_stem	352.0
4472.911	14.593499999999949	trials	True	True	False	False	False	True	[0.93898326 0.06101673 0.18077464 0.81922537]	0.7582086268812418	-0.11975790001451969	0.379104308784008	0.05987895280122757	0.9389832615852356	[26726 26726 26726 26726 26726]	[26782 26782 26781 26781 26781]		
4480.06	2.241499999999178	epochs															maze_arm	352.0
4482.32075	5.163749999999709	epochs															feedback_and_iti	352.0
4482.32075	0.9827500000001237	epochs															feedback_delay	352.0
4483.32375	1.9880000000002838	epochs															feedback	352.0
4485.5	1.9844999999995707	epochs															iti	352.0
4487.5045	9.500500000000102	epochs															maze	353.0
4487.5045	7.680000000000291	epochs															maze_stem	353.0
4487.527	14.6850000000004	trials	True	True	False	True	True	True	[0.9443506  0.05564938 0.16091616 0.83908385]	0.7834344543516636	-0.1052667684853077	0.39171723648905754	-0.052633386105298996	0.8390838503837585	[26814 26814 26814 26813 26813]	[26870 26870 26870 26869 26869]		
4495.20375	1.8012500000004366	epochs															maze_arm	353.0
4497.0255	5.161250000000109	epochs															feedback_and_iti	353.0
4497.0255	0.9907499999999345	epochs															feedback_delay	353.0
4498.03725	1.981499999999869	epochs															feedback	353.0
4500.1985	1.9882499999994252	epochs															iti	353.0
4502.212	6.500499999999192	epochs															maze	354.0
4502.212	5.121999999999389	epochs															maze_stem	354.0
4502.235	11.69000000000051	trials	False	True	False	True	True	True	[0.92066342 0.07933659 0.10656808 0.8934319 ]	0.8140953220427036	-0.027231503278017044	0.40704765543341637	-0.013615753501653671	0.8934319019317627	[26902 26902 26902 26902 26901]	[26940 26940 26940 26940 26939]		
4507.35375	1.358749999999418	epochs															maze_arm	354.0
4508.72975	5.164249999999811	epochs															feedback_and_iti	354.0
4508.72975	0.9837499999994179	epochs															feedback_delay	354.0
4509.7315	1.9835000000002765	epochs															feedback	354.0
4511.90025	1.9937500000005457	epochs															iti	354.0
4513.925	6.8732499999996435	epochs															maze	355.0
4513.925	5.251499999999396	epochs															maze_stem	355.0
4513.9485	12.044750000000022	trials	False	True	False	True	True	True	[0.9203946  0.07960536 0.09417886 0.9058212 ]	0.8262157924473286	-0.01457345113158226	0.4131079241633415	-0.007286719977855682	0.9058212041854858	[26972 26972 26972 26972 26972]	[27013 27012 27012 27012 27012]		
4519.196	1.6022499999999127	epochs															maze_arm	355.0
4520.814	5.156999999999243	epochs															feedback_and_iti	355.0
4520.814	0.9997499999999491	epochs															feedback_delay	355.0
4521.8315	1.9695000000001528	epochs															feedback	355.0
4523.98625	1.9847499999996217	epochs															iti	355.0
4525.99325	7.384749999999258	epochs															maze	356.0
4525.99325	6.152999999999338	epochs															maze_stem	356.0
4526.015	12.567250000000058	trials	False	True	False	False	False	True	[0.91810071 0.0818993  0.0845395  0.91546047]	0.8335611931979656	-0.002640221267938614	0.41678060963749886	0.0013201050460338593	0.9181007146835327	[27045 27045 27044 27044 27044]	[27088 27088 27088 27087 27087]		
4532.16475	1.213249999999789	epochs															maze_arm	356.0
4533.397	5.164749999999913	epochs															feedback_and_iti	356.0
4533.397	0.9845000000004802	epochs															feedback_delay	356.0
4534.39925	1.9912500000000364	epochs															feedback	356.0
4536.58025	1.981499999999869	epochs															iti	356.0
4538.58225	7.516999999999825	epochs															maze	357.0
4538.58225	6.269749999999476	epochs															maze_stem	357.0
4538.6025	12.704499999999825	trials	False	True	False	False	False	True	[0.93124908 0.06875094 0.10837542 0.89162457]	0.8228736482560635	-0.039624493569135666	0.4114368334412575	0.019812248647212982	0.9312490820884705	[27120 27120 27120 27120 27119]	[27164 27164 27164 27164 27164]		
4544.87025	1.2290000000002692	epochs															maze_arm	357.0
4546.1145	5.171750000000429	epochs															feedback_and_iti	357.0
4546.1145	0.9867500000000291	epochs															feedback_delay	357.0
4547.117	1.99474999999984	epochs															feedback	357.0
4549.28775	1.9984999999996944	epochs															iti	357.0
4551.307	6.875	epochs															maze	358.0
4551.307	5.463999999999942	epochs															maze_stem	358.0
4551.3275	13.905999999999949	trials	False	True	False	True	False	False	[0.93367618 0.0663238  0.10707052 0.89292949]	0.8266056776046753	-0.04074670374393463	-0.41330283135175705	0.020373351871967316	0.10707052052021027	[27196 27196 27196 27196 27196]	[27237 27237 27236 27236 27236]		
4556.79075	1.3912499999996726	epochs															maze_arm	358.0
4558.19925	7.013249999999971	epochs															feedback_and_iti	358.0
4558.19925	0.9875000000001819	epochs															feedback_delay	358.0
4559.20425	1.9825000000000728	epochs															feedback	358.0
4561.222	3.9904999999998836	epochs															iti	358.0
4565.2335	6.656500000000051	epochs															maze	359.0
4565.2335	5.346999999999753	epochs															maze_stem	359.0
4565.25475	11.83575000000019	trials	True	True	False	False	False	True	[0.93185872 0.06814125 0.34869108 0.65130889]	0.5831676423549652	-0.2805498242378235	0.2915838211774826	0.14027489721775055	0.9318587183952332	[27280 27280 27280 27279 27279]	[27319 27319 27319 27318 27318]		
4570.59975	1.2902500000000146	epochs															maze_arm	359.0
4571.91075	5.1582500000004075	epochs															feedback_and_iti	359.0
4571.91075	0.9989999999997963	epochs															feedback_delay	359.0
4572.9315	1.9660000000003492	epochs															feedback	359.0
4575.07675	1.99225000000024	epochs															iti	359.0
4577.0905	6.299250000000029	epochs															maze	360.0
4577.0905	4.831250000000182	epochs															maze_stem	360.0
4577.11075	11.486499999999978	trials	False	True	False	True	True	True	[0.96482617 0.03517378 0.22847418 0.7715258 ]	0.7363520003855228	-0.19330038502812386	0.36817600950598717	-0.09665020927786827	0.7715258002281189	[27351 27351 27351 27350 27350]	[27388 27388 27388 27387 27387]		
4581.9425	1.4472500000001673	epochs															maze_arm	360.0
4583.40725	5.169750000000022	epochs															feedback_and_iti	360.0
4583.40725	0.9915000000000873	epochs															feedback_delay	360.0
4584.41625	1.987250000000131	epochs															feedback	360.0
4586.58975	1.987250000000131	epochs															iti	360.0
4588.59725	5.807999999999993	epochs															maze	361.0
4588.59725	4.536250000000109	epochs															maze_stem	361.0
4588.6155	10.98425000000043	trials	True	True	False	True	True	True	[0.93329579 0.06670428 0.12962778 0.87037218]	0.803667951375246	-0.06292355433106422	0.4018339477479458	-0.031461771577596664	0.8703721761703491	[27420 27420 27420 27419 27419]	[27454 27454 27454 27453 27453]		
4593.15475	1.2505000000001019	epochs															maze_arm	361.0
4594.42575	5.153749999999491	epochs															feedback_and_iti	361.0
4594.42575	0.9819999999999709	epochs															feedback_delay	361.0
4595.428	1.9790000000002692	epochs															feedback	361.0
4597.585	1.994499999999789	epochs															iti	361.0
4599.59975	6.839999999999236	epochs															maze	362.0
4599.59975	5.634500000000116	epochs															maze_stem	362.0
4599.619	12.016500000000633	trials	False	True	False	False	False	True	[0.9247663  0.07523371 0.1104454  0.88955456]	0.8143208771944046	-0.0352117195725441	0.4071604497730732	0.017605852335691452	0.9247663021087646	[27486 27486 27486 27485 27485]	[27526 27526 27526 27525 27525]		
4605.25475	1.1849999999994907	epochs															maze_arm	362.0
4606.457	5.158249999999498	epochs															feedback_and_iti	362.0
4606.457	0.9842499999995198	epochs															feedback_delay	362.0
4607.45925	1.9890000000004875	epochs															feedback	362.0
4609.6335	1.98174999999992	epochs															iti	362.0
4611.6355	6.942250000000058	epochs															maze	363.0
4611.6355	5.462749999999687	epochs															maze_stem	363.0
4611.656	12.142749999999978	trials	True	True	False	False	False	True	[0.94264507 0.05735496 0.13657148 0.86342853]	0.8060735799372196	-0.07921652868390083	0.40303679555654526	0.03960827738046646	0.9426450729370117	[27558 27558 27558 27558 27557]	[27599 27599 27598 27598 27598]		
4617.11625	1.461500000000342	epochs															maze_arm	363.0
4618.598	5.181000000000495	epochs															feedback_and_iti	363.0
4618.598	0.9912500000000364	epochs															feedback_delay	363.0
4619.6115	1.9862499999999272	epochs															feedback	363.0
4621.7835	1.9955000000009022	epochs															iti	363.0
4623.79875	12.255750000000262	epochs															maze	364.0
4623.79875	10.571500000000015	epochs															maze_stem	364.0
4623.817	17.468249999999898	trials	True	True	False	False	False	True	[0.94929045 0.05070952 0.12380754 0.87619245]	0.8254829235374928	-0.07309801504015923	0.41274145618081093	0.03654899820685387	0.9492904543876648	[27631 27631 27631 27631 27630]	[27704 27703 27703 27703 27703]		
4634.39	1.6644999999998618	epochs															maze_arm	364.0
4636.075	5.1875	epochs															feedback_and_iti	364.0
4636.075	0.9965000000001965	epochs															feedback_delay	364.0
4637.093	1.9832500000002256	epochs															feedback	364.0
4639.27425	1.9882499999994252	epochs															iti	364.0
4641.28525	20.93525000000045	epochs															maze	365.0
4641.28525	6.8770000000004075	epochs															maze_stem	365.0
4641.306	26.121000000000095	trials	False	True	False	True	True	True	[0.94186813 0.05813185 0.11233593 0.88766402]	0.8295321837067604	-0.05420409142971039	0.4147660844027996	-0.027102064341306686	0.8876640200614929	[27736 27736 27736 27735 27735]	[27861 27860 27860 27860 27860]		
4648.1825	14.038000000000466	epochs															maze_arm	365.0
4662.238	5.166249999999309	epochs															feedback_and_iti	365.0
4662.238	0.9922499999993306	epochs															feedback_delay	365.0
4663.248	1.9842500000004293	epochs															feedback	365.0
4665.4165	1.9877499999993233	epochs															iti	365.0
4667.427	9.823500000000422	epochs															maze	366.0
4667.427	8.34900000000016	epochs															maze_stem	366.0
4667.447	15.006749999999556	trials	False	True	False	False	False	True	[0.9191758  0.08082416 0.0822283  0.91777176]	0.8369475491344929	-0.0014040954411029816	0.4184737503528595	0.0007020533084869385	0.9191758036613464	[27893 27892 27892 27892 27892]	[27951 27950 27950 27950 27950]		
4675.796	1.4544999999998254	epochs															maze_arm	366.0
4677.266	5.166250000000218	epochs															feedback_and_iti	366.0
4677.266	0.998000000000502	epochs															feedback_delay	366.0
4678.2815	1.9717499999997017	epochs															feedback	366.0
4680.4465	1.9857499999998254	epochs															iti	366.0
4682.45375	6.7277500000000146	epochs															maze	367.0
4682.45375	5.201000000000022	epochs															maze_stem	367.0
4682.47275	11.912000000000262	trials	False	True	False	False	False	True	[0.93443435 0.06556562 0.10604843 0.89395154]	0.8283859193325043	-0.04048281908035278	0.41419295966625214	0.020241394639015198	0.9344343543052673	[27983 27983 27982 27982 27982]	[28022 28022 28022 28022 28021]		
4687.67525	1.5062499999994543	epochs															maze_arm	367.0
4689.19875	5.164750000000822	epochs															feedback_and_iti	367.0
4689.19875	0.9900000000006912	epochs															feedback_delay	367.0
4690.20675	1.9767499999998108	epochs															feedback	367.0
4692.3705	1.993000000000393	epochs															iti	367.0
4694.38475	8.38274999999976	epochs															maze	368.0
4694.38475	6.706000000000131	epochs															maze_stem	368.0
4694.405	15.413750000000618	trials	False	True	False	True	False	False	[0.93604887 0.06395107 0.10462191 0.89537805]	0.8314269706606865	-0.04067082703113556	-0.41571347787976265	0.02033538743853569	0.10462190955877304	[28054 28054 28054 28054 28054]	[28104 28103 28103 28103 28103]		
4701.11125	1.65625	epochs															maze_arm	368.0
4702.785	7.015000000000327	epochs															feedback_and_iti	368.0
4702.785	0.9947499999998399	epochs															feedback_delay	368.0
4703.79725	1.9825000000000728	epochs															feedback	368.0
4705.8165	3.9835000000002765	epochs															iti	368.0
4709.81875	7.49474999999984	epochs															maze	369.0
4709.81875	5.073249999999462	epochs															maze_stem	369.0
4709.839	14.515250000000378	trials	False	True	False	True	False	False	[0.9304778  0.06952219 0.34373349 0.65626651]	0.58674431219697	-0.2742112912237644	-0.29337215423583984	0.13710564374923706	0.3437334895133972	[28147 28147 28146 28146 28146]	[28191 28191 28190 28190 28190]		
4714.9125	2.40099999999984	epochs															maze_arm	369.0
4717.33175	7.001499999999396	epochs															feedback_and_iti	369.0
4717.33175	0.98700000000008	epochs															feedback_delay	369.0
4718.3365	1.9772499999999127	epochs															feedback	369.0
4720.351	3.982250000000022	epochs															iti	369.0
4724.35425	8.122999999999593	epochs															maze	370.0
4724.35425	6.305499999999483	epochs															maze_stem	370.0
4724.37325	13.301750000000538	trials	False	True	False	False	False	True	[0.92709309 0.07290694 0.54190803 0.45809203]	0.3851850777864456	-0.46900106966495514	0.1925925314426422	0.23450055718421936	0.9270930886268616	[28234 28234 28234 28233 28233]	[28282 28282 28281 28281 28281]		
4730.68	1.7972499999996217	epochs															maze_arm	370.0
4732.49475	5.157750000000306	epochs															feedback_and_iti	370.0
4732.49475	0.9840000000003783	epochs															feedback_delay	370.0
4733.4965	1.9847499999996217	epochs															feedback	370.0
4735.6665	1.9859999999998763	epochs															iti	370.0
4737.675	8.290250000000015	epochs															maze	371.0
4737.675	6.940249999999651	epochs															maze_stem	371.0
4737.6985	13.477499999999964	trials	False	True	False	False	False	True	[0.95475924 0.0452408  0.42622548 0.57377458]	0.5285337679088116	-0.38098467513918877	0.26426687836647034	0.19049236178398132	0.9547592401504517	[28314 28314 28313 28313 28313]	[28363 28362 28362 28362 28362]		
4744.63525	1.3299999999999272	epochs															maze_arm	371.0
4745.9825	5.168749999999818	epochs															feedback_and_iti	371.0
4745.9825	0.9864999999999782	epochs															feedback_delay	371.0
4746.987	1.9864999999999782	epochs															feedback	371.0
4749.15925	1.9920000000001892	epochs															iti	371.0
4751.176	9.162249999999403	epochs															maze	372.0
4751.176	7.248749999999745	epochs															maze_stem	372.0
4751.1965	16.194499999999607	trials	True	True	False	True	False	False	[0.94641769 0.05358234 0.37541354 0.6245864 ]	0.5710041094571352	-0.3218312431126833	-0.2855020761489868	0.16091561317443848	0.37541353702545166	[28395 28395 28394 28394 28394]	[28449 28449 28448 28448 28448]		
4758.444	1.8942499999993743	epochs															maze_arm	372.0
4760.3605	7.010750000000371	epochs															feedback_and_iti	372.0
4760.3605	0.9847500000005311	epochs															feedback_delay	372.0
4761.366	1.981999999999971	epochs															feedback	372.0
4763.383	3.9882500000003347	epochs															iti	372.0
4767.391	6.586500000000342	epochs															maze	373.0
4767.391	4.629500000000007	epochs															maze_stem	373.0
4767.41075	13.623749999999745	trials	True	True	False	True	False	False	[0.92077255 0.07922747 0.63605195 0.36394808]	0.28472060337662697	-0.5568244792521	-0.14236029982566833	0.27841225266456604	0.6360519528388977	[28492 28492 28492 28491 28491]	[28531 28530 28530 28530 28530]		
4772.04025	1.937249999999949	epochs															maze_arm	373.0
4773.998	7.01575000000048	epochs															feedback_and_iti	373.0
4773.998	0.9822500000000218	epochs															feedback_delay	373.0
4775.001	1.9864999999999782	epochs															feedback	373.0
4777.02325	3.9904999999998836	epochs															iti	373.0
4781.0345	6.9835000000002765	epochs															maze	374.0
4781.0345	5.350000000000364	epochs															maze_stem	374.0
4781.0545	14.010749999999462	trials	False	True	False	False	True	False	[0.90394658 0.09605341 0.69949633 0.3005037 ]	0.20445027202367783	-0.6034428998827934	-0.10222514718770981	-0.3017214462161064	0.09605340659618378	[28574 28574 28573 28573 28573]	[28615 28615 28614 28614 28614]		
4786.405	1.6130000000002838	epochs															maze_arm	374.0
4788.03525	7.009500000000116	epochs															feedback_and_iti	374.0
4788.03525	0.998000000000502	epochs															feedback_delay	374.0
4789.0515	1.966750000000502	epochs															feedback	374.0
4791.0555	3.989249999999629	epochs															iti	374.0
4795.06525	8.540750000000116	epochs															maze	375.0
4795.06525	6.427750000000742	epochs															maze_stem	375.0
4795.08525	15.573749999999563	trials	False	True	False	False	True	False	[0.72989762 0.27010244 0.58192199 0.41807798]	0.14797557890415192	-0.3118195980787277	-0.07398776710033417	-0.15590979158878326	0.27010244131088257	[28658 28658 28658 28657 28657]	[28708 28708 28708 28708 28707]		
4801.51275	2.093249999999898	epochs															maze_arm	375.0
4803.622	7.0164999999997235	epochs															feedback_and_iti	375.0
4803.622	0.9884999999994761	epochs															feedback_delay	375.0
4804.62825	1.9840000000003783	epochs															feedback	375.0
4806.6495	3.988999999999578	epochs															iti	375.0
4810.659	7.20850000000064	epochs															maze	376.0
4810.659	5.622250000000349	epochs															maze_stem	376.0
4810.67925	12.38525000000027	trials	False	True	False	True	True	True	[0.64594775 0.35405231 0.54978353 0.4502165 ]	0.09616421163082123	-0.1957312375307083	0.04808209836483002	-0.09786559641361237	0.45021650195121765	[28751 28751 28751 28751 28751]	[28794 28794 28793 28793 28793]		
4816.3015	1.566000000000713	epochs															maze_arm	376.0
4817.885	5.158999999999651	epochs															feedback_and_iti	376.0
4817.885	0.9977499999995416	epochs															feedback_delay	376.0
4818.901	1.9710000000004584	epochs															feedback	376.0
4821.06225	1.98174999999992	epochs															iti	376.0
4823.0645	7.245499999999993	epochs															maze	377.0
4823.0645	5.926499999999578	epochs															maze_stem	377.0
4823.0885	12.414499999999862	trials	False	True	False	True	True	True	[0.7174226  0.28257743 0.34394228 0.65605772]	0.37348030507564545	-0.06136487424373627	0.18674014508724213	-0.030682429671287537	0.6560577154159546	[28826 28826 28825 28825 28825]	[28868 28868 28868 28868 28868]		
4829.011	1.2989999999999782	epochs															maze_arm	377.0
4830.326	5.15625	epochs															feedback_and_iti	377.0
4830.326	0.9849999999996726	epochs															feedback_delay	377.0
4831.3285	1.9832500000002256	epochs															feedback	377.0
4833.49775	1.9844999999995707	epochs															iti	377.0
4835.503	9.758249999999862	epochs															maze	378.0
4835.503	8.038250000000517	epochs															maze_stem	378.0
4835.523	14.942000000000007	trials	False	True	False	False	False	True	[0.70174867 0.29825133 0.2244947  0.7755053 ]	0.4772539734840393	0.0737566351890564	0.23862698674201965	-0.0368783175945282	0.7017486691474915	[28900 28900 28900 28900 28900]	[28958 28958 28958 28957 28957]		
4843.56075	1.70049999999992	epochs															maze_arm	378.0
4845.27625	5.168499999999767	epochs															feedback_and_iti	378.0
4845.27625	0.994499999999789	epochs															feedback_delay	378.0
4846.2885	1.9845000000004802	epochs															feedback	378.0
4848.4555	1.989249999999629	epochs															iti	378.0
4850.465	8.045250000000124	epochs															maze	379.0
4850.465	6.593249999999898	epochs															maze_stem	379.0
4850.485	15.076250000000073	trials	False	True	False	True	False	False	[0.8554846  0.14451547 0.29411316 0.70588684]	0.5613714084029198	-0.14959772676229477	-0.2806857228279114	0.07479888200759888	0.2941131591796875	[28990 28990 28990 28989 28989]	[29037 29037 29037 29037 29037]		
4857.07975	1.430500000000393	epochs															maze_arm	379.0
4858.52575	7.014250000000175	epochs															feedback_and_iti	379.0
4858.52575	0.9912500000000364	epochs															feedback_delay	379.0
4859.53475	1.9802500000005239	epochs															feedback	379.0
4861.5515	3.9885000000003856	epochs															iti	379.0
4865.56125	6.949000000000524	epochs															maze	380.0
4865.56125	5.440500000000611	epochs															maze_stem	380.0
4865.5825	12.133749999999964	trials	False	True	False	True	True	True	[0.84089166 0.1591084  0.55366278 0.44633725]	0.28722886741161346	-0.39455439150333405	0.14361442625522614	-0.19727717339992523	0.4463372528553009	[29081 29080 29080 29080 29080]	[29121 29121 29121 29121 29121]		
4871.01975	1.4904999999998836	epochs															maze_arm	380.0
4872.526	5.170000000000073	epochs															feedback_and_iti	380.0
4872.526	0.98700000000008	epochs															feedback_delay	380.0
4873.531	1.9954999999999927	epochs															feedback	380.0
4875.707	1.988999999999578	epochs															iti	380.0
4877.71625	6.326499999999214	epochs															maze	381.0
4877.71625	4.961999999999534	epochs															maze_stem	381.0
4877.7365	11.517249999999876	trials	False	True	False	True	True	True	[0.79012239 0.20987761 0.24394222 0.7560578 ]	0.5461801812052727	-0.03406459838151932	0.27309009432792664	-0.01703229546546936	0.7560577988624573	[29153 29153 29153 29153 29153]	[29190 29190 29190 29190 29190]		
4882.6975	1.345249999999396	epochs															maze_arm	381.0
4884.05975	5.173999999999978	epochs															feedback_and_iti	381.0
4884.05975	0.9909999999999854	epochs															feedback_delay	381.0
4885.06725	1.970999999999549	epochs															feedback	381.0
4887.238	1.9957500000000437	epochs															iti	381.0
4889.25375	5.719250000000102	epochs															maze	382.0
4889.25375	4.525749999999789	epochs															maze_stem	382.0
4889.27225	10.902000000000044	trials	False	True	False	True	True	True	[0.76723033 0.23276968 0.1676337  0.83236635]	0.5995966494083405	0.06513600051403046	0.2997983321547508	0.03256801515817642	0.8323663473129272	[29223 29222 29222 29222 29222]	[29256 29256 29256 29255 29255]		
4893.79875	1.174250000000029	epochs															maze_arm	382.0
4894.99	5.164499999999862	epochs															feedback_and_iti	382.0
4894.99	0.9895000000005894	epochs															feedback_delay	382.0
4895.9975	1.9894999999996799	epochs															feedback	382.0
4898.1665	1.9879999999993743	epochs															iti	382.0
4900.17425	7.0789999999997235	epochs															maze	383.0
4900.17425	5.59375	epochs															maze_stem	383.0
4900.1945	14.109750000000531	trials	False	True	False	False	True	False	[0.75373286 0.24626713 0.13039199 0.86960804]	0.6233408972620964	0.11587516218423843	-0.3116704598069191	0.057937584817409515	0.24626712501049042	[29288 29288 29288 29288 29287]	[29330 29329 29329 29329 29329]		
4905.788	1.4652500000001965	epochs															maze_arm	383.0
4907.269	7.011999999999716	epochs															feedback_and_iti	383.0
4907.269	0.9839999999994689	epochs															feedback_delay	383.0
4908.269	1.9920000000001892	epochs															feedback	383.0
4910.29775	3.9832500000002256	epochs															iti	383.0
4914.30425	6.740499999999884	epochs															maze	384.0
4914.30425	5.372000000000298	epochs															maze_stem	384.0
4914.32575	11.913749999999709	trials	False	True	False	False	False	True	[0.54807162 0.45192838 0.26460457 0.73539543]	0.28346705436706543	0.18732380867004395	0.14173352718353271	-0.09366190433502197	0.5480716228485107	[29373 29373 29372 29372 29372]	[29412 29412 29412 29412 29412]		
4919.69625	1.3485000000000582	epochs															maze_arm	384.0
4921.06225	5.156750000000102	epochs															feedback_and_iti	384.0
4921.06225	0.9819999999999709	epochs															feedback_delay	384.0
4922.0625	1.9882500000003347	epochs															feedback	384.0
4924.236	1.9830000000001746	epochs															iti	384.0
4926.2395	6.028250000000298	epochs															maze	385.0
4926.2395	4.832250000000386	epochs															maze_stem	385.0
4926.26	11.209749999999985	trials	False	True	False	False	False	True	[0.76848412 0.23151591 0.21869698 0.78130299]	0.5497871041297913	0.012818902730941772	0.2748935669660568	-0.006409451365470886	0.7684841156005859	[29444 29444 29444 29444 29444]	[29480 29479 29479 29479 29479]		
4931.09175	1.1760000000003856	epochs															maze_arm	385.0
4932.2855	5.1597499999998035	epochs															feedback_and_iti	385.0
4932.2855	0.9994999999998981	epochs															feedback_delay	385.0
4933.30275	1.9724999999998545	epochs															feedback	385.0
4935.458	1.987250000000131	epochs															iti	385.0
4937.46975	5.938749999999345	epochs															maze	386.0
4937.46975	4.816499999999905	epochs															maze_stem	386.0
4937.4925	11.128749999999854	trials	False	True	False	False	False	True	[0.87123972 0.12876032 0.22878568 0.77121437]	0.6424540430307388	-0.10002535581588745	0.3212270215153694	0.050012700259685516	0.8712397217750549	[29512 29512 29511 29511 29511]	[29546 29546 29546 29546 29546]		
4942.30575	1.102749999999105	epochs															maze_arm	386.0
4943.42425	5.173249999999825	epochs															feedback_and_iti	386.0
4943.42425	0.9857499999998254	epochs															feedback_delay	386.0
4944.42625	1.9897499999997308	epochs															feedback	386.0
4946.6055	1.9920000000001892	epochs															iti	386.0
4948.62125	5.470999999999549	epochs															maze	387.0
4948.62125	4.309999999999491	epochs															maze_stem	387.0
4948.64175	12.495499999999993	trials	False	True	False	True	False	False	[0.90306562 0.09693442 0.22055358 0.77944642]	0.6825120225548744	-0.12361917644739151	-0.3412560224533081	0.06180959939956665	0.22055357694625854	[29579 29578 29578 29578 29578]	[29610 29610 29610 29610 29610]		
4952.95125	1.1409999999996217	epochs															maze_arm	387.0
4954.109	7.007999999999811	epochs															feedback_and_iti	387.0
4954.109	0.9862499999999272	epochs															feedback_delay	387.0
4955.11325	1.9799999999995634	epochs															feedback	387.0
4957.12775	3.9892500000005384	epochs															iti	387.0
4961.13725	5.274750000000495	epochs															maze	388.0
4961.13725	3.8952500000004875	epochs															maze_stem	388.0
4961.1575	12.305999999999585	trials	False	True	False	True	False	False	[0.87748003 0.12252003 0.50117296 0.49882704]	0.37630704045295715	-0.378652960062027	-0.18815353512763977	0.18932649493217468	0.5011729598045349	[29654 29653 29653 29653 29653]	[29684 29684 29684 29684 29684]		
4965.05325	1.3587500000003274	epochs															maze_arm	388.0
4966.4275	7.015500000000429	epochs															feedback_and_iti	388.0
4966.4275	0.9915000000000873	epochs															feedback_delay	388.0
4967.43675	1.9807499999997162	epochs															feedback	388.0
4969.4545	3.9885000000003856	epochs															iti	388.0
4973.4635	7.581750000000284	epochs															maze	389.0
4973.4635	5.5164999999997235	epochs															maze_stem	389.0
4973.48425	12.768499999999221	trials	True	True	False	False	False	True	[0.86190724 0.13809279 0.63210595 0.36789405]	0.22980128228664398	-0.494013175368309	0.11490064859390259	0.2470065951347351	0.8619072437286377	[29728 29727 29727 29727 29727]	[29772 29772 29772 29771 29771]		
4978.99975	2.0455000000001746	epochs															maze_arm	389.0
4981.0655	5.1635000000005675	epochs															feedback_and_iti	389.0
4981.0655	0.9965000000001965	epochs															feedback_delay	389.0
4982.0825	1.96875	epochs															feedback	389.0
4984.23525	1.9937500000005457	epochs															iti	389.0
4986.25275	6.171750000000429	epochs															maze	390.0
4986.25275	4.269750000000386	epochs															maze_stem	390.0
4986.27175	13.21075000000019	trials	False	True	False	True	False	False	[0.94457126 0.05542877 0.57617611 0.42382389]	0.36839513666927814	-0.5207473505288363	-0.1841975748538971	0.26037368178367615	0.576176106929779	[29804 29804 29804 29804 29803]	[29840 29840 29840 29840 29839]		
4990.54225	1.882249999999658	epochs															maze_arm	390.0
4992.4415	7.018500000000131	epochs															feedback_and_iti	390.0
4992.4415	0.9885000000003856	epochs															feedback_delay	390.0
4993.44775	1.9839999999994689	epochs															feedback	390.0
4995.46725	3.992750000000342	epochs															iti	390.0
4999.4825	6.128249999999753	epochs															maze	391.0
4999.4825	3.937750000000051	epochs															maze_stem	391.0
4999.5035	13.16424999999981	trials	True	True	False	True	False	False	[0.87075031 0.12924974 0.67447865 0.32552141]	0.19627166539430618	-0.5452289059758186	-0.09813582897186279	0.2726144790649414	0.6744786500930786	[29884 29883 29883 29883 29883]	[29919 29919 29919 29919 29919]		
5003.44	2.1707500000002256	epochs															maze_arm	391.0
5005.63175	7.017000000000735	epochs															feedback_and_iti	391.0
5005.63175	0.9830000000001746	epochs															feedback_delay	391.0
5006.6355	1.9769999999998618	epochs															feedback	391.0
5008.6495	3.999249999999847	epochs															iti	391.0
5012.66775	6.541000000000167	epochs															maze	392.0
5012.66775	5.238500000000386	epochs															maze_stem	392.0
5012.68825	11.724999999999454	trials	False	True	False	False	False	True	[0.83584934 0.16415071 0.71747941 0.28252056]	0.11836989223957062	-0.553328737616539	0.0591849684715271	0.2766643762588501	0.8358493447303772	[29963 29962 29962 29962 29962]	[30001 30001 30000 30000 30000]		
5017.92475	1.2839999999996508	epochs															maze_arm	392.0
5019.2245	5.168249999999716	epochs															feedback_and_iti	392.0
5019.2245	0.9909999999999854	epochs															feedback_delay	392.0
5020.2335	1.987250000000131	epochs															feedback	392.0
5022.40925	1.9835000000002765	epochs															iti	392.0
5024.41325	5.9375	epochs															maze	393.0
5024.41325	4.218499999999949	epochs															maze_stem	393.0
5024.43375	12.962499999999636	trials	False	True	False	True	False	False	[0.93255085 0.06744915 0.74504054 0.25495946]	0.18751031532883644	-0.6775913871824741	-0.09375515580177307	0.3387956917285919	0.7450405359268188	[30033 30033 30033 30032 30032]	[30068 30067 30067 30067 30067]		
5028.65175	1.6989999999996144	epochs															maze_arm	393.0
5030.366	7.009500000000116	epochs															feedback_and_iti	393.0
5030.366	0.9994999999998981	epochs															feedback_delay	393.0
5031.3835	1.9672499999996944	epochs															feedback	393.0
5033.386	3.98949999999968	epochs															iti	393.0
5037.39625	6.349250000000211	epochs															maze	394.0
5037.39625	4.593249999999898	epochs															maze_stem	394.0
5037.41925	13.386749999999665	trials	False	True	False	True	False	False	[0.86292326 0.1370768  0.7197125  0.2802875 ]	0.1432107388973236	-0.5826357305049896	-0.071605384349823	0.291317880153656	0.719712495803833	[30111 30111 30110 30110 30110]	[30148 30148 30148 30147 30147]		
5042.00975	1.7357499999998254	epochs															maze_arm	394.0
5043.76275	7.023000000000138	epochs															feedback_and_iti	394.0
5043.76275	0.998250000000553	epochs															feedback_delay	394.0
5044.77775	1.9839999999994689	epochs															feedback	394.0
5046.79825	3.987500000000182	epochs															iti	394.0
5050.806	6.234750000000531	epochs															maze	395.0
5050.806	4.669750000000022	epochs															maze_stem	395.0
5050.825	11.421000000000276	trials	False	True	False	False	False	True	[0.83922327 0.1607767  0.72933209 0.27066788]	0.10989117622375488	-0.5685553848743439	0.05494558811187744	0.28427767753601074	0.8392232656478882	[30191 30191 30191 30191 30190]	[30228 30227 30227 30227 30227]		
5055.49675	1.543999999999869	epochs															maze_arm	395.0
5057.0575	5.16675000000032	epochs															feedback_and_iti	395.0
5057.0575	0.9937500000005457	epochs															feedback_delay	395.0
5058.06725	1.9767499999998108	epochs															feedback	395.0
5060.2395	1.9847500000005311	epochs															iti	395.0
5062.246	5.9152500000000146	epochs															maze	396.0
5062.246	4.600249999999505	epochs															maze_stem	396.0
5062.26775	11.101999999999862	trials	False	True	False	False	False	True	[0.93320817 0.06679185 0.77438742 0.22561258]	0.1588207371532917	-0.7075955756008625	0.0794103741645813	0.3537977933883667	0.933208167552948	[30260 30260 30259 30259 30259]	[30294 30294 30294 30294 30294]		
5066.86625	1.2950000000000728	epochs															maze_arm	396.0
5068.177	5.16924999999992	epochs															feedback_and_iti	396.0
5068.177	0.9847500000005311	epochs															feedback_delay	396.0
5069.17825	1.9935000000004948	epochs															feedback	396.0
5071.3595	1.986750000000029	epochs															iti	396.0
5073.36975	5.5222499999999854	epochs															maze	397.0
5073.36975	4.044750000000022	epochs															maze_stem	397.0
5073.391	12.564750000000458	trials	False	True	False	True	False	False	[0.93526304 0.06473699 0.73739135 0.26260868]	0.19787168502807617	-0.6726543605327606	-0.09893584251403809	0.3363271951675415	0.7373913526535034	[30327 30326 30326 30326 30326]	[30359 30358 30358 30358 30358]		
5077.4345	1.457499999999527	epochs															maze_arm	397.0
5078.9095	7.025250000000597	epochs															feedback_and_iti	397.0
5078.9095	0.9994999999998981	epochs															feedback_delay	397.0
5079.926	1.9747499999994034	epochs															feedback	397.0
5081.93575	3.9990000000007058	epochs															iti	397.0
5085.95575	5.607750000000124	epochs															maze	398.0
5085.95575	4.189499999999498	epochs															maze_stem	398.0
5085.97425	12.639000000000124	trials	False	True	False	True	False	False	[0.88047355 0.11952639 0.71827477 0.28172523]	0.16219880804419518	-0.5987483523786068	-0.08109939098358154	0.29937416315078735	0.7182747721672058	[30402 30402 30402 30401 30401]	[30435 30434 30434 30434 30434]		
5090.16525	1.3982500000001892	epochs															maze_arm	398.0
5091.57875	7.013750000000073	epochs															feedback_and_iti	398.0
5091.57875	0.9907499999999345	epochs															feedback_delay	398.0
5092.58725	1.9790000000002692	epochs															feedback	398.0
5094.6025	3.9899999999997817	epochs															iti	398.0
5098.61325	6.652250000000095	epochs															maze	399.0
5098.61325	4.817500000000109	epochs															maze_stem	399.0
5098.634	11.850250000000415	trials	True	True	False	False	False	True	[0.86236286 0.13763714 0.7314322  0.26856777]	0.13093064725399017	-0.5937950760126114	0.06546533107757568	0.2968975305557251	0.8623628616333008	[30478 30478 30477 30477 30477]	[30517 30517 30516 30516 30516]		
5103.45	1.8155000000006112	epochs															maze_arm	399.0
5105.28625	5.177499999999782	epochs															feedback_and_iti	399.0
5105.28625	0.9864999999999782	epochs															feedback_delay	399.0
5106.29325	1.9882500000003347	epochs															feedback	399.0
5108.468	1.9957500000000437	epochs															iti	399.0
5110.48425	5.456249999999272	epochs															maze	400.0
5110.48425	4.030499999999847	epochs															maze_stem	400.0
5110.50475	10.649749999999585	trials	False	True	False	False	False	True	[0.94896179 0.05103815 0.76453584 0.23546411]	0.1844259537756443	-0.7134976871311665	0.092212975025177	0.3567488193511963	0.9489617943763733	[30549 30549 30549 30548 30548]	[30581 30581 30580 30580 30580]		
5114.53475	1.4057499999998981	epochs															maze_arm	400.0
5115.95775	5.175750000000335	epochs															feedback_and_iti	400.0
5115.95775	0.9842500000004293	epochs															feedback_delay	400.0
5116.9595	1.99225000000024	epochs															feedback	400.0
5119.148	1.9854999999997744	epochs															iti	400.0
5121.1545	6.111000000000786	epochs															maze	401.0
5121.1545	4.474250000000211	epochs															maze_stem	401.0
5121.17425	11.288499999999658	trials	True	True	False	False	False	True	[0.93854815 0.06145187 0.72829384 0.27170616]	0.21025430411100388	-0.6668419763445854	0.10512715578079224	0.333420991897583	0.9385481476783752	[30613 30613 30613 30612 30612]	[30649 30649 30648 30648 30648]		
5125.648	1.617500000000291	epochs															maze_arm	401.0
5127.286	5.155999999999949	epochs															feedback_and_iti	401.0
5127.286	0.9952499999999418	epochs															feedback_delay	401.0
5128.30175	1.9652500000001965	epochs															feedback	401.0
5130.45075	1.9912500000000364	epochs															iti	401.0
5132.46275	6.441250000000764	epochs															maze	402.0
5132.46275	4.828000000000429	epochs															maze_stem	402.0
5132.483	11.634750000000167	trials	False	True	False	False	False	True	[0.92931676 0.07068323 0.65650797 0.34349206]	0.27280881255865097	-0.5858247205615044	0.1364043951034546	0.2929123640060425	0.9293167591094971	[30681 30681 30680 30680 30680]	[30718 30718 30718 30718 30718]		
5137.31075	1.5932500000008076	epochs															maze_arm	402.0
5138.9205	5.174750000000131	epochs															feedback_and_iti	402.0
5138.9205	0.9992499999998472	epochs															feedback_delay	402.0
5139.93875	1.9802499999996144	epochs															feedback	402.0
5142.10625	1.9890000000004875	epochs															iti	402.0
5144.11775	6.09375	epochs															maze	403.0
5144.11775	4.778999999999542	epochs															maze_stem	403.0
5144.13925	11.27874999999949	trials	False	True	False	False	False	True	[0.92764443 0.07235558 0.64670265 0.35329729]	0.28094174712896347	-0.5743471011519432	0.14047089219093323	0.2871735394001007	0.9276444315910339	[30751 30750 30750 30750 30750]	[30786 30786 30786 30786 30785]		
5148.91675	1.2947500000000218	epochs															maze_arm	403.0
5150.227	5.1707500000002256	epochs															feedback_and_iti	403.0
5150.227	0.9867500000000291	epochs															feedback_delay	403.0
5151.2315	1.9935000000004948	epochs															feedback	403.0
5153.42575	1.9719999999997526	epochs															iti	403.0
5155.418	6.107250000000022	epochs															maze	404.0
5155.418	4.643000000000029	epochs															maze_stem	404.0
5155.4385	11.301249999999527	trials	False	True	False	False	False	True	[0.93216741 0.06783265 0.61179489 0.38820511]	0.32037249207496643	-0.5439622700214386	0.1601862609386444	0.2719811499118805	0.9321674108505249	[30818 30818 30818 30818 30818]	[30854 30854 30854 30854 30853]		
5160.0805	1.444749999999658	epochs															maze_arm	404.0
5161.54225	5.175999999999476	epochs															feedback_and_iti	404.0
5161.54225	0.983499999999367	epochs															feedback_delay	404.0
5162.5435	1.9920000000001892	epochs															feedback	404.0
5164.721	1.9972500000003492	epochs															iti	404.0
5166.73975	6.686500000000706	epochs															maze	405.0
5166.73975	4.565500000000611	epochs															maze_stem	405.0
5166.76025	13.7212499999996	trials	False	True	False	True	False	False	[0.93463969 0.06536031 0.57504982 0.42495015]	0.3595898598432541	-0.509689524769783	-0.17979493737220764	0.2548447549343109	0.5750498175621033	[30886 30886 30886 30886 30886]	[30925 30925 30925 30925 30925]		
5171.32375	2.102500000000873	epochs															maze_arm	405.0
5173.44275	7.018750000000182	epochs															feedback_and_iti	405.0
5173.44275	0.9902499999998327	epochs															feedback_delay	405.0
5174.4505	1.9917500000001382	epochs															feedback	405.0
5176.47675	3.984750000000531	epochs															iti	405.0
5180.4815	13.044750000000022	epochs															maze	406.0
5180.4815	11.443750000000364	epochs															maze_stem	406.0
5180.50175	20.085000000000036	trials	False	True	False	True	False	False	[0.90284222 0.09715775 0.67366791 0.32633206]	0.22917431220412254	-0.5765101574361324	-0.11458715796470642	0.28825506567955017	0.6736679077148438	[30969 30969 30968 30968 30968]	[31046 31046 31046 31045 31045]		
5191.94525	1.581000000000131	epochs															maze_arm	406.0
5193.54375	7.021749999999884	epochs															feedback_and_iti	406.0
5193.54375	1.000250000000051	epochs															feedback_delay	406.0
5194.56325	1.9692500000001019	epochs															feedback	406.0
5196.57	3.9954999999999927	epochs															iti	406.0
5200.58675	6.439749999999549	epochs															maze	407.0
5200.58675	4.971499999999651	epochs															maze_stem	407.0
5200.60775	11.641499999999724	trials	False	True	False	False	False	True	[0.89047182 0.10952817 0.71126777 0.28873226]	0.1792040690779686	-0.6017395779490471	0.0896020233631134	0.30086979269981384	0.8904718160629272	[31089 31089 31089 31089 31088]	[31127 31127 31127 31126 31126]		
5205.57675	1.4497499999997672	epochs															maze_arm	407.0
5207.0435	5.181500000000597	epochs															feedback_and_iti	407.0
5207.0435	0.9837500000003274	epochs															feedback_delay	407.0
5208.045	1.994249999999738	epochs															feedback	407.0
5210.225	2.0	epochs															iti	407.0
5212.24925	7.092999999999847	epochs															maze	408.0
5212.24925	5.135000000000218	epochs															maze_stem	408.0
5212.2715	14.127000000000407	trials	False	True	False	True	False	False	[0.94670159 0.05329847 0.72850358 0.27149642]	0.21819797530770302	-0.6752051450312138	-0.10909900069236755	0.3376025855541229	0.7285035848617554	[31159 31159 31159 31159 31158]	[31201 31201 31200 31200 31200]		
5217.404	1.9382499999992433	epochs															maze_arm	408.0
5219.35975	7.01825000000008	epochs															feedback_and_iti	408.0
5219.35975	0.992500000000291	epochs															feedback_delay	408.0
5220.3685	1.9787500000002183	epochs															feedback	408.0
5222.384	3.993999999999687	epochs															iti	408.0
5226.3985	6.960750000000189	epochs															maze	409.0
5226.3985	5.341499999999542	epochs															maze_stem	409.0
5226.419	12.141749999999774	trials	False	True	False	False	False	True	[0.89654762 0.10345232 0.71595228 0.28404772]	0.18059536814689636	-0.6124999225139618	0.09029766917228699	0.3062499463558197	0.8965476155281067	[31244 31244 31244 31243 31243]	[31285 31285 31284 31284 31284]		
5231.76	1.599250000000211	epochs															maze_arm	409.0
5233.375	5.165750000000116	epochs															feedback_and_iti	409.0
5233.375	0.9894999999996799	epochs															feedback_delay	409.0
5234.382	1.985500000000684	epochs															feedback	409.0
5236.54425	1.9965000000001965	epochs															iti	409.0
5238.56075	6.490250000000742	epochs															maze	410.0
5238.56075	5.082500000000437	epochs															maze_stem	410.0
5238.57925	11.683250000000044	trials	False	True	False	False	False	True	[0.95417106 0.04582897 0.75278258 0.24721743]	0.20138847082853317	-0.7069536224007607	0.10069423913955688	0.3534768223762512	0.9541710615158081	[31317 31317 31317 31316 31316]	[31355 31355 31354 31354 31354]		
5243.66375	1.3872500000006767	epochs															maze_arm	410.0
5245.06725	5.174750000000131	epochs															feedback_and_iti	410.0
5245.06725	0.9979999999995925	epochs															feedback_delay	410.0
5246.083	1.974250000000211	epochs															feedback	410.0
5248.2475	1.994499999999789	epochs															iti	410.0
5250.2625	5.906750000000102	epochs															maze	411.0
5250.2625	4.2517500000003565	epochs															maze_stem	411.0
5250.28225	11.097749999999905	trials	True	True	False	True	True	True	[0.94845754 0.05154251 0.70456302 0.29543692]	0.24389446154236794	-0.6530205644667149	0.12194720283150673	-0.3265102840960026	0.29543691873550415	[31387 31387 31387 31386 31386]	[31422 31421 31421 31421 31421]		
5254.5335	1.635750000000371	epochs															maze_arm	411.0
5256.1905	5.1707500000002256	epochs															feedback_and_iti	411.0
5256.1905	0.9875000000001819	epochs															feedback_delay	411.0
5257.1985	1.9849999999996726	epochs															feedback	411.0
5259.36725	1.9939999999996871	epochs															iti	411.0
5261.38	5.1359999999995125	epochs															maze	412.0
5261.38	3.9039999999995416	epochs															maze_stem	412.0
5261.39975	10.301750000000538	trials	True	True	False	True	True	True	[0.9245857  0.07541427 0.37474313 0.6252569 ]	0.5498425960540771	-0.29932883381843567	0.27492131292819977	-0.14966441690921783	0.6252568960189819	[31454 31454 31453 31453 31453]	[31484 31483 31483 31483 31483]		
5265.30375	1.2122499999995853	epochs															maze_arm	412.0
5266.5365	5.144749999999476	epochs															feedback_and_iti	412.0
5266.5365	0.9994999999998981	epochs															feedback_delay	412.0
5267.55675	1.961250000000291	epochs															feedback	412.0
5269.69725	1.9839999999994689	epochs															iti	412.0
5271.7015	5.690249999999651	epochs															maze	413.0
5271.7015	4.146249999999782	epochs															maze_stem	413.0
5271.72025	10.855499999999665	trials	False	True	False	True	True	True	[0.91707629 0.08292368 0.25981185 0.74018818]	0.6572644710540771	-0.1768881380558014	0.32863225042819977	-0.0884440690279007	0.7401881814002991	[31516 31515 31515 31515 31515]	[31549 31549 31548 31548 31548]		
5275.868	1.5237499999993815	epochs															maze_arm	413.0
5277.40875	5.147500000000036	epochs															feedback_and_iti	413.0
5277.40875	0.9850000000005821	epochs															feedback_delay	413.0
5278.41225	1.9792499999994106	epochs															feedback	413.0
5280.56575	1.9904999999998836	epochs															iti	413.0
5282.57575	5.501500000000306	epochs															maze	414.0
5282.57575	4.034499999999753	epochs															maze_stem	414.0
5282.59675	10.663250000000517	trials	False	True	False	True	True	True	[0.91497779 0.08502223 0.18248373 0.81751627]	0.7324940487742424	-0.0974615141749382	0.3662470206618309	-0.0487307533621788	0.8175162672996521	[31581 31581 31580 31580 31580]	[31613 31613 31612 31612 31612]		
5286.6285	1.448750000000473	epochs															maze_arm	414.0
5288.0945	5.145499999999629	epochs															feedback_and_iti	414.0
5288.0945	0.9837499999994179	epochs															feedback_delay	414.0
5289.096	1.9817500000008295	epochs															feedback	414.0
5291.2725	1.9674999999997453	epochs															iti	414.0
5293.26	5.732500000000073	epochs															maze	415.0
5293.26	4.085000000000036	epochs															maze_stem	415.0
5293.27875	10.91674999999941	trials	False	True	False	True	True	True	[0.91026062 0.08973931 0.13976738 0.86023259]	0.7704932615160942	-0.05002804845571518	0.385246641933918	-0.02501405030488968	0.8602325916290283	[31645 31645 31644 31644 31644]	[31678 31678 31678 31678 31678]		
5297.365	1.6275000000005093	epochs															maze_arm	415.0
5299.013	5.161000000000058	epochs															feedback_and_iti	415.0
5299.013	0.9967500000002474	epochs															feedback_delay	415.0
5300.026	1.9825000000000728	epochs															feedback	415.0
5302.1895	1.9844999999995707	epochs															iti	415.0
5304.1955	6.5957500000004075	epochs															maze	416.0
5304.1955	5.492500000000291	epochs															maze_stem	416.0
5304.21675	11.782500000000255	trials	False	True	False	False	False	True	[0.9061299  0.09387007 0.11475053 0.88524944]	0.7913793623447418	-0.020880460739135742	0.3956896811723709	0.010440215468406677	0.9061298966407776	[31710 31710 31710 31710 31710]	[31749 31749 31749 31748 31748]		
5309.70775	1.0835000000006403	epochs															maze_arm	416.0
5310.80925	5.169499999999971	epochs															feedback_and_iti	416.0
5310.80925	0.9977499999995416	epochs															feedback_delay	416.0
5311.82325	1.975999999999658	epochs															feedback	416.0
5313.99875	1.980000000000473	epochs															iti	416.0
5315.99925	5.797250000000531	epochs															maze	417.0
5315.99925	4.527250000000095	epochs															maze_stem	417.0
5316.0205	12.844500000000153	trials	False	True	False	True	False	False	[0.92916143 0.07083853 0.14189652 0.85810345]	0.787264920771122	-0.07105798274278641	-0.3936324566602707	0.03552897274494171	0.14189651608467102	[31781 31781 31781 31781 31780]	[31815 31815 31815 31814 31814]		
5320.54625	1.250250000000051	epochs															maze_arm	417.0
5321.8135	7.0277500000001965	epochs															feedback_and_iti	417.0
5321.8135	0.9832500000002256	epochs															feedback_delay	417.0
5322.8145	1.9912500000000364	epochs															feedback	417.0
5324.84075	4.000500000000102	epochs															iti	417.0
5328.865	7.1397500000002765	epochs															maze	418.0
5328.865	4.563500000000204	epochs															maze_stem	418.0
5328.887	12.339249999999993	trials	True	True	False	True	True	True	[0.92140311 0.07859685 0.4114165  0.58858353]	0.5099866427481174	-0.332819614559412	0.25499333813786507	-0.16640980914235115	0.5885835289955139	[31858 31858 31858 31858 31858]	[31900 31900 31900 31900 31899]		
5333.44775	2.556999999999789	epochs															maze_arm	418.0
5336.02375	5.18224999999984	epochs															feedback_and_iti	418.0
5336.02375	0.9819999999999709	epochs															feedback_delay	418.0
5337.02475	1.9954999999999927	epochs															feedback	418.0
5339.2115	1.994499999999789	epochs															iti	418.0
5341.22625	6.8327500000004875	epochs															maze	419.0
5341.22625	5.711250000000291	epochs															maze_stem	419.0
5341.2485	11.993250000000444	trials	False	True	False	False	False	True	[0.90906912 0.09093091 0.17278154 0.82721847]	0.7362875714898109	-0.08185064047574997	0.36814378947019577	0.04092533141374588	0.9090691208839417	[31932 31932 31932 31932 31932]	[31972 31972 31972 31972 31972]		
5346.95875	1.1002500000004147	epochs															maze_arm	419.0
5348.07475	5.146749999999884	epochs															feedback_and_iti	419.0
5348.07475	0.9845000000004802	epochs															feedback_delay	419.0
5349.0755	1.9862499999999272	epochs															feedback	419.0
5351.2405	1.9809999999997672	epochs															iti	419.0
5353.24175	6.837249999999585	epochs															maze	420.0
5353.24175	4.5847499999999854	epochs															maze_stem	420.0
5353.2625	12.030749999999898	trials	False	True	False	True	True	True	[0.93443477 0.0655652  0.19725525 0.80274475]	0.7371795326471329	-0.13169004023075104	0.36858977377414703	-0.06584502756595612	0.8027447462081909	[32005 32004 32004 32004 32004]	[32045 32044 32044 32044 32044]		
5357.84825	2.2307499999997162	epochs															maze_arm	420.0
5360.09625	5.175500000000284	epochs															feedback_and_iti	420.0
5360.09625	0.985250000000633	epochs															feedback_delay	420.0
5361.09925	1.9965000000001965	epochs															feedback	420.0
5363.2775	1.994249999999738	epochs															iti	420.0
5365.29325	6.6085000000002765	epochs															maze	421.0
5365.29325	5.117500000000291	epochs															maze_stem	421.0
5365.314	13.635749999999462	trials	False	True	False	True	False	False	[0.91762131 0.0823786  0.1259184  0.87408155]	0.7917029298841953	-0.043539781123399734	-0.3958514556288719	0.02176985889673233	0.1259184032678604	[32077 32077 32076 32076 32076]	[32115 32115 32115 32115 32115]		
5370.4295	1.4722499999998035	epochs															maze_arm	421.0
5371.91725	7.012249999999767	epochs															feedback_and_iti	421.0
5371.91725	0.9884999999994761	epochs															feedback_delay	421.0
5372.92225	1.979500000000371	epochs															feedback	421.0
5374.937	3.992500000000291	epochs															iti	421.0
5378.94975	7.039499999999862	epochs															maze	422.0
5378.94975	5.537000000000262	epochs															maze_stem	422.0
5378.97275	12.237500000000182	trials	False	True	False	False	False	True	[0.91677475 0.08322528 0.48307949 0.51692051]	0.4336952418088913	-0.39985422790050507	0.21684762835502625	0.19992712140083313	0.9167747497558594	[32159 32158 32158 32158 32158]	[32200 32200 32199 32199 32199]		
5384.50675	1.4825000000000728	epochs															maze_arm	422.0
5386.0065	5.183249999999134	epochs															feedback_and_iti	422.0
5386.0065	0.9997499999999491	epochs															feedback_delay	422.0
5387.02275	1.9802499999996144	epochs															feedback	422.0
5389.1965	1.9932499999995343	epochs															iti	422.0
5391.21025	6.355499999999665	epochs															maze	423.0
5391.21025	5.048249999999825	epochs															maze_stem	423.0
5391.22875	11.537249999999403	trials	False	True	False	False	False	True	[0.95418805 0.04581193 0.37912223 0.6208778 ]	0.5750658493489027	-0.33331027440726757	0.28753291070461273	0.16665513813495636	0.9541880488395691	[32232 32232 32232 32232 32231]	[32269 32269 32269 32269 32268]		
5396.27675	1.28899999999976	epochs															maze_arm	423.0
5397.5815	5.16399999999976	epochs															feedback_and_iti	423.0
5397.5815	0.9915000000000873	epochs															feedback_delay	423.0
5398.5915	1.981249999999818	epochs															feedback	423.0
5400.75275	1.992750000000342	epochs															iti	423.0
5402.766	6.58350000000064	epochs															maze	424.0
5402.766	4.772750000000087	epochs															maze_stem	424.0
5402.7865	13.625250000000051	trials	False	True	False	True	False	False	[0.94667059 0.05332943 0.33037141 0.66962862]	0.6162991840392351	-0.27704197354614735	-0.308149591088295	0.1385210007429123	0.3303714096546173	[32301 32301 32301 32301 32301]	[32340 32340 32340 32339 32339]		
5407.55925	1.7902500000000146	epochs															maze_arm	424.0
5409.36675	7.0239999999994325	epochs															feedback_and_iti	424.0
5409.36675	0.9982499999996435	epochs															feedback_delay	424.0
5410.38125	1.9854999999997744	epochs															feedback	424.0
5412.40375	3.9869999999991705	epochs															iti	424.0
5416.41175	7.037249999999403	epochs															maze	425.0
5416.41175	4.151499999999942	epochs															maze_stem	425.0
5416.43025	12.213999999999942	trials	False	True	False	True	True	True	[0.92093486 0.07906514 0.58182263 0.41817734]	0.33911220729351044	-0.5027575045824051	0.16955609619617462	-0.25137875974178314	0.4181773364543915	[32383 32383 32383 32383 32382]	[32424 32424 32424 32424 32424]		
5420.58325	2.8657499999999345	epochs															maze_arm	425.0
5423.46625	5.156749999999192	epochs															feedback_and_iti	425.0
5423.46625	0.9829999999992651	epochs															feedback_delay	425.0
5424.467	1.987500000000182	epochs															feedback	425.0
5426.629	1.9939999999996871	epochs															iti	425.0
5428.64425	7.252249999999549	epochs															maze	426.0
5428.64425	5.691749999999956	epochs															maze_stem	426.0
5428.665	12.4399999999996	trials	True	True	False	True	True	True	[0.92023528 0.07976475 0.27232987 0.72767013]	0.6479053944349289	-0.19256512820720673	0.32395268976688385	-0.09628255665302277	0.7276701331138611	[32457 32456 32456 32456 32456]	[32499 32499 32499 32499 32498]		
5434.355	1.5415000000002692	epochs															maze_arm	426.0
5435.917	5.1655000000000655	epochs															feedback_and_iti	426.0
5435.917	0.9977499999995416	epochs															feedback_delay	426.0
5436.93575	1.9780000000000655	epochs															feedback	426.0
5439.09275	1.9897500000006403	epochs															iti	426.0
5441.105	6.3952500000004875	epochs															maze	427.0
5441.105	5.313750000000255	epochs															maze_stem	427.0
5441.1235	11.58600000000024	trials	False	True	False	False	False	True	[0.90641356 0.0935865  0.19367009 0.80632991]	0.7127434313297272	-0.1000836193561554	0.3563717305660248	0.05004182457923889	0.9064135551452637	[32531 32531 32531 32531 32530]	[32569 32568 32568 32568 32568]		
5446.4385	1.0617499999998472	epochs															maze_arm	427.0
5447.5175	5.171500000000378	epochs															feedback_and_iti	427.0
5447.5175	0.9965000000001965	epochs															feedback_delay	427.0
5448.53075	1.9847500000005311	epochs															feedback	427.0
5450.72	1.969000000000051	epochs															iti	427.0
5452.7095	5.913250000000517	epochs															maze	428.0
5452.7095	4.6892500000003565	epochs															maze_stem	428.0
5452.728	11.115499999999884	trials	False	True	False	False	False	True	[0.93350226 0.06649776 0.22132251 0.77867752]	0.7121797576546669	-0.15482474118471146	0.35608987510204315	0.07741238176822662	0.9335022568702698	[32601 32601 32600 32600 32600]	[32635 32635 32635 32635 32635]		
5457.419	1.203750000000582	epochs															maze_arm	428.0
5458.64025	5.182499999999891	epochs															feedback_and_iti	428.0
5458.64025	0.9954999999999927	epochs															feedback_delay	428.0
5459.65375	1.9899999999997817	epochs															feedback	428.0
5461.84225	1.9805000000005748	epochs															iti	428.0
5463.8435	6.161750000000211	epochs															maze	429.0
5463.8435	5.118749999999636	epochs															maze_stem	429.0
5463.86375	11.351249999999709	trials	False	True	False	False	False	True	[0.93599844 0.06400158 0.20967789 0.79032207]	0.7263205200433731	-0.14567634463310242	0.36316027492284775	0.07283816486597061	0.9359984397888184	[32668 32667 32667 32667 32667]	[32704 32703 32703 32703 32703]		
5468.9805	1.0247500000004948	epochs															maze_arm	429.0
5470.021	5.173499999999876	epochs															feedback_and_iti	429.0
5470.021	0.9915000000000873	epochs															feedback_delay	429.0
5471.0285	1.9789999999993597	epochs															feedback	429.0
5473.19775	1.9967499999993379	epochs															iti	429.0
5475.215	6.219000000000051	epochs															maze	430.0
5475.215	4.521499999999833	epochs															maze_stem	430.0
5475.23575	11.406500000000051	trials	False	True	False	True	True	True	[0.93588787 0.06411211 0.19961479 0.80038518]	0.7362730726599693	-0.13550268858671188	0.36813653260469437	-0.06775135546922684	0.8003851771354675	[32736 32736 32735 32735 32735]	[32772 32772 32772 32772 32771]		
5479.7575	1.6765000000004875	epochs															maze_arm	430.0
5481.451	5.1707500000002256	epochs															feedback_and_iti	430.0
5481.451	0.9894999999996799	epochs															feedback_delay	430.0
5482.45875	1.9854999999997744	epochs															feedback	430.0
5484.639	1.9827500000001237	epochs															iti	430.0
5486.64225	6.048249999999825	epochs															maze	431.0
5486.64225	4.967499999999745	epochs															maze_stem	431.0
5486.6625	11.233999999999469	trials	False	True	False	False	False	True	[0.92333436 0.0766656  0.12727556 0.87272441]	0.7960588075220585	-0.050609949976205826	0.3980294018983841	0.02530495822429657	0.9233343601226807	[32804 32804 32804 32804 32804]	[32840 32839 32839 32839 32839]		
5491.62875	1.0617499999998472	epochs															maze_arm	431.0
5492.70775	5.168250000000626	epochs															feedback_and_iti	431.0
5492.70775	0.9930000000003929	epochs															feedback_delay	431.0
5493.71875	1.979750000000422	epochs															feedback	431.0
5495.87725	1.9987500000006548	epochs															iti	431.0
5497.8965	6.528500000000349	epochs															maze	432.0
5497.8965	4.519000000000233	epochs															maze_stem	432.0
5497.9165	11.711499999999432	trials	False	True	False	True	True	True	[0.93932962 0.06067033 0.15097418 0.84902585]	0.7883554752916098	-0.0903038140386343	0.3941777553409338	-0.045151909813284874	0.8490258455276489	[32872 32872 32871 32871 32871]	[32910 32910 32910 32909 32909]		
5502.43525	1.9897499999997308	epochs															maze_arm	432.0
5504.44225	5.167499999999563	epochs															feedback_and_iti	432.0
5504.44225	0.9899999999997817	epochs															feedback_delay	432.0
5505.45025	1.9802500000005239	epochs															feedback	432.0
5507.6195	1.9902499999998327	epochs															iti	432.0
5509.628	7.807499999999891	epochs															maze	433.0
5509.628	6.396749999999884	epochs															maze_stem	433.0
5509.648	14.850249999999505	trials	True	True	False	True	False	False	[0.9252795  0.07472052 0.10130582 0.89869416]	0.8239736594259739	-0.026585321873426437	-0.4119868390262127	0.01329265907406807	0.10130582004785538	[32942 32942 32942 32942 32941]	[32988 32988 32988 32987 32987]		
5516.04525	1.3902499999994689	epochs															maze_arm	433.0
5517.457	7.019249999999374	epochs															feedback_and_iti	433.0
5517.457	0.9989999999997963	epochs															feedback_delay	433.0
5518.47625	1.9769999999998618	epochs															feedback	433.0
5520.49	3.9862499999999272	epochs															iti	433.0
5524.49825	6.810500000000502	epochs															maze	434.0
5524.49825	5.319250000000466	epochs															maze_stem	434.0
5524.51825	9.902000000000044	trials	False	True	False	False	False	True	[0.92331553 0.07668445 0.45062983 0.54937017]	0.47268570959568024	-0.37394537031650543	0.23634284734725952	0.18697267770767212	0.9233155250549316	[33031 33031 33031 33031 33030]	[33071 33071 33071 33071 33070]		
5529.83725	1.4715000000005602	epochs															maze_arm	434.0
5531.3245	3.0957500000004075	epochs															feedback_and_iti	434.0
5531.3245	0.9965000000001965	epochs															feedback_delay	434.0
5532.33875	1.9774999999999636	epochs															feedback	434.0
