onset	duration	nwb_table	is_vis	is_ruleA	is_switch	is_cueB	is_choL	is_correct	association_mat	rule_belief	signed_bias	rule_following	bias_following	prob_actual_cho	trial_onset_plane_frame_idx	trial_offset_plane_frame_idx	epoch_type	trial_id
24.79475	11.099249999999998	epochs															maze	0.0
24.79475	8.092999999999996	epochs															maze_stem	0.0
24.8225	18.130999999999997	trials	False	False	False	True	True	False	[0.37719309 0.62280685 0.44268572 0.55731428]	-0.06549260020256042	0.18012115359306335	-0.03274628520011902	0.09006056189537048	0.5573142766952515	[92 92 92 91 91]	[158 157 157 157 157]		
32.906	2.9879999999999995	epochs															maze_arm	0.0
35.90925	7.0192499999999995	epochs															feedback_and_iti	0.0
35.90925	0.9847499999999982	epochs															feedback_delay	0.0
36.91175	1.9967499999999987	epochs															feedback	0.0
38.94525	3.983249999999998	epochs															iti	0.0
42.9535	7.177500000000002	epochs															maze	1.0
42.9535	4.989000000000004	epochs															maze_stem	1.0
42.97775	12.450249999999997	trials	False	False	False	False	True	True	[0.34185785 0.65814221 0.30142963 0.69857037]	0.04042819142341614	0.35671254992485046	-0.020214080810546875	0.17835628986358643	0.6581422090530396	[201 201 200 200 200]	[243 243 242 242 242]		
47.96225	2.168750000000003	epochs															maze_arm	1.0
50.15175	5.2515	epochs															feedback_and_iti	1.0
50.15175	0.9867500000000007	epochs															feedback_delay	1.0
51.1605	1.9840000000000018	epochs															feedback	1.0
53.4255	1.9777500000000003	epochs															iti	1.0
55.428	7.474500000000006	epochs															maze	2.0
55.428	5.221500000000006	epochs															maze_stem	2.0
55.45525	12.652750000000005	trials	True	False	False	False	True	True	[0.26865965 0.73134029 0.36907232 0.63092768]	-0.10041263699531555	0.36226800084114075	0.05020630359649658	0.18113398551940918	0.7313402891159058	[276 275 275 275 275]	[319 319 319 319 319]		
60.6745	2.2280000000000015	epochs															maze_arm	2.0
62.923	5.164249999999996	epochs															feedback_and_iti	2.0
62.923	0.9847499999999982	epochs															feedback_delay	2.0
63.9325	1.9792500000000004	epochs															feedback	2.0
66.12425	1.9629999999999939	epochs															iti	2.0
68.108	7.819000000000003	epochs															maze	3.0
68.108	6.1187499999999915	epochs															maze_stem	3.0
68.128	13.022499999999994	trials	False	False	False	False	True	True	[0.27372602 0.72627395 0.37225419 0.62774587]	-0.09852813184261322	0.35401980578899384	0.04926404356956482	0.17700991034507751	0.7262739539146423	[352 351 351 351 351]	[398 397 397 397 397]		
74.24425	1.6827500000000128	epochs															maze_arm	3.0
75.9475	5.183499999999995	epochs															feedback_and_iti	3.0
75.9475	0.9885000000000019	epochs															feedback_delay	3.0
76.95775	1.9872499999999889	epochs															feedback	3.0
79.15425	1.9767499999999956	epochs															iti	3.0
81.1505	8.685500000000005	epochs															maze	4.0
81.1505	6.890500000000003	epochs															maze_stem	4.0
81.16975	13.864250000000013	trials	False	False	False	False	True	True	[0.20033367 0.79966635 0.3323164  0.6676836 ]	-0.1319827362895012	0.46734993904829025	0.0659913718700409	0.23367497324943542	0.7996663451194763	[430 430 429 429 429]	[481 481 481 480 480]		
88.06325	1.772750000000002	epochs															maze_arm	4.0
89.858	5.1542499999999905	epochs															feedback_and_iti	4.0
89.858	0.9807500000000005	epochs															feedback_delay	4.0
90.8605	1.975999999999999	epochs															feedback	4.0
93.02475	1.9874999999999972	epochs															iti	4.0
95.034	7.675249999999991	epochs															maze	5.0
95.034	5.358999999999995	epochs															maze_stem	5.0
95.05375	12.859250000000003	trials	True	False	False	False	True	True	[0.16629133 0.83370864 0.33237612 0.66762388]	-0.16608478128910065	0.5013325363397598	0.08304238319396973	0.2506662607192993	0.833708643913269	[513 513 513 512 512]	[558 558 558 558 557]		
100.41225	2.296999999999997	epochs															maze_arm	5.0
102.73	5.162499999999994	epochs															feedback_and_iti	5.0
102.73	0.9969999999999999	epochs															feedback_delay	5.0
103.74575	1.981499999999997	epochs															feedback	5.0
105.909	1.9834999999999923	epochs															iti	5.0
107.913	6.6797499999999985	epochs															maze	6.0
107.913	4.623500000000007	epochs															maze_stem	6.0
107.93325	11.879000000000005	trials	False	False	False	False	True	True	[0.17692222 0.8230778  0.33450949 0.66549051]	-0.15758728235960007	0.4885682985186577	0.07879364490509033	0.24428415298461914	0.8230777978897095	[590 590 590 590 589]	[629 629 629 629 629]		
112.55675	2.0360000000000014	epochs															maze_arm	6.0
114.61375	5.178250000000006	epochs															feedback_and_iti	6.0
114.61375	0.9917500000000103	epochs															feedback_delay	6.0
115.629	1.9799999999999898	epochs															feedback	6.0
117.80375	1.9882500000000078	epochs															iti	6.0
119.81225	6.221499999999992	epochs															maze	7.0
119.81225	4.771999999999991	epochs															maze_stem	7.0
119.8325	13.269750000000002	trials	False	False	False	False	False	False	[0.13549225 0.86450773 0.32314298 0.67685705]	-0.18765070289373398	0.5413647815585136	-0.09382536262273788	-0.2706823870539665	0.1354922503232956	[662 661 661 661 661]	[698 698 698 697 697]		
124.60425	1.4295000000000044	epochs															maze_arm	7.0
126.05475	7.026500000000013	epochs															feedback_and_iti	7.0
126.05475	0.9789999999999992	epochs															feedback_delay	7.0
127.05575	1.995500000000007	epochs															feedback	7.0
129.08875	3.992500000000007	epochs															iti	7.0
133.10225	7.094999999999999	epochs															maze	8.0
133.10225	4.438749999999999	epochs															maze_stem	8.0
133.12275	12.270749999999992	trials	True	False	False	False	True	True	[0.30450198 0.69549799 0.32532567 0.67467433]	-0.02082367241382599	0.37017233669757843	0.010411828756332397	0.18508616089820862	0.695497989654541	[741 741 741 741 740]	[783 783 782 782 782]		
137.5615	2.6357500000000016	epochs															maze_arm	8.0
140.21875	5.151499999999999	epochs															feedback_and_iti	8.0
140.21875	0.9882499999999936	epochs															feedback_delay	8.0
141.228	1.9735000000000014	epochs															feedback	8.0
143.384	1.9862500000000125	epochs															iti	8.0
145.3935	7.360750000000024	epochs															maze	9.0
145.3935	5.035250000000019	epochs															maze_stem	9.0
145.41475	12.549749999999989	trials	False	False	False	False	True	True	[0.23012944 0.76987052 0.40023363 0.59976637]	-0.17010416835546494	0.3696369156241417	0.08505207300186157	0.18481844663619995	0.7698705196380615	[815 815 815 814 814]	[858 858 858 858 857]		
150.44775	2.3064999999999998	epochs															maze_arm	9.0
152.776	5.167999999999978	epochs															feedback_and_iti	9.0
152.776	0.994749999999982	epochs															feedback_delay	9.0
153.80025	1.9639999999999986	epochs															feedback	9.0
155.959	1.9849999999999852	epochs															iti	9.0
157.9645	6.5870000000000175	epochs															maze	10.0
157.9645	5.067500000000024	epochs															maze_stem	10.0
157.9875	11.791499999999985	trials	True	False	False	True	False	True	[0.17322899 0.82677102 0.41123301 0.58876693]	-0.23800405114889145	0.4155379757285118	0.11900200694799423	-0.2077689990401268	0.41123300790786743	[890 890 890 890 890]	[929 929 928 928 928]		
163.0545	1.497000000000014	epochs															maze_arm	10.0
164.57425	5.179249999999996	epochs															feedback_and_iti	10.0
164.57425	0.977499999999992	epochs															feedback_delay	10.0
165.57475	1.9904999999999973	epochs															feedback	10.0
167.7615	1.9919999999999902	epochs															iti	10.0
169.779	6.684249999999992	epochs															maze	11.0
169.779	5.356250000000017	epochs															maze_stem	11.0
169.8005	11.878250000000008	trials	False	False	False	True	False	True	[0.24582419 0.75417584 0.70329589 0.29670408]	-0.45747172832489014	0.05087992548942566	0.22873584926128387	-0.02543996274471283	0.703295886516571	[961 961 961 961 960]	[1000 1000 1000 1000  999]		
175.1595	1.3037499999999795	epochs															maze_arm	11.0
176.4825	5.174750000000017	epochs															feedback_and_iti	11.0
176.4825	0.9970000000000141	epochs															feedback_delay	11.0
177.4975	1.9682500000000118	epochs															feedback	11.0
179.67925	1.9780000000000086	epochs															iti	11.0
181.67875	6.495249999999999	epochs															maze	12.0
181.67875	5.149249999999995	epochs															maze_stem	12.0
181.697	11.716499999999996	trials	False	False	False	True	False	True	[0.39909035 0.60090971 0.85664254 0.14335741]	-0.4575522467494011	-0.255732886493206	0.22877609729766846	0.1278664469718933	0.8566425442695618	[1033 1032 1032 1032 1032]	[1070 1070 1070 1070 1070]		
186.84675	1.3272500000000207	epochs															maze_arm	12.0
188.1905	5.2035000000000196	epochs															feedback_and_iti	12.0
188.1905	0.9870000000000232	epochs															feedback_delay	12.0
189.19325	1.9865000000000066	epochs															feedback	12.0
191.421	1.9730000000000132	epochs															iti	12.0
193.4135	6.5105000000000075	epochs															maze	13.0
193.4135	5.179249999999996	epochs															maze_stem	13.0
193.43225	11.6995	trials	False	False	False	True	False	True	[0.50159746 0.49840254 0.90523273 0.09476724]	-0.40363527834415436	-0.40683020651340485	0.20181763172149658	0.20341509580612183	0.9052327275276184	[1103 1103 1102 1102 1102]	[1141 1141 1141 1140 1140]		
198.61075	1.3132500000000107	epochs															maze_arm	13.0
199.94	5.17025000000001	epochs															feedback_and_iti	13.0
199.94	1.0	epochs															feedback_delay	13.0
200.958	1.968500000000006	epochs															feedback	13.0
203.11225	1.9980000000000189	epochs															iti	13.0
205.13175	7.135999999999996	epochs															maze	14.0
205.13175	5.795499999999976	epochs															maze_stem	14.0
205.1515	14.189250000000015	trials	False	False	False	False	False	False	[0.52962452 0.47037554 0.92975146 0.07024855]	-0.40012696012854576	-0.45937594398856163	-0.20006346702575684	0.22968798875808716	0.5296245217323303	[1173 1173 1173 1173 1172]	[1215 1215 1215 1214 1214]		
210.946	1.3217500000000086	epochs															maze_arm	14.0
212.2885	7.025499999999994	epochs															feedback_and_iti	14.0
212.2885	0.9992499999999893	epochs															feedback_delay	14.0
213.30925	1.9735000000000014	epochs															feedback	14.0
215.324	3.9899999999999807	epochs															iti	14.0
219.34075	6.239999999999981	epochs															maze	15.0
219.34075	4.799499999999995	epochs															maze_stem	15.0
219.36525	13.271500000000003	trials	False	False	False	False	False	False	[0.63592905 0.36407095 0.81271744 0.18728249]	-0.17678842693567276	-0.44864652305841446	-0.08839419484138489	0.22432324290275574	0.6359290480613708	[1258 1258 1258 1258 1257]	[1295 1295 1294 1294 1294]		
224.16	1.4207499999999982	epochs															maze_arm	15.0
225.60275	7.01400000000001	epochs															feedback_and_iti	15.0
225.60275	0.9830000000000041	epochs															feedback_delay	15.0
226.6075	1.9805000000000064	epochs															feedback	15.0
228.6275	3.9892499999999984	epochs															iti	15.0
232.63675	9.401749999999993	epochs															maze	16.0
232.63675	5.149249999999995	epochs															maze_stem	16.0
232.6585	14.593249999999983	trials	True	False	False	False	True	True	[0.64178967 0.3582103  0.79247075 0.20752925]	-0.15068106353282928	-0.43426044285297394	0.07534052431583405	-0.21713022887706757	0.3582102954387665	[1338 1338 1338 1337 1337]	[1393 1393 1393 1393 1393]		
237.805	4.233499999999992	epochs															maze_arm	16.0
242.05925	5.170749999999998	epochs															feedback_and_iti	16.0
242.05925	0.9890000000000043	epochs															feedback_delay	16.0
243.069	1.9722500000000025	epochs															feedback	16.0
245.235	1.9949999999999761	epochs															iti	16.0
247.25175	8.223250000000007	epochs															maze	17.0
247.25175	5.982250000000022	epochs															maze_stem	17.0
247.272	13.412750000000017	trials	False	False	False	False	True	True	[0.48823282 0.51176715 0.84820771 0.15179224]	-0.3599748983979225	-0.3364405706524849	0.17998745292425156	-0.16822030395269394	0.5117671489715576	[1426 1425 1425 1425 1425]	[1474 1474 1474 1473 1473]		
253.2545	2.220499999999987	epochs															maze_arm	17.0
255.49475	5.166749999999979	epochs															feedback_and_iti	17.0
255.49475	1.0017500000000155	epochs															feedback_delay	17.0
256.52025	1.9590000000000032	epochs															feedback	17.0
258.69	1.9714999999999918	epochs															iti	17.0
260.68475	8.604749999999967	epochs															maze	18.0
260.68475	6.478250000000003	epochs															maze_stem	18.0
260.706	13.78974999999997	trials	False	False	False	False	True	True	[0.28058901 0.71941102 0.84388274 0.15611726]	-0.5632937401533127	-0.1244717389345169	0.28164687752723694	-0.062235862016677856	0.7194110155105591	[1506 1506 1506 1506 1505]	[1557 1557 1556 1556 1556]		
267.183	2.1064999999999827	epochs															maze_arm	18.0
269.31075	5.167250000000024	epochs															feedback_and_iti	18.0
269.31075	0.9847500000000196	epochs															feedback_delay	18.0
270.317	1.9812499999999886	epochs															feedback	18.0
272.491	1.9870000000000232	epochs															iti	18.0
274.49575	8.564750000000004	epochs															maze	19.0
274.49575	5.141999999999996	epochs															maze_stem	19.0
274.51525	15.594750000000033	trials	False	False	False	True	True	False	[0.18648061 0.81351942 0.78851271 0.21148735]	-0.6020320802927017	0.025006726384162903	-0.30101603269577026	0.012503385543823242	0.21148735284805298	[1589 1589 1589 1588 1588]	[1639 1639 1639 1639 1639]		
279.6555	3.4049999999999727	epochs															maze_arm	19.0
283.07725	7.012749999999983	epochs															feedback_and_iti	19.0
283.07725	1.0004999999999882	epochs															feedback_delay	19.0
284.094	1.9712499999999977	epochs															feedback	19.0
286.09875	3.9912499999999795	epochs															iti	19.0
290.11	7.252999999999986	epochs															maze	20.0
290.11	4.939750000000004	epochs															maze_stem	20.0
290.13225	14.289249999999981	trials	False	False	False	False	False	False	[0.20678794 0.79321206 0.44522595 0.55477399]	-0.23843804001808167	0.3479860723018646	-0.11921900510787964	-0.1739930510520935	0.20678794384002686	[1683 1682 1682 1682 1682]	[1725 1725 1725 1725 1724]		
295.0695	2.2934999999999945	epochs															maze_arm	20.0
297.384	7.015749999999969	epochs															feedback_and_iti	20.0
297.384	0.9847499999999627	epochs															feedback_delay	20.0
298.39025	1.9740000000000464	epochs															feedback	20.0
300.40175	3.9979999999999905	epochs															iti	20.0
304.4215	9.080500000000029	epochs															maze	21.0
304.4215	6.805250000000001	epochs															maze_stem	21.0
304.443	14.268000000000029	trials	False	False	False	False	True	True	[0.44509482 0.55490518 0.59091127 0.4090887 ]	-0.14581646025180817	-0.03600610792636871	0.07290823757648468	-0.018003061413764954	0.5549051761627197	[1768 1768 1768 1768 1768]	[1822 1822 1821 1821 1821]		
311.24525	2.256750000000011	epochs															maze_arm	21.0
313.523	5.166999999999973	epochs															feedback_and_iti	21.0
313.523	0.9817499999999768	epochs															feedback_delay	21.0
314.5265	1.9887499999999818	epochs															feedback	21.0
316.70725	1.98275000000001	epochs															iti	21.0
318.711	11.081250000000011	epochs															maze	22.0
318.711	8.913000000000011	epochs															maze_stem	22.0
318.73125	16.263500000000022	trials	False	False	False	False	True	True	[0.2222193  0.77778077 0.63826722 0.36173278]	-0.41604795306921005	0.1395135149359703	0.20802399516105652	0.06975677609443665	0.7777807712554932	[1854 1854 1854 1853 1853]	[1920 1919 1919 1919 1919]		
327.64275	2.149500000000046	epochs															maze_arm	22.0
329.8155	5.160500000000013	epochs															feedback_and_iti	22.0
329.8155	0.9940000000000282	epochs															feedback_delay	22.0
330.83125	1.968500000000006	epochs															feedback	22.0
332.98875	1.9872500000000173	epochs															iti	22.0
334.99475	7.7654999999999745	epochs															maze	23.0
334.99475	5.193499999999972	epochs															maze_stem	23.0
335.015	12.970500000000015	trials	False	False	False	False	True	True	[0.1557547  0.84424531 0.64844382 0.35155621]	-0.4926891103386879	0.1958015039563179	0.24634455144405365	0.09790076315402985	0.8442453145980835	[1952 1951 1951 1951 1951]	[1997 1997 1997 1997 1997]		
340.20875	2.551499999999976	epochs															maze_arm	23.0
342.7845	5.18100000000004	epochs															feedback_and_iti	23.0
342.7845	0.9837500000000432	epochs															feedback_delay	23.0
343.79	1.978749999999991	epochs															feedback	23.0
345.9705	1.9950000000000045	epochs															iti	23.0
347.9855	7.189750000000004	epochs															maze	24.0
347.9855	5.478749999999991	epochs															maze_stem	24.0
348.0045	12.377749999999992	trials	True	False	False	True	False	True	[0.11453502 0.88546497 0.5872153  0.41278473]	-0.4726802632212639	0.2982496842741966	0.23634014278650284	-0.14912483841180801	0.5872153043746948	[2030 2029 2029 2029 2029]	[2072 2072 2071 2071 2071]		
353.4835	1.6917500000000132	epochs															maze_arm	24.0
355.19425	5.165750000000003	epochs															feedback_and_iti	24.0
355.19425	0.9902500000000032	epochs															feedback_delay	24.0
356.20475	1.975750000000005	epochs															feedback	24.0
358.36425	1.9957499999999868	epochs															iti	24.0
360.38225	7.440999999999974	epochs															maze	25.0
360.38225	5.680999999999983	epochs															maze_stem	25.0
360.399	12.613999999999976	trials	False	False	False	True	False	True	[0.19010758 0.80989242 0.82811642 0.17188363]	-0.6380088105797768	-0.018223978579044342	0.3190044164657593	0.009112000465393066	0.8281164169311523	[2104 2104 2103 2103 2103]	[2148 2147 2147 2147 2147]		
366.08125	1.7419999999999618	epochs															maze_arm	25.0
367.8385	5.154999999999973	epochs															feedback_and_iti	25.0
367.8385	0.9979999999999905	epochs															feedback_delay	25.0
368.8535	1.9714999999999918	epochs															feedback	25.0
371.001	1.9925000000000068	epochs															iti	25.0
373.013	7.495750000000044	epochs															maze	26.0
373.013	5.598500000000001	epochs															maze_stem	26.0
373.03225	12.678500000000042	trials	False	False	False	True	False	True	[0.33200786 0.66799217 0.91090965 0.08909037]	-0.5789018012583256	-0.2429174818098545	0.28945089876651764	0.1214587539434433	0.9109096527099609	[2180 2179 2179 2179 2179]	[2224 2223 2223 2223 2223]		
378.63	1.878750000000025	epochs															maze_arm	26.0
380.52575	5.163999999999987	epochs															feedback_and_iti	26.0
380.52575	0.9852500000000077	epochs															feedback_delay	26.0
381.52775	1.9849999999999568	epochs															feedback	26.0
383.70725	1.982500000000016	epochs															iti	26.0
385.71075	9.088499999999954	epochs															maze	27.0
385.71075	7.026999999999987	epochs															maze_stem	27.0
385.7305	14.26524999999998	trials	False	False	False	False	True	True	[0.39763603 0.60236394 0.93603617 0.06396383]	-0.5384001284837723	-0.3336722105741501	0.26920005679130554	-0.16683611273765564	0.6023639440536499	[2256 2256 2255 2255 2255]	[2309 2309 2309 2309 2308]		
392.75825	2.040999999999997	epochs															maze_arm	27.0
394.8205	5.157750000000021	epochs															feedback_and_iti	27.0
394.8205	0.98275000000001	epochs															feedback_delay	27.0
395.82525	1.9815000000000396	epochs															feedback	27.0
397.98875	1.989500000000021	epochs															iti	27.0
399.99575	6.6790000000000305	epochs															maze	28.0
399.99575	5.086000000000013	epochs															maze_stem	28.0
400.01425	11.881500000000017	trials	False	False	False	True	False	True	[0.20674686 0.79325312 0.87253952 0.12746051]	-0.6657926365733147	-0.0792863741517067	0.33289632946252823	0.039643190801143646	0.8725395202636719	[2341 2341 2341 2341 2341]	[2380 2380 2380 2380 2380]		
405.0985	1.576250000000016	epochs															maze_arm	28.0
406.6895	5.186750000000018	epochs															feedback_and_iti	28.0
406.6895	0.9867499999999723	epochs															feedback_delay	28.0
407.6915	1.9967499999999632	epochs															feedback	28.0
409.87875	1.9975000000000023	epochs															iti	28.0
411.89575	14.298249999999996	epochs															maze	29.0
411.89575	12.129750000000001	epochs															maze_stem	29.0
411.9155	19.514499999999998	trials	True	False	False	False	True	True	[0.20715508 0.79284489 0.92439079 0.07560918]	-0.7172357141971588	-0.13154590129852295	0.3586178570985794	-0.06577296555042267	0.7928448915481567	[2413 2413 2412 2412 2412]	[2498 2497 2497 2497 2497]		
424.04325	2.1507500000000164	epochs															maze_arm	29.0
426.2145	5.1930000000000405	epochs															feedback_and_iti	29.0
426.2145	1.000249999999994	epochs															feedback_delay	29.0
427.237	1.9772499999999695	epochs															feedback	29.0
429.41	1.9975000000000023	epochs															iti	29.0
431.43	6.875749999999982	epochs															maze	30.0
431.43	5.293749999999989	epochs															maze_stem	30.0
431.4465	12.059750000000008	trials	False	False	False	True	False	True	[0.23563986 0.76436013 0.87039614 0.12960388]	-0.6347562670707703	-0.1060359925031662	0.31737814098596573	0.0530179962515831	0.8703961372375488	[2530 2530 2529 2529 2529]	[2570 2570 2570 2570 2569]		
436.74	1.56574999999998	epochs															maze_arm	30.0
438.3225	5.1652500000000146	epochs															feedback_and_iti	30.0
438.3225	1.0004999999999882	epochs															feedback_delay	30.0
439.33825	1.9699999999999704	epochs															feedback	30.0
441.5005	1.9872500000000173	epochs															iti	30.0
443.50625	7.066749999999956	epochs															maze	31.0
443.50625	5.42474999999996	epochs															maze_stem	31.0
443.525	12.25200000000001	trials	False	False	False	True	False	True	[0.26009619 0.73990387 0.93071365 0.06928632]	-0.6706175021827221	-0.19080982729792595	0.3353087306022644	0.09540492296218872	0.9307136535644531	[2602 2602 2602 2602 2601]	[2644 2643 2643 2643 2643]		
448.948	1.625	epochs															maze_arm	31.0
450.58825	5.1684999999999945	epochs															feedback_and_iti	31.0
450.58825	0.9879999999999995	epochs															feedback_delay	31.0
451.59075	1.979249999999979	epochs															feedback	31.0
453.76225	1.9945000000000164	epochs															iti	31.0
455.777	8.638000000000034	epochs															maze	32.0
455.777	5.943500000000029	epochs															maze_stem	32.0
455.796	13.833250000000021	trials	False	False	False	False	True	True	[0.30321574 0.69678426 0.94958204 0.05041791]	-0.646366324275732	-0.25279780849814415	0.32318317517638206	-0.12639891728758812	0.696784257888794	[2676 2676 2675 2675 2675]	[2727 2726 2726 2726 2726]		
461.7405	2.674500000000023	epochs															maze_arm	32.0
464.436	5.173000000000002	epochs															feedback_and_iti	32.0
464.436	0.9955000000000496	epochs															feedback_delay	32.0
465.45325	1.9654999999999632	epochs															feedback	32.0
467.6155	1.9934999999999832	epochs															iti	32.0
469.62925	7.110250000000008	epochs															maze	33.0
469.62925	5.520249999999976	epochs															maze_stem	33.0
469.64725	12.302500000000009	trials	True	False	False	True	False	True	[0.18386953 0.81613052 0.90288013 0.09711985]	-0.7190106399357319	-0.08674964681267738	0.3595053032040596	0.04337482899427414	0.9028801321983337	[2759 2759 2758 2758 2758]	[2801 2800 2800 2800 2800]		
475.1685	1.5710000000000264	epochs															maze_arm	33.0
476.76125	5.169999999999959	epochs															feedback_and_iti	33.0
476.76125	0.9794999999999732	epochs															feedback_delay	33.0
477.762	1.9820000000000277	epochs															feedback	33.0
479.93325	1.9979999999999905	epochs															iti	33.0
481.94975	9.025250000000028	epochs															maze	34.0
481.94975	6.480250000000012	epochs															maze_stem	34.0
481.969	14.225250000000017	trials	True	False	False	False	True	True	[0.17055881 0.82944119 0.9394424  0.0605576 ]	-0.7688835877925158	-0.1100012082606554	0.38444179482758045	-0.055000605061650276	0.8294411897659302	[2833 2833 2832 2832 2832]	[2886 2886 2886 2885 2885]		
488.44775	2.5272500000000377	epochs															maze_arm	34.0
490.9945	5.180250000000001	epochs															feedback_and_iti	34.0
490.9945	0.9809999999999945	epochs															feedback_delay	34.0
491.9945	1.996249999999975	epochs															feedback	34.0
494.18725	1.9875000000000114	epochs															iti	34.0
496.19425	7.677500000000009	epochs															maze	35.0
496.19425	6.087749999999971	epochs															maze_stem	35.0
496.213	12.854499999999973	trials	False	False	False	True	False	True	[0.20556515 0.79443491 0.89135462 0.10864541]	-0.685789480805397	-0.09691973030567169	0.3428947329521179	0.04845988750457764	0.8913546204566956	[2918 2918 2918 2918 2917]	[2963 2963 2963 2963 2962]		
502.2985	1.57325000000003	epochs															maze_arm	35.0
503.8875	5.160000000000025	epochs															feedback_and_iti	35.0
503.8875	0.9917500000000246	epochs															feedback_delay	35.0
504.89425	1.9837499999999864	epochs															feedback	35.0
507.067	1.9805000000000064	epochs															iti	35.0
509.0675	8.211750000000052	epochs															maze	36.0
509.0675	6.549499999999966	epochs															maze_stem	36.0
509.08825	13.392749999999978	trials	False	False	False	True	False	True	[0.22933605 0.77066398 0.93913412 0.06086587]	-0.7097980864346027	-0.16847016289830208	0.3548990339040756	0.08423508703708649	0.9391341209411621	[2995 2995 2995 2995 2995]	[3044 3043 3043 3043 3043]		
515.63525	1.6440000000000055	epochs															maze_arm	36.0
517.29575	5.16375000000005	epochs															feedback_and_iti	36.0
517.29575	0.9850000000000136	epochs															feedback_delay	36.0
518.29775	1.9872500000000173	epochs															feedback	36.0
520.49	1.969500000000039	epochs															iti	36.0
522.481	11.026749999999993	epochs															maze	37.0
522.481	9.019000000000005	epochs															maze_stem	37.0
522.49975	16.206750000000056	trials	False	False	False	False	True	True	[0.26354957 0.73645043 0.95192063 0.04807943]	-0.6883710324764252	-0.21547016501426697	0.3441855013370514	-0.10773506760597229	0.7364504337310791	[3076 3076 3075 3075 3075]	[3141 3141 3141 3140 3140]		
531.51925	1.9884999999999309	epochs															maze_arm	37.0
533.5295	5.1580000000000155	epochs															feedback_and_iti	37.0
533.5295	0.9977499999999964	epochs															feedback_delay	37.0
534.5475	1.967999999999961	epochs															feedback	37.0
536.71025	1.9772500000000264	epochs															iti	37.0
538.7065	8.064250000000015	epochs															maze	38.0
538.7065	6.436749999999961	epochs															maze_stem	38.0
538.725	13.239749999999958	trials	False	False	False	True	False	True	[0.1672529  0.8327471  0.91212577 0.08787426]	-0.7448728568851948	-0.0793786533176899	0.37243643403053284	0.039689332246780396	0.9121257662773132	[3173 3173 3173 3172 3172]	[3220 3220 3220 3220 3220]		
545.16125	1.6095000000000255	epochs															maze_arm	38.0
546.789	5.156000000000063	epochs															feedback_and_iti	38.0
546.789	0.9840000000000373	epochs															feedback_delay	38.0
547.7885	1.986250000000041	epochs															feedback	38.0
549.95475	1.99025000000006	epochs															iti	38.0
551.96475	7.813250000000039	epochs															maze	39.0
551.96475	6.294499999999971	epochs															maze_stem	39.0
551.983	13.006000000000085	trials	False	False	False	True	False	True	[0.15587029 0.84412968 0.94102538 0.05897466]	-0.785155052319169	-0.09689565934240818	0.39257754385471344	0.048447832465171814	0.9410253763198853	[3253 3252 3252 3252 3252]	[3298 3298 3298 3298 3298]		
558.2775	1.5004999999999882	epochs															maze_arm	39.0
559.7925	5.17674999999997	epochs															feedback_and_iti	39.0
559.7925	0.9872500000000173	epochs															feedback_delay	39.0
560.79475	1.99574999999993	epochs															feedback	39.0
562.98225	1.9869999999999663	epochs															iti	39.0
564.989	7.7934999999999945	epochs															maze	40.0
564.989	6.150750000000016	epochs															maze_stem	40.0
565.00875	12.973749999999995	trials	False	False	False	True	False	True	[0.23709957 0.76290047 0.95219439 0.04780558]	-0.7150948531925678	-0.18929395452141762	0.35754740983247757	0.09464698284864426	0.9521943926811218	[3331 3330 3330 3330 3330]	[3376 3376 3376 3376 3376]		
571.162	1.6204999999999927	epochs															maze_arm	40.0
572.799	5.163499999999999	epochs															feedback_and_iti	40.0
572.799	0.9877500000000055	epochs															feedback_delay	40.0
573.803	1.9850000000000136	epochs															feedback	40.0
575.979	1.9834999999999354	epochs															iti	40.0
577.9825	8.370250000000055	epochs															maze	41.0
577.9825	6.869750000000067	epochs															maze_stem	41.0
577.99875	13.564000000000078	trials	False	False	False	True	False	True	[0.26303872 0.73696131 0.95560962 0.04439042]	-0.6925708912312984	-0.21864831075072289	0.3462854474782944	0.10932417213916779	0.9556096196174622	[3408 3408 3408 3408 3408]	[3458 3458 3457 3457 3457]		
584.87025	1.482499999999959	epochs															maze_arm	41.0
586.36975	5.172500000000014	epochs															feedback_and_iti	41.0
586.36975	0.9997500000000628	epochs															feedback_delay	41.0
587.38625	1.9832499999999982	epochs															feedback	41.0
589.55925	1.9829999999999472	epochs															iti	41.0
591.56275	7.435499999999934	epochs															maze	42.0
591.56275	5.879499999999894	epochs															maze_stem	42.0
591.5825	12.615000000000009	trials	True	False	False	True	False	True	[0.27063632 0.72936368 0.95643836 0.04356163]	-0.6858020462095737	-0.22707468643784523	0.3429010212421417	0.11353734135627747	0.9564383625984192	[3490 3490 3490 3489 3489]	[3534 3533 3533 3533 3533]		
597.46175	1.5364999999999327	epochs															maze_arm	42.0
599.01825	5.161000000000058	epochs															feedback_and_iti	42.0
599.01825	0.9982499999999845	epochs															feedback_delay	42.0
600.038	1.9782500000000027	epochs															feedback	42.0
602.19375	1.9855000000000018	epochs															iti	42.0
604.1975	7.621999999999957	epochs															maze	43.0
604.1975	5.823750000000018	epochs															maze_stem	43.0
604.21725	12.807249999999954	trials	True	False	False	True	False	True	[0.29078975 0.70921028 0.95777649 0.04222345]	-0.6669867802411318	-0.2485662568360567	0.3334933668375015	0.12428312003612518	0.9577764868736267	[3566 3565 3565 3565 3565]	[3610 3610 3610 3610 3610]		
610.041	1.7784999999998945	epochs															maze_arm	43.0
611.8405	5.159249999999929	epochs															feedback_and_iti	43.0
611.8405	0.99249999999995	epochs															feedback_delay	43.0
612.852	1.97625000000005	epochs															feedback	43.0
615.0145	1.9852499999999509	epochs															iti	43.0
617.0245	9.355249999999955	epochs															maze	44.0
617.0245	6.660750000000007	epochs															maze_stem	44.0
617.04975	14.544750000000022	trials	True	False	False	False	True	True	[0.30938977 0.69061023 0.95803016 0.04196977]	-0.6486404277384281	-0.2674199678003788	0.3243202306330204	-0.13371000066399574	0.6906102299690247	[3643 3642 3642 3642 3642]	[3698 3698 3697 3697 3697]		
623.70325	2.676499999999919	epochs															maze_arm	44.0
626.399	5.173000000000002	epochs															feedback_and_iti	44.0
626.399	0.9932499999999891	epochs															feedback_delay	44.0
627.41325	1.969000000000051	epochs															feedback	44.0
629.58925	1.98275000000001	epochs															iti	44.0
631.5945	9.007749999999987	epochs															maze	45.0
631.5945	5.971499999999992	epochs															maze_stem	45.0
631.61675	14.211999999999989	trials	False	False	False	False	True	True	[0.21257365 0.78742635 0.93358433 0.06641566]	-0.7210106886923313	-0.14615798369050026	0.3605053462088108	-0.07307899370789528	0.7874263525009155	[3730 3730 3730 3729 3729]	[3783 3783 3783 3782 3782]		
637.58575	3.0165000000000646	epochs															maze_arm	45.0
640.6235	5.183999999999969	epochs															feedback_and_iti	45.0
640.6235	0.9902499999999463	epochs															feedback_delay	45.0
641.63625	1.9862499999999272	epochs															feedback	45.0
643.83725	1.9702499999999645	epochs															iti	45.0
645.82875	8.711749999999938	epochs															maze	46.0
645.82875	7.081749999999943	epochs															maze_stem	46.0
645.84875	13.903500000000008	trials	False	False	False	False	True	True	[0.1545026  0.84549743 0.90271711 0.09728285]	-0.7482145465910435	-0.057219717651605606	0.3741072900593281	-0.028609860688447952	0.8454974293708801	[3815 3815 3815 3815 3814]	[3867 3866 3866 3866 3866]		
652.93025	1.6102499999999509	epochs															maze_arm	46.0
654.56175	5.171500000000037	epochs															feedback_and_iti	46.0
654.56175	0.9852500000000646	epochs															feedback_delay	46.0
655.569	1.9897500000000719	epochs															feedback	46.0
657.75425	1.9790000000000418	epochs															iti	46.0
659.75225	9.441749999999956	epochs															maze	47.0
659.75225	7.781749999999988	epochs															maze_stem	47.0
659.77325	14.61925000000008	trials	False	False	False	False	True	True	[0.12554955 0.87445039 0.89752859 0.10247146]	-0.7719789817929268	-0.023078151047229767	0.3859894648194313	-0.011539079248905182	0.8744503855705261	[3899 3899 3898 3898 3898]	[3954 3954 3954 3954 3954]		
667.55275	1.6412500000000136	epochs															maze_arm	47.0
669.21575	5.159500000000094	epochs															feedback_and_iti	47.0
669.21575	0.9975000000000591	epochs															feedback_delay	47.0
670.2345	1.968499999999949	epochs															feedback	47.0
672.3855	1.9897500000000719	epochs															iti	47.0
674.3925	7.227249999999913	epochs															maze	48.0
674.3925	5.625999999999976	epochs															maze_stem	48.0
674.41125	12.424250000000029	trials	False	False	False	True	False	True	[0.11576762 0.88423234 0.88489705 0.11510301]	-0.7691293805837631	-0.0006646588444709778	0.38456471636891365	0.0003323368728160858	0.8848970532417297	[3987 3986 3986 3986 3986]	[4029 4029 4028 4028 4028]		
680.0365	1.5832499999999072	epochs															maze_arm	48.0
681.636	5.1784999999999854	epochs															feedback_and_iti	48.0
681.636	0.9855000000000018	epochs															feedback_delay	48.0
682.63925	1.98700000000008	epochs															feedback	48.0
684.81675	1.9977499999999964	epochs															iti	48.0
686.8355	9.616499999999974	epochs															maze	49.0
686.8355	7.155750000000012	epochs															maze_stem	49.0
686.85675	14.788749999999936	trials	False	False	False	False	True	True	[0.15098315 0.84901685 0.93725556 0.06274441]	-0.7862724214792252	-0.08823873102664948	0.3931362181901932	-0.044119372963905334	0.8490168452262878	[4061 4061 4061 4061 4060]	[4118 4118 4117 4117 4117]		
694.011	2.441000000000031	epochs															maze_arm	49.0
696.47325	5.153500000000008	epochs															feedback_and_iti	49.0
696.47325	0.9995000000000118	epochs															feedback_delay	49.0
697.49475	1.96225000000004	epochs															feedback	49.0
699.63125	1.9954999999999927	epochs															iti	49.0
701.6455	8.233749999999986	epochs															maze	50.0
701.6455	5.802000000000021	epochs															maze_stem	50.0
701.665	13.405750000000012	trials	True	False	False	False	True	True	[0.15704778 0.84295225 0.90626872 0.09373134]	-0.7492209263145924	-0.0633164532482624	0.37461045756936073	-0.03165820613503456	0.8429522514343262	[4150 4150 4149 4149 4149]	[4198 4198 4198 4198 4198]		
707.468	2.4112499999999955	epochs															maze_arm	50.0
709.898	5.153999999999996	epochs															feedback_and_iti	50.0
709.898	0.9814999999999827	epochs															feedback_delay	50.0
710.899	1.9837499999999864	epochs															feedback	50.0
713.06575	1.986250000000041	epochs															iti	50.0
715.07075	7.548250000000053	epochs															maze	51.0
715.07075	5.912000000000035	epochs															maze_stem	51.0
715.089	12.751749999999902	trials	False	False	False	True	False	True	[0.14420675 0.8557933  0.85153383 0.14846613]	-0.707327127456665	0.004259422421455383	0.35366354137659073	-0.0021297112107276917	0.851533830165863	[4230 4230 4230 4230 4230]	[4275 4274 4274 4274 4274]		
720.9995	1.6195000000000164	epochs															maze_arm	51.0
722.63575	5.184999999999945	epochs															feedback_and_iti	51.0
722.63575	0.9837499999999864	epochs															feedback_delay	51.0
723.637	1.99775000000011	epochs															feedback	51.0
725.82925	1.9914999999999736	epochs															iti	51.0
727.84075	9.086999999999989	epochs															maze	52.0
727.84075	6.657000000000039	epochs															maze_stem	52.0
727.86	14.27475000000004	trials	True	False	False	False	True	True	[0.17701119 0.82298881 0.92969716 0.07030281]	-0.7526859790086746	-0.10670836269855499	0.3763429969549179	-0.05335418879985809	0.8229888081550598	[4307 4307 4307 4306 4306]	[4360 4360 4360 4360 4360]		
734.51725	2.4104999999999563	epochs															maze_arm	52.0
736.947	5.169499999999971	epochs															feedback_and_iti	52.0
736.947	0.9814999999999827	epochs															feedback_delay	52.0
737.94725	1.9954999999999927	epochs															feedback	52.0
740.13	1.9864999999999782	epochs															iti	52.0
742.13475	7.283249999999953	epochs															maze	53.0
742.13475	5.673249999999939	epochs															maze_stem	53.0
742.15125	12.461999999999989	trials	False	False	False	True	False	True	[0.20293087 0.79706913 0.90828639 0.09171359]	-0.7053555324673653	-0.11121726781129837	0.35267776250839233	0.05560863018035889	0.9082863926887512	[4393 4392 4392 4392 4392]	[4435 4435 4435 4435 4435]		
747.826	1.5919999999999845	epochs															maze_arm	53.0
749.43475	5.1580000000000155	epochs															feedback_and_iti	53.0
749.43475	0.9850000000000136	epochs															feedback_delay	53.0
750.43625	1.98275000000001	epochs															feedback	53.0
752.60575	1.98700000000008	epochs															iti	53.0
754.61325	9.39975000000004	epochs															maze	54.0
754.61325	7.040750000000003	epochs															maze_stem	54.0
754.63325	14.57725000000005	trials	False	False	False	False	True	True	[0.16482575 0.83517426 0.94067866 0.05932136]	-0.7758529055863619	-0.10550439544022083	0.3879264537245035	-0.052752191200852394	0.8351742625236511	[4467 4467 4467 4467 4467]	[4523 4523 4522 4522 4522]		
761.67375	2.3392499999999927	epochs															maze_arm	54.0
764.034	5.152749999999969	epochs															feedback_and_iti	54.0
764.034	0.9895000000000209	epochs															feedback_delay	54.0
765.04525	1.9700000000000273	epochs															feedback	54.0
767.21825	1.968499999999949	epochs															iti	54.0
769.2105	9.337750000000028	epochs															maze	55.0
769.2105	6.866249999999923	epochs															maze_stem	55.0
769.23425	14.509250000000065	trials	True	False	False	False	True	True	[0.15518895 0.84481108 0.91383284 0.08616713]	-0.7586439214646816	-0.069021787494421	0.37932197377085686	-0.03451089188456535	0.8448110818862915	[4555 4555 4555 4554 4554]	[4610 4610 4610 4609 4609]		
776.09525	2.453000000000088	epochs															maze_arm	55.0
778.56925	5.152249999999981	epochs															feedback_and_iti	55.0
778.56925	0.9932499999999891	epochs															feedback_delay	55.0
779.58325	1.9669999999999845	epochs															feedback	55.0
781.73925	1.9822500000000218	epochs															iti	55.0
783.7435	9.300749999999994	epochs															maze	56.0
783.7435	7.099499999999921	epochs															maze_stem	56.0
783.76425	14.481500000000096	trials	False	False	False	False	True	True	[0.14587675 0.85412323 0.86432993 0.13567011]	-0.7184531539678574	-0.010206669569015503	0.3592265620827675	-0.0051033273339271545	0.8541232347488403	[4642 4642 4642 4642 4641]	[4697 4697 4697 4696 4696]		
790.8635	2.180749999999989	epochs															maze_arm	56.0
793.0655	5.15949999999998	epochs															feedback_and_iti	56.0
793.0655	0.9877500000000055	epochs															feedback_delay	56.0
794.07475	1.9877500000000055	epochs															feedback	56.0
796.24775	1.9772500000000264	epochs															iti	56.0
798.24575	7.454999999999927	epochs															maze	57.0
798.24575	5.990499999999997	epochs															maze_stem	57.0
798.264	12.64149999999995	trials	False	False	False	True	False	True	[0.12915602 0.87084395 0.89717764 0.10282242]	-0.768021572381258	-0.026333648711442947	0.38401080667972565	0.013166829943656921	0.8971776366233826	[4729 4729 4729 4728 4728]	[4773 4773 4772 4772 4772]		
804.25375	1.4470000000000027	epochs															maze_arm	57.0
805.71775	5.168000000000006	epochs															feedback_and_iti	57.0
805.71775	0.9847499999999627	epochs															feedback_delay	57.0
806.72025	1.98599999999999	epochs															feedback	57.0
808.89325	1.9925000000000637	epochs															iti	57.0
810.9055	9.211999999999989	epochs															maze	58.0
810.9055	7.477500000000077	epochs															maze_stem	58.0
810.92575	14.40375000000006	trials	False	False	False	False	True	True	[0.14660813 0.85339183 0.94151109 0.05848889]	-0.7949029505252838	-0.0881192535161972	0.3974514678120613	-0.044059641659259796	0.8533918261528015	[4805 4805 4805 4804 4804]	[4859 4859 4859 4859 4858]		
818.4015	1.7159999999998945	epochs															maze_arm	58.0
820.13875	5.1687500000000455	epochs															feedback_and_iti	58.0
820.13875	0.9930000000000518	epochs															feedback_delay	58.0
821.15225	1.9740000000000464	epochs															feedback	58.0
823.31625	1.9912500000000364	epochs															iti	58.0
825.3295	12.577499999999986	epochs															maze	59.0
825.3295	10.921499999999924	epochs															maze_stem	59.0
825.348	17.763000000000034	trials	False	False	False	False	True	True	[0.14898641 0.8510136  0.90971535 0.09028468]	-0.7607289291918278	-0.05870174244046211	0.38036445900797844	-0.02935085818171501	0.8510136008262634	[4891 4891 4891 4891 4891]	[4966 4966 4966 4965 4965]		
836.27075	1.6362500000000182	epochs															maze_arm	59.0
837.92875	5.162249999999972	epochs															feedback_and_iti	59.0
837.92875	0.9897499999999582	epochs															feedback_delay	59.0
838.94025	1.9740000000000464	epochs															feedback	59.0
841.1035	1.9874999999999545	epochs															iti	59.0
843.111	10.572499999999991	epochs															maze	60.0
843.111	8.785750000000007	epochs															maze_stem	60.0
843.13075	15.764999999999986	trials	True	False	False	False	True	True	[0.10185649 0.89814347 0.88807863 0.11192136]	-0.7862221226096153	0.010064855217933655	0.39311105385422707	0.005032416433095932	0.898143470287323	[4998 4998 4998 4997 4997]	[5060 5060 5060 5060 5060]		
851.919	1.7644999999999982	epochs															maze_arm	60.0
853.7025	5.172750000000065	epochs															feedback_and_iti	60.0
853.7025	0.9925000000000637	epochs															feedback_delay	60.0
854.7155	1.9772500000000264	epochs															feedback	60.0
856.88375	1.9915000000000873	epochs															iti	60.0
858.89575	9.81574999999998	epochs															maze	61.0
858.89575	8.148000000000025	epochs															maze_stem	61.0
858.91575	15.02475000000004	trials	False	False	False	False	True	True	[0.12988573 0.87011427 0.85054654 0.14945343]	-0.7206608206033707	0.019567713141441345	0.36033041775226593	0.009783849120140076	0.870114266872406	[5093 5092 5092 5092 5092]	[5151 5150 5150 5150 5150]		
867.06425	1.6472499999999854	epochs															maze_arm	61.0
868.7345	5.185249999999996	epochs															feedback_and_iti	61.0
868.7345	0.9814999999999827	epochs															feedback_delay	61.0
869.739	1.992750000000001	epochs															feedback	61.0
871.92575	1.9940000000000282	epochs															iti	61.0
873.9405	10.208999999999946	epochs															maze	62.0
873.9405	8.500249999999937	epochs															maze_stem	62.0
873.9605	15.377250000000004	trials	False	False	False	False	True	True	[0.11110555 0.88889444 0.8810572  0.1189428 ]	-0.7699516452848911	0.007837247103452682	0.3849758170545101	0.003918621689081192	0.8888944387435913	[5183 5183 5182 5182 5182]	[5243 5243 5243 5243 5242]		
882.46175	1.6877499999999372	epochs															maze_arm	62.0
884.171	5.147499999999923	epochs															feedback_and_iti	62.0
884.171	0.988999999999919	epochs															feedback_delay	62.0
885.1815	1.9682500000000118	epochs															feedback	62.0
887.3505	1.967999999999961	epochs															iti	62.0
889.33775	7.399249999999938	epochs															maze	63.0
889.33775	5.958999999999946	epochs															maze_stem	63.0
889.3545	12.579999999999927	trials	False	False	False	True	False	True	[0.08263782 0.91736221 0.85888654 0.1411135 ]	-0.7762487158179283	0.05847568064928055	0.38812436163425446	-0.029237821698188782	0.8588865399360657	[5275 5275 5275 5275 5274]	[5319 5318 5318 5318 5318]		
895.315	1.4219999999999118	epochs															maze_arm	63.0
896.7535	5.161999999999921	epochs															feedback_and_iti	63.0
896.7535	0.9879999999999427	epochs															feedback_delay	63.0
897.7565	1.986250000000041	epochs															feedback	63.0
899.9295	1.98599999999999	epochs															iti	63.0
901.9345	7.265500000000088	epochs															maze	64.0
901.9345	5.766500000000065	epochs															maze_stem	64.0
901.95125	12.438250000000039	trials	False	False	False	True	False	True	[0.13504873 0.86495125 0.92993122 0.07006886]	-0.7948824428021908	-0.0649799220263958	0.39744124561548233	0.03248997777700424	0.9299312233924866	[5351 5350 5350 5350 5350]	[5393 5393 5393 5393 5393]		
907.719	1.4809999999999945	epochs															maze_arm	64.0
909.21675	5.1544999999999845	epochs															feedback_and_iti	64.0
909.21675	0.9829999999999472	epochs															feedback_delay	64.0
910.21725	1.982499999999959	epochs															feedback	64.0
912.38125	1.990000000000009	epochs															iti	64.0
914.3895	7.127749999999992	epochs															maze	65.0
914.3895	5.5534999999999854	epochs															maze_stem	65.0
914.4065	12.298000000000002	trials	False	False	False	True	False	True	[0.20763619 0.79236376 0.94720709 0.05279292]	-0.7395708728581667	-0.15484330244362354	0.36978545039892197	0.0774216428399086	0.9472070932388306	[5425 5425 5425 5425 5425]	[5467 5467 5467 5467 5466]		
919.962	1.555250000000001	epochs															maze_arm	65.0
921.53375	5.150999999999954	epochs															feedback_and_iti	65.0
921.53375	0.9852499999999509	epochs															feedback_delay	65.0
922.53575	1.9812500000000455	epochs															feedback	65.0
924.71725	1.9674999999999727	epochs															iti	65.0
926.7045	10.488749999999982	epochs															maze	66.0
926.7045	7.843249999999898	epochs															maze_stem	66.0
926.72425	15.663000000000011	trials	True	False	False	False	True	True	[0.2183378  0.78166223 0.95231646 0.04768358]	-0.7339786533266306	-0.17065423168241978	0.3669893238693476	-0.08532709814608097	0.7816622257232666	[5499 5499 5499 5499 5498]	[5561 5561 5561 5561 5560]		
934.56725	2.62600000000009	epochs															maze_arm	66.0
937.21375	5.1544999999999845	epochs															feedback_and_iti	66.0
937.21375	0.9959999999999809	epochs															feedback_delay	66.0
938.22975	1.9677500000000236	epochs															feedback	66.0
940.38625	1.981999999999971	epochs															iti	66.0
942.38725	7.833250000000021	epochs															maze	67.0
942.38725	6.399499999999989	epochs															maze_stem	67.0
942.404	13.035499999999956	trials	False	False	False	True	False	True	[0.16681781 0.83318216 0.92043751 0.07956252]	-0.7536196708679199	-0.0872553288936615	0.37680985033512115	0.04362766444683075	0.9204375147819519	[5593 5593 5593 5593 5592]	[5639 5639 5639 5639 5638]		
948.8035	1.41700000000003	epochs															maze_arm	67.0
950.23725	5.180499999999938	epochs															feedback_and_iti	67.0
950.23725	0.9850000000000136	epochs															feedback_delay	67.0
951.239	1.995999999999981	epochs															feedback	67.0
953.42925	1.9884999999999309	epochs															iti	67.0
955.4395	7.338500000000067	epochs															maze	68.0
955.4395	5.676750000000084	epochs															maze_stem	68.0
955.46075	12.516500000000065	trials	False	False	False	True	False	True	[0.18200405 0.81799591 0.94721872 0.05278121]	-0.7652146834880114	-0.12922282703220844	0.3826073333621025	0.06461138278245926	0.9472187161445618	[5671 5671 5671 5671 5671]	[5715 5714 5714 5714 5714]		
961.13525	1.6427499999999782	epochs															maze_arm	68.0
962.79325	5.162000000000035	epochs															feedback_and_iti	68.0
962.79325	0.98700000000008	epochs															feedback_delay	68.0
963.7955	1.9877500000000055	epochs															feedback	68.0
965.969	1.9862499999999272	epochs															iti	68.0
967.97725	8.365000000000009	epochs															maze	69.0
967.97725	6.833750000000009	epochs															maze_stem	69.0
967.9975	13.555500000000052	trials	False	False	False	False	True	True	[0.21018265 0.78981733 0.95340681 0.04659324]	-0.7432241253554821	-0.1635894440114498	0.3716120459139347	-0.08179471269249916	0.7898173332214355	[5747 5746 5746 5746 5746]	[5796 5796 5795 5795 5795]		
974.83375	1.5085000000000264	epochs															maze_arm	69.0
976.36525	5.169000000000096	epochs															feedback_and_iti	69.0
976.36525	0.9957500000000437	epochs															feedback_delay	69.0
977.38375	1.9777500000000146	epochs															feedback	69.0
979.5425	1.9917500000000246	epochs															iti	69.0
981.553	8.313499999999976	epochs															maze	70.0
981.553	5.50324999999998	epochs															maze_stem	70.0
981.57325	13.483999999999924	trials	False	False	False	False	True	True	[0.14107092 0.8589291  0.92007256 0.07992745]	-0.7790016420185566	-0.06114346161484718	0.38950082287192345	-0.030571725219488144	0.8589290976524353	[5828 5828 5828 5827 5827]	[5877 5877 5877 5876 5876]		
987.077	2.7894999999999754	epochs															maze_arm	70.0
989.88925	5.150500000000079	epochs															feedback_and_iti	70.0
989.88925	0.9980000000000473	epochs															feedback_delay	70.0
990.90875	1.9637499999998909	epochs															feedback	70.0
993.0655	1.9742499999999836	epochs															iti	70.0
995.05725	7.227250000000026	epochs															maze	71.0
995.05725	5.553500000000099	epochs															maze_stem	71.0
995.07575	12.405250000000024	trials	False	False	False	True	False	True	[0.10753217 0.89246786 0.89776272 0.10223727]	-0.7902305647730827	-0.005294881761074066	0.39511527121067047	0.0026474446058273315	0.8977627158164978	[5909 5909 5909 5908 5908]	[5951 5951 5951 5951 5951]		
1000.62875	1.6557500000000118	epochs															maze_arm	71.0
1002.3005	5.161499999999933	epochs															feedback_and_iti	71.0
1002.3005	0.98599999999999	epochs															feedback_delay	71.0
1003.30225	1.9875000000000682	epochs															feedback	71.0
1005.4695	1.99249999999995	epochs															iti	71.0
1007.481	7.251250000000027	epochs															maze	72.0
1007.481	5.6340000000000146	epochs															maze_stem	72.0
1007.498	12.442000000000007	trials	False	False	False	True	False	True	[0.12449513 0.87550491 0.93999982 0.06000023]	-0.8155046850442886	-0.06449490785598755	0.4077523425221443	0.032247476279735565	0.9399998188018799	[5983 5983 5983 5983 5983]	[6026 6026 6026 6025 6025]		
1013.1355	1.5967500000000427	epochs															maze_arm	72.0
1014.7485	5.170499999999947	epochs															feedback_and_iti	72.0
1014.7485	1.0	epochs															feedback_delay	72.0
1015.766	1.9825000000000728	epochs															feedback	72.0
1017.9655	1.9534999999999627	epochs															iti	72.0
1019.94	9.325249999999869	epochs															maze	73.0
1019.94	7.425500000000056	epochs															maze_stem	73.0
1019.96025	14.509249999999952	trials	False	False	False	False	True	True	[0.19837128 0.80162865 0.95166141 0.04833855]	-0.7532901167869568	-0.15003274381160736	0.3766450509428978	-0.07501640170812607	0.8016286492347717	[6058 6058 6058 6058 6057]	[6113 6113 6113 6113 6112]		
1027.38575	1.8795000000000073	epochs															maze_arm	73.0
1029.2865	5.163000000000011	epochs															feedback_and_iti	73.0
1029.2865	0.9845000000000255	epochs															feedback_delay	73.0
1030.29325	1.987250000000131	epochs															feedback	73.0
1032.45525	1.9942499999999654	epochs															iti	73.0
1034.4695	8.862250000000131	epochs															maze	74.0
1034.4695	6.922500000000127	epochs															maze_stem	74.0
1034.48975	14.054499999999962	trials	False	False	False	False	True	True	[0.13818592 0.86181408 0.9167462  0.08325382]	-0.7785602733492851	-0.054932110011577606	0.38928013294935226	-0.027466051280498505	0.8618140816688538	[6145 6145 6145 6145 6144]	[6197 6197 6197 6197 6197]		
1041.413	1.9187500000000455	epochs															maze_arm	74.0
1043.352	5.173000000000002	epochs															feedback_and_iti	74.0
1043.352	0.9849999999999	epochs															feedback_delay	74.0
1044.35975	1.9834999999998217	epochs															feedback	74.0
1046.5335	1.9915000000000873	epochs															iti	74.0
1048.54425	7.1062500000000455	epochs															maze	75.0
1048.54425	5.585500000000138	epochs															maze_stem	75.0
1048.563	12.289499999999862	trials	False	False	False	True	False	True	[0.10643546 0.89356458 0.89684671 0.1031533 ]	-0.7904112711548805	-0.0032821446657180786	0.39520562812685966	0.0016410835087299347	0.8968467116355896	[6230 6229 6229 6229 6229]	[6271 6271 6271 6271 6271]		
1054.146	1.5045000000000073	epochs															maze_arm	75.0
1055.6675	5.165749999999889	epochs															feedback_and_iti	75.0
1055.6675	0.9845000000000255	epochs															feedback_delay	75.0
1056.6695	1.9862499999999272	epochs															feedback	75.0
1058.8585	1.9747499999998581	epochs															iti	75.0
1060.8525	10.364749999999958	epochs															maze	76.0
1060.8525	8.338750000000118	epochs															maze_stem	76.0
1060.8725	15.54275000000007	trials	False	False	False	False	True	True	[0.12324074 0.87675923 0.93964559 0.06035438]	-0.8164048511534929	-0.06288635917007923	0.40820242650806904	-0.031443195417523384	0.8767592310905457	[6303 6303 6303 6303 6303]	[6365 6364 6364 6364 6364]		
1069.212	2.0052499999999327	epochs															maze_arm	76.0
1071.2415	5.1502499999999145	epochs															feedback_and_iti	76.0
1071.2415	0.9945000000000164	epochs															feedback_delay	76.0
1072.2565	1.9712500000000546	epochs															feedback	76.0
1074.4065	1.9852499999999509	epochs															iti	76.0
1076.41525	10.629999999999882	epochs															maze	77.0
1076.41525	7.9537499999999	epochs															maze_stem	77.0
1076.43675	15.798999999999978	trials	True	False	False	False	True	True	[0.15293375 0.84706622 0.91245556 0.08754445]	-0.7595217935740948	-0.06538931652903557	0.37976088747382164	-0.03269466385245323	0.8470662236213684	[6397 6397 6396 6396 6396]	[6460 6459 6459 6459 6459]		
1084.38825	2.6569999999999254	epochs															maze_arm	77.0
1087.0655	5.151500000000169	epochs															feedback_and_iti	77.0
1087.0655	0.990500000000111	epochs															feedback_delay	77.0
1088.07625	1.9714999999998781	epochs															feedback	77.0
1090.23275	1.984250000000202	epochs															iti	77.0
1092.23575	7.098500000000058	epochs															maze	78.0
1092.23575	5.740499999999884	epochs															maze_stem	78.0
1092.25275	12.294499999999971	trials	False	False	False	True	False	True	[0.14220832 0.85779166 0.87039244 0.1296076 ]	-0.7281840890645981	-0.012600749731063843	0.36409205943346024	0.006300382316112518	0.8703924417495728	[6492 6491 6491 6491 6491]	[6533 6533 6533 6533 6532]		
1097.99575	1.3385000000000673	epochs															maze_arm	78.0
1099.3495	5.17899999999986	epochs															feedback_and_iti	78.0
1099.3495	0.9857500000000528	epochs															feedback_delay	78.0
1100.3505	1.9972499999998945	epochs															feedback	78.0
1102.53475	1.9937499999998636	epochs															iti	78.0
1104.54725	7.291249999999991	epochs															maze	79.0
1104.54725	5.679999999999836	epochs															maze_stem	79.0
1104.566	12.489000000000033	trials	False	False	False	True	False	True	[0.16210815 0.83789188 0.93548965 0.06451032]	-0.7733815275132656	-0.09759780392050743	0.38669075071811676	0.048798903822898865	0.9354896545410156	[6565 6565 6565 6565 6565]	[6608 6608 6608 6608 6607]		
1110.245	1.5935000000001764	epochs															maze_arm	79.0
1111.85475	5.180749999999989	epochs															feedback_and_iti	79.0
1111.85475	0.9855000000000018	epochs															feedback_delay	79.0
1112.85675	1.9909999999999854	epochs															feedback	79.0
1115.03525	2.000250000000051	epochs															iti	79.0
1117.055	11.076499999999896	epochs															maze	80.0
1117.055	8.727249999999913	epochs															maze_stem	80.0
1117.075	16.261999999999944	trials	False	False	False	False	True	True	[0.19933136 0.80066866 0.95060349 0.04939651]	-0.7512721363455057	-0.14993483759462833	0.37563607282936573	-0.07496741600334644	0.8006686568260193	[6640 6640 6640 6640 6640]	[6706 6706 6705 6705 6705]		
1125.80025	2.3312499999999545	epochs															maze_arm	80.0
1128.151	5.166249999999991	epochs															feedback_and_iti	80.0
1128.151	0.9974999999999454	epochs															feedback_delay	80.0
1129.16975	1.9807499999999436	epochs															feedback	80.0
1131.342	1.97524999999996	epochs															iti	80.0
1133.337	7.179750000000013	epochs															maze	81.0
1133.337	5.722250000000031	epochs															maze_stem	81.0
1133.354	12.382499999999936	trials	False	False	False	True	False	True	[0.13682124 0.86317879 0.9160009  0.0839991 ]	-0.7791796736419201	-0.05282212421298027	0.3895898312330246	0.02641107141971588	0.9160009026527405	[6738 6738 6738 6737 6737]	[6780 6780 6780 6780 6779]		
1139.0775	1.4392499999999018	epochs															maze_arm	81.0
1140.53525	5.180749999999989	epochs															feedback_and_iti	81.0
1140.53525	0.9852500000001783	epochs															feedback_delay	81.0
1141.537	1.9962499999999181	epochs															feedback	81.0
1143.721	1.9949999999998909	epochs															iti	81.0
1145.7365	6.861499999999978	epochs															maze	82.0
1145.7365	5.375250000000051	epochs															maze_stem	82.0
1145.7555	12.057500000000118	trials	False	False	False	True	False	True	[0.12570719 0.87429285 0.94217545 0.05782463]	-0.8164682388305664	-0.06788258254528046	0.4082341268658638	0.033941321074962616	0.9421754479408264	[6812 6812 6812 6812 6812]	[6853 6852 6852 6852 6852]		
1151.12975	1.4682499999998981	epochs															maze_arm	82.0
1152.61625	5.17574999999988	epochs															feedback_and_iti	82.0
1152.61625	0.9835000000000491	epochs															feedback_delay	82.0
1153.61775	1.9852500000001783	epochs															feedback	82.0
1155.7975	1.9945000000000164	epochs															iti	82.0
1157.813	11.319250000000011	epochs															maze	83.0
1157.813	8.778999999999996	epochs															maze_stem	83.0
1157.83325	16.49525000000017	trials	False	False	False	False	True	True	[0.19225188 0.80774814 0.95195788 0.04804217]	-0.7597059886902571	-0.1442097257822752	0.37985298596322536	-0.07210484705865383	0.8077481389045715	[6885 6885 6884 6884 6884]	[6952 6952 6951 6951 6951]		
1166.613	2.5192500000000564	epochs															maze_arm	83.0
1169.152	5.153749999999945	epochs															feedback_and_iti	83.0
1169.152	0.9904999999998836	epochs															feedback_delay	83.0
1170.16575	1.97075000000018	epochs															feedback	83.0
1172.3095	1.9962499999999181	epochs															iti	83.0
1174.3285	10.77624999999989	epochs															maze	84.0
1174.3285	8.863749999999982	epochs															maze_stem	84.0
1174.35425	15.9699999999998	trials	True	False	False	False	True	True	[0.13754767 0.86245233 0.91753995 0.08246004]	-0.7799922861158848	-0.055087629705667496	0.38999614492058754	-0.027543816715478897	0.8624523282051086	[6984 6984 6983 6983 6983]	[7047 7047 7047 7047 7047]		
1183.21175	1.893000000000029	epochs															maze_arm	84.0
1185.12525	5.177500000000009	epochs															feedback_and_iti	84.0
1185.12525	0.9949999999998909	epochs															feedback_delay	84.0
1186.141	1.9729999999999563	epochs															feedback	84.0
1188.304	1.9987499999999727	epochs															iti	84.0
1190.32425	7.023500000000013	epochs															maze	85.0
1190.32425	5.533000000000129	epochs															maze_stem	85.0
1190.3465	12.205999999999904	trials	False	False	False	True	False	True	[0.14288601 0.85711396 0.87701309 0.12298698]	-0.7341270260512829	-0.01989908143877983	0.3670635372400284	0.009949550032615662	0.877013087272644	[7080 7079 7079 7079 7079]	[7121 7121 7120 7120 7120]		
1195.87525	1.4724999999998545	epochs															maze_arm	85.0
1197.366	5.167249999999967	epochs															feedback_and_iti	85.0
1197.366	0.9837500000001	epochs															feedback_delay	85.0
1198.36775	1.9857500000000528	epochs															feedback	85.0
1200.54025	1.9929999999999382	epochs															iti	85.0
1202.5525	7.244500000000016	epochs															maze	86.0
1202.5525	5.853249999999889	epochs															maze_stem	86.0
1202.573	12.426749999999856	trials	False	False	False	True	False	True	[0.16472706 0.83527297 0.9379186  0.06208135]	-0.7731915786862373	-0.10264567285776138	0.3865957707166672	0.05132283270359039	0.9379186034202576	[7153 7153 7153 7152 7152]	[7195 7195 7195 7195 7195]		
1208.4235	1.3734999999999218	epochs															maze_arm	86.0
1209.81475	5.1684999999999945	epochs															feedback_and_iti	86.0
1209.81475	0.9822500000000218	epochs															feedback_delay	86.0
1210.8145	2.000250000000051	epochs															feedback	86.0
1213.0035	1.9797499999999673	epochs															iti	86.0
1214.99975	7.864250000000084	epochs															maze	87.0
1214.99975	6.210749999999962	epochs															maze_stem	87.0
1215.018	13.051999999999907	trials	False	False	False	True	False	True	[0.19758673 0.80241328 0.95155036 0.04844966]	-0.7539636306464672	-0.14913707599043846	0.37698181718587875	0.07456854730844498	0.9515503644943237	[7228 7227 7227 7227 7227]	[7274 7274 7273 7273 7273]		
1221.2295	1.6345000000001164	epochs															maze_arm	87.0
1222.88175	5.167750000000069	epochs															feedback_and_iti	87.0
1222.88175	0.9837500000001	epochs															feedback_delay	87.0
1223.88325	1.9859999999998763	epochs															feedback	87.0
1226.059	1.990500000000111	epochs															iti	87.0
1228.07	10.632250000000113	epochs															maze	88.0
1228.07	7.443750000000136	epochs															maze_stem	88.0
1228.08975	15.814750000000004	trials	True	False	False	False	True	True	[0.21667019 0.78332978 0.95555806 0.044442  ]	-0.7388878297060728	-0.172228230163455	0.36944389156997204	-0.08611410669982433	0.7833297848701477	[7306 7306 7306 7305 7305]	[7369 7369 7368 7368 7368]		
1235.533	3.1692500000001473	epochs															maze_arm	88.0
1238.7225	5.164999999999964	epochs															feedback_and_iti	88.0
1238.7225	0.9812499999998181	epochs															feedback_delay	88.0
1239.7245	1.9927499999998872	epochs															feedback	88.0
1241.90125	1.9862500000001546	epochs															iti	88.0
1243.9045	6.7277500000000146	epochs															maze	89.0
1243.9045	5.215249999999969	epochs															maze_stem	89.0
1243.9225	11.922500000000127	trials	False	False	False	True	False	True	[0.1739254  0.82607454 0.9258185  0.07418153]	-0.7518930584192276	-0.09974391758441925	0.3759465515613556	0.04987195134162903	0.9258185029029846	[7401 7401 7401 7400 7400]	[7440 7440 7440 7440 7440]		
1249.13775	1.4945000000000164	epochs															maze_arm	89.0
1250.6475	5.1784999999999854	epochs															feedback_and_iti	89.0
1250.6475	0.9867500000000291	epochs															feedback_delay	89.0
1251.64925	1.9880000000000564	epochs															feedback	89.0
1253.83675	1.9892500000000837	epochs															iti	89.0
1255.845	6.82549999999992	epochs															maze	90.0
1255.845	5.25974999999994	epochs															maze_stem	90.0
1255.86325	12.022249999999985	trials	False	False	False	True	False	True	[0.1781722  0.82182783 0.94891363 0.05108637]	-0.7707414478063583	-0.1270858198404312	0.38537071645259857	0.0635429173707962	0.9489136338233948	[7473 7472 7472 7472 7472]	[7512 7512 7512 7512 7512]		
1261.12375	1.5467499999999745	epochs															maze_arm	90.0
1262.68725	5.178250000000162	epochs															feedback_and_iti	90.0
1262.68725	0.9842499999999745	epochs															feedback_delay	90.0
1263.68825	1.987250000000131	epochs															feedback	90.0
1265.8675	1.9980000000000473	epochs															iti	90.0
1267.8855	7.692000000000007	epochs															maze	91.0
1267.8855	5.528999999999996	epochs															maze_stem	91.0
1267.90325	12.871999999999844	trials	False	False	False	True	False	True	[0.20626907 0.79373091 0.95421803 0.045782  ]	-0.7479489352554083	-0.16048709116876125	0.3739744797348976	0.0802435502409935	0.9542180299758911	[7545 7545 7544 7544 7544]	[7590 7590 7589 7589 7589]		
1273.4325	2.145000000000209	epochs															maze_arm	91.0
1275.59425	5.1597499999998035	epochs															feedback_and_iti	91.0
1275.59425	0.9872499999999036	epochs															feedback_delay	91.0
1276.59675	1.9882500000001073	epochs															feedback	91.0
1278.767	1.9869999999998527	epochs															iti	91.0
1280.77525	9.618249999999989	epochs															maze	92.0
1280.77525	7.823000000000093	epochs															maze_stem	92.0
1280.7955	14.807749999999942	trials	True	False	False	False	True	True	[0.22081663 0.77918339 0.95645177 0.04354819]	-0.735635170713067	-0.17726841010153294	0.367817597463727	-0.08863420970737934	0.7791833877563477	[7622 7622 7622 7621 7621]	[7679 7679 7678 7678 7678]		
1288.61825	1.7752499999999145	epochs															maze_arm	92.0
1290.41425	5.171499999999924	epochs															feedback_and_iti	92.0
1290.41425	0.99025000000006	epochs															feedback_delay	92.0
1291.425	1.9715000000001055	epochs															feedback	92.0
1293.5925	1.993249999999989	epochs															iti	92.0
1295.60325	6.829500000000053	epochs															maze	93.0
1295.60325	5.28125	epochs															maze_stem	93.0
1295.62275	12.001250000000027	trials	False	False	False	True	False	True	[0.17846954 0.82153046 0.9276222  0.07237782]	-0.7491526491940022	-0.10609172657132149	0.3745763301849365	0.05304586887359619	0.9276221990585327	[7711 7711 7710 7710 7710]	[7751 7751 7750 7750 7750]		
1300.901	1.5317499999998745	epochs															maze_arm	93.0
1302.4485	5.1557500000001255	epochs															feedback_and_iti	93.0
1302.4485	0.9900000000000091	epochs															feedback_delay	93.0
1303.4535	1.9809999999999945	epochs															feedback	93.0
1305.62325	1.9809999999999945	epochs															iti	93.0
1307.624	6.725999999999885	epochs															maze	94.0
1307.624	5.305000000000064	epochs															maze_stem	94.0
1307.644	11.905250000000024	trials	False	False	False	True	False	True	[0.18104522 0.81895477 0.94949436 0.05050566]	-0.7684491239488125	-0.13053957745432854	0.384224571287632	0.06526979058980942	0.9494943618774414	[7783 7783 7783 7782 7782]	[7822 7822 7822 7822 7822]		
1312.947	1.40300000000002	epochs															maze_arm	94.0
1314.368	5.164250000000038	epochs															feedback_and_iti	94.0
1314.368	0.9837500000001	epochs															feedback_delay	94.0
1315.3695	1.9855000000000018	epochs															feedback	94.0
1317.539	1.993249999999989	epochs															iti	94.0
1319.54925	8.024999999999864	epochs															maze	95.0
1319.54925	5.795000000000073	epochs															maze_stem	95.0
1319.56775	15.059500000000071	trials	False	False	False	True	True	False	[0.20959789 0.79040211 0.95445949 0.04554051]	-0.7448616027832031	-0.16405737400054932	-0.37243080139160156	-0.08202868700027466	0.04554051160812378	[7854 7854 7854 7854 7854]	[7902 7901 7901 7901 7901]		
1325.36175	2.2124999999998636	epochs															maze_arm	95.0
1327.5915	7.014499999999998	epochs															feedback_and_iti	95.0
1327.5915	0.9845000000000255	epochs															feedback_delay	95.0
1328.59275	1.9927499999998872	epochs															feedback	95.0
1330.61875	3.9872499999999036	epochs															iti	95.0
1334.62725	7.810750000000098	epochs															maze	96.0
1334.62725	5.949249999999893	epochs															maze_stem	96.0
1334.6475	12.986750000000029	trials	False	False	False	False	True	True	[0.26652151 0.73347849 0.76159298 0.238407  ]	-0.4950714781880379	-0.028114505112171173	0.24753574281930923	-0.014057256281375885	0.7334784865379333	[7945 7945 7944 7944 7944]	[7991 7991 7990 7990 7990]		
1340.59625	1.8417500000000473	epochs															maze_arm	96.0
1342.4575	5.157249999999976	epochs															feedback_and_iti	96.0
1342.4575	0.9887499999999818	epochs															feedback_delay	96.0
1343.47175	1.9712500000000546	epochs															feedback	96.0
1345.63525	1.9794999999999163	epochs															iti	96.0
1347.63425	8.30074999999988	epochs															maze	97.0
1347.63425	6.4314999999999145	epochs															maze_stem	97.0
1347.653	13.489499999999907	trials	True	False	False	False	True	True	[0.09008095 0.90991902 0.85597193 0.14402807]	-0.7658909671008587	0.05394710227847099	0.3829454779624939	0.02697354555130005	0.909919023513794	[8023 8023 8022 8022 8022]	[8072 8071 8071 8071 8071]		
1354.08525	1.8497499999998581	epochs															maze_arm	97.0
1355.955	5.159250000000156	epochs															feedback_and_iti	97.0
1355.955	0.9842499999999745	epochs															feedback_delay	97.0
1356.95825	1.9865000000002055	epochs															feedback	97.0
1359.124	1.99025000000006	epochs															iti	97.0
1361.1425	9.379500000000007	epochs															maze	98.0
1361.1425	7.189750000000004	epochs															maze_stem	98.0
1361.16075	14.576000000000022	trials	True	False	False	False	True	True	[0.1144733  0.88552672 0.79711431 0.20288567]	-0.6826410293579102	0.08841238915920258	0.3413205221295357	0.04420619457960129	0.885526716709137	[8104 8104 8103 8103 8103]	[8159 8159 8159 8159 8158]		
1368.34975	2.172249999999849	epochs															maze_arm	98.0
1370.54275	5.173249999999825	epochs															feedback_and_iti	98.0
1370.54275	0.9802499999998417	epochs															feedback_delay	98.0
1371.54325	1.98050000000012	epochs															feedback	98.0
1373.70725	2.0087499999999636	epochs															iti	98.0
1375.73675	8.85674999999992	epochs															maze	99.0
1375.73675	6.870750000000044	epochs															maze_stem	99.0
1375.757	14.044999999999845	trials	True	False	False	False	True	True	[0.14041561 0.85958433 0.8094697  0.19053029]	-0.6690540686249733	0.05011465400457382	0.33452702313661575	0.02505730837583542	0.8595843315124512	[8191 8191 8191 8191 8191]	[8243 8243 8243 8243 8243]		
1382.62725	1.9662499999999454	epochs															maze_arm	99.0
1384.61475	5.166750000000093	epochs															feedback_and_iti	99.0
1384.61475	0.9940000000001419	epochs															feedback_delay	99.0
1385.629	1.9715000000001055	epochs															feedback	99.0
1387.7855	1.9960000000000946	epochs															iti	99.0
1389.802	16.882000000000062	epochs															maze	100.0
1389.802	6.017250000000104	epochs															maze_stem	100.0
1389.822	23.922000000000025	trials	False	True	True	True	False	False	[0.14499332 0.85500664 0.82108647 0.1789135 ]	-0.6760931387543678	0.033920176327228546	0.3380465731024742	-0.016960106790065765	0.8210864663124084	[8276 8275 8275 8275 8275]	[8376 8376 8375 8375 8375]		
1395.83875	10.845250000000078	epochs															maze_arm	100.0
1406.69975	7.0222499999999854	epochs															feedback_and_iti	100.0
1406.69975	0.9922500000000127	epochs															feedback_delay	100.0
1407.708	1.9924999999998363	epochs															feedback	100.0
1409.739	3.9829999999999472	epochs															iti	100.0
1413.744	7.81450000000018	epochs															maze	101.0
1413.744	5.280250000000024	epochs															maze_stem	101.0
1413.76575	14.85349999999994	trials	True	True	False	True	False	False	[0.34485805 0.65514195 0.72192889 0.27807111]	-0.3770708441734314	-0.06678694486618042	0.1885354220867157	0.03339347243309021	0.7219288945198059	[8419 8419 8419 8419 8418]	[8465 8465 8465 8464 8464]		
1419.04375	2.514750000000049	epochs															maze_arm	101.0
1421.579	7.0187499999999545	epochs															feedback_and_iti	101.0
1421.579	0.9962500000001455	epochs															feedback_delay	101.0
1422.5975	1.9714999999998781	epochs															feedback	101.0
1424.6055	3.9922500000000127	epochs															iti	101.0
1428.61925	6.370249999999942	epochs															maze	102.0
1428.61925	4.622250000000122	epochs															maze_stem	102.0
1428.6395	13.396750000000111	trials	False	True	False	False	True	False	[0.33922064 0.6607793  0.7161535  0.28384653]	-0.3769328147172928	-0.055374160408973694	0.1884663850069046	-0.027687087655067444	0.6607792973518372	[8508 8508 8508 8508 8508]	[8546 8545 8545 8545 8545]		
1433.26	1.7294999999999163	epochs															maze_arm	102.0
1435.006	7.007999999999811	epochs															feedback_and_iti	102.0
1435.006	0.9857499999998254	epochs															feedback_delay	102.0
1436.00775	1.9845000000000255	epochs															feedback	102.0
1438.02825	3.9857499999998254	epochs															iti	102.0
1442.03625	11.002250000000004	epochs															maze	103.0
1442.03625	8.963249999999789	epochs															maze_stem	103.0
1442.057	16.195500000000038	trials	False	True	False	True	True	True	[0.36023185 0.63976812 0.63646072 0.36353934]	-0.2762288302183151	0.003307446837425232	-0.13811439275741577	0.0016537308692932129	0.36353933811187744	[8589 8589 8588 8588 8588]	[8654 8654 8653 8653 8653]		
1451.02	2.018500000000131	epochs															maze_arm	103.0
1453.0545	5.176500000000033	epochs															feedback_and_iti	103.0
1453.0545	0.9954999999999927	epochs															feedback_delay	103.0
1454.06825	1.9764999999999873	epochs															feedback	103.0
1456.2415	1.9894999999999072	epochs															iti	103.0
1458.2525	6.498249999999871	epochs															maze	104.0
1458.2525	5.226249999999936	epochs															maze_stem	104.0
1458.2735	13.543499999999995	trials	False	True	False	True	False	False	[0.09172072 0.9082793  0.46415585 0.53584415]	-0.37243514135479927	0.44412343576550484	0.1862175650894642	-0.22206171229481697	0.4641558527946472	[8686 8686 8686 8685 8685]	[8724 8724 8724 8723 8723]		
1463.49925	1.2514999999998508	epochs															maze_arm	104.0
1464.7675	7.028999999999996	epochs															feedback_and_iti	104.0
1464.7675	0.9897500000001855	epochs															feedback_delay	104.0
1465.77525	1.9862500000001546	epochs															feedback	104.0
1467.7985	3.99799999999982	epochs															iti	104.0
1471.817	7.308250000000044	epochs															maze	105.0
1471.817	5.371499999999969	epochs															maze_stem	105.0
1471.837	12.503500000000031	trials	True	True	False	False	False	True	[0.30879942 0.69120061 0.58524919 0.41475084]	-0.2764497697353363	0.10595142841339111	-0.13822488486766815	-0.05297569930553436	0.3087994158267975	[8767 8767 8767 8767 8767]	[8810 8810 8810 8810 8809]		
1477.2065	1.9187500000000455	epochs															maze_arm	105.0
1479.14575	5.1740000000002055	epochs															feedback_and_iti	105.0
1479.14575	0.9770000000000891	epochs															feedback_delay	105.0
1480.1465	1.9800000000000182	epochs															feedback	105.0
1482.325	1.9947500000000673	epochs															iti	105.0
1484.3405	6.983749999999873	epochs															maze	106.0
1484.3405	5.284249999999929	epochs															maze_stem	106.0
1484.3595	12.157249999999976	trials	False	True	False	False	False	True	[0.31070128 0.68929869 0.77739561 0.22260439]	-0.46669431030750275	-0.08809690177440643	-0.23334716260433197	0.04404844343662262	0.31070128083229065	[8842 8842 8842 8842 8842]	[8883 8883 8883 8883 8883]		
1489.6445	1.6797499999997854	epochs															maze_arm	106.0
1491.3415	5.154500000000098	epochs															feedback_and_iti	106.0
1491.3415	0.9929999999999382	epochs															feedback_delay	106.0
1492.35125	1.9742499999999836	epochs															feedback	106.0
1494.51925	1.9767500000000382	epochs															iti	106.0
1496.51675	7.166999999999916	epochs															maze	107.0
1496.51675	5.433999999999969	epochs															maze_stem	107.0
1496.538	14.201250000000073	trials	False	True	False	True	False	False	[0.59408998 0.40591004 0.88840258 0.11159746]	-0.29431259259581566	-0.4824925325810909	0.14715629816055298	0.2412462830543518	0.8884025812149048	[8915 8915 8915 8915 8915]	[8957 8957 8957 8957 8957]		
1501.9705	1.7132500000000164	epochs															maze_arm	107.0
1503.7	7.018499999999904	epochs															feedback_and_iti	107.0
1503.7	0.9952499999999418	epochs															feedback_delay	107.0
1504.7115	1.9762500000001637	epochs															feedback	107.0
1506.72425	3.9942499999999654	epochs															iti	107.0
1510.73925	8.199249999999893	epochs															maze	108.0
1510.73925	6.189750000000004	epochs															maze_stem	108.0
1510.75875	15.242750000000115	trials	False	True	False	False	True	False	[0.59741026 0.40258977 0.73918974 0.26081026]	-0.14177949726581573	-0.3365999907255173	0.07088975608348846	-0.16829998791217804	0.4025897681713104	[9001 9000 9000 9000 9000]	[9049 9049 9049 9048 9048]		
1516.9495	1.9890000000000327	epochs															maze_arm	108.0
1518.955	7.026000000000067	epochs															feedback_and_iti	108.0
1518.955	0.9857500000000528	epochs															feedback_delay	108.0
1519.95725	1.9909999999999854	epochs															feedback	108.0
1521.994	3.98700000000008	epochs															iti	108.0
1526.0015	7.650499999999965	epochs															maze	109.0
1526.0015	4.7569999999998345	epochs															maze_stem	109.0
1526.02375	14.677249999999958	trials	False	True	False	False	True	False	[0.44403717 0.5559628  0.61629301 0.38370705]	-0.17225579917430878	-0.060330167412757874	0.0861278772354126	-0.03016507625579834	0.5559628009796143	[9092 9092 9092 9092 9091]	[9137 9137 9137 9137 9136]		
1530.778	2.8740000000000236	epochs															maze_arm	109.0
1533.6685	7.011999999999944	epochs															feedback_and_iti	109.0
1533.6685	0.9957500000000437	epochs															feedback_delay	109.0
1534.682	1.9714999999998781	epochs															feedback	109.0
1536.68975	3.9907499999999345	epochs															iti	109.0
1540.701	6.627999999999929	epochs															maze	110.0
1540.701	4.2374999999999545	epochs															maze_stem	110.0
1540.72125	13.665499999999838	trials	False	True	False	False	True	False	[0.28152427 0.71847576 0.44748285 0.55251712]	-0.16595861315727234	0.27099287509918213	0.08297932147979736	0.13549643754959106	0.7184757590293884	[9180 9180 9180 9180 9180]	[9219 9219 9219 9219 9218]		
1544.957	2.3719999999998436	epochs															maze_arm	110.0
1547.3465	7.020249999999805	epochs															feedback_and_iti	110.0
1547.3465	0.9877500000000055	epochs															feedback_delay	110.0
1548.35025	1.9845000000000255	epochs															feedback	110.0
1550.3705	3.996249999999918	epochs															iti	110.0
1554.38675	7.983249999999998	epochs															maze	111.0
1554.38675	5.7962500000001	epochs															maze_stem	111.0
1554.40525	13.176500000000033	trials	False	True	False	False	False	True	[0.21915761 0.78084236 0.35731816 0.64268184]	-0.13816054165363312	0.4235242158174515	-0.06908027827739716	-0.21176211535930634	0.2191576063632965	[9262 9262 9262 9262 9262]	[9309 9309 9309 9309 9309]		
1560.20375	2.166249999999991	epochs															maze_arm	111.0
1562.3875	5.173749999999927	epochs															feedback_and_iti	111.0
1562.3875	0.9977499999999964	epochs															feedback_delay	111.0
1563.40125	1.9817500000001473	epochs															feedback	111.0
1565.57575	1.9855000000000018	epochs															iti	111.0
1567.58175	8.946500000000015	epochs															maze	112.0
1567.58175	6.196999999999889	epochs															maze_stem	112.0
1567.602	15.99174999999991	trials	False	True	False	False	True	False	[0.54991919 0.45008078 0.76058501 0.23941499]	-0.21066580712795258	-0.310504212975502	0.10533289611339569	-0.1552521139383316	0.4500807821750641	[9341 9341 9341 9341 9341]	[9394 9394 9394 9394 9393]		
1573.7985	2.7297499999999673	epochs															maze_arm	112.0
1576.5455	7.026250000000118	epochs															feedback_and_iti	112.0
1576.5455	0.9927500000001146	epochs															feedback_delay	112.0
1577.5545	1.9847500000000764	epochs															feedback	112.0
1579.5755	3.9962500000001455	epochs															iti	112.0
1583.59375	6.601000000000113	epochs															maze	113.0
1583.59375	4.68425000000002	epochs															maze_stem	113.0
1583.615	11.76649999999995	trials	False	True	False	False	False	True	[0.36313173 0.6368683  0.50944161 0.49055845]	-0.14630986750125885	0.12742669880390167	-0.07315494120121002	-0.06371332705020905	0.36313173174858093	[9437 9437 9437 9437 9437]	[9476 9476 9476 9476 9475]		
1588.2985	1.896250000000009	epochs															maze_arm	113.0
1590.21	5.151000000000067	epochs															feedback_and_iti	113.0
1590.21	0.9852499999999509	epochs															feedback_delay	113.0
1591.212	1.9852499999999509	epochs															feedback	113.0
1593.371	1.990000000000009	epochs															iti	113.0
1595.3815	8.28300000000013	epochs															maze	114.0
1595.3815	5.334250000000111	epochs															maze_stem	114.0
1595.40175	15.324749999999995	trials	False	True	False	False	True	False	[0.6286602  0.37133983 0.79138803 0.20861194]	-0.16272786259651184	-0.42004823684692383	0.08136394619941711	-0.21002411842346191	0.3713398277759552	[9508 9508 9508 9508 9507]	[9557 9557 9556 9556 9556]		
1600.73625	2.928250000000162	epochs															maze_arm	114.0
1603.68125	7.023999999999887	epochs															feedback_and_iti	114.0
1603.68125	0.9982499999998709	epochs															feedback_delay	114.0
1604.69725	1.9829999999999472	epochs															feedback	114.0
1606.71525	3.990000000000009	epochs															iti	114.0
1610.7265	6.5747499999999945	epochs															maze	115.0
1610.7265	4.910000000000082	epochs															maze_stem	115.0
1610.747	11.770250000000033	trials	False	True	False	False	False	True	[0.37877119 0.62122881 0.5124175  0.4875825 ]	-0.13364630937576294	0.10881131887435913	-0.06682315468788147	-0.054405659437179565	0.37877118587493896	[9600 9600 9600 9600 9599]	[9639 9638 9638 9638 9638]		
1615.65575	1.6455000000000837	epochs															maze_arm	115.0
1617.31825	5.177999999999884	epochs															feedback_and_iti	115.0
1617.31825	0.9914999999998599	epochs															feedback_delay	115.0
1618.32775	1.986750000000029	epochs															feedback	115.0
1620.50375	1.9924999999998363	epochs															iti	115.0
1622.51725	6.425499999999829	epochs															maze	116.0
1622.51725	5.014499999999998	epochs															maze_stem	116.0
1622.53825	11.626250000000027	trials	False	True	False	False	False	True	[0.6603139  0.33968607 0.78592157 0.21407841]	-0.1256076619029045	-0.4462355002760887	-0.06280383467674255	0.22311773896217346	0.6603139042854309	[9671 9671 9670 9670 9670]	[9708 9708 9708 9708 9708]		
1627.551	1.3917500000000018	epochs															maze_arm	116.0
1628.9595	5.177249999999958	epochs															feedback_and_iti	116.0
1628.9595	0.9950000000001182	epochs															feedback_delay	116.0
1629.97225	1.98174999999992	epochs															feedback	116.0
1632.13975	1.9969999999998436	epochs															iti	116.0
1634.1645	7.234499999999798	epochs															maze	117.0
1634.1645	5.587999999999965	epochs															maze_stem	117.0
1634.187	14.276749999999993	trials	False	True	False	True	False	False	[0.77121192 0.22878802 0.87328118 0.12671886]	-0.10206920653581619	-0.6444931104779243	0.051034629344940186	0.3222465515136719	0.8732811808586121	[9741 9740 9740 9740 9740]	[9783 9783 9783 9782 9782]		
1639.77325	1.6257499999999254	epochs															maze_arm	117.0
1641.41425	7.030500000000075	epochs															feedback_and_iti	117.0
1641.41425	0.9859999999998763	epochs															feedback_delay	117.0
1642.41825	1.9915000000000873	epochs															feedback	117.0
1644.44875	3.9960000000000946	epochs															iti	117.0
1648.46375	6.235500000000002	epochs															maze	118.0
1648.46375	4.598000000000184	epochs															maze_stem	118.0
1648.48375	13.284999999999854	trials	False	True	False	True	False	False	[0.67007506 0.32992491 0.69969666 0.30030334]	-0.029621586203575134	-0.36977173388004303	0.014810800552368164	0.18488585948944092	0.6996966600418091	[9826 9826 9826 9826 9826]	[9863 9863 9862 9862 9862]		
1653.08175	1.6174999999998363	epochs															maze_arm	118.0
1654.7175	7.021750000000111	epochs															feedback_and_iti	118.0
1654.7175	0.9927500000001146	epochs															feedback_delay	118.0
1655.72875	1.9822500000000218	epochs															feedback	118.0
1657.74825	3.9909999999999854	epochs															iti	118.0
1661.76875	10.304499999999962	epochs															maze	119.0
1661.76875	4.65949999999998	epochs															maze_stem	119.0
1661.791	15.490500000000111	trials	True	True	False	True	True	True	[0.62841904 0.37158096 0.6720829  0.3279171 ]	-0.043663859367370605	-0.3005019426345825	-0.021831929683685303	-0.15025097131729126	0.32791709899902344	[9906 9906 9906 9906 9905]	[9967 9967 9967 9966 9966]		
1666.4485	5.624749999999949	epochs															maze_arm	119.0
1672.09375	5.167249999999967	epochs															feedback_and_iti	119.0
1672.09375	0.9890000000000327	epochs															feedback_delay	119.0
1673.10375	1.9890000000000327	epochs															feedback	119.0
1675.277	1.9839999999999236	epochs															iti	119.0
1677.2815	9.600999999999885	epochs															maze	120.0
1677.2815	7.074249999999893	epochs															maze_stem	120.0
1677.3015	14.779749999999922	trials	False	True	False	True	True	True	[0.54154527 0.4584547  0.57577252 0.42422754]	-0.03422720730304718	-0.11731778085231781	-0.0171135812997818	-0.05865888297557831	0.4242275357246399	[9999 9999 9999 9999 9998]	[10056 10056 10055 10055 10055]		
1684.37625	2.506249999999909	epochs															maze_arm	120.0
1686.89975	5.161000000000058	epochs															feedback_and_iti	120.0
1686.89975	0.9890000000000327	epochs															feedback_delay	120.0
1687.90525	1.9857500000000528	epochs															feedback	120.0
1690.07775	1.9830000000001746	epochs															iti	120.0
1692.08125	9.305749999999989	epochs															maze	121.0
1692.08125	6.049750000000131	epochs															maze_stem	121.0
1692.101	14.502249999999776	trials	True	True	False	True	True	True	[0.48147589 0.51852417 0.42447469 0.57552528]	0.057001158595085144	0.09404943883419037	0.02850055694580078	0.04702472686767578	0.5755252838134766	[10088 10088 10088 10087 10087]	[10143 10143 10142 10142 10142]		
1698.1505	3.236499999999978	epochs															maze_arm	121.0
1701.40575	5.17775000000006	epochs															feedback_and_iti	121.0
1701.40575	0.9887500000002092	epochs															feedback_delay	121.0
1702.414	1.9880000000000564	epochs															feedback	121.0
1704.5885	1.9949999999998909	epochs															iti	121.0
1706.60325	8.114250000000084	epochs															maze	122.0
1706.60325	6.522000000000162	epochs															maze_stem	122.0
1706.623	13.315249999999878	trials	True	True	False	False	False	True	[0.44100842 0.55899161 0.41504377 0.58495623]	0.025964632630348206	0.14394782483577728	0.0129823237657547	-0.07197390496730804	0.44100841879844666	[10175 10175 10175 10174 10174]	[10223 10222 10222 10222 10222]		
1713.146	1.5715000000000146	epochs															maze_arm	122.0
1714.73825	5.176749999999856	epochs															feedback_and_iti	122.0
1714.73825	0.9864999999999782	epochs															feedback_delay	122.0
1715.746	1.9832499999999982	epochs															feedback	122.0
1717.919	1.9959999999998672	epochs															iti	122.0
1719.93825	9.791750000000093	epochs															maze	123.0
1719.93825	7.599249999999984	epochs															maze_stem	123.0
1719.95925	14.965499999999793	trials	False	True	False	True	True	True	[0.67533153 0.32466847 0.49065644 0.50934356]	0.18467509746551514	-0.16598796844482422	0.09233754873275757	-0.08299398422241211	0.5093435645103455	[10255 10255 10255 10254 10254]	[10313 10312 10312 10312 10312]		
1727.5565	2.1735000000001037	epochs															maze_arm	123.0
1729.74725	5.155250000000024	epochs															feedback_and_iti	123.0
1729.74725	0.9925000000000637	epochs															feedback_delay	123.0
1730.756	1.9764999999999873	epochs															feedback	123.0
1732.91125	1.991249999999809	epochs															iti	123.0
1734.92475	8.042250000000195	epochs															maze	124.0
1734.92475	6.451000000000022	epochs															maze_stem	124.0
1734.948	13.23524999999995	trials	True	True	False	False	False	True	[0.65624171 0.34375831 0.34715849 0.65284157]	0.3090832382440567	-0.003400161862373352	0.15454161167144775	0.0017001032829284668	0.6562417149543762	[10345 10345 10344 10344 10344]	[10392 10392 10392 10391 10391]		
1741.39475	1.5722500000001673	epochs															maze_arm	124.0
1742.9875	5.173999999999978	epochs															feedback_and_iti	124.0
1742.9875	1.0	epochs															feedback_delay	124.0
1744.0065	1.9767500000000382	epochs															feedback	124.0
1746.17	1.99149999999986	epochs															iti	124.0
1748.18325	7.046499999999924	epochs															maze	125.0
1748.18325	5.538999999999987	epochs															maze_stem	125.0
1748.20375	12.23350000000005	trials	False	True	False	False	False	True	[0.75922155 0.2407784  0.39654481 0.60345519]	0.3626767620444298	-0.15576639026403427	0.181338369846344	0.07788318395614624	0.7592215538024902	[10424 10424 10424 10424 10423]	[10466 10465 10465 10465 10465]		
1753.742	1.4877500000000055	epochs															maze_arm	125.0
1755.2475	5.170000000000073	epochs															feedback_and_iti	125.0
1755.2475	0.990500000000111	epochs															feedback_delay	125.0
1756.25475	1.9890000000000327	epochs															feedback	125.0
1758.44375	1.9737500000001091	epochs															iti	125.0
1760.43725	6.909750000000031	epochs															maze	126.0
1760.43725	5.428000000000111	epochs															maze_stem	126.0
1760.456	12.091499999999996	trials	False	True	False	False	False	True	[0.85543203 0.14456794 0.47168368 0.52831632]	0.3837483674287796	-0.3271157294511795	0.1918741762638092	0.16355785727500916	0.8554320335388184	[10498 10498 10497 10497 10497]	[10538 10538 10538 10538 10537]		
1765.885	1.461999999999989	epochs															maze_arm	126.0
1767.363	5.164499999999862	epochs															feedback_and_iti	126.0
1767.363	0.984749999999849	epochs															feedback_delay	126.0
1768.364	1.9974999999999454	epochs															feedback	126.0
1770.5485	1.9789999999998145	epochs															iti	126.0
1772.5475	7.06775000000016	epochs															maze	127.0
1772.5475	5.5900000000001455	epochs															maze_stem	127.0
1772.56775	12.250750000000153	trials	False	True	False	False	False	True	[0.90248597 0.09751399 0.52616739 0.47383264]	0.3763186112046242	-0.42865336686372757	0.1881592869758606	0.2143266797065735	0.9024859666824341	[10570 10570 10570 10570 10570]	[10612 10612 10611 10611 10611]		
1778.15675	1.4584999999999582	epochs															maze_arm	127.0
1779.63225	5.1664999999998145	epochs															feedback_and_iti	127.0
1779.63225	0.9974999999999454	epochs															feedback_delay	127.0
1780.64775	1.977999999999838	epochs															feedback	127.0
1782.81025	1.9884999999999309	epochs															iti	127.0
1784.8185	7.039499999999862	epochs															maze	128.0
1784.8185	5.5102499999998145	epochs															maze_stem	128.0
1784.84175	12.217499999999973	trials	False	True	False	False	False	True	[0.92167068 0.07832935 0.56573617 0.43426383]	0.3559344857931137	-0.4874068349599838	0.17796725034713745	0.2437034249305725	0.92167067527771	[10644 10644 10643 10643 10643]	[10685 10685 10685 10685 10684]		
1790.34925	1.5087499999999636	epochs															maze_arm	128.0
1791.87575	5.16150000000016	epochs															feedback_and_iti	128.0
1791.87575	0.9980000000000473	epochs															feedback_delay	128.0
1792.8915	1.9727500000001328	epochs															feedback	128.0
1795.05025	1.98700000000008	epochs															iti	128.0
1797.05925	9.695500000000038	epochs															maze	129.0
1797.05925	7.341750000000047	epochs															maze_stem	129.0
1797.07925	14.885500000000093	trials	True	True	False	True	True	True	[0.9289602  0.07103977 0.59641367 0.40358633]	0.33254654705524445	-0.5253738909959793	0.16627328097820282	-0.26268695294857025	0.40358632802963257	[10717 10717 10717 10717 10716]	[10774 10774 10774 10774 10774]		
1804.42025	2.334500000000162	epochs															maze_arm	129.0
1806.776	5.170499999999947	epochs															feedback_and_iti	129.0
1806.776	0.9917499999999109	epochs															feedback_delay	129.0
1807.78875	1.9702500000000782	epochs															feedback	129.0
1809.95075	1.9957500000000437	epochs															iti	129.0
1811.96475	7.3937499999999545	epochs															maze	130.0
1811.96475	5.911249999999882	epochs															maze_stem	130.0
1811.98425	12.595250000000078	trials	True	True	False	False	False	True	[0.85079342 0.14920653 0.43356243 0.56643754]	0.4172310009598732	-0.28435588628053665	0.2086154967546463	0.14217792451381683	0.8507934212684631	[10807 10806 10806 10806 10806]	[10850 10850 10850 10849 10849]		
1817.89625	1.46225000000004	epochs															maze_arm	130.0
1819.38175	5.177249999999958	epochs															feedback_and_iti	130.0
1819.38175	0.9939999999999145	epochs															feedback_delay	130.0
1820.39675	1.97524999999996	epochs															feedback	130.0
1822.5775	1.981499999999869	epochs															iti	130.0
1824.5795	9.335749999999962	epochs															maze	131.0
1824.5795	6.213749999999891	epochs															maze_stem	131.0
1824.60075	14.51475000000005	trials	False	True	False	True	True	True	[0.92743951 0.07256049 0.41375649 0.58624351]	0.513683021068573	-0.3411960005760193	0.2568415105342865	-0.17059800028800964	0.5862435102462769	[10882 10882 10882 10882 10881]	[10937 10937 10937 10937 10936]		
1830.81175	3.10349999999994	epochs															maze_arm	131.0
1833.9325	5.164500000000089	epochs															feedback_and_iti	131.0
1833.9325	0.9837500000001	epochs															feedback_delay	131.0
1834.934	1.9835000000000491	epochs															feedback	131.0
1837.102	1.9949999999998909	epochs															iti	131.0
1839.1155	9.879999999999882	epochs															maze	132.0
1839.1155	7.008999999999787	epochs															maze_stem	132.0
1839.1365	15.080500000000029	trials	True	True	False	True	True	True	[0.85861629 0.14138369 0.31735307 0.68264693]	0.5412632301449776	-0.17596936970949173	0.2706316187977791	-0.08798468858003616	0.6826469302177429	[10969 10969 10969 10969 10969]	[11028 11028 11027 11027 11027]		
1846.14425	2.8512499999999363	epochs															maze_arm	132.0
1849.0155	5.179000000000087	epochs															feedback_and_iti	132.0
1849.0155	0.99025000000006	epochs															feedback_delay	132.0
1850.02675	1.986750000000029	epochs															feedback	132.0
1852.1975	1.997000000000071	epochs															iti	132.0
1854.217	8.739749999999958	epochs															maze	133.0
1854.217	5.863999999999805	epochs															maze_stem	133.0
1854.23925	13.933249999999816	trials	True	True	False	True	True	True	[0.84070086 0.15929917 0.33271173 0.66728824]	0.5079891085624695	-0.17341259121894836	0.25399453938007355	-0.08670629560947418	0.6672882437705994	[11060 11060 11060 11059 11059]	[11111 11111 11111 11111 11111]		
1860.101	2.8557499999999436	epochs															maze_arm	133.0
1862.977	5.174249999999802	epochs															feedback_and_iti	133.0
1862.977	0.9922500000000127	epochs															feedback_delay	133.0
1863.99	1.9822500000000218	epochs															feedback	133.0
1866.15125	2.0	epochs															iti	133.0
1868.1725	9.039250000000038	epochs															maze	134.0
1868.1725	5.922500000000127	epochs															maze_stem	134.0
1868.19325	14.206750000000056	trials	False	True	False	True	True	True	[0.81788927 0.18211068 0.33547226 0.66452777]	0.4824170544743538	-0.15336153656244278	0.2412085458636284	-0.07668077200651169	0.6645277738571167	[11144 11143 11143 11143 11143]	[11197 11197 11196 11196 11196]		
1874.114	3.0977499999999054	epochs															maze_arm	134.0
1877.22975	5.149499999999989	epochs															feedback_and_iti	134.0
1877.22975	0.9860000000001037	epochs															feedback_delay	134.0
1878.23375	1.9769999999998618	epochs															feedback	134.0
1880.39575	1.9835000000000491	epochs															iti	134.0
1882.4	9.23174999999992	epochs															maze	135.0
1882.4	7.097749999999905	epochs															maze_stem	135.0
1882.4215	14.433750000000146	trials	True	True	False	True	True	True	[0.83093387 0.16906616 0.29619861 0.70380145]	0.5347352772951126	-0.12713243067264557	0.2673676460981369	-0.063566192984581	0.7038014531135559	[11229 11229 11229 11228 11228]	[11283 11283 11283 11283 11283]		
1889.5155	2.1162500000000364	epochs															maze_arm	135.0
1891.6525	5.178250000000162	epochs															feedback_and_iti	135.0
1891.6525	0.9835000000000491	epochs															feedback_delay	135.0
1892.65625	1.9800000000000182	epochs															feedback	135.0
1894.8295	2.0012500000000273	epochs															iti	135.0
1896.85525	9.736750000000029	epochs															maze	136.0
1896.85525	7.971249999999827	epochs															maze_stem	136.0
1896.87575	16.781750000000102	trials	False	True	False	False	True	False	[0.81380534 0.18619466 0.30517459 0.69482541]	0.5086307525634766	-0.11897993087768555	-0.2543153762817383	-0.05948996543884277	0.18619465827941895	[11316 11315 11315 11315 11315]	[11373 11373 11373 11372 11372]		
1904.847	1.7450000000001182	epochs															maze_arm	136.0
1906.6075	7.029499999999871	epochs															feedback_and_iti	136.0
1906.6075	0.9927499999998872	epochs															feedback_delay	136.0
1907.61675	1.9887499999999818	epochs															feedback	136.0
1909.6435	3.99350000000004	epochs															iti	136.0
1913.6575	5.870249999999942	epochs															maze	137.0
1913.6575	4.469749999999976	epochs															maze_stem	137.0
1913.67775	12.923000000000002	trials	False	True	False	True	False	False	[0.58838058 0.41161945 0.12611264 0.87388736]	0.4622679203748703	0.28550679981708527	-0.23113396763801575	-0.14275339245796204	0.12611263990402222	[11416 11416 11416 11416 11416]	[11451 11450 11450 11450 11450]		
1918.14675	1.3809999999998581	epochs															maze_arm	137.0
1919.54575	7.032500000000027	epochs															feedback_and_iti	137.0
1919.54575	0.9919999999999618	epochs															feedback_delay	137.0
1920.554	1.9907499999999345	epochs															feedback	137.0
1922.5805	3.9977499999999964	epochs															iti	137.0
1926.60075	6.445999999999913	epochs															maze	138.0
1926.60075	4.869249999999965	epochs															maze_stem	138.0
1926.62225	11.615750000000162	trials	False	True	False	False	False	True	[0.66623068 0.33376929 0.28981516 0.71018481]	0.37641552090644836	0.04395413398742676	0.18820776045322418	-0.021977081894874573	0.6662306785583496	[11494 11494 11494 11493 11493]	[11532 11531 11531 11531 11531]		
1931.49	1.5567499999999654	epochs															maze_arm	138.0
1933.0625	5.153250000000071	epochs															feedback_and_iti	138.0
1933.0625	0.9947500000000673	epochs															feedback_delay	138.0
1934.0755	1.9780000000000655	epochs															feedback	138.0
1936.2285	1.987250000000131	epochs															iti	138.0
1938.238	7.9284999999999854	epochs															maze	139.0
1938.238	5.248000000000047	epochs															maze_stem	139.0
1938.259	13.106500000000096	trials	False	True	False	True	True	True	[0.82165396 0.17834604 0.44842201 0.55157793]	0.3732319176197052	-0.2700760066509247	0.1866159439086914	-0.13503801822662354	0.5515779256820679	[11564 11563 11563 11563 11563]	[11610 11610 11610 11610 11609]		
1943.50625	2.660250000000133	epochs															maze_arm	139.0
1946.18325	5.163499999999885	epochs															feedback_and_iti	139.0
1946.18325	0.9849999999999	epochs															feedback_delay	139.0
1947.186	1.9862500000001546	epochs															feedback	139.0
1949.36275	1.9839999999999236	epochs															iti	139.0
1951.3655	9.092249999999922	epochs															maze	140.0
1951.3655	6.670749999999998	epochs															maze_stem	140.0
1951.3855	14.26974999999993	trials	False	True	False	True	True	True	[0.81943846 0.18056156 0.29651874 0.70348126]	0.5229197070002556	-0.11595719307661057	0.2614598497748375	-0.057978592813014984	0.7034812569618225	[11642 11642 11642 11642 11642]	[11696 11696 11696 11695 11695]		
1958.0565	2.4012500000001182	epochs															maze_arm	140.0
1960.4755	5.159249999999929	epochs															feedback_and_iti	140.0
1960.4755	0.9925000000000637	epochs															feedback_delay	140.0
1961.48575	1.97849999999994	epochs															feedback	140.0
1963.6535	1.9812500000000455	epochs															iti	140.0
1965.65525	7.576749999999947	epochs															maze	141.0
1965.65525	5.9532500000000255	epochs															maze_stem	141.0
1965.67625	12.757499999999936	trials	True	True	False	False	False	True	[0.81412578 0.18587421 0.26680189 0.73319817]	0.5473239198327065	-0.08092764765024185	0.27366194128990173	0.04046383500099182	0.8141257762908936	[11728 11728 11728 11727 11727]	[11773 11772 11772 11772 11772]		
1971.63	1.6019999999998618	epochs															maze_arm	141.0
1973.2535	5.157750000000078	epochs															feedback_and_iti	141.0
1973.2535	0.9970000000000709	epochs															feedback_delay	141.0
1974.2725	1.978749999999991	epochs															feedback	141.0
1976.4295	1.9817500000001473	epochs															iti	141.0
1978.43375	7.713750000000118	epochs															maze	142.0
1978.43375	6.278999999999996	epochs															maze_stem	142.0
1978.45625	12.879000000000133	trials	False	True	False	False	False	True	[0.89399034 0.10600963 0.24095176 0.75904822]	0.6530385836958885	-0.13494212180376053	0.32651928812265396	0.06747104972600937	0.8939903378486633	[11805 11804 11804 11804 11804]	[11850 11850 11850 11849 11849]		
1984.7325	1.4149999999999636	epochs															maze_arm	142.0
1986.165	5.149249999999938	epochs															feedback_and_iti	142.0
1986.165	0.9962500000001455	epochs															feedback_delay	142.0
1987.17875	1.9694999999999254	epochs															feedback	142.0
1989.3325	1.98174999999992	epochs															iti	142.0
1991.33525	9.176499999999805	epochs															maze	143.0
1991.33525	6.4757499999998345	epochs															maze_stem	143.0
1991.3555	14.374250000000075	trials	True	True	False	True	True	True	[0.91585737 0.08414257 0.2532554  0.74674463]	0.6626020222902298	-0.16911278665065765	0.3313010334968567	-0.08455640077590942	0.7467446327209473	[11882 11882 11882 11881 11881]	[11936 11936 11936 11936 11935]		
1997.83025	2.6814999999999145	epochs															maze_arm	143.0
2000.5325	5.176500000000033	epochs															feedback_and_iti	143.0
2000.5325	0.9804999999998927	epochs															feedback_delay	143.0
2001.53425	1.9952500000001692	epochs															feedback	143.0
2003.715	1.9940000000001419	epochs															iti	143.0
2005.72975	7.268000000000029	epochs															maze	144.0
2005.72975	5.747499999999945	epochs															maze_stem	144.0
2005.7515	12.446999999999889	trials	False	True	False	False	False	True	[0.8231349  0.17686513 0.29001671 0.70998329]	0.5331181734800339	-0.11315159499645233	0.26655909419059753	0.05657580494880676	0.8231348991394043	[11968 11968 11968 11968 11968]	[12011 12011 12011 12010 12010]		
2011.49725	1.5005000000001019	epochs															maze_arm	144.0
2013.01325	5.158500000000004	epochs															feedback_and_iti	144.0
2013.01325	0.9992500000000746	epochs															feedback_delay	144.0
2014.03025	1.9727499999999054	epochs															feedback	144.0
2016.18275	1.9890000000000327	epochs															iti	144.0
2018.1985	9.331000000000131	epochs															maze	145.0
2018.1985	7.582499999999982	epochs															maze_stem	145.0
2018.22125	14.52624999999989	trials	False	True	False	True	True	True	[0.93249226 0.06750778 0.31005752 0.68994248]	0.6224347166717052	-0.24254975840449333	0.3112173490226269	-0.12127486988902092	0.689942479133606	[12043 12043 12043 12042 12042]	[12098 12098 12098 12097 12097]		
2025.8005	1.7290000000000418	epochs															maze_arm	145.0
2027.54775	5.179499999999962	epochs															feedback_and_iti	145.0
2027.54775	0.9932499999999891	epochs															feedback_delay	145.0
2028.5575	1.9897500000001855	epochs															feedback	145.0
2030.7445	1.9827499999998963	epochs															iti	145.0
2032.7475	8.756000000000085	epochs															maze	146.0
2032.7475	6.842499999999973	epochs															maze_stem	146.0
2032.769	13.943250000000035	trials	True	True	False	True	True	True	[0.87777674 0.12222322 0.25449315 0.74550688]	0.6232836283743382	-0.13226989284157753	0.3116418309509754	-0.06613494828343391	0.7455068826675415	[12130 12130 12130 12130 12130]	[12182 12182 12181 12181 12181]		
2039.6075	1.8959999999999582	epochs															maze_arm	146.0
2041.52525	5.16800000000012	epochs															feedback_and_iti	146.0
2041.52525	0.9797500000001946	epochs															feedback_delay	146.0
2042.52575	1.9952499999999418	epochs															feedback	146.0
2044.70725	1.9860000000001037	epochs															iti	146.0
2046.71225	10.594250000000102	epochs															maze	147.0
2046.71225	8.784000000000106	epochs															maze_stem	147.0
2046.7325	15.76949999999988	trials	False	True	False	True	True	True	[0.85881817 0.14118177 0.26604542 0.73395461]	0.5927727967500687	-0.12486360967159271	0.2963864207267761	-0.06243181228637695	0.7339546084403992	[12214 12214 12214 12213 12213]	[12277 12276 12276 12276 12276]		
2055.515	1.7915000000002692	epochs															maze_arm	147.0
2057.324	5.157999999999902	epochs															feedback_and_iti	147.0
2057.324	0.9842499999999745	epochs															feedback_delay	147.0
2058.32625	1.9919999999997344	epochs															feedback	147.0
2060.504	1.9780000000000655	epochs															iti	147.0
2062.502	6.940000000000055	epochs															maze	148.0
2062.502	5.4090000000001055	epochs															maze_stem	148.0
2062.525	12.127750000000106	trials	True	True	False	False	False	True	[0.85559475 0.1444052  0.23732999 0.76267004]	0.618264801800251	-0.09292475134134293	0.309132382273674	0.046462371945381165	0.8555947542190552	[12309 12309 12308 12308 12308]	[12349 12349 12349 12349 12349]		
2067.93	1.512000000000171	epochs															maze_arm	148.0
2069.46225	5.1664999999998145	epochs															feedback_and_iti	148.0
2069.46225	0.980750000000171	epochs															feedback_delay	148.0
2070.462	1.9929999999999382	epochs															feedback	148.0
2072.6395	1.989249999999629	epochs															iti	148.0
2074.65275	8.97024999999985	epochs															maze	149.0
2074.65275	6.814499999999953	epochs															maze_stem	149.0
2074.67225	14.160499999999956	trials	True	True	False	True	True	True	[0.92661035 0.07338967 0.20508413 0.79491585]	0.7215262018144131	-0.1316944770514965	0.3607630915939808	-0.0658472366631031	0.7949158549308777	[12382 12381 12381 12381 12381]	[12434 12434 12434 12434 12434]		
2081.48675	2.136250000000018	epochs															maze_arm	149.0
2083.64325	5.16924999999992	epochs															feedback_and_iti	149.0
2083.64325	0.9994999999998981	epochs															feedback_delay	149.0
2084.66175	1.975749999999607	epochs															feedback	149.0
2086.815	1.9974999999999454	epochs															iti	149.0
2088.83275	6.694500000000062	epochs															maze	150.0
2088.83275	5.126499999999851	epochs															maze_stem	150.0
2088.85275	11.877500000000055	trials	False	True	False	False	False	True	[0.85736269 0.14263731 0.25404853 0.74595147]	0.6033141613006592	-0.1114112138748169	0.3016570806503296	0.05570560693740845	0.857362687587738	[12467 12466 12466 12466 12466]	[12506 12506 12505 12505 12505]		
2093.97875	1.5484999999998763	epochs															maze_arm	150.0
2095.54475	5.16399999999976	epochs															feedback_and_iti	150.0
2095.54475	0.9854999999997744	epochs															feedback_delay	150.0
2096.54825	1.9940000000001419	epochs															feedback	150.0
2098.725	1.9837499999998727	epochs															iti	150.0
2100.73025	8.586749999999938	epochs															maze	151.0
2100.73025	6.2657500000000255	epochs															maze_stem	151.0
2100.7515	13.769250000000284	trials	False	True	False	True	True	True	[0.94565409 0.05434595 0.25873241 0.74126756]	0.6869216505438089	-0.2043864969164133	0.34346080757677555	-0.10219324566423893	0.7412675619125366	[12538 12538 12537 12537 12537]	[12588 12588 12588 12588 12588]		
2107.01425	2.3027499999998327	epochs															maze_arm	151.0
2109.334	5.163250000000062	epochs															feedback_and_iti	151.0
2109.334	0.9922500000002401	epochs															feedback_delay	151.0
2110.34425	1.9732500000000073	epochs															feedback	151.0
2112.511	1.9862499999999272	epochs															iti	151.0
2114.52075	6.693749999999909	epochs															maze	152.0
2114.52075	5.243249999999989	epochs															maze_stem	152.0
2114.54275	11.86850000000004	trials	False	True	False	False	False	True	[0.88973087 0.11026907 0.22702511 0.77297491]	0.6627058014273643	-0.11675599962472916	0.3313528820872307	0.05837798863649368	0.8897308707237244	[12621 12620 12620 12620 12620]	[12660 12660 12659 12659 12659]		
2119.784	1.4304999999999382	epochs															maze_arm	152.0
2121.23175	5.160499999999956	epochs															feedback_and_iti	152.0
2121.23175	0.9972499999998945	epochs															feedback_delay	152.0
2122.24675	1.9697500000002037	epochs															feedback	152.0
2124.3975	1.99474999999984	epochs															iti	152.0
2126.41125	6.605749999999716	epochs															maze	153.0
2126.41125	5.272750000000087	epochs															maze_stem	153.0
2126.4315	11.802499999999782	trials	False	True	False	False	False	True	[0.95121652 0.04878349 0.23973376 0.76026624]	0.711482759565115	-0.19095027074217796	0.35574138164520264	0.09547513723373413	0.9512165188789368	[12692 12692 12691 12691 12691]	[12731 12730 12730 12730 12730]		
2131.70425	1.312750000000051	epochs															maze_arm	153.0
2133.03425	5.178999999999633	epochs															feedback_and_iti	153.0
2133.03425	0.9904999999998836	epochs															feedback_delay	153.0
2134.04375	1.9845000000000255	epochs															feedback	153.0
2136.231	1.982249999999567	epochs															iti	153.0
2138.234	8.608999999999924	epochs															maze	154.0
2138.234	6.219000000000051	epochs															maze_stem	154.0
2138.2545	13.807749999999942	trials	False	True	False	True	True	True	[0.95350206 0.0464979  0.20941907 0.79058099]	0.7440830357372761	-0.16292111948132515	0.372041542083025	-0.08146055415272713	0.7905809879302979	[12763 12763 12762 12762 12762]	[12813 12813 12813 12813 12813]		
2144.47275	2.370249999999942	epochs															maze_arm	154.0
2146.8595	5.17574999999988	epochs															feedback_and_iti	154.0
2146.8595	0.9854999999997744	epochs															feedback_delay	154.0
2147.8615	1.99474999999984	epochs															feedback	154.0
2150.0495	1.9857499999998254	epochs															iti	154.0
2152.06225	7.073499999999967	epochs															maze	155.0
2152.06225	5.6407500000000255	epochs															maze_stem	155.0
2152.08825	12.256000000000313	trials	False	True	False	False	False	True	[0.89811212 0.10188792 0.2239615  0.77603847]	0.6741505824029446	-0.12207361683249474	0.3370753079652786	0.06103681027889252	0.8981121182441711	[12846 12845 12845 12845 12845]	[12887 12887 12887 12887 12886]		
2157.72375	1.4119999999998072	epochs															maze_arm	155.0
2159.153	5.1710000000002765	epochs															feedback_and_iti	155.0
2159.153	0.9942500000001928	epochs															feedback_delay	155.0
2160.1635	1.9800000000000182	epochs															feedback	155.0
2162.32825	1.9957500000000437	epochs															iti	155.0
2164.34425	6.735749999999825	epochs															maze	156.0
2164.34425	5.19925000000012	epochs															maze_stem	156.0
2164.3625	11.918249999999716	trials	True	True	False	False	False	True	[0.95687789 0.04312203 0.24368431 0.75631565]	0.7131935991346836	-0.2005622573196888	0.35659679025411606	0.10028109699487686	0.9568778872489929	[12919 12919 12919 12919 12918]	[12959 12959 12958 12958 12958]		
2169.56175	1.51825000000008	epochs															maze_arm	156.0
2171.101	5.159249999999702	epochs															feedback_and_iti	156.0
2171.101	0.9974999999999454	epochs															feedback_delay	156.0
2172.11725	1.969000000000051	epochs															feedback	156.0
2174.2875	1.9727499999999054	epochs															iti	156.0
2176.28075	8.364250000000084	epochs															maze	157.0
2176.28075	6.430499999999938	epochs															maze_stem	157.0
2176.30075	13.537000000000262	trials	False	True	False	True	True	True	[0.95269811 0.04730185 0.20397453 0.79602545]	0.7487235944718122	-0.15667266957461834	0.37436180375516415	-0.07833634875714779	0.7960254549980164	[12991 12991 12990 12990 12990]	[13040 13040 13040 13039 13039]		
2182.73125	1.9137500000001637	epochs															maze_arm	157.0
2184.66075	5.156500000000051	epochs															feedback_and_iti	157.0
2184.66075	0.987250000000131	epochs															feedback_delay	157.0
2185.66475	1.9830000000001746	epochs															feedback	157.0
2187.83075	1.9864999999999782	epochs															iti	157.0
2189.83775	10.74474999999984	epochs															maze	158.0
2189.83775	8.872499999999945	epochs															maze_stem	158.0
2189.85825	17.778249999999844	trials	False	True	False	False	True	False	[0.90023059 0.09976939 0.2166429  0.78335714]	0.6835877187550068	-0.11687347665429115	-0.34179387614130974	-0.05843673273921013	0.09976939111948013	[13072 13072 13072 13072 13071]	[13136 13135 13135 13135 13135]		
2198.7315	1.8510000000001128	epochs															maze_arm	158.0
2200.60025	7.010749999999916	epochs															feedback_and_iti	158.0
2200.60025	0.9909999999999854	epochs															feedback_delay	158.0
2201.608	1.97524999999996	epochs															feedback	158.0
2203.619	3.9919999999997344	epochs															iti	158.0
2207.6365	7.76424999999972	epochs															maze	159.0
2207.6365	4.538500000000113	epochs															maze_stem	159.0
2207.6595	12.940499999999702	trials	False	True	False	True	True	True	[0.68259597 0.31740406 0.09647696 0.90352303]	0.5861189886927605	0.22092708200216293	0.29305948317050934	0.11046354472637177	0.9035230278968811	[13179 13179 13178 13178 13178]	[13224 13224 13224 13224 13224]		
2212.195	3.2057499999996253	epochs															maze_arm	159.0
2215.41675	5.163250000000062	epochs															feedback_and_iti	159.0
2215.41675	0.9867500000000291	epochs															feedback_delay	159.0
2216.421	1.9887499999999818	epochs															feedback	159.0
2218.59375	1.9862499999999272	epochs															iti	159.0
2220.6	6.558250000000044	epochs															maze	160.0
2220.6	5.153749999999945	epochs															maze_stem	160.0
2220.618	11.749249999999847	trials	True	True	False	False	False	True	[0.82648021 0.17351976 0.1797636  0.82023644]	0.6467166468501091	-0.006243802607059479	0.32335830479860306	0.003121905028820038	0.8264802098274231	[13257 13256 13256 13256 13256]	[13295 13295 13295 13294 13294]		
2225.77325	1.3849999999997635	epochs															maze_arm	160.0
2227.179	5.168999999999869	epochs															feedback_and_iti	160.0
2227.179	0.9862499999999272	epochs															feedback_delay	160.0
2228.18575	1.9872499999996762	epochs															feedback	160.0
2230.3595	1.9884999999999309	epochs															iti	160.0
2232.36725	6.543750000000273	epochs															maze	161.0
2232.36725	5.082500000000437	epochs															maze_stem	161.0
2232.38775	11.724999999999909	trials	False	True	False	False	False	True	[0.93100959 0.06899037 0.16711995 0.83288008]	0.7638896740972996	-0.09812954440712929	0.38194482028484344	0.049064770340919495	0.9310095906257629	[13327 13327 13327 13326 13326]	[13365 13365 13365 13365 13365]		
2237.46825	1.44275000000016	epochs															maze_arm	161.0
2238.92825	5.162000000000262	epochs															feedback_and_iti	161.0
2238.92825	0.9887499999999818	epochs															feedback_delay	161.0
2239.9355	1.9904999999998836	epochs															feedback	161.0
2242.1	1.9902500000002874	epochs															iti	161.0
2244.11275	6.895750000000135	epochs															maze	162.0
2244.11275	5.370750000000044	epochs															maze_stem	162.0
2244.1345	12.0949999999998	trials	True	True	False	False	False	True	[0.94043726 0.0595628  0.17804183 0.82195812]	0.7623953744769096	-0.11847908049821854	0.3811977133154869	0.05923954397439957	0.9404372572898865	[13398 13397 13397 13397 13397]	[13438 13438 13438 13437 13437]		
2249.5035	1.5050000000001091	epochs															maze_arm	162.0
2251.029	5.179749999999785	epochs															feedback_and_iti	162.0
2251.029	0.9834999999998217	epochs															feedback_delay	162.0
2252.03375	1.99350000000004	epochs															feedback	162.0
2254.22125	1.9874999999997272	epochs															iti	162.0
2256.2295	9.162249999999858	epochs															maze	163.0
2256.2295	6.867999999999938	epochs															maze_stem	163.0
2256.2495	14.34750000000031	trials	False	True	False	True	True	True	[0.93598801 0.06401196 0.17832465 0.82167536]	0.7576633766293526	-0.11431267112493515	0.3788316994905472	-0.057156339287757874	0.8216753602027893	[13470 13470 13470 13470 13469]	[13524 13524 13524 13524 13523]		
2263.11575	2.27599999999984	epochs															maze_arm	163.0
2265.40775	5.167249999999967	epochs															feedback_and_iti	163.0
2265.40775	0.9907499999999345	epochs															feedback_delay	163.0
2266.41475	1.9782500000001164	epochs															feedback	163.0
2268.57975	1.9952499999999418	epochs															iti	163.0
2270.597	9.220749999999953	epochs															maze	164.0
2270.597	6.204749999999876	epochs															maze_stem	164.0
2270.6175	14.401250000000346	trials	False	True	False	True	True	True	[0.86968255 0.13031746 0.21242696 0.78757304]	0.657255582511425	-0.08210950344800949	0.3286277875304222	-0.04105474799871445	0.7875730395317078	[13556 13556 13556 13556 13555]	[13611 13610 13610 13610 13610]		
2276.8205	2.9972500000003492	epochs															maze_arm	164.0
2279.83675	5.162000000000262	epochs															feedback_and_iti	164.0
2279.83675	0.9875000000001819	epochs															feedback_delay	164.0
2280.84225	1.9839999999999236	epochs															feedback	164.0
2283.0115	1.987250000000131	epochs															iti	164.0
2285.01875	8.90774999999985	epochs															maze	165.0
2285.01875	6.012249999999767	epochs															maze_stem	165.0
2285.04075	14.103499999999713	trials	True	True	False	True	True	True	[0.85938448 0.14061557 0.19505577 0.80494422]	0.6643286794424057	-0.05444023013114929	0.33216432482004166	-0.02722010761499405	0.8049442172050476	[13643 13643 13642 13642 13642]	[13695 13695 13695 13695 13694]		
2291.05175	2.874749999999949	epochs															maze_arm	165.0
2293.94725	5.175999999999931	epochs															feedback_and_iti	165.0
2293.94725	0.9887499999999818	epochs															feedback_delay	165.0
2294.9565	1.9895000000001346	epochs															feedback	165.0
2297.13575	1.987500000000182	epochs															iti	165.0
2299.14425	8.732750000000124	epochs															maze	166.0
2299.14425	6.012000000000171	epochs															maze_stem	166.0
2299.163	13.925249999999778	trials	False	True	False	True	True	True	[0.84372193 0.15627813 0.21301056 0.78698945]	0.6307113394141197	-0.056732453405857086	0.31535565853118896	-0.02836620807647705	0.7869894504547119	[13727 13727 13727 13727 13727]	[13779 13779 13778 13778 13778]		
2305.17675	2.700249999999869	epochs															maze_arm	166.0
2307.89575	5.171499999999924	epochs															feedback_and_iti	166.0
2307.89575	0.9890000000000327	epochs															feedback_delay	166.0
2308.90275	1.9919999999997344	epochs															feedback	166.0
2311.083	1.9842499999999745	epochs															iti	166.0
2313.08825	7.076250000000073	epochs															maze	167.0
2313.08825	5.505750000000262	epochs															maze_stem	167.0
2313.1085	12.26825000000008	trials	True	True	False	False	False	True	[0.84126335 0.15873662 0.19001055 0.80998945]	0.6512528210878372	-0.031273916363716125	0.325626403093338	0.015636950731277466	0.8412633538246155	[13811 13811 13811 13810 13810]	[13853 13852 13852 13852 13852]		
2318.61275	1.5517500000000837	epochs															maze_arm	167.0
2320.18525	5.161750000000211	epochs															feedback_and_iti	167.0
2320.18525	0.9904999999998836	epochs															feedback_delay	167.0
2321.196	1.9729999999999563	epochs															feedback	167.0
2323.34525	2.0017500000003565	epochs															iti	167.0
2325.37675	7.351500000000215	epochs															maze	168.0
2325.37675	5.804500000000189	epochs															maze_stem	168.0
2325.3985	12.539000000000215	trials	False	True	False	False	False	True	[0.92264873 0.07735122 0.16088167 0.8391183 ]	0.7617670707404613	-0.08353043720126152	0.3808835297822952	0.04176519811153412	0.9226487278938293	[13885 13885 13884 13884 13884]	[13928 13928 13927 13927 13927]		
2331.201	1.5272500000000946	epochs															maze_arm	168.0
2332.7455	5.1717499999999745	epochs															feedback_and_iti	168.0
2332.7455	0.9922499999997854	epochs															feedback_delay	168.0
2333.75575	1.9902500000002874	epochs															feedback	168.0
2335.935	1.9822500000000218	epochs															iti	168.0
2337.9375	10.94925000000012	epochs															maze	169.0
2337.9375	7.018500000000131	epochs															maze_stem	169.0
2337.95875	16.124750000000404	trials	True	True	False	True	True	True	[0.9363898  0.06361019 0.1747663  0.8252337 ]	0.7616235055029392	-0.11115610972046852	0.38081175461411476	-0.05557805672287941	0.8252336978912354	[13960 13960 13960 13959 13959]	[14025 14025 14024 14024 14024]		
2344.97625	3.9104999999999563	epochs															maze_arm	169.0
2348.90725	5.155249999999796	epochs															feedback_and_iti	169.0
2348.90725	0.9989999999997963	epochs															feedback_delay	169.0
2349.927	1.9612499999998363	epochs															feedback	169.0
2352.0795	1.9830000000001746	epochs															iti	169.0
2354.0835	6.540999999999713	epochs															maze	170.0
2354.0835	5.104499999999916	epochs															maze_stem	170.0
2354.10425	11.714249999999993	trials	False	True	False	False	False	True	[0.84999788 0.15000212 0.2280549  0.77194506]	0.6219429597258568	-0.07805279642343521	0.3109714910387993	0.03902638703584671	0.849997878074646	[14057 14057 14056 14056 14056]	[14095 14095 14095 14094 14094]		
2359.20875	1.4157500000001164	epochs															maze_arm	170.0
2360.6415	5.157749999999851	epochs															feedback_and_iti	170.0
2360.6415	0.9984999999996944	epochs															feedback_delay	170.0
2361.65775	1.968499999999949	epochs															feedback	170.0
2363.80925	1.9900000000002365	epochs															iti	170.0
2365.8185	6.571000000000367	epochs															maze	171.0
2365.8185	5.217250000000149	epochs															maze_stem	171.0
2365.8385	11.751999999999953	trials	False	True	False	False	False	True	[0.94303232 0.05696766 0.24060217 0.75939786]	0.7024301812052727	-0.18363448232412338	0.35121507942676544	0.09181724488735199	0.9430323243141174	[14127 14127 14127 14127 14126]	[14166 14165 14165 14165 14165]		
2371.056	1.3335000000001855	epochs															maze_arm	171.0
2372.407	5.163250000000062	epochs															feedback_and_iti	171.0
2372.407	0.9832499999997708	epochs															feedback_delay	171.0
2373.408	1.98174999999992	epochs															feedback	171.0
2375.5755	1.9947500000002947	epochs															iti	171.0
2377.5905	6.459000000000287	epochs															maze	172.0
2377.5905	4.967750000000251	epochs															maze_stem	172.0
2377.61075	11.642250000000331	trials	False	True	False	False	False	True	[0.94835877 0.05164118 0.21323156 0.7867685 ]	0.7351272646337748	-0.16159033216536045	0.3675636053085327	0.08079516887664795	0.9483587741851807	[14198 14198 14197 14197 14197]	[14236 14235 14235 14235 14235]		
2382.578	1.4715000000001055	epochs															maze_arm	172.0
2384.06575	5.166749999999865	epochs															feedback_and_iti	172.0
2384.06575	0.9862499999999272	epochs															feedback_delay	172.0
2385.0685	1.9965000000001965	epochs															feedback	172.0
2387.24725	1.9852500000001783	epochs															iti	172.0
2389.253	6.535249999999905	epochs															maze	173.0
2389.253	5.008499999999913	epochs															maze_stem	173.0
2389.27175	11.719500000000153	trials	False	True	False	False	False	True	[0.9519465  0.04805348 0.21769972 0.78230035]	0.7342468220740557	-0.16964619047939777	0.36712338775396347	0.0848231092095375	0.951946496963501	[14268 14267 14267 14267 14267]	[14306 14306 14306 14305 14305]		
2394.282	1.506249999999909	epochs															maze_arm	173.0
2395.80525	5.1652500000000146	epochs															feedback_and_iti	173.0
2395.80525	0.9915000000000873	epochs															feedback_delay	173.0
2396.813	1.98700000000008	epochs															feedback	173.0
2398.99825	1.9722499999998035	epochs															iti	173.0
2400.99125	6.466249999999945	epochs															maze	174.0
2400.99125	4.909499999999753	epochs															maze_stem	174.0
2401.0115	11.647249999999985	trials	False	True	False	False	False	True	[0.9517898  0.04821024 0.22739941 0.77260059]	0.7243903707712889	-0.1791891884058714	0.3621951937675476	0.08959460258483887	0.9517897963523865	[14338 14338 14338 14337 14337]	[14376 14376 14375 14375 14375]		
2405.92	1.537499999999909	epochs															maze_arm	174.0
2407.47325	5.1652500000000146	epochs															feedback_and_iti	174.0
2407.47325	0.9989999999997963	epochs															feedback_delay	174.0
2408.49	1.967750000000251	epochs															feedback	174.0
2410.646	1.9924999999998363	epochs															iti	174.0
2412.65875	6.408750000000055	epochs															maze	175.0
2412.65875	5.013249999999971	epochs															maze_stem	175.0
2412.67825	11.604499999999916	trials	True	True	False	False	False	True	[0.9502719  0.04972812 0.24250278 0.75749719]	0.7077690996229649	-0.1927746869623661	0.3538845628499985	0.0963873416185379	0.9502719044685364	[14408 14408 14408 14407 14407]	[14445 14445 14445 14445 14445]		
2417.6915	1.3760000000002037	epochs															maze_arm	175.0
2419.08925	5.167500000000018	epochs															feedback_and_iti	175.0
2419.08925	0.9977499999999964	epochs															feedback_delay	175.0
2420.108	1.9729999999999563	epochs															feedback	175.0
2422.26575	1.9909999999999854	epochs															iti	175.0
2424.28275	8.943500000000313	epochs															maze	176.0
2424.28275	5.9587500000002365	epochs															maze_stem	176.0
2424.30725	14.133000000000266	trials	False	True	False	True	True	True	[0.94205976 0.05794023 0.24342762 0.75657237]	0.6986321359872818	-0.18548738956451416	0.3493160679936409	-0.09274370223283768	0.7565723657608032	[14478 14477 14477 14477 14477]	[14530 14530 14530 14530 14530]		
2430.2615	2.9647500000000946	epochs															maze_arm	176.0
2433.244	5.176249999999982	epochs															feedback_and_iti	176.0
2433.244	0.9872499999996762	epochs															feedback_delay	176.0
2434.249	1.9892500000000837	epochs															feedback	176.0
2436.437	1.9832500000002256	epochs															iti	176.0
2438.44025	7.531999999999698	epochs															maze	177.0
2438.44025	5.7824999999998	epochs															maze_stem	177.0
2438.4605	12.716499999999996	trials	True	True	False	False	False	True	[0.86462134 0.13537866 0.24401209 0.75598788]	0.620609238743782	-0.10863344371318817	0.3103046268224716	0.05431671440601349	0.8646213412284851	[14563 14562 14562 14562 14562]	[14607 14607 14606 14606 14606]		
2444.242	1.7302499999996144	epochs															maze_arm	177.0
2445.99275	5.163000000000011	epochs															feedback_and_iti	177.0
2445.99275	0.9877500000002328	epochs															feedback_delay	177.0
2447.004	1.97400000000016	epochs															feedback	177.0
2449.16175	1.9939999999996871	epochs															iti	177.0
2451.177	15.829499999999825	epochs															maze	178.0
2451.177	13.875499999999647	epochs															maze_stem	178.0
2451.198	22.87875000000031	trials	False	True	False	False	True	False	[0.93370819 0.06629186 0.21695894 0.78304106]	0.7167492248117924	-0.15066710487008095	-0.35837459936738014	-0.07533353939652443	0.06629186123609543	[14639 14639 14639 14638 14638]	[14733 14733 14732 14732 14732]		
2465.07075	1.9357500000000982	epochs															maze_arm	178.0
2467.022	7.032250000000204	epochs															feedback_and_iti	178.0
2467.022	0.9830000000001746	epochs															feedback_delay	178.0
2468.02475	1.9967499999997926	epochs															feedback	178.0
2470.06275	3.9915000000000873	epochs															iti	178.0
2474.07675	6.461249999999836	epochs															maze	179.0
2474.07675	4.6720000000000255	epochs															maze_stem	179.0
2474.097	13.5024999999996	trials	False	True	False	True	False	False	[0.74296552 0.25703451 0.16709784 0.83290219]	0.5758676826953888	0.08993667364120483	-0.2879338413476944	-0.04496832191944122	0.16709783673286438	[14776 14776 14776 14776 14775]	[14814 14814 14814 14813 14813]		
2478.767	1.7710000000001855	epochs															maze_arm	179.0
2480.555	7.0222499999999854	epochs															feedback_and_iti	179.0
2480.555	0.9915000000000873	epochs															feedback_delay	179.0
2481.5625	1.98174999999992	epochs															feedback	179.0
2483.5805	3.9967499999997926	epochs															iti	179.0
2487.5995	7.272500000000036	epochs															maze	180.0
2487.5995	4.6527500000001965	epochs															maze_stem	180.0
2487.6185	12.459249999999884	trials	False	True	False	True	True	True	[0.61050302 0.38949704 0.23375422 0.76624578]	0.3767487704753876	0.1557427942752838	0.1883743703365326	0.0778714120388031	0.7662457823753357	[14857 14857 14857 14857 14856]	[14900 14900 14900 14899 14899]		
2492.27025	2.601749999999811	epochs															maze_arm	180.0
2494.88975	5.166250000000218	epochs															feedback_and_iti	180.0
2494.88975	0.9920000000001892	epochs															feedback_delay	180.0
2495.89975	1.9827500000001237	epochs															feedback	180.0
2498.06375	1.99225000000024	epochs															iti	180.0
2500.07775	8.92574999999988	epochs															maze	181.0
2500.07775	6.7784999999998945	epochs															maze_stem	181.0
2500.09775	14.097999999999956	trials	False	True	False	True	True	True	[0.63158292 0.36841708 0.26224995 0.73775011]	0.3693329989910126	0.10616716742515564	0.18466651439666748	0.053083598613739014	0.7377501130104065	[14932 14932 14932 14932 14931]	[14985 14984 14984 14984 14984]		
2506.87575	2.1277499999996508	epochs															maze_arm	181.0
2509.01925	5.155250000000251	epochs															feedback_and_iti	181.0
2509.01925	0.9945000000002437	epochs															feedback_delay	181.0
2510.0315	1.9729999999999563	epochs															feedback	181.0
2512.18325	1.9912500000000364	epochs															iti	181.0
2514.19575	10.248250000000098	epochs															maze	182.0
2514.19575	7.689000000000306	epochs															maze_stem	182.0
2514.2165	15.443249999999807	trials	False	True	False	True	True	True	[0.62377727 0.37622267 0.2157805  0.7842195 ]	0.40799680352211	0.16044220328330994	0.2039984166622162	0.08022108674049377	0.78421950340271	[15017 15017 15016 15016 15016]	[15077 15077 15077 15077 15076]		
2521.90575	2.538250000000062	epochs															maze_arm	182.0
2524.4595	5.179250000000138	epochs															feedback_and_iti	182.0
2524.4595	0.9867500000000291	epochs															feedback_delay	182.0
2525.4655	1.9909999999999854	epochs															feedback	182.0
2527.6485	1.9902500000002874	epochs															iti	182.0
2529.65975	9.563000000000102	epochs															maze	183.0
2529.65975	7.135750000000371	epochs															maze_stem	183.0
2529.68	14.738000000000284	trials	False	True	False	True	True	True	[0.60628176 0.39371827 0.19450964 0.80549037]	0.41177210956811905	0.19920862466096878	0.20588605105876923	0.09960432350635529	0.8054903745651245	[15109 15109 15109 15109 15109]	[15166 15166 15165 15165 15165]		
2536.814	2.4087500000000546	epochs															maze_arm	183.0
2539.23975	5.159249999999702	epochs															feedback_and_iti	183.0
2539.23975	0.9867500000000291	epochs															feedback_delay	183.0
2540.24425	1.993249999999989	epochs															feedback	183.0
2542.41325	1.9857499999998254	epochs															iti	183.0
2544.418	7.70174999999972	epochs															maze	184.0
2544.418	6.21349999999984	epochs															maze_stem	184.0
2544.43825	12.885249999999814	trials	False	True	False	False	False	True	[0.59207034 0.40792969 0.18228057 0.81771946]	0.4097897708415985	0.22564911842346191	0.20489488542079926	-0.11282454431056976	0.5920703411102295	[15198 15198 15198 15197 15197]	[15243 15243 15243 15243 15242]		
2550.65125	1.468499999999949	epochs															maze_arm	184.0
2552.13775	5.16675000000032	epochs															feedback_and_iti	184.0
2552.13775	0.9892500000000837	epochs															feedback_delay	184.0
2553.1455	1.9847500000000764	epochs															feedback	184.0
2555.31525	1.9892500000000837	epochs															iti	184.0
2557.3235	9.323750000000018	epochs															maze	185.0
2557.3235	7.03125	epochs															maze_stem	185.0
2557.3435	14.497749999999996	trials	False	True	False	True	True	True	[0.78780621 0.21219374 0.24760929 0.75239074]	0.5401969626545906	-0.03541550785303116	0.2700984999537468	-0.017707757651805878	0.7523907423019409	[15275 15275 15275 15275 15275]	[15330 15330 15330 15330 15329]		
2564.3755	2.2717499999998836	epochs															maze_arm	185.0
2566.663	5.155749999999898	epochs															feedback_and_iti	185.0
2566.663	0.9859999999998763	epochs															feedback_delay	185.0
2567.6655	1.9825000000000728	epochs															feedback	185.0
2569.827	1.9917499999996835	epochs															iti	185.0
2571.84125	10.11075000000028	epochs															maze	186.0
2571.84125	8.33075000000008	epochs															maze_stem	186.0
2571.86325	15.284000000000106	trials	False	True	False	True	True	True	[0.73919106 0.26080897 0.19390115 0.80609882]	0.5452898740768433	0.06690779328346252	0.27264492213726044	0.03345389664173126	0.8060988187789917	[15362 15362 15362 15362 15362]	[15422 15422 15422 15421 15421]		
2580.19175	1.7602500000002692	epochs															maze_arm	186.0
2581.968	5.1590000000001055	epochs															feedback_and_iti	186.0
2581.968	0.9945000000002437	epochs															feedback_delay	186.0
2582.981	1.9747499999998581	epochs															feedback	186.0
2585.152	1.974999999999909	epochs															iti	186.0
2587.14725	9.224499999999807	epochs															maze	187.0
2587.14725	6.30475000000024	epochs															maze_stem	187.0
2587.166	14.4074999999998	trials	False	True	False	True	True	True	[0.71918041 0.28081959 0.17959838 0.82040161]	0.5395820215344429	0.10122121125459671	0.26979100704193115	0.05061060190200806	0.8204016089439392	[15454 15454 15454 15454 15453]	[15508 15508 15508 15508 15508]		
2593.47075	2.90099999999984	epochs															maze_arm	187.0
2596.389	5.164999999999964	epochs															feedback_and_iti	187.0
2596.389	0.9912500000000364	epochs															feedback_delay	187.0
2597.40125	1.9772499999999127	epochs															feedback	187.0
2599.56075	1.993249999999989	epochs															iti	187.0
2601.5735	10.863749999999982	epochs															maze	188.0
2601.5735	9.277000000000044	epochs															maze_stem	188.0
2601.5935	16.046749999999975	trials	False	True	False	True	True	True	[0.70707613 0.29292381 0.17029549 0.82970452]	0.5367806777358055	0.122628353536129	0.26839035749435425	0.061314165592193604	0.8297045230865479	[15541 15540 15540 15540 15540]	[15605 15605 15604 15604 15604]		
2610.8685	1.568749999999909	epochs															maze_arm	188.0
2612.45725	5.162000000000262	epochs															feedback_and_iti	188.0
2612.45725	0.9917500000001382	epochs															feedback_delay	188.0
2613.466	1.97400000000016	epochs															feedback	188.0
2615.63625	1.9830000000001746	epochs															iti	188.0
2617.64025	13.089500000000044	epochs															maze	189.0
2617.64025	11.379750000000058	epochs															maze_stem	189.0
2617.6605	20.13025000000016	trials	False	True	False	False	True	False	[0.6964041  0.30359587 0.16376868 0.83623135]	0.5326354503631592	0.13982722163200378	-0.2663177400827408	0.06991361081600189	0.3035958707332611	[15637 15637 15637 15636 15636]	[15714 15714 15714 15714 15714]		
2629.04	1.6897500000000036	epochs															maze_arm	189.0
2630.74675	7.023750000000291	epochs															feedback_and_iti	189.0
2630.74675	0.9912500000000364	epochs															feedback_delay	189.0
2631.75675	1.9822500000000218	epochs															feedback	189.0
2633.7845	3.9859999999998763	epochs															iti	189.0
2637.79075	7.232749999999669	epochs															maze	190.0
2637.79075	5.319250000000011	epochs															maze_stem	190.0
2637.8115	12.420250000000124	trials	True	True	False	False	False	True	[0.44816571 0.55183429 0.06916636 0.9308337 ]	0.37899938225746155	0.4826679527759552	0.18949967622756958	-0.2413339614868164	0.4481657147407532	[15758 15758 15757 15757 15757]	[15800 15800 15800 15800 15799]		
2643.12925	1.894249999999829	epochs															maze_arm	190.0
2645.04425	5.166749999999865	epochs															feedback_and_iti	190.0
2645.04425	0.9880000000002838	epochs															feedback_delay	190.0
2646.05325	1.9904999999998836	epochs															feedback	190.0
2648.22825	1.982749999999669	epochs															iti	190.0
2650.23175	6.478500000000167	epochs															maze	191.0
2650.23175	5.170250000000124	epochs															maze_stem	191.0
2650.253	11.653999999999996	trials	False	True	False	False	False	True	[0.67719257 0.32280743 0.22372928 0.77627069]	0.45346327126026154	0.09907813370227814	0.22673164308071136	-0.049539074301719666	0.6771925687789917	[15832 15832 15832 15832 15832]	[15870 15870 15870 15870 15869]		
2655.41975	1.2905000000000655	epochs															maze_arm	191.0
2656.72575	5.160750000000007	epochs															feedback_and_iti	191.0
2656.72575	0.9977499999999964	epochs															feedback_delay	191.0
2657.74175	1.9780000000000655	epochs															feedback	191.0
2659.9055	1.981000000000222	epochs															iti	191.0
2661.907	9.46349999999984	epochs															maze	192.0
2661.907	7.657999999999902	epochs															maze_stem	192.0
2661.927	14.655249999999796	trials	False	True	False	True	True	True	[0.85837746 0.14162253 0.28352332 0.71647668]	0.5748541429638863	-0.14190078526735306	0.28742707520723343	-0.07095039635896683	0.7164766788482666	[15902 15902 15902 15902 15902]	[15958 15958 15958 15958 15957]		
2669.58525	1.7852499999999054	epochs															maze_arm	192.0
2671.3875	5.17325000000028	epochs															feedback_and_iti	192.0
2671.3875	0.9877500000002328	epochs															feedback_delay	192.0
2672.393	1.9825000000000728	epochs															feedback	192.0
2674.563	1.9977499999999964	epochs															iti	192.0
2676.58225	7.47524999999996	epochs															maze	193.0
2676.58225	5.699750000000222	epochs															maze_stem	193.0
2676.60175	12.669000000000324	trials	True	True	False	False	False	True	[0.77595419 0.22404575 0.21027896 0.78972101]	0.5656752437353134	0.013766810297966003	0.2828376144170761	-0.0068834275007247925	0.7759541869163513	[15990 15990 15990 15990 15990]	[16034 16034 16034 16034 16033]		
2682.302	1.7554999999997563	epochs															maze_arm	193.0
2684.07825	5.173999999999978	epochs															feedback_and_iti	193.0
2684.07825	0.9852500000001783	epochs															feedback_delay	193.0
2685.08425	1.9890000000000327	epochs															feedback	193.0
2687.267	1.9852500000001783	epochs															iti	193.0
2689.27075	10.153499999999894	epochs															maze	194.0
2689.27075	7.73299999999972	epochs															maze_stem	194.0
2689.29025	15.341750000000047	trials	True	True	False	True	True	True	[0.87579584 0.12420419 0.19255111 0.80744892]	0.6832447350025177	-0.06834691762924194	0.34162236750125885	-0.03417344391345978	0.8074489235877991	[16066 16066 16066 16066 16066]	[16126 16126 16126 16126 16126]		
2697.02125	2.4030000000002474	epochs															maze_arm	194.0
2699.445	5.166999999999916	epochs															feedback_and_iti	194.0
2699.445	0.9869999999996253	epochs															feedback_delay	194.0
2700.4525	1.9835000000002765	epochs															feedback	194.0
2702.6245	1.987500000000182	epochs															iti	194.0
2704.632	8.909499999999753	epochs															maze	195.0
2704.632	6.450249999999869	epochs															maze_stem	195.0
2704.65225	14.08999999999969	trials	False	True	False	True	True	True	[0.78127658 0.2187234  0.22528918 0.77471089]	0.5559874475002289	-0.0065657347440719604	0.27799374610185623	-0.0032828524708747864	0.7747108936309814	[16158 16158 16158 16158 16158]	[16211 16211 16211 16210 16210]		
2711.10225	2.4392499999999018	epochs															maze_arm	195.0
2713.55975	5.161750000000211	epochs															feedback_and_iti	195.0
2713.55975	0.9912500000000364	epochs															feedback_delay	195.0
2714.56725	1.9857499999998254	epochs															feedback	195.0
2716.729	1.992500000000291	epochs															iti	195.0
2718.74225	10.381250000000364	epochs															maze	196.0
2718.74225	8.623250000000098	epochs															maze_stem	196.0
2718.76275	15.560750000000098	trials	False	True	False	True	True	True	[0.7658813  0.23411873 0.19466862 0.80533141]	0.5712126791477203	0.039450109004974365	0.28560633957386017	0.019725069403648376	0.8053314089775085	[16243 16243 16243 16242 16242]	[16304 16304 16304 16304 16304]		
2727.38575	1.7377500000002328	epochs															maze_arm	196.0
2729.14075	5.163000000000011	epochs															feedback_and_iti	196.0
2729.14075	0.9884999999999309	epochs															feedback_delay	196.0
2730.14725	1.987500000000182	epochs															feedback	196.0
2732.314	1.9897500000001855	epochs															iti	196.0
2734.3235	6.846750000000156	epochs															maze	197.0
2734.3235	5.341750000000047	epochs															maze_stem	197.0
2734.34875	12.028999999999996	trials	False	True	False	False	False	True	[0.76350445 0.23649555 0.18164845 0.81835151]	0.5818559750914574	0.05484708398580551	0.2909279987215996	-0.02742355316877365	0.7635044455528259	[16336 16336 16336 16336 16336]	[16377 16376 16376 16376 16376]		
2739.68525	1.4850000000001273	epochs															maze_arm	197.0
2741.1875	5.169750000000022	epochs															feedback_and_iti	197.0
2741.1875	0.987999999999829	epochs															feedback_delay	197.0
2742.1935	1.9830000000001746	epochs															feedback	197.0
2744.373	1.9842499999999745	epochs															iti	197.0
2746.37775	8.704499999999825	epochs															maze	198.0
2746.37775	6.467749999999796	epochs															maze_stem	198.0
2746.398	13.890249999999924	trials	False	True	False	True	True	True	[0.89809126 0.10190871 0.21857063 0.78142935]	0.6795206293463707	-0.1166619136929512	0.33976031839847565	-0.0583309680223465	0.7814293503761292	[16409 16409 16408 16408 16408]	[16460 16460 16460 16459 16459]		
2752.86525	2.2170000000000982	epochs															maze_arm	198.0
2755.0995	5.167750000000069	epochs															feedback_and_iti	198.0
2755.0995	0.9847500000000764	epochs															feedback_delay	198.0
2756.102	1.9909999999999854	epochs															feedback	198.0
2758.271	1.9962499999996908	epochs															iti	198.0
2760.28825	9.395500000000084	epochs															maze	199.0
2760.28825	7.47524999999996	epochs															maze_stem	199.0
2760.3085	14.58874999999989	trials	False	True	False	True	True	True	[0.82811189 0.17188811 0.1867265  0.81327349]	0.6413853839039803	-0.014838390052318573	0.32069268822669983	-0.007419198751449585	0.8132734894752502	[16492 16492 16492 16492 16491]	[16548 16547 16547 16547 16547]		
2767.78425	1.899499999999989	epochs															maze_arm	199.0
2769.7015	5.17450000000008	epochs															feedback_and_iti	199.0
2769.7015	0.9987499999997453	epochs															feedback_delay	199.0
2770.717	1.9837499999998727	epochs															feedback	199.0
2772.8935	1.9825000000000728	epochs															iti	199.0
2774.89725	7.24350000000004	epochs															maze	200.0
2774.89725	5.941499999999905	epochs															maze_stem	200.0
2774.92	12.420250000000124	trials	False	True	False	False	False	True	[0.81034505 0.18965496 0.16988796 0.8301121 ]	0.6404571160674095	0.019767023622989655	0.32022854685783386	-0.009883493185043335	0.8103450536727905	[16580 16580 16579 16579 16579]	[16622 16622 16622 16622 16621]		
2780.859	1.2817500000001019	epochs															maze_arm	200.0
2782.159	5.160750000000007	epochs															feedback_and_iti	200.0
2782.159	0.9832499999997708	epochs															feedback_delay	200.0
2783.16125	1.9927499999998872	epochs															feedback	200.0
2785.3445	1.97524999999996	epochs															iti	200.0
2787.34025	9.802749999999833	epochs															maze	201.0
2787.34025	7.44399999999996	epochs															maze_stem	201.0
2787.36	15.005249999999705	trials	True	True	False	True	True	True	[0.92188597 0.07811411 0.19491963 0.80508035]	0.7269662916660309	-0.11680556833744049	0.36348312348127365	-0.05840276926755905	0.8050803542137146	[16654 16654 16654 16654 16654]	[16712 16712 16712 16712 16711]		
2794.8035	2.3395000000000437	epochs															maze_arm	201.0
2797.164	5.181249999999636	epochs															feedback_and_iti	201.0
2797.164	0.9849999999996726	epochs															feedback_delay	201.0
2798.1685	1.9939999999996871	epochs															feedback	201.0
2800.35175	1.99350000000004	epochs															iti	201.0
2802.36525	9.872000000000298	epochs															maze	202.0
2802.36525	7.063250000000153	epochs															maze_stem	202.0
2802.385	15.089249999999993	trials	True	True	False	True	True	True	[0.83356375 0.16643625 0.2049935  0.79500651]	0.6285702511668205	-0.03855723887681961	0.31428512930870056	-0.019278615713119507	0.795006513595581	[16744 16744 16744 16744 16744]	[16803 16802 16802 16802 16802]		
2809.4485	2.7887500000001637	epochs															maze_arm	202.0
2812.258	5.195250000000215	epochs															feedback_and_iti	202.0
2812.258	0.992500000000291	epochs															feedback_delay	202.0
2813.26975	1.9850000000001273	epochs															feedback	202.0
2815.4455	2.0077500000002146	epochs															iti	202.0
2817.47425	9.014749999999822	epochs															maze	203.0
2817.47425	6.691749999999956	epochs															maze_stem	203.0
2817.49675	14.207499999999982	trials	False	True	False	True	True	True	[0.80454826 0.19545178 0.20133546 0.79866451]	0.6032127663493156	-0.00588371604681015	0.30160636454820633	-0.0029418542981147766	0.7986645102500916	[16835 16835 16835 16834 16834]	[16888 16888 16888 16888 16887]		
2824.18625	2.3027499999998327	epochs															maze_arm	203.0
2826.50575	5.1784999999999854	epochs															feedback_and_iti	203.0
2826.50575	0.999000000000251	epochs															feedback_delay	203.0
2827.52125	1.9785000000001673	epochs															feedback	203.0
2829.69625	1.987999999999829	epochs															iti	203.0
2831.70425	9.996500000000196	epochs															maze	204.0
2831.70425	7.319750000000113	epochs															maze_stem	204.0
2831.7225	15.182000000000244	trials	True	True	False	True	True	True	[0.82337838 0.1766216  0.18135376 0.81864619]	0.6420246064662933	-0.004732176661491394	0.32101229578256607	-0.002366103231906891	0.8186461925506592	[16920 16920 16920 16920 16920]	[16979 16979 16979 16979 16979]		
2839.04475	2.655999999999949	epochs															maze_arm	204.0
2841.721	5.163500000000113	epochs															feedback_and_iti	204.0
2841.721	0.9940000000001419	epochs															feedback_delay	204.0
2842.73625	1.9800000000000182	epochs															feedback	204.0
2844.9005	1.9839999999999236	epochs															iti	204.0
2846.9045	7.744999999999891	epochs															maze	205.0
2846.9045	6.226249999999709	epochs															maze_stem	205.0
2846.9225	12.916249999999764	trials	True	True	False	False	False	True	[0.81614965 0.18385038 0.19487932 0.80512071]	0.6212703287601471	-0.011028945446014404	0.31063516438007355	0.005514487624168396	0.8161496520042419	[17011 17011 17011 17011 17011]	[17057 17057 17057 17056 17056]		
2853.1505	1.4989999999997963	epochs															maze_arm	205.0
2854.66875	5.150250000000142	epochs															feedback_and_iti	205.0
2854.66875	0.9890000000000327	epochs															feedback_delay	205.0
2855.67825	1.9702499999998508	epochs															feedback	205.0
2857.82525	1.993750000000091	epochs															iti	205.0
2859.83875	9.432749999999942	epochs															maze	206.0
2859.83875	7.64325000000008	epochs															maze_stem	206.0
2859.85825	14.615999999999985	trials	True	True	False	True	True	True	[0.92017531 0.07982469 0.15510316 0.84489685]	0.7650721557438374	-0.07527846470475197	0.3825360797345638	-0.037639226764440536	0.8448968529701233	[17089 17089 17089 17088 17088]	[17145 17144 17144 17144 17144]		
2867.5055	1.7659999999996217	epochs															maze_arm	206.0
2869.292	5.161750000000211	epochs															feedback_and_iti	206.0
2869.292	0.9909999999999854	epochs															feedback_delay	206.0
2870.3035	1.97524999999996	epochs															feedback	206.0
2872.46275	1.9909999999999854	epochs															iti	206.0
2874.47425	7.6037499999997635	epochs															maze	207.0
2874.47425	6.11974999999984	epochs															maze_stem	207.0
2874.49575	12.784999999999854	trials	False	True	False	False	False	True	[0.83676946 0.16323057 0.20125669 0.79874331]	0.6355127543210983	-0.03802613914012909	0.31775638461112976	0.01901307702064514	0.8367694616317749	[17177 17177 17176 17176 17176]	[17221 17221 17221 17221 17221]		
2880.61425	1.4637499999998909	epochs															maze_arm	207.0
2882.09575	5.161250000000109	epochs															feedback_and_iti	207.0
2882.09575	0.9909999999999854	epochs															feedback_delay	207.0
2883.1055	1.9847500000000764	epochs															feedback	207.0
2885.26875	1.98824999999988	epochs															iti	207.0
2887.28075	10.51700000000028	epochs															maze	208.0
2887.28075	8.836999999999989	epochs															maze_stem	208.0
2887.3035	15.685750000000098	trials	False	True	False	True	True	True	[0.93522954 0.06477043 0.2042869  0.79571313]	0.7309426665306091	-0.1395164430141449	0.36547134816646576	-0.06975822150707245	0.7957131266593933	[17254 17253 17253 17253 17253]	[17316 17315 17315 17315 17315]		
2896.13775	1.6600000000003092	epochs															maze_arm	208.0
2897.81425	5.1534999999998945	epochs															feedback_and_iti	208.0
2897.81425	0.9884999999999309	epochs															feedback_delay	208.0
2898.81925	1.9854999999997744	epochs															feedback	208.0
2900.98575	1.981999999999971	epochs															iti	208.0
2902.98925	7.368750000000091	epochs															maze	209.0
2902.98925	5.741500000000087	epochs															maze_stem	209.0
2903.00975	12.549749999999676	trials	False	True	False	False	False	True	[0.87030643 0.12969351 0.18468191 0.81531811]	0.6856245622038841	-0.05498836189508438	0.34281226247549057	0.027494169771671295	0.8703064322471619	[17348 17347 17347 17347 17347]	[17391 17391 17391 17390 17390]		
2908.75125	1.6067500000003747	epochs															maze_arm	209.0
2910.37425	5.1655000000000655	epochs															feedback_and_iti	209.0
2910.37425	0.9895000000001346	epochs															feedback_delay	209.0
2911.39	1.981999999999971	epochs															feedback	209.0
2913.56	1.9797499999999673	epochs															iti	209.0
2915.5595	11.180749999999989	epochs															maze	210.0
2915.5595	8.151749999999993	epochs															maze_stem	210.0
2915.5795	16.361499999999978	trials	True	True	False	True	True	True	[0.94334716 0.05665283 0.19679925 0.80320078]	0.7465479280799627	-0.14014639519155025	0.3732739742845297	-0.07007319293916225	0.8032007813453674	[17423 17423 17423 17422 17422]	[17489 17489 17489 17489 17488]		
2923.7315	3.0087499999999636	epochs															maze_arm	210.0
2926.7605	5.159500000000207	epochs															feedback_and_iti	210.0
2926.7605	0.9977499999999964	epochs															feedback_delay	210.0
2927.777	1.981249999999818	epochs															feedback	210.0
2929.934	1.9859999999998763	epochs															iti	210.0
2931.941	6.093250000000353	epochs															maze	211.0
2931.941	4.777250000000095	epochs															maze_stem	211.0
2931.96075	11.2837499999996	trials	False	True	False	False	False	True	[0.87006444 0.12993556 0.20927575 0.79072422]	0.6607886701822281	-0.07934020459651947	0.33039434254169464	0.03967009484767914	0.8700644373893738	[17521 17521 17521 17521 17520]	[17557 17557 17556 17556 17556]		
2936.7395	1.2947500000000218	epochs															maze_arm	211.0
2938.052	5.1717499999999745	epochs															feedback_and_iti	211.0
2938.052	0.9989999999997963	epochs															feedback_delay	211.0
2939.0675	1.9784999999997126	epochs															feedback	211.0
2941.2385	1.9852500000001783	epochs															iti	211.0
2943.2445	8.559250000000247	epochs															maze	212.0
2943.2445	6.792500000000018	epochs															maze_stem	212.0
2943.26475	13.727250000000367	trials	False	True	False	True	True	True	[0.94667828 0.05332172 0.20698221 0.7930178 ]	0.7396960780024529	-0.15366048365831375	0.3698480427265167	-0.07683023810386658	0.7930178046226501	[17589 17589 17589 17588 17588]	[17639 17639 17639 17639 17639]		
2950.0575	1.7462500000001455	epochs															maze_arm	212.0
2951.8195	5.152000000000044	epochs															feedback_and_iti	212.0
2951.8195	0.9912500000000364	epochs															feedback_delay	212.0
2952.82675	1.9857499999998254	epochs															feedback	212.0
2954.99675	1.9747500000003129	epochs															iti	212.0
2956.992	8.958749999999782	epochs															maze	213.0
2956.992	7.0012499999998	epochs															maze_stem	213.0
2957.012	14.134000000000015	trials	True	True	False	True	True	True	[0.8869102  0.11308972 0.18399391 0.81600612]	0.7029163502156734	-0.07090413197875023	0.35145820304751396	-0.03545207902789116	0.8160061240196228	[17671 17671 17671 17671 17671]	[17724 17724 17724 17724 17723]		
2964.01375	1.9369999999998981	epochs															maze_arm	213.0
2965.96975	5.155499999999847	epochs															feedback_and_iti	213.0
2965.96975	0.9854999999997744	epochs															feedback_delay	213.0
2966.9755	1.9769999999998618	epochs															feedback	213.0
2969.1535	1.9717500000001564	epochs															iti	213.0
2971.146	7.5349999999998545	epochs															maze	214.0
2971.146	5.97649999999976	epochs															maze_stem	214.0
2971.1665	12.738749999999982	trials	True	True	False	False	False	True	[0.86912215 0.13087782 0.19423127 0.80576867]	0.674890860915184	-0.06335346400737762	0.3374454379081726	0.03167670965194702	0.8691221475601196	[17756 17756 17756 17756 17756]	[17801 17800 17800 17800 17800]		
2977.14225	1.5387500000001637	epochs															maze_arm	214.0
2978.7015	5.182749999999942	epochs															feedback_and_iti	214.0
2978.7015	0.9909999999999854	epochs															feedback_delay	214.0
2979.713	1.97649999999976	epochs															feedback	214.0
2981.8875	1.9967500000002474	epochs															iti	214.0
2983.90525	6.367500000000291	epochs															maze	215.0
2983.90525	5.048750000000382	epochs															maze_stem	215.0
2983.92425	11.552499999999782	trials	False	True	False	False	False	True	[0.94239831 0.05760161 0.15855989 0.84144014]	0.783838476985693	-0.10095822438597679	0.39191921055316925	0.05047909915447235	0.9423983097076416	[17833 17833 17832 17832 17832]	[17870 17870 17870 17869 17869]		
2988.9725	1.3002500000002328	epochs															maze_arm	215.0
2990.28975	5.167750000000069	epochs															feedback_and_iti	215.0
2990.28975	0.9842499999999745	epochs															feedback_delay	215.0
2991.2915	1.9909999999999854	epochs															feedback	215.0
2993.4695	1.987999999999829	epochs															iti	215.0
2995.47675	9.81625000000031	epochs															maze	216.0
2995.47675	8.016500000000178	epochs															maze_stem	216.0
2995.49675	14.990500000000338	trials	False	True	False	True	True	True	[0.94981831 0.05018174 0.1579529  0.8420471 ]	0.7918653823435307	-0.10777119174599648	0.3959326781332493	-0.05388558283448219	0.8420470952987671	[17902 17902 17902 17902 17901]	[17960 17960 17960 17959 17959]		
3003.51325	1.7797500000001492	epochs															maze_arm	216.0
3005.31025	5.155249999999796	epochs															feedback_and_iti	216.0
3005.31025	0.9952499999999418	epochs															feedback_delay	216.0
3006.3215	1.9787499999997635	epochs															feedback	216.0
3008.494	1.9714999999996508	epochs															iti	216.0
3010.48725	9.07049999999981	epochs															maze	217.0
3010.48725	6.20049999999992	epochs															maze_stem	217.0
3010.509	14.257000000000062	trials	False	True	False	True	True	True	[0.88389593 0.11610406 0.18422803 0.815772  ]	0.6996679194271564	-0.0681239552795887	0.34983396902680397	-0.0340619720518589	0.8157719969749451	[17992 17992 17992 17992 17991]	[18046 18045 18045 18045 18045]		
3016.70825	2.849499999999807	epochs															maze_arm	217.0
3019.5735	5.171499999999924	epochs															feedback_and_iti	217.0
3019.5735	0.9947499999998399	epochs															feedback_delay	217.0
3020.58725	1.9787499999997635	epochs															feedback	217.0
3022.77125	1.9737500000001091	epochs															iti	217.0
3024.766	9.771499999999833	epochs															maze	218.0
3024.766	7.621749999999793	epochs															maze_stem	218.0
3024.7865	14.976999999999862	trials	True	True	False	True	True	True	[0.87575936 0.12424063 0.17447913 0.82552087]	0.701280239969492	-0.05023849382996559	0.35064012184739113	-0.025119248777627945	0.8255208730697632	[18078 18078 18077 18077 18077]	[18135 18135 18135 18135 18135]		
3032.40775	2.129750000000058	epochs															maze_arm	218.0
3034.5595	5.182500000000346	epochs															feedback_and_iti	218.0
3034.5595	0.9974999999999454	epochs															feedback_delay	218.0
3035.577	1.981999999999971	epochs															feedback	218.0
3037.74575	1.9962500000001455	epochs															iti	218.0
3039.7635	7.083999999999833	epochs															maze	219.0
3039.7635	5.387749999999869	epochs															maze_stem	219.0
3039.7855	12.297750000000178	trials	False	True	False	False	False	True	[0.86481011 0.13518986 0.19452548 0.80547452]	0.6702846437692642	-0.059335604310035706	0.3351423144340515	0.029667794704437256	0.8648101091384888	[18168 18167 18167 18167 18167]	[18209 18209 18209 18209 18208]		
3045.17075	1.676749999999629	epochs															maze_arm	219.0
3046.8655	5.189000000000306	epochs															feedback_and_iti	219.0
3046.8655	0.98700000000008	epochs															feedback_delay	219.0
3047.87	1.992500000000291	epochs															feedback	219.0
3050.05625	1.9982500000000982	epochs															iti	219.0
3052.08325	6.224249999999756	epochs															maze	220.0
3052.08325	4.925999999999931	epochs															maze_stem	220.0
3052.1055	11.42049999999972	trials	False	True	False	False	False	True	[0.94654101 0.05345901 0.19484814 0.80515182]	0.7516928408294916	-0.14138915576040745	0.3758464381098747	0.07069457322359085	0.9465410113334656	[18242 18241 18241 18241 18241]	[18251 18251 18251 18251 18251]		
3057.03	1.2774999999996908	epochs															maze_arm	220.0
3058.3235	5.183250000000044	epochs															feedback_and_iti	220.0
3058.3235	0.9842499999999745	epochs															feedback_delay	220.0
3059.325	1.9947500000002947	epochs															feedback	220.0
3061.509	1.9977499999999964	epochs															iti	220.0
3063.526	9.796500000000378	epochs															maze	221.0
3063.526	7.919750000000022	epochs															maze_stem	221.0
3063.5475	15.017499999999927	trials	False	True	False	True	True	True	[0.95039368 0.04960633 0.16612151 0.83387852]	0.7842721771448851	-0.11651517264544964	0.39213609509170055	-0.05825757794082165	0.8338785171508789	[-2147483648 -2147483648 -2147483648 -2147483648 -2147483648]	[-2147483648 -2147483648 -2147483648 -2147483648 -2147483648]		
3071.46625	1.8562500000002728	epochs															maze_arm	221.0
3073.34	5.204499999999825	epochs															feedback_and_iti	221.0
3073.34	0.9899999999997817	epochs															feedback_delay	221.0
3074.35	1.9877500000002328	epochs															feedback	221.0
3076.52875	2.0157500000000255	epochs															iti	221.0
3078.565	6.6349999999997635	epochs															maze	222.0
3078.565	5.311499999999796	epochs															maze_stem	222.0
3078.58575	11.818749999999909	trials	False	True	False	False	False	True	[0.89173561 0.10826435 0.18955588 0.81044412]	0.7021797485649586	-0.08129151538014412	0.35108986496925354	0.040645748376846313	0.8917356133460999	[18252 18252 18252 18252 18252]	[18264 18264 18264 18264 18263]		
3083.89675	1.3032499999999345	epochs															maze_arm	222.0
3085.21575	5.167750000000069	epochs															feedback_and_iti	222.0
3085.21575	0.9825000000000728	epochs															feedback_delay	222.0
3086.21675	1.9922499999997854	epochs															feedback	222.0
3088.40475	1.9787499999997635	epochs															iti	222.0
3090.4045	8.135249999999814	epochs															maze	223.0
3090.4045	5.448249999999916	epochs															maze_stem	223.0
3090.424	13.312750000000051	trials	False	True	False	True	True	True	[0.95362955 0.04637047 0.20462239 0.79537767]	0.7490071840584278	-0.15825190022587776	0.37450360134243965	-0.07912592962384224	0.7953776717185974	[18296 18296 18296 18296 18296]	[18344 18344 18344 18344 18343]		
3095.87175	2.66800000000012	epochs															maze_arm	223.0
3098.559	5.156499999999596	epochs															feedback_and_iti	223.0
3098.559	0.9952499999999418	epochs															feedback_delay	223.0
3099.57075	1.9712500000000546	epochs															feedback	223.0
3101.71925	1.9962499999996908	epochs															iti	223.0
3103.73675	6.8472499999998035	epochs															maze	224.0
3103.73675	5.315749999999753	epochs															maze_stem	224.0
3103.758	12.027750000000196	trials	False	True	False	False	False	True	[0.89585513 0.10414493 0.18833794 0.81166208]	0.7075171694159508	-0.08419302850961685	0.3537585958838463	0.04209653288125992	0.8958551287651062	[18376 18376 18376 18376 18375]	[18416 18416 18416 18416 18416]		
3109.071	1.51299999999992	epochs															maze_arm	224.0
3110.6015	5.163499999999658	epochs															feedback_and_iti	224.0
3110.6015	0.9969999999998436	epochs															feedback_delay	224.0
3111.61675	1.9717499999997017	epochs															feedback	224.0
3113.78175	1.9832499999997708	epochs															iti	224.0
3115.78575	6.051750000000084	epochs															maze	225.0
3115.78575	4.529500000000098	epochs															maze_stem	225.0
3115.806	11.235999999999876	trials	False	True	False	False	False	True	[0.95408064 0.04591932 0.20024274 0.79975724]	0.7538379114121199	-0.1543234121054411	0.3769189491868019	0.07716169208288193	0.9540806412696838	[18448 18448 18448 18448 18448]	[18484 18484 18483 18483 18483]		
3120.3355	1.5019999999999527	epochs															maze_arm	225.0
3121.85525	5.1662499999997635	epochs															feedback_and_iti	225.0
3121.85525	0.994499999999789	epochs															feedback_delay	225.0
3122.866	1.9792499999998654	epochs															feedback	225.0
3125.02525	1.9962499999996908	epochs															iti	225.0
3127.042	6.522500000000036	epochs															maze	226.0
3127.042	5.113749999999982	epochs															maze_stem	226.0
3127.06325	11.716499999999996	trials	False	True	False	False	False	True	[0.95626867 0.04373135 0.1734335  0.82656652]	0.7828351706266403	-0.1297021508216858	0.39141758531332016	0.06485108286142349	0.9562686681747437	[18516 18516 18516 18515 18515]	[18554 18554 18554 18554 18553]		
3132.17475	1.3897499999998217	epochs															maze_arm	226.0
3133.58025	5.179250000000138	epochs															feedback_and_iti	226.0
3133.58025	0.9897500000001855	epochs															feedback_delay	226.0
3134.588	1.9842499999999745	epochs															feedback	226.0
3136.77325	1.9862499999999272	epochs															iti	226.0
3138.77975	6.204499999999825	epochs															maze	227.0
3138.77975	4.829749999999876	epochs															maze_stem	227.0
3138.8005	13.242500000000291	trials	False	True	False	True	False	False	[0.96011126 0.0398888  0.18854401 0.81145597]	0.7715672105550766	-0.1486552506685257	-0.3857836276292801	0.07432763278484344	0.18854400515556335	[18586 18586 18586 18586 18586]	[18623 18622 18622 18622 18622]		
3143.62825	1.3559999999997672	epochs															maze_arm	227.0
3145.0045	7.012749999999869	epochs															feedback_and_iti	227.0
3145.0045	0.9892500000000837	epochs															feedback_delay	227.0
3146.01175	1.981249999999818	epochs															feedback	227.0
3148.0405	3.976749999999811	epochs															iti	227.0
3152.043	17.13824999999997	epochs															maze	228.0
3152.043	15.02099999999973	epochs															maze_stem	228.0
3152.064	22.318750000000364	trials	False	True	False	False	False	True	[0.83232176 0.16767821 0.24319763 0.75680238]	0.5891241505742073	-0.07551940530538559	0.29456206411123276	0.037759698927402496	0.8323217630386353	[18666 18666 18665 18665 18665]	[18768 18767 18767 18767 18767]		
3167.0835	2.0977499999999054	epochs															maze_arm	228.0
3169.1985	5.163500000000113	epochs															feedback_and_iti	228.0
3169.1985	0.993750000000091	epochs															feedback_delay	228.0
3170.21025	1.9850000000001273	epochs															feedback	228.0
3172.37475	1.987250000000131	epochs															iti	228.0
3174.38275	7.315499999999702	epochs															maze	229.0
3174.38275	5.199249999999665	epochs															maze_stem	229.0
3174.40275	14.35024999999996	trials	True	True	False	True	False	False	[0.92549866 0.07450133 0.34848541 0.65151459]	0.5770132578909397	-0.27398407831788063	-0.2885066270828247	0.13699203729629517	0.34848541021347046	[18800 18800 18799 18799 18799]	[18843 18843 18842 18842 18842]		
3179.60125	2.0969999999997526	epochs															maze_arm	229.0
3181.7185	7.0145000000002256	epochs															feedback_and_iti	229.0
3181.7185	0.9940000000001419	epochs															feedback_delay	229.0
3182.7335	1.9727500000003602	epochs															feedback	229.0
3184.742	3.9909999999999854	epochs															iti	229.0
3188.753	8.653249999999844	epochs															maze	230.0
3188.753	6.650249999999687	epochs															maze_stem	230.0
3188.77175	15.697000000000116	trials	False	True	False	False	True	False	[0.78663641 0.21336357 0.29116154 0.70883846]	0.4954748824238777	-0.07779795676469803	-0.24773744493722916	-0.03889898210763931	0.21336357295513153	[18886 18886 18886 18885 18885]	[18937 18937 18936 18936 18936]		
3195.42175	1.9845000000000255	epochs															maze_arm	230.0
3197.422	7.026249999999891	epochs															feedback_and_iti	230.0
3197.422	0.9842499999999745	epochs															feedback_delay	230.0
3198.42275	1.9982499999996435	epochs															feedback	230.0
3200.45825	3.9899999999997817	epochs															iti	230.0
3204.46875	7.351000000000113	epochs															maze	231.0
3204.46875	5.347749999999905	epochs															maze_stem	231.0
3204.4885	12.526499999999942	trials	True	True	False	False	False	True	[0.58113766 0.41886234 0.22557245 0.77442747]	0.3555651679635048	0.1932898536324501	0.1777826026082039	-0.09664494544267654	0.5811376571655273	[18980 18980 18980 18980 18979]	[19023 19023 19023 19023 19023]		
3209.836	1.9837500000003274	epochs															maze_arm	231.0
3211.8435	5.150750000000244	epochs															feedback_and_iti	231.0
3211.8435	0.9987500000002001	epochs															feedback_delay	231.0
3212.8635	1.9587500000002365	epochs															feedback	231.0
3215.01475	1.979500000000371	epochs															iti	231.0
3217.015	10.482500000000073	epochs															maze	232.0
3217.015	5.3592499999999745	epochs															maze_stem	232.0
3217.035	15.684500000000298	trials	True	True	False	True	True	True	[0.90295666 0.09704337 0.44663769 0.55336237]	0.456318985670805	-0.3495943062007427	0.22815949842333794	-0.17479712888598442	0.5533623695373535	[19055 19055 19055 19055 19055]	[19117 19117 19117 19117 19116]		
3222.396	5.10149999999976	epochs															maze_arm	232.0
3227.51875	5.179999999999836	epochs															feedback_and_iti	232.0
3227.51875	0.9967499999997926	epochs															feedback_delay	232.0
3228.536	1.9829999999997199	epochs															feedback	232.0
3230.722	1.9767499999998108	epochs															iti	232.0
3232.7195	6.552749999999833	epochs															maze	233.0
3232.7195	5.224499999999807	epochs															maze_stem	233.0
3232.74	11.737750000000233	trials	False	True	False	False	False	True	[0.8752684  0.12473161 0.32801747 0.67198253]	0.5472509227693081	-0.20328586921095848	0.2736254632472992	0.10164293646812439	0.8752683997154236	[19150 19149 19149 19149 19149]	[19188 19188 19187 19187 19187]		
3237.96375	1.3085000000000946	epochs															maze_arm	233.0
3239.2895	5.168750000000273	epochs															feedback_and_iti	233.0
3239.2895	0.992750000000342	epochs															feedback_delay	233.0
3240.3	1.987749999999778	epochs															feedback	233.0
3242.46725	1.9909999999999854	epochs															iti	233.0
3244.47775	8.465000000000146	epochs															maze	234.0
3244.47775	5.940750000000207	epochs															maze_stem	234.0
3244.49825	13.651749999999993	trials	False	True	False	True	True	True	[0.94712591 0.0528741  0.38081601 0.61918396]	0.5663098804652691	-0.3279419355094433	0.2831549309194088	-0.1639709733426571	0.6191839575767517	[19220 19220 19220 19219 19219]	[19270 19270 19269 19269 19269]		
3250.4395	2.5032500000002074	epochs															maze_arm	234.0
3252.9615	5.168250000000171	epochs															feedback_and_iti	234.0
3252.9615	0.9942500000001928	epochs															feedback_delay	234.0
3253.97275	1.9732500000000073	epochs															feedback	234.0
3256.13275	1.9969999999998436	epochs															iti	234.0
3258.15	6.61974999999984	epochs															maze	235.0
3258.15	5.309999999999945	epochs															maze_stem	235.0
3258.17075	11.814499999999953	trials	False	True	False	False	False	True	[0.88790286 0.1120971  0.26582378 0.73417622]	0.6220790967345238	-0.15372665971517563	0.311039537191391	0.07686331868171692	0.8879028558731079	[19302 19302 19302 19301 19301]	[19341 19341 19340 19340 19340]		
3263.4785	1.2912499999997635	epochs															maze_arm	235.0
3264.787	5.168250000000171	epochs															feedback_and_iti	235.0
3264.787	0.9892500000000837	epochs															feedback_delay	235.0
3265.7945	1.9837499999998727	epochs															feedback	235.0
3267.9595	1.9957500000000437	epochs															iti	235.0
3269.98525	6.507249999999658	epochs															maze	236.0
3269.98525	5.3774999999996	epochs															maze_stem	236.0
3270.01125	11.690250000000106	trials	False	True	False	False	False	True	[0.95347041 0.04652959 0.30947244 0.69052756]	0.6439979691058397	-0.26294285245239735	0.3219989836215973	0.1314714252948761	0.9534704089164734	[19373 19373 19373 19372 19372]	[19411 19411 19411 19410 19410]		
3275.3825	1.1099999999996726	epochs															maze_arm	236.0
3276.51025	5.169499999999971	epochs															feedback_and_iti	236.0
3276.51025	0.9895000000001346	epochs															feedback_delay	236.0
3277.5195	1.9857500000002801	epochs															feedback	236.0
3279.69725	1.982499999999618	epochs															iti	236.0
3281.7015	9.374499999999898	epochs															maze	237.0
3281.7015	7.70174999999972	epochs															maze_stem	237.0
3281.724	14.544750000000022	trials	False	True	False	True	True	True	[0.95918256 0.04081746 0.27743182 0.72256815]	0.6817507185041904	-0.2366143800318241	0.3408753462135792	-0.1183071918785572	0.722568154335022	[19443 19443 19443 19443 19442]	[19498 19498 19498 19498 19498]		
3289.4215	1.6545000000000982	epochs															maze_arm	237.0
3291.09375	5.153249999999844	epochs															feedback_and_iti	237.0
3291.09375	0.9825000000000728	epochs															feedback_delay	237.0
3292.095	1.986000000000331	epochs															feedback	237.0
3294.2665	1.9804999999996653	epochs															iti	237.0
3296.26875	7.094749999999749	epochs															maze	238.0
3296.26875	5.527749999999742	epochs															maze_stem	238.0
3296.2905	12.286749999999756	trials	True	True	False	False	False	True	[0.89874053 0.10125945 0.24565206 0.75434786]	0.6530884392559528	-0.14439264312386513	0.32654423266649246	0.07219629734754562	0.8987405300140381	[19531 19530 19530 19530 19530]	[19572 19572 19572 19572 19571]		
3301.81625	1.5472500000000764	epochs															maze_arm	238.0
3303.385	5.173499999999876	epochs															feedback_and_iti	238.0
3303.385	0.981499999999869	epochs															feedback_delay	238.0
3304.38725	1.989249999999629	epochs															feedback	238.0
3306.56775	1.9907499999999345	epochs															iti	238.0
3308.57725	6.4705000000003565	epochs															maze	239.0
3308.57725	5.22275000000036	epochs															maze_stem	239.0
3308.59725	11.669750000000022	trials	False	True	False	False	False	True	[0.94924468 0.05075528 0.21046251 0.78953743]	0.7387821581214666	-0.15970723889768124	0.3693910837173462	0.0798535943031311	0.9492446780204773	[19604 19604 19604 19604 19604]	[19642 19642 19642 19642 19641]		
3313.8205	1.2272500000003674	epochs															maze_arm	239.0
3315.066	5.179500000000189	epochs															feedback_and_iti	239.0
3315.066	0.9895000000001346	epochs															feedback_delay	239.0
3316.07175	1.9924999999998363	epochs															feedback	239.0
3318.25675	1.9887499999999818	epochs															iti	239.0
3320.267	6.248500000000149	epochs															maze	240.0
3320.267	4.903500000000349	epochs															maze_stem	240.0
3320.28925	11.44925000000012	trials	True	True	False	False	False	True	[0.95558536 0.04441465 0.21343306 0.78656697]	0.7421523109078407	-0.16901839524507523	0.37107615172863007	0.08450920879840851	0.9555853605270386	[19674 19674 19674 19674 19674]	[19711 19711 19711 19710 19710]		
3325.1895	1.3260000000000218	epochs															maze_arm	240.0
3326.5365	5.177499999999782	epochs															feedback_and_iti	240.0
3326.5365	0.9852499999997235	epochs															feedback_delay	240.0
3327.5425	1.9850000000001273	epochs															feedback	240.0
3329.722	1.9919999999997344	epochs															iti	240.0
3331.7385	9.855000000000018	epochs															maze	241.0
3331.7385	8.21225000000004	epochs															maze_stem	241.0
3331.7615	15.037499999999909	trials	False	True	False	True	True	True	[0.95067251 0.04932746 0.21523862 0.78476137]	0.7354339007288218	-0.1659111473709345	0.36771695502102375	-0.08295558579266071	0.784761369228363	[19743 19743 19743 19743 19742]	[19801 19801 19801 19801 19801]		
3339.97025	1.6232500000000982	epochs															maze_arm	241.0
3341.611	5.167500000000018	epochs															feedback_and_iti	241.0
3341.611	0.9967500000002474	epochs															feedback_delay	241.0
3342.62375	1.9809999999997672	epochs															feedback	241.0
3344.7855	1.9929999999999382	epochs															iti	241.0
3346.799	8.82400000000007	epochs															maze	242.0
3346.799	5.871000000000095	epochs															maze_stem	242.0
3346.82	14.011499999999614	trials	False	True	False	True	True	True	[0.88600588 0.11399413 0.22760746 0.77239257]	0.6583984307944775	-0.1136133186519146	0.3291992209851742	-0.05680665001273155	0.7723925709724426	[19833 19833 19833 19833 19833]	[19885 19885 19885 19885 19885]		
3352.69075	2.93224999999984	epochs															maze_arm	242.0
3355.6415	5.171499999999924	epochs															feedback_and_iti	242.0
3355.6415	0.9914999999996326	epochs															feedback_delay	242.0
3356.652	1.987500000000182	epochs															feedback	242.0
3358.8265	1.9864999999999782	epochs															iti	242.0
3360.8315	12.006500000000415	epochs															maze	243.0
3360.8315	9.058250000000044	epochs															maze_stem	243.0
3360.85125	17.18899999999985	trials	True	True	False	True	True	True	[0.87585199 0.12414799 0.20714381 0.79285622]	0.6687082014977932	-0.08299579843878746	0.33435411378741264	-0.04149789735674858	0.7928562164306641	[19918 19917 19917 19917 19917]	[19989 19988 19988 19988 19988]		
3369.90925	2.9287500000000364	epochs															maze_arm	243.0
3372.85925	5.160249999999905	epochs															feedback_and_iti	243.0
3372.85925	0.999000000000251	epochs															feedback_delay	243.0
3373.87725	1.9697500000002037	epochs															feedback	243.0
3376.03675	1.982749999999669	epochs															iti	243.0
3378.04025	6.529250000000047	epochs															maze	244.0
3378.04025	5.06899999999996	epochs															maze_stem	244.0
3378.0605	11.708250000000135	trials	False	True	False	False	False	True	[0.86466563 0.13533442 0.22571413 0.77428591]	0.6389514952898026	-0.09037971496582031	0.3194757476449013	0.04518987983465195	0.8646656274795532	[20021 20021 20020 20020 20020]	[20059 20059 20059 20058 20058]		
3383.1275	1.4420000000000073	epochs															maze_arm	244.0
3384.58675	5.159500000000207	epochs															feedback_and_iti	244.0
3384.58675	0.9960000000000946	epochs															feedback_delay	244.0
3385.6005	1.9797499999999673	epochs															feedback	244.0
3387.7695	1.9767500000002656	epochs															iti	244.0
3389.76875	6.637499999999818	epochs															maze	245.0
3389.76875	5.244249999999738	epochs															maze_stem	245.0
3389.79275	11.817000000000007	trials	False	True	False	False	False	True	[0.94835985 0.05164011 0.23034957 0.76965046]	0.7180103119462729	-0.17870942316949368	0.3590051382780075	0.08935470879077911	0.9483598470687866	[20091 20091 20091 20090 20090]	[20130 20130 20130 20129 20129]		
3395.03125	1.375	epochs															maze_arm	245.0
3396.42175	5.163250000000062	epochs															feedback_and_iti	245.0
3396.42175	0.9965000000001965	epochs															feedback_delay	245.0
3397.4365	1.97400000000016	epochs															feedback	245.0
3399.585	2.0	epochs															iti	245.0
3401.60975	7.078750000000127	epochs															maze	246.0
3401.60975	5.626999999999953	epochs															maze_stem	246.0
3401.6325	12.263249999999971	trials	False	True	False	False	False	True	[0.95138478 0.04861522 0.1988678  0.8011322 ]	0.7525169812142849	-0.1502525769174099	0.3762584924697876	0.0751262903213501	0.9513847827911377	[20162 20162 20162 20161 20161]	[20204 20203 20203 20203 20203]		
3407.257	1.4315000000001419	epochs															maze_arm	246.0
3408.70575	5.169499999999971	epochs															feedback_and_iti	246.0
3408.70575	0.9980000000000473	epochs															feedback_delay	246.0
3409.7205	1.9855000000002292	epochs															feedback	246.0
3411.8805	1.99474999999984	epochs															iti	246.0
3413.89575	9.33974999999964	epochs															maze	247.0
3413.89575	6.942250000000058	epochs															maze_stem	247.0
3413.91575	14.534000000000106	trials	True	True	False	True	True	True	[0.95534831 0.04465163 0.20813738 0.79186267]	0.7472109850496054	-0.1634856965392828	0.3736055176705122	-0.08174285106360912	0.7918626666069031	[20236 20236 20235 20235 20235]	[20291 20291 20290 20290 20290]		
3420.85825	2.377249999999549	epochs															maze_arm	247.0
3423.257	5.172250000000076	epochs															feedback_and_iti	247.0
3423.257	0.9907499999999345	epochs															feedback_delay	247.0
3424.26825	1.98050000000012	epochs															feedback	247.0
3426.43125	1.9980000000000473	epochs															iti	247.0
3428.44975	11.183249999999589	epochs															maze	248.0
3428.44975	9.579249999999774	epochs															maze_stem	248.0
3428.47025	16.358999999999924	trials	False	True	False	True	True	True	[0.8841539  0.11584608 0.25386757 0.74613243]	0.63028634339571	-0.13802147656679153	0.3151431754231453	-0.06901074200868607	0.7461324334144592	[20323 20323 20323 20322 20322]	[20389 20389 20389 20388 20388]		
3438.04875	1.5842499999998836	epochs															maze_arm	248.0
3439.65	5.160750000000007	epochs															feedback_and_iti	248.0
3439.65	0.9895000000001346	epochs															feedback_delay	248.0
3440.6575	1.9895000000001346	epochs															feedback	248.0
3442.83275	1.9780000000000655	epochs															iti	248.0
3444.82925	9.332000000000335	epochs															maze	249.0
3444.82925	7.4275000000002365	epochs															maze_stem	249.0
3444.849	14.52599999999984	trials	True	True	False	True	True	True	[0.87409097 0.12590903 0.2182125  0.78178751]	0.6558784767985344	-0.09230346232652664	0.3279392421245575	-0.04615172743797302	0.7817875146865845	[20421 20421 20421 20421 20420]	[20476 20476 20476 20476 20475]		
3452.27475	1.8865000000000691	epochs															maze_arm	249.0
3454.18025	5.175999999999931	epochs															feedback_and_iti	249.0
3454.18025	0.9977499999999964	epochs															feedback_delay	249.0
3455.1985	1.981000000000222	epochs															feedback	249.0
3457.36875	1.9874999999997272	epochs															iti	249.0
3459.375	12.485000000000127	epochs															maze	250.0
3459.375	10.925249999999778	epochs															maze_stem	250.0
3459.3955	19.535499999999956	trials	False	False	True	True	True	False	[0.86889303 0.13110691 0.23435336 0.76564664]	0.6345396935939789	-0.10324642062187195	0.31726986169815063	-0.05162322521209717	0.7656466364860535	[20508 20508 20508 20508 20508]	[20582 20582 20582 20582 20582]		
3470.318	1.5419999999999163	epochs															maze_arm	250.0
3471.87625	7.035000000000309	epochs															feedback_and_iti	250.0
3471.87625	0.9855000000002292	epochs															feedback_delay	250.0
3472.8775	1.9985000000001492	epochs															feedback	250.0
3474.91225	3.999000000000251	epochs															iti	250.0
3478.931	11.389999999999873	epochs															maze	251.0
3478.931	9.630499999999756	epochs															maze_stem	251.0
3478.95125	16.585250000000087	trials	False	False	False	False	True	True	[0.70177317 0.2982268  0.16447374 0.83552629]	0.5372994542121887	0.13375309109687805	-0.26864974200725555	0.06687654554843903	0.29822680354118347	[20626 20625 20625 20625 20625]	[20693 20693 20693 20692 20692]		
3488.57975	1.7412500000000364	epochs															maze_arm	251.0
3490.34225	5.1727499999997235	epochs															feedback_and_iti	251.0
3490.34225	0.9952499999999418	epochs															feedback_delay	251.0
3491.36025	1.97524999999996	epochs															feedback	251.0
3493.5215	1.99350000000004	epochs															iti	251.0
3495.5365	9.898749999999836	epochs															maze	252.0
3495.5365	8.134000000000015	epochs															maze_stem	252.0
3495.55675	16.95199999999977	trials	False	False	False	False	False	False	[0.77468824 0.22531171 0.12837403 0.87162602]	0.646314263343811	0.09693773090839386	0.3231571093201637	-0.04846886545419693	0.7746882438659668	[20725 20725 20725 20725 20724]	[20784 20783 20783 20783 20783]		
3503.69075	1.744499999999789	epochs															maze_arm	252.0
3505.46	7.019749999999931	epochs															feedback_and_iti	252.0
3505.46	0.9895000000001346	epochs															feedback_delay	252.0
3506.47275	1.9672500000001492	epochs															feedback	252.0
3508.49825	3.981499999999869	epochs															iti	252.0
3512.50875	10.833999999999833	epochs															maze	253.0
3512.50875	8.435750000000098	epochs															maze_stem	253.0
3512.52675	17.867999999999938	trials	False	False	False	True	True	False	[0.73924416 0.26075581 0.12006301 0.87993693]	0.6191811375319958	0.14069278165698051	0.30959056317806244	0.07034637033939362	0.879936933517456	[20827 20827 20827 20826 20826]	[20891 20891 20891 20890 20890]		
3520.963	2.3797499999996035	epochs															maze_arm	253.0
3523.35925	7.0145000000002256	epochs															feedback_and_iti	253.0
3523.35925	0.9837499999998727	epochs															feedback_delay	253.0
3524.3595	1.9847500000000764	epochs															feedback	253.0
3526.37825	3.9954999999999927	epochs															iti	253.0
3530.39475	8.076750000000175	epochs															maze	254.0
3530.39475	6.373500000000149	epochs															maze_stem	254.0
3530.4145	13.252750000000106	trials	True	False	False	True	False	True	[0.57395798 0.42604205 0.16196211 0.83803785]	0.4119958356022835	0.26407990604639053	-0.20599793642759323	-0.13203995674848557	0.1619621068239212	[20934 20934 20934 20934 20933]	[20982 20981 20981 20981 20981]		
3536.78725	1.6842500000002474	epochs															maze_arm	254.0
3538.49175	5.153249999999844	epochs															feedback_and_iti	254.0
3538.49175	0.9849999999996726	epochs															feedback_delay	254.0
3539.498	1.9727499999999054	epochs															feedback	254.0
3541.6555	1.9895000000001346	epochs															iti	254.0
3543.66725	12.069250000000011	epochs															maze	255.0
3543.66725	9.83199999999988	epochs															maze_stem	255.0
3543.68875	17.24050000000034	trials	True	False	False	False	True	True	[0.775307   0.22469303 0.35516679 0.64483321]	0.42014019191265106	-0.1304737776517868	-0.21007008850574493	-0.0652368813753128	0.22469303011894226	[21014 21014 21013 21013 21013]	[21085 21085 21085 21085 21084]		
3553.5195	2.2170000000000982	epochs															maze_arm	255.0
3555.75725	5.154500000000098	epochs															feedback_and_iti	255.0
3555.75725	0.9927499999998872	epochs															feedback_delay	255.0
3556.7705	1.9757500000000618	epochs															feedback	255.0
3558.92575	1.986000000000331	epochs															iti	255.0
3560.92925	11.679999999999836	epochs															maze	256.0
3560.92925	9.146999999999935	epochs															maze_stem	256.0
3560.9475	16.874249999999847	trials	False	False	False	True	False	True	[0.77614021 0.22385982 0.27071664 0.72928333]	0.5054235458374023	-0.046856850385665894	-0.25271178781986237	0.023428425192832947	0.2707166373729706	[21117 21117 21117 21117 21116]	[21186 21186 21186 21186 21186]		
3570.09425	2.5149999999998727	epochs															maze_arm	256.0
3572.62575	5.172499999999673	epochs															feedback_and_iti	256.0
3572.62575	0.9994999999998981	epochs															feedback_delay	256.0
3573.643	1.9825000000000728	epochs															feedback	256.0
3575.80225	1.9959999999996398	epochs															iti	256.0
3577.82175	6.367999999999938	epochs															maze	257.0
3577.82175	4.900749999999789	epochs															maze_stem	257.0
3577.84175	11.573750000000018	trials	True	False	False	True	False	True	[0.81082851 0.18917151 0.48637936 0.51362067]	0.32444915920495987	-0.2972078397870064	-0.16222457587718964	0.14860393106937408	0.48637935519218445	[21219 21218 21218 21218 21218]	[21256 21256 21255 21255 21255]		
3582.74275	1.4470000000001164	epochs															maze_arm	257.0
3584.21225	5.1847499999998945	epochs															feedback_and_iti	257.0
3584.21225	0.98700000000008	epochs															feedback_delay	257.0
3585.22025	1.9830000000001746	epochs															feedback	257.0
3587.3985	1.9985000000001492	epochs															iti	257.0
3589.4155	10.628000000000156	epochs															maze	258.0
3589.4155	7.825749999999971	epochs															maze_stem	258.0
3589.43225	15.814250000000357	trials	False	False	False	True	False	True	[0.83154732 0.16845267 0.7474041  0.25259593]	0.0841432437300682	-0.5789514109492302	-0.04207161068916321	0.2894757091999054	0.7474040985107422	[21288 21288 21288 21287 21287]	[21351 21351 21350 21350 21350]		
3597.25925	2.7842500000001564	epochs															maze_arm	258.0
3600.06125	5.164749999999913	epochs															feedback_and_iti	258.0
3600.06125	0.9972499999998945	epochs															feedback_delay	258.0
3601.07475	1.9839999999999236	epochs															feedback	258.0
3603.244	1.981999999999971	epochs															iti	258.0
3605.2465	8.900499999999738	epochs															maze	259.0
3605.2465	7.008749999999964	epochs															maze_stem	259.0
3605.26625	14.078749999999673	trials	True	False	False	True	False	True	[0.84580886 0.15419112 0.87715036 0.12284963]	-0.031341493129730225	-0.7229592353105545	0.015670746564865112	0.36147961020469666	0.8771503567695618	[21383 21383 21383 21382 21382]	[21435 21435 21435 21435 21435]		
3612.2755	1.8714999999997417	epochs															maze_arm	259.0
3614.1675	5.157749999999851	epochs															feedback_and_iti	259.0
3614.1675	0.9909999999999854	epochs															feedback_delay	259.0
3615.17775	1.9735000000000582	epochs															feedback	259.0
3617.33075	1.994499999999789	epochs															iti	259.0
3619.345	9.207499999999982	epochs															maze	260.0
3619.345	6.769750000000386	epochs															maze_stem	260.0
3619.364	14.397500000000036	trials	False	False	False	True	False	True	[0.89146709 0.10853292 0.91804665 0.08195336]	-0.026579558849334717	-0.809513732790947	0.013289779424667358	0.4047568738460541	0.9180466532707214	[21467 21467 21467 21467 21467]	[21522 21522 21521 21521 21521]		
3626.13225	2.420249999999669	epochs															maze_arm	260.0
3628.5695	5.173499999999876	epochs															feedback_and_iti	260.0
3628.5695	0.9890000000000327	epochs															feedback_delay	260.0
3629.57475	1.9842499999999745	epochs															feedback	260.0
3631.747	1.9960000000000946	epochs															iti	260.0
3633.7615	19.58725000000004	epochs															maze	261.0
3633.7615	17.047500000000127	epochs															maze_stem	261.0
3633.77875	24.765750000000025	trials	False	False	False	True	False	True	[0.88224715 0.11775287 0.93771774 0.06228231]	-0.05547057278454304	-0.8199648503214121	0.02773529291152954	0.40998244285583496	0.9377177357673645	[21554 21554 21554 21553 21553]	[21670 21670 21670 21670 21670]		
3650.82675	2.5219999999999345	epochs															maze_arm	261.0
3653.3655	5.156750000000102	epochs															feedback_and_iti	261.0
3653.3655	1.0010000000002037	epochs															feedback_delay	261.0
3654.383	1.9750000000003638	epochs															feedback	261.0
3656.53325	1.9890000000000327	epochs															iti	261.0
3658.5445	7.416749999999865	epochs															maze	262.0
3658.5445	5.168749999999818	epochs															maze_stem	262.0
3658.5645	14.46374999999989	trials	False	False	False	False	False	False	[0.87861466 0.12138531 0.94771552 0.05228451]	-0.06910083070397377	-0.8263301812112331	-0.03455042839050293	0.4131650924682617	0.8786146640777588	[21702 21702 21702 21702 21702]	[21746 21746 21746 21745 21745]		
3663.73175	2.2294999999999163	epochs															maze_arm	262.0
3665.98225	7.027250000000095	epochs															feedback_and_iti	262.0
3665.98225	0.9967499999997926	epochs															feedback_delay	262.0
3667.001	1.9722499999998035	epochs															feedback	262.0
3669.01375	3.9957500000000437	epochs															iti	262.0
3673.02825	7.511500000000069	epochs															maze	263.0
3673.02825	5.163750000000164	epochs															maze_stem	263.0
3673.048	12.71600000000035	trials	True	False	False	False	True	True	[0.77084792 0.22915208 0.79026973 0.20973028]	-0.019421808421611786	-0.5611176416277885	0.009710900485515594	-0.280558817088604	0.22915208339691162	[21789 21789 21789 21789 21789]	[21833 21833 21833 21833 21833]		
3678.212	2.3277499999999236	epochs															maze_arm	263.0
3680.56025	5.1840000000001965	epochs															feedback_and_iti	263.0
3680.56025	0.9994999999998981	epochs															feedback_delay	263.0
3681.579	1.9804999999996653	epochs															feedback	263.0
3683.747	1.9972500000003492	epochs															iti	263.0
3685.764	6.681250000000091	epochs															maze	264.0
3685.764	5.2280000000000655	epochs															maze_stem	264.0
3685.782	11.852750000000015	trials	True	False	False	True	False	True	[0.78770065 0.21229933 0.8435204  0.1564796 ]	-0.05581974238157272	-0.6312210634350777	0.02790987491607666	0.31561052799224854	0.8435204029083252	[21866 21865 21865 21865 21865]	[21905 21905 21904 21904 21904]		
3691.0135	1.4317500000001928	epochs															maze_arm	264.0
3692.466	5.14975000000004	epochs															feedback_and_iti	264.0
3692.466	0.98050000000012	epochs															feedback_delay	264.0
3693.46975	1.9777500000000146	epochs															feedback	264.0
3695.62925	1.9864999999999782	epochs															iti	264.0
3697.63475	6.69399999999996	epochs															maze	265.0
3697.63475	5.317749999999705	epochs															maze_stem	265.0
3697.656	13.720749999999953	trials	False	False	False	False	False	False	[0.69837409 0.30162591 0.92343092 0.07656909]	-0.22505682334303856	-0.6218050085008144	-0.11252841353416443	0.31090250611305237	0.6983740925788879	[21937 21937 21936 21936 21936]	[21976 21976 21976 21975 21975]		
3702.97225	1.3565000000003238	epochs															maze_arm	265.0
3704.35	7.0092500000000655	epochs															feedback_and_iti	265.0
3704.35	0.999250000000302	epochs															feedback_delay	265.0
3705.37125	1.9607499999997344	epochs															feedback	265.0
3707.37125	3.987999999999829	epochs															iti	265.0
3711.37675	7.213250000000244	epochs															maze	266.0
3711.37675	4.018000000000029	epochs															maze_stem	266.0
3711.39825	14.243999999999687	trials	False	False	False	True	True	False	[0.72798222 0.27201778 0.7658518  0.23414823]	-0.03786955773830414	-0.4938340038061142	-0.018934771418571472	-0.2469169944524765	0.23414823412895203	[22019 22019 22019 22019 22018]	[22062 22061 22061 22061 22061]		
3715.41325	3.1767500000000837	epochs															maze_arm	266.0
3718.60825	7.015749999999571	epochs															feedback_and_iti	266.0
3718.60825	0.9837499999998727	epochs															feedback_delay	266.0
3719.6095	1.9837499999998727	epochs															feedback	266.0
3721.62775	3.9962499999996908	epochs															iti	266.0
3725.64225	5.5525000000002365	epochs															maze	267.0
3725.64225	4.035499999999956	epochs															maze_stem	267.0
3725.661	10.71725000000015	trials	False	False	False	True	False	True	[0.63062268 0.36937732 0.58882385 0.41117615]	0.04179883003234863	-0.21944653987884521	-0.020899415016174316	0.10972326993942261	0.5888238549232483	[22105 22105 22104 22104 22104]	[22137 22137 22137 22137 22136]		
3729.696	1.4987500000002	epochs															maze_arm	267.0
3731.212	5.148749999999836	epochs															feedback_and_iti	267.0
3731.212	0.9839999999999236	epochs															feedback_delay	267.0
3732.213	1.9872499999996762	epochs															feedback	267.0
3734.37625	1.9845000000000255	epochs															iti	267.0
3736.37825	8.880249999999705	epochs															maze	268.0
3736.37825	4.882249999999658	epochs															maze_stem	268.0
3736.39775	15.916249999999764	trials	False	False	False	True	True	False	[0.75291288 0.24708712 0.84679174 0.15320823]	-0.09387888014316559	-0.5997046381235123	-0.04693944752216339	-0.29985232651233673	0.15320822596549988	[22169 22169 22169 22169 22168]	[22221 22221 22221 22221 22221]		
3741.277	3.981499999999869	epochs															maze_arm	268.0
3745.27375	7.019750000000386	epochs															feedback_and_iti	268.0
3745.27375	0.9850000000001273	epochs															feedback_delay	268.0
3746.274	1.986750000000029	epochs															feedback	268.0
3748.29425	3.999250000000302	epochs															iti	268.0
3752.314	8.716499999999996	epochs															maze	269.0
3752.314	6.607250000000022	epochs															maze_stem	269.0
3752.33275	13.896249999999782	trials	True	False	False	False	True	True	[0.55444205 0.44555801 0.59560829 0.40439171]	-0.0411662757396698	-0.1500503122806549	0.020583152770996094	-0.07502514123916626	0.44555801153182983	[22265 22264 22264 22264 22264]	[22316 22316 22316 22315 22315]		
3758.9415	2.088999999999942	epochs															maze_arm	269.0
3761.05125	5.160499999999956	epochs															feedback_and_iti	269.0
3761.05125	0.987999999999829	epochs															feedback_delay	269.0
3762.06025	1.9822500000000218	epochs															feedback	269.0
3764.22175	1.9899999999997817	epochs															iti	269.0
3766.229	11.501250000000255	epochs															maze	270.0
3766.229	9.957000000000335	epochs															maze_stem	270.0
3766.24725	18.535249999999905	trials	False	False	False	True	True	False	[0.56594139 0.43405861 0.62153709 0.37846285]	-0.055595725774765015	-0.18747851252555847	-0.0277978777885437	-0.09373927116394043	0.37846285104751587	[22348 22348 22348 22347 22347]	[22416 22416 22416 22415 22415]		
3776.204	1.5262499999998909	epochs															maze_arm	270.0
3777.74875	7.014749999999822	epochs															feedback_and_iti	270.0
3777.74875	0.9924999999998363	epochs															feedback_delay	270.0
3778.75875	1.9769999999998618	epochs															feedback	270.0
3780.77325	3.9902499999998327	epochs															iti	270.0
3784.7825	9.0912500000004	epochs															maze	271.0
3784.7825	7.091750000000047	epochs															maze_stem	271.0
3784.803	14.273750000000291	trials	True	False	False	False	True	True	[0.34638298 0.65361696 0.34917805 0.65082192]	-0.0027950555086135864	0.3044389337301254	0.0013975203037261963	0.15221944451332092	0.6536169648170471	[22459 22459 22459 22459 22459]	[22513 22513 22512 22512 22512]		
3791.894	1.979750000000422	epochs															maze_arm	271.0
3793.89475	5.164749999999913	epochs															feedback_and_iti	271.0
3793.89475	0.987250000000131	epochs															feedback_delay	271.0
3794.90275	1.9862499999999272	epochs															feedback	271.0
3797.07125	1.98824999999988	epochs															iti	271.0
3799.07675	11.096999999999753	epochs															maze	272.0
3799.07675	9.485749999999825	epochs															maze_stem	272.0
3799.0955	16.275750000000244	trials	False	False	False	True	False	True	[0.40094545 0.59905457 0.44274634 0.55725366]	-0.04180090129375458	0.15630821883678436	0.020900443196296692	-0.07815410196781158	0.4427463412284851	[22545 22545 22545 22544 22544]	[22611 22610 22610 22610 22610]		
3808.57875	1.5949999999998	epochs															maze_arm	272.0
3810.192	5.1599999999998545	epochs															feedback_and_iti	272.0
3810.192	0.9839999999999236	epochs															feedback_delay	272.0
3811.19475	1.9845000000000255	epochs															feedback	272.0
3813.3805	1.9714999999996508	epochs															iti	272.0
3815.37125	7.626749999999902	epochs															maze	273.0
3815.37125	4.9787499999997635	epochs															maze_stem	273.0
3815.38975	14.665500000000065	trials	False	False	False	True	True	False	[0.57267064 0.4273293  0.74997914 0.25002086]	-0.17730847001075745	-0.3226498067378998	-0.08865422010421753	-0.16132491827011108	0.2500208616256714	[22643 22643 22642 22642 22642]	[22687 22687 22687 22687 22687]		
3820.368	2.630000000000109	epochs															maze_arm	273.0
3823.01475	7.017250000000331	epochs															feedback_and_iti	273.0
3823.01475	0.9847500000000764	epochs															feedback_delay	273.0
3824.016	1.9919999999997344	epochs															feedback	273.0
3826.04225	3.9897500000001855	epochs															iti	273.0
3830.05525	6.413750000000164	epochs															maze	274.0
3830.05525	4.734750000000076	epochs															maze_stem	274.0
3830.0755	13.450749999999971	trials	False	False	False	False	False	False	[0.34330675 0.65669322 0.38484737 0.6151526 ]	-0.04154062271118164	0.27184584736824036	-0.02077031135559082	-0.13592293858528137	0.3433067500591278	[22731 22731 22730 22730 22730]	[22768 22768 22768 22768 22767]		
3834.80975	1.6592500000001564	epochs															maze_arm	274.0
3836.4905	7.018750000000182	epochs															feedback_and_iti	274.0
3836.4905	0.992500000000291	epochs															feedback_delay	274.0
3837.505	1.9777500000000146	epochs															feedback	274.0
3839.523	3.9862499999999272	epochs															iti	274.0
3843.52625	6.739250000000084	epochs															maze	275.0
3843.52625	4.439750000000004	epochs															maze_stem	275.0
3843.54475	11.918999999999869	trials	False	False	False	True	False	True	[0.51968187 0.48031816 0.47221527 0.52778476]	0.04746660590171814	0.008102893829345703	-0.02373330295085907	-0.004051432013511658	0.4722152650356293	[22812 22811 22811 22811 22811]	[22851 22851 22851 22850 22850]		
3847.98375	2.281750000000102	epochs															maze_arm	275.0
3850.28175	5.161749999999756	epochs															feedback_and_iti	275.0
3850.28175	0.9862499999999272	epochs															feedback_delay	275.0
3851.28425	1.9884999999999309	epochs															feedback	275.0
3853.45275	1.9907499999999345	epochs															iti	275.0
3855.46375	8.677250000000186	epochs															maze	276.0
3855.46375	5.2335000000002765	epochs															maze_stem	276.0
3855.482	13.862500000000182	trials	True	False	False	False	True	True	[0.62196696 0.37803298 0.72148955 0.27851048]	-0.09952254593372345	-0.34345652163028717	0.049761250615119934	-0.17172826826572418	0.37803298234939575	[22883 22883 22883 22882 22882]	[22934 22934 22934 22934 22933]		
3860.71875	3.4222500000000764	epochs															maze_arm	276.0
3864.16125	5.162499999999909	epochs															feedback_and_iti	276.0
3864.16125	0.9867500000000291	epochs															feedback_delay	276.0
3865.16825	1.9832499999997708	epochs															feedback	276.0
3867.3425	1.981249999999818	epochs															iti	276.0
3869.3445	9.605499999999665	epochs															maze	277.0
3869.3445	7.232749999999669	epochs															maze_stem	277.0
3869.36475	14.798499999999876	trials	False	False	False	False	True	True	[0.5447616  0.4552384  0.55893427 0.44106573]	-0.014172673225402832	-0.10369586944580078	0.007086336612701416	-0.05184793472290039	0.455238401889801	[22966 22966 22966 22966 22965]	[23023 23023 23023 23022 23022]		
3876.59725	2.3527500000000146	epochs															maze_arm	277.0
3878.9715	5.165999999999713	epochs															feedback_and_iti	277.0
3878.9715	0.9834999999998217	epochs															feedback_delay	277.0
3879.977	1.9729999999999563	epochs															feedback	277.0
3882.144	1.99350000000004	epochs															iti	277.0
3884.16325	7.257500000000164	epochs															maze	278.0
3884.16325	5.80600000000004	epochs															maze_stem	278.0
3884.185	12.44275000000016	trials	True	False	False	True	False	True	[0.36852044 0.63147962 0.42724565 0.57275438]	-0.05872522294521332	0.20423395931720734	0.029362604022026062	-0.10211695730686188	0.4272456467151642	[23055 23055 23055 23055 23054]	[23098 23098 23097 23097 23097]		
3889.988	1.4327500000003965	epochs															maze_arm	278.0
3891.44175	5.164749999999913	epochs															feedback_and_iti	278.0
3891.44175	0.9877500000002328	epochs															feedback_delay	278.0
3892.45025	1.98050000000012	epochs															feedback	278.0
3894.61075	1.9957500000000437	epochs															iti	278.0
3896.62775	8.691499999999905	epochs															maze	279.0
3896.62775	5.596250000000055	epochs															maze_stem	279.0
3896.6475	13.880749999999807	trials	True	False	False	False	True	True	[0.44271126 0.55728877 0.7187382  0.28126183]	-0.2760269343852997	-0.16144943237304688	0.13801346719264984	-0.08072470128536224	0.5572887659072876	[23130 23130 23129 23129 23129]	[23181 23181 23181 23180 23180]		
3902.24325	3.076000000000022	epochs															maze_arm	279.0
3905.34175	5.1662499999997635	epochs															feedback_and_iti	279.0
3905.34175	0.98050000000012	epochs															feedback_delay	279.0
3906.343	1.9884999999999309	epochs															feedback	279.0
3908.52275	1.9852499999997235	epochs															iti	279.0
3910.52825	8.322250000000167	epochs															maze	280.0
3910.52825	6.524499999999989	epochs															maze_stem	280.0
3910.54825	13.516000000000076	trials	True	False	False	True	False	True	[0.42654556 0.57345438 0.58425468 0.41574529]	-0.15770910680294037	-0.010800287127494812	0.07885456085205078	0.005400121212005615	0.5842546820640564	[23213 23213 23213 23213 23212]	[23262 23262 23262 23262 23261]		
3917.07275	1.7777500000001965	epochs															maze_arm	280.0
3918.871	5.1717499999999745	epochs															feedback_and_iti	280.0
3918.871	0.993750000000091	epochs															feedback_delay	280.0
3919.88425	1.9704999999999018	epochs															feedback	280.0
3922.046	1.9967500000002474	epochs															iti	280.0
3924.06425	15.338000000000193	epochs															maze	281.0
3924.06425	13.60024999999996	epochs															maze_stem	281.0
3924.08275	20.5295000000001	trials	False	False	False	False	True	True	[0.48462424 0.51537579 0.81669199 0.18330798]	-0.3320677876472473	-0.3013162314891815	0.16603390872478485	-0.15065811574459076	0.5153757929801941	[23294 23294 23294 23294 23294]	[23385 23385 23385 23385 23385]		
3937.68275	1.7195000000001528	epochs															maze_arm	281.0
3939.42425	5.168749999999818	epochs															feedback_and_iti	281.0
3939.42425	0.9845000000000255	epochs															feedback_delay	281.0
3940.43075	1.9839999999999236	epochs															feedback	281.0
3942.60175	1.9912500000000364	epochs															iti	281.0
3944.61225	5.7902500000000146	epochs															maze	282.0
3944.61225	4.58199999999988	epochs															maze_stem	282.0
3944.62925	10.971500000000106	trials	False	False	False	True	False	True	[0.36876002 0.63123995 0.69282562 0.30717441]	-0.32406556606292725	-0.06158563494682312	0.16203279793262482	0.03079281747341156	0.6928256154060364	[23418 23417 23417 23417 23417]	[23451 23451 23451 23451 23451]		
3949.21275	1.1897500000000036	epochs															maze_arm	282.0
3950.419	5.160750000000007	epochs															feedback_and_iti	282.0
3950.419	0.9864999999999782	epochs															feedback_delay	282.0
3951.4225	1.98824999999988	epochs															feedback	282.0
3953.5935	1.9862499999999272	epochs															iti	282.0
3955.60075	6.585000000000036	epochs															maze	283.0
3955.60075	4.880999999999858	epochs															maze_stem	283.0
3955.62175	13.621250000000146	trials	False	False	False	False	False	False	[0.38980469 0.61019528 0.8485136  0.15148638]	-0.45870890468358994	-0.2383183166384697	-0.22935445606708527	0.11915914714336395	0.3898046910762787	[23483 23483 23483 23483 23483]	[23522 23522 23522 23521 23521]		
3960.50175	1.6840000000001965	epochs															maze_arm	283.0
3962.20725	7.016500000000178	epochs															feedback_and_iti	283.0
3962.20725	0.9992499999998472	epochs															feedback_delay	283.0
3963.229	1.9735000000000582	epochs															feedback	283.0
3965.2405	3.9832500000002256	epochs															iti	283.0
3969.243	5.387250000000222	epochs															maze	284.0
3969.243	4.02599999999984	epochs															maze_stem	284.0
3969.26125	10.565500000000156	trials	False	False	False	True	False	True	[0.65936911 0.34063089 0.75085247 0.2491475 ]	-0.09148336946964264	-0.410221591591835	0.04574167728424072	0.20511078834533691	0.7508524656295776	[23565 23565 23565 23565 23564]	[23597 23596 23596 23596 23596]		
3973.2855	1.3447500000002037	epochs															maze_arm	284.0
3974.64875	5.161000000000058	epochs															feedback_and_iti	284.0
3974.64875	0.9895000000001346	epochs															feedback_delay	284.0
3975.656	1.9822500000000218	epochs															feedback	284.0
3977.8255	1.9842499999999745	epochs															iti	284.0
3979.82675	6.044999999999618	epochs															maze	285.0
3979.82675	4.46875	epochs															maze_stem	285.0
3979.8455	11.215999999999894	trials	False	False	False	True	False	True	[0.65799391 0.34200603 0.89256978 0.10743025]	-0.23457582294940948	-0.550563707947731	0.11728793382644653	0.2752818465232849	0.8925697803497314	[23629 23628 23628 23628 23628]	[23664 23664 23664 23663 23663]		
3984.31375	1.5579999999999927	epochs															maze_arm	285.0
3985.888	5.153000000000247	epochs															feedback_and_iti	285.0
3985.888	0.9862499999999272	epochs															feedback_delay	285.0
3986.8935	1.9804999999996653	epochs															feedback	285.0
3989.054	1.98700000000008	epochs															iti	285.0
3991.0615	5.795000000000073	epochs															maze	286.0
3991.0615	4.423750000000382	epochs															maze_stem	286.0
3991.08025	12.847999999999956	trials	False	False	False	False	False	False	[0.64254683 0.3574532  0.9382419  0.0617581 ]	-0.2956950832158327	-0.5807887185364962	-0.14784753322601318	0.2903943657875061	0.6425468325614929	[23696 23696 23696 23695 23695]	[23730 23730 23729 23729 23729]		
3995.505	1.35149999999976	epochs															maze_arm	286.0
3996.87875	7.028749999999945	epochs															feedback_and_iti	286.0
3996.87875	1.0	epochs															feedback_delay	286.0
3997.90075	1.9697500000002037	epochs															feedback	286.0
3999.90875	3.9987499999997453	epochs															iti	286.0
4003.92825	7.827749999999924	epochs															maze	287.0
4003.92825	4.976500000000215	epochs															maze_stem	287.0
4003.949	12.999249999999847	trials	False	False	False	False	True	True	[0.69552493 0.30447501 0.79429603 0.205704  ]	-0.09877105057239532	-0.4898209720849991	0.04938550293445587	-0.24491049349308014	0.30447500944137573	[23773 23773 23773 23773 23772]	[23819 23819 23819 23819 23818]		
4008.925	2.830999999999676	epochs															maze_arm	287.0
4011.7775	5.150249999999687	epochs															feedback_and_iti	287.0
4011.7775	0.981499999999869	epochs															feedback_delay	287.0
4012.78075	1.9770000000003165	epochs															feedback	287.0
4014.946	1.98174999999992	epochs															iti	287.0
4016.94825	8.221750000000156	epochs															maze	288.0
4016.94825	6.658500000000004	epochs															maze_stem	288.0
4016.96825	15.259500000000116	trials	False	False	False	False	False	False	[0.49991575 0.50008422 0.79979819 0.20020178]	-0.2998824417591095	-0.29971396923065186	-0.14994122087955475	0.14985696971416473	0.49991574883461	[23851 23851 23851 23851 23850]	[23900 23899 23899 23899 23899]		
4023.627	1.54300000000012	epochs															maze_arm	288.0
4025.19175	7.0157500000000255	epochs															feedback_and_iti	288.0
4025.19175	0.9909999999999854	epochs															feedback_delay	288.0
4026.20425	1.9712500000000546	epochs															feedback	288.0
4028.2145	3.992999999999938	epochs															iti	288.0
4032.22775	9.47375000000011	epochs															maze	289.0
4032.22775	7.723250000000007	epochs															maze_stem	289.0
4032.24725	14.67300000000023	trials	True	False	False	False	True	True	[0.63393384 0.36606622 0.74406737 0.25593269]	-0.11013352870941162	-0.3780011534690857	0.05506676435470581	-0.18900054693222046	0.36606621742248535	[23943 23943 23942 23942 23942]	[23999 23999 23998 23998 23998]		
4039.97025	1.7312500000002728	epochs															maze_arm	289.0
4041.7255	5.17574999999988	epochs															feedback_and_iti	289.0
4041.7255	0.99350000000004	epochs															feedback_delay	289.0
4042.738	1.9855000000002292	epochs															feedback	289.0
4044.914	1.9872499999996762	epochs															iti	289.0
4046.92025	12.652000000000044	epochs															maze	290.0
4046.92025	10.72674999999981	epochs															maze_stem	290.0
4046.93675	17.84225000000015	trials	False	False	False	True	False	True	[0.52966398 0.47033608 0.80281377 0.19718628]	-0.2731497958302498	-0.3324776962399483	0.1365748941898346	0.16623887419700623	0.8028137683868408	[24031 24031 24031 24030 24030]	[24106 24106 24105 24105 24105]		
4057.66575	1.906500000000051	epochs															maze_arm	290.0
4059.589	5.168750000000273	epochs															feedback_and_iti	290.0
4059.589	0.9862499999999272	epochs															feedback_delay	290.0
4060.5925	1.9857499999998254	epochs															feedback	290.0
4062.76725	1.9905000000003383	epochs															iti	290.0
4064.779	15.647500000000036	epochs															maze	291.0
4064.779	13.647249999999985	epochs															maze_stem	291.0
4064.799	20.840250000000196	trials	False	False	False	False	True	True	[0.51166677 0.48833326 0.90499437 0.09500563]	-0.39332760870456696	-0.4166611284017563	0.19666381180286407	-0.20833055675029755	0.48833325505256653	[24138 24138 24138 24137 24137]	[24231 24231 24230 24230 24230]		
4078.44575	1.980750000000171	epochs															maze_arm	291.0
4080.44975	5.172499999999673	epochs															feedback_and_iti	291.0
4080.44975	0.9952499999999418	epochs															feedback_delay	291.0
4081.467	1.9760000000001128	epochs															feedback	291.0
4083.62925	1.9929999999999382	epochs															iti	291.0
4085.63925	9.167749999999614	epochs															maze	292.0
4085.63925	6.772749999999633	epochs															maze_stem	292.0
4085.65725	14.352750000000015	trials	False	False	False	True	False	True	[0.37979382 0.62020624 0.87206393 0.12793605]	-0.4922701492905617	-0.2518577352166176	0.24613505601882935	0.1259288787841797	0.872063934803009	[24263 24263 24263 24262 24262]	[24317 24317 24317 24316 24316]		
4092.429	2.3779999999997017	epochs															maze_arm	292.0
4094.82425	5.1645000000003165	epochs															feedback_and_iti	292.0
4094.82425	0.9837499999998727	epochs															feedback_delay	292.0
4095.82475	1.989999999999327	epochs															feedback	292.0
4097.997	1.9917500000001382	epochs															iti	292.0
4100.01	8.61974999999984	epochs															maze	293.0
4100.01	6.657000000000153	epochs															maze_stem	293.0
4100.03075	15.649750000000495	trials	False	False	False	False	False	False	[0.32765532 0.67234468 0.92529929 0.07470074]	-0.5976439602673054	-0.2529545910656452	-0.29882198572158813	0.12647730112075806	0.3276553153991699	[24349 24349 24349 24349 24348]	[24400 24400 24400 24399 24399]		
4106.686	1.9437500000003638	epochs															maze_arm	293.0
4108.65175	7.011749999999665	epochs															feedback_and_iti	293.0
4108.65175	0.9954999999999927	epochs															feedback_delay	293.0
4109.67	1.9722499999998035	epochs															feedback	293.0
4111.68025	3.983249999999316	epochs															iti	293.0
4115.6805	23.657749999999396	epochs															maze	294.0
4115.6805	21.490999999999985	epochs															maze_stem	294.0
4115.69875	30.696000000000822	trials	False	False	False	True	True	False	[0.64377099 0.35622898 0.81202662 0.18797334]	-0.16825563460588455	-0.4557976499199867	-0.08412782102823257	-0.22789884358644485	0.18797333538532257	[24443 24443 24443 24443 24442]	[24584 24584 24584 24583 24583]		
4137.18775	2.150499999999738	epochs															maze_arm	294.0
4139.355	7.018500000000131	epochs															feedback_and_iti	294.0
4139.355	0.9850000000005821	epochs															feedback_delay	294.0
4140.35775	1.9882499999994252	epochs															feedback	294.0
4142.381	3.9924999999993815	epochs															iti	294.0
4146.39475	11.12249999999949	epochs															maze	295.0
4146.39475	9.324999999999818	epochs															maze_stem	295.0
4146.415	18.16150000000016	trials	False	False	False	False	False	False	[0.47400102 0.52599895 0.63599849 0.36400154]	-0.16199743747711182	-0.10999950766563416	-0.0809987336397171	0.05499975383281708	0.4740010201931	[24627 24627 24627 24627 24626]	[24693 24693 24693 24692 24692]		
4155.738	1.7792499999995925	epochs															maze_arm	295.0
4157.53675	7.019000000000233	epochs															feedback_and_iti	295.0
4157.53675	0.9987499999997453	epochs															feedback_delay	295.0
4158.558	1.9724999999998545	epochs															feedback	295.0
4160.571	3.984750000000531	epochs															iti	295.0
4164.5765	9.220250000000306	epochs															maze	296.0
4164.5765	7.699249999999665	epochs															maze_stem	296.0
4164.5975	16.254500000000007	trials	False	False	False	False	False	False	[0.60320234 0.39679763 0.72369117 0.27630886]	-0.12048879265785217	-0.32689350843429565	-0.06024441123008728	0.16344675421714783	0.6032023429870605	[24736 24736 24736 24736 24735]	[24791 24790 24790 24790 24790]		
4172.2965	1.500250000000051	epochs															maze_arm	296.0
4173.8175	7.008249999999862	epochs															feedback_and_iti	296.0
4173.8175	0.9864999999999782	epochs															feedback_delay	296.0
4174.826	1.9729999999999563	epochs															feedback	296.0
4176.837	3.988749999999527	epochs															iti	296.0
4180.852	8.721749999999702	epochs															maze	297.0
4180.852	6.301250000000437	epochs															maze_stem	297.0
4180.874	13.907250000000204	trials	True	False	False	False	True	True	[0.66598994 0.33401006 0.74111027 0.25888973]	-0.07512032985687256	-0.40710020065307617	0.03756016492843628	-0.20355010032653809	0.3340100646018982	[24834 24834 24833 24833 24833]	[24885 24885 24885 24885 24884]		
4187.17275	2.40099999999984	epochs															maze_arm	297.0
4189.59425	5.166500000000269	epochs															feedback_and_iti	297.0
4189.59425	0.9819999999999709	epochs															feedback_delay	297.0
4190.598	1.9849999999996726	epochs															feedback	297.0
4192.78025	1.9805000000005748	epochs															iti	297.0
4194.78125	15.925250000000233	epochs															maze	298.0
4194.78125	14.017249999999876	epochs															maze_stem	298.0
4194.802	21.125750000000153	trials	False	False	False	False	True	True	[0.57208681 0.42791319 0.80813664 0.19186336]	-0.2360498309135437	-0.38022345304489136	0.11802491545677185	-0.19011172652244568	0.42791318893432617	[24917 24917 24917 24917 24917]	[25012 25012 25012 25011 25011]		
4208.81875	1.887749999999869	epochs															maze_arm	298.0
4210.7275	5.177999999999884	epochs															feedback_and_iti	298.0
4210.7275	0.9864999999999782	epochs															feedback_delay	298.0
4211.73475	1.9917500000001382	epochs															feedback	298.0
4213.90925	1.9962500000001455	epochs															iti	298.0
4215.92775	11.057999999999993	epochs															maze	299.0
4215.92775	9.449749999999767	epochs															maze_stem	299.0
4215.9485	18.09099999999944	trials	False	False	False	True	True	False	[0.35637918 0.64362085 0.7896632  0.21033674]	-0.43328405916690826	-0.14604239165782928	-0.21664205193519592	-0.07302120327949524	0.21033674478530884	[25044 25044 25044 25044 25043]	[25110 25109 25109 25109 25109]		
4225.39525	1.5905000000002474	epochs															maze_arm	299.0
4227.003	7.018000000000029	epochs															feedback_and_iti	299.0
4227.003	0.9772499999999127	epochs															feedback_delay	299.0
4228.00825	1.981999999999971	epochs															feedback	299.0
4230.02625	3.99474999999984	epochs															iti	299.0
4234.0395	9.811499999999796	epochs															maze	300.0
4234.0395	7.789999999999964	epochs															maze_stem	300.0
4234.0595	14.997749999999542	trials	False	False	False	False	True	True	[0.30606565 0.69393438 0.46510494 0.53489506]	-0.15903930366039276	0.22882942855358124	0.07951965928077698	0.11441472172737122	0.6939343810081482	[25153 25153 25152 25152 25152]	[25211 25210 25210 25210 25210]		
4241.8495	2.001499999999396	epochs															maze_arm	300.0
4243.873	5.1637500000006185	epochs															feedback_and_iti	300.0
4243.873	0.9787500000002183	epochs															feedback_delay	300.0
4244.8745	1.9840000000003783	epochs															feedback	300.0
4247.05175	1.985000000000582	epochs															iti	300.0
4249.05725	11.780249999999796	epochs															maze	301.0
4249.05725	10.164999999999964	epochs															maze_stem	301.0
4249.07775	16.953999999999724	trials	False	False	False	False	True	True	[0.18899018 0.81100982 0.57425797 0.42574206]	-0.38526777923107147	0.23675186932086945	0.19263388216495514	0.11837594211101532	0.8110098242759705	[25243 25243 25242 25242 25242]	[25312 25312 25312 25312 25312]		
4259.2405	1.5969999999997526	epochs															maze_arm	301.0
4260.8585	5.155749999999898	epochs															feedback_and_iti	301.0
4260.8585	0.9937499999996362	epochs															feedback_delay	301.0
4261.87575	1.9677499999997963	epochs															feedback	301.0
4264.02825	1.9859999999998763	epochs															iti	301.0
4266.03175	6.2222499999998035	epochs															maze	302.0
4266.03175	4.6837500000001455	epochs															maze_stem	302.0
4266.05025	11.407250000000204	trials	False	False	False	True	False	True	[0.14132428 0.85867566 0.53284681 0.46715322]	-0.39152248203754425	0.3258288949728012	0.19576126337051392	-0.1629144549369812	0.5328468084335327	[25345 25344 25344 25344 25344]	[25381 25381 25381 25380 25380]		
4270.732	1.5219999999999345	epochs															maze_arm	302.0
4272.271	5.165750000000116	epochs															feedback_and_iti	302.0
4272.271	1.0012500000002547	epochs															feedback_delay	302.0
4273.28825	1.9705000000003565	epochs															feedback	302.0
4275.45075	1.9859999999998763	epochs															iti	302.0
4277.4575	9.204249999999774	epochs															maze	303.0
4277.4575	7.424999999999272	epochs															maze_stem	303.0
4277.47775	14.405499999999847	trials	True	False	False	True	False	True	[0.25546631 0.74453372 0.78718561 0.21281442]	-0.531719297170639	-0.04265189170837402	0.2658596485853195	0.021325960755348206	0.7871856093406677	[25413 25413 25413 25412 25412]	[25467 25467 25467 25467 25467]		
4284.90175	1.7600000000002183	epochs															maze_arm	303.0
4286.683	5.176250000000437	epochs															feedback_and_iti	303.0
4286.683	0.9852499999997235	epochs															feedback_delay	303.0
4287.687	1.9894999999996799	epochs															feedback	303.0
4289.86575	1.9935000000004948	epochs															iti	303.0
4291.88325	13.94524999999976	epochs															maze	304.0
4291.88325	12.282500000000255	epochs															maze_stem	304.0
4291.9045	19.14575000000059	trials	False	False	False	False	True	True	[0.34846511 0.65153486 0.8985796  0.10142037]	-0.5501144863665104	-0.24704474583268166	0.27505724504590034	-0.12352238968014717	0.6515348553657532	[25500 25499 25499 25499 25499]	[25582 25582 25582 25582 25581]		
4304.184	1.6444999999994252	epochs															maze_arm	304.0
4305.8505	5.179000000000087	epochs															feedback_and_iti	304.0
4305.8505	0.9962500000001455	epochs															feedback_delay	304.0
4306.8685	1.979750000000422	epochs															feedback	304.0
4309.0395	1.9899999999997817	epochs															iti	304.0
4311.05025	14.74724999999944	epochs															maze	305.0
4311.05025	12.543999999999869	epochs															maze_stem	305.0
4311.0705	19.936999999999898	trials	False	False	False	False	True	True	[0.22273432 0.77726567 0.81681257 0.1831874 ]	-0.5940782651305199	-0.0395469143986702	0.29703913629055023	-0.019773468375205994	0.7772656679153442	[25614 25614 25614 25614 25614]	[25702 25702 25702 25701 25701]		
4323.61425	2.1832500000000437	epochs															maze_arm	305.0
4325.82	5.167000000000371	epochs															feedback_and_iti	305.0
4325.82	0.9880000000002838	epochs															feedback_delay	305.0
4326.8305	1.979500000000371	epochs															feedback	305.0
4329.0045	1.9825000000000728	epochs															iti	305.0
4331.0075	10.744000000000597	epochs															maze	306.0
4331.0075	8.51050000000032	epochs															maze_stem	306.0
4331.028	15.934499999999389	trials	True	False	False	True	False	True	[0.13687707 0.86312294 0.74702978 0.25297019]	-0.6101527288556099	0.11609313637018204	0.30507635325193405	-0.05804657191038132	0.7470297813415527	[25734 25734 25734 25733 25733]	[25798 25797 25797 25797 25797]		
4339.53625	2.2152500000001965	epochs															maze_arm	306.0
4341.7725	5.1707500000002256	epochs															feedback_and_iti	306.0
4341.7725	0.9837500000003274	epochs															feedback_delay	306.0
4342.777	1.9792500000003201	epochs															feedback	306.0
4344.953	1.9902499999998327	epochs															iti	306.0
4346.9625	10.556000000000495	epochs															maze	307.0
4346.9625	9.194500000000517	epochs															maze_stem	307.0
4346.98075	15.740249999999833	trials	False	False	False	True	False	True	[0.18909901 0.81090099 0.89487535 0.10512465]	-0.7057763338088989	-0.08397436141967773	0.35288816690444946	0.04198718070983887	0.8948753476142883	[25830 25830 25829 25829 25829]	[25892 25892 25892 25891 25891]		
4356.175	1.343499999999949	epochs															maze_arm	307.0
4357.53475	5.168000000000575	epochs															feedback_and_iti	307.0
4357.53475	0.9837500000003274	epochs															feedback_delay	307.0
4358.53475	1.9845000000004802	epochs															feedback	307.0
4360.70575	1.9970000000002983	epochs															iti	307.0
4362.721	8.316000000000713	epochs															maze	308.0
4362.721	6.9950000000008	epochs															maze_stem	308.0
4362.74025	13.495499999999993	trials	False	False	False	True	False	True	[0.3133893  0.6866107  0.93714321 0.06285679]	-0.623753909021616	-0.25053251162171364	0.31187695264816284	0.12526625394821167	0.9371432065963745	[25924 25924 25924 25924 25923]	[25973 25973 25973 25973 25972]		
4369.73325	1.3037500000000364	epochs															maze_arm	308.0
4371.0535	5.164499999999862	epochs															feedback_and_iti	308.0
4371.0535	0.9854999999997744	epochs															feedback_delay	308.0
4372.05675	1.9949999999998909	epochs															feedback	308.0
4374.22925	1.988749999999527	epochs															iti	308.0
4376.23575	8.027750000000196	epochs															maze	309.0
4376.23575	5.8034999999999854	epochs															maze_stem	309.0
4376.2555	13.204499999999825	trials	False	False	False	True	False	True	[0.35689151 0.64310849 0.94856501 0.05143503]	-0.5916734766215086	-0.30545650236308575	0.29583674669265747	0.15272825956344604	0.9485650062561035	[26005 26005 26005 26005 26004]	[26052 26052 26052 26052 26052]		
4382.0575	2.206000000000131	epochs															maze_arm	309.0
4384.28	5.159250000000611	epochs															feedback_and_iti	309.0
4384.28	0.9864999999999782	epochs															feedback_delay	309.0
4385.2815	1.988999999999578	epochs															feedback	309.0
4387.456	1.9832500000002256	epochs															iti	309.0
4389.46	7.242500000000291	epochs															maze	310.0
4389.46	5.80475000000024	epochs															maze_stem	310.0
4389.4785	12.42199999999957	trials	False	False	False	True	False	True	[0.3627837  0.63721627 0.95266294 0.04733705]	-0.5898792315274477	-0.31544666178524494	0.2949396222829819	0.1577233225107193	0.9526629447937012	[26085 26084 26084 26084 26084]	[26127 26127 26127 26126 26126]		
4395.282	1.4205000000001746	epochs															maze_arm	310.0
4396.71875	5.160750000000007	epochs															feedback_and_iti	310.0
4396.71875	0.9857499999998254	epochs															feedback_delay	310.0
4397.72175	1.9857500000007349	epochs															feedback	310.0
4399.8905	1.988999999999578	epochs															iti	310.0
4401.9005	9.0625	epochs															maze	311.0
4401.9005	7.612500000000182	epochs															maze_stem	311.0
4401.9215	16.093249999999898	trials	False	False	False	False	False	False	[0.36715224 0.63284773 0.95466447 0.04533557]	-0.5875121895223856	-0.3218167070299387	-0.2937561124563217	0.16090835630893707	0.36715224385261536	[26159 26159 26159 26159 26158]	[26213 26212 26212 26212 26212]		
4409.533	1.4299999999993815	epochs															maze_arm	311.0
4410.98425	7.009249999999156	epochs															feedback_and_iti	311.0
4410.98425	0.9797499999995125	epochs															feedback_delay	311.0
4411.98575	1.981499999999869	epochs															feedback	311.0
4414.00675	3.986750000000029	epochs															iti	311.0
4418.01475	8.740249999999833	epochs															maze	312.0
4418.01475	6.643999999999323	epochs															maze_stem	312.0
4418.0355	15.777250000000095	trials	False	False	False	False	False	False	[0.58861065 0.41138941 0.85508239 0.14491758]	-0.2664717882871628	-0.44369302690029144	-0.1332358717918396	0.22184652090072632	0.5886106491088867	[26256 26256 26255 26255 26255]	[26307 26307 26307 26307 26306]		
4424.679	2.076000000000022	epochs															maze_arm	312.0
4426.77675	7.004750000000058	epochs															feedback_and_iti	312.0
4426.77675	0.9852499999997235	epochs															feedback_delay	312.0
4427.78425	1.9707500000004075	epochs															feedback	312.0
4429.79375	3.987750000000233	epochs															iti	312.0
4433.81275	10.5	epochs															maze	313.0
4433.81275	8.949499999999716	epochs															maze_stem	313.0
4433.8395	15.702250000000276	trials	False	False	False	False	True	True	[0.61523849 0.38476148 0.84890211 0.15109786]	-0.2336636185646057	-0.4641406238079071	0.11683180928230286	-0.23207032680511475	0.3847614824771881	[26350 26350 26350 26350 26350]	[26412 26412 26412 26412 26412]		
4442.783	1.5297499999996944	epochs															maze_arm	313.0
4444.334	5.188000000000102	epochs															feedback_and_iti	313.0
4444.334	0.9832500000002256	epochs															feedback_delay	313.0
4445.338	1.9835000000002765	epochs															feedback	313.0
4447.54025	1.98174999999992	epochs															iti	313.0
4449.54175	6.714750000000095	epochs															maze	314.0
4449.54175	5.110999999999876	epochs															maze_stem	314.0
4449.5615	11.917000000000371	trials	True	False	False	True	False	True	[0.31135044 0.68864954 0.88902485 0.11097517]	-0.5776743926107883	-0.2003752924501896	0.2888372093439102	0.10018764436244965	0.8890248537063599	[26445 26445 26444 26444 26444]	[26484 26484 26484 26483 26483]		
4454.67275	1.5837500000006912	epochs															maze_arm	314.0
4456.27875	5.170999999999367	epochs															feedback_and_iti	314.0
4456.27875	0.9887499999995271	epochs															feedback_delay	314.0
4457.287	1.9754999999995562	epochs															feedback	314.0
4459.4515	1.9982499999996435	epochs															iti	314.0
4461.4785	9.472999999999956	epochs															maze	315.0
4461.4785	7.746750000000247	epochs															maze_stem	315.0
4461.49875	14.661000000000058	trials	True	False	False	True	False	True	[0.23737478 0.76262528 0.93417633 0.06582373]	-0.6968015432357788	-0.17155104875564575	0.3484007716178894	0.08577555418014526	0.9341763257980347	[26516 26516 26516 26516 26516]	[26572 26572 26572 26572 26571]		
4469.2435	1.7080000000005384	epochs															maze_arm	315.0
4470.97225	5.1655000000000655	epochs															feedback_and_iti	315.0
4470.97225	0.9975000000004002	epochs															feedback_delay	315.0
4471.98925	1.9702500000003056	epochs															feedback	315.0
4474.15	1.9877500000002328	epochs															iti	315.0
4476.15975	6.420500000000175	epochs															maze	316.0
4476.15975	5.097749999999905	epochs															maze_stem	316.0
4476.18	13.451749999999265	trials	False	False	False	False	False	False	[0.34074515 0.65925485 0.94829464 0.05170538]	-0.6075494792312384	-0.28903978131711483	-0.30377474427223206	0.1445198953151703	0.34074515104293823	[26604 26604 26604 26604 26604]	[26642 26642 26641 26641 26641]		
4481.27825	1.3019999999996799	epochs															maze_arm	316.0
4482.60325	7.00774999999976	epochs															feedback_and_iti	316.0
4482.60325	0.9849999999996726	epochs															feedback_delay	316.0
4483.61025	1.9769999999998618	epochs															feedback	316.0
4485.6275	3.9835000000002765	epochs															iti	316.0
4489.63175	6.622000000000298	epochs															maze	317.0
4489.63175	4.537500000000364	epochs															maze_stem	317.0
4489.652	11.80224999999973	trials	True	False	False	True	False	True	[0.5933761  0.40662384 0.83989334 0.16010658]	-0.24651724845170975	-0.43326950818300247	0.12325862050056458	0.21663472056388855	0.8398933410644531	[26685 26685 26685 26684 26684]	[26724 26724 26723 26723 26723]		
4494.18825	2.0654999999997017	epochs															maze_arm	317.0
4496.2745	5.160249999999905	epochs															feedback_and_iti	317.0
4496.2745	0.9884999999994761	epochs															feedback_delay	317.0
4497.2835	1.9827500000001237	epochs															feedback	317.0
4499.45375	1.9810000000006767	epochs															iti	317.0
4501.45425	10.448250000000371	epochs															maze	318.0
4501.45425	5.541250000000218	epochs															maze_stem	318.0
4501.4735	17.479999999999563	trials	False	False	False	True	True	False	[0.47942284 0.52057713 0.93474436 0.06525569]	-0.455321479588747	-0.4141671843826771	-0.22766071930527687	-0.2070835866034031	0.06525569409132004	[26756 26756 26756 26755 26755]	[26818 26817 26817 26817 26817]		
4507.01375	4.888750000000073	epochs															maze_arm	318.0
4511.9205	7.014250000000175	epochs															feedback_and_iti	318.0
4511.9205	0.9847499999996217	epochs															feedback_delay	318.0
4512.924	1.9822500000000218	epochs															feedback	318.0
4514.94025	3.9945000000006985	epochs															iti	318.0
4518.9535	5.831000000000131	epochs															maze	319.0
4518.9535	4.008500000000822	epochs															maze_stem	319.0
4518.972	10.999499999999898	trials	False	False	False	True	False	True	[0.4301084  0.56989157 0.67656654 0.3234334 ]	-0.24645815789699554	-0.10667498409748077	0.12322907149791718	0.053337469696998596	0.6765665411949158	[26861 26861 26860 26860 26860]	[26895 26895 26894 26894 26894]		
4522.98225	1.8022499999997308	epochs															maze_arm	319.0
4524.801	5.151499999999942	epochs															feedback_and_iti	319.0
4524.801	0.9839999999994689	epochs															feedback_delay	319.0
4525.802	1.9845000000004802	epochs															feedback	319.0
4527.967	1.985500000000684	epochs															iti	319.0
4529.9715	7.580500000000029	epochs															maze	320.0
4529.9715	4.9815000000007785	epochs															maze_stem	320.0
4529.989	12.7762500000008	trials	False	False	False	True	False	True	[0.46816662 0.53183341 0.87388843 0.12611157]	-0.40572182834148407	-0.3420550376176834	0.20286090672016144	0.1710275262594223	0.8738884329795837	[26927 26927 26927 26926 26926]	[26971 26971 26971 26971 26971]		
4534.97125	2.58075000000008	epochs															maze_arm	320.0
4537.569	5.173499999999876	epochs															feedback_and_iti	320.0
4537.569	1.0002499999991414	epochs															feedback_delay	320.0
4538.5855	1.9697500000002037	epochs															feedback	320.0
4540.7495	1.993000000000393	epochs															iti	320.0
4542.76525	8.28399999999965	epochs															maze	321.0
4542.76525	7.065249999999651	epochs															maze_stem	321.0
4542.78675	15.303249999999935	trials	False	False	False	False	False	False	[0.52278978 0.47721028 0.93596375 0.06403628]	-0.41317398846149445	-0.45875348150730133	-0.20658698678016663	0.22937676310539246	0.5227897763252258	[27004 27003 27003 27003 27003]	[27052 27052 27052 27052 27052]		
4549.85025	1.1989999999996144	epochs															maze_arm	321.0
4551.072	7.000750000000153	epochs															feedback_and_iti	321.0
4551.072	0.9812499999998181	epochs															feedback_delay	321.0
4552.07625	1.9747500000003129	epochs															feedback	321.0
4554.09025	3.9825000000000728	epochs															iti	321.0
4558.09	7.313750000000255	epochs															maze	322.0
4558.09	4.23174999999992	epochs															maze_stem	322.0
4558.109	12.485249999999724	trials	False	False	False	True	False	True	[0.66875362 0.33124635 0.80366755 0.19633247]	-0.13491389900445938	-0.47242117673158646	0.06745696067810059	0.23621058464050293	0.8036675453186035	[27096 27095 27095 27095 27095]	[27138 27138 27138 27138 27138]		
4562.33925	3.0645000000004075	epochs															maze_arm	322.0
4565.42075	5.153749999999491	epochs															feedback_and_iti	322.0
4565.42075	0.9992499999998472	epochs															feedback_delay	322.0
4566.436	1.9697500000002037	epochs															feedback	322.0
4568.586	1.9884999999994761	epochs															iti	322.0
4570.59425	26.80249999999978	epochs															maze	323.0
4570.59425	24.34375	epochs															maze_stem	323.0
4570.61475	31.994000000000597	trials	False	False	False	False	True	True	[0.67341948 0.32658055 0.92050904 0.07949091]	-0.24708960205316544	-0.5939285233616829	0.12354481965303421	-0.29696426540613174	0.32658055424690247	[27170 27170 27170 27170 27170]	[27330 27330 27330 27330 27329]		
4594.9615	2.4352499999995416	epochs															maze_arm	323.0
4597.419	5.169750000000022	epochs															feedback_and_iti	323.0
4597.419	0.9800000000004729	epochs															feedback_delay	323.0
4598.42175	1.9842499999995198	epochs															feedback	323.0
4600.60325	1.9854999999997744	epochs															iti	323.0
4602.60875	15.526499999999942	epochs															maze	324.0
4602.60875	13.205999999999221	epochs															maze_stem	324.0
4602.62775	22.561250000000655	trials	False	False	False	True	True	False	[0.4950341  0.50496584 0.84437782 0.15562215]	-0.3493437021970749	-0.3394119590520859	-0.17467184364795685	-0.16970600187778473	0.15562215447425842	[27362 27362 27362 27362 27362]	[27455 27454 27454 27454 27454]		
4615.833	2.3022500000006403	epochs															maze_arm	324.0
4618.1535	7.0164999999997235	epochs															feedback_and_iti	324.0
4618.1535	0.9982499999996435	epochs															feedback_delay	324.0
4619.1695	1.9682499999998981	epochs															feedback	324.0
4621.174	3.9960000000000946	epochs															iti	324.0
4625.189	10.510749999999462	epochs															maze	325.0
4625.189	8.52874999999949	epochs															maze_stem	325.0
4625.21075	15.704249999999774	trials	False	False	False	False	True	True	[0.3926684  0.60733163 0.54928219 0.45071778]	-0.15661382675170898	0.058049410581588745	0.07830692827701569	0.029024705290794373	0.6073316335678101	[27498 27498 27497 27497 27497]	[27560 27560 27559 27559 27559]		
4633.7365	1.963249999999789	epochs															maze_arm	325.0
4635.7215	5.172250000000531	epochs															feedback_and_iti	325.0
4635.7215	0.9807500000006257	epochs															feedback_delay	325.0
4636.72425	1.981499999999869	epochs															feedback	325.0
4638.895	1.9987499999997453	epochs															iti	325.0
4640.915	13.70849999999973	epochs															maze	326.0
4640.915	9.355749999999716	epochs															maze_stem	326.0
4640.93675	20.735499999999774	trials	True	False	False	True	True	False	[0.2372015  0.76279849 0.66268986 0.33731014]	-0.4254883602261543	0.10010863095521927	-0.21274417638778687	0.050054311752319336	0.33731013536453247	[27592 27592 27592 27591 27591]	[27673 27673 27673 27673 27673]		
4650.28875	4.3347499999999854	epochs															maze_arm	326.0
4654.64325	7.008749999999964	epochs															feedback_and_iti	326.0
4654.64325	0.9847499999996217	epochs															feedback_delay	326.0
4655.64975	1.9760000000005675	epochs															feedback	326.0
4657.66175	3.9902499999998327	epochs															iti	326.0
4661.67225	10.019750000000386	epochs															maze	327.0
4661.67225	6.234750000000531	epochs															maze_stem	327.0
4661.6895	17.07049999999981	trials	False	False	False	True	True	False	[0.19944011 0.80055988 0.34578115 0.65421891]	-0.1463410034775734	0.4547787681221962	-0.0731704831123352	0.227389395236969	0.6542189121246338	[27717 27716 27716 27716 27716]	[27776 27776 27775 27775 27775]		
4667.92525	3.7667499999997744	epochs															maze_arm	327.0
4671.7175	7.018750000000182	epochs															feedback_and_iti	327.0
4671.7175	0.9840000000003783	epochs															feedback_delay	327.0
4672.719	1.986750000000029	epochs															feedback	327.0
4674.7395	3.9967500000002474	epochs															iti	327.0
4678.76	15.10399999999936	epochs															maze	328.0
4678.76	12.86724999999933	epochs															maze_stem	328.0
4678.78375	20.311500000000706	trials	False	False	False	False	True	True	[0.25763083 0.74236923 0.30430946 0.69569051]	-0.04667867720127106	0.4380597323179245	0.02333936095237732	0.21902987360954285	0.7423692345619202	[27819 27819 27819 27818 27818]	[27909 27908 27908 27908 27908]		
4691.6455	2.218499999999949	epochs															maze_arm	328.0
4693.8865	5.187000000000808	epochs															feedback_and_iti	328.0
4693.8865	0.9937500000005457	epochs															feedback_delay	328.0
4694.90225	1.9747500000003129	epochs															feedback	328.0
4697.079	1.9945000000006985	epochs															iti	328.0
4699.09525	14.147750000000087	epochs															maze	329.0
4699.09525	11.83075000000008	epochs															maze_stem	329.0
4699.116	19.342499999999745	trials	False	False	False	False	True	True	[0.15851924 0.84148073 0.44310877 0.5568912 ]	-0.2845895290374756	0.39837196469306946	0.1422947645187378	0.19918596744537354	0.8414807319641113	[27941 27941 27940 27940 27940]	[28025 28025 28024 28024 28024]		
4710.94475	2.298250000000735	epochs															maze_arm	329.0
4713.26425	5.173499999999876	epochs															feedback_and_iti	329.0
4713.26425	0.9859999999998763	epochs															feedback_delay	329.0
4714.27275	1.989249999999629	epochs															feedback	329.0
4716.46125	1.97649999999976	epochs															iti	329.0
4718.4585	12.677500000000691	epochs															maze	330.0
4718.4585	10.406750000000102	epochs															maze_stem	330.0
4718.4785	17.863499999999476	trials	False	False	False	False	True	True	[0.13340685 0.86659318 0.44100681 0.55899322]	-0.3075999617576599	0.42558637261390686	0.15379998087882996	0.21279320120811462	0.8665931820869446	[28057 28057 28057 28056 28056]	[28132 28132 28132 28131 28131]		
4728.88575	2.250250000000051	epochs															maze_arm	330.0
4731.15825	5.164749999999913	epochs															feedback_and_iti	330.0
4731.15825	0.9859999999998763	epochs															feedback_delay	330.0
4732.166	1.98700000000008	epochs															feedback	330.0
4734.3445	1.9785000000001673	epochs															iti	330.0
4736.342	18.41625000000022	epochs															maze	331.0
4736.342	16.75250000000051	epochs															maze_stem	331.0
4736.36425	23.608000000000175	trials	False	False	False	False	True	True	[0.11743107 0.88256896 0.45679006 0.54320991]	-0.33935901895165443	0.4257788695394993	0.16967952251434326	0.2128894329071045	0.8825689554214478	[28164 28164 28164 28164 28163]	[28274 28273 28273 28273 28273]		
4753.1145	1.643750000000182	epochs															maze_arm	331.0
4754.78	5.172250000000531	epochs															feedback_and_iti	331.0
4754.78	0.9827500000001237	epochs															feedback_delay	331.0
4755.785	1.986750000000029	epochs															feedback	331.0
4757.9565	1.9957500000000437	epochs															iti	331.0
4759.97225	6.967999999999847	epochs															maze	332.0
4759.97225	5.306500000000597	epochs															maze_stem	332.0
4759.9905	12.163250000000517	trials	True	False	False	True	False	True	[0.1050816  0.89491838 0.47120517 0.52879483]	-0.3661235682666302	0.42371321842074394	0.18306178972125053	-0.21185661479830742	0.4712051749229431	[28306 28306 28305 28305 28305]	[28347 28347 28346 28346 28346]		
4765.297	1.64325000000008	epochs															maze_arm	332.0
4766.96125	5.1655000000000655	epochs															feedback_and_iti	332.0
4766.96125	0.9954999999999927	epochs															feedback_delay	332.0
4767.9795	1.9780000000000655	epochs															feedback	332.0
4770.13725	1.9895000000005894	epochs															iti	332.0
4772.15375	12.944749999999658	epochs															maze	333.0
4772.15375	11.26824999999917	epochs															maze_stem	333.0
4772.1775	18.134250000000065	trials	False	False	False	False	True	True	[0.20243448 0.79756552 0.78099018 0.21900985]	-0.5785556882619858	0.016575351357460022	0.2892778366804123	0.008287683129310608	0.7975655198097229	[28379 28379 28378 28378 28378]	[28456 28455 28455 28455 28455]		
4783.44025	1.6582500000004075	epochs															maze_arm	333.0
4785.12	5.170500000000175	epochs															feedback_and_iti	333.0
4785.12	0.9842500000004293	epochs															feedback_delay	333.0
4786.12775	1.9802500000005239	epochs															feedback	333.0
4788.3065	1.9840000000003783	epochs															iti	333.0
4790.31175	15.661000000000058	epochs															maze	334.0
4790.31175	13.815499999999702	epochs															maze_stem	334.0
4790.334	20.847999999999956	trials	False	False	False	False	True	True	[0.18894388 0.81105608 0.74615043 0.25384963]	-0.557206504046917	0.06490569561719894	0.2786032259464264	0.03245285153388977	0.8110560774803162	[28488 28488 28487 28487 28487]	[28581 28581 28580 28580 28580]		
4804.14625	1.8265000000001237	epochs															maze_arm	334.0
4805.99275	5.167999999999665	epochs															feedback_and_iti	334.0
4805.99275	0.9864999999999782	epochs															feedback_delay	334.0
4807.002	1.968499999999949	epochs															feedback	334.0
4809.176	1.9847499999996217	epochs															iti	334.0
4811.182	12.250500000000102	epochs															maze	335.0
4811.182	10.51825000000008	epochs															maze_stem	335.0
4811.20275	19.298999999999978	trials	False	False	False	True	True	False	[0.10302001 0.89697999 0.64281356 0.35718638]	-0.5397935807704926	0.2541663944721222	-0.26989680528640747	0.1270831823348999	0.35718637704849243	[28613 28613 28612 28612 28612]	[28685 28685 28685 28685 28685]		
4821.719	1.71349999999984	epochs															maze_arm	335.0
4823.4485	7.033999999999651	epochs															feedback_and_iti	335.0
4823.4485	0.9857499999998254	epochs															feedback_delay	335.0
4824.4515	1.9864999999999782	epochs															feedback	335.0
4826.47275	4.009750000000167	epochs															iti	335.0
4830.50175	6.829499999999825	epochs															maze	336.0
4830.50175	4.796499999999469	epochs															maze_stem	336.0
4830.52375	11.999249999999847	trials	False	False	False	True	False	True	[0.12284397 0.87715602 0.3056854  0.69431466]	-0.18284139409661293	0.5714706517755985	0.09142071381211281	-0.2857353128492832	0.3056854009628296	[28729 28729 28728 28728 28728]	[28769 28769 28768 28768 28768]		
4835.317	2.0142500000001746	epochs															maze_arm	336.0
4837.34725	5.155499999999847	epochs															feedback_and_iti	336.0
4837.34725	0.9997499999999491	epochs															feedback_delay	336.0
4838.36475	1.967250000000604	epochs															feedback	336.0
4840.51	1.9927499999994325	epochs															iti	336.0
4842.523	8.263500000000022	epochs															maze	337.0
4842.523	6.905999999999949	epochs															maze_stem	337.0
4842.5415	15.292249999999513	trials	False	False	False	False	False	False	[0.19839501 0.80160499 0.69938314 0.30061686]	-0.5009881258010864	0.10222184658050537	-0.2504940629005432	-0.051110923290252686	0.1983950138092041	[28801 28801 28800 28800 28800]	[28849 28849 28849 28849 28849]		
4849.447	1.3395000000000437	epochs															maze_arm	337.0
4850.809	7.005500000000211	epochs															feedback_and_iti	337.0
4850.809	0.9912500000000364	epochs															feedback_delay	337.0
4851.8225	1.9652500000001965	epochs															feedback	337.0
4853.831	3.9835000000002765	epochs															iti	337.0
4857.83375	8.999499999999898	epochs															maze	338.0
4857.83375	7.195749999999862	epochs															maze_stem	338.0
4857.856	14.170500000000175	trials	False	False	False	True	False	True	[0.58362746 0.41637251 0.69233662 0.30766335]	-0.10870915651321411	-0.2759641110897064	0.054354578256607056	0.13798204064369202	0.6923366189002991	[28893 28892 28892 28892 28892]	[28946 28945 28945 28945 28945]		
4865.046	1.7872499999994034	epochs															maze_arm	338.0
4866.84875	5.1587499999996	epochs															feedback_and_iti	338.0
4866.84875	0.9997499999999491	epochs															feedback_delay	338.0
4867.866	1.9705000000003565	epochs															feedback	338.0
4870.012	1.9954999999999927	epochs															iti	338.0
4872.0265	10.632499999999709	epochs															maze	339.0
4872.0265	7.29175000000032	epochs															maze_stem	339.0
4872.048	17.67150000000038	trials	False	False	False	True	True	False	[0.47422704 0.52577293 0.84579718 0.15420285]	-0.3715701103210449	-0.3200242221355438	-0.18578504025936127	-0.1600121110677719	0.15420284867286682	[28978 28977 28977 28977 28977]	[29040 29040 29040 29040 29040]		
4879.338	3.3209999999999127	epochs															maze_arm	339.0
4882.67575	7.0219999999999345	epochs															feedback_and_iti	339.0
4882.67575	0.9879999999993743	epochs															feedback_delay	339.0
4883.6805	1.9882499999994252	epochs															feedback	339.0
4885.70025	3.9975000000004	epochs															iti	339.0
4889.7195	12.264750000000276	epochs															maze	340.0
4889.7195	9.425749999999425	epochs															maze_stem	340.0
4889.7435	17.448500000000422	trials	False	False	False	False	True	True	[0.30593994 0.69406009 0.46757677 0.5324232 ]	-0.1616368591785431	0.2264832854270935	0.08081844449043274	0.11324164271354675	0.6940600872039795	[29084 29084 29083 29083 29083]	[29156 29156 29156 29156 29156]		
4899.1665	2.81775000000016	epochs															maze_arm	340.0
4902.007	5.167000000000371	epochs															feedback_and_iti	340.0
4902.007	0.9802500000005239	epochs															feedback_delay	340.0
4903.01075	1.995999999999185	epochs															feedback	340.0
4905.1885	1.9854999999997744	epochs															iti	340.0
4907.192	16.128249999999753	epochs															maze	341.0
4907.192	14.282000000000153	epochs															maze_stem	341.0
4907.21175	23.16624999999931	trials	False	False	False	True	True	False	[0.20064531 0.79935467 0.46703169 0.53296834]	-0.26638635247945786	0.33232300728559494	-0.13319316506385803	0.16616150736808777	0.5329683423042297	[29188 29188 29188 29188 29188]	[29284 29284 29284 29284 29283]		
4921.491	1.8292499999997744	epochs															maze_arm	341.0
4923.33525	7.0164999999997235	epochs															feedback_and_iti	341.0
4923.33525	0.98700000000008	epochs															feedback_delay	341.0
4924.33825	1.9880000000002838	epochs															feedback	341.0
4926.3605	3.9912500000000364	epochs															iti	341.0
4930.378	12.8100000000004	epochs															maze	342.0
4930.378	10.66125000000011	epochs															maze_stem	342.0
4930.40225	17.98725000000013	trials	True	False	False	False	True	True	[0.14094985 0.8590501  0.19892387 0.80107611]	-0.05797400325536728	0.6601262465119362	0.028986990451812744	0.3300631046295166	0.8590500950813293	[29327 29327 29327 29327 29327]	[29403 29403 29403 29403 29403]		
4941.05925	2.1287499999998545	epochs															maze_arm	342.0
4943.20925	5.158500000000458	epochs															feedback_and_iti	342.0
4943.20925	0.9835000000002765	epochs															feedback_delay	342.0
4944.21525	1.9780000000000655	epochs															feedback	342.0
4946.378	1.9897500000006403	epochs															iti	342.0
4948.3895	13.642249999999876	epochs															maze	343.0
4948.3895	11.481249999999818	epochs															maze_stem	343.0
4948.411	18.826250000000073	trials	False	False	False	False	True	True	[0.1730579  0.82694209 0.3682344  0.6317656 ]	-0.19517648965120316	0.45870769768953323	0.09758824110031128	0.22935384511947632	0.8269420862197876	[29435 29435 29435 29435 29435]	[29516 29516 29516 29516 29516]		
4959.8895	2.1422499999998763	epochs															maze_arm	343.0
4962.05425	5.16399999999976	epochs															feedback_and_iti	343.0
4962.05425	0.9979999999995925	epochs															feedback_delay	343.0
4963.07475	1.9729999999999563	epochs															feedback	343.0
4965.2365	1.98174999999992	epochs															iti	343.0
4967.23725	15.14325000000008	epochs															maze	344.0
4967.23725	13.05724999999984	epochs															maze_stem	344.0
4967.25725	22.183250000000044	trials	False	False	False	True	True	False	[0.11973368 0.88026631 0.32647038 0.67352962]	-0.20673668757081032	0.55379593744874	-0.10336834192276001	0.27689796686172485	0.6735296249389648	[29548 29548 29548 29548 29548]	[29638 29638 29638 29638 29638]		
4980.31325	2.067250000000058	epochs															maze_arm	344.0
4982.396	7.019500000000335	epochs															feedback_and_iti	344.0
4982.396	0.985250000000633	epochs															feedback_delay	344.0
4983.39725	1.98700000000008	epochs															feedback	344.0
4985.42175	3.993749999999636	epochs															iti	344.0
4989.4405	15.539999999999964	epochs															maze	345.0
4989.4405	13.352499999999964	epochs															maze_stem	345.0
4989.46675	20.735750000000735	trials	False	False	False	False	True	True	[0.09663706 0.90336287 0.13977902 0.86022097]	-0.0431419275701046	0.76358387991786	0.021570950746536255	0.3817919194698334	0.9033628702163696	[29682 29681 29681 29681 29681]	[29774 29774 29773 29773 29773]		
5002.8135	2.1669999999994616	epochs															maze_arm	345.0
5005.002	5.181499999999687	epochs															feedback_and_iti	345.0
5005.002	0.996499999999287	epochs															feedback_delay	345.0
5006.0205	1.980000000000473	epochs															feedback	345.0
5008.18775	1.9957500000000437	epochs															iti	345.0
5010.2025	11.576500000000124	epochs															maze	346.0
5010.2025	7.179749999999331	epochs															maze_stem	346.0
5010.22125	18.61450000000059	trials	False	False	False	True	True	False	[0.10245123 0.89754874 0.2804521  0.71954787]	-0.17800087109208107	0.6170966364443302	-0.08900043368339539	0.30854830145835876	0.7195478677749634	[29806 29806 29806 29805 29805]	[29875 29874 29874 29874 29874]		
5017.399	4.380000000000109	epochs															maze_arm	346.0
5021.79575	7.02074999999968	epochs															feedback_and_iti	346.0
5021.79575	0.983499999999367	epochs															feedback_delay	346.0
5022.79525	2.0	epochs															feedback	346.0
5024.83125	3.9852499999997235	epochs															iti	346.0
5028.83575	10.934499999999389	epochs															maze	347.0
5028.83575	7.281750000000102	epochs															maze_stem	347.0
5028.855	17.96900000000005	trials	False	False	False	True	True	False	[0.08698601 0.91301399 0.12375151 0.87624848]	-0.036765504628419876	0.7892624773085117	-0.018382757902145386	0.3946312367916107	0.8762484788894653	[29918 29918 29917 29917 29917]	[29982 29982 29982 29982 29982]		
5036.13525	3.634999999999309	epochs															maze_arm	347.0
5039.78575	7.015999999999622	epochs															feedback_and_iti	347.0
5039.78575	0.9877500000002328	epochs															feedback_delay	347.0
5040.7895	1.9892500000005384	epochs															feedback	347.0
5042.813	3.988749999999527	epochs															iti	347.0
5046.824	13.74200000000019	epochs															maze	348.0
5046.824	12.156500000000051	epochs															maze_stem	348.0
5046.8435	18.931499999999687	trials	False	False	False	False	True	True	[0.09953848 0.90046155 0.12218256 0.87781745]	-0.02264409139752388	0.7782789878547192	0.011322051286697388	0.3891395032405853	0.9004615545272827	[30026 30025 30025 30025 30025]	[30107 30107 30107 30106 30106]		
5058.999	1.5670000000000073	epochs															maze_arm	348.0
5060.58775	5.167500000000473	epochs															feedback_and_iti	348.0
5060.58775	0.9957500000000437	epochs															feedback_delay	348.0
5061.6055	1.9622500000004948	epochs															feedback	348.0
5063.77175	1.9835000000002765	epochs															iti	348.0
5065.775	7.670000000000073	epochs															maze	349.0
5065.775	4.804000000000087	epochs															maze_stem	349.0
5065.793	14.709749999999985	trials	False	False	False	True	True	False	[0.09206494 0.90793502 0.21907847 0.78092158]	-0.12701348587870598	0.6888565979897976	-0.06350672245025635	0.34442830085754395	0.7809215784072876	[30139 30139 30139 30139 30138]	[30184 30184 30184 30184 30183]		
5070.59575	2.8492499999993015	epochs															maze_arm	349.0
5073.464	7.016249999999673	epochs															feedback_and_iti	349.0
5073.464	0.9859999999998763	epochs															feedback_delay	349.0
5074.4675	1.9880000000002838	epochs															feedback	349.0
5076.492	3.988249999999425	epochs															iti	349.0
5080.50275	10.418000000000575	epochs															maze	350.0
5080.50275	8.646999999999935	epochs															maze_stem	350.0
5080.5255	15.610000000000582	trials	False	False	False	False	True	True	[0.07961358 0.92038643 0.10233948 0.89766055]	-0.022725891321897507	0.8180469609797001	0.011362940073013306	0.4090234935283661	0.9203864336013794	[30228 30227 30227 30227 30227]	[30289 30289 30289 30288 30288]		
5089.17075	1.75	epochs															maze_arm	350.0
5090.94225	5.171999999999571	epochs															feedback_and_iti	350.0
5090.94225	0.9804999999996653	epochs															feedback_delay	350.0
5091.94775	1.987500000000182	epochs															feedback	350.0
5094.12425	1.9899999999997817	epochs															iti	350.0
5096.1355	6.72649999999976	epochs															maze	351.0
5096.1355	4.780499999999847	epochs															maze_stem	351.0
5096.15875	11.92700000000059	trials	True	False	False	True	False	True	[0.08407377 0.91592628 0.21002789 0.78997213]	-0.12595413625240326	0.7058983743190765	0.06297706067562103	-0.3529491722583771	0.21002788841724396	[30321 30321 30321 30321 30320]	[30361 30360 30360 30360 30360]		
5100.93725	1.924750000000131	epochs															maze_arm	351.0
5102.8825	5.182499999999891	epochs															feedback_and_iti	351.0
5102.8825	0.992750000000342	epochs															feedback_delay	351.0
5103.89525	1.9847500000005311	epochs															feedback	351.0
5106.07375	1.9912500000000364	epochs															iti	351.0
5108.08575	8.876999999999498	epochs															maze	352.0
5108.08575	5.083749999999782	epochs															maze_stem	352.0
5108.10575	14.061500000000706	trials	False	False	False	True	False	True	[0.16994801 0.83005196 0.50891155 0.49108848]	-0.33896350860595703	0.32114043831825256	0.1694817692041397	-0.16057021915912628	0.5089115500450134	[30393 30393 30393 30392 30392]	[30445 30445 30445 30445 30444]		
5113.1875	3.775249999999687	epochs															maze_arm	352.0
5116.97925	5.16649999999936	epochs															feedback_and_iti	352.0
5116.97925	0.9852499999997235	epochs															feedback_delay	352.0
5117.9815	1.986750000000029	epochs															feedback	352.0
5120.164	1.98174999999992	epochs															iti	352.0
5122.16725	15.215249999999287	epochs															maze	353.0
5122.16725	13.002999999999702	epochs															maze_stem	353.0
5122.188	20.42724999999973	trials	True	False	False	False	True	True	[0.32828939 0.67171067 0.74831712 0.25168294]	-0.4200277328491211	-0.07660645246505737	0.21001386642456055	-0.0383031964302063	0.6717106699943542	[30477 30477 30477 30477 30477]	[30568 30567 30567 30567 30567]		
5135.18975	2.19275000000016	epochs															maze_arm	353.0
5137.40275	5.192000000000007	epochs															feedback_and_iti	353.0
5137.40275	0.9894999999996799	epochs															feedback_delay	353.0
5138.41275	1.9852499999997235	epochs															feedback	353.0
5140.60125	1.9935000000004948	epochs															iti	353.0
5142.61525	16.896499999999833	epochs															maze	354.0
5142.61525	14.219250000000102	epochs															maze_stem	354.0
5142.63625	23.92975000000024	trials	False	False	False	True	True	False	[0.2301387  0.76986128 0.53423959 0.46576035]	-0.3041009083390236	0.23562166839838028	-0.1520504653453827	0.11781081557273865	0.46576035022735596	[30600 30600 30600 30599 30599]	[30700 30700 30700 30700 30699]		
5156.851	2.6607500000000073	epochs															maze_arm	354.0
5159.52875	7.0164999999997235	epochs															feedback_and_iti	354.0
5159.52875	0.9994999999998981	epochs															feedback_delay	354.0
5160.54475	1.9705000000003565	epochs															feedback	354.0
5162.5495	3.9957500000000437	epochs															iti	354.0
5166.566	10.988500000000386	epochs															maze	355.0
5166.566	8.811000000000604	epochs															maze_stem	355.0
5166.586	16.186999999999898	trials	True	False	False	False	True	True	[0.18262671 0.81737328 0.26359975 0.73640025]	-0.08097303658723831	0.5537735298275948	0.04048651456832886	0.2768867611885071	0.8173732757568359	[30744 30743 30743 30743 30743]	[30808 30808 30808 30808 30808]		
5175.39475	2.1597499999998035	epochs															maze_arm	355.0
5177.57525	5.178750000000036	epochs															feedback_and_iti	355.0
5177.57525	0.9795000000003711	epochs															feedback_delay	355.0
5178.57575	1.9957500000000437	epochs															feedback	355.0
5180.76475	1.989249999999629	epochs															iti	355.0
5182.773	17.261749999999665	epochs															maze	356.0
5182.773	14.679250000000138	epochs															maze_stem	356.0
5182.7905	24.29699999999957	trials	False	False	False	True	True	False	[0.18172655 0.81827343 0.40086487 0.59913516]	-0.21913829445838928	0.4174085855484009	-0.10956913232803345	0.20870429277420044	0.599135160446167	[30841 30840 30840 30840 30840]	[30943 30943 30943 30943 30942]		
5197.47	2.564749999999549	epochs															maze_arm	356.0
5200.05075	7.016999999999825	epochs															feedback_and_iti	356.0
5200.05075	0.9862499999999272	epochs															feedback_delay	356.0
5201.05275	1.9909999999999854	epochs															feedback	356.0
5203.0805	3.987250000000131	epochs															iti	356.0
5207.0875	13.805750000000444	epochs															maze	357.0
5207.0875	12.123000000000502	epochs															maze_stem	357.0
5207.106	20.840250000000196	trials	False	False	False	True	True	False	[0.12231049 0.87768954 0.17505178 0.82494819]	-0.05274131894111633	0.7026377320289612	-0.02637067437171936	0.3513188660144806	0.8249481916427612	[30986 30986 30986 30986 30986]	[31068 31068 31068 31068 31067]		
5219.22925	1.66399999999976	epochs															maze_arm	357.0
5220.9105	7.012749999999869	epochs															feedback_and_iti	357.0
5220.9105	0.9932500000004438	epochs															feedback_delay	357.0
5221.92975	1.9654999999993379	epochs															feedback	357.0
5223.931	3.99225000000024	epochs															iti	357.0
5227.94625	21.797749999999724	epochs															maze	358.0
5227.94625	19.26025000000027	epochs															maze_stem	358.0
5227.96725	28.83375000000069	trials	False	False	False	True	True	False	[0.1259471  0.87405288 0.15056376 0.84943628]	-0.024616628885269165	0.7234891504049301	-0.012308299541473389	0.36174458265304565	0.8494362831115723	[31112 31111 31111 31111 31111]	[31241 31241 31241 31241 31240]		
5247.2265	2.5174999999999272	epochs															maze_arm	358.0
5249.76125	7.020750000000589	epochs															feedback_and_iti	358.0
5249.76125	0.9850000000005821	epochs															feedback_delay	358.0
5250.763	1.9862499999999272	epochs															feedback	358.0
5252.7875	3.994499999999789	epochs															iti	358.0
5256.801	9.182749999999942	epochs															maze	359.0
5256.801	5.983499999999367	epochs															maze_stem	359.0
5256.8215	14.375500000000102	trials	True	False	False	True	False	True	[0.11964083 0.88035917 0.12876202 0.87123799]	-0.009121187031269073	0.7515971586108208	0.004560597240924835	-0.3757985755801201	0.12876202166080475	[31284 31284 31284 31284 31284]	[31339 31338 31338 31338 31338]		
5262.8025	3.1812500000005457	epochs															maze_arm	359.0
5266.00575	5.172499999999673	epochs															feedback_and_iti	359.0
5266.00575	0.9837499999994179	epochs															feedback_delay	359.0
5267.01125	1.9840000000003783	epochs															feedback	359.0
5269.18475	1.9934999999995853	epochs															iti	359.0
5271.197	18.682999999999993	epochs															maze	360.0
5271.197	16.24449999999979	epochs															maze_stem	360.0
5271.21725	23.868500000000495	trials	False	False	False	False	True	True	[0.19518286 0.80481714 0.37536988 0.62463015]	-0.18018700182437897	0.429447278380394	0.09009349346160889	0.2147236466407776	0.8048171401023865	[31371 31371 31370 31370 31370]	[31482 31482 31481 31481 31481]		
5287.46125	2.418749999999818	epochs															maze_arm	360.0
5289.89975	5.1652500000000146	epochs															feedback_and_iti	360.0
5289.89975	0.9972500000003492	epochs															feedback_delay	360.0
5290.9205	1.9667499999995925	epochs															feedback	360.0
5293.075	1.9899999999997817	epochs															iti	360.0
5295.08575	10.27849999999944	epochs															maze	361.0
5295.08575	5.912999999999556	epochs															maze_stem	361.0
5295.10775	17.30699999999979	trials	False	False	False	True	True	False	[0.20543823 0.79456174 0.39473531 0.60526472]	-0.18929705023765564	0.3998264670372009	-0.09464851021766663	0.19991323351860046	0.6052647233009338	[31514 31514 31514 31513 31513]	[31575 31574 31574 31574 31574]		
5301.01675	4.3474999999998545	epochs															maze_arm	361.0
5305.381	7.013249999999971	epochs															feedback_and_iti	361.0
5305.381	0.9849999999996726	epochs															feedback_delay	361.0
5306.38275	1.987250000000131	epochs															feedback	361.0
5308.40375	3.9904999999998836	epochs															iti	361.0
5312.41475	12.005750000000262	epochs															maze	362.0
5312.41475	9.821750000000065	epochs															maze_stem	362.0
5312.43475	17.183999999999287	trials	False	False	False	False	True	True	[0.13910747 0.86089247 0.16236007 0.83763993]	-0.02325257658958435	0.6985324323177338	0.011626273393630981	0.3492662012577057	0.8608924746513367	[31618 31618 31618 31617 31617]	[31689 31689 31689 31688 31688]		
5322.25725	2.1632500000005166	epochs															maze_arm	362.0
5324.44125	5.155499999999847	epochs															feedback_and_iti	362.0
5324.44125	0.9989999999997963	epochs															feedback_delay	362.0
5325.462	1.96349999999984	epochs															feedback	362.0
5327.6035	1.9932499999995343	epochs															iti	362.0
5329.61875	6.09375	epochs															maze	363.0
5329.61875	4.4392500000003565	epochs															maze_stem	363.0
5329.6385	11.292000000000371	trials	True	False	False	True	False	True	[0.11393773 0.8860622  0.28449723 0.71550274]	-0.17055948451161385	0.6015649922192097	0.08527975156903267	-0.3007825203239918	0.2844972312450409	[31721 31721 31721 31720 31720]	[31757 31756 31756 31756 31756]		
5334.0805	1.631999999999607	epochs															maze_arm	363.0
5335.73325	5.171999999999571	epochs															feedback_and_iti	363.0
5335.73325	0.9894999999996799	epochs															feedback_delay	363.0
5336.74325	1.9724999999998545	epochs															feedback	363.0
5338.905	2.000250000000051	epochs															iti	363.0
5340.9305	8.896249999999782	epochs															maze	364.0
5340.9305	7.171249999999418	epochs															maze_stem	364.0
5340.9485	14.09649999999965	trials	True	False	False	False	True	True	[0.205626   0.79437393 0.59506762 0.40493238]	-0.3894415870308876	0.19930634647607803	0.1947207748889923	0.09965315461158752	0.7943739295005798	[31789 31789 31788 31788 31788]	[31841 31841 31841 31841 31840]		
5348.1215	1.7052499999999782	epochs															maze_arm	364.0
5349.84575	5.181749999999738	epochs															feedback_and_iti	364.0
5349.84575	0.9827499999992142	epochs															feedback_delay	364.0
5350.849	1.994249999999738	epochs															feedback	364.0
5353.038	1.9895000000005894	epochs															iti	364.0
5355.045	9.164499999999862	epochs															maze	365.0
5355.045	5.3162499999998545	epochs															maze_stem	365.0
5355.0635	16.191749999999956	trials	False	False	False	True	True	False	[0.20837478 0.79162526 0.50632286 0.49367717]	-0.29794808477163315	0.28530239313840866	-0.14897404611110687	0.14265121519565582	0.49367716908454895	[31873 31873 31873 31873 31873]	[31927 31927 31927 31927 31927]		
5360.3795	3.8299999999999272	epochs															maze_arm	365.0
5364.22625	7.007000000000517	epochs															feedback_and_iti	365.0
5364.22625	0.9845000000004802	epochs															feedback_delay	365.0
5365.22975	1.983499999999367	epochs															feedback	365.0
5367.24675	3.986499999999978	epochs															iti	365.0
5371.25525	11.99474999999984	epochs															maze	366.0
5371.25525	10.09875000000011	epochs															maze_stem	366.0
5371.2785	17.165500000000065	trials	True	False	False	False	True	True	[0.18240216 0.81759787 0.26256257 0.73743743]	-0.08016042411327362	0.5550352782011032	0.04008021950721741	0.2775176465511322	0.8175978660583496	[31971 31970 31970 31970 31970]	[32042 32041 32041 32041 32041]		
5381.3735	1.8765000000003056	epochs															maze_arm	366.0
5383.2715	5.154999999999745	epochs															feedback_and_iti	366.0
5383.2715	0.9935000000004948	epochs															feedback_delay	366.0
5384.28575	1.9724999999998545	epochs															feedback	366.0
5386.43975	1.986750000000029	epochs															iti	366.0
5388.444	8.52624999999989	epochs															maze	367.0
5388.444	6.994999999999891	epochs															maze_stem	367.0
5388.463	13.702000000000226	trials	False	False	False	True	False	True	[0.17258769 0.82741231 0.39866763 0.60133237]	-0.22607994079589844	0.42874467372894287	0.11303997039794922	-0.21437233686447144	0.3986676335334778	[32074 32074 32073 32073 32073]	[32124 32124 32124 32123 32123]		
5395.45725	1.51299999999992	epochs															maze_arm	367.0
5396.987	5.1587499999996	epochs															feedback_and_iti	367.0
5396.987	0.9844999999995707	epochs															feedback_delay	367.0
5397.98825	1.9879999999993743	epochs															feedback	367.0
5400.16125	1.9844999999995707	epochs															iti	367.0
5402.165	6.810999999999694	epochs															maze	368.0
5402.165	5.314000000000306	epochs															maze_stem	368.0
5402.1835	11.988999999999578	trials	False	False	False	True	False	True	[0.29484421 0.70515579 0.67560577 0.32439417]	-0.38076159358024597	0.029549986124038696	0.1903807818889618	-0.014775007963180542	0.6756057739257812	[32156 32156 32156 32155 32155]	[32196 32196 32195 32195 32195]		
5407.49525	1.4807499999997162	epochs															maze_arm	368.0
5408.99175	5.160499999999956	epochs															feedback_and_iti	368.0
5408.99175	0.9859999999998763	epochs															feedback_delay	368.0
5409.993	1.988999999999578	epochs															feedback	368.0
5412.155	1.9972500000003492	epochs															iti	368.0
5414.1725	14.91425000000072	epochs															maze	369.0
5414.1725	12.978500000000167	epochs															maze_stem	369.0
5414.193	20.107500000000073	trials	True	False	False	False	True	True	[0.39211139 0.60788864 0.83427346 0.16572654]	-0.44216208159923553	-0.22638483345508575	0.22108104825019836	-0.11319240927696228	0.6078886389732361	[32228 32228 32228 32227 32227]	[32316 32316 32316 32316 32316]		
5427.17	1.9167500000003201	epochs															maze_arm	369.0
5429.10725	5.1727499999997235	epochs															feedback_and_iti	369.0
5429.10725	0.9997499999999491	epochs															feedback_delay	369.0
5430.12775	1.9782500000001164	epochs															feedback	369.0
5432.2875	1.9924999999993815	epochs															iti	369.0
5434.3005	15.470749999999498	epochs															maze	370.0
5434.3005	13.527749999999287	epochs															maze_stem	370.0
5434.3205	20.65124999999989	trials	False	False	False	False	True	True	[0.28399989 0.71600014 0.67541546 0.32458454]	-0.3914155811071396	0.04058466851711273	0.1957077980041504	0.020292341709136963	0.7160001397132874	[32349 32348 32348 32348 32348]	[32440 32440 32440 32440 32440]		
5447.8465	1.924750000000131	epochs															maze_arm	370.0
5449.7955	5.154999999999745	epochs															feedback_and_iti	370.0
5449.7955	0.9982499999996435	epochs															feedback_delay	370.0
5450.81575	1.9705000000003565	epochs															feedback	370.0
5452.96775	1.9827500000001237	epochs															iti	370.0
5454.97175	14.511500000000524	epochs															maze	371.0
5454.97175	12.495249999999942	epochs															maze_stem	371.0
5454.99025	21.558250000000044	trials	False	False	False	True	True	False	[0.19089247 0.80910748 0.60382885 0.39617118]	-0.41293633729219437	0.2052786722779274	-0.2064681500196457	0.1026393324136734	0.3961711823940277	[32473 32472 32472 32472 32472]	[32559 32558 32558 32558 32558]		
5467.485	1.998250000000553	epochs															maze_arm	371.0
5469.501	7.028000000000247	epochs															feedback_and_iti	371.0
5469.501	0.9912500000000364	epochs															feedback_delay	371.0
5470.50975	1.9839999999994689	epochs															feedback	371.0
5472.5285	4.000500000000102	epochs															iti	371.0
5476.5485	9.414749999999913	epochs															maze	372.0
5476.5485	7.392499999999927	epochs															maze_stem	372.0
5476.569	14.581749999999374	trials	False	False	False	False	True	True	[0.17317721 0.82682276 0.29244319 0.70755678]	-0.11926597356796265	0.5343795716762543	0.05963298678398132	0.26718977093696594	0.8268227577209473	[32602 32602 32602 32601 32601]	[32657 32657 32657 32657 32657]		
5483.96125	2.001999999999498	epochs															maze_arm	372.0
5485.9855	5.146249999999782	epochs															feedback_and_iti	372.0
5485.9855	0.9942500000006476	epochs															feedback_delay	372.0
5487.00075	1.96349999999984	epochs															feedback	372.0
5489.1455	1.9862499999999272	epochs															iti	372.0
5491.15075	11.074000000000524	epochs															maze	373.0
5491.15075	8.83874999999989	epochs															maze_stem	373.0
5491.172	16.2757500000007	trials	True	False	False	True	False	True	[0.12802656 0.87197345 0.44878411 0.55121595]	-0.32075753062963486	0.42318936437368393	0.16037877649068832	-0.21159466356039047	0.44878411293029785	[32689 32689 32689 32689 32689]	[32755 32755 32755 32754 32754]		
5500.009	2.2157500000002983	epochs															maze_arm	373.0
5502.2455	5.182999999999993	epochs															feedback_and_iti	373.0
5502.2455	0.992750000000342	epochs															feedback_delay	373.0
5503.259	1.9809999999997672	epochs															feedback	373.0
5505.4365	1.9920000000001892	epochs															iti	373.0
5507.44775	12.849499999999352	epochs															maze	374.0
5507.44775	11.236499999999978	epochs															maze_stem	374.0
5507.4695	19.889250000000175	trials	False	False	False	False	False	False	[0.21000195 0.78999805 0.74711031 0.25288975]	-0.5371083319187164	0.04288777709007263	-0.2685541808605194	-0.021443873643875122	0.21000194549560547	[32787 32787 32787 32787 32786]	[32863 32863 32863 32863 32862]		
5518.70375	1.593499999999949	epochs															maze_arm	374.0
5520.3185	7.016999999999825	epochs															feedback_and_iti	374.0
5520.3185	0.9967499999993379	epochs															feedback_delay	374.0
5521.3385	1.9622500000004948	epochs															feedback	374.0
5523.34225	3.993250000000444	epochs															iti	374.0
5527.35875	6.016999999999825	epochs															maze	375.0
5527.35875	4.2554999999993015	epochs															maze_stem	375.0
5527.37825	11.20825000000059	trials	False	False	False	True	False	True	[0.56890547 0.43109456 0.64755493 0.3524451 ]	-0.07864946126937866	-0.21646037697792053	0.03932473063468933	0.10823020339012146	0.6475549340248108	[32907 32906 32906 32906 32906]	[32942 32941 32941 32941 32941]		
5531.64075	1.735000000000582	epochs															maze_arm	375.0
5533.391	5.17200000000048	epochs															feedback_and_iti	375.0
5533.391	0.985250000000633	epochs															feedback_delay	375.0
5534.3915	1.9887500000004366	epochs															feedback	375.0
5536.567	1.9960000000000946	epochs															iti	375.0
5538.5865	12.731999999999971	epochs															maze	376.0
5538.5865	10.714750000000095	epochs															maze_stem	376.0
5538.6075	17.928499999999985	trials	True	False	False	False	True	True	[0.5118764  0.48812363 0.82084441 0.17915557]	-0.30896802991628647	-0.3327208086848259	0.15448402613401413	-0.16636040061712265	0.4881236255168915	[32974 32974 32973 32973 32973]	[33049 33049 33049 33049 33048]		
5549.322	1.9965000000001965	epochs															maze_arm	376.0
5551.33875	5.175750000000335	epochs															feedback_and_iti	376.0
5551.33875	0.9894999999996799	epochs															feedback_delay	376.0
5552.34725	1.9772499999999127	epochs															feedback	376.0
5554.5175	1.9970000000002983	epochs															iti	376.0
5556.536	12.709749999999985	epochs															maze	377.0
5556.536	10.409249999999702	epochs															maze_stem	377.0
5556.555	17.891499999999724	trials	False	False	False	False	True	True	[0.41214582 0.58785421 0.75577539 0.24422464]	-0.3436295688152313	-0.16792118549346924	0.17181478440761566	-0.08396057784557343	0.5878542065620422	[33081 33081 33081 33081 33081]	[33157 33157 33156 33156 33156]		
5566.96525	2.280499999999847	epochs															maze_arm	377.0
5569.2665	5.160750000000007	epochs															feedback_and_iti	377.0
5569.2665	0.998000000000502	epochs															feedback_delay	377.0
5570.28625	1.9679999999998472	epochs															feedback	377.0
5572.44025	1.98700000000008	epochs															iti	377.0
5574.4465	12.270249999999578	epochs															maze	378.0
5574.4465	10.341999999999643	epochs															maze_stem	378.0
5574.46875	17.462749999999687	trials	True	False	False	False	True	True	[0.2506271  0.74937284 0.65357602 0.34642395]	-0.40294890105724335	0.09579683840274811	0.20147444307804108	0.04789839684963226	0.7493728399276733	[33189 33189 33188 33188 33188]	[33262 33261 33261 33261 33261]		
5584.80625	1.9104999999999563	epochs															maze_arm	378.0
5586.742	5.168499999999767	epochs															feedback_and_iti	378.0
5586.742	0.9962500000001455	epochs															feedback_delay	378.0
5587.75925	1.9769999999998618	epochs															feedback	378.0
5589.92375	1.986750000000029	epochs															iti	378.0
5591.9315	8.532750000000306	epochs															maze	379.0
5591.9315	6.623000000000502	epochs															maze_stem	379.0
5591.95	15.570749999999862	trials	False	False	False	False	False	False	[0.24782412 0.75217593 0.61585093 0.38414907]	-0.36802683025598526	0.13632497936487198	-0.18401340395212173	-0.0681624785065651	0.24782411754131317	[33294 33293 33293 33293 33293]	[33344 33344 33344 33343 33343]		
5598.57525	1.8890000000001237	epochs															maze_arm	379.0
5600.48575	7.0147500000002765	epochs															feedback_and_iti	379.0
5600.48575	0.9912500000000364	epochs															feedback_delay	379.0
5601.49875	1.9679999999998472	epochs															feedback	379.0
5603.505	3.9954999999999927	epochs															iti	379.0
5607.52075	8.614250000000538	epochs															maze	380.0
5607.52075	6.680000000000291	epochs															maze_stem	380.0
5607.54225	13.80224999999973	trials	True	False	False	False	True	True	[0.47687221 0.52312779 0.55893189 0.44106811]	-0.08205968141555786	-0.03580409288406372	0.04102984070777893	-0.01790204644203186	0.5231277942657471	[33387 33387 33387 33387 33386]	[33438 33438 33437 33437 33437]		
5614.2205	1.9144999999998618	epochs															maze_arm	380.0
5616.1545	5.1710000000002765	epochs															feedback_and_iti	380.0
5616.1545	0.9847500000005311	epochs															feedback_delay	380.0
5617.1595	1.9807500000006257	epochs															feedback	380.0
5619.33475	1.9907499999999345	epochs															iti	380.0
5621.3445	8.777250000000095	epochs															maze	381.0
5621.3445	4.717499999999745	epochs															maze_stem	381.0
5621.36275	15.806499999999687	trials	False	False	False	True	True	False	[0.3437764  0.6562236  0.64960694 0.35039306]	-0.30583053827285767	0.006616652011871338	-0.15291526913642883	0.003308326005935669	0.35039305686950684	[33470 33470 33470 33469 33469]	[33522 33522 33521 33521 33521]		
5626.08025	4.041500000000269	epochs															maze_arm	381.0
5630.14	7.01024999999936	epochs															feedback_and_iti	381.0
5630.14	0.9842499999995198	epochs															feedback_delay	381.0
5631.1405	1.9869999999991705	epochs															feedback	381.0
5633.161	3.989249999999629	epochs															iti	381.0
5637.16925	11.453999999999724	epochs															maze	382.0
5637.16925	9.075749999999971	epochs															maze_stem	382.0
5637.18775	18.490499999999884	trials	False	False	False	True	True	False	[0.26792869 0.73207134 0.3815521  0.6184479 ]	-0.11362342536449432	0.35051922500133514	-0.05681172013282776	0.17525961995124817	0.6184478998184204	[33565 33565 33565 33564 33564]	[33633 33632 33632 33632 33632]		
5646.263	2.3602499999997235	epochs															maze_arm	382.0
5648.64	7.019749999999476	epochs															feedback_and_iti	382.0
5648.64	0.983499999999367	epochs															feedback_delay	382.0
5649.64025	1.988999999999578	epochs															feedback	382.0
5651.6625	3.9972499999994398	epochs															iti	382.0
5655.67825	14.01575000000048	epochs															maze	383.0
5655.67825	8.370249999999942	epochs															maze_stem	383.0
5655.69525	19.201500000000124	trials	False	False	False	True	False	True	[0.26684052 0.73315942 0.29676649 0.70323348]	-0.029925957322120667	0.4363929480314255	0.01496298611164093	-0.21819649636745453	0.2967664897441864	[33676 33676 33675 33675 33675]	[33759 33759 33759 33758 33758]		
5664.06725	5.6267500000003565	epochs															maze_arm	383.0
5669.7125	5.163000000000466	epochs															feedback_and_iti	383.0
5669.7125	0.9837500000003274	epochs															feedback_delay	383.0
5670.714	1.99225000000024	epochs															feedback	383.0
5672.893	1.9825000000000728	epochs															iti	383.0
5674.89675	8.042250000000422	epochs															maze	384.0
5674.89675	6.304250000000138	epochs															maze_stem	384.0
5674.9175	13.235000000000582	trials	True	False	False	True	False	True	[0.33812213 0.66187787 0.6188423  0.3811577 ]	-0.28072017431259155	0.04303556680679321	0.14036008715629578	-0.021517783403396606	0.6188423037528992	[33791 33791 33791 33790 33790]	[33838 33838 33838 33838 33838]		
5681.221	1.7180000000007567	epochs															maze_arm	384.0
5682.9595	5.173999999999978	epochs															feedback_and_iti	384.0
5682.9595	0.9822500000000218	epochs															feedback_delay	384.0
5683.96225	1.987250000000131	epochs															feedback	384.0
5686.1525	1.9809999999997672	epochs															iti	384.0
5688.1525	6.708999999999833	epochs															maze	385.0
5688.1525	4.662000000000262	epochs															maze_stem	385.0
5688.1725	11.895500000000538	trials	True	False	False	True	False	True	[0.40020642 0.59979361 0.84289396 0.15710604]	-0.4426875561475754	-0.2431003600358963	0.2213437706232071	0.12155018746852875	0.8428939580917358	[33871 33870 33870 33870 33870]	[33910 33910 33909 33909 33909]		
5692.834	2.0275000000001455	epochs															maze_arm	385.0
5694.882	5.163250000000517	epochs															feedback_and_iti	385.0
5694.882	0.9795000000003711	epochs															feedback_delay	385.0
5695.88175	1.9862500000008367	epochs															feedback	385.0
5698.05825	1.98700000000008	epochs															iti	385.0
5700.068	12.460000000000036	epochs															maze	386.0
5700.068	7.250250000000051	epochs															maze_stem	386.0
5700.08825	17.668000000000575	trials	True	False	False	False	True	True	[0.5238269  0.4761731  0.91078818 0.08921181]	-0.38696128875017166	-0.4346150830388069	0.19348064810037613	-0.21730754524469376	0.4761731028556824	[33942 33942 33942 33941 33941]	[34016 34016 34015 34015 34015]		
5707.3375	5.190500000000611	epochs															maze_arm	386.0
5712.54925	5.186749999999847	epochs															feedback_and_iti	386.0
5712.54925	0.9957500000000437	epochs															feedback_delay	386.0
5713.56775	1.9774999999999636	epochs															feedback	386.0
5715.73775	1.9982499999996435	epochs															iti	386.0
5717.75625	13.841999999999643	epochs															maze	387.0
5717.75625	9.185749999999643	epochs															maze_stem	387.0
5717.77725	19.01524999999947	trials	False	False	False	False	True	True	[0.42453974 0.5754602  0.83367759 0.16632238]	-0.4091378301382065	-0.25821737945079803	0.20456890761852264	-0.1291087120771408	0.5754601955413818	[34048 34048 34048 34047 34047]	[34130 34130 34130 34129 34129]		
5726.96475	4.633499999999913	epochs															maze_arm	387.0
5731.6205	5.151499999999942	epochs															feedback_and_iti	387.0
5731.6205	0.9922500000002401	epochs															feedback_delay	387.0
5732.63475	1.9642499999999927	epochs															feedback	387.0
5734.783	1.988999999999578	epochs															iti	387.0
5736.7925	7.506750000000466	epochs															maze	388.0
5736.7925	5.9505000000008295	epochs															maze_stem	388.0
5736.8125	14.544499999999971	trials	False	False	False	False	False	False	[0.27736282 0.72263718 0.76388031 0.23611975]	-0.48651745915412903	-0.04124310612678528	-0.2432587444782257	0.020621567964553833	0.2773628234863281	[34162 34162 34162 34162 34161]	[34206 34206 34206 34206 34205]		
5742.764	1.5352499999999054	epochs															maze_arm	388.0
5744.3205	7.016999999999825	epochs															feedback_and_iti	388.0
5744.3205	0.9795000000003711	epochs															feedback_delay	388.0
5745.3225	1.9852499999997235	epochs															feedback	388.0
5747.34625	3.9912500000000364	epochs															iti	388.0
5751.357	8.541000000000167	epochs															maze	389.0
5751.357	6.36725000000024	epochs															maze_stem	389.0
5751.37675	13.734749999999622	trials	True	False	False	False	True	True	[0.52767152 0.47232851 0.67258078 0.32741925]	-0.14490926265716553	-0.20025226473808289	0.07245463132858276	-0.10012611746788025	0.4723285138607025	[34249 34249 34249 34249 34249]	[34300 34300 34299 34299 34299]		
5757.74375	2.154250000000502	epochs															maze_arm	389.0
5759.919	5.17200000000048	epochs															feedback_and_iti	389.0
5759.919	0.9862499999999272	epochs															feedback_delay	389.0
5760.92625	1.989249999999629	epochs															feedback	389.0
5763.0925	1.998500000000604	epochs															iti	389.0
5765.1115	15.392749999999978	epochs															maze	390.0
5765.1115	12.418749999999818	epochs															maze_stem	390.0
5765.1315	20.586499999999432	trials	False	False	False	False	True	True	[0.39077052 0.60922951 0.74553263 0.25446734]	-0.35476213693618774	-0.1363031566143036	0.17738108336925507	-0.0681515783071518	0.6092295050621033	[34332 34332 34332 34331 34331]	[34423 34423 34423 34423 34423]		
5777.54875	2.955500000000029	epochs															maze_arm	390.0
5780.527	5.170500000000175	epochs															feedback_and_iti	390.0
5780.527	0.9802499999996144	epochs															feedback_delay	390.0
5781.52925	1.990750000000844	epochs															feedback	390.0
5783.70575	1.9917500000001382	epochs															iti	390.0
5785.718	12.086250000000291	epochs															maze	391.0
5785.718	9.905249999999796	epochs															maze_stem	391.0
5785.738	17.27624999999989	trials	True	False	False	True	False	True	[0.24627493 0.75372505 0.77696276 0.22303726]	-0.5306878089904785	-0.023237690329551697	0.26534391194581985	0.011618845164775848	0.7769627571105957	[34456 34455 34455 34455 34455]	[34527 34527 34527 34526 34526]		
5795.6425	2.161750000000211	epochs															maze_arm	391.0
5797.82625	5.166500000000269	epochs															feedback_and_iti	391.0
5797.82625	0.9967500000002474	epochs															feedback_delay	391.0
5798.84375	1.979500000000371	epochs															feedback	391.0
5801.0085	1.9842500000004293	epochs															iti	391.0
5803.01425	12.826000000000022	epochs															maze	392.0
5803.01425	10.76825000000008	epochs															maze_stem	392.0
5803.03475	18.013750000000073	trials	False	False	False	False	True	True	[0.27415267 0.72584736 0.90200669 0.09799335]	-0.6278540156781673	-0.17615931853652	0.3139270059764385	-0.08807964250445366	0.7258473634719849	[34559 34559 34559 34559 34558]	[34635 34635 34635 34635 34634]		
5813.8015	2.0387500000006185	epochs															maze_arm	392.0
5815.86225	5.167749999999614	epochs															feedback_and_iti	392.0
5815.86225	0.988999999999578	epochs															feedback_delay	392.0
5816.87325	1.9842500000004293	epochs															feedback	392.0
5819.04925	1.9807499999997162	epochs															iti	392.0
5821.0485	6.32300000000032	epochs															maze	393.0
5821.0485	4.35950000000048	epochs															maze_stem	393.0
5821.06825	11.503499999999804	trials	True	False	False	True	False	True	[0.22358696 0.77641302 0.83894366 0.16105635]	-0.6153566837310791	-0.06253062188625336	0.30767834931612015	0.03126531094312668	0.8389436602592468	[34667 34667 34667 34667 34667]	[34704 34704 34704 34704 34704]		
5825.428	1.9435000000003129	epochs															maze_arm	393.0
5827.39325	5.157000000000153	epochs															feedback_and_iti	393.0
5827.39325	0.9819999999999709	epochs															feedback_delay	393.0
5828.39575	1.979750000000422	epochs															feedback	393.0
5830.56375	1.9864999999999782	epochs															iti	393.0
5832.57175	9.712999999999738	epochs															maze	394.0
5832.57175	6.042999999999665	epochs															maze_stem	394.0
5832.592	16.74775000000045	trials	False	False	False	True	True	False	[0.21818724 0.78181273 0.91750109 0.08249884]	-0.6993138678371906	-0.13568838313221931	-0.34965694323182106	-0.0678442157804966	0.08249884098768234	[34736 34736 34736 34736 34736]	[34794 34793 34793 34793 34793]		
5838.6335	3.651249999999891	epochs															maze_arm	394.0
5842.30025	7.018999999999323	epochs															feedback_and_iti	394.0
5842.30025	0.9877499999993233	epochs															feedback_delay	394.0
5843.30475	1.9857499999998254	epochs															feedback	394.0
5845.325	3.994249999999738	epochs															iti	394.0
5849.33975	8.605749999999716	epochs															maze	395.0
5849.33975	3.9470000000001164	epochs															maze_stem	395.0
5849.35675	15.641000000000531	trials	False	False	False	True	True	False	[0.27273563 0.7272644  0.58364016 0.41635984]	-0.3109045475721359	0.1436242312192917	-0.15545228123664856	0.07181212306022644	0.4163598418235779	[34837 34837 34837 34836 34836]	[34888 34887 34887 34887 34887]		
5853.30325	4.642249999999876	epochs															maze_arm	395.0
5857.96375	7.012499999999818	epochs															feedback_and_iti	395.0
5857.96375	0.9835000000002765	epochs															feedback_delay	395.0
5858.9655	1.988749999999527	epochs															feedback	395.0
5860.99	3.9862499999999272	epochs															iti	395.0
5864.99775	6.5734999999995125	epochs															maze	396.0
5864.99775	4.669499999999971	epochs															maze_stem	396.0
5865.01675	11.756000000000313	trials	False	False	False	True	False	True	[0.21236868 0.78763127 0.36148944 0.63851053]	-0.1491207554936409	0.4261418357491493	0.07456038147211075	-0.21307093650102615	0.3614894449710846	[34931 34931 34930 34930 34930]	[34969 34969 34969 34969 34968]		
5869.6855	1.885750000000371	epochs															maze_arm	396.0
5871.588	5.166500000000269	epochs															feedback_and_iti	396.0
5871.588	0.9847500000005311	epochs															feedback_delay	396.0
5872.5895	1.98700000000008	epochs															feedback	396.0
5874.76075	1.9937499999996362	epochs															iti	396.0
5876.77275	9.631499999999505	epochs															maze	397.0
5876.77275	7.168249999999716	epochs															maze_stem	397.0
5876.79125	14.805499999999483	trials	False	False	False	True	False	True	[0.27653354 0.72346646 0.70889825 0.29110175]	-0.43236470222473145	0.014568209648132324	0.21618235111236572	-0.007284104824066162	0.7088982462882996	[35001 35001 35001 35001 35001]	[35058 35058 35058 35058 35057]		
5883.9575	2.446749999999156	epochs															maze_arm	397.0
5886.42175	5.15349999999944	epochs															feedback_and_iti	397.0
5886.42175	0.9997499999999491	epochs															feedback_delay	397.0
5887.4385	1.9659999999994398	epochs															feedback	397.0
5889.58225	1.9929999999994834	epochs															iti	397.0
5891.59675	7.403250000000298	epochs															maze	398.0
5891.59675	5.380000000000109	epochs															maze_stem	398.0
5891.61625	12.577750000000378	trials	True	False	False	True	False	True	[0.37509125 0.62490875 0.88351923 0.11648076]	-0.508427981287241	-0.25861049070954323	0.25421398878097534	0.12930524349212646	0.8835192322731018	[35090 35090 35090 35090 35089]	[35134 35134 35133 35133 35133]		
5896.99575	2.0042499999999563	epochs															maze_arm	398.0
5899.02075	5.1527500000001965	epochs															feedback_and_iti	398.0
5899.02075	0.9977500000004511	epochs															feedback_delay	398.0
5900.0395	1.9679999999998472	epochs															feedback	398.0
5902.186	1.987500000000182	epochs															iti	398.0
5904.194	11.305499999999483	epochs															maze	399.0
5904.194	9.84375	epochs															maze_stem	399.0
5904.21525	14.397500000000036	trials	False	False	False	False	True	True	[0.44799834 0.55200166 0.92802274 0.07197729]	-0.48002437874674797	-0.3760210685431957	0.24001218006014824	-0.18801052495837212	0.5520016551017761	[35166 35166 35165 35165 35165]	[35233 35232 35232 35232 35232]		
5914.059	1.4404999999997017	epochs															maze_arm	399.0
5915.52025	3.092500000000655	epochs															feedback_and_iti	399.0
5915.52025	0.9954999999999927	epochs															feedback_delay	399.0
5916.53775	1.978249999999207	epochs															feedback	399.0
