onset	duration	nwb_table	is_vis	is_ruleA	is_switch	is_cueB	is_choL	is_correct	association_mat	rule_belief	signed_bias	rule_following	bias_following	prob_actual_cho	trial_onset_plane_frame_idx	trial_offset_plane_frame_idx	epoch_type	trial_id
23.22025	9.945749999999997	epochs															maze	0.0
23.22025	7.747	epochs															maze_stem	0.0
23.255	16.95775	trials	False	False	False	False	False	False	[0.26453617 0.73546386 0.38418308 0.61581695]	-0.11964690685272217	0.3512807786464691	-0.059823453426361084	-0.17564037442207336	0.26453617215156555	[83 83 83 83 83]	[142 142 142 141 141]		
30.98925	2.1767499999999984	epochs															maze_arm	0.0
33.1915	7.001249999999999	epochs															feedback_and_iti	0.0
33.1915	0.9817500000000052	epochs															feedback_delay	0.0
34.19675	1.9739999999999966	epochs															feedback	0.0
36.21225	3.9804999999999993	epochs															iti	0.0
40.21275	9.061	epochs															maze	1.0
40.21275	7.546250000000001	epochs															maze_stem	1.0
40.23075	14.270499999999998	trials	False	False	False	True	False	True	[0.52814227 0.47185776 0.40667623 0.59332377]	0.1214660257101059	0.06518150866031647	-0.060733020305633545	-0.03259074687957764	0.4066762328147888	[185 185 185 185 184]	[239 238 238 238 238]		
47.77525	1.4985	epochs															maze_arm	1.0
49.29	5.191250000000004	epochs															feedback_and_iti	1.0
49.29	0.9852500000000006	epochs															feedback_delay	1.0
50.293	1.990000000000002	epochs															feedback	1.0
52.48725	1.9939999999999998	epochs															iti	1.0
54.50125	11.42725	epochs															maze	2.0
54.50125	9.01025	epochs															maze_stem	2.0
54.5195	18.487500000000004	trials	False	False	False	False	False	False	[0.46368736 0.53631264 0.61902893 0.38097107]	-0.15534156560897827	-0.08271628618240356	-0.07767078280448914	0.04135814309120178	0.46368736028671265	[271 271 270 270 270]	[338 338 338 338 338]		
63.5335	2.395000000000003	epochs															maze_arm	2.0
65.9505	7.033249999999995	epochs															feedback_and_iti	2.0
65.9505	0.9789999999999992	epochs															feedback_delay	2.0
66.95275	1.9909999999999997	epochs															feedback	2.0
68.99675	3.9869999999999948	epochs															iti	2.0
73.007	9.679000000000002	epochs															maze	3.0
73.007	8.007499999999993	epochs															maze_stem	3.0
73.02775	14.872749999999996	trials	False	False	False	True	False	True	[0.67736655 0.32263345 0.64666617 0.35333386]	0.030700400471687317	-0.3240327090024948	-0.015350192785263062	0.162016361951828	0.6466661691665649	[382 382 381 381 381]	[439 439 439 438 438]		
81.03375	1.6522500000000093	epochs															maze_arm	3.0
82.703	5.177999999999997	epochs															feedback_and_iti	3.0
82.703	0.9879999999999995	epochs															feedback_delay	3.0
83.709	1.9882499999999936	epochs															feedback	3.0
85.884	1.9969999999999999	epochs															iti	3.0
87.9005	11.202000000000012	epochs															maze	4.0
87.9005	9.562250000000006	epochs															maze_stem	4.0
87.91825	16.394999999999996	trials	False	False	False	True	False	True	[0.55173558 0.44826442 0.73562533 0.2643747 ]	-0.1838897317647934	-0.28736089169979095	0.0919448733329773	0.14368045330047607	0.7356253266334534	[471 471 471 471 470]	[537 537 537 537 537]		
97.4815	1.6210000000000093	epochs															maze_arm	4.0
99.118	5.176500000000004	epochs															feedback_and_iti	4.0
99.118	0.9847500000000053	epochs															feedback_delay	4.0
100.1185	1.9877500000000055	epochs															feedback	4.0
102.304	1.9904999999999973	epochs															iti	4.0
104.31325	10.587500000000006	epochs															maze	5.0
104.31325	9.081500000000005	epochs															maze_stem	5.0
104.3325	15.766500000000008	trials	False	False	False	True	False	True	[0.52420723 0.47579277 0.80447733 0.19552262]	-0.28027012199163437	-0.32868459075689316	0.1401350498199463	0.16434228420257568	0.804477334022522	[570 569 569 569 569]	[632 632 632 631 631]		
113.41325	1.4874999999999972	epochs															maze_arm	5.0
114.916	5.163750000000007	epochs															feedback_and_iti	5.0
114.916	0.9890000000000043	epochs															feedback_delay	5.0
115.922	1.9840000000000089	epochs															feedback	5.0
118.09775	1.9819999999999993	epochs															iti	5.0
120.099	13.767250000000004	epochs															maze	6.0
120.099	12.317750000000004	epochs															maze_stem	6.0
120.11625	18.953000000000017	trials	False	False	False	True	False	True	[0.51097906 0.48902094 0.83302605 0.16697395]	-0.32204699516296387	-0.34400510787963867	0.16102349758148193	0.17200255393981934	0.8330260515213013	[664 664 664 664 663]	[746 746 745 745 745]		
132.4365	1.4297500000000127	epochs															maze_arm	6.0
133.883	5.165999999999997	epochs															feedback_and_iti	6.0
133.883	0.98599999999999	epochs															feedback_delay	6.0
134.88675	1.9852500000000077	epochs															feedback	6.0
137.05475	1.9942499999999939	epochs															iti	6.0
139.06925	9.781499999999994	epochs															maze	7.0
139.06925	6.550249999999977	epochs															maze_stem	7.0
139.09025	16.803500000000014	trials	False	False	False	False	False	False	[0.49916011 0.50083989 0.84860337 0.15139663]	-0.349443256855011	-0.3477634787559509	-0.1747216284275055	0.17388173937797546	0.49916011095046997	[778 778 778 777 777]	[836 835 835 835 835]		
145.64175	3.209000000000003	epochs															maze_arm	7.0
148.87175	7.001500000000021	epochs															feedback_and_iti	7.0
148.87175	0.9922500000000127	epochs															feedback_delay	7.0
149.88675	1.9644999999999868	epochs															feedback	7.0
151.89225	3.981000000000023	epochs															iti	7.0
155.89375	8.993499999999983	epochs															maze	8.0
155.89375	7.150999999999982	epochs															maze_stem	8.0
155.9145	16.043499999999995	trials	False	False	False	False	False	False	[0.67667764 0.32332236 0.81857538 0.1814246 ]	-0.1418977454304695	-0.4952530339360237	-0.07094886898994446	0.24762651324272156	0.6766776442527771	[879 879 878 878 878]	[932 932 931 931 931]		
163.06525	1.8220000000000027	epochs															maze_arm	8.0
164.911	7.024499999999989	epochs															feedback_and_iti	8.0
164.911	0.9767500000000098	epochs															feedback_delay	8.0
165.91175	1.9934999999999832	epochs															feedback	8.0
167.9435	3.9919999999999902	epochs															iti	8.0
171.958	8.266999999999996	epochs															maze	9.0
171.958	6.180000000000007	epochs															maze_stem	9.0
171.97875	13.477249999999998	trials	False	False	False	False	True	True	[0.70634013 0.29365987 0.75289142 0.24710856]	-0.04655129462480545	-0.45923156291246414	0.023275651037693024	-0.22961578518152237	0.29365986585617065	[975 975 975 974 974]	[1024 1024 1023 1023 1023]		
178.15825	2.0667499999999848	epochs															maze_arm	9.0
180.248	5.185500000000019	epochs															feedback_and_iti	9.0
180.248	0.9872500000000173	epochs															feedback_delay	9.0
181.25875	1.9860000000000184	epochs															feedback	9.0
183.43425	1.9992500000000177	epochs															iti	9.0
185.456	9.813749999999999	epochs															maze	10.0
185.456	7.105500000000006	epochs															maze_stem	10.0
185.47825	14.99475000000001	trials	False	False	False	False	True	True	[0.3045072  0.6954928  0.56948447 0.43051553]	-0.26497727632522583	0.12600833177566528	0.13248863816261292	0.06300416588783264	0.6954928040504456	[1056 1056 1056 1055 1055]	[1114 1114 1114 1113 1113]		
192.583	2.6867499999999893	epochs															maze_arm	10.0
195.2915	5.164249999999981	epochs															feedback_and_iti	10.0
195.2915	0.9802499999999839	epochs															feedback_delay	10.0
196.294	1.9899999999999807	epochs															feedback	10.0
198.46875	1.9869999999999948	epochs															iti	10.0
200.473	11.573249999999973	epochs															maze	11.0
200.473	10.131249999999994	epochs															maze_stem	11.0
200.4915	16.74924999999999	trials	False	False	False	True	False	True	[0.18305819 0.81694186 0.45172423 0.54827577]	-0.2686660662293434	0.3652176037430763	0.1343330219388008	-0.18260879069566727	0.45172423124313354	[1146 1146 1146 1145 1145]	[1215 1214 1214 1214 1214]		
210.62225	1.4239999999999782	epochs															maze_arm	11.0
212.063	5.157250000000005	epochs															feedback_and_iti	11.0
212.063	0.9990000000000236	epochs															feedback_delay	11.0
213.08	1.9707499999999811	epochs															feedback	11.0
215.23525	1.9849999999999852	epochs															iti	11.0
217.24075	11.552999999999997	epochs															maze	12.0
217.24075	10.116250000000008	epochs															maze_stem	12.0
217.26025	16.728499999999997	trials	False	False	False	True	False	True	[0.31658271 0.68341726 0.71608442 0.28391558]	-0.399501696228981	-0.032667145133018494	0.1997508555650711	0.01633356511592865	0.7160844206809998	[1247 1246 1246 1246 1246]	[1315 1315 1315 1314 1314]		
227.37575	1.417999999999978	epochs															maze_arm	12.0
228.8105	5.157000000000011	epochs															feedback_and_iti	12.0
228.8105	0.9832499999999982	epochs															feedback_delay	12.0
229.81075	1.9907499999999914	epochs															feedback	12.0
231.98225	1.9852500000000077	epochs															iti	12.0
233.98875	9.465749999999986	epochs															maze	13.0
233.98875	6.721749999999986	epochs															maze_stem	13.0
234.0095	14.657250000000005	trials	True	False	False	False	True	True	[0.36020389 0.63979614 0.79249895 0.20750102]	-0.4322950839996338	-0.15270283818244934	0.2161475569009781	-0.07635141909122467	0.6397961378097534	[1347 1347 1347 1346 1346]	[1403 1403 1402 1402 1402]		
240.73075	2.7237499999999955	epochs															maze_arm	13.0
243.4755	5.17349999999999	epochs															feedback_and_iti	13.0
243.4755	0.9829999999999757	epochs															feedback_delay	13.0
244.48125	1.989750000000015	epochs															feedback	13.0
246.65675	1.9922500000000127	epochs															iti	13.0
248.66675	11.844250000000017	epochs															maze	14.0
248.66675	10.424999999999983	epochs															maze_stem	14.0
248.6855	17.021000000000015	trials	False	False	False	True	False	True	[0.13733611 0.86266387 0.70148367 0.29851636]	-0.5641475319862366	0.16118022799491882	0.2820737808942795	-0.08059011399745941	0.7014836668968201	[1435 1435 1435 1434 1434]	[1505 1505 1505 1504 1504]		
259.1105	1.4005000000000223	epochs															maze_arm	14.0
260.5265	5.156999999999982	epochs															feedback_and_iti	14.0
260.5265	0.9852500000000077	epochs															feedback_delay	14.0
261.527	1.9837499999999864	epochs															feedback	14.0
263.69475	1.9887499999999818	epochs															iti	14.0
265.7065	11.538999999999987	epochs															maze	15.0
265.7065	9.561750000000018	epochs															maze_stem	15.0
265.72525	16.755749999999978	trials	True	False	False	True	False	True	[0.20447899 0.79552096 0.81850386 0.18149614]	-0.6140248402953148	-0.022982873022556305	0.3070124313235283	0.011491425335407257	0.8185038566589355	[1537 1537 1537 1537 1536]	[1605 1605 1605 1605 1605]		
275.28975	1.9557499999999663	epochs															maze_arm	15.0
277.2665	5.1854999999999905	epochs															feedback_and_iti	15.0
277.2665	0.9847500000000196	epochs															feedback_delay	15.0
278.27125	1.9917499999999677	epochs															feedback	15.0
280.4655	1.9864999999999782	epochs															iti	15.0
282.481	10.789249999999981	epochs															maze	16.0
282.481	6.448500000000024	epochs															maze_stem	16.0
282.5035	15.977750000000015	trials	False	False	False	False	True	True	[0.20471808 0.79528189 0.78235734 0.21764269]	-0.5776392221450806	0.01292458176612854	0.2888195961713791	0.00646229088306427	0.7952818870544434	[1638 1638 1637 1637 1637]	[1701 1701 1701 1701 1701]		
288.95	4.320249999999987	epochs															maze_arm	16.0
293.292	5.17025000000001	epochs															feedback_and_iti	16.0
293.292	0.9847500000000196	epochs															feedback_delay	16.0
294.29825	1.982500000000016	epochs															feedback	16.0
296.46775	1.9944999999999595	epochs															iti	16.0
298.48125	11.67900000000003	epochs															maze	17.0
298.48125	10.077750000000037	epochs															maze_stem	17.0
298.4995	16.857249999999965	trials	False	False	False	True	False	True	[0.11050437 0.88949561 0.82904172 0.17095827]	-0.7185373455286026	0.06045389175415039	0.3592686727643013	-0.030226953327655792	0.8290417194366455	[1734 1733 1733 1733 1733]	[1803 1803 1802 1802 1802]		
308.57775	1.5825000000000387	epochs															maze_arm	17.0
310.17675	5.16074999999995	epochs															feedback_and_iti	17.0
310.17675	0.9849999999999568	epochs															feedback_delay	17.0
311.1785	1.9892500000000268	epochs															feedback	17.0
313.3725	1.964999999999975	epochs															iti	17.0
315.35675	11.65300000000002	epochs															maze	18.0
315.35675	9.653500000000008	epochs															maze_stem	18.0
315.374	16.839499999999987	trials	False	False	False	True	False	True	[0.17995147 0.82004857 0.83867288 0.16132717]	-0.6587214022874832	-0.018624305725097656	0.3293607011437416	0.009312175214290619	0.8386728763580322	[1835 1835 1834 1834 1834]	[1904 1904 1903 1903 1903]		
325.0295	1.9802500000000123	epochs															maze_arm	18.0
327.02575	5.163499999999999	epochs															feedback_and_iti	18.0
327.02575	0.9869999999999663	epochs															feedback_delay	18.0
328.0275	1.986500000000035	epochs															feedback	18.0
330.19725	1.9920000000000186	epochs															iti	18.0
332.2135	9.079250000000002	epochs															maze	19.0
332.2135	6.1577499999999645	epochs															maze_stem	19.0
332.23675	14.263500000000022	trials	False	False	False	False	True	True	[0.19295743 0.8070426  0.84995854 0.15004143]	-0.6570011377334595	-0.04291597008705139	0.32850058376789093	-0.021457985043525696	0.8070425987243652	[1936 1936 1936 1935 1935]	[1989 1989 1989 1989 1989]		
338.393	2.89975000000004	epochs															maze_arm	19.0
341.315	5.1650000000000205	epochs															feedback_and_iti	19.0
341.315	0.9940000000000282	epochs															feedback_delay	19.0
342.33125	1.9732500000000073	epochs															feedback	19.0
344.4875	1.9925000000000068	epochs															iti	19.0
346.50025	10.892749999999978	epochs															maze	20.0
346.50025	7.674500000000023	epochs															maze_stem	20.0
346.5195	16.06725	trials	False	False	False	False	True	True	[0.09742616 0.90257382 0.85791516 0.14208484]	-0.7604889944195747	0.04465866833925247	0.38024449348449707	0.022329330444335938	0.902573823928833	[2022 2021 2021 2021 2021]	[2086 2086 2086 2085 2085]		
354.19475	3.198249999999973	epochs															maze_arm	20.0
357.4145	5.153750000000002	epochs															feedback_and_iti	20.0
357.4145	0.99675000000002	epochs															feedback_delay	20.0
358.43425	1.9674999999999727	epochs															feedback	20.0
360.587	1.9812499999999886	epochs															iti	20.0
362.58675	12.062749999999994	epochs															maze	21.0
362.58675	10.10775000000001	epochs															maze_stem	21.0
362.60525	17.265499999999975	trials	False	False	False	True	False	True	[0.07484131 0.92515868 0.83790141 0.1620986 ]	-0.7630600892007351	0.0872572772204876	0.381530050188303	-0.04362863674759865	0.8379014134407043	[2118 2118 2118 2117 2117]	[2189 2189 2189 2189 2189]		
372.7135	1.9359999999999786	epochs															maze_arm	21.0
374.665	5.182749999999999	epochs															feedback_and_iti	21.0
374.665	0.9855000000000018	epochs															feedback_delay	21.0
375.666	1.992999999999995	epochs															feedback	21.0
377.85375	1.9940000000000282	epochs															iti	21.0
379.87075	10.822749999999985	epochs															maze	22.0
379.87075	9.193250000000035	epochs															maze_stem	22.0
379.8895	16.021500000000003	trials	False	False	False	True	False	True	[0.13972732 0.86027265 0.85188371 0.14811631]	-0.7121563628315926	0.008388958871364594	0.3560781925916672	-0.004194483160972595	0.8518837094306946	[2222 2221 2221 2221 2221]	[2286 2285 2285 2285 2285]		
389.0835	1.6099999999999568	epochs															maze_arm	22.0
390.71025	5.1790000000000305	epochs															feedback_and_iti	22.0
390.71025	0.9855000000000018	epochs															feedback_delay	22.0
391.71275	1.9817499999999768	epochs															feedback	22.0
393.89425	1.9950000000000045	epochs															iti	22.0
395.911	9.745999999999981	epochs															maze	23.0
395.911	6.940499999999986	epochs															maze_stem	23.0
395.932	14.928249999999991	trials	True	False	False	False	True	True	[0.16150285 0.83849716 0.85816389 0.14183609]	-0.6966610550880432	-0.019666746258735657	0.3483305349946022	-0.009833373129367828	0.8384971618652344	[2318 2318 2317 2317 2317]	[2375 2375 2375 2375 2375]		
402.8705	2.7864999999999895	epochs															maze_arm	23.0
405.6785	5.159750000000031	epochs															feedback_and_iti	23.0
405.6785	0.9962500000000318	epochs															feedback_delay	23.0
406.69725	1.964999999999975	epochs															feedback	23.0
408.85075	1.9875000000000114	epochs															iti	23.0
410.86025	12.53449999999998	epochs															maze	24.0
410.86025	8.062000000000012	epochs															maze_stem	24.0
410.88225	17.722249999999974	trials	False	False	False	False	True	True	[0.06627858 0.93372136 0.83801991 0.16198003]	-0.7717413306236267	0.09570145606994629	0.38587066531181335	0.04785069823265076	0.9337213635444641	[2407 2407 2407 2407 2407]	[2482 2481 2481 2481 2481]		
418.94325	4.45150000000001	epochs															maze_arm	24.0
423.41775	5.166499999999985	epochs															feedback_and_iti	24.0
423.41775	0.9939999999999714	epochs															feedback_delay	24.0
424.43525	1.9737499999999955	epochs															feedback	24.0
426.5915	1.992750000000001	epochs															iti	24.0
428.6045	10.517250000000047	epochs															maze	25.0
428.6045	6.969500000000039	epochs															maze_stem	25.0
428.6225	15.73475000000002	trials	True	False	False	False	True	True	[0.05322127 0.94677871 0.8757115  0.1242885 ]	-0.8224902246147394	0.07106722332537174	0.41124510765075684	0.035533607006073	0.9467787146568298	[2514 2514 2513 2513 2513]	[2576 2576 2576 2575 2575]		
435.59475	3.5270000000000437	epochs															maze_arm	25.0
439.14325	5.189999999999998	epochs															feedback_and_iti	25.0
439.14325	0.9932499999999891	epochs															feedback_delay	25.0
440.157	1.9805000000000064	epochs															feedback	25.0
442.33	2.003250000000037	epochs															iti	25.0
444.35725	19.382000000000005	epochs															maze	26.0
444.35725	15.78649999999999	epochs															maze_stem	26.0
444.376	26.464500000000044	trials	False	False	False	False	False	False	[0.04791525 0.95208472 0.81461185 0.18538816]	-0.7666965797543526	0.13747289031744003	-0.3833483010530472	-0.06873644888401031	0.047915250062942505	[2608 2608 2608 2608 2607]	[2724 2723 2723 2723 2723]		
460.16525	3.5740000000000123	epochs															maze_arm	26.0
463.7605	7.056750000000022	epochs															feedback_and_iti	26.0
463.7605	0.9820000000000277	epochs															feedback_delay	26.0
464.76725	1.9934999999999832	epochs															feedback	26.0
466.80275	4.014499999999998	epochs															iti	26.0
470.8405	9.514499999999998	epochs															maze	27.0
470.8405	5.7167499999999905	epochs															maze_stem	27.0
470.862	14.724249999999984	trials	False	False	False	False	True	True	[0.35500294 0.644997   0.86573023 0.1342698 ]	-0.5107272416353226	-0.220733180642128	0.2553635984659195	-0.11036659777164459	0.6449970006942749	[2767 2767 2767 2766 2766]	[2823 2823 2823 2823 2822]		
476.57725	3.777750000000026	epochs															maze_arm	27.0
480.37525	5.191000000000031	epochs															feedback_and_iti	27.0
480.37525	0.9954999999999927	epochs															feedback_delay	27.0
481.39325	1.9737499999999955	epochs															feedback	27.0
483.57425	1.9920000000000186	epochs															iti	27.0
485.58625	12.32774999999998	epochs															maze	28.0
485.58625	8.697000000000003	epochs															maze_stem	28.0
485.607	17.50449999999995	trials	False	False	False	False	True	True	[0.06059697 0.93940306 0.81033581 0.18966413]	-0.7497388869524002	0.12906719744205475	0.3748694658279419	0.06453359127044678	0.9394030570983887	[2855 2855 2855 2855 2855]	[2928 2928 2928 2928 2928]		
494.3045	3.6094999999999686	epochs															maze_arm	28.0
497.93825	5.1542499999999905	epochs															feedback_and_iti	28.0
497.93825	0.9879999999999995	epochs															feedback_delay	28.0
498.948	1.975500000000011	epochs															feedback	28.0
501.1115	1.9809999999999945	epochs															iti	28.0
503.1115	12.319500000000062	epochs															maze	29.0
503.1115	10.728250000000003	epochs															maze_stem	29.0
503.12925	17.497500000000002	trials	False	False	False	True	False	True	[0.04910212 0.95089787 0.8109175  0.18908252]	-0.7618153635412455	0.1399803850799799	0.3809076864272356	-0.06999018974602222	0.8109174966812134	[2961 2960 2960 2960 2960]	[3033 3033 3033 3033 3033]		
513.8585	1.572499999999991	epochs															maze_arm	29.0
515.447	5.161500000000046	epochs															feedback_and_iti	29.0
515.447	0.9987499999999727	epochs															feedback_delay	29.0
516.463	1.9702500000000782	epochs															feedback	29.0
518.624	1.9845000000000255	epochs															iti	29.0
520.62675	11.298000000000002	epochs															maze	30.0
520.62675	9.78449999999998	epochs															maze_stem	30.0
520.648	16.484749999999963	trials	False	False	False	True	False	True	[0.09296316 0.90703684 0.82940048 0.17059955]	-0.7364373058080673	0.07763637602329254	0.36821866035461426	-0.038818180561065674	0.8294004797935486	[3066 3065 3065 3065 3065]	[3132 3132 3132 3132 3132]		
530.428	1.49675000000002	epochs															maze_arm	30.0
531.9435	5.166500000000042	epochs															feedback_and_iti	30.0
531.9435	0.9985000000000355	epochs															feedback_delay	30.0
532.9585	1.9717500000000427	epochs															feedback	30.0
535.13625	1.9737499999999955	epochs															iti	30.0
537.13275	10.467499999999973	epochs															maze	31.0
537.13275	7.130750000000035	epochs															maze_stem	31.0
537.15625	15.660250000000019	trials	False	False	False	False	True	True	[0.11769502 0.88230497 0.84402299 0.15597698]	-0.7263279780745506	0.03828196972608566	0.3631639927625656	0.019140973687171936	0.8823049664497375	[3165 3164 3164 3164 3164]	[3226 3226 3226 3226 3226]		
544.28475	3.315499999999929	epochs															maze_arm	31.0
547.6215	5.175749999999994	epochs															feedback_and_iti	31.0
547.6215	0.9845000000000255	epochs															feedback_delay	31.0
548.62725	1.993249999999989	epochs															feedback	31.0
550.81375	1.9834999999999354	epochs															iti	31.0
552.8165	12.456749999999943	epochs															maze	32.0
552.8165	10.798000000000002	epochs															maze_stem	32.0
552.83575	17.632749999999987	trials	False	False	False	True	False	True	[0.06179543 0.93820459 0.87376899 0.12623098]	-0.8119735773652792	0.0644355770200491	0.40598677657544613	-0.03221779130399227	0.8737689852714539	[3259 3258 3258 3258 3258]	[3332 3332 3332 3332 3331]		
563.63275	1.6404999999999745	epochs															maze_arm	32.0
565.2905	5.157500000000027	epochs															feedback_and_iti	32.0
565.2905	1.0	epochs															feedback_delay	32.0
566.30725	1.9677500000000236	epochs															feedback	32.0
568.46125	1.986750000000029	epochs															iti	32.0
570.4685	10.137500000000045	epochs															maze	33.0
570.4685	6.78550000000007	epochs															maze_stem	33.0
570.4885	15.326249999999959	trials	False	False	False	False	True	True	[0.12015814 0.87984192 0.8552655  0.14473449]	-0.7351073995232582	0.02457638829946518	0.3675537183880806	0.012288205325603485	0.8798419237136841	[3364 3364 3364 3364 3364]	[3424 3424 3424 3424 3423]		
577.2735	3.332499999999982	epochs															maze_arm	33.0
580.6255	5.167749999999955	epochs															feedback_and_iti	33.0
580.6255	0.9914999999999736	epochs															feedback_delay	33.0
581.639	1.9734999999999445	epochs															feedback	33.0
583.81	1.9832499999999982	epochs															iti	33.0
585.81475	12.730249999999955	epochs															maze	34.0
585.81475	8.445500000000038	epochs															maze_stem	34.0
585.836	17.917749999999955	trials	False	False	False	False	True	True	[0.06086962 0.93913037 0.88069522 0.11930472]	-0.8198256269097328	0.058435119688510895	0.4099128246307373	0.029217541217803955	0.9391303658485413	[3456 3456 3456 3456 3456]	[3532 3532 3531 3531 3531]		
594.28	4.264999999999986	epochs															maze_arm	34.0
598.56675	5.166000000000054	epochs															feedback_and_iti	34.0
598.56675	0.9845000000000255	epochs															feedback_delay	34.0
599.57425	1.9852499999999509	epochs															feedback	34.0
601.75175	1.9809999999999945	epochs															iti	34.0
603.75375	10.570749999999975	epochs															maze	35.0
603.75375	8.892000000000053	epochs															maze_stem	35.0
603.77225	15.772749999999974	trials	True	False	False	True	False	True	[0.05064497 0.94935501 0.869739   0.13026108]	-0.8190939761698246	0.07961605861783028	0.40954701229929924	-0.039808016270399094	0.8697389960289001	[3564 3564 3564 3563 3563]	[3626 3626 3626 3626 3626]		
612.666	1.65849999999989	epochs															maze_arm	35.0
614.34675	5.177500000000009	epochs															feedback_and_iti	35.0
614.34675	0.9787499999999909	epochs															feedback_delay	35.0
615.348	1.9872500000000173	epochs															feedback	35.0
617.54875	1.975500000000011	epochs															iti	35.0
619.545	11.224000000000046	epochs															maze	36.0
619.545	9.235750000000053	epochs															maze_stem	36.0
619.565	16.414499999999975	trials	True	False	False	True	False	True	[0.08807359 0.91192645 0.79514748 0.20485251]	-0.7070739157497883	0.11677894368767738	0.3535369448363781	-0.058389466255903244	0.7951474785804749	[3659 3658 3658 3658 3658]	[3725 3725 3725 3724 3724]		
628.80025	1.96875	epochs															maze_arm	36.0
630.792	5.170499999999947	epochs															feedback_and_iti	36.0
630.792	0.988999999999919	epochs															feedback_delay	36.0
631.80275	1.9710000000000036	epochs															feedback	36.0
633.9975	1.9650000000000318	epochs															iti	36.0
635.9795	12.528500000000008	epochs															maze	37.0
635.9795	10.869249999999965	epochs															maze_stem	37.0
635.9975	17.712750000000028	trials	False	False	False	True	False	True	[0.11167165 0.88832831 0.82939625 0.17060378]	-0.7177245654165745	0.0589320994913578	0.3588622994720936	-0.02946605160832405	0.8293962478637695	[3757 3757 3757 3757 3756]	[3831 3831 3831 3831 3831]		
646.867	1.6410000000000764	epochs															maze_arm	37.0
648.52475	5.166749999999979	epochs															feedback_and_iti	37.0
648.52475	0.9850000000000136	epochs															feedback_delay	37.0
649.52625	1.9872500000000173	epochs															feedback	37.0
651.701	1.9904999999999973	epochs															iti	37.0
653.71025	12.933250000000044	epochs															maze	38.0
653.71025	11.24025000000006	epochs															maze_stem	38.0
653.72725	18.116999999999962	trials	False	False	False	True	False	True	[0.12609668 0.87390327 0.86752933 0.1324707 ]	-0.7414326146245003	0.006373979151248932	0.37071632593870163	-0.0031869933009147644	0.8675293326377869	[3863 3863 3863 3863 3863]	[3940 3940 3940 3939 3939]		
664.9715	1.6720000000000255	epochs															maze_arm	38.0
666.66	5.162750000000074	epochs															feedback_and_iti	38.0
666.66	0.9840000000000373	epochs															feedback_delay	38.0
667.66075	1.99249999999995	epochs															feedback	38.0
669.84075	1.9820000000000846	epochs															iti	38.0
671.84425	9.961750000000052	epochs															maze	39.0
671.84425	8.275250000000028	epochs															maze_stem	39.0
671.86575	15.155749999999898	trials	False	False	False	True	False	True	[0.13066635 0.86933362 0.86531317 0.13468684]	-0.7346468046307564	0.004020474851131439	0.3673234134912491	-0.002010241150856018	0.8653131723403931	[3972 3972 3972 3972 3971]	[4031 4031 4031 4030 4030]		
680.1375	1.6684999999999945	epochs															maze_arm	39.0
681.82225	5.176999999999907	epochs															feedback_and_iti	39.0
681.82225	0.9862499999999272	epochs															feedback_delay	39.0
682.824	1.9904999999999973	epochs															feedback	39.0
685.00725	1.9919999999999618	epochs															iti	39.0
687.0215	10.649250000000052	epochs															maze	40.0
687.0215	7.869250000000079	epochs															maze_stem	40.0
687.043	15.835000000000036	trials	False	False	False	False	True	True	[0.13177936 0.86822063 0.86849874 0.13150123]	-0.7367193922400475	-0.0002781227231025696	0.368359699845314	-0.00013907253742218018	0.8682206273078918	[4063 4063 4063 4063 4062]	[4126 4126 4126 4125 4125]		
694.911	2.7597500000000537	epochs															maze_arm	40.0
697.69325	5.167749999999955	epochs															feedback_and_iti	40.0
697.69325	0.9834999999999354	epochs															feedback_delay	40.0
698.69875	1.9890000000000327	epochs															feedback	40.0
700.8755	1.9855000000000018	epochs															iti	40.0
702.878	13.793999999999983	epochs															maze	41.0
702.878	12.349749999999972	epochs															maze_stem	41.0
702.896	18.966750000000047	trials	False	False	False	True	False	True	[0.06815836 0.93184161 0.89838451 0.10161552]	-0.8302261233329773	0.03345713019371033	0.41511307656764984	-0.016728565096855164	0.8983845114707947	[4158 4158 4158 4158 4157]	[4240 4240 4240 4239 4239]		
715.24575	1.4262499999999818	epochs															maze_arm	41.0
716.6905	5.150749999999903	epochs															feedback_and_iti	41.0
716.6905	0.9814999999999827	epochs															feedback_delay	41.0
717.69025	1.9842499999999745	epochs															feedback	41.0
719.859	1.9822499999999081	epochs															iti	41.0
721.86275	10.794750000000022	epochs															maze	42.0
721.86275	9.257249999999999	epochs															maze_stem	42.0
721.88175	15.991999999999962	trials	True	False	False	True	False	True	[0.12554212 0.8744579  0.86918455 0.13081549]	-0.7436424195766449	0.005273357033729553	0.37182121723890305	-0.0026366636157035828	0.8691845536231995	[4272 4272 4272 4271 4271]	[4336 4336 4335 4335 4335]		
731.1395	1.518000000000029	epochs															maze_arm	42.0
732.67825	5.169999999999959	epochs															feedback_and_iti	42.0
732.67825	0.9864999999999782	epochs															feedback_delay	42.0
733.68525	1.9785000000000537	epochs															feedback	42.0
735.84875	1.9995000000000118	epochs															iti	42.0
737.87375	10.390499999999975	epochs															maze	43.0
737.87375	7.134999999999991	epochs															maze_stem	43.0
737.8965	15.578000000000088	trials	False	False	False	False	True	True	[0.1221552  0.87784481 0.81987745 0.18012258]	-0.6977222338318825	0.05796737223863602	0.34886111319065094	0.028983697295188904	0.8778448104858398	[4368 4368 4368 4367 4367]	[4429 4429 4429 4429 4429]		
745.03	3.2342499999999745	epochs															maze_arm	43.0
748.2865	5.17025000000001	epochs															feedback_and_iti	43.0
748.2865	0.9787499999999909	epochs															feedback_delay	43.0
749.2885	1.9802499999999554	epochs															feedback	43.0
751.46825	1.9885000000000446	epochs															iti	43.0
753.4745	11.100500000000011	epochs															maze	44.0
753.4745	9.505249999999933	epochs															maze_stem	44.0
753.4935	16.28024999999991	trials	False	False	False	True	False	True	[0.06823118 0.93176877 0.90160698 0.09839303]	-0.83337577059865	0.030161824077367783	0.41668789833784103	-0.015080921351909637	0.9016069769859314	[4462 4461 4461 4461 4461]	[4527 4527 4527 4527 4526]		
762.99875	1.5762500000000728	epochs															maze_arm	44.0
764.5915	5.163499999999999	epochs															feedback_and_iti	44.0
764.5915	0.9845000000000255	epochs															feedback_delay	44.0
765.59375	1.98599999999999	epochs															feedback	44.0
767.77675	1.9782500000000027	epochs															iti	44.0
769.77375	11.266250000000014	epochs															maze	45.0
769.77375	9.527000000000044	epochs															maze_stem	45.0
769.79625	16.44825000000003	trials	False	False	False	True	False	True	[0.12063464 0.87936532 0.86542529 0.13457476]	-0.7447906099259853	0.013940077275037766	0.3723953254520893	-0.0069700367748737335	0.8654252886772156	[4559 4559 4559 4559 4559]	[4626 4626 4626 4625 4625]		
779.319	1.7210000000000036	epochs															maze_arm	45.0
781.057	5.165750000000003	epochs															feedback_and_iti	45.0
781.057	0.9850000000000136	epochs															feedback_delay	45.0
782.06	1.9860000000001037	epochs															feedback	45.0
784.233	1.9897500000000719	epochs															iti	45.0
786.2445	12.529750000000035	epochs															maze	46.0
786.2445	7.257249999999999	epochs															maze_stem	46.0
786.2665	19.56350000000009	trials	False	False	False	False	False	False	[0.12212158 0.87787849 0.86845386 0.13154614]	-0.7463323138654232	0.009424593299627304	-0.37316614016890526	-0.004712279886007309	0.12212157994508743	[4658 4658 4658 4657 4657]	[4732 4732 4732 4732 4731]		
793.522	5.252250000000004	epochs															maze_arm	46.0
798.79525	7.014999999999986	epochs															feedback_and_iti	46.0
798.79525	0.97950000000003	epochs															feedback_delay	46.0
799.79675	1.9812500000000455	epochs															feedback	46.0
801.81675	3.99350000000004	epochs															iti	46.0
805.83	8.272499999999923	epochs															maze	47.0
805.83	6.175499999999943	epochs															maze_stem	47.0
805.8505	15.316249999999968	trials	False	False	False	False	False	False	[0.44232708 0.55767286 0.88882232 0.11117768]	-0.446495208889246	-0.3311494328081608	-0.22324761748313904	0.16557469964027405	0.442327082157135	[4776 4775 4775 4775 4775]	[4824 4824 4824 4824 4823]		
812.0275	2.074999999999932	epochs															maze_arm	47.0
814.12775	7.0154999999999745	epochs															feedback_and_iti	47.0
814.12775	0.9787499999999909	epochs															feedback_delay	47.0
815.12825	1.9835000000000491	epochs															feedback	47.0
817.15	3.993249999999989	epochs															iti	47.0
821.16675	8.772249999999985	epochs															maze	48.0
821.16675	7.132249999999999	epochs															maze_stem	48.0
821.18875	13.969249999999988	trials	False	False	False	True	False	True	[0.52563286 0.47436714 0.83353633 0.16646372]	-0.3079034462571144	-0.3591691628098488	0.1539517343044281	0.1795845925807953	0.8335363268852234	[4867 4867 4867 4867 4867]	[4919 4919 4919 4919 4918]		
828.3185	1.6204999999999927	epochs															maze_arm	48.0
829.956	5.183499999999981	epochs															feedback_and_iti	48.0
829.956	0.9997499999999491	epochs															feedback_delay	48.0
830.971	1.9850000000000136	epochs															feedback	48.0
833.1415	1.9980000000000473	epochs															iti	48.0
835.158	11.837750000000028	epochs															maze	49.0
835.158	9.352999999999952	epochs															maze_stem	49.0
835.17525	17.02449999999999	trials	False	False	False	True	False	True	[0.18803863 0.81196135 0.8165223  0.18347773]	-0.6284836456179619	-0.0045609250664711	0.31424183398485184	0.0022804662585258484	0.8165223002433777	[4951 4951 4951 4951 4951]	[5021 5021 5021 5021 5021]		
844.529	2.4667500000000473	epochs															maze_arm	49.0
847.01275	5.165750000000003	epochs															feedback_and_iti	49.0
847.01275	0.9847499999999627	epochs															feedback_delay	49.0
848.01425	1.9904999999999973	epochs															feedback	49.0
850.19725	1.9812499999999318	epochs															iti	49.0
852.19975	8.835749999999962	epochs															maze	50.0
852.19975	7.339249999999993	epochs															maze_stem	50.0
852.22175	14.030499999999961	trials	True	False	False	True	False	True	[0.18013415 0.81986582 0.84356993 0.1564301 ]	-0.6634357571601868	-0.023704081773757935	0.3317178934812546	0.011852040886878967	0.8435699343681335	[5054 5053 5053 5053 5053]	[5106 5105 5105 5105 5105]		
859.55925	1.4762499999999363	epochs															maze_arm	50.0
861.05725	5.174750000000017	epochs															feedback_and_iti	50.0
861.05725	0.9977499999999964	epochs															feedback_delay	50.0
862.0745	1.9807500000000573	epochs															feedback	50.0
864.24975	1.9822500000000218	epochs															iti	50.0
866.25225	10.352750000000015	epochs															maze	51.0
866.25225	8.359249999999975	epochs															maze_stem	51.0
866.27225	15.557750000000055	trials	False	False	False	False	True	True	[0.16431825 0.8356818  0.79646182 0.20353825]	-0.6321435570716858	0.039219990372657776	0.3160717710852623	0.019610024988651276	0.8356817960739136	[5138 5138 5137 5137 5137]	[5199 5199 5198 5198 5198]		
874.63	1.9750000000000227	epochs															maze_arm	51.0
876.62475	5.186750000000075	epochs															feedback_and_iti	51.0
876.62475	0.9815000000000964	epochs															feedback_delay	51.0
877.62725	1.99675000000002	epochs															feedback	51.0
879.827	1.9845000000000255	epochs															iti	51.0
881.83	10.521250000000009	epochs															maze	52.0
881.83	8.857499999999959	epochs															maze_stem	52.0
881.851	15.726999999999975	trials	False	False	False	False	True	True	[0.08758382 0.91241616 0.86923259 0.13076741]	-0.781648762524128	0.043183572590351105	0.3908243775367737	0.021591782569885254	0.9124161601066589	[5231 5231 5231 5231 5230]	[5293 5293 5293 5293 5293]		
890.70725	1.6440000000000055	epochs															maze_arm	52.0
892.3735	5.176249999999982	epochs															feedback_and_iti	52.0
892.3735	0.9932499999999891	epochs															feedback_delay	52.0
893.3885	1.9814999999999827	epochs															feedback	52.0
895.56275	1.9869999999999663	epochs															iti	52.0
897.578	9.37925000000007	epochs															maze	53.0
897.578	7.047250000000076	epochs															maze_stem	53.0
897.60125	14.573499999999967	trials	False	False	False	False	True	True	[0.06348275 0.93651724 0.84304357 0.15695648]	-0.7795607894659042	0.09347370266914368	0.3897803798317909	0.046736858785152435	0.9365172386169434	[5326 5325 5325 5325 5325]	[5381 5381 5380 5380 5380]		
904.6465	2.3107500000000982	epochs															maze_arm	53.0
906.97825	5.178750000000036	epochs															feedback_and_iti	53.0
906.97825	0.9987499999999727	epochs															feedback_delay	53.0
907.9995	1.9772500000000264	epochs															feedback	53.0
910.16675	1.99025000000006	epochs															iti	53.0
912.17475	11.79849999999999	epochs															maze	54.0
912.17475	10.282749999999965	epochs															maze_stem	54.0
912.1935	16.978250000000003	trials	False	False	False	True	False	True	[0.05355025 0.94644982 0.82478851 0.17521149]	-0.7712382953613997	0.12166127376258373	0.38561913184821606	-0.0608306210488081	0.824788510799408	[5413 5413 5413 5413 5412]	[5483 5483 5482 5482 5482]		
922.47475	1.4985000000000355	epochs															maze_arm	54.0
923.991	5.159999999999968	epochs															feedback_and_iti	54.0
923.991	0.9835000000000491	epochs															feedback_delay	54.0
924.992	1.986250000000041	epochs															feedback	54.0
927.19725	1.9537499999999	epochs															iti	54.0
929.17175	9.942750000000046	epochs															maze	55.0
929.17175	8.04849999999999	epochs															maze_stem	55.0
929.19225	15.154250000000047	trials	False	False	False	False	True	True	[0.10618748 0.89381248 0.83787119 0.16212885]	-0.7316836714744568	0.05594132840633392	0.3658418133854866	0.02797066420316696	0.8938124775886536	[5515 5515 5515 5514 5514]	[5574 5573 5573 5573 5573]		
937.23975	1.8747500000000628	epochs															maze_arm	55.0
939.13675	5.19074999999998	epochs															feedback_and_iti	55.0
939.13675	0.9885000000000446	epochs															feedback_delay	55.0
940.14925	1.9802499999999554	epochs															feedback	55.0
942.32875	1.9987499999999727	epochs															iti	55.0
944.3465	10.367500000000064	epochs															maze	56.0
944.3465	8.884249999999952	epochs															maze_stem	56.0
944.365	15.552749999999946	trials	False	False	False	True	False	True	[0.05684984 0.94315022 0.85426813 0.14573187]	-0.7974183242768049	0.08888205699622631	0.3987091463059187	-0.04444101266562939	0.8542681336402893	[5606 5606 5606 5605 5605]	[5667 5667 5667 5667 5666]		
953.25025	1.4637500000000045	epochs															maze_arm	56.0
954.73125	5.163000000000011	epochs															feedback_and_iti	56.0
954.73125	0.9887499999999818	epochs															feedback_delay	56.0
955.73775	1.9837499999999864	epochs															feedback	56.0
957.8975	1.99675000000002	epochs															iti	56.0
959.91775	10.71875	epochs															maze	57.0
959.91775	9.088500000000067	epochs															maze_stem	57.0
959.93925	15.904750000000035	trials	True	False	False	True	False	True	[0.11684185 0.88315815 0.85182369 0.1481763 ]	-0.7349818423390388	0.03133445233106613	0.3674909174442291	-0.015667229890823364	0.8518236875534058	[5699 5699 5699 5699 5699]	[5763 5762 5762 5762 5762]		
969.02425	1.6122499999999036	epochs															maze_arm	57.0
970.65875	5.164499999999975	epochs															feedback_and_iti	57.0
970.65875	0.9939999999999145	epochs															feedback_delay	57.0
971.674	1.9785000000000537	epochs															feedback	57.0
973.84125	1.9820000000000846	epochs															iti	57.0
975.844	11.704250000000002	epochs															maze	58.0
975.844	8.265249999999924	epochs															maze_stem	58.0
975.864	16.896999999999935	trials	False	False	False	False	True	True	[0.12738705 0.87261295 0.80443513 0.19556487]	-0.6770480871200562	0.06817781925201416	0.3385240435600281	0.03408890962600708	0.8726129531860352	[5795 5795 5794 5794 5794]	[5864 5864 5864 5863 5863]		
984.12925	3.4190000000000964	epochs															maze_arm	58.0
987.5695	5.169750000000022	epochs															feedback_and_iti	58.0
987.5695	0.9852500000000646	epochs															feedback_delay	58.0
988.57675	1.9912500000000364	epochs															feedback	58.0
990.77225	1.9669999999999845	epochs															iti	58.0
992.761	11.972750000000019	epochs															maze	59.0
992.761	10.313750000000027	epochs															maze_stem	59.0
992.78625	17.182249999999954	trials	True	False	False	True	False	True	[0.07161319 0.92838681 0.88271058 0.11728943]	-0.8110973797738552	0.04567623510956764	0.40554869174957275	-0.022838115692138672	0.8827105760574341	[5896 5896 5896 5896 5895]	[5967 5967 5967 5966 5966]		
1003.09475	1.63900000000001	epochs															maze_arm	59.0
1004.75475	5.188750000000027	epochs															feedback_and_iti	59.0
1004.75475	0.9817500000000337	epochs															feedback_delay	59.0
1005.75925	1.986750000000029	epochs															feedback	59.0
1007.93925	2.0042499999999563	epochs															iti	59.0
1009.9685	11.72300000000007	epochs															maze	60.0
1009.9685	9.244000000000028	epochs															maze_stem	60.0
1009.989	16.908500000000004	trials	True	False	False	False	True	True	[0.1097127  0.89028734 0.78902382 0.21097614]	-0.6793111599981785	0.10126348212361336	0.3396556004881859	0.05063173919916153	0.8902873396873474	[5999 5999 5999 5999 5999]	[6069 6069 6068 6068 6068]		
1019.2305	2.4610000000000127	epochs															maze_arm	60.0
1021.71175	5.16375000000005	epochs															feedback_and_iti	60.0
1021.71175	0.99574999999993	epochs															feedback_delay	60.0
1022.72625	1.9697499999998627	epochs															feedback	60.0
1024.89225	1.9832499999999982	epochs															iti	60.0
1026.8975	10.082999999999856	epochs															maze	61.0
1026.8975	7.9529999999999745	epochs															maze_stem	61.0
1026.91875	15.279749999999922	trials	False	False	False	False	True	True	[0.05748742 0.94251257 0.82237804 0.17762201]	-0.7648905906826258	0.12013455666601658	0.3824452832341194	0.06006728857755661	0.942512571811676	[6101 6101 6101 6100 6100]	[6160 6160 6160 6160 6160]		
1034.87125	2.1092499999999745	epochs															maze_arm	61.0
1037.0035	5.173999999999978	epochs															feedback_and_iti	61.0
1037.0035	0.9957500000000437	epochs															feedback_delay	61.0
1038.0225	1.97199999999998	epochs															feedback	61.0
1040.19325	1.9842499999999745	epochs															iti	61.0
1042.1985	12.043750000000045	epochs															maze	62.0
1042.1985	8.7337500000001	epochs															maze_stem	62.0
1042.21925	17.245999999999867	trials	True	False	False	False	True	True	[0.0462139  0.95378613 0.85879391 0.14120612]	-0.812580019235611	0.09499222040176392	0.4062900096178055	0.04749612510204315	0.9537861347198486	[6193 6192 6192 6192 6192]	[6264 6264 6264 6263 6263]		
1050.95275	3.289500000000089	epochs															maze_arm	62.0
1054.26375	5.179499999999962	epochs															feedback_and_iti	62.0
1054.26375	0.9809999999999945	epochs															feedback_delay	62.0
1055.2665	1.9862500000001546	epochs															feedback	62.0
1057.44875	1.9945000000000164	epochs															iti	62.0
1059.46525	9.94575000000009	epochs															maze	63.0
1059.46525	8.279749999999922	epochs															maze_stem	63.0
1059.48475	15.134000000000015	trials	False	False	False	False	True	True	[0.04438501 0.95561498 0.78889042 0.21110962]	-0.7445053849369287	0.16672458685934544	0.3722526803612709	0.08336230367422104	0.9556149840354919	[6296 6296 6296 6296 6295]	[6355 6355 6354 6354 6354]		
1067.766	1.6449999999999818	epochs															maze_arm	63.0
1069.43225	5.161749999999984	epochs															feedback_and_iti	63.0
1069.43225	0.9877500000000055	epochs															feedback_delay	63.0
1070.44175	1.978749999999991	epochs															feedback	63.0
1072.6095	1.9845000000000255	epochs															iti	63.0
1074.61875	10.805999999999813	epochs															maze	64.0
1074.61875	9.120749999999816	epochs															maze_stem	64.0
1074.63925	15.986250000000155	trials	True	False	False	True	False	True	[0.03687157 0.96312845 0.84099561 0.15900436]	-0.8041240610182285	0.1221328116953373	0.4020620174705982	-0.0610664077103138	0.8409956097602844	[6387 6387 6387 6386 6386]	[6451 6451 6450 6450 6450]		
1083.76025	1.6644999999998618	epochs															maze_arm	64.0
1085.44525	5.159750000000031	epochs															feedback_and_iti	64.0
1085.44525	0.9835000000000491	epochs															feedback_delay	64.0
1086.4495	1.9790000000000418	epochs															feedback	64.0
1088.61225	1.9927500000001146	epochs															iti	64.0
1090.6255	9.4074999999998	epochs															maze	65.0
1090.6255	7.477749999999787	epochs															maze_stem	65.0
1090.6455	14.589499999999816	trials	False	False	False	False	True	True	[0.06557956 0.93442041 0.76071483 0.23928511]	-0.6951352804899216	0.1737055629491806	0.3475676476955414	0.08685275912284851	0.9344204068183899	[6483 6483 6483 6482 6482]	[6538 6538 6538 6538 6538]		
1098.12325	1.9097499999998035	epochs															maze_arm	65.0
1100.05525	5.162500000000136	epochs															feedback_and_iti	65.0
1100.05525	0.9990000000000236	epochs															feedback_delay	65.0
1101.0775	1.9639999999999418	epochs															feedback	65.0
1103.25275	1.9649999999999181	epochs															iti	65.0
1105.235	12.333500000000186	epochs															maze	66.0
1105.235	10.818500000000085	epochs															maze_stem	66.0
1105.25325	17.530500000000075	trials	False	False	False	True	False	True	[0.04456647 0.95543355 0.84333009 0.15666986]	-0.7987636551260948	0.1121034249663353	0.3993818089365959	-0.056051723659038544	0.8433300852775574	[6571 6570 6570 6570 6570]	[6644 6643 6643 6643 6643]		
1116.07225	1.4962500000001455	epochs															maze_arm	66.0
1117.585	5.17899999999986	epochs															feedback_and_iti	66.0
1117.585	0.9857500000000528	epochs															feedback_delay	66.0
1118.58625	1.9897499999999582	epochs															feedback	66.0
1120.77575	1.98824999999988	epochs															iti	66.0
1122.78375	10.155749999999898	epochs															maze	67.0
1122.78375	7.789749999999913	epochs															maze_stem	67.0
1122.80525	15.353750000000218	trials	False	False	False	False	True	True	[0.08733271 0.91266727 0.83138013 0.16861989]	-0.7440474033355713	0.08128716051578522	0.37202369421720505	0.04064358025789261	0.9126672744750977	[6676 6676 6675 6675 6675]	[6736 6736 6735 6735 6735]		
1130.59325	2.3462500000000546	epochs															maze_arm	67.0
1132.9605	5.17775000000006	epochs															feedback_and_iti	67.0
1132.9605	0.9932499999999891	epochs															feedback_delay	67.0
1133.97575	1.9774999999999636	epochs															feedback	67.0
1136.15575	1.9825000000000728	epochs															iti	67.0
1138.159	10.465499999999793	epochs															maze	68.0
1138.159	8.117249999999785	epochs															maze_stem	68.0
1138.17825	15.681250000000091	trials	False	False	False	False	True	True	[0.04644607 0.95355386 0.86749643 0.13250357]	-0.8210503235459328	0.08605746179819107	0.4105251431465149	0.04302871227264404	0.9535538554191589	[6768 6768 6768 6767 6767]	[6830 6830 6829 6829 6829]		
1146.29775	2.3267499999999472	epochs															maze_arm	68.0
1148.64725	5.19074999999998	epochs															feedback_and_iti	68.0
1148.64725	0.9827500000001237	epochs															feedback_delay	68.0
1149.65175	1.9939999999999145	epochs															feedback	68.0
1151.84475	1.993249999999989	epochs															iti	68.0
1153.8595	11.081750000000056	epochs															maze	69.0
1153.8595	9.418499999999995	epochs															maze_stem	69.0
1153.87875	16.280250000000024	trials	True	False	False	True	False	True	[0.0409274  0.95907259 0.85896653 0.14103344]	-0.8180391397327185	0.10010605119168758	0.40901956520974636	-0.05005303584039211	0.8589665293693542	[6862 6862 6862 6862 6861]	[6928 6927 6927 6927 6927]		
1163.29925	1.6420000000000528	epochs															maze_arm	69.0
1164.96275	5.176000000000158	epochs															feedback_and_iti	69.0
1164.96275	0.9995000000001255	epochs															feedback_delay	69.0
1165.9825	1.974999999999909	epochs															feedback	69.0
1168.14825	1.990500000000111	epochs															iti	69.0
1170.159	12.129249999999956	epochs															maze	70.0
1170.159	9.064499999999953	epochs															maze_stem	70.0
1170.1775	17.3142499999999	trials	False	False	False	False	True	True	[0.07197945 0.92802054 0.77554756 0.22445242]	-0.7035681158304214	0.15247297286987305	0.3517840579152107	0.07623647898435593	0.9280205368995667	[6960 6960 6959 6959 6959]	[7032 7031 7031 7031 7031]		
1179.24475	3.0434999999999945	epochs															maze_arm	70.0
1182.30975	5.161000000000058	epochs															feedback_and_iti	70.0
1182.30975	0.9970000000000709	epochs															feedback_delay	70.0
1183.32925	1.9697499999999764	epochs															feedback	70.0
1185.48925	1.981499999999869	epochs															iti	70.0
1187.49175	10.450000000000045	epochs															maze	71.0
1187.49175	7.420749999999998	epochs															maze_stem	71.0
1187.512	15.655999999999949	trials	True	False	False	False	True	True	[0.04675126 0.95324874 0.85793126 0.14206876]	-0.8111799899488688	0.09531749226152897	0.4055899903178215	0.04765874892473221	0.9532487392425537	[7064 7064 7063 7063 7063]	[7126 7125 7125 7125 7125]		
1194.93025	3.011500000000069	epochs															maze_arm	71.0
1197.9635	5.18425000000002	epochs															feedback_and_iti	71.0
1197.9635	0.9932499999999891	epochs															feedback_delay	71.0
1198.9775	1.9855000000000018	epochs															feedback	71.0
1201.1585	1.9892500000000837	epochs															iti	71.0
1203.168	10.56750000000011	epochs															maze	72.0
1203.168	9.215250000000196	epochs															maze_stem	72.0
1203.18475	15.749000000000024	trials	False	False	False	True	False	True	[0.04313947 0.95686054 0.7845214  0.21547858]	-0.7413819432258606	0.17233912646770477	0.3706909641623497	-0.08616956323385239	0.7845214009284973	[7158 7158 7157 7157 7157]	[7220 7220 7220 7220 7219]		
1212.40275	1.3327500000000327	epochs															maze_arm	72.0
1213.7525	5.163999999999987	epochs															feedback_and_iti	72.0
1213.7525	0.9994999999998981	epochs															feedback_delay	72.0
1214.769	1.9697499999999764	epochs															feedback	72.0
1216.9385	1.9780000000000655	epochs															iti	72.0
1218.93375	10.461750000000166	epochs															maze	73.0
1218.93375	9.197000000000116	epochs															maze_stem	73.0
1218.953	15.632749999999987	trials	False	False	False	True	False	True	[0.07618827 0.92381173 0.82957602 0.17042398]	-0.7533877454698086	0.09423571452498436	0.37669387087225914	-0.04711785539984703	0.8295760154724121	[7252 7252 7252 7252 7251]	[7314 7314 7314 7313 7313]		
1228.1515	1.2440000000001419	epochs															maze_arm	73.0
1229.41225	5.155999999999949	epochs															feedback_and_iti	73.0
1229.41225	0.9827499999998963	epochs															feedback_delay	73.0
1230.4125	1.9940000000001419	epochs															feedback	73.0
1232.58875	1.9795000000001437	epochs															iti	73.0
1234.58575	10.057500000000118	epochs															maze	74.0
1234.58575	8.837999999999965	epochs															maze_stem	74.0
1234.60725	15.23025000000007	trials	False	False	False	True	False	True	[0.09724943 0.90275055 0.84589773 0.15410228]	-0.7486482858657837	0.056852832436561584	0.37432415038347244	-0.028426416218280792	0.8458977341651917	[7346 7346 7346 7346 7345]	[7405 7405 7405 7405 7405]		
1243.44375	1.199500000000171	epochs															maze_arm	74.0
1244.65975	5.161000000000058	epochs															feedback_and_iti	74.0
1244.65975	0.9990000000000236	epochs															feedback_delay	74.0
1245.67475	1.9705000000001291	epochs															feedback	74.0
1247.83	1.990750000000162	epochs															iti	74.0
1249.8375	11.030249999999796	epochs															maze	75.0
1249.8375	9.648500000000013	epochs															maze_stem	75.0
1249.85575	16.228000000000065	trials	False	False	False	True	False	True	[0.10730238 0.89269763 0.8549453  0.14505465]	-0.7476429492235184	0.03775230050086975	0.373821459710598	-0.018876157701015472	0.8549453020095825	[7438 7437 7437 7437 7437]	[7503 7503 7502 7502 7502]		
1259.505	1.362749999999778	epochs															maze_arm	75.0
1260.884	5.180249999999887	epochs															feedback_and_iti	75.0
1260.884	0.9852499999999509	epochs															feedback_delay	75.0
1261.886	1.9980000000000473	epochs															feedback	75.0
1264.2135	1.8507499999998345	epochs															iti	75.0
1266.08375	10.89149999999995	epochs															maze	76.0
1266.08375	7.83725000000004	epochs															maze_stem	76.0
1266.104	16.071500000000015	trials	True	False	False	False	True	True	[0.1118878  0.88811225 0.86032206 0.1396779 ]	-0.74843430519104	0.027790144085884094	0.3742171749472618	0.013895072042942047	0.8881122469902039	[7535 7535 7535 7534 7534]	[7599 7599 7599 7599 7599]		
1273.94225	3.0329999999999018	epochs															maze_arm	76.0
1276.996	5.156499999999824	epochs															feedback_and_iti	76.0
1276.996	0.9819999999999709	epochs															feedback_delay	76.0
1277.9995	1.9837500000001	epochs															feedback	76.0
1280.1655	1.9869999999998527	epochs															iti	76.0
1282.1755	9.639999999999873	epochs															maze	77.0
1282.1755	6.70699999999988	epochs															maze_stem	77.0
1282.1965	14.836499999999887	trials	False	False	False	False	True	True	[0.05937329 0.94062674 0.85556662 0.14443344]	-0.7961933147162199	0.0850601326674223	0.39809665083885193	0.04253008961677551	0.9406267404556274	[7631 7631 7631 7631 7631]	[7688 7688 7688 7688 7688]		
1288.90275	2.91274999999996	epochs															maze_arm	77.0
1291.83775	5.170500000000175	epochs															feedback_and_iti	77.0
1291.83775	0.9792500000000928	epochs															feedback_delay	77.0
1292.839	1.9915000000000873	epochs															feedback	77.0
1295.0245	1.9837500000001	epochs															iti	77.0
1297.033	9.685000000000173	epochs															maze	78.0
1297.033	5.911000000000058	epochs															maze_stem	78.0
1297.05425	14.84900000000016	trials	False	False	False	False	True	True	[0.04874773 0.95125228 0.8886832  0.11131675]	-0.8399355001747608	0.06256904825568199	0.41996776685118675	0.03128451481461525	0.951252281665802	[7721 7720 7720 7720 7720]	[7778 7777 7777 7777 7777]		
1302.96375	3.7542500000001837	epochs															maze_arm	78.0
1306.741	5.14325000000008	epochs															feedback_and_iti	78.0
1306.741	0.99350000000004	epochs															feedback_delay	78.0
1307.75675	1.9629999999999654	epochs															feedback	78.0
1309.90475	1.9795000000001437	epochs															iti	78.0
1311.90325	10.247249999999894	epochs															maze	79.0
1311.90325	8.718249999999898	epochs															maze_stem	79.0
1311.92225	15.446500000000015	trials	False	False	False	True	False	True	[0.04229314 0.95770687 0.87656742 0.12343258]	-0.8342742901295424	0.08113944344222546	0.4171371441334486	-0.040569720789790154	0.8765674233436584	[7810 7809 7809 7809 7809]	[7870 7870 7870 7870 7869]		
1320.64	1.5104999999998654	epochs															maze_arm	79.0
1322.16725	5.1782499999999345	epochs															feedback_and_iti	79.0
1322.16725	0.9957500000000437	epochs															feedback_delay	79.0
1323.179	1.9757499999998345	epochs															feedback	79.0
1325.34275	2.002749999999878	epochs															iti	79.0
1327.36875	10.202499999999873	epochs															maze	80.0
1327.36875	8.894999999999982	epochs															maze_stem	80.0
1327.39125	15.374500000000126	trials	False	False	False	True	False	True	[0.08835252 0.91164744 0.85526991 0.14473006]	-0.7669173814356327	0.056377533823251724	0.3834586925804615	-0.028188783675432205	0.8552699089050293	[7902 7902 7902 7902 7902]	[7963 7962 7962 7962 7962]		
1336.2805	1.290749999999889	epochs															maze_arm	80.0
1337.5865	5.160000000000082	epochs															feedback_and_iti	80.0
1337.5865	0.99675000000002	epochs															feedback_delay	80.0
1338.60125	1.9710000000000036	epochs															feedback	80.0
1340.7615	1.9849999999999	epochs															iti	80.0
1342.76575	9.434999999999945	epochs															maze	81.0
1342.76575	8.204250000000002	epochs															maze_stem	81.0
1342.78375	14.639999999999873	trials	False	False	False	True	False	True	[0.10266659 0.89733338 0.86071169 0.13928831]	-0.7580450884997845	0.03662170097231865	0.3790225498378277	-0.018310856074094772	0.8607116937637329	[7995 7995 7994 7994 7994]	[8050 8050 8050 8050 8050]		
1350.9865	1.2142499999999927	epochs															maze_arm	81.0
1352.2175	5.185500000000047	epochs															feedback_and_iti	81.0
1352.2175	0.9957500000000437	epochs															feedback_delay	81.0
1353.22875	1.9837500000001	epochs															feedback	81.0
1355.4065	1.996499999999969	epochs															iti	81.0
1357.42375	11.373000000000047	epochs															maze	82.0
1357.42375	8.545000000000073	epochs															maze_stem	82.0
1357.44525	16.55899999999997	trials	True	False	False	False	True	True	[0.10989495 0.89010501 0.86404753 0.13595252]	-0.7541525363922119	0.026057526469230652	0.37707624584436417	0.013028763234615326	0.8901050090789795	[8083 8082 8082 8082 8082]	[8150 8150 8149 8149 8149]		
1365.9885	2.8082500000000437	epochs															maze_arm	82.0
1368.819	5.164999999999964	epochs															feedback_and_iti	82.0
1368.819	1.000250000000051	epochs															feedback_delay	82.0
1369.841	1.9650000000001455	epochs															feedback	82.0
1371.99775	1.9862499999999272	epochs															iti	82.0
1374.00425	11.439499999999953	epochs															maze	83.0
1374.00425	8.72725000000014	epochs															maze_stem	83.0
1374.02475	16.637500000000045	trials	False	False	False	False	True	True	[0.0578768  0.94212323 0.85814136 0.14185864]	-0.8002645820379257	0.08398185670375824	0.40013229846954346	0.04199093580245972	0.9421232342720032	[8182 8182 8182 8181 8181]	[8250 8249 8249 8249 8249]		
1382.75225	2.6914999999999054	epochs															maze_arm	83.0
1385.4655	5.1752500000000055	epochs															feedback_and_iti	83.0
1385.4655	0.9959999999998672	epochs															feedback_delay	83.0
1386.483	1.9732500000000073	epochs															feedback	83.0
1388.6555	1.9852499999999509	epochs															iti	83.0
1390.66225	31.26324999999997	epochs															maze	84.0
1390.66225	7.278249999999844	epochs															maze_stem	84.0
1390.68125	36.46374999999989	trials	True	False	False	False	True	True	[0.04796272 0.95203727 0.89121664 0.1087833 ]	-0.8432539477944374	0.06082060933113098	0.4216269887983799	0.030410286039114	0.9520372748374939	[8282 8282 8281 8281 8281]	[8468 8468 8468 8468 8468]		
1397.96225	23.963250000000016	epochs															maze_arm	84.0
1421.94575	5.177999999999884	epochs															feedback_and_iti	84.0
1421.94575	1.0009999999999764	epochs															feedback_delay	84.0
1422.96875	1.9674999999999727	epochs															feedback	84.0
1425.1325	1.9912500000000364	epochs															iti	84.0
1427.145	10.339500000000044	epochs															maze	85.0
1427.145	8.91775000000007	epochs															maze_stem	85.0
1427.16325	15.518249999999853	trials	False	False	False	True	False	True	[0.04592821 0.95407182 0.83063722 0.16936274]	-0.7847090438008308	0.12343456596136093	0.39235450327396393	-0.061717286705970764	0.8306372165679932	[8501 8500 8500 8500 8500]	[8562 8561 8561 8561 8561]		
1436.0795	1.4049999999999727	epochs															maze_arm	85.0
1437.50125	5.158750000000055	epochs															feedback_and_iti	85.0
1437.50125	0.9997499999999491	epochs															feedback_delay	85.0
1438.5195	1.9679999999998472	epochs															feedback	85.0
1440.674	1.9860000000001037	epochs															iti	85.0
1442.6815	10.349500000000035	epochs															maze	86.0
1442.6815	7.266250000000127	epochs															maze_stem	86.0
1442.70225	15.51974999999993	trials	True	False	False	False	True	True	[0.08307047 0.91692954 0.85490996 0.14509004]	-0.7718394920229912	0.062019579112529755	0.3859197497367859	0.031009793281555176	0.9169295430183411	[8594 8594 8593 8593 8593]	[8655 8655 8654 8654 8654]		
1449.96875	3.062249999999949	epochs															maze_arm	86.0
1453.0515	5.151000000000067	epochs															feedback_and_iti	86.0
1453.0515	0.9829999999999472	epochs															feedback_delay	86.0
1454.05625	1.9762499999999363	epochs															feedback	86.0
1456.227	1.975500000000011	epochs															iti	86.0
1458.222	10.477499999999964	epochs															maze	87.0
1458.222	8.989749999999958	epochs															maze_stem	87.0
1458.24125	15.68249999999989	trials	False	False	False	True	False	True	[0.04515605 0.954844   0.84261888 0.15738118]	-0.7974628284573555	0.11222512274980545	0.39873141795396805	-0.056112535297870636	0.8426188826560974	[8687 8687 8687 8686 8686]	[8749 8749 8748 8748 8748]		
1467.2285	1.4710000000000036	epochs															maze_arm	87.0
1468.7165	5.183999999999969	epochs															feedback_and_iti	87.0
1468.7165	0.9839999999999236	epochs															feedback_delay	87.0
1469.7185	1.99675000000002	epochs															feedback	87.0
1471.91075	1.9897499999999582	epochs															iti	87.0
1473.92375	9.995750000000044	epochs															maze	88.0
1473.92375	8.490500000000111	epochs															maze_stem	88.0
1473.9475	15.155250000000024	trials	False	False	False	True	False	True	[0.08815756 0.91184247 0.85854    0.14145997]	-0.7703824676573277	0.05330244079232216	0.3851912207901478	-0.02665122225880623	0.8585399985313416	[8781 8781 8781 8780 8780]	[8840 8840 8840 8839 8839]		
1482.43225	1.4872499999999036	epochs															maze_arm	88.0
1483.93425	5.148750000000064	epochs															feedback_and_iti	88.0
1483.93425	1.0017499999999018	epochs															feedback_delay	88.0
1484.955	1.9674999999999727	epochs															feedback	88.0
1487.1065	1.9764999999999873	epochs															iti	88.0
1489.10275	10.897750000000087	epochs															maze	89.0
1489.10275	8.617999999999938	epochs															maze_stem	89.0
1489.12175	16.085000000000036	trials	False	False	False	True	False	True	[0.1047299  0.89527005 0.86474711 0.13525288]	-0.7600171901285648	0.030522961169481277	0.38000860437750816	-0.015261497348546982	0.8647471070289612	[8872 8872 8872 8872 8871]	[8936 8936 8936 8936 8936]		
1497.73825	2.2622499999999945	epochs															maze_arm	89.0
1500.01675	5.167750000000069	epochs															feedback_and_iti	89.0
1500.01675	0.9857500000000528	epochs															feedback_delay	89.0
1501.019	1.9847500000000764	epochs															feedback	89.0
1503.1825	2.00200000000018	epochs															iti	89.0
1505.20675	9.489749999999958	epochs															maze	90.0
1505.20675	7.628999999999905	epochs															maze_stem	90.0
1505.227	14.681249999999864	trials	False	False	False	False	True	True	[0.11124404 0.88875592 0.86727238 0.13272762]	-0.7560283169150352	0.021483562886714935	0.37801414728164673	0.010741770267486572	0.8887559175491333	[8969 8968 8968 8968 8968]	[9025 9024 9024 9024 9024]		
1512.85575	1.840750000000071	epochs															maze_arm	90.0
1514.71925	5.169999999999845	epochs															feedback_and_iti	90.0
1514.71925	0.9897499999999582	epochs															feedback_delay	90.0
1515.73075	1.97725000000014	epochs															feedback	90.0
1517.8955	1.9937499999998636	epochs															iti	90.0
1519.90825	10.629000000000133	epochs															maze	91.0
1519.90825	9.30925000000002	epochs															maze_stem	91.0
1519.9265	15.810249999999996	trials	False	False	False	True	False	True	[0.05836874 0.94163126 0.90179938 0.09820061]	-0.8434306420385838	0.039831873029470444	0.42171531915664673	-0.01991593837738037	0.9017993807792664	[9057 9057 9056 9056 9056]	[9120 9119 9119 9119 9119]		
1529.234	1.303250000000162	epochs															maze_arm	91.0
1530.5545	5.1622500000000855	epochs															feedback_and_iti	91.0
1530.5545	0.9850000000001273	epochs															feedback_delay	91.0
1531.55725	1.9922500000000127	epochs															feedback	91.0
1533.72875	1.9880000000000564	epochs															iti	91.0
1535.73675	9.541500000000042	epochs															maze	92.0
1535.73675	8.318749999999909	epochs															maze_stem	92.0
1535.758	14.723250000000007	trials	True	False	False	True	False	True	[0.1108141  0.88918585 0.86826491 0.13173507]	-0.7574507929384708	0.020920950919389725	0.37872540578246117	-0.010460492223501205	0.86826491355896	[9152 9151 9151 9151 9151]	[9208 9208 9208 9207 9207]		
1544.0755	1.202750000000151	epochs															maze_arm	92.0
1545.2995	5.160499999999956	epochs															feedback_and_iti	92.0
1545.2995	0.9884999999999309	epochs															feedback_delay	92.0
1546.30975	1.9760000000001128	epochs															feedback	92.0
1548.47375	1.9862499999999272	epochs															iti	92.0
1550.48125	9.61525000000006	epochs															maze	93.0
1550.48125	7.671499999999924	epochs															maze_stem	93.0
1550.5025	14.805249999999887	trials	False	False	False	False	True	True	[0.10953664 0.89046335 0.81936282 0.18063717]	-0.7098261825740337	0.07110052928328514	0.354913093149662	0.03555025905370712	0.8904633522033691	[9240 9240 9240 9239 9239]	[9297 9297 9296 9296 9296]		
1558.173	1.9235000000001037	epochs															maze_arm	93.0
1560.1185	5.168249999999944	epochs															feedback_and_iti	93.0
1560.1185	0.9804999999998927	epochs															feedback_delay	93.0
1561.123	1.9829999999999472	epochs															feedback	93.0
1563.303	1.9837499999998727	epochs															iti	93.0
1565.30775	12.332000000000107	epochs															maze	94.0
1565.30775	9.388500000000022	epochs															maze_stem	94.0
1565.328	17.51175000000012	trials	True	False	False	False	True	True	[0.0620416  0.93795836 0.90461141 0.09538861]	-0.8425697814673185	0.033346978947520256	0.42128487676382065	0.016673482954502106	0.9379583597183228	[9329 9329 9329 9328 9328]	[9402 9402 9402 9401 9401]		
1574.71775	2.9220000000000255	epochs															maze_arm	94.0
1577.6605	5.159750000000031	epochs															feedback_and_iti	94.0
1577.6605	0.9922500000000127	epochs															feedback_delay	94.0
1578.6735	1.9732500000000073	epochs															feedback	94.0
1580.83125	1.9890000000000327	epochs															iti	94.0
1582.83975	12.682000000000016	epochs															maze	95.0
1582.83975	10.727999999999838	epochs															maze_stem	95.0
1582.85975	17.87799999999993	trials	False	False	False	False	True	True	[0.0513692  0.94863075 0.8438049  0.15619512]	-0.7924356628209352	0.10482588596642017	0.39621781557798386	0.052412934601306915	0.9486307501792908	[9434 9434 9434 9434 9433]	[9509 9509 9509 9509 9508]		
1593.58625	1.9355000000000473	epochs															maze_arm	95.0
1595.545	5.1749999999999545	epochs															feedback_and_iti	95.0
1595.545	0.9809999999999945	epochs															feedback_delay	95.0
1596.5485	1.9927499999998872	epochs															feedback	95.0
1598.73425	1.9857500000000528	epochs															iti	95.0
1600.73775	10.242749999999887	epochs															maze	96.0
1600.73775	8.884499999999889	epochs															maze_stem	96.0
1600.757	15.431249999999864	trials	False	False	False	True	False	True	[0.0429192  0.95708078 0.88328862 0.11671135]	-0.840369425714016	0.07379215210676193	0.4201847091317177	-0.03689608722925186	0.8832886219024658	[9541 9541 9541 9541 9541]	[9602 9602 9601 9601 9601]		
1609.639	1.3414999999999964	epochs															maze_arm	96.0
1610.9975	5.170250000000124	epochs															feedback_and_iti	96.0
1610.9975	0.984000000000151	epochs															feedback_delay	96.0
1611.999	1.9982499999998709	epochs															feedback	96.0
1614.1785	1.9892500000000837	epochs															iti	96.0
1616.18825	10.145500000000084	epochs															maze	97.0
1616.18825	8.740000000000009	epochs															maze_stem	97.0
1616.21025	15.311749999999847	trials	False	False	False	True	False	True	[0.09168011 0.90831983 0.85845119 0.1415488 ]	-0.7667710557579994	0.049868665635585785	0.3833855390548706	-0.024934351444244385	0.8584511876106262	[9634 9634 9634 9633 9633]	[9694 9694 9694 9693 9693]		
1624.94825	1.3855000000000928	epochs															maze_arm	97.0
1626.35175	5.148999999999887	epochs															feedback_and_iti	97.0
1626.35175	0.984749999999849	epochs															feedback_delay	97.0
1627.3565	1.981499999999869	epochs															feedback	97.0
1629.5205	1.9802499999998417	epochs															iti	97.0
1631.522	9.470250000000078	epochs															maze	98.0
1631.522	8.211750000000166	epochs															maze_stem	98.0
1631.54075	14.667000000000144	trials	True	False	False	True	False	True	[0.10426321 0.89573675 0.86343831 0.13656172]	-0.7591750659048557	0.03229847922921181	0.3795875497162342	-0.016149241477251053	0.8634383082389832	[9726 9726 9726 9725 9725]	[9782 9782 9781 9781 9781]		
1639.75425	1.2380000000000564	epochs															maze_arm	98.0
1641.0135	5.173999999999978	epochs															feedback_and_iti	98.0
1641.0135	0.98824999999988	epochs															feedback_delay	98.0
1642.02175	1.9772499999999127	epochs															feedback	98.0
1644.1995	1.9880000000000564	epochs															iti	98.0
1646.20775	10.484500000000025	epochs															maze	99.0
1646.20775	7.8904999999999745	epochs															maze_stem	99.0
1646.22825	15.67450000000008	trials	True	False	False	False	True	True	[0.10812636 0.89187366 0.81355685 0.18644318]	-0.7054304853081703	0.0783168151974678	0.35271523892879486	0.0391584187746048	0.8918736577033997	[9814 9814 9814 9813 9813]	[9876 9876 9876 9875 9875]		
1654.11875	2.5734999999999673	epochs															maze_arm	99.0
1656.71275	5.1687500000000455	epochs															feedback_and_iti	99.0
1656.71275	0.9977499999999964	epochs															feedback_delay	99.0
1657.7335	1.9664999999999964	epochs															feedback	99.0
1659.88325	1.9982499999998709	epochs															iti	99.0
1661.90275	9.076000000000022	epochs															maze	100.0
1661.90275	7.173999999999978	epochs															maze_stem	100.0
1661.924	16.119500000000016	trials	False	True	True	False	True	False	[0.06139362 0.93860638 0.86052328 0.1394767 ]	-0.7991296723484993	0.0780830904841423	0.39956483989953995	0.03904154151678085	0.9386063814163208	[9908 9908 9908 9908 9907]	[9962 9961 9961 9961 9961]		
1669.09825	1.8804999999999836	epochs															maze_arm	100.0
1670.99525	7.026250000000118	epochs															feedback_and_iti	100.0
1670.99525	0.9895000000001346	epochs															feedback_delay	100.0
1672.00425	1.9882500000001073	epochs															feedback	100.0
1674.03125	3.99025000000006	epochs															iti	100.0
1678.0435	7.921000000000049	epochs															maze	101.0
1678.0435	6.496499999999969	epochs															maze_stem	101.0
1678.06475	14.959249999999884	trials	False	True	False	True	False	False	[0.1679249  0.83207512 0.8476547  0.15234528]	-0.6797298192977905	-0.015579596161842346	0.33986490219831467	0.007789798080921173	0.8476547002792358	[10005 10005 10005 10004 10004]	[10051 10051 10051 10051 10051]		
1684.55975	1.4047500000001492	epochs															maze_arm	101.0
1685.98025	7.022999999999911	epochs															feedback_and_iti	101.0
1685.98025	0.9945000000000164	epochs															feedback_delay	101.0
1686.991	1.9857500000000528	epochs															feedback	101.0
1689.0145	3.988749999999982	epochs															iti	101.0
1693.024	11.58925000000022	epochs															maze	102.0
1693.024	9.974750000000085	epochs															maze_stem	102.0
1693.046	16.753999999999905	trials	False	True	False	True	True	True	[0.20309164 0.79690838 0.67693543 0.32306454]	-0.4738438203930855	0.11997292190790176	-0.23692192137241364	0.059986457228660583	0.32306453585624695	[10095 10095 10094 10094 10094]	[10163 10163 10163 10163 10162]		
1703.01975	1.5935000000001764	epochs															maze_arm	102.0
1704.62925	5.148249999999962	epochs															feedback_and_iti	102.0
1704.62925	0.987250000000131	epochs															feedback_delay	102.0
1705.633	1.9827499999998963	epochs															feedback	102.0
1707.796	1.981499999999869	epochs															iti	102.0
1709.8	7.638500000000022	epochs															maze	103.0
1709.8	6.427000000000135	epochs															maze_stem	103.0
1709.82275	14.673250000000053	trials	False	True	False	False	True	False	[0.03795082 0.96204919 0.51568931 0.48431066]	-0.47773851081728935	0.44635985419154167	0.23886926472187042	0.2231799215078354	0.9620491862297058	[10195 10195 10195 10195 10195]	[10240 10240 10240 10240 10239]		
1716.2465	1.1920000000000073	epochs															maze_arm	103.0
1717.45625	7.016499999999951	epochs															feedback_and_iti	103.0
1717.45625	0.9929999999999382	epochs															feedback_delay	103.0
1718.46825	1.9795000000001437	epochs															feedback	103.0
1720.48475	3.987999999999829	epochs															iti	103.0
1724.496	7.859749999999849	epochs															maze	104.0
1724.496	5.758249999999862	epochs															maze_stem	104.0
1724.522	13.031750000000102	trials	False	True	False	True	True	True	[0.13307461 0.86692542 0.62896705 0.37103292]	-0.4958924651145935	0.23795834183692932	-0.24794624745845795	0.11897917091846466	0.3710329234600067	[10283 10283 10283 10283 10283]	[10330 10329 10329 10329 10329]		
1730.2755	2.080249999999978	epochs															maze_arm	104.0
1732.3735	5.1590000000001055	epochs															feedback_and_iti	104.0
1732.3735	0.9887499999999818	epochs															feedback_delay	104.0
1733.3785	1.97849999999994	epochs															feedback	104.0
1735.5495	1.9829999999999472	epochs															iti	104.0
1737.55375	9.796249999999873	epochs															maze	105.0
1737.55375	8.480749999999944	epochs															maze_stem	105.0
1737.574	16.819749999999885	trials	False	True	False	True	False	False	[0.03018724 0.96981275 0.28637064 0.71362942]	-0.25618335977196693	0.6834421493113041	0.1280916966497898	-0.341721061617136	0.2863706350326538	[10362 10362 10361 10361 10361]	[10419 10419 10419 10419 10419]		
1746.0545	1.2954999999999472	epochs															maze_arm	105.0
1747.36725	7.0060000000000855	epochs															feedback_and_iti	105.0
1747.36725	0.9894999999999072	epochs															feedback_delay	105.0
1748.376	1.9762499999999363	epochs															feedback	105.0
1750.39	3.983249999999998	epochs															iti	105.0
1754.39375	8.138249999999971	epochs															maze	106.0
1754.39375	6.4155000000000655	epochs															maze_stem	106.0
1754.416	15.173000000000002	trials	False	True	False	False	True	False	[0.18396559 0.81603438 0.58964032 0.41035965]	-0.4056747257709503	0.22639405727386475	0.20283736288547516	0.11319701373577118	0.8160343766212463	[10463 10462 10462 10462 10462]	[10511 10510 10510 10510 10510]		
1760.831	1.7010000000000218	epochs															maze_arm	106.0
1762.5515	7.0187499999999545	epochs															feedback_and_iti	106.0
1762.5515	0.9984999999999218	epochs															feedback_delay	106.0
1763.56825	1.9794999999999163	epochs															feedback	106.0
1765.58625	3.9839999999999236	epochs															iti	106.0
1769.589	7.951500000000124	epochs															maze	107.0
1769.589	6.1440000000000055	epochs															maze_stem	107.0
1769.6095	14.982500000000073	trials	False	True	False	False	True	False	[0.12018771 0.8798123  0.53155178 0.46844822]	-0.4113640747964382	0.3482605181634426	0.20568203926086426	0.17413026094436646	0.8798123002052307	[10554 10554 10553 10553 10553]	[10600 10600 10600 10600 10600]		
1775.75275	1.78774999999996	epochs															maze_arm	107.0
1777.55825	7.014750000000049	epochs															feedback_and_iti	107.0
1777.55825	0.9892499999998563	epochs															feedback_delay	107.0
1778.56575	1.9760000000001128	epochs															feedback	107.0
1780.58975	3.983249999999998	epochs															iti	107.0
1784.592	8.51299999999992	epochs															maze	108.0
1784.592	6.85674999999992	epochs															maze_stem	108.0
1784.61225	15.582750000000033	trials	False	True	False	False	True	False	[0.11266004 0.88733989 0.50102168 0.49897829]	-0.3883616216480732	0.38631822541356087	0.19418080151081085	0.1931590884923935	0.8873398900032043	[10644 10644 10643 10643 10643]	[10694 10694 10693 10693 10693]		
1791.46875	1.6362500000000182	epochs															maze_arm	108.0
1793.12175	7.04950000000008	epochs															feedback_and_iti	108.0
1793.12175	0.9900000000000091	epochs															feedback_delay	108.0
1794.13075	1.9887499999999818	epochs															feedback	108.0
1796.18075	3.990500000000111	epochs															iti	108.0
1800.195	9.8900000000001	epochs															maze	109.0
1800.195	6.53125	epochs															maze_stem	109.0
1800.215	16.951000000000022	trials	False	True	False	False	True	False	[0.10130908 0.89869088 0.46045217 0.5395478 ]	-0.35914308577775955	0.4382387176156044	0.17957153916358948	0.2191193401813507	0.8986908793449402	[10737 10737 10737 10737 10736]	[10796 10795 10795 10795 10795]		
1806.7475	3.337500000000091	epochs															maze_arm	109.0
1810.104	7.035750000000007	epochs															feedback_and_iti	109.0
1810.104	0.9862499999999272	epochs															feedback_delay	109.0
1811.109	1.99350000000004	epochs															feedback	109.0
1813.13825	4.001500000000078	epochs															iti	109.0
1817.166	7.969250000000102	epochs															maze	110.0
1817.166	5.667500000000018	epochs															maze_stem	110.0
1817.188	15.00649999999996	trials	False	True	False	False	True	False	[0.09366582 0.90633422 0.42754495 0.57245505]	-0.33387915417551994	0.4787892512977123	0.16693958640098572	0.2393946349620819	0.9063342213630676	[10839 10839 10839 10838 10838]	[10886 10886 10885 10885 10885]		
1822.85325	2.282000000000153	epochs															maze_arm	110.0
1825.1535	7.018750000000182	epochs															feedback_and_iti	110.0
1825.1535	0.9842500000002019	epochs															feedback_delay	110.0
1826.15625	1.98174999999992	epochs															feedback	110.0
1828.17675	3.9954999999999927	epochs															iti	110.0
1832.1945	8.38474999999994	epochs															maze	111.0
1832.1945	5.285249999999905	epochs															maze_stem	111.0
1832.21575	13.569499999999834	trials	True	True	False	False	False	True	[0.08787403 0.91212595 0.40060779 0.59939224]	-0.3127337396144867	0.5115181803703308	-0.15636688470840454	-0.2557590901851654	0.08787402510643005	[10929 10929 10929 10929 10928]	[10978 10978 10978 10978 10978]		
1837.50075	3.0785000000000764	epochs															maze_arm	111.0
1840.59975	5.166249999999991	epochs															feedback_and_iti	111.0
1840.59975	0.9812499999998181	epochs															feedback_delay	111.0
1841.603	1.9919999999999618	epochs															feedback	111.0
1843.7835	1.9825000000000728	epochs															iti	111.0
1845.78525	8.98025000000007	epochs															maze	112.0
1845.78525	7.000500000000102	epochs															maze_stem	112.0
1845.806	16.017499999999927	trials	False	True	False	False	True	False	[0.14231299 0.85768706 0.41204521 0.58795482]	-0.269732229411602	0.4456418380141258	0.1348661184310913	0.2228209376335144	0.8576870560646057	[11011 11010 11010 11010 11010]	[11063 11063 11063 11063 11063]		
1852.80875	1.9567500000000564	epochs															maze_arm	112.0
1854.7825	7.017749999999978	epochs															feedback_and_iti	112.0
1854.7825	0.9837499999998727	epochs															feedback_delay	112.0
1855.78375	1.984749999999849	epochs															feedback	112.0
1857.80675	3.99350000000004	epochs															iti	112.0
1861.8235	7.825749999999971	epochs															maze	113.0
1861.8235	6.024000000000115	epochs															maze_stem	113.0
1861.84475	13.023500000000013	trials	True	True	False	False	False	True	[0.17517452 0.82482547 0.6230765  0.3769235 ]	-0.44790197163820267	0.20174897462129593	-0.22395098954439163	-0.10087449103593826	0.1751745194196701	[11107 11107 11106 11106 11106]	[11153 11153 11152 11152 11152]		
1867.867	1.7822499999999764	epochs															maze_arm	113.0
1869.66975	5.178750000000036	epochs															feedback_and_iti	113.0
1869.66975	0.9894999999999072	epochs															feedback_delay	113.0
1870.6815	1.9750000000001364	epochs															feedback	113.0
1872.85025	1.9982500000000982	epochs															iti	113.0
1874.86825	10.048999999999978	epochs															maze	114.0
1874.86825	8.419000000000096	epochs															maze_stem	114.0
1874.88625	17.085000000000036	trials	True	True	False	True	False	False	[0.25584921 0.74415082 0.52979273 0.47020721]	-0.27394355833530426	0.21435804665088654	0.13697175681591034	-0.10717903077602386	0.5297927260398865	[11185 11185 11185 11184 11184]	[11244 11244 11244 11244 11243]		
1883.3085	1.6087499999998727	epochs															maze_arm	114.0
1884.937	7.012750000000096	epochs															feedback_and_iti	114.0
1884.937	0.9962500000001455	epochs															feedback_delay	114.0
1885.95725	1.96225000000004	epochs															feedback	114.0
1887.95675	3.992999999999938	epochs															iti	114.0
1891.97125	8.621249999999918	epochs															maze	115.0
1891.97125	6.7277500000000146	epochs															maze_stem	115.0
1891.9905	15.661999999999807	trials	False	True	False	True	False	False	[0.31813541 0.68186456 0.66983825 0.33016172]	-0.35170283913612366	0.012026309967041016	0.17585141956806183	-0.006013169884681702	0.6698382496833801	[11288 11287 11287 11287 11287]	[11338 11338 11338 11338 11337]		
1898.7215	1.8709999999998672	epochs															maze_arm	115.0
1900.61125	7.018750000000182	epochs															feedback_and_iti	115.0
1900.61125	0.9975000000001728	epochs															feedback_delay	115.0
1901.62775	1.978249999999889	epochs															feedback	115.0
1903.641	3.9890000000000327	epochs															iti	115.0
1907.6525	7.397750000000087	epochs															maze	116.0
1907.6525	5.329500000000053	epochs															maze_stem	116.0
1907.67475	14.419750000000022	trials	False	True	False	False	True	False	[0.27964628 0.72035366 0.61292589 0.38707408]	-0.3332795947790146	0.10742779076099396	0.1666397899389267	0.05371387302875519	0.7203536629676819	[11382 11381 11381 11381 11381]	[11425 11425 11425 11424 11424]		
1913.00225	2.048000000000002	epochs															maze_arm	116.0
1915.06825	7.004500000000007	epochs															feedback_and_iti	116.0
1915.06825	0.9847500000000764	epochs															feedback_delay	116.0
1916.0715	1.9794999999999163	epochs															feedback	116.0
1918.0875	3.985249999999951	epochs															iti	116.0
1922.0945	8.65949999999998	epochs															maze	117.0
1922.0945	6.438750000000027	epochs															maze_stem	117.0
1922.117	13.856999999999971	trials	True	True	False	True	True	True	[0.17972761 0.82027245 0.58905548 0.41094449]	-0.4093279093503952	0.2312169224023819	-0.2046639770269394	0.11560846865177155	0.41094449162483215	[11468 11468 11468 11468 11467]	[11519 11519 11519 11519 11518]		
1928.55275	2.2012499999998454	epochs															maze_arm	117.0
1930.77475	5.177249999999958	epochs															feedback_and_iti	117.0
1930.77475	0.9877500000000055	epochs															feedback_delay	117.0
1931.78425	1.987250000000131	epochs															feedback	117.0
1933.97375	1.978249999999889	epochs															iti	117.0
1935.974	11.110250000000178	epochs															maze	118.0
1935.974	7.85550000000012	epochs															maze_stem	118.0
1935.99225	16.3125	trials	False	True	False	False	False	True	[0.0603572  0.93964285 0.29049844 0.70950156]	-0.2301412597298622	0.6491443887352943	-0.11507061868906021	-0.3245721831917763	0.06035719811916351	[11551 11551 11551 11551 11551]	[11617 11617 11617 11616 11616]		
1943.852	3.232250000000022	epochs															maze_arm	118.0
1947.102	5.179249999999911	epochs															feedback_and_iti	118.0
1947.102	0.9842499999999745	epochs															feedback_delay	118.0
1948.10525	1.9859999999998763	epochs															feedback	118.0
1950.28225	1.9990000000000236	epochs															iti	118.0
1952.30475	10.093249999999898	epochs															maze	119.0
1952.30475	7.413749999999936	epochs															maze_stem	119.0
1952.32875	15.276749999999993	trials	False	True	False	True	True	True	[0.23746954 0.76253045 0.57694948 0.42305055]	-0.3394799157977104	0.18558099120855331	-0.16973994672298431	0.09279049932956696	0.42305055260658264	[11649 11649 11649 11649 11648]	[11709 11709 11708 11708 11708]		
1959.737	2.660999999999831	epochs															maze_arm	119.0
1962.41475	5.1684999999999945	epochs															feedback_and_iti	119.0
1962.41475	0.9845000000000255	epochs															feedback_delay	119.0
1963.41725	1.9909999999999854	epochs															feedback	119.0
1965.58775	1.9954999999999927	epochs															iti	119.0
1967.6055	10.801000000000158	epochs															maze	120.0
1967.6055	8.019500000000107	epochs															maze_stem	120.0
1967.62675	15.995750000000044	trials	False	True	False	False	False	True	[0.0873161  0.91268384 0.26727021 0.73272979]	-0.17995408177375793	0.6454136669635773	-0.08997705578804016	-0.32270684838294983	0.08731609582901001	[11741 11741 11741 11740 11740]	[11805 11805 11804 11804 11804]		
1975.644	2.7625000000000455	epochs															maze_arm	120.0
1978.4245	5.177249999999958	epochs															feedback_and_iti	120.0
1978.4245	1.0	epochs															feedback_delay	120.0
1979.442	1.9800000000000182	epochs															feedback	120.0
1981.61	1.9917500000001382	epochs															iti	120.0
1983.6225	11.331500000000005	epochs															maze	121.0
1983.6225	10.063000000000102	epochs															maze_stem	121.0
1983.641	18.376999999999953	trials	False	True	False	True	False	False	[0.37012413 0.62987584 0.45696223 0.54303777]	-0.08683808147907257	0.17291362583637238	0.04341904819011688	-0.08645682036876678	0.4569622278213501	[11837 11837 11837 11836 11836]	[11904 11904 11904 11903 11903]		
1993.706	1.2480000000000473	epochs															maze_arm	121.0
1994.972	7.022750000000087	epochs															feedback_and_iti	121.0
1994.972	0.9855000000000018	epochs															feedback_delay	121.0
1995.97525	1.9927500000001146	epochs															feedback	121.0
1998.00425	3.990500000000111	epochs															iti	121.0
2002.018	6.817999999999984	epochs															maze	122.0
2002.018	5.652249999999867	epochs															maze_stem	122.0
2002.0405	13.861499999999978	trials	False	True	False	True	False	False	[0.42804259 0.57195741 0.47745016 0.52254981]	-0.049407586455345154	0.09450723230838776	0.02470378577709198	-0.047253623604774475	0.4774501621723175	[11947 11947 11947 11947 11947]	[11987 11987 11987 11987 11986]		
2007.6885	1.1475000000000364	epochs															maze_arm	122.0
2008.85425	7.026999999999816	epochs															feedback_and_iti	122.0
2008.85425	0.98174999999992	epochs															feedback_delay	122.0
2009.85525	1.9849999999999	epochs															feedback	122.0
2011.8785	4.002749999999878	epochs															iti	122.0
2015.902	8.980999999999995	epochs															maze	123.0
2015.902	5.822499999999991	epochs															maze_stem	123.0
2015.923	14.173000000000002	trials	False	True	False	False	False	True	[0.39406145 0.60593849 0.57086259 0.42913735]	-0.1768011450767517	0.03507590293884277	-0.08840057253837585	-0.017537981271743774	0.39406144618988037	[12031 12030 12030 12030 12030]	[12083 12083 12083 12083 12083]		
2021.74325	3.139750000000049	epochs															maze_arm	123.0
2024.90025	5.173999999999978	epochs															feedback_and_iti	123.0
2024.90025	0.9897500000001855	epochs															feedback_delay	123.0
2025.90875	1.9849999999999	epochs															feedback	123.0
2028.1515	1.9227499999999509	epochs															iti	123.0
2030.096	13.210250000000087	epochs															maze	124.0
2030.096	8.837999999999965	epochs															maze_stem	124.0
2030.11675	20.25175000000013	trials	False	True	False	False	True	False	[0.588723   0.41127703 0.56678981 0.43321019]	0.021933183073997498	-0.15551279485225677	-0.010966584086418152	-0.07775638997554779	0.41127702593803406	[12116 12115 12115 12115 12115]	[12194 12194 12194 12193 12193]		
2038.9555	4.350750000000062	epochs															maze_arm	124.0
2043.3235	7.023749999999836	epochs															feedback_and_iti	124.0
2043.3235	0.9822500000000218	epochs															feedback_delay	124.0
2044.32525	1.9939999999999145	epochs															feedback	124.0
2046.3575	3.989749999999731	epochs															iti	124.0
2050.3685	8.182749999999942	epochs															maze	125.0
2050.3685	5.143500000000131	epochs															maze_stem	125.0
2050.388	15.217000000000098	trials	False	True	False	False	True	False	[0.42155808 0.57844198 0.60034043 0.39965957]	-0.1787823736667633	-0.021898478269577026	0.08939120173454285	-0.01094922423362732	0.5784419775009155	[12237 12237 12237 12237 12236]	[12285 12285 12285 12285 12285]		
2055.53275	3.018500000000131	epochs															maze_arm	125.0
2058.56925	7.013750000000073	epochs															feedback_and_iti	125.0
2058.56925	0.9917500000001382	epochs															feedback_delay	125.0
2059.5795	1.97400000000016	epochs															feedback	125.0
2061.593	3.9900000000002365	epochs															iti	125.0
2065.605	9.827499999999873	epochs															maze	126.0
2065.605	6.874499999999898	epochs															maze_stem	126.0
2065.6255	15.017249999999876	trials	True	True	False	True	True	True	[0.25834188 0.74165815 0.5049693  0.49503067]	-0.24662744998931885	0.23668882250785828	-0.12331373989582062	0.11834441125392914	0.4950306713581085	[12329 12328 12328 12328 12328]	[12387 12386 12386 12386 12386]		
2072.50075	2.931749999999738	epochs															maze_arm	126.0
2075.45325	5.168999999999869	epochs															feedback_and_iti	126.0
2075.45325	0.9960000000000946	epochs															feedback_delay	126.0
2076.47	1.9800000000000182	epochs															feedback	126.0
2078.635	1.9872499999996762	epochs															iti	126.0
2080.64275	12.084499999999935	epochs															maze	127.0
2080.64275	8.338000000000193	epochs															maze_stem	127.0
2080.6645	19.121750000000247	trials	False	True	False	False	True	False	[0.15909545 0.84090453 0.24238142 0.75761855]	-0.08328597992658615	0.5985231027007103	0.041642993688583374	0.29926154017448425	0.8409045338630676	[12419 12419 12418 12418 12418]	[12490 12490 12490 12490 12489]		
2089.00275	3.724499999999807	epochs															maze_arm	127.0
2092.7455	7.014250000000175	epochs															feedback_and_iti	127.0
2092.7455	0.9932499999999891	epochs															feedback_delay	127.0
2093.75925	1.9735000000000582	epochs															feedback	127.0
2095.772	3.987750000000233	epochs															iti	127.0
2099.78625	9.639999999999873	epochs															maze	128.0
2099.78625	6.026499999999942	epochs															maze_stem	128.0
2099.813	14.85149999999976	trials	False	True	False	False	False	True	[0.21636653 0.78363347 0.45478165 0.54521829]	-0.23841515183448792	0.3288517892360687	-0.11920756101608276	-0.16442590951919556	0.21636652946472168	[12533 12533 12533 12533 12533]	[12590 12590 12590 12590 12590]		
2105.83675	3.5895000000000437	epochs															maze_arm	128.0
2109.44325	5.1967500000000655	epochs															feedback_and_iti	128.0
2109.44325	0.9840000000003783	epochs															feedback_delay	128.0
2110.4505	1.9887499999999818	epochs															feedback	128.0
2112.6845	1.955500000000029	epochs															iti	128.0
2114.6645	10.359500000000025	epochs															maze	129.0
2114.6645	7.086749999999938	epochs															maze_stem	129.0
2114.688	17.38824999999997	trials	False	True	False	False	True	False	[0.48175329 0.51824665 0.44364247 0.55635756]	0.03811086714267731	0.07460422813892365	-0.019055455923080444	0.037302106618881226	0.5182466506958008	[12623 12622 12622 12622 12622]	[12684 12684 12683 12683 12683]		
2121.77375	3.250250000000051	epochs															maze_arm	129.0
2125.04025	7.012749999999869	epochs															feedback_and_iti	129.0
2125.04025	0.9892500000000837	epochs															feedback_delay	129.0
2126.0535	1.9765000000002146	epochs															feedback	129.0
2128.069	3.9839999999999236	epochs															iti	129.0
2132.07625	7.982750000000124	epochs															maze	130.0
2132.07625	5.700249999999869	epochs															maze_stem	130.0
2132.09875	15.025249999999687	trials	False	True	False	False	True	False	[0.34077054 0.65922946 0.52661556 0.47338447]	-0.1858450025320053	0.1326139122247696	0.09292249381542206	0.0663069635629654	0.6592294573783875	[12727 12727 12727 12726 12726]	[12774 12774 12774 12773 12773]		
2137.798	2.261000000000422	epochs															maze_arm	130.0
2140.07875	7.023249999999734	epochs															feedback_and_iti	130.0
2140.07875	0.9847500000000764	epochs															feedback_delay	130.0
2141.08175	1.9909999999999854	epochs															feedback	130.0
2143.11	3.9919999999997344	epochs															iti	130.0
2147.124	6.812000000000353	epochs															maze	131.0
2147.124	5.016750000000229	epochs															maze_stem	131.0
2147.14275	12.052500000000236	trials	False	True	False	False	False	True	[0.23015605 0.769844   0.44355965 0.55644035]	-0.21340361982584	0.32628432661294937	-0.1067017987370491	-0.1631421521306038	0.2301560491323471	[12817 12817 12817 12817 12817]	[12857 12857 12857 12857 12856]		
2152.16425	1.7717500000003383	epochs															maze_arm	131.0
2153.95375	5.222749999999905	epochs															feedback_and_iti	131.0
2153.95375	0.9969999999998436	epochs															feedback_delay	131.0
2154.97	1.980750000000171	epochs															feedback	131.0
2157.205	1.9715000000001055	epochs															iti	131.0
2159.19525	10.80849999999964	epochs															maze	132.0
2159.19525	7.45824999999968	epochs															maze_stem	132.0
2159.21475	16.012249999999767	trials	False	True	False	False	False	True	[0.51888376 0.48111624 0.42912176 0.57087821]	0.08976198732852936	0.051994457840919495	0.044881001114845276	-0.025997236371040344	0.5188837647438049	[12890 12889 12889 12889 12889]	[12954 12953 12953 12953 12953]		
2166.67475	3.3289999999997235	epochs															maze_arm	132.0
2170.023	5.176750000000084	epochs															feedback_and_iti	132.0
2170.023	0.9839999999999236	epochs															feedback_delay	132.0
2171.02875	1.9842499999999745	epochs															feedback	132.0
2173.2305	1.9692500000001019	epochs															iti	132.0
2175.227	10.42975000000024	epochs															maze	133.0
2175.227	8.50500000000011	epochs															maze_stem	133.0
2175.2515	15.626000000000204	trials	False	True	False	False	False	True	[0.78108537 0.2189146  0.54192311 0.45807686]	0.23916226625442505	-0.3230085074901581	0.11958113312721252	0.16150423884391785	0.7810853719711304	[12986 12986 12985 12985 12985]	[13047 13047 13047 13047 13047]		
2183.75275	1.9039999999999964	epochs															maze_arm	133.0
2185.6735	5.182999999999993	epochs															feedback_and_iti	133.0
2185.6735	0.9947500000002947	epochs															feedback_delay	133.0
2186.692	1.9717500000001564	epochs															feedback	133.0
2188.88875	1.9677499999997963	epochs															iti	133.0
2190.8775	10.19900000000007	epochs															maze	134.0
2190.8775	7.83075000000008	epochs															maze_stem	134.0
2190.8965	15.39975000000004	trials	False	True	False	False	False	True	[0.87192816 0.12807184 0.5442661  0.4557339 ]	0.32766205072402954	-0.41619426012039185	0.16383102536201477	0.20809713006019592	0.8719281554222107	[13080 13079 13079 13079 13079]	[13140 13140 13139 13139 13139]		
2198.729	2.3475000000003092	epochs															maze_arm	134.0
2201.09325	5.184250000000247	epochs															feedback_and_iti	134.0
2201.09325	0.9867500000000291	epochs															feedback_delay	134.0
2202.09875	1.9774999999999636	epochs															feedback	134.0
2204.31075	1.9667500000000473	epochs															iti	134.0
2206.29625	10.736249999999927	epochs															maze	135.0
2206.29625	9.024249999999938	epochs															maze_stem	135.0
2206.31625	17.790250000000015	trials	True	True	False	True	False	False	[0.90073162 0.09926835 0.46651855 0.53348142]	0.4342130683362484	-0.3672502003610134	-0.21710653603076935	0.18362508714199066	0.4665185511112213	[13172 13172 13172 13171 13171]	[13235 13235 13235 13235 13235]		
2215.339	1.6934999999998581	epochs															maze_arm	135.0
2217.0545	7.0294999999996435	epochs															feedback_and_iti	135.0
2217.0545	0.9837499999998727	epochs															feedback_delay	135.0
2218.0595	1.9909999999999854	epochs															feedback	135.0
2220.23125	3.8527500000000146	epochs															iti	135.0
2224.1065	10.539000000000215	epochs															maze	136.0
2224.1065	5.97925000000032	epochs															maze_stem	136.0
2224.12675	15.751000000000204	trials	True	True	False	False	False	True	[0.84721655 0.1527835  0.66624439 0.33375558]	0.180972121655941	-0.5134609267115593	0.090486079454422	0.25673046708106995	0.8472165465354919	[13279 13279 13278 13278 13278]	[13341 13341 13341 13341 13340]		
2230.10775	4.53774999999996	epochs															maze_arm	136.0
2234.67475	5.179749999999785	epochs															feedback_and_iti	136.0
2234.67475	0.9800000000000182	epochs															feedback_delay	136.0
2235.677	1.9884999999999309	epochs															feedback	136.0
2237.87575	1.9787499999997635	epochs															iti	136.0
2239.87775	10.413500000000113	epochs															maze	137.0
2239.87775	8.257000000000062	epochs															maze_stem	137.0
2239.9025	17.435999999999694	trials	False	True	False	False	True	False	[0.87876552 0.1212344  0.39375949 0.60624051]	0.48500607162714005	-0.27252504974603653	-0.24250305444002151	-0.13626254349946976	0.12123440206050873	[13373 13373 13373 13373 13373]	[13435 13435 13434 13434 13434]		
2248.15625	2.1350000000002183	epochs															maze_arm	137.0
2250.31075	7.008499999999913	epochs															feedback_and_iti	137.0
2250.31075	0.9825000000000728	epochs															feedback_delay	137.0
2251.31125	1.9845000000000255	epochs															feedback	137.0
2253.3355	3.9837499999998727	epochs															iti	137.0
2257.3385	12.337500000000091	epochs															maze	138.0
2257.3385	7.651749999999993	epochs															maze_stem	138.0
2257.35875	17.56100000000015	trials	False	True	False	True	True	True	[0.59794545 0.40205455 0.47790468 0.52209532]	0.12004077434539795	-0.07585012912750244	0.060020387172698975	-0.03792506456375122	0.5220953226089478	[13478 13478 13478 13477 13477]	[13551 13551 13551 13551 13550]		
2265.011	4.664999999999964	epochs															maze_arm	138.0
2269.694	5.205249999999978	epochs															feedback_and_iti	138.0
2269.694	0.9972499999998945	epochs															feedback_delay	138.0
2270.70925	1.968499999999949	epochs															feedback	138.0
2272.9225	1.9767499999998108	epochs															iti	138.0
2274.91975	10.160750000000007	epochs															maze	139.0
2274.91975	7.711749999999938	epochs															maze_stem	139.0
2274.9385	15.375	trials	False	True	False	False	False	True	[0.58116734 0.41883263 0.21127132 0.78872865]	0.3698960244655609	0.20756131410598755	0.18494801223278046	-0.10378067195415497	0.5811673402786255	[13584 13583 13583 13583 13583]	[13643 13643 13643 13643 13643]		
2282.6525	2.4279999999998836	epochs															maze_arm	139.0
2285.0965	5.193249999999807	epochs															feedback_and_iti	139.0
2285.0965	0.9907499999999345	epochs															feedback_delay	139.0
2286.10575	1.9890000000000327	epochs															feedback	139.0
2288.307	1.9827500000001237	epochs															iti	139.0
2290.3135	11.653999999999996	epochs															maze	140.0
2290.3135	9.702249999999822	epochs															maze_stem	140.0
2290.33525	18.686999999999898	trials	False	True	False	True	False	False	[0.84600163 0.15399837 0.19435039 0.80564958]	0.6516512185335159	-0.04035203158855438	-0.32582561671733856	0.020176008343696594	0.19435039162635803	[13676 13676 13675 13675 13675]	[13745 13745 13744 13744 13744]		
2300.03875	1.9287500000000364	epochs															maze_arm	140.0
2301.98575	7.0157500000000255	epochs															feedback_and_iti	140.0
2301.98575	0.9772500000003674	epochs															feedback_delay	140.0
2302.98875	1.9830000000001746	epochs															feedback	140.0
2305.01025	3.9912500000000364	epochs															iti	140.0
2309.02225	10.810750000000098	epochs															maze	141.0
2309.02225	5.885749999999916	epochs															maze_stem	141.0
2309.049	16.012499999999818	trials	False	True	False	True	True	True	[0.79893154 0.20106846 0.51215011 0.48784986]	0.2867814153432846	-0.311081662774086	0.1433907002210617	-0.1555408388376236	0.4878498613834381	[13788 13788 13788 13787 13787]	[13852 13852 13851 13851 13851]		
2314.92875	4.904250000000047	epochs															maze_arm	141.0
2319.84925	5.185999999999694	epochs															feedback_and_iti	141.0
2319.84925	0.9932499999999891	epochs															feedback_delay	141.0
2320.86675	1.9717499999997017	epochs															feedback	141.0
2323.07075	1.9645000000000437	epochs															iti	141.0
2325.0615	9.412750000000415	epochs															maze	142.0
2325.0615	6.080000000000382	epochs															maze_stem	142.0
2325.0875	14.607250000000022	trials	False	True	False	False	False	True	[0.66642803 0.33357194 0.2614907  0.7385093 ]	0.40493734180927277	0.07208125293254852	0.2024686634540558	-0.03604063391685486	0.6664280295372009	[13884 13884 13884 13884 13883]	[13940 13939 13939 13939 13939]		
2331.16275	3.311500000000251	epochs															maze_arm	142.0
2334.492	5.181999999999789	epochs															feedback_and_iti	142.0
2334.492	0.9852499999997235	epochs															feedback_delay	142.0
2335.4935	1.9864999999999782	epochs															feedback	142.0
2337.69275	1.981249999999818	epochs															iti	142.0
2339.69475	10.536000000000058	epochs															maze	143.0
2339.69475	7.492249999999785	epochs															maze_stem	143.0
2339.71625	15.75525000000016	trials	True	True	False	False	False	True	[0.86158669 0.13841334 0.20985818 0.79014182]	0.6517284959554672	-0.07144485414028168	0.3258642554283142	0.035722434520721436	0.8615866899490356	[13972 13972 13971 13971 13971]	[14034 14034 14034 14034 14033]		
2347.20625	3.024499999999989	epochs															maze_arm	143.0
2350.253	5.194250000000011	epochs															feedback_and_iti	143.0
2350.253	0.9809999999997672	epochs															feedback_delay	143.0
2351.257	1.9784999999997126	epochs															feedback	143.0
2353.45325	1.9940000000001419	epochs															iti	143.0
2355.4715	10.35149999999976	epochs															maze	144.0
2355.4715	8.825249999999869	epochs															maze_stem	144.0
2355.4905	17.428750000000036	trials	False	True	False	True	False	False	[0.87543672 0.12456332 0.1331487  0.86685127]	0.7422879859805107	-0.008585415780544281	-0.37114401161670685	0.004292711615562439	0.1331486999988556	[14066 14066 14066 14066 14066]	[14128 14127 14127 14127 14127]		
2364.31875	1.5042499999999563	epochs															maze_arm	144.0
2365.84375	7.042750000000069	epochs															feedback_and_iti	144.0
2365.84375	0.9890000000000327	epochs															feedback_delay	144.0
2366.856	1.9904999999998836	epochs															feedback	144.0
2368.896	3.9904999999998836	epochs															iti	144.0
2372.91925	12.244500000000244	epochs															maze	145.0
2372.91925	9.606999999999971	epochs															maze_stem	145.0
2372.9455	17.4375	trials	False	True	False	False	False	True	[0.86451995 0.13548009 0.50780052 0.49219948]	0.35671941190958023	-0.3723204508423805	0.178359717130661	0.18616023659706116	0.8645199537277222	[14171 14171 14171 14170 14170]	[14244 14243 14243 14243 14243]		
2382.54675	2.617000000000189	epochs															maze_arm	145.0
2385.18225	5.173000000000229	epochs															feedback_and_iti	145.0
2385.18225	0.9917500000001382	epochs															feedback_delay	145.0
2386.19075	1.974999999999909	epochs															feedback	145.0
2388.38025	1.974999999999909	epochs															iti	145.0
2390.383	11.297250000000076	epochs															maze	146.0
2390.383	6.680000000000291	epochs															maze_stem	146.0
2390.40425	16.49974999999995	trials	True	True	False	True	True	True	[0.90453941 0.09546057 0.31040552 0.68959451]	0.594133909791708	-0.21494492515921593	0.29706696793437004	-0.10747246071696281	0.6895945072174072	[14276 14276 14275 14275 14275]	[14343 14342 14342 14342 14342]		
2397.09075	4.589500000000044	epochs															maze_arm	146.0
2401.703	5.179500000000189	epochs															feedback_and_iti	146.0
2401.703	0.9797499999999673	epochs															feedback_delay	146.0
2402.707	1.9877500000002328	epochs															feedback	146.0
2404.92	1.962500000000091	epochs															iti	146.0
2406.904	23.836249999999836	epochs															maze	147.0
2406.904	21.565500000000156	epochs															maze_stem	147.0
2406.9295	29.055499999999938	trials	True	True	False	False	False	True	[0.86742312 0.13257684 0.19446002 0.80553997]	0.6729631125926971	-0.061883166432380676	0.336481548845768	0.030941568315029144	0.8674231171607971	[14375 14375 14374 14374 14374]	[14517 14517 14516 14516 14516]		
2428.49325	2.2469999999998436	epochs															maze_arm	147.0
2430.762	5.201499999999669	epochs															feedback_and_iti	147.0
2430.762	0.9797499999999673	epochs															feedback_delay	147.0
2431.76825	1.9862499999999272	epochs															feedback	147.0
2433.98875	1.9747499999998581	epochs															iti	147.0
2435.985	14.023499999999785	epochs															maze	148.0
2435.985	12.120249999999942	epochs															maze_stem	148.0
2436.0145	19.23149999999987	trials	False	True	False	False	False	True	[0.90533668 0.09466327 0.13304895 0.86695105]	0.7722877524793148	-0.03838565573096275	0.38614386320114136	0.019192814826965332	0.9053366780281067	[14549 14549 14549 14549 14548]	[14632 14632 14632 14632 14632]		
2448.127	1.88149999999996	epochs															maze_arm	148.0
2450.037	5.182500000000346	epochs															feedback_and_iti	148.0
2450.037	0.9905000000003383	epochs															feedback_delay	148.0
2451.04475	1.9854999999997744	epochs															feedback	148.0
2453.24325	1.9762500000001637	epochs															iti	148.0
2455.246	13.271499999999833	epochs															maze	149.0
2455.246	11.45199999999977	epochs															maze_stem	149.0
2455.2715	18.466499999999996	trials	False	True	False	False	False	True	[0.92689967 0.07310037 0.14669849 0.85330147]	0.7802011370658875	-0.07359816133975983	0.3901005908846855	0.03679908066987991	0.9268996715545654	[14665 14664 14664 14664 14664]	[14743 14743 14743 14743 14742]		
2466.7205	1.7970000000000255	epochs															maze_arm	149.0
2468.534	5.179499999999734	epochs															feedback_and_iti	149.0
2468.534	0.9847500000000764	epochs															feedback_delay	149.0
2469.53775	1.9850000000001273	epochs															feedback	149.0
2471.73575	1.9777500000000146	epochs															iti	149.0
2473.738	10.751000000000204	epochs															maze	150.0
2473.738	9.327999999999975	epochs															maze_stem	150.0
2473.76625	17.779999999999745	trials	False	True	False	True	False	False	[0.92126411 0.07873593 0.11439335 0.88560665]	0.806870736181736	-0.03565744310617447	-0.4034353792667389	0.01782873272895813	0.11439335346221924	[14776 14775 14775 14775 14775]	[14839 14839 14839 14838 14838]		
2483.09275	1.3962500000002365	epochs															maze_arm	150.0
2484.5075	7.020250000000033	epochs															feedback_and_iti	150.0
2484.5075	0.9909999999999854	epochs															feedback_delay	150.0
2485.517	1.9822500000000218	epochs															feedback	150.0
2487.53975	3.9880000000002838	epochs															iti	150.0
2491.54625	7.516750000000229	epochs															maze	151.0
2491.54625	5.83075000000008	epochs															maze_stem	151.0
2491.56625	12.745750000000044	trials	False	True	False	False	False	True	[0.88167125 0.11832874 0.40258387 0.59741616]	0.4790874011814594	-0.28425510600209236	0.23954369127750397	0.14212755858898163	0.8816712498664856	[14882 14882 14882 14882 14882]	[14926 14926 14926 14926 14926]		
2497.396	1.6669999999999163	epochs															maze_arm	151.0
2499.081	5.207750000000033	epochs															feedback_and_iti	151.0
2499.081	0.9857499999998254	epochs															feedback_delay	151.0
2500.085	1.9794999999999163	epochs															feedback	151.0
2502.30975	1.9790000000002692	epochs															iti	151.0
2504.312	13.364250000000084	epochs															maze	152.0
2504.312	10.315750000000207	epochs															maze_stem	152.0
2504.33275	18.572749999999814	trials	False	True	False	False	False	True	[0.9134177  0.08658231 0.22805023 0.77194977]	0.6853674612939358	-0.14146792516112328	0.34268373250961304	0.07073396444320679	0.9134176969528198	[14959 14959 14958 14958 14958]	[15038 15038 15038 15037 15037]		
2514.64725	3.0289999999999964	epochs															maze_arm	152.0
2517.69275	5.189750000000004	epochs															feedback_and_iti	152.0
2517.69275	0.994499999999789	epochs															feedback_delay	152.0
2518.70775	1.9695000000001528	epochs															feedback	152.0
2520.8945	1.9880000000002838	epochs															iti	152.0
2522.9055	11.046749999999975	epochs															maze	153.0
2522.9055	8.637250000000222	epochs															maze_stem	153.0
2522.92875	16.26274999999987	trials	True	True	False	False	False	True	[0.9172079  0.08279209 0.14939795 0.85060197]	0.7678099125623703	-0.06660589575767517	0.38390497118234634	0.033302925527095795	0.9172078967094421	[15070 15070 15070 15070 15070]	[15136 15135 15135 15135 15135]		
2531.562	2.3902499999999236	epochs															maze_arm	153.0
2533.974	5.186999999999898	epochs															feedback_and_iti	153.0
2533.974	0.9939999999996871	epochs															feedback_delay	153.0
2534.99925	1.9747500000003129	epochs															feedback	153.0
2537.17125	1.9897500000001855	epochs															iti	153.0
2539.1915	11.208250000000135	epochs															maze	154.0
2539.1915	9.162000000000262	epochs															maze_stem	154.0
2539.22	16.41675000000032	trials	False	True	False	True	True	True	[0.89793062 0.10206934 0.10282196 0.89717799]	0.7951086573302746	-0.000752624124288559	0.39755432680249214	-0.000376332551240921	0.8971779942512512	[15168 15168 15168 15167 15167]	[15234 15234 15234 15234 15233]		
2548.37475	2.025000000000091	epochs															maze_arm	154.0
2550.41675	5.192500000000109	epochs															feedback_and_iti	154.0
2550.41675	0.9905000000003383	epochs															feedback_delay	154.0
2551.42725	1.9849999999996726	epochs															feedback	154.0
2553.63	1.9792499999998654	epochs															iti	154.0
2555.63675	11.296249999999873	epochs															maze	155.0
2555.63675	7.25	epochs															maze_stem	155.0
2555.66325	16.5012499999998	trials	False	True	False	True	True	True	[0.89135092 0.1086491  0.1238008  0.87619925]	0.7675501368939877	-0.015151690691709518	0.3837750740349293	-0.007575828582048416	0.8761992454528809	[15267 15266 15266 15266 15266]	[15333 15333 15333 15333 15333]		
2562.91375	4.019249999999829	epochs															maze_arm	155.0
2566.9525	5.182500000000346	epochs															feedback_and_iti	155.0
2566.9525	0.9860000000003311	epochs															feedback_delay	155.0
2567.9575	1.9837499999998727	epochs															feedback	155.0
2570.136	1.999000000000251	epochs															iti	155.0
2572.1645	9.140499999999975	epochs															maze	156.0
2572.1645	7.101000000000113	epochs															maze_stem	156.0
2572.193	14.341749999999593	trials	True	True	False	False	False	True	[0.89540082 0.10459922 0.12057418 0.87942582]	0.7748266234993935	-0.015974976122379303	0.3874133229255676	0.007987499237060547	0.8954008221626282	[15366 15365 15365 15365 15365]	[15420 15419 15419 15419 15419]		
2579.28675	2.0182499999996253	epochs															maze_arm	156.0
2581.328	5.1784999999999854	epochs															feedback_and_iti	156.0
2581.328	0.9737500000001091	epochs															feedback_delay	156.0
2582.32875	1.9807499999997162	epochs															feedback	156.0
2584.52775	1.9787499999997635	epochs															iti	156.0
2586.53475	9.445750000000317	epochs															maze	157.0
2586.53475	7.0395000000003165	epochs															maze_stem	157.0
2586.561	14.680749999999989	trials	False	True	False	True	True	True	[0.91245919 0.08754081 0.08836413 0.91163588]	0.8240950629115105	-0.0008233189582824707	0.41204753145575523	-0.0004116557538509369	0.9116358757019043	[15452 15452 15451 15451 15451]	[15507 15507 15507 15507 15507]		
2593.59625	2.3842500000000655	epochs															maze_arm	157.0
2595.997	5.215500000000247	epochs															feedback_and_iti	157.0
2595.997	0.9980000000000473	epochs															feedback_delay	157.0
2597.01275	1.9720000000002074	epochs															feedback	157.0
2599.22225	1.9902500000002874	epochs															iti	157.0
2601.24175	11.381750000000011	epochs															maze	158.0
2601.24175	9.574249999999665	epochs															maze_stem	158.0
2601.2655	18.422000000000025	trials	True	True	False	True	False	False	[0.89708626 0.1029137  0.11590123 0.88409871]	0.7811850197613239	-0.012987542897462845	-0.3905925154685974	0.006493747234344482	0.11590123176574707	[15540 15540 15540 15539 15539]	[15607 15607 15607 15607 15606]		
2610.83825	1.7852500000003602	epochs															maze_arm	158.0
2612.647	7.020250000000033	epochs															feedback_and_iti	158.0
2612.647	0.9940000000001419	epochs															feedback_delay	158.0
2613.66625	1.9589999999998327	epochs															feedback	158.0
2615.66925	3.9980000000000473	epochs															iti	158.0
2619.6875	7.399499999999989	epochs															maze	159.0
2619.6875	5.30600000000004	epochs															maze_stem	159.0
2619.707	12.638500000000022	trials	True	True	False	False	False	True	[0.92022783 0.07977219 0.40263686 0.59736311]	0.5175909474492073	-0.32286468893289566	0.25879548490047455	0.16143234074115753	0.9202278256416321	[15651 15650 15650 15650 15650]	[15694 15694 15694 15693 15693]		
2625.0135	2.0734999999999673	epochs															maze_arm	159.0
2627.1085	5.213250000000244	epochs															feedback_and_iti	159.0
2627.1085	0.993750000000091	epochs															feedback_delay	159.0
2628.129	1.9767500000002656	epochs															feedback	159.0
2630.33	1.9917500000001382	epochs															iti	159.0
2632.3455	8.94250000000011	epochs															maze	160.0
2632.3455	6.991750000000138	epochs															maze_stem	160.0
2632.36675	14.14975000000004	trials	False	True	False	False	False	True	[0.9027378  0.09726216 0.15380345 0.84619659]	0.7489343881607056	-0.05654124915599823	0.374467171728611	0.028270624577999115	0.9027377963066101	[15726 15726 15726 15726 15726]	[15779 15779 15779 15779 15778]		
2639.3595	1.9284999999999854	epochs															maze_arm	160.0
2641.307	5.180250000000342	epochs															feedback_and_iti	160.0
2641.307	0.9982500000000982	epochs															feedback_delay	160.0
2642.3305	1.9600000000000364	epochs															feedback	160.0
2644.50175	1.9855000000002292	epochs															iti	160.0
2646.5165	9.16399999999976	epochs															maze	161.0
2646.5165	7.413000000000011	epochs															maze_stem	161.0
2646.5465	14.39449999999988	trials	False	True	False	False	False	True	[0.93657905 0.06342094 0.16327056 0.83672947]	0.7733085043728352	-0.09984960034489632	0.38665424287319183	0.049924805760383606	0.9365790486335754	[15811 15811 15811 15811 15811]	[15865 15865 15865 15865 15865]		
2653.9535	1.7269999999998618	epochs															maze_arm	161.0
2655.703	5.213999999999942	epochs															feedback_and_iti	161.0
2655.703	0.9845000000000255	epochs															feedback_delay	161.0
2656.7115	1.9912500000000364	epochs															feedback	161.0
2658.926	1.9909999999999854	epochs															iti	161.0
2660.941	9.653999999999996	epochs															maze	162.0
2660.941	7.159750000000258	epochs															maze_stem	162.0
2660.964	14.875250000000051	trials	True	True	False	True	True	True	[0.92349243 0.07650756 0.11697976 0.88302028]	0.8065126948058605	-0.04047217592597008	0.4032563604414463	-0.020236078649759293	0.883020281791687	[15898 15898 15898 15897 15897]	[15955 15955 15954 15954 15954]		
2668.1205	2.474499999999807	epochs															maze_arm	162.0
2670.62	5.193250000000262	epochs															feedback_and_iti	162.0
2670.62	0.9747500000003129	epochs															feedback_delay	162.0
2671.619	1.9832499999997708	epochs															feedback	162.0
2673.81525	1.9980000000000473	epochs															iti	162.0
2675.83925	9.839249999999993	epochs															maze	163.0
2675.83925	6.96875	epochs															maze_stem	163.0
2675.86925	15.055749999999989	trials	False	True	False	True	True	True	[0.9240666  0.07593337 0.13139625 0.86860377]	0.792670376598835	-0.05546285957098007	0.3963351994752884	-0.027731433510780334	0.8686037659645081	[15987 15987 15987 15987 15986]	[16045 16045 16045 16045 16044]		
2682.829	2.849499999999807	epochs															maze_arm	163.0
2685.69425	5.194500000000062	epochs															feedback_and_iti	163.0
2685.69425	0.9965000000001965	epochs															feedback_delay	163.0
2686.7115	1.967750000000251	epochs															feedback	163.0
2688.8955	1.993249999999989	epochs															iti	163.0
2690.925	10.563499999999749	epochs															maze	164.0
2690.925	7.939750000000004	epochs															maze_stem	164.0
2690.96375	15.74200000000019	trials	False	True	False	True	True	True	[0.91206765 0.08793239 0.12471399 0.87528598]	0.7873536236584187	-0.036781635135412216	0.393676795065403	-0.01839081197977066	0.8752859830856323	[16078 16077 16077 16077 16077]	[16140 16140 16140 16139 16139]		
2698.8895	2.5989999999997053	epochs															maze_arm	164.0
2701.51	5.175999999999931	epochs															feedback_and_iti	164.0
2701.51	0.9802499999996144	epochs															feedback_delay	164.0
2702.5145	1.9924999999998363	epochs															feedback	164.0
2704.7105	1.975500000000011	epochs															iti	164.0
2706.70575	32.467499999999745	epochs															maze	165.0
2706.70575	26.02500000000009	epochs															maze_stem	165.0
2706.72775	37.65774999999985	trials	False	True	False	True	True	True	[0.9024421  0.09755794 0.12150994 0.87849003]	0.7809321247041225	-0.02395203337073326	0.39046604558825493	-0.011976014822721481	0.8784900307655334	[16172 16172 16172 16172 16172]	[16366 16366 16366 16365 16365]		
2732.758	6.4152500000000146	epochs															maze_arm	165.0
2739.18975	5.174750000000131	epochs															feedback_and_iti	165.0
2739.18975	0.9854999999997744	epochs															feedback_delay	165.0
2740.19225	1.9922499999997854	epochs															feedback	165.0
2742.39475	1.9697500000002037	epochs															iti	165.0
2744.3855	27.393750000000182	epochs															maze	166.0
2744.3855	23.17925000000014	epochs															maze_stem	166.0
2744.40575	32.61750000000029	trials	False	True	False	True	True	True	[0.89382428 0.10617574 0.11727504 0.882725  ]	0.7765492498874664	-0.011099293828010559	0.3882746323943138	-0.005549632012844086	0.8827250003814697	[16398 16398 16398 16398 16397]	[16562 16561 16561 16561 16561]		
2767.58975	4.189499999999953	epochs															maze_arm	166.0
2771.79825	5.197000000000116	epochs															feedback_and_iti	166.0
2771.79825	0.9867500000000291	epochs															feedback_delay	166.0
2772.802	1.9872499999996762	epochs															feedback	166.0
2775.02975	1.9654999999997926	epochs															iti	166.0
2777.02325	13.785249999999905	epochs															maze	167.0
2777.02325	11.952749999999924	epochs															maze_stem	167.0
2777.05475	19.014750000000276	trials	False	True	False	False	False	True	[0.8843469  0.11565307 0.11282757 0.8871724 ]	0.7715193331241608	0.002825498580932617	0.3857596665620804	-0.0014127641916275024	0.8843469023704529	[16594 16594 16593 16593 16593]	[16676 16675 16675 16675 16675]		
2788.99825	1.8102499999999964	epochs															maze_arm	167.0
2790.8285	5.218499999999949	epochs															feedback_and_iti	167.0
2790.8285	0.9957500000000437	epochs															feedback_delay	167.0
2791.841	1.9782500000001164	epochs															feedback	167.0
2794.04925	1.9977499999999964	epochs															iti	167.0
2796.0695	8.616500000000087	epochs															maze	168.0
2796.0695	6.032749999999851	epochs															maze_stem	168.0
2796.0915	13.837750000000142	trials	False	True	False	True	True	True	[0.91828161 0.08171838 0.09428933 0.9057107 ]	0.8239923007786274	-0.012570936232805252	0.41199615970253944	-0.006285462528467178	0.9057106971740723	[16708 16708 16708 16707 16707]	[16759 16759 16758 16758 16758]		
2802.12275	2.563250000000153	epochs															maze_arm	168.0
2804.703	5.205500000000029	epochs															feedback_and_iti	168.0
2804.703	0.9862499999999272	epochs															feedback_delay	168.0
2805.70875	1.993750000000091	epochs															feedback	168.0
2807.925	1.9834999999998217	epochs															iti	168.0
2809.92925	8.373000000000047	epochs															maze	169.0
2809.92925	6.033750000000055	epochs															maze_stem	169.0
2809.9565	13.599250000000211	trials	True	True	False	True	True	True	[0.89133316 0.10866682 0.10966194 0.890338  ]	0.7816711999475956	-0.0009951405227184296	0.39083559066057205	-0.0004975870251655579	0.8903380036354065	[16791 16791 16791 16791 16790]	[16840 16840 16840 16840 16840]		
2815.98825	2.3140000000003056	epochs															maze_arm	169.0
2818.324	5.211499999999887	epochs															feedback_and_iti	169.0
2818.324	0.9949999999998909	epochs															feedback_delay	169.0
2819.3415	1.98174999999992	epochs															feedback	169.0
2821.56075	1.9747499999998581	epochs															iti	169.0
2823.55575	8.430749999999989	epochs															maze	170.0
2823.55575	6.231999999999971	epochs															maze_stem	170.0
2823.5755	13.644250000000284	trials	False	True	False	True	True	True	[0.91309863 0.08690131 0.11299679 0.88700324]	0.8001018837094307	-0.0260954350233078	0.40005096420645714	-0.013047721236944199	0.8870032429695129	[16873 16873 16872 16872 16872]	[16922 16922 16922 16922 16922]		
2829.81475	2.1717499999999745	epochs															maze_arm	170.0
2832.00375	5.192000000000007	epochs															feedback_and_iti	170.0
2832.00375	0.9909999999999854	epochs															feedback_delay	170.0
2833.01325	1.9929999999999382	epochs															feedback	170.0
2835.23175	1.9639999999999418	epochs															iti	170.0
2837.21975	9.622749999999996	epochs															maze	171.0
2837.21975	7.5532499999999345	epochs															maze_stem	171.0
2837.243	14.801249999999982	trials	True	True	False	False	False	True	[0.88798577 0.11201419 0.10323392 0.89676607]	0.7847518622875214	0.008780285716056824	0.3923759236931801	-0.004390157759189606	0.8879857659339905	[16955 16955 16954 16954 16954]	[17012 17011 17011 17011 17011]		
2844.7935	2.048999999999978	epochs															maze_arm	171.0
2846.864	5.154500000000098	epochs															feedback_and_iti	171.0
2846.864	0.980750000000171	epochs															feedback_delay	171.0
2847.86625	1.9787499999997635	epochs															feedback	171.0
2850.04475	1.9737500000001091	epochs															iti	171.0
2852.04425	8.092000000000098	epochs															maze	172.0
2852.04425	6.288000000000011	epochs															maze_stem	172.0
2852.06675	13.335000000000036	trials	True	True	False	False	False	True	[0.91265517 0.0873448  0.08261509 0.91738492]	0.8300401046872139	0.004729725420475006	0.41502004116773605	-0.0023648664355278015	0.9126551747322083	[17044 17043 17043 17043 17043]	[17091 17091 17091 17091 17090]		
2858.3575	1.7787499999999454	epochs															maze_arm	172.0
2860.1575	5.223500000000058	epochs															feedback_and_iti	172.0
2860.1575	0.992500000000291	epochs															feedback_delay	172.0
2861.17175	1.987250000000131	epochs															feedback	172.0
2863.40875	1.9722499999998035	epochs															iti	172.0
2865.40175	7.979499999999916	epochs															maze	173.0
2865.40175	5.694750000000113	epochs															maze_stem	173.0
2865.4225	13.18374999999969	trials	False	True	False	True	True	True	[0.8966679  0.10333204 0.0799742  0.92002577]	0.8166937083005905	0.023357853293418884	0.40834686160087585	0.011678904294967651	0.9200257658958435	[17124 17124 17123 17123 17123]	[17171 17170 17170 17170 17170]		
2871.117	2.26424999999972	epochs															maze_arm	173.0
2873.3975	5.188000000000102	epochs															feedback_and_iti	173.0
2873.3975	0.9847500000000764	epochs															feedback_delay	173.0
2874.40575	1.9794999999999163	epochs															feedback	173.0
2876.61225	1.9732500000000073	epochs															iti	173.0
2878.60625	9.481999999999971	epochs															maze	174.0
2878.60625	7.722250000000258	epochs															maze_stem	174.0
2878.6275	14.71725000000015	trials	False	True	False	False	False	True	[0.89466536 0.10533459 0.11079457 0.8892054 ]	0.7838707976043224	-0.005459975451231003	0.39193539321422577	0.00272996723651886	0.8946653604507446	[17203 17203 17203 17202 17202]	[17259 17259 17258 17258 17258]		
2886.354	1.7342499999999745	epochs															maze_arm	174.0
2888.10475	5.211499999999887	epochs															feedback_and_iti	174.0
2888.10475	0.9980000000000473	epochs															feedback_delay	174.0
2889.12725	1.9715000000001055	epochs															feedback	174.0
2891.3385	1.9777500000000146	epochs															iti	174.0
2893.34475	11.783249999999953	epochs															maze	175.0
2893.34475	10.204499999999825	epochs															maze_stem	175.0
2893.368	17.029250000000047	trials	False	True	False	False	False	True	[0.93295532 0.06704472 0.09265742 0.90734255]	0.8402978666126728	-0.025612737983465195	0.42014895007014275	0.012806374579668045	0.9329553246498108	[17291 17291 17291 17291 17291]	[17361 17361 17361 17360 17360]		
2903.57175	1.556250000000091	epochs															maze_arm	175.0
2905.147	5.214249999999993	epochs															feedback_and_iti	175.0
2905.147	0.981499999999869	epochs															feedback_delay	175.0
2906.15125	1.986750000000029	epochs															feedback	175.0
2908.37525	1.9859999999998763	epochs															iti	175.0
2910.39725	9.039749999999913	epochs															maze	176.0
2910.39725	7.4025000000001455	epochs															maze_stem	176.0
2910.425	14.239249999999629	trials	False	True	False	False	False	True	[0.92041391 0.0795861  0.08499291 0.91500705]	0.8354209810495377	-0.005406834185123444	0.4177105017006397	0.002703409641981125	0.9204139113426208	[17394 17393 17393 17393 17393]	[17447 17447 17446 17446 17446]		
2917.8325	1.6044999999999163	epochs															maze_arm	176.0
2919.45975	5.171249999999873	epochs															feedback_and_iti	176.0
2919.45975	0.9862499999999272	epochs															feedback_delay	176.0
2920.46425	1.97400000000016	epochs															feedback	176.0
2922.6465	1.9845000000000255	epochs															iti	176.0
2924.66425	8.724750000000313	epochs															maze	177.0
2924.66425	7.20450000000028	epochs															maze_stem	177.0
2924.69125	13.920250000000124	trials	False	True	False	False	False	True	[0.92975914 0.07024083 0.09150919 0.90849078]	0.8382499516010284	-0.021268367767333984	0.4191249758005142	0.010634168982505798	0.92975914478302	[17479 17479 17479 17478 17478]	[17530 17530 17530 17530 17530]		
2931.88975	1.499250000000302	epochs															maze_arm	177.0
2933.407	5.177749999999833	epochs															feedback_and_iti	177.0
2933.407	0.9924999999998363	epochs															feedback_delay	177.0
2934.42325	1.9695000000001528	epochs															feedback	177.0
2936.60425	1.98050000000012	epochs															iti	177.0
2938.6115	9.437750000000051	epochs															maze	178.0
2938.6115	7.8650000000002365	epochs															maze_stem	178.0
2938.636	14.614500000000135	trials	False	True	False	False	False	True	[0.93109953 0.06890045 0.0904747  0.90952528]	0.8406248278915882	-0.02157425507903099	0.42031241580843925	0.01078711822628975	0.931099534034729	[17563 17563 17562 17562 17562]	[17618 17618 17618 17618 17618]		
2946.49575	1.5534999999999854	epochs															maze_arm	178.0
2948.0675	5.161999999999807	epochs															feedback_and_iti	178.0
2948.0675	0.9974999999999454	epochs															feedback_delay	178.0
2949.08375	1.9772500000003674	epochs															feedback	178.0
2951.264	1.9654999999997926	epochs															iti	178.0
2953.2505	8.29549999999972	epochs															maze	179.0
2953.2505	6.757999999999811	epochs															maze_stem	179.0
2953.284	13.489999999999782	trials	False	True	False	False	False	True	[0.931508   0.06849197 0.09050384 0.90949619]	0.8410041891038418	-0.02201184257864952	0.42050208151340485	0.01100592315196991	0.9315080046653748	[17650 17650 17650 17650 17650]	[17699 17699 17699 17699 17698]		
2960.02875	1.5172499999998763	epochs															maze_arm	179.0
2961.563	5.181250000000091	epochs															feedback_and_iti	179.0
2961.563	0.9974999999999454	epochs															feedback_delay	179.0
2962.579	1.9679999999998472	epochs															feedback	179.0
2964.76475	1.979500000000371	epochs															iti	179.0
2966.774	9.565750000000207	epochs															maze	180.0
2966.774	6.874499999999898	epochs															maze_stem	180.0
2966.8035	14.772750000000087	trials	False	True	False	True	True	True	[0.93172729 0.06827269 0.09032337 0.90967655]	0.8414038866758347	-0.022050708532333374	0.42070192843675613	-0.011025376617908478	0.9096765518188477	[17732 17731 17731 17731 17731]	[17788 17788 17788 17787 17787]		
2973.674	2.6657500000001164	epochs															maze_arm	180.0
2976.36175	5.190749999999753	epochs															feedback_and_iti	180.0
2976.36175	0.9825000000000728	epochs															feedback_delay	180.0
2977.36275	1.9910000000004402	epochs															feedback	180.0
2979.58775	1.9647499999996398	epochs															iti	180.0
2981.57625	10.565999999999804	epochs															maze	181.0
2981.57625	8.035249999999905	epochs															maze_stem	181.0
2981.60025	15.760000000000218	trials	False	True	False	True	True	True	[0.90933758 0.09066241 0.11162255 0.88837743]	0.7977150231599808	-0.020960144698619843	0.3988575078547001	-0.010480079799890518	0.8883774280548096	[17820 17820 17820 17820 17820]	[17883 17883 17882 17882 17882]		
2989.63225	2.5099999999997635	epochs															maze_arm	181.0
2992.1625	5.174750000000131	epochs															feedback_and_iti	181.0
2992.1625	0.9912500000000364	epochs															feedback_delay	181.0
2993.17825	1.9797499999999673	epochs															feedback	181.0
2995.35975	1.9774999999999636	epochs															iti	181.0
2997.36025	10.226249999999709	epochs															maze	182.0
2997.36025	7.763500000000022	epochs															maze_stem	182.0
2997.38775	15.430000000000291	trials	False	True	False	True	True	True	[0.91611654 0.08388343 0.11151493 0.88848507]	0.8046016246080399	-0.0276314839720726	0.4023008234798908	-0.013815749436616898	0.8884850740432739	[17915 17915 17915 17914 17914]	[17975 17975 17975 17975 17975]		
3005.14625	2.4402500000001055	epochs															maze_arm	182.0
3007.6085	5.188750000000255	epochs															feedback_and_iti	182.0
3007.6085	0.9892500000000837	epochs															feedback_delay	182.0
3008.6185	1.9702499999998508	epochs															feedback	182.0
3010.8145	1.9827500000001237	epochs															iti	182.0
3012.81775	11.566749999999956	epochs															maze	183.0
3012.81775	9.230249999999614	epochs															maze_stem	183.0
3012.83775	16.78274999999985	trials	True	True	False	False	False	True	[0.90193474 0.09806523 0.10357479 0.89642519]	0.7983599528670311	-0.005509555339813232	0.39917997643351555	0.002754766494035721	0.9019347429275513	[18008 18007 18007 18007 18007]	[18076 18076 18076 18075 18075]		
3022.07475	2.3097499999998945	epochs															maze_arm	183.0
3024.407	5.183749999999691	epochs															feedback_and_iti	183.0
3024.407	0.9845000000000255	epochs															feedback_delay	183.0
3025.412	1.9787500000002183	epochs															feedback	183.0
3027.6175	1.9732500000000073	epochs															iti	183.0
3029.6205	9.236750000000029	epochs															maze	184.0
3029.6205	6.809999999999945	epochs															maze_stem	184.0
3029.649	14.44250000000011	trials	False	True	False	True	True	True	[0.91737455 0.08262543 0.0797002  0.92029977]	0.8376743458211422	0.002925220876932144	0.41883717104792595	0.0014625973999500275	0.920299768447876	[18108 18108 18108 18108 18108]	[18163 18163 18162 18162 18162]		
3036.45	2.4072500000002037	epochs															maze_arm	184.0
3038.8805	5.1887499999998	epochs															feedback_and_iti	184.0
3038.8805	0.9969999999998436	epochs															feedback_delay	184.0
3039.89425	1.9835000000002765	epochs															feedback	184.0
3042.10225	1.9670000000000982	epochs															iti	184.0
3044.0915	9.785750000000007	epochs															maze	185.0
3044.0915	5.851749999999811	epochs															maze_stem	185.0
3044.1215	14.993249999999989	trials	False	True	False	True	True	True	[0.90907186 0.09092814 0.11357995 0.88642007]	0.7954919189214706	-0.022651799023151398	0.3977459631860256	-0.011325892060995102	0.8864200711250305	[18195 18195 18195 18195 18194]	[18253 18253 18252 18252 18252]		
3049.965	3.912249999999858	epochs															maze_arm	185.0
3053.89425	5.197250000000167	epochs															feedback_and_iti	185.0
3053.89425	0.9907500000003893	epochs															feedback_delay	185.0
3054.90325	1.979500000000371	epochs															feedback	185.0
3057.11375	1.9777500000000146	epochs															iti	185.0
3059.11475	8.648499999999785	epochs															maze	186.0
3059.11475	6.4594999999999345	epochs															maze_stem	186.0
3059.1345	13.858499999999822	trials	True	True	False	True	True	True	[0.91518176 0.08481826 0.11057431 0.88942569]	0.804607443511486	-0.025756053626537323	0.40230371803045273	-0.012878023087978363	0.8894256949424744	[18285 18285 18285 18285 18284]	[18336 18336 18336 18336 18335]		
3065.59375	2.169499999999971	epochs															maze_arm	186.0
3067.78425	5.1784999999999854	epochs															feedback_and_iti	186.0
3067.78425	0.9992499999998472	epochs															feedback_delay	186.0
3068.8065	1.9652499999997417	epochs															feedback	186.0
3070.98675	1.9760000000001128	epochs															iti	186.0
3072.993	8.16924999999992	epochs															maze	187.0
3072.993	6.3032499999999345	epochs															maze_stem	187.0
3073.021	13.381249999999909	trials	False	True	False	True	True	True	[0.91648096 0.08351906 0.10308869 0.89691132]	0.8133922629058361	-0.019569631665945053	0.4066961295902729	-0.00978480651974678	0.8969113230705261	[18368 18368 18368 18368 18368]	[18416 18416 18416 18416 18416]		
3079.3165	1.8457499999999527	epochs															maze_arm	187.0
3081.1805	5.193000000000211	epochs															feedback_and_iti	187.0
3081.1805	0.9952499999999418	epochs															feedback_delay	187.0
3082.19425	1.98824999999988	epochs															feedback	187.0
3084.40625	1.9672500000001492	epochs															iti	187.0
3086.40225	8.875250000000051	epochs															maze	188.0
3086.40225	7.339249999999993	epochs															maze_stem	188.0
3086.42375	14.088999999999942	trials	False	True	False	False	False	True	[0.89661223 0.10338774 0.09831931 0.90168071]	0.7982929423451424	0.005068458616733551	0.3991464599967003	-0.002534233033657074	0.8966122269630432	[18449 18449 18448 18448 18448]	[18501 18501 18501 18500 18500]		
3093.7625	1.5150000000003274	epochs															maze_arm	188.0
3095.29325	5.197249999999713	epochs															feedback_and_iti	188.0
3095.29325	0.9932499999999891	epochs															feedback_delay	188.0
3096.3085	1.9842499999999745	epochs															feedback	188.0
3098.52025	1.9702499999998508	epochs															iti	188.0
3100.51275	8.668500000000222	epochs															maze	189.0
3100.51275	6.480000000000018	epochs															maze_stem	189.0
3100.53575	13.85550000000012	trials	False	True	False	True	True	True	[0.92382985 0.07617013 0.08490467 0.91509527]	0.8389251604676247	-0.008734561502933502	0.41946256905794144	-0.004367299377918243	0.9150952696800232	[18533 18533 18533 18533 18533]	[18584 18584 18584 18584 18584]		
3107.0185	2.16274999999996	epochs															maze_arm	189.0
3109.19675	5.167750000000069	epochs															feedback_and_iti	189.0
3109.19675	0.9854999999997744	epochs															feedback_delay	189.0
3110.19975	1.9869999999996253	epochs															feedback	189.0
3112.39625	1.9682500000003529	epochs															iti	189.0
3114.39125	10.699249999999665	epochs															maze	190.0
3114.39125	8.547999999999774	epochs															maze_stem	190.0
3114.41875	15.86575000000039	trials	True	True	False	True	True	True	[0.90126646 0.09873353 0.10723302 0.89276695]	0.7940334305167198	-0.008499495685100555	0.3970167115330696	-0.004249759018421173	0.8927669525146484	[18617 18616 18616 18616 18616]	[18680 18680 18679 18679 18679]		
3122.95925	2.131249999999909	epochs															maze_arm	190.0
3125.11275	5.146750000000338	epochs															feedback_and_iti	190.0
3125.11275	0.9885000000003856	epochs															feedback_delay	190.0
3126.12225	1.968499999999949	epochs															feedback	190.0
3128.27175	1.9877500000002328	epochs															iti	190.0
3130.2845	9.89449999999988	epochs															maze	191.0
3130.2845	7.773749999999836	epochs															maze_stem	191.0
3130.3035	15.119499999999789	trials	True	True	False	False	False	True	[0.92155743 0.0784426  0.10743418 0.89256579]	0.8141232170164585	-0.02899160608649254	0.4070616252720356	0.01449580118060112	0.9215574264526367	[18712 18712 18711 18711 18711]	[18770 18770 18770 18770 18769]		
3138.079	2.099999999999909	epochs															maze_arm	191.0
3140.1995	5.201249999999618	epochs															feedback_and_iti	191.0
3140.1995	0.9997499999999491	epochs															feedback_delay	191.0
3141.22925	1.96225000000004	epochs															feedback	191.0
3143.403	1.9977499999999964	epochs															iti	191.0
3145.423	10.7475000000004	epochs															maze	192.0
3145.423	9.207500000000437	epochs															maze_stem	192.0
3145.452	15.93374999999969	trials	False	True	False	False	False	True	[0.91893327 0.08106677 0.07930971 0.9206903 ]	0.8396235443651676	0.0017570443451404572	0.41981178149580956	-0.000878509134054184	0.9189332723617554	[18803 18802 18802 18802 18802]	[18866 18866 18866 18866 18865]		
3154.6645	1.5060000000003129	epochs															maze_arm	192.0
3156.18875	5.1710000000002765	epochs															feedback_and_iti	192.0
3156.18875	0.9907500000003893	epochs															feedback_delay	192.0
3157.20125	1.968499999999949	epochs															feedback	192.0
3159.3865	1.9732500000000073	epochs															iti	192.0
3161.38575	8.539499999999862	epochs															maze	193.0
3161.38575	6.166749999999865	epochs															maze_stem	193.0
3161.40975	13.75525000000016	trials	False	True	False	True	True	True	[0.93809283 0.06190713 0.10084476 0.89915526]	0.8372480999678373	-0.03893759660422802	0.4186240639537573	-0.019468804821372032	0.8991552591323853	[18898 18898 18898 18898 18898]	[18949 18948 18948 18948 18948]		
3167.58225	2.342999999999847	epochs															maze_arm	193.0
3169.94425	5.186000000000149	epochs															feedback_and_iti	193.0
3169.94425	0.9929999999999382	epochs															feedback_delay	193.0
3170.96025	1.969499999999698	epochs															feedback	193.0
3173.1445	1.9857500000002801	epochs															iti	193.0
3175.165	8.793999999999869	epochs															maze	194.0
3175.165	6.624000000000251	epochs															maze_stem	194.0
3175.18775	14.010249999999814	trials	True	True	False	True	True	True	[0.90423322 0.09576679 0.11065434 0.88934565]	0.7935788668692112	-0.014887560158967972	0.39678942784667015	-0.007443781942129135	0.889345645904541	[18981 18981 18981 18980 18980]	[19033 19033 19032 19032 19032]		
3181.8095	2.149499999999989	epochs															maze_arm	194.0
3183.9825	5.192749999999705	epochs															feedback_and_iti	194.0
3183.9825	0.98824999999988	epochs															feedback_delay	194.0
3185.00475	1.9659999999998945	epochs															feedback	194.0
3187.19425	1.9809999999997672	epochs															iti	194.0
3189.198	9.551750000000084	epochs															maze	195.0
3189.198	7.587750000000142	epochs															maze_stem	195.0
3189.2185	14.751749999999902	trials	True	True	False	False	False	True	[0.92576647 0.07423349 0.1101662  0.88983375]	0.815600261092186	-0.03593271225690842	0.4078001342713833	0.017966333776712418	0.9257664680480957	[19065 19065 19065 19065 19064]	[19121 19121 19121 19121 19121]		
3196.80425	1.9454999999998108	epochs															maze_arm	195.0
3198.77275	5.177000000000135	epochs															feedback_and_iti	195.0
3198.77275	0.9874999999997272	epochs															feedback_delay	195.0
3199.7875	1.9695000000001528	epochs															feedback	195.0
3201.974	1.9757500000000618	epochs															iti	195.0
3203.97025	9.793250000000171	epochs															maze	196.0
3203.97025	6.332000000000335	epochs															maze_stem	196.0
3203.99025	15.006750000000011	trials	False	True	False	True	True	True	[0.92071688 0.07928318 0.08011518 0.9198848 ]	0.8406016603112221	-0.0008320435881614685	0.42030081152915955	-0.00041601061820983887	0.9198848009109497	[19154 19153 19153 19153 19153]	[19211 19211 19211 19211 19211]		
3210.32325	3.4402500000001055	epochs															maze_arm	196.0
3213.78175	5.180749999999989	epochs															feedback_and_iti	196.0
3213.78175	0.9857499999998254	epochs															feedback_delay	196.0
3214.78775	1.9902499999998327	epochs															feedback	196.0
3216.96825	1.9942500000001928	epochs															iti	196.0
3218.997	10.208250000000135	epochs															maze	197.0
3218.997	8.682000000000244	epochs															maze_stem	197.0
3219.02825	15.401499999999942	trials	False	True	False	False	False	True	[0.91281974 0.08718029 0.11522239 0.88477755]	0.7975973077118397	-0.028042148798704147	0.3987986780703068	0.014021065086126328	0.9128197431564331	[19244 19244 19243 19243 19243]	[19304 19304 19304 19303 19303]		
3227.698	1.5072500000001128	epochs															maze_arm	197.0
3229.22525	5.180749999999989	epochs															feedback_and_iti	197.0
3229.22525	0.9887499999999818	epochs															feedback_delay	197.0
3230.24025	1.9787500000002183	epochs															feedback	197.0
3232.42975	1.9762500000001637	epochs															iti	197.0
3234.42975	8.266250000000127	epochs															maze	198.0
3234.42975	6.770500000000084	epochs															maze_stem	198.0
3234.455	13.438750000000255	trials	False	True	False	False	False	True	[0.94131356 0.05868645 0.09349962 0.9065004 ]	0.8478139471262693	-0.0348131638020277	0.42390697449445724	0.017406590282917023	0.9413135647773743	[19336 19336 19336 19336 19336]	[19385 19385 19385 19384 19384]		
3241.22125	1.4747499999998581	epochs															maze_arm	198.0
3242.71375	5.154250000000047	epochs															feedback_and_iti	198.0
3242.71375	0.99350000000004	epochs															feedback_delay	198.0
3243.732	1.9672500000001492	epochs															feedback	198.0
3245.88725	1.9807499999997162	epochs															iti	198.0
3247.89375	10.090499999999793	epochs															maze	199.0
3247.89375	6.23949999999968	epochs															maze_stem	199.0
3247.92525	17.13025000000016	trials	False	True	False	True	False	False	[0.92332256 0.07667743 0.08353487 0.91646516]	0.8397877104580402	-0.006857413798570633	-0.4198938459157944	0.003428712487220764	0.08353486657142639	[19417 19417 19417 19416 19416]	[19477 19476 19476 19476 19476]		
3254.15275	3.831499999999778	epochs															maze_arm	199.0
3258.0085	7.0210000000001855	epochs															feedback_and_iti	199.0
3258.0085	0.9974999999999454	epochs															feedback_delay	199.0
3259.0355	1.9592499999998836	epochs															feedback	199.0
3261.0335	3.9960000000000946	epochs															iti	199.0
3265.0555	8.060500000000047	epochs															maze	200.0
3265.0555	6.214500000000044	epochs															maze_stem	200.0
3265.0755	13.272750000000087	trials	False	True	False	False	False	True	[0.90010214 0.09989782 0.24101768 0.7589823 ]	0.6590844690799713	-0.1411198526620865	0.32954222708940506	0.07055991142988205	0.9001021385192871	[19520 19520 19520 19519 19519]	[19567 19567 19567 19567 19567]		
3271.2925	1.8234999999999673	epochs															maze_arm	200.0
3273.13375	5.1967500000000655	epochs															feedback_and_iti	200.0
3273.13375	0.9922500000002401	epochs															feedback_delay	200.0
3274.14425	1.9792500000003201	epochs															feedback	200.0
3276.35325	1.9772499999999127	epochs															iti	200.0
3278.34825	8.70575000000008	epochs															maze	201.0
3278.34825	6.4477499999998145	epochs															maze_stem	201.0
3278.3695	13.944000000000415	trials	True	True	False	True	True	True	[0.92263007 0.07736996 0.12041997 0.87958008]	0.8022101111710072	-0.04305000230669975	0.401105061173439	-0.021524980664253235	0.8795800805091858	[19600 19599 19599 19599 19599]	[19651 19651 19650 19650 19650]		
3284.8165	2.237500000000182	epochs															maze_arm	201.0
3287.07525	5.206750000000284	epochs															feedback_and_iti	201.0
3287.07525	0.9965000000001965	epochs															feedback_delay	201.0
3288.0935	1.9757500000000618	epochs															feedback	201.0
3290.2895	1.992500000000291	epochs															iti	201.0
3292.3135	8.511250000000018	epochs															maze	202.0
3292.3135	6.9282499999999345	epochs															maze_stem	202.0
3292.33625	13.742999999999938	trials	True	True	False	True	True	True	[0.9198032  0.08019675 0.12060521 0.87939483]	0.7991980388760567	-0.0404084175825119	0.3995990417897701	-0.02020421251654625	0.8793948292732239	[19683 19683 19683 19683 19683]	[19733 19733 19733 19733 19733]		
3299.261	1.5637500000002547	epochs															maze_arm	202.0
3300.85125	5.205749999999625	epochs															feedback_and_iti	202.0
3300.85125	0.9869999999996253	epochs															feedback_delay	202.0
3301.861	1.9852500000001783	epochs															feedback	202.0
3304.082	1.974999999999909	epochs															iti	202.0
3306.07925	7.926500000000033	epochs															maze	203.0
3306.07925	5.335750000000189	epochs															maze_stem	203.0
3306.10025	13.1550000000002	trials	False	True	False	True	True	True	[0.91823566 0.08176433 0.11227763 0.88772237]	0.8059580363333225	-0.03051329031586647	0.4029790200293064	-0.015256647020578384	0.887722373008728	[19766 19766 19765 19765 19765]	[19812 19812 19812 19812 19812]		
3311.43725	2.568499999999858	epochs															maze_arm	203.0
3314.02425	5.211499999999887	epochs															feedback_and_iti	203.0
3314.02425	0.9972499999998945	epochs															feedback_delay	203.0
3315.0465	1.9607500000001892	epochs															feedback	203.0
3317.24675	1.9890000000000327	epochs															iti	203.0
3319.25525	8.926749999999629	epochs															maze	204.0
3319.25525	6.388749999999618	epochs															maze_stem	204.0
3319.2755	14.143000000000029	trials	False	True	False	True	True	True	[0.8989774  0.10102259 0.10882665 0.89117336]	0.7901507616043091	-0.007804051041603088	0.39507538825273514	-0.003902025520801544	0.8911733627319336	[19845 19845 19844 19844 19844]	[19897 19897 19897 19897 19897]		
3325.667	2.5149999999998727	epochs															maze_arm	204.0
3328.19825	5.199000000000069	epochs															feedback_and_iti	204.0
3328.19825	0.9852500000001783	epochs															feedback_delay	204.0
3329.2005	1.9927499999998872	epochs															feedback	204.0
3331.401	1.9962500000001455	epochs															iti	204.0
3333.4185	9.785999999999603	epochs															maze	205.0
3333.4185	7.207499999999982	epochs															maze_stem	205.0
3333.4435	14.994000000000142	trials	False	True	False	True	True	True	[0.89344978 0.10655022 0.11076739 0.88923264]	0.782682403922081	-0.004217155277729034	0.3913412056863308	-0.0021085701882839203	0.8892326354980469	[19930 19930 19929 19929 19929]	[19988 19987 19987 19987 19987]		
3340.649	2.555499999999938	epochs															maze_arm	205.0
3343.2275	5.185249999999996	epochs															feedback_and_iti	205.0
3343.2275	0.9907499999999345	epochs															feedback_delay	205.0
3344.2365	1.981249999999818	epochs															feedback	205.0
3346.448	1.9647500000000946	epochs															iti	205.0
3348.4375	9.561499999999796	epochs															maze	206.0
3348.4375	7.463000000000193	epochs															maze_stem	206.0
3348.463	14.78274999999985	trials	False	True	False	True	True	True	[0.88375503 0.11624503 0.10723804 0.89276195]	0.7765169516205788	0.009006954729557037	0.3882584571838379	0.004503488540649414	0.8927619457244873	[20020 20020 20019 20019 20019]	[20076 20076 20076 20076 20075]		
3355.9225	2.076499999999669	epochs															maze_arm	206.0
3358.0185	5.193499999999858	epochs															feedback_and_iti	206.0
3358.0185	0.9827499999996689	epochs															feedback_delay	206.0
3359.02225	1.9884999999999309	epochs															feedback	206.0
3361.25	1.961999999999989	epochs															iti	206.0
3363.24575	9.050249999999778	epochs															maze	207.0
3363.24575	7.4532500000000255	epochs															maze_stem	207.0
3363.2745	14.260000000000218	trials	False	True	False	False	False	True	[0.8736577  0.12634231 0.10401944 0.89598054]	0.7696382440626621	0.022322852164506912	0.3848191313445568	-0.011161427944898605	0.8736577033996582	[20109 20108 20108 20108 20108]	[20162 20162 20162 20161 20161]		
3370.72025	1.575749999999971	epochs															maze_arm	207.0
3372.3205	5.193500000000313	epochs															feedback_and_iti	207.0
3372.3205	0.993750000000091	epochs															feedback_delay	207.0
3373.3325	1.981249999999818	epochs															feedback	207.0
3375.52675	1.987250000000131	epochs															iti	207.0
3377.5345	11.719499999999698	epochs															maze	208.0
3377.5345	9.040999999999713	epochs															maze_stem	208.0
3377.55325	16.940500000000156	trials	False	True	False	True	True	True	[0.91111207 0.08888788 0.08708765 0.91291231]	0.824024423956871	0.0018002316355705261	0.4120122157037258	0.0009000934660434723	0.9129123091697693	[20194 20194 20194 20194 20193]	[20264 20263 20263 20263 20263]		
3386.60425	2.64975000000004	epochs															maze_arm	208.0
3389.272	5.198750000000018	epochs															feedback_and_iti	208.0
3389.272	0.9909999999999854	epochs															feedback_delay	208.0
3390.2835	1.9859999999998763	epochs															feedback	208.0
3392.4745	1.9962500000001455	epochs															iti	208.0
3394.49375	15.009749999999713	epochs															maze	209.0
3394.49375	13.735249999999724	epochs															maze_stem	209.0
3394.5135	20.224249999999756	trials	False	True	False	True	True	True	[0.89112532 0.10887475 0.10757583 0.89242417]	0.7835494503378868	0.0012988820672035217	0.3917747065424919	0.0006494596600532532	0.8924241662025452	[20296 20296 20296 20295 20295]	[20385 20385 20385 20384 20384]		
3408.258	1.2454999999999927	epochs															maze_arm	209.0
3409.52425	5.19275000000016	epochs															feedback_and_iti	209.0
3409.52425	0.9862499999999272	epochs															feedback_delay	209.0
3410.5295	1.9897499999997308	epochs															feedback	209.0
3412.7615	1.955500000000029	epochs															iti	209.0
3414.73775	10.41800000000012	epochs															maze	210.0
3414.73775	8.364250000000084	epochs															maze_stem	210.0
3414.757	15.643749999999727	trials	True	True	False	False	False	True	[0.89840251 0.10159747 0.10876752 0.89123249]	0.7896350063383579	-0.00717003270983696	0.3948174975812435	0.0035850144922733307	0.8984025120735168	[20417 20417 20417 20417 20417]	[20479 20479 20478 20478 20478]		
3423.12575	2.0299999999997453	epochs															maze_arm	210.0
3425.17675	5.195499999999811	epochs															feedback_and_iti	210.0
3425.17675	0.9834999999998217	epochs															feedback_delay	210.0
3426.1895	1.9777500000000146	epochs															feedback	210.0
3428.39975	1.9724999999998545	epochs															iti	210.0
3430.40075	9.317250000000058	epochs															maze	211.0
3430.40075	7.469250000000102	epochs															maze_stem	211.0
3430.42275	14.527749999999742	trials	False	True	False	False	False	True	[0.91299945 0.08700056 0.08069527 0.91930473]	0.8323041722178459	0.006305284798145294	0.41615208983421326	-0.0031526386737823486	0.9129994511604309	[20511 20511 20511 20511 20510]	[20566 20566 20566 20566 20565]		
3437.8925	1.82549999999992	epochs															maze_arm	211.0
3439.73675	5.1887499999998	epochs															feedback_and_iti	211.0
3439.73675	0.9949999999998909	epochs															feedback_delay	211.0
3440.7515	1.9772500000003674	epochs															feedback	211.0
3442.94825	1.9772499999999127	epochs															iti	211.0
3444.9505	9.515499999999975	epochs															maze	212.0
3444.9505	7.838749999999891	epochs															maze_stem	212.0
3444.973	14.728500000000167	trials	False	True	False	False	False	True	[0.93441075 0.06558926 0.10189777 0.89810222]	0.8325129747390747	-0.036308519542217255	0.41625649109482765	0.018154259771108627	0.9344107508659363	[20598 20598 20598 20598 20598]	[20655 20654 20654 20654 20654]		
3452.80825	1.6577499999998508	epochs															maze_arm	212.0
3454.486	5.1902500000001055	epochs															feedback_and_iti	212.0
3454.486	0.9867500000000291	epochs															feedback_delay	212.0
3455.49025	1.99225000000024	epochs															feedback	212.0
3457.69475	1.981499999999869	epochs															iti	212.0
3459.7015	9.324249999999665	epochs															maze	213.0
3459.7015	7.32549999999992	epochs															maze_stem	213.0
3459.7245	14.532500000000255	trials	True	True	False	False	False	True	[0.92749971 0.07250032 0.08897095 0.91102904]	0.8385287411510944	-0.01647065207362175	0.41926437988877296	0.008235331624746323	0.9274997115135193	[20687 20687 20687 20686 20686]	[20742 20742 20742 20741 20741]		
3467.048	1.9777500000000146	epochs															maze_arm	213.0
3469.0475	5.177499999999782	epochs															feedback_and_iti	213.0
3469.0475	0.9924999999998363	epochs															feedback_delay	213.0
3470.06775	1.9604999999996835	epochs															feedback	213.0
3472.24375	1.981249999999818	epochs															iti	213.0
3474.257	11.072749999999814	epochs															maze	214.0
3474.257	9.391749999999774	epochs															maze_stem	214.0
3474.28425	16.245499999999993	trials	False	True	False	False	False	True	[0.91002977 0.08997025 0.08131419 0.91868579]	0.8287155590951443	0.00865604355931282	0.4143577888607979	-0.004328019917011261	0.9100297689437866	[20774 20774 20774 20774 20773]	[20840 20839 20839 20839 20839]		
3483.67225	1.6574999999998	epochs															maze_arm	214.0
3485.34975	5.153500000000349	epochs															feedback_and_iti	214.0
3485.34975	0.9905000000003383	epochs															feedback_delay	214.0
3486.3575	1.9724999999998545	epochs															feedback	214.0
3488.5305	1.9727500000003602	epochs															iti	214.0
3490.52975	11.85149999999976	epochs															maze	215.0
3490.52975	9.56399999999985	epochs															maze_stem	215.0
3490.555	17.0907500000003	trials	True	True	False	False	False	True	[0.94106025 0.0589398  0.10750709 0.89249295]	0.8335531540215015	-0.04856729134917259	0.4167765788733959	0.024283666163682938	0.9410602450370789	[20872 20872 20871 20871 20871]	[20942 20942 20941 20941 20941]		
3500.11675	2.264499999999771	epochs															maze_arm	215.0
3502.4055	5.206500000000233	epochs															feedback_and_iti	215.0
3502.4055	0.9987500000002001	epochs															feedback_delay	215.0
3503.42975	1.9642499999999927	epochs															feedback	215.0
3505.63425	1.9777500000000146	epochs															iti	215.0
3507.64575	31.918499999999767	epochs															maze	216.0
3507.64575	29.580249999999978	epochs															maze_stem	216.0
3507.6765	37.15274999999974	trials	False	True	False	True	True	True	[0.90245754 0.09754249 0.07999568 0.92000437]	0.8224618658423424	0.017546825110912323	0.4112309366464615	0.008773431181907654	0.9200043678283691	[20974 20974 20974 20974 20974]	[21165 21165 21164 21164 21164]		
3537.25025	2.313999999999851	epochs															maze_arm	216.0
3539.58925	5.210250000000087	epochs															feedback_and_iti	216.0
3539.58925	0.9927499999998872	epochs															feedback_delay	216.0
3540.5995	1.9845000000000255	epochs															feedback	216.0
3542.83075	1.96875	epochs															iti	216.0
3544.82925	11.025750000000244	epochs															maze	217.0
3544.82925	9.481000000000222	epochs															maze_stem	217.0
3544.8625	16.217749999999796	trials	False	True	False	False	False	True	[0.90795058 0.09204944 0.11800133 0.88199866]	0.7899492345750332	-0.02595190331339836	0.39497462660074234	0.01297595351934433	0.9079505801200867	[21197 21197 21197 21197 21197]	[21262 21262 21262 21262 21262]		
3554.33075	1.5242499999999382	epochs															maze_arm	217.0
3555.87875	5.175750000000335	epochs															feedback_and_iti	217.0
3555.87875	0.9815000000003238	epochs															feedback_delay	217.0
3556.882	1.975500000000011	epochs															feedback	217.0
3559.073	1.9815000000003238	epochs															iti	217.0
3561.08025	12.24474999999984	epochs															maze	218.0
3561.08025	10.885499999999865	epochs															maze_stem	218.0
3561.1115	17.44374999999991	trials	False	True	False	False	False	True	[0.93953758 0.06046237 0.09659672 0.90340328]	0.8429408892989159	-0.036134324967861176	0.42147043347358704	0.018067151308059692	0.9395375847816467	[21295 21295 21294 21294 21294]	[21367 21367 21367 21367 21366]		
3571.9875	1.3374999999996362	epochs															maze_arm	218.0
3573.34575	5.190500000000156	epochs															feedback_and_iti	218.0
3573.34575	0.9867500000000291	epochs															feedback_delay	218.0
3574.34975	1.98700000000008	epochs															feedback	218.0
3576.5425	1.993750000000091	epochs															iti	218.0
3578.55525	9.889750000000276	epochs															maze	219.0
3578.55525	8.365250000000287	epochs															maze_stem	219.0
3578.5795	15.093499999999949	trials	False	True	False	False	False	True	[0.92029935 0.07970062 0.0842415  0.91575849]	0.836057860404253	-0.004540871828794479	0.41802892461419106	0.0022704266011714935	0.9202993512153625	[21400 21399 21399 21399 21399]	[21458 21458 21457 21457 21457]		
3586.94325	1.5017500000003565	epochs															maze_arm	219.0
3588.46375	5.186500000000251	epochs															feedback_and_iti	219.0
3588.46375	0.9847500000000764	epochs															feedback_delay	219.0
3589.467	1.9834999999998217	epochs															feedback	219.0
3591.677	1.9732500000000073	epochs															iti	219.0
3593.673	12.102750000000015	epochs															maze	220.0
3593.673	9.899000000000342	epochs															maze_stem	220.0
3593.6945	17.322000000000116	trials	True	True	False	True	True	True	[0.92934376 0.07065629 0.0914719  0.90852809]	0.8378718309104443	-0.020815636962652206	0.4189358986914158	-0.010407809168100357	0.9085280895233154	[21490 21490 21490 21490 21489]	[21562 21562 21561 21561 21561]		
3603.59425	2.181499999999687	epochs															maze_arm	220.0
3605.8	5.192000000000007	epochs															feedback_and_iti	220.0
3605.8	0.9862499999999272	epochs															feedback_delay	220.0
3606.81075	1.9862499999999272	epochs															feedback	220.0
3609.0205	1.9715000000001055	epochs															iti	220.0
3611.0165	9.208999999999833	epochs															maze	221.0
3611.0165	7.293499999999767	epochs															maze_stem	221.0
3611.04275	14.431250000000091	trials	True	True	False	False	False	True	[0.93311119 0.06688887 0.11729701 0.88270301]	0.8158141598105431	-0.05040816217660904	0.4079070910811424	0.025204099714756012	0.9331111907958984	[21594 21594 21594 21594 21593]	[21648 21648 21648 21648 21648]		
3618.3435	1.8820000000000618	epochs															maze_arm	221.0
3620.24775	5.203500000000076	epochs															feedback_and_iti	221.0
3620.24775	0.9899999999997817	epochs															feedback_delay	221.0
3621.25775	1.9844999999995707	epochs															feedback	221.0
3623.47225	1.9790000000002692	epochs															iti	221.0
3625.474	8.42724999999973	epochs															maze	222.0
3625.474	6.584249999999884	epochs															maze_stem	222.0
3625.49325	13.6574999999998	trials	True	True	False	False	False	True	[0.93457222 0.06542777 0.08529872 0.91470122]	0.8492734730243683	-0.019870974123477936	0.42463674768805504	0.009935472160577774	0.9345722198486328	[21681 21681 21680 21680 21680]	[21730 21730 21730 21730 21730]		
3632.08175	1.8195000000000618	epochs															maze_arm	222.0
3633.924	5.202499999999873	epochs															feedback_and_iti	222.0
3633.924	0.9920000000001892	epochs															feedback_delay	222.0
3634.93725	1.9707499999999527	epochs															feedback	222.0
3637.1285	1.9980000000000473	epochs															iti	222.0
3639.15075	10.592000000000098	epochs															maze	223.0
3639.15075	8.147500000000036	epochs															maze_stem	223.0
3639.17375	15.821750000000065	trials	False	True	False	True	True	True	[0.89672291 0.10327703 0.07613733 0.92386264]	0.8205855935811996	0.027139708399772644	0.4102928042411804	0.013569831848144531	0.923862636089325	[21763 21763 21762 21762 21762]	[21825 21825 21825 21825 21825]		
3647.32275	2.4200000000000728	epochs															maze_arm	223.0
3649.75925	5.208749999999782	epochs															feedback_and_iti	223.0
3649.75925	0.987250000000131	epochs															feedback_delay	223.0
3650.76925	1.98700000000008	epochs															feedback	223.0
3652.95975	2.0082499999998618	epochs															iti	223.0
3654.9955	8.134750000000167	epochs															maze	224.0
3654.9955	5.805499999999938	epochs															maze_stem	224.0
3655.01825	13.340999999999894	trials	False	True	False	True	True	True	[0.90246636 0.09753364 0.11079829 0.8892017 ]	0.791668064892292	-0.013264656066894531	0.395834032446146	-0.006632331758737564	0.8892017006874084	[21858 21858 21857 21857 21857]	[21861 21861 21861 21861 21861]		
3660.823	2.3072500000002947	epochs															maze_arm	224.0
3663.15025	5.176500000000033	epochs															feedback_and_iti	224.0
3663.15025	0.9992499999998472	epochs															feedback_delay	224.0
3664.17025	1.9704999999999018	epochs															feedback	224.0
3666.33525	1.9915000000000873	epochs															iti	224.0
3668.35925	9.912249999999858	epochs															maze	225.0
3668.35925	7.732250000000022	epochs															maze_stem	225.0
3668.38275	15.117999999999938	trials	False	True	False	True	True	True	[0.90747201 0.09252793 0.10754965 0.89245039]	0.7999224103987217	-0.0150216706097126	0.3999612294137478	-0.00751083716750145	0.8924503922462463	[-2147483648 -2147483648 -2147483648 -2147483648 -2147483648]	[-2147483648 -2147483648 -2147483648 -2147483648 -2147483648]		
3676.11025	2.1612499999996544	epochs															maze_arm	225.0
3678.29775	5.178750000000036	epochs															feedback_and_iti	225.0
3678.29775	0.9862499999999272	epochs															feedback_delay	225.0
3679.301	1.9850000000001273	epochs															feedback	225.0
3681.49625	1.9802500000000691	epochs															iti	225.0
3683.50075	11.169499999999971	epochs															maze	226.0
3683.50075	8.027000000000044	epochs															maze_stem	226.0
3683.5225	16.382250000000113	trials	False	True	False	True	True	True	[0.89316058 0.10683943 0.10074122 0.89925879]	0.7924193665385246	0.00609821081161499	0.3962096832692623	0.0030491091310977936	0.8992587924003601	[-2147483648 -2147483648 -2147483648 -2147483648 -2147483648]	[-2147483648 -2147483648 -2147483648 -2147483648 -2147483648]		
3691.549	3.1212500000001455	epochs															maze_arm	226.0
3694.6975	5.18224999999984	epochs															feedback_and_iti	226.0
3694.6975	0.9947499999998399	epochs															feedback_delay	226.0
3695.7105	1.9672499999996944	epochs															feedback	226.0
3697.896	1.9837499999998727	epochs															iti	226.0
3699.90475	10.693749999999909	epochs															maze	227.0
3699.90475	9.022749999999633	epochs															maze_stem	227.0
3699.932	15.894750000000386	trials	False	True	False	False	False	True	[0.88346046 0.11653952 0.0984222  0.90157777]	0.7850382588803768	0.018117312341928482	0.39251913130283356	-0.009058669209480286	0.8834604620933533	[-2147483648 -2147483648 -2147483648 -2147483648 -2147483648]	[-2147483648 -2147483648 -2147483648 -2147483648 -2147483648]		
3708.94725	1.6512499999998909	epochs															maze_arm	227.0
3710.61725	5.183500000000095	epochs															feedback_and_iti	227.0
3710.61725	0.99350000000004	epochs															feedback_delay	227.0
3711.63325	1.9774999999999636	epochs															feedback	227.0
3713.807	1.993750000000091	epochs															iti	227.0
3715.82675	10.341499999999996	epochs															maze	228.0
3715.82675	8.245249999999942	epochs															maze_stem	228.0
3715.858	15.550249999999778	trials	False	True	False	True	True	True	[0.91445595 0.08554404 0.08170242 0.91829759]	0.8327535390853882	0.0038416311144828796	0.4163767732679844	0.0019208155572414398	0.9182975888252258	[-2147483648 -2147483648 -2147483648 -2147483648 -2147483648]	[-2147483648 -2147483648 -2147483648 -2147483648 -2147483648]		
3724.09275	2.0755000000003747	epochs															maze_arm	228.0
3726.18825	5.195999999999913	epochs															feedback_and_iti	228.0
3726.18825	0.9984999999996944	epochs															feedback_delay	228.0
3727.20625	1.96225000000004	epochs															feedback	228.0
3729.406	1.9782500000001164	epochs															iti	228.0
3731.40825	12.353750000000218	epochs															maze	229.0
3731.40825	10.608749999999873	epochs															maze_stem	229.0
3731.42775	17.57950000000028	trials	True	True	False	False	False	True	[0.89612669 0.10387331 0.10592162 0.89407837]	0.7902050651609898	-0.0020483098924160004	0.39510253444314003	0.001024153083562851	0.8961266875267029	[-2147483648 -2147483648 -2147483648 -2147483648 -2147483648]	[-2147483648 -2147483648 -2147483648 -2147483648 -2147483648]		
3742.045	1.7170000000000982	epochs															maze_arm	229.0
3743.783	5.190500000000156	epochs															feedback_and_iti	229.0
3743.783	0.99350000000004	epochs															feedback_delay	229.0
3744.8005	1.9672500000001492	epochs															feedback	229.0
3746.99225	1.9812500000002728	epochs															iti	229.0
3749.00725	8.614000000000033	epochs															maze	230.0
3749.00725	5.942999999999756	epochs															maze_stem	230.0
3749.02975	13.823249999999916	trials	False	True	False	True	True	True	[0.92507464 0.07492543 0.08304559 0.9169544 ]	0.8420290090143681	-0.008120197802782059	0.4210144840180874	-0.004060085862874985	0.9169543981552124	[-2147483648 -2147483648 -2147483648 -2147483648 -2147483648]	[-2147483648 -2147483648 -2147483648 -2147483648 -2147483648]		
3754.9805	2.6407500000000255	epochs															maze_arm	230.0
3757.64	5.186000000000149	epochs															feedback_and_iti	230.0
3757.64	0.9942500000001928	epochs															feedback_delay	230.0
3758.6575	1.9785000000001673	epochs															feedback	230.0
3760.8485	1.9774999999999636	epochs															iti	230.0
3762.853	8.449499999999716	epochs															maze	231.0
3762.853	6.1349999999997635	epochs															maze_stem	231.0
3762.878	13.650249999999687	trials	False	True	False	True	True	True	[0.90892088 0.09107917 0.11331098 0.88668901]	0.7956098727881908	-0.022231843322515488	0.3978049196302891	-0.011115912348031998	0.8866890072822571	[-2147483648 -2147483648 -2147483648 -2147483648 -2147483648]	[-2147483648 -2147483648 -2147483648 -2147483648 -2147483648]		
3769.0075	2.294999999999618	epochs															maze_arm	231.0
3771.32075	5.181250000000091	epochs															feedback_and_iti	231.0
3771.32075	0.9855000000002292	epochs															feedback_delay	231.0
3772.32475	1.9937499999996362	epochs															feedback	231.0
3774.52175	1.9802500000000691	epochs															iti	231.0
3776.52825	12.796749999999975	epochs															maze	232.0
3776.52825	10.453750000000127	epochs															maze_stem	232.0
3776.5545	18.03874999999971	trials	False	True	False	True	True	True	[0.9155618  0.08443816 0.11067407 0.88932598]	0.8048877716064453	-0.02623586356639862	0.40244390815496445	-0.01311793178319931	0.8893259763717651	[21877 21877 21876 21876 21876]	[21953 21952 21952 21952 21952]		
3787.011	2.313999999999851	epochs															maze_arm	232.0
3789.3435	5.216249999999945	epochs															feedback_and_iti	232.0
3789.3435	0.9830000000001746	epochs															feedback_delay	232.0
3790.34875	1.9949999999998909	epochs															feedback	232.0
3792.5755	1.9842499999999745	epochs															iti	232.0
3794.59325	9.497749999999996	epochs															maze	233.0
3794.59325	7.4457500000003165	epochs															maze_stem	233.0
3794.62525	14.697250000000167	trials	False	True	False	False	False	True	[0.90264767 0.09735239 0.10349396 0.89650607]	0.7991536967456341	-0.006141584366559982	0.3995768576860428	0.003070816397666931	0.9026476740837097	[21985 21985 21985 21985 21984]	[22041 22041 22041 22041 22040]		
3802.05875	2.032249999999749	epochs															maze_arm	233.0
3804.108	5.186999999999898	epochs															feedback_and_iti	233.0
3804.108	0.9989999999997963	epochs															feedback_delay	233.0
3805.125	1.9802500000000691	epochs															feedback	233.0
3807.29875	1.9962500000001455	epochs															iti	233.0
3809.3225	9.448999999999614	epochs															maze	234.0
3809.3225	7.669999999999618	epochs															maze_stem	234.0
3809.34925	14.646999999999935	trials	False	True	False	False	False	True	[0.92488146 0.07511851 0.08447981 0.91552025]	0.8404016941785812	-0.009361252188682556	0.42020082473754883	0.004680633544921875	0.9248814582824707	[22073 22073 22073 22073 22073]	[22129 22129 22129 22129 22128]		
3817.014	1.757499999999709	epochs															maze_arm	234.0
3818.7895	5.182250000000295	epochs															feedback_and_iti	234.0
3818.7895	0.9845000000000255	epochs															feedback_delay	234.0
3819.793	1.9837499999998727	epochs															feedback	234.0
3821.98175	1.9900000000002365	epochs															iti	234.0
3823.99625	9.893499999999676	epochs															maze	235.0
3823.99625	7.001999999999953	epochs															maze_stem	235.0
3824.01625	15.11449999999968	trials	False	True	False	True	True	True	[0.92225426 0.0777457  0.08548862 0.91451138]	0.8367656618356705	-0.0077429041266441345	0.41838284209370613	-0.003871459513902664	0.9145113825798035	[22161 22161 22161 22161 22161]	[22220 22220 22219 22219 22219]		
3831.02575	2.8640000000000327	epochs															maze_arm	235.0
3833.90875	5.198249999999916	epochs															feedback_and_iti	235.0
3833.90875	0.9974999999999454	epochs															feedback_delay	235.0
3834.92475	1.9744999999998072	epochs															feedback	235.0
3837.11875	1.98824999999988	epochs															iti	235.0
3839.13075	9.249000000000251	epochs															maze	236.0
3839.13075	5.3270000000002256	epochs															maze_stem	236.0
3839.15225	14.44900000000007	trials	False	True	False	True	True	True	[0.90671468 0.09328527 0.11034214 0.88965786]	0.7963725589215755	-0.017056848853826523	0.3981862924993038	-0.008528437465429306	0.8896578550338745	[22252 22252 22252 22252 22251]	[22307 22306 22306 22306 22306]		
3844.48	3.89975000000004	epochs															maze_arm	236.0
3848.40475	5.17699999999968	epochs															feedback_and_iti	236.0
3848.40475	0.9800000000000182	epochs															feedback_delay	236.0
3849.40875	1.9827500000001237	epochs															feedback	236.0
3851.62275	1.9589999999998327	epochs															iti	236.0
3853.60125	9.95049999999992	epochs															maze	237.0
3853.60125	8.053499999999985	epochs															maze_stem	237.0
3853.62025	15.148000000000138	trials	True	True	False	False	False	True	[0.91372305 0.08627695 0.10992425 0.89007574]	0.8037987984716892	-0.023647304624319077	0.40189940109848976	0.011823650449514389	0.9137230515480042	[22339 22339 22339 22338 22338]	[22398 22397 22397 22397 22397]		
3861.68125	1.8704999999999927	epochs															maze_arm	237.0
3863.57375	5.171499999999924	epochs															feedback_and_iti	237.0
3863.57375	0.9954999999999927	epochs															feedback_delay	237.0
3864.59075	1.9655000000002474	epochs															feedback	237.0
3866.77175	1.9735000000000582	epochs															iti	237.0
3868.76825	12.211499999999887	epochs															maze	238.0
3868.76825	9.338999999999942	epochs															maze_stem	238.0
3868.79025	17.409999999999854	trials	False	True	False	True	True	True	[0.92110842 0.07889163 0.0802291  0.91977096]	0.8408793248236179	-0.0013374723494052887	0.4204396642744541	-0.0006687082350254059	0.9197709560394287	[22430 22430 22429 22429 22429]	[22502 22502 22502 22502 22501]		
3878.129	2.850750000000062	epochs															maze_arm	238.0
3880.99825	5.175499999999829	epochs															feedback_and_iti	238.0
3880.99825	0.9927499999998872	epochs															feedback_delay	238.0
3882.0115	1.98050000000012	epochs															feedback	238.0
3884.19925	1.9744999999998072	epochs															iti	238.0
3886.20025	11.721250000000055	epochs															maze	239.0
3886.20025	7.673000000000229	epochs															maze_stem	239.0
3886.22875	16.921249999999873	trials	False	True	False	True	True	True	[0.91138947 0.08861059 0.11401919 0.88598078]	0.7973702400922775	-0.025408640503883362	0.398685097694397	-0.012704312801361084	0.8859807848930359	[22534 22534 22534 22534 22534]	[22604 22604 22603 22603 22603]		
3893.8955	4.02599999999984	epochs															maze_arm	239.0
3897.9395	5.183250000000044	epochs															feedback_and_iti	239.0
3897.9395	0.9842499999999745	epochs															feedback_delay	239.0
3898.9425	1.9899999999997817	epochs															feedback	239.0
3901.12875	1.9940000000001419	epochs															iti	239.0
3903.15	13.321750000000065	epochs															maze	240.0
3903.15	11.68224999999984	epochs															maze_stem	240.0
3903.172	18.53224999999975	trials	False	True	False	False	False	True	[0.91739959 0.08260044 0.1110114  0.88898855]	0.8063881509006023	-0.02841099724173546	0.4031940922141075	0.014205493032932281	0.9173995852470398	[22636 22636 22636 22635 22635]	[22715 22715 22715 22714 22714]		
3914.85625	1.6155000000003383	epochs															maze_arm	240.0
3916.48975	5.194250000000011	epochs															feedback_and_iti	240.0
3916.48975	0.9969999999998436	epochs															feedback_delay	240.0
3917.5035	1.9767500000002656	epochs															feedback	240.0
3919.72475	1.9592500000003383	epochs															iti	240.0
3921.70425	12.132000000000062	epochs															maze	241.0
3921.70425	9.942000000000007	epochs															maze_stem	241.0
3921.72475	17.359249999999975	trials	False	True	False	True	True	True	[0.93054909 0.06945094 0.08583589 0.91416419]	0.8447132222354412	-0.016384925693273544	0.42235662415623665	-0.008192438632249832	0.9141641855239868	[22747 22747 22747 22747 22746]	[22819 22819 22819 22818 22818]		
3931.66725	2.168999999999869	epochs															maze_arm	241.0
3933.8615	5.201250000000073	epochs															feedback_and_iti	241.0
3933.8615	0.9924999999998363	epochs															feedback_delay	241.0
3934.87575	1.9714999999996508	epochs															feedback	241.0
3937.091	1.9717500000001564	epochs															iti	241.0
3939.084	9.020250000000033	epochs															maze	242.0
3939.084	6.564499999999953	epochs															maze_stem	242.0
3939.10775	14.211749999999938	trials	False	True	False	True	True	True	[0.90562648 0.09437352 0.10781665 0.89218336]	0.7978098355233669	-0.013443123549222946	0.3989049233496189	-0.006721559911966324	0.8921833634376526	[22851 22851 22851 22851 22851]	[22905 22904 22904 22904 22904]		
3945.66925	2.4349999999999454	epochs															maze_arm	242.0
3948.12225	5.17574999999988	epochs															feedback_and_iti	242.0
3948.12225	0.999250000000302	epochs															feedback_delay	242.0
3949.13975	1.9717500000001564	epochs															feedback	242.0
3951.303	1.9949999999998909	epochs															iti	242.0
3953.3195	15.529250000000047	epochs															maze	243.0
3953.3195	9.535249999999905	epochs															maze_stem	243.0
3953.34	22.582750000000033	trials	False	True	False	True	False	False	[0.9134596  0.08654046 0.10909224 0.8909077 ]	0.8043673038482666	-0.02255183458328247	-0.4021836817264557	0.011275917291641235	0.10909223556518555	[22937 22937 22936 22936 22936]	[23029 23029 23029 23028 23028]		
3962.8755	5.973250000000007	epochs															maze_arm	243.0
3968.86525	7.018000000000029	epochs															feedback_and_iti	243.0
3968.86525	0.9947500000002947	epochs															feedback_delay	243.0
3969.8835	1.9664999999999964	epochs															feedback	243.0
3971.89125	3.9919999999997344	epochs															iti	243.0
3975.92275	9.903999999999996	epochs															maze	244.0
3975.92275	4.986499999999978	epochs															maze_stem	244.0
3975.95425	15.100000000000364	trials	False	True	False	True	True	True	[0.89172894 0.10827111 0.25191253 0.74808747]	0.6398163810372353	-0.14364144951105118	0.31990817934274673	-0.0718207135796547	0.748087465763092	[23072 23072 23072 23072 23072]	[23131 23131 23130 23130 23130]		
3980.9335	4.89325000000008	epochs															maze_arm	244.0
3985.84475	5.187749999999596	epochs															feedback_and_iti	244.0
3985.84475	0.9972499999998945	epochs															feedback_delay	244.0
3986.85975	1.9677499999997963	epochs															feedback	244.0
3989.06575	1.9667499999995925	epochs															iti	244.0
3991.05425	7.9347499999998945	epochs															maze	245.0
3991.05425	5.707499999999982	epochs															maze_stem	245.0
3991.08125	13.163249999999607	trials	False	True	False	True	True	True	[0.81815565 0.18184431 0.10299235 0.89700758]	0.7151632867753506	0.07885194942355156	0.35758163779973984	0.03942594677209854	0.8970075845718384	[23163 23163 23163 23162 23162]	[23210 23209 23209 23209 23209]		
3996.78825	2.200749999999971	epochs															maze_arm	245.0
3999.0085	5.211250000000291	epochs															feedback_and_iti	245.0
3999.0085	1.0007500000001528	epochs															feedback_delay	245.0
4000.02975	1.9739999999997053	epochs															feedback	245.0
4002.225	1.9947500000002947	epochs															iti	245.0
4004.2445	11.759500000000116	epochs															maze	246.0
4004.2445	10.315500000000156	epochs															maze_stem	246.0
4004.26325	16.969750000000204	trials	False	True	False	False	False	True	[0.83736926 0.16263074 0.1004124  0.89958763]	0.7369568794965744	0.062218353152275085	0.3684784322977066	-0.031109169125556946	0.8373692631721497	[23242 23242 23242 23242 23241]	[23312 23311 23311 23311 23311]		
4014.58075	1.4232499999998254	epochs															maze_arm	246.0
4016.02225	5.183250000000044	epochs															feedback_and_iti	246.0
4016.02225	0.9855000000002292	epochs															feedback_delay	246.0
4017.02675	1.9852500000001783	epochs															feedback	246.0
4019.22775	1.9777500000000146	epochs															iti	246.0
4021.233	11.171249999999873	epochs															maze	247.0
4021.233	8.726999999999862	epochs															maze_stem	247.0
4021.257	16.398999999999887	trials	True	True	False	True	True	True	[0.89353049 0.10646954 0.08267673 0.91732329]	0.8108537532389164	0.023792807012796402	0.40542687475681305	0.011896416544914246	0.9173232913017273	[23344 23344 23344 23343 23343]	[23410 23410 23410 23409 23409]		
4029.98075	2.4234999999998763	epochs															maze_arm	247.0
4032.426	5.206500000000233	epochs															feedback_and_iti	247.0
4032.426	0.9792499999998654	epochs															feedback_delay	247.0
4033.4275	1.9902500000002874	epochs															feedback	247.0
4035.64725	1.9852500000001783	epochs															iti	247.0
4037.656	9.521000000000186	epochs															maze	248.0
4037.656	7.569500000000062	epochs															maze_stem	248.0
4037.67625	14.715000000000146	trials	False	True	False	True	True	True	[0.9040935  0.09590647 0.11103695 0.88896304]	0.7930565662682056	-0.01513047143816948	0.39652828872203827	-0.007565245032310486	0.8889630436897278	[23442 23442 23442 23442 23442]	[23499 23498 23498 23498 23498]		
4045.24925	1.9277500000002874	epochs															maze_arm	248.0
4047.19575	5.172750000000178	epochs															feedback_and_iti	248.0
4047.19575	0.9827500000001237	epochs															feedback_delay	248.0
4048.2	1.9895000000001346	epochs															feedback	248.0
4050.398	1.9704999999999018	epochs															iti	248.0
4052.39125	10.416999999999916	epochs															maze	249.0
4052.39125	9.094749999999749	epochs															maze_stem	249.0
4052.42	15.63949999999977	trials	False	True	False	True	True	True	[0.89154685 0.10845313 0.1043678  0.89563227]	0.7871790900826454	0.004085376858711243	0.3935895673930645	0.0020426996052265167	0.895632266998291	[23531 23531 23530 23530 23530]	[23592 23592 23592 23592 23591]		
4061.50675	1.3015000000000327	epochs															maze_arm	249.0
4062.8265	5.206249999999727	epochs															feedback_and_iti	249.0
4062.8265	0.9849999999996726	epochs															feedback_delay	249.0
4063.83075	1.9904999999998836	epochs															feedback	249.0
4066.045	1.987749999999778	epochs															iti	249.0
4068.0595	11.758749999999964	epochs															maze	250.0
4068.0595	10.208750000000236	epochs															maze_stem	250.0
4068.0905	18.780500000000302	trials	False	False	True	False	False	False	[0.8803407  0.11965932 0.10305408 0.89694595]	0.7772866226732731	0.01660524681210518	0.3886433057487011	-0.008302610367536545	0.8803406953811646	[23625 23625 23624 23624 23624]	[23694 23694 23694 23694 23693]		
4078.28975	1.5284999999998945	epochs															maze_arm	250.0
4079.841	7.0082500000003165	epochs															feedback_and_iti	250.0
4079.841	0.9965000000001965	epochs															feedback_delay	250.0
4080.86175	1.9642499999999927	epochs															feedback	250.0
4082.86675	3.9825000000000728	epochs															iti	250.0
4086.871	7.252999999999702	epochs															maze	251.0
4086.871	4.818249999999807	epochs															maze_stem	251.0
4086.892	14.297999999999774	trials	False	False	False	True	True	False	[0.82196665 0.17803332 0.13572884 0.86427116]	0.6862378269433975	0.04230450093746185	0.34311892092227936	0.02115224301815033	0.8642711639404297	[23737 23737 23737 23737 23737]	[23780 23780 23780 23779 23779]		
4091.70725	2.4167499999998654	epochs															maze_arm	251.0
4094.14075	7.0265000000003965	epochs															feedback_and_iti	251.0
4094.14075	0.9924999999998363	epochs															feedback_delay	251.0
4095.159	1.98050000000012	epochs															feedback	251.0
4097.1775	3.9897500000006403	epochs															iti	251.0
4101.19	9.180000000000291	epochs															maze	252.0
4101.19	7.852000000000771	epochs															maze_stem	252.0
4101.20875	14.391500000000633	trials	False	False	False	False	True	True	[0.71871775 0.28128219 0.19788538 0.80211467]	0.5208324268460274	0.08339685946702957	-0.2604162395000458	0.04169842600822449	0.2812821865081787	[23823 23823 23823 23823 23823]	[23877 23877 23877 23877 23877]		
4109.06075	1.3092500000002474	epochs															maze_arm	252.0
4110.3955	5.181250000000546	epochs															feedback_and_iti	252.0
4110.3955	0.9795000000003711	epochs															feedback_delay	252.0
4111.3995	1.976249999999709	epochs															feedback	252.0
4113.6125	1.9642499999999927	epochs															iti	252.0
4115.60025	9.748999999999796	epochs															maze	253.0
4115.60025	7.974999999999454	epochs															maze_stem	253.0
4115.62675	14.975999999999658	trials	False	False	False	False	True	True	[0.48447126 0.51552874 0.06565217 0.93434781]	0.4188190810382366	0.4498765580356121	-0.20940953493118286	0.2249382734298706	0.5155287384986877	[23910 23910 23909 23909 23909]	[23967 23967 23967 23967 23966]		
4123.59575	1.7534999999998035	epochs															maze_arm	253.0
4125.373	5.205249999999978	epochs															feedback_and_iti	253.0
4125.373	0.9975000000004002	epochs															feedback_delay	253.0
4126.3965	1.962999999999738	epochs															feedback	253.0
4128.607	1.9712499999995998	epochs															iti	253.0
4130.60275	11.001000000000204	epochs															maze	254.0
4130.60275	7.430999999999585	epochs															maze_stem	254.0
4130.624	18.06224999999995	trials	False	False	False	True	True	False	[0.25031984 0.74968022 0.04403392 0.95596606]	0.20628587529063225	0.7056462578475475	0.10314291715621948	0.3528231382369995	0.955966055393219	[24000 23999 23999 23999 23999]	[24065 24064 24064 24064 24064]		
4138.056	3.547750000000633	epochs															maze_arm	254.0
4141.6205	7.036250000000109	epochs															feedback_and_iti	254.0
4141.6205	0.9960000000000946	epochs															feedback_delay	254.0
4142.63425	1.9807499999997162	epochs															feedback	254.0
4144.6515	4.00525000000016	epochs															iti	254.0
4148.68625	8.385750000000371	epochs															maze	255.0
4148.68625	6.378000000000611	epochs															maze_stem	255.0
4148.708	15.421250000000327	trials	False	False	False	False	False	False	[0.33222002 0.66777998 0.14321584 0.85678411]	0.18900415301322937	0.524564117193222	0.09450209140777588	-0.2622820734977722	0.33222001791000366	[24108 24108 24108 24108 24107]	[24157 24157 24157 24157 24157]		
4155.0855	1.9864999999999782	epochs															maze_arm	255.0
4157.09425	7.008749999999964	epochs															feedback_and_iti	255.0
4157.09425	0.9804999999996653	epochs															feedback_delay	255.0
4158.09975	1.9772499999999127	epochs															feedback	255.0
4160.1245	3.9785000000001673	epochs															iti	255.0
4164.12925	8.466749999999593	epochs															maze	256.0
4164.12925	7.063500000000204	epochs															maze_stem	256.0
4164.1525	15.521249999999782	trials	False	False	False	False	False	False	[0.46695551 0.53304452 0.10868262 0.89131731]	0.35827283933758736	0.42436184361577034	0.17913644388318062	-0.21218093112111092	0.4669555127620697	[24201 24201 24200 24200 24200]	[24251 24250 24250 24250 24250]		
4171.2125	1.3834999999999127	epochs															maze_arm	256.0
4172.6185	7.032750000000306	epochs															feedback_and_iti	256.0
4172.6185	0.9897500000006403	epochs															feedback_delay	256.0
4173.631	1.9874999999992724	epochs															feedback	256.0
4175.65975	3.9915000000000873	epochs															iti	256.0
4179.67375	8.704999999999927	epochs															maze	257.0
4179.67375	5.255500000000211	epochs															maze_stem	257.0
4179.69375	13.90899999999965	trials	True	False	False	True	False	True	[0.67172652 0.3282735  0.15016125 0.84983873]	0.5215652510523796	0.178112231194973	-0.2607826367020607	-0.0890561118721962	0.1501612514257431	[24294 24294 24294 24293 24293]	[24345 24345 24345 24345 24344]		
4184.9485	3.4302499999994325	epochs															maze_arm	257.0
4188.4005	5.175250000000233	epochs															feedback_and_iti	257.0
4188.4005	0.9922500000002401	epochs															feedback_delay	257.0
4189.414	1.9712500000005093	epochs															feedback	257.0
4191.57325	2.0024999999996	epochs															iti	257.0
4193.60275	7.480249999999614	epochs															maze	258.0
4193.60275	5.836999999999534	epochs															maze_stem	258.0
4193.6245	14.501250000000255	trials	False	False	False	True	True	False	[0.58603656 0.41396341 0.12496409 0.87503594]	0.46107250452041626	0.2889993488788605	0.23053626716136932	0.14449967443943024	0.8750359416007996	[24377 24377 24377 24377 24377]	[24421 24421 24421 24421 24421]		
4199.4575	1.6254999999991924	epochs															maze_arm	258.0
4201.09925	7.007249999999658	epochs															feedback_and_iti	258.0
4201.09925	0.9969999999993888	epochs															feedback_delay	258.0
4202.11125	1.9722499999998035	epochs															feedback	258.0
4204.11775	3.988749999999527	epochs															iti	258.0
4208.12575	6.359749999999622	epochs															maze	259.0
4208.12575	4.791500000000269	epochs															maze_stem	259.0
4208.14425	13.41424999999981	trials	False	False	False	True	True	False	[0.45432144 0.54567862 0.23185582 0.76814419]	0.22246559709310532	0.31382276862859726	0.11123278737068176	0.15691140294075012	0.7681441903114319	[24464 24464 24464 24464 24464]	[24502 24501 24501 24501 24501]		
4212.936	1.54950000000008	epochs															maze_arm	259.0
4214.50225	7.032750000000306	epochs															feedback_and_iti	259.0
4214.50225	0.9827500000001237	epochs															feedback_delay	259.0
4215.5035	1.998250000000553	epochs															feedback	259.0
4217.54025	3.99474999999984	epochs															iti	259.0
4221.5585	8.345500000000357	epochs															maze	260.0
4221.5585	4.578499999999622	epochs															maze_stem	260.0
4221.5815	13.550749999999425	trials	True	False	False	True	False	True	[0.40710837 0.59289163 0.2156148  0.78438526]	0.19149360060691833	0.37727686762809753	-0.09574678540229797	-0.18863841891288757	0.21561479568481445	[24545 24545 24545 24544 24544]	[24594 24594 24594 24594 24593]		
4226.15725	3.7467500000002474	epochs															maze_arm	260.0
4229.9275	5.184250000000247	epochs															feedback_and_iti	260.0
4229.9275	0.9915000000000873	epochs															feedback_delay	260.0
4230.94025	1.9840000000003783	epochs															feedback	260.0
4233.1245	1.987250000000131	epochs															iti	260.0
4235.13225	13.253500000000713	epochs															maze	261.0
4235.13225	12.011000000000422	epochs															maze_stem	261.0
4235.152	20.300500000000284	trials	True	False	False	True	True	False	[0.55878466 0.44121534 0.23212907 0.7678709 ]	0.3266555815935135	0.20908625423908234	0.16332778334617615	0.10454311966896057	0.7678709030151367	[24626 24626 24626 24626 24626]	[24705 24705 24705 24704 24704]		
4247.16825	1.2175000000006548	epochs															maze_arm	261.0
4248.40825	7.023499999999331	epochs															feedback_and_iti	261.0
4248.40825	0.9927499999994325	epochs															feedback_delay	261.0
4249.4235	1.9735000000000582	epochs															feedback	261.0
4251.4375	3.994249999999738	epochs															iti	261.0
4255.4525	31.087999999999738	epochs															maze	262.0
4255.4525	29.95874999999978	epochs															maze_stem	262.0
4255.472	38.12325000000055	trials	False	False	False	True	True	False	[0.35933235 0.64066762 0.21452154 0.78547841]	0.14481080323457718	0.4261460676789284	0.07240539789199829	0.2130730152130127	0.785478413105011	[24748 24748 24748 24748 24747]	[24934 24933 24933 24933 24933]		
4285.43625	1.1042500000003201	epochs															maze_arm	262.0
4286.55525	7.019499999999425	epochs															feedback_and_iti	262.0
4286.55525	1.000250000000051	epochs															feedback_delay	262.0
4287.57475	1.9660000000003492	epochs															feedback	262.0
4289.59825	3.97649999999976	epochs															iti	262.0
4293.59525	14.11449999999968	epochs															maze	263.0
4293.59525	9.415500000000065	epochs															maze_stem	263.0
4293.61375	19.311749999999847	trials	True	False	False	False	True	True	[0.36416432 0.63583565 0.25370878 0.74629128]	0.11045558750629425	0.38212691247463226	-0.055227816104888916	0.19106346368789673	0.6358356475830078	[24977 24977 24977 24976 24976]	[25061 25060 25060 25060 25060]		
4303.03175	4.677999999999884	epochs															maze_arm	263.0
4307.73175	5.174250000000029	epochs															feedback_and_iti	263.0
4307.73175	0.9795000000003711	epochs															feedback_delay	263.0
4308.7335	1.9780000000000655	epochs															feedback	263.0
4310.922	1.9840000000003783	epochs															iti	263.0
4312.9255	11.62224999999944	epochs															maze	264.0
4312.9255	10.301499999999578	epochs															maze_stem	264.0
4312.94875	18.67725000000064	trials	False	False	False	True	True	False	[0.28186142 0.71813864 0.09762803 0.902372  ]	0.1842333786189556	0.6205105893313885	0.09211668372154236	0.3102553188800812	0.9023720026016235	[25093 25093 25092 25092 25092]	[25162 25161 25161 25161 25161]		
4323.24875	1.2989999999999782	epochs															maze_arm	264.0
4324.563	7.04424999999992	epochs															feedback_and_iti	264.0
4324.563	0.9970000000002983	epochs															feedback_delay	264.0
4325.5775	1.9849999999996726	epochs															feedback	264.0
4327.60075	4.006500000000415	epochs															iti	264.0
4331.626	8.831500000000233	epochs															maze	265.0
4331.626	6.405249999999796	epochs															maze_stem	265.0
4331.64625	15.887749999999869	trials	False	False	False	True	True	False	[0.30695176 0.6930483  0.21970214 0.78029788]	0.08724959939718246	0.47334613651037216	0.04362478852272034	0.23667308688163757	0.7802978754043579	[25205 25205 25205 25204 25204]	[25257 25257 25257 25256 25256]		
4338.05225	2.4052500000007058	epochs															maze_arm	265.0
4340.4755	7.033750000000509	epochs															feedback_and_iti	265.0
4340.4755	0.9847500000005311	epochs															feedback_delay	265.0
4341.48075	1.9909999999999854	epochs															feedback	265.0
4343.509	4.000250000000051	epochs															iti	265.0
4347.534	8.761000000000422	epochs															maze	266.0
4347.534	4.817500000000109	epochs															maze_stem	266.0
4347.55525	13.946500000000015	trials	True	False	False	True	False	True	[0.27132106 0.72867894 0.20443957 0.79556042]	0.06688148528337479	0.5242393687367439	-0.03344074636697769	-0.26211968809366226	0.20443956553936005	[25300 25300 25300 25300 25300]	[25352 25352 25352 25351 25351]		
4352.37625	3.918749999999818	epochs															maze_arm	266.0
4356.315	5.166000000000167	epochs															feedback_and_iti	266.0
4356.315	0.9807500000006257	epochs															feedback_delay	266.0
4357.31825	1.9777500000000146	epochs															feedback	266.0
4359.494	1.98700000000008	epochs															iti	266.0
4361.50175	9.75274999999965	epochs															maze	267.0
4361.50175	7.576000000000022	epochs															maze_stem	267.0
4361.52475	16.78925000000072	trials	False	False	False	False	False	False	[0.41315296 0.58684701 0.23496144 0.76503855]	0.17819153517484665	0.3518855795264244	0.08909576386213303	-0.1759428009390831	0.4131529629230499	[25384 25384 25384 25383 25383]	[25442 25441 25441 25441 25441]		
4369.0995	2.1549999999997453	epochs															maze_arm	267.0
4371.278	7.017499999999927	epochs															feedback_and_iti	267.0
4371.278	1.0032499999997526	epochs															feedback_delay	267.0
4372.311	1.956250000000182	epochs															feedback	267.0
4374.30875	3.986750000000029	epochs															iti	267.0
4378.314	8.831000000000131	epochs															maze	268.0
4378.314	6.398000000000138	epochs															maze_stem	268.0
4378.3325	15.884749999999258	trials	False	False	False	True	True	False	[0.59286463 0.40713531 0.26714897 0.73285103]	0.32571569085121155	0.13998636603355408	0.16285786032676697	0.06999316811561584	0.7328510284423828	[25485 25485 25484 25484 25484]	[25537 25537 25536 25536 25536]		
4384.73175	2.4132500000005166	epochs															maze_arm	268.0
4387.16425	7.029999999999745	epochs															feedback_and_iti	268.0
4387.16425	0.9832500000002256	epochs															feedback_delay	268.0
4388.1625	1.9974999999994907	epochs															feedback	268.0
4390.19625	3.9979999999995925	epochs															iti	268.0
4394.21725	14.374250000000757	epochs															maze	269.0
4394.21725	11.908000000000357	epochs															maze_stem	269.0
4394.23825	21.405249999999796	trials	False	False	False	True	True	False	[0.45203215 0.54796785 0.26362893 0.73637104]	0.1884032040834427	0.28433890640735626	0.09420159459114075	0.14216944575309753	0.7363710403442383	[25580 25580 25580 25580 25579]	[25665 25665 25665 25665 25665]		
4406.14425	2.4472500000001673	epochs															maze_arm	269.0
4408.6065	7.01825000000008	epochs															feedback_and_iti	269.0
4408.6065	0.998250000000553	epochs															feedback_delay	269.0
4409.622	1.9747499999994034	epochs															feedback	269.0
4411.63375	3.9909999999999854	epochs															iti	269.0
4415.6435	7.006249999999454	epochs															maze	270.0
4415.6435	4.412000000000262	epochs															maze_stem	270.0
4415.66425	14.053750000000036	trials	False	False	False	True	True	False	[0.42341498 0.57658499 0.25653028 0.74346977]	0.16688473522663116	0.32005475461483	0.08344238996505737	0.1600273847579956	0.743469774723053	[25709 25708 25708 25708 25708]	[25750 25750 25749 25749 25749]		
4420.076	2.5737499999995634	epochs															maze_arm	270.0
4422.66625	7.032749999999396	epochs															feedback_and_iti	270.0
4422.66625	0.9967499999993379	epochs															feedback_delay	270.0
4423.68025	1.9829999999992651	epochs															feedback	270.0
4425.7	3.9989999999997963	epochs															iti	270.0
4429.718	6.16150000000016	epochs															maze	271.0
4429.718	4.38025000000016	epochs															maze_stem	271.0
4429.742	11.381499999999505	trials	False	False	False	False	True	True	[0.40550593 0.5944941  0.24252823 0.7574718 ]	0.1629776954650879	0.35196587443351746	-0.08148884773254395	0.17598295211791992	0.594494104385376	[25793 25793 25793 25792 25792]	[25829 25829 25829 25828 25828]		
4434.11725	1.7622499999997672	epochs															maze_arm	271.0
4435.90325	5.200249999999869	epochs															feedback_and_iti	271.0
4435.90325	0.9792499999994106	epochs															feedback_delay	271.0
4436.9065	1.9954999999999927	epochs															feedback	271.0
4439.1315	1.9719999999997526	epochs															iti	271.0
4441.1235	9.681250000000546	epochs															maze	272.0
4441.1235	5.61475000000064	epochs															maze_stem	272.0
4441.146	16.713000000000648	trials	True	False	False	True	True	False	[0.23232117 0.76767886 0.0942637  0.90573627]	0.13805744051933289	0.6734151244163513	0.06902870535850525	0.33670756220817566	0.9057362675666809	[25861 25861 25861 25861 25861]	[25919 25918 25918 25918 25918]		
4446.764	4.040750000000116	epochs															maze_arm	272.0
4450.8325	7.000999999999294	epochs															feedback_and_iti	272.0
4450.8325	0.9824999999991633	epochs															feedback_delay	272.0
4451.83575	1.9679999999998472	epochs															feedback	272.0
4453.8445	3.988999999999578	epochs															iti	272.0
4457.859	12.232749999999214	epochs															maze	273.0
4457.859	8.419750000000022	epochs															maze_stem	273.0
4457.88725	17.457000000000335	trials	False	False	False	True	False	True	[0.20036691 0.79963303 0.10586704 0.89413297]	0.09449991211295128	0.6937660239636898	-0.047249939292669296	-0.34688302502036095	0.10586703568696976	[25962 25962 25961 25961 25961]	[26034 26034 26034 26034 26033]		
4466.29775	3.793999999999869	epochs															maze_arm	273.0
4470.10725	5.21100000000024	epochs															feedback_and_iti	273.0
4470.10725	0.9887499999995271	epochs															feedback_delay	273.0
4471.1125	1.9949999999998909	epochs															feedback	273.0
4473.3455	1.9727499999999054	epochs															iti	273.0
4475.34425	7.818500000000313	epochs															maze	274.0
4475.34425	6.2775000000001455	epochs															maze_stem	274.0
4475.37075	13.035249999999905	trials	False	False	False	False	True	True	[0.35464734 0.64535266 0.24964391 0.75035608]	0.10500342398881912	0.39570874720811844	-0.05250170826911926	0.19785436987876892	0.6453526616096497	[26067 26066 26066 26066 26066]	[26108 26108 26108 26108 26108]		
4481.6435	1.5192500000002838	epochs															maze_arm	274.0
4483.185	5.199999999999818	epochs															feedback_and_iti	274.0
4483.185	0.9782499999992069	epochs															feedback_delay	274.0
4484.18625	1.9765000000006694	epochs															feedback	274.0
4486.3895	1.9954999999999927	epochs															iti	274.0
4488.406	8.255500000000211	epochs															maze	275.0
4488.406	5.980499999999665	epochs															maze_stem	275.0
4488.42575	13.485999999999876	trials	True	False	False	False	True	True	[0.19297159 0.80702847 0.14625941 0.85374057]	0.04671213775873184	0.660769023001194	-0.02335605025291443	0.3303845226764679	0.8070284724235535	[26109 26109 26109 26109 26109]	[26119 26119 26119 26119 26118]		
4494.4135	2.248000000000502	epochs															maze_arm	275.0
4496.68275	5.2042499999997744	epochs															feedback_and_iti	275.0
4496.68275	0.9904999999998836	epochs															feedback_delay	275.0
4497.69475	1.9877500000002328	epochs															feedback	275.0
4499.91225	1.9747499999994034	epochs															iti	275.0
4501.91175	8.469750000000204	epochs															maze	276.0
4501.91175	7.158999999999651	epochs															maze_stem	276.0
4501.933	13.672249999999622	trials	False	False	False	False	True	True	[0.12069399 0.87930596 0.1675017  0.83249825]	-0.04680771008133888	0.7118042595684528	0.023403853178024292	0.3559021055698395	0.8793059587478638	[26152 26151 26151 26151 26151]	[26201 26201 26201 26201 26201]		
4509.0945	1.287000000000262	epochs															maze_arm	276.0
4510.40375	5.175499999999374	epochs															feedback_and_iti	276.0
4510.40375	0.9754999999995562	epochs															feedback_delay	276.0
4511.4065	1.9849999999996726	epochs															feedback	276.0
4513.605	1.974250000000211	epochs															iti	276.0
4515.60525	9.459499999999935	epochs															maze	277.0
4515.60525	8.07300000000032	epochs															maze_stem	277.0
4515.63025	14.654499999999643	trials	False	False	False	False	True	True	[0.0809691  0.9190309  0.1737041  0.82629591]	-0.09273499995470047	0.7453268095850945	0.046367496252059937	0.3726634085178375	0.9190309047698975	[26234 26233 26233 26233 26233]	[26289 26289 26289 26289 26289]		
4523.71175	1.352999999999156	epochs															maze_arm	277.0
4525.09025	5.1707500000002256	epochs															feedback_and_iti	277.0
4525.09025	0.9767499999998108	epochs															feedback_delay	277.0
4526.096	1.9840000000003783	epochs															feedback	277.0
4528.27975	1.9812500000007276	epochs															iti	277.0
4530.28475	9.641749999999774	epochs															maze	278.0
4530.28475	5.675250000000233	epochs															maze_stem	278.0
4530.30475	14.845499999999447	trials	False	False	False	False	True	True	[0.06788205 0.93211788 0.15386751 0.84613246]	-0.0859854407608509	0.7782503850758076	0.04299271106719971	0.38912516832351685	0.9321178793907166	[26322 26321 26321 26321 26321]	[26379 26378 26378 26378 26378]		
4535.98225	3.944249999999556	epochs															maze_arm	278.0
4539.965	5.162000000000262	epochs															feedback_and_iti	278.0
4539.965	0.9822500000000218	epochs															feedback_delay	278.0
4540.9675	1.9825000000000728	epochs															feedback	278.0
4543.15	1.9770000000007713	epochs															iti	278.0
4545.15025	9.25525000000016	epochs															maze	279.0
4545.15025	7.153000000000247	epochs															maze_stem	279.0
4545.17275	14.466500000000451	trials	False	False	False	False	True	True	[0.05892707 0.94107288 0.14394096 0.85605901]	-0.08501387387514114	0.7971319332718849	0.04250693321228027	0.39856594800949097	0.9410728812217712	[26411 26411 26410 26410 26410]	[26465 26465 26465 26465 26465]		
4552.324	2.081500000000233	epochs															maze_arm	279.0
4554.42725	5.185250000000451	epochs															feedback_and_iti	279.0
4554.42725	0.9892500000005384	epochs															feedback_delay	279.0
4555.4385	1.9749999999994543	epochs															feedback	279.0
4557.62975	1.9827500000001237	epochs															iti	279.0
4559.63925	9.258499999999913	epochs															maze	280.0
4559.63925	7.335500000000138	epochs															maze_stem	280.0
4559.6715	14.46349999999984	trials	True	False	False	False	True	True	[0.05247007 0.94752985 0.13702331 0.86297667]	-0.08455321192741394	0.8105065673589706	0.042276591062545776	0.40525326132774353	0.9475298523902893	[26498 26497 26497 26497 26497]	[26552 26552 26552 26552 26551]		
4566.99575	1.9020000000000437	epochs															maze_arm	280.0
4568.92275	5.192500000000109	epochs															feedback_and_iti	280.0
4568.92275	0.9915000000000873	epochs															feedback_delay	280.0
4569.9405	1.9692500000001019	epochs															feedback	280.0
4572.14525	1.9700000000002547	epochs															iti	280.0
4574.135	34.23449999999957	epochs															maze	281.0
4574.135	30.670500000000175	epochs															maze_stem	281.0
4574.157	41.27949999999964	trials	False	False	False	True	True	False	[0.04073426 0.95926571 0.14570883 0.8542912 ]	-0.10497453995049	0.8135569114238024	-0.05248725414276123	0.4067784547805786	0.8542912006378174	[26585 26584 26584 26584 26584]	[26789 26789 26788 26788 26788]		
4604.8255	3.543999999999869	epochs															maze_arm	281.0
4608.38975	7.017749999999978	epochs															feedback_and_iti	281.0
4608.38975	0.9982499999996435	epochs															feedback_delay	281.0
4609.41275	1.9627499999996871	epochs															feedback	281.0
4611.4135	3.9940000000005966	epochs															iti	281.0
4615.4365	11.753749999999854	epochs															maze	282.0
4615.4365	9.94275000000016	epochs															maze_stem	282.0
4615.461	16.941499999999905	trials	False	False	False	False	True	True	[0.04084926 0.95915079 0.20774926 0.79225081]	-0.16689998842775822	0.7514015380293131	0.08344998955726624	0.37570080161094666	0.9591507911682129	[26832 26832 26832 26832 26831]	[26902 26902 26901 26901 26901]		
4625.40075	1.7894999999998618	epochs															maze_arm	282.0
4627.21275	5.166000000000167	epochs															feedback_and_iti	282.0
4627.21275	0.9994999999998981	epochs															feedback_delay	282.0
4628.235	1.9587500000006912	epochs															feedback	282.0
4630.39225	1.9864999999999782	epochs															iti	282.0
4632.4025	9.780499999999847	epochs															maze	283.0
4632.4025	7.21349999999984	epochs															maze_stem	283.0
4632.42475	14.981999999999971	trials	True	False	False	True	False	True	[0.03471706 0.96528292 0.11516865 0.88483131]	-0.0804515965282917	0.8501142598688602	0.0402257926762104	-0.42505714669823647	0.11516864597797394	[26934 26934 26933 26933 26933]	[26992 26991 26991 26991 26991]		
4639.6355	2.5474999999996726	epochs															maze_arm	283.0
4642.20475	5.175750000000335	epochs															feedback_and_iti	283.0
4642.20475	0.9835000000002765	epochs															feedback_delay	283.0
4643.21025	1.9735000000000582	epochs															feedback	283.0
4645.38875	1.9917500000001382	epochs															iti	283.0
4647.40675	8.000500000000102	epochs															maze	284.0
4647.40675	6.6284999999998035	epochs															maze_stem	284.0
4647.42775	13.193750000000364	trials	False	False	False	False	True	True	[0.05742577 0.9425742  0.26958713 0.7304129 ]	-0.21216133050620556	0.6729871015995741	0.10608065128326416	0.3364935517311096	0.9425742030143738	[27024 27024 27023 27023 27023]	[27071 27071 27070 27070 27070]		
4654.0565	1.3507500000005166	epochs															maze_arm	284.0
4655.431	5.172250000000531	epochs															feedback_and_iti	284.0
4655.431	0.9835000000002765	epochs															feedback_delay	284.0
4656.4375	1.9787500000002183	epochs															feedback	284.0
4658.60925	1.9939999999996871	epochs															iti	284.0
4660.6215	7.589750000000095	epochs															maze	285.0
4660.6215	5.257499999999709	epochs															maze_stem	285.0
4660.64725	14.628999999999905	trials	False	False	False	True	True	False	[0.05628528 0.94371468 0.27488962 0.72511035]	-0.21860432997345924	0.668825063854456	-0.10930216312408447	0.33441251516342163	0.7251103520393372	[27103 27103 27103 27102 27102]	[27148 27147 27147 27147 27147]		
4665.899	2.312249999999949	epochs															maze_arm	285.0
4668.22875	7.026249999999891	epochs															feedback_and_iti	285.0
4668.22875	0.9902499999998327	epochs															feedback_delay	285.0
4669.23675	1.9857499999998254	epochs															feedback	285.0
4671.25875	3.9962500000001455	epochs															iti	285.0
4675.27625	7.077750000000378	epochs															maze	286.0
4675.27625	4.862750000000233	epochs															maze_stem	286.0
4675.2975	14.107750000000124	trials	False	False	False	True	True	False	[0.07866938 0.92133069 0.29987407 0.70012593]	-0.221204724162817	0.6214565895497799	-0.11060237884521484	0.3107283115386963	0.7001259326934814	[27191 27191 27191 27190 27190]	[27232 27232 27232 27232 27232]		
4680.15925	2.1947500000005675	epochs															maze_arm	286.0
4682.369	7.016500000000633	epochs															feedback_and_iti	286.0
4682.369	0.9892500000005384	epochs															feedback_delay	286.0
4683.3765	1.9809999999997672	epochs															feedback	286.0
4685.393	3.992500000000291	epochs															iti	286.0
4689.40525	7.932749999999942	epochs															maze	287.0
4689.40525	4.863250000000335	epochs															maze_stem	287.0
4689.42825	14.961500000000342	trials	False	False	False	True	True	False	[0.07610766 0.92389232 0.23359306 0.76640689]	-0.15748541429638863	0.6902992464601994	-0.07874271273612976	0.34514960646629333	0.7664068937301636	[27276 27275 27275 27275 27275]	[27322 27322 27322 27322 27321]		
4694.28825	3.049750000000131	epochs															maze_arm	287.0
4697.3555	7.01299999999992	epochs															feedback_and_iti	287.0
4697.3555	0.998000000000502	epochs															feedback_delay	287.0
4698.37225	1.9674999999997453	epochs															feedback	287.0
4700.37625	3.9922499999993306	epochs															iti	287.0
4704.38975	7.0992499999993015	epochs															maze	288.0
4704.38975	5.022750000000087	epochs															maze_stem	288.0
4704.411	12.29674999999952	trials	False	False	False	False	True	True	[0.07743014 0.92256993 0.2031711  0.79682887]	-0.12574101239442825	0.7193987742066383	0.06287053227424622	0.35969939827919006	0.9225699305534363	[27365 27365 27365 27365 27365]	[27407 27407 27407 27407 27406]		
4709.4335	2.0554999999994834	epochs															maze_arm	288.0
4711.51375	5.172499999999673	epochs															feedback_and_iti	288.0
4711.51375	0.9825000000000728	epochs															feedback_delay	288.0
4712.518	1.9837500000003274	epochs															feedback	288.0
4714.69975	1.9864999999999782	epochs															iti	288.0
4716.70775	9.403250000000298	epochs															maze	289.0
4716.70775	8.225000000000364	epochs															maze_stem	289.0
4716.73	14.59625000000051	trials	False	False	False	False	True	True	[0.05075755 0.94924241 0.11409482 0.88590521]	-0.06333724223077297	0.835147624835372	0.03166860342025757	0.41757380962371826	0.9492424130439758	[27439 27439 27439 27439 27439]	[27495 27495 27494 27494 27494]		
4724.95475	1.15625	epochs															maze_arm	289.0
4726.134	5.1710000000002765	epochs															feedback_and_iti	289.0
4726.134	0.9949999999998909	epochs															feedback_delay	289.0
4727.15125	1.9637499999998909	epochs															feedback	289.0
4729.3115	1.9935000000004948	epochs															iti	289.0
4731.32625	8.148750000000291	epochs															maze	290.0
4731.32625	6.617999999999483	epochs															maze_stem	290.0
4731.34725	13.324749999999767	trials	False	False	False	False	True	True	[0.04376222 0.95623773 0.13501565 0.86498439]	-0.0912533849477768	0.8212221264839172	0.045626670122146606	0.4106110632419586	0.9562377333641052	[27527 27527 27527 27526 27526]	[27575 27575 27575 27574 27574]		
4737.967	1.5080000000007203	epochs															maze_arm	290.0
4739.49675	5.157749999999396	epochs															feedback_and_iti	290.0
4739.49675	0.9804999999996653	epochs															feedback_delay	290.0
4740.50275	1.9937500000005457	epochs															feedback	290.0
4742.67525	1.9792499999994106	epochs															iti	290.0
4744.672	6.743250000000444	epochs															maze	291.0
4744.672	5.5955000000003565	epochs															maze_stem	291.0
4744.6905	13.784250000000611	trials	False	False	False	True	True	False	[0.03938336 0.96061665 0.13594113 0.86405885]	-0.09655778296291828	0.824675502255559	-0.04827889800071716	0.4123377501964569	0.8640588521957397	[27607 27607 27607 27606 27606]	[27646 27646 27646 27646 27646]		
4750.28625	1.1289999999999054	epochs															maze_arm	291.0
4751.43375	7.019000000000233	epochs															feedback_and_iti	291.0
4751.43375	0.9862499999999272	epochs															feedback_delay	291.0
4752.43675	1.9920000000001892	epochs															feedback	291.0
4754.46375	3.9890000000004875	epochs															iti	291.0
4758.47475	6.095999999999549	epochs															maze	292.0
4758.47475	4.196249999999964	epochs															maze_stem	292.0
4758.49575	13.13274999999976	trials	True	False	False	True	True	False	[0.05520647 0.94479352 0.17012547 0.82987452]	-0.11491900309920311	0.7746680490672588	-0.057459503412246704	0.38733401894569397	0.8298745155334473	[27690 27690 27689 27689 27689]	[27725 27725 27725 27725 27725]		
4762.69175	1.8789999999999054	epochs															maze_arm	292.0
4764.59175	7.01575000000048	epochs															feedback_and_iti	292.0
4764.59175	0.9922500000002401	epochs															feedback_delay	292.0
4765.6065	1.9707500000004075	epochs															feedback	292.0
4767.61575	3.9917500000001382	epochs															iti	292.0
4771.6285	8.681000000000495	epochs															maze	293.0
4771.6285	4.583250000000589	epochs															maze_stem	293.0
4771.6485	13.872999999999593	trials	True	False	False	False	True	True	[0.04851994 0.95148009 0.07208437 0.92791563]	-0.023564448580145836	0.8793957065790892	0.011782228946685791	0.43969786167144775	0.9514800906181335	[27769 27768 27768 27768 27768]	[27820 27820 27819 27819 27819]		
4776.2325	4.0770000000002256	epochs															maze_arm	293.0
4780.332	5.170000000000073	epochs															feedback_and_iti	293.0
4780.332	0.9927499999994325	epochs															feedback_delay	293.0
4781.34775	1.9755000000004657	epochs															feedback	293.0
4783.52225	1.979750000000422	epochs															iti	293.0
4785.5215	7.0847499999999854	epochs															maze	294.0
4785.5215	4.769250000000284	epochs															maze_stem	294.0
4785.54225	12.28399999999965	trials	False	False	False	False	True	True	[0.05191234 0.94808769 0.06568348 0.93431658]	-0.01377113163471222	0.8824042230844498	0.006885558366775513	0.4412021338939667	0.9480876922607422	[27852 27852 27852 27851 27851]	[27893 27893 27893 27893 27893]		
4790.31325	2.2929999999996653	epochs															maze_arm	294.0
4792.629	5.1765000000004875	epochs															feedback_and_iti	294.0
4792.629	0.9880000000002838	epochs															feedback_delay	294.0
4793.64175	1.9747500000003129	epochs															feedback	294.0
4795.83125	1.974250000000211	epochs															iti	294.0
4797.82625	11.686749999999847	epochs															maze	295.0
4797.82625	7.201500000000124	epochs															maze_stem	295.0
4797.84725	18.733750000000327	trials	True	False	False	True	True	False	[0.03570953 0.9642905  0.09374718 0.90625286]	-0.058037642389535904	0.8705433271825314	-0.029018819332122803	0.435271680355072	0.9062528610229492	[27926 27926 27925 27925 27925]	[27995 27995 27994 27994 27994]		
4805.04925	4.463749999999891	epochs															maze_arm	295.0
4809.53625	7.022500000000036	epochs															feedback_and_iti	295.0
4809.53625	0.9909999999999854	epochs															feedback_delay	295.0
4810.5495	1.9802499999996144	epochs															feedback	295.0
4812.568	3.9907499999999345	epochs															iti	295.0
4816.581	7.431499999999687	epochs															maze	296.0
4816.581	4.457749999999578	epochs															maze_stem	296.0
4816.6025	12.618749999999636	trials	False	False	False	False	True	True	[0.04934147 0.9506585  0.065617   0.93438298]	-0.016275523230433464	0.8850415032356977	0.008137762546539307	0.44252073764801025	0.9506585001945496	[28038 28038 28038 28038 28037]	[28082 28082 28081 28081 28081]		
4821.06025	2.952249999999367	epochs															maze_arm	296.0
4824.0355	5.167999999999665	epochs															feedback_and_iti	296.0
4824.0355	0.9947499999998399	epochs															feedback_delay	296.0
4825.055	1.9719999999997526	epochs															feedback	296.0
4827.211	1.9924999999993815	epochs															iti	296.0
4829.22125	10.847999999999956	epochs															maze	297.0
4829.22125	8.24725000000035	epochs															maze_stem	297.0
4829.24025	17.88025000000016	trials	False	False	False	True	True	False	[0.04372133 0.95627862 0.06384984 0.93615013]	-0.02012849971652031	0.8924287892878056	-0.010064244270324707	0.44621437788009644	0.9361501336097717	[28114 28114 28114 28113 28113]	[28178 28178 28178 28177 28177]		
4837.48925	2.5799999999999272	epochs															maze_arm	297.0
4840.0865	7.014499999999316	epochs															feedback_and_iti	297.0
4840.0865	0.983499999999367	epochs															feedback_delay	297.0
4841.08775	1.9827500000001237	epochs															feedback	297.0
4843.1085	3.9924999999993815	epochs															iti	297.0
4847.1205	6.818500000000313	epochs															maze	298.0
4847.1205	5.024999999999636	epochs															maze_stem	298.0
4847.142	12.001750000000357	trials	False	False	False	False	True	True	[0.06440332 0.93559664 0.12643495 0.87356508]	-0.06203160062432289	0.809161726385355	0.031015783548355103	0.40458086133003235	0.9355966448783875	[28221 28221 28221 28221 28220]	[28261 28261 28261 28261 28260]		
4852.1645	1.7745000000004438	epochs															maze_arm	298.0
4853.96175	5.157999999999447	epochs															feedback_and_iti	298.0
4853.96175	0.9987499999997453	epochs															feedback_delay	298.0
4854.985	1.9645000000000437	epochs															feedback	298.0
4857.133	1.986750000000029	epochs															iti	298.0
4859.14375	8.832999999999629	epochs															maze	299.0
4859.14375	7.09099999999944	epochs															maze_stem	299.0
4859.16775	14.03400000000056	trials	False	False	False	False	True	True	[0.04460261 0.95539743 0.07388096 0.92611909]	-0.029278339818120003	0.8815164733678102	0.014639168977737427	0.44075825810432434	0.9553974270820618	[28293 28293 28293 28293 28293]	[28345 28345 28345 28345 28345]		
4866.25625	1.720499999999447	epochs															maze_arm	299.0
4867.99875	5.178750000000036	epochs															feedback_and_iti	299.0
4867.99875	0.9855000000006839	epochs															feedback_delay	299.0
4869.0075	1.9859999999998763	epochs															feedback	299.0
4871.18925	1.9882499999994252	epochs															iti	299.0
4873.20175	7.813000000000102	epochs															maze	300.0
4873.20175	6.381749999999556	epochs															maze_stem	300.0
4873.22125	12.999749999999949	trials	False	False	False	False	True	True	[0.03867821 0.96132177 0.08980407 0.91019595]	-0.05112583935260773	0.8715177178382874	0.025562912225723267	0.4357588589191437	0.9613217711448669	[28378 28377 28377 28377 28377]	[28424 28423 28423 28423 28423]		
4879.60475	1.4099999999998545	epochs															maze_arm	300.0
4881.03775	5.16399999999976	epochs															feedback_and_iti	300.0
4881.03775	0.9922499999993306	epochs															feedback_delay	300.0
4882.054	1.974250000000211	epochs															feedback	300.0
4884.2175	1.9842500000004293	epochs															iti	300.0
4886.221	7.98700000000008	epochs															maze	301.0
4886.221	5.815000000000509	epochs															maze_stem	301.0
4886.2445	13.183750000000146	trials	True	False	False	False	True	True	[0.03550819 0.96449184 0.09205374 0.90794623]	-0.05654558166861534	0.8724380694329739	0.028272807598114014	0.4362190365791321	0.9644918441772461	[28456 28455 28455 28455 28455]	[28503 28502 28502 28502 28502]		
4892.059	2.1489999999994325	epochs															maze_arm	301.0
4894.23	5.17725000000064	epochs															feedback_and_iti	301.0
4894.23	0.9975000000004002	epochs															feedback_delay	301.0
4895.25	1.9722499999998035	epochs															feedback	301.0
4897.41075	1.9965000000001965	epochs															iti	301.0
4899.42825	11.48949999999968	epochs															maze	302.0
4899.42825	9.822250000000167	epochs															maze_stem	302.0
4899.44975	16.66924999999992	trials	True	False	False	True	False	True	[0.03205696 0.96794307 0.08971982 0.91028023]	-0.057662855833768845	0.8782232590019703	0.02883143350481987	-0.4391116090118885	0.08971982449293137	[28535 28535 28534 28534 28534]	[28603 28603 28602 28602 28602]		
4909.26925	1.6484999999993306	epochs															maze_arm	302.0
4910.93875	5.161999999999352	epochs															feedback_and_iti	302.0
4910.93875	0.988999999999578	epochs															feedback_delay	302.0
4911.9505	1.974500000000262	epochs															feedback	302.0
4914.11775	1.9829999999992651	epochs															iti	302.0
4916.119	8.739000000000487	epochs															maze	303.0
4916.119	5.668999999999869	epochs															maze_stem	303.0
4916.13775	15.789499999999862	trials	False	False	False	True	True	False	[0.04122819 0.95877182 0.12557364 0.87442636]	-0.08434545248746872	0.833198182284832	-0.04217272996902466	0.4165990948677063	0.8744263648986816	[28635 28635 28635 28634 28634]	[28686 28686 28686 28686 28686]		
4921.8085	3.04950000000008	epochs															maze_arm	303.0
4924.87275	7.033249999999498	epochs															feedback_and_iti	303.0
4924.87275	0.9857499999998254	epochs															feedback_delay	303.0
4925.87475	1.9965000000001965	epochs															feedback	303.0
4927.91275	3.9932499999995343	epochs															iti	303.0
4931.92725	5.6195000000006985	epochs															maze	304.0
4931.92725	3.936999999999898	epochs															maze_stem	304.0
4931.951	10.822000000000116	trials	False	False	False	False	True	True	[0.07305638 0.9269436  0.20982961 0.79017037]	-0.136773232370615	0.7171139903366566	0.06838661432266235	0.35855698585510254	0.9269436001777649	[28730 28730 28729 28729 28729]	[28762 28762 28762 28762 28762]		
4935.8865	1.660250000000815	epochs															maze_arm	304.0
4937.571	5.181249999999636	epochs															feedback_and_iti	304.0
4937.571	0.9877500000002328	epochs															feedback_delay	304.0
4938.58275	1.9767500000007203	epochs															feedback	304.0
4940.754	1.9982499999996435	epochs															iti	304.0
4942.773	7.31775000000016	epochs															maze	305.0
4942.773	5.345499999999447	epochs															maze_stem	305.0
4942.7935	12.500750000000153	trials	True	False	False	False	True	True	[0.04100244 0.95899761 0.12924057 0.87075943]	-0.08823815733194351	0.8297570124268532	0.04411908984184265	0.4148785173892975	0.9589976072311401	[28795 28795 28794 28794 28794]	[28838 28837 28837 28837 28837]		
4948.1385	1.9522500000002765	epochs															maze_arm	305.0
4950.11225	5.161000000000058	epochs															feedback_and_iti	305.0
4950.11225	0.9997499999999491	epochs															feedback_delay	305.0
4951.13475	1.956000000000131	epochs															feedback	305.0
4953.282	1.9912500000000364	epochs															iti	305.0
4955.29425	8.058750000000146	epochs															maze	306.0
4955.29425	4.846749999999702	epochs															maze_stem	306.0
4955.3145	13.229499999999462	trials	False	False	False	False	True	True	[0.0357457  0.96425426 0.15200733 0.84799266]	-0.11626161634922028	0.8122469484806061	0.05813080072402954	0.40612345933914185	0.9642542600631714	[28870 28870 28869 28869 28869]	[28917 28917 28917 28917 28916]		
4960.1625	3.1904999999997017	epochs															maze_arm	306.0
4963.3775	5.145500000000538	epochs															feedback_and_iti	306.0
4963.3775	0.9975000000004002	epochs															feedback_delay	306.0
4964.39875	1.955500000000029	epochs															feedback	306.0
4966.5395	1.9835000000002765	epochs															iti	306.0
4968.544	7.398250000000189	epochs															maze	307.0
4968.544	4.514000000000124	epochs															maze_stem	307.0
4968.56475	12.588000000000648	trials	True	False	False	False	True	True	[0.02666525 0.97333479 0.21746922 0.78253078]	-0.19080398697406054	0.7558655561879277	0.09540200233459473	0.3779327869415283	0.973334789276123	[28949 28949 28949 28949 28948]	[28993 28992 28992 28992 28992]		
4973.078	2.864249999999629	epochs															maze_arm	307.0
4975.9645	5.168999999999869	epochs															feedback_and_iti	307.0
4975.9645	0.9885000000003856	epochs															feedback_delay	307.0
4976.97275	1.9804999999996653	epochs															feedback	307.0
4979.1385	1.9949999999998909	epochs															iti	307.0
4981.15275	8.853000000000065	epochs															maze	308.0
4981.15275	7.762249999999767	epochs															maze_stem	308.0
4981.1695	15.89050000000043	trials	False	False	False	True	True	False	[0.02924096 0.97075897 0.17487992 0.82512009]	-0.14563892222940922	0.7958790902048349	-0.07281944155693054	0.397939532995224	0.8251200914382935	[29025 29025 29024 29024 29024]	[29077 29077 29077 29076 29076]		
4988.9355	1.0702500000006694	epochs															maze_arm	308.0
4990.03175	7.007999999999811	epochs															feedback_and_iti	308.0
4990.03175	1.000250000000051	epochs															feedback_delay	308.0
4991.0495	1.9724999999998545	epochs															feedback	308.0
4993.05725	3.9825000000000728	epochs															iti	308.0
4997.06	16.72649999999976	epochs															maze	309.0
4997.06	12.990499999999884	epochs															maze_stem	309.0
4997.07925	23.77375000000029	trials	False	False	False	True	True	False	[0.03931867 0.96068132 0.19224226 0.80775774]	-0.15292358957231045	0.7684390600770712	-0.0764617919921875	0.38421952724456787	0.8077577352523804	[29120 29120 29120 29120 29119]	[29220 29219 29219 29219 29219]		
5010.069	3.7174999999997453	epochs															maze_arm	309.0
5013.80375	7.030249999999796	epochs															feedback_and_iti	309.0
5013.80375	0.9844999999995707	epochs															feedback_delay	309.0
5014.806	1.9932500000004438	epochs															feedback	309.0
5016.8365	3.9974999999994907	epochs															iti	309.0
5020.853	6.563250000000153	epochs															maze	310.0
5020.853	4.45299999999952	epochs															maze_stem	310.0
5020.86975	13.59900000000016	trials	False	False	False	True	True	False	[0.04108715 0.95891285 0.16627681 0.83372325]	-0.1251896321773529	0.7926360666751862	-0.06259480118751526	0.3963180482387543	0.833723247051239	[29263 29263 29262 29262 29262]	[29301 29301 29301 29301 29300]		
5025.323	2.093249999999898	epochs															maze_arm	310.0
5027.43375	7.0167499999997744	epochs															feedback_and_iti	310.0
5027.43375	0.9849999999996726	epochs															feedback_delay	310.0
5028.437	1.9840000000003783	epochs															feedback	310.0
5030.45825	3.99225000000024	epochs															iti	310.0
5034.46875	8.148000000000138	epochs															maze	311.0
5034.46875	5.157250000000204	epochs															maze_stem	311.0
5034.4885	15.188999999999396	trials	False	False	False	True	True	False	[0.04208921 0.95791084 0.15826951 0.84173054]	-0.11618030071258545	0.7996413260698318	-0.058090150356292725	0.3998206853866577	0.841730535030365	[29345 29344 29344 29344 29344]	[29392 29392 29392 29392 29392]		
5039.6455	2.9712500000005093	epochs															maze_arm	311.0
5042.63425	7.0222499999999854	epochs															feedback_and_iti	311.0
5042.63425	0.9922500000002401	epochs															feedback_delay	311.0
5043.64425	1.9897499999997308	epochs															feedback	311.0
5045.6705	3.9859999999998763	epochs															iti	311.0
5049.6775	7.342749999999796	epochs															maze	312.0
5049.6775	5.614250000000538	epochs															maze_stem	312.0
5049.6965	14.371750000000247	trials	False	False	False	True	True	False	[0.04334143 0.95665854 0.15135685 0.84864312]	-0.10801541619002819	0.8053016941994429	-0.05400770902633667	0.4026508331298828	0.8486431241035461	[29436 29435 29435 29435 29435]	[29479 29479 29478 29478 29478]		
5055.31125	1.7089999999998327	epochs															maze_arm	312.0
5057.0375	7.013249999999971	epochs															feedback_and_iti	312.0
5057.0375	0.9827499999992142	epochs															feedback_delay	312.0
5058.03675	1.9852499999997235	epochs															feedback	312.0
5060.12475	3.9260000000003856	epochs															iti	312.0
5064.06825	7.9155000000000655	epochs															maze	313.0
5064.06825	4.5292499999995925	epochs															maze_stem	313.0
5064.08675	14.967749999999796	trials	False	False	False	True	True	False	[0.04493933 0.95506066 0.14775977 0.8522402 ]	-0.10282044671475887	0.8073008861392736	-0.05141022801399231	0.4036504328250885	0.8522402048110962	[29522 29522 29522 29521 29521]	[29568 29568 29568 29568 29568]		
5068.617	3.3667500000001382	epochs															maze_arm	313.0
5072.00125	7.02599999999984	epochs															feedback_and_iti	313.0
5072.00125	0.9987499999997453	epochs															feedback_delay	313.0
5073.01575	1.9705000000003565	epochs															feedback	313.0
5075.02125	4.006000000000313	epochs															iti	313.0
5079.0545	6.282250000000204	epochs															maze	314.0
5079.0545	4.534499999999753	epochs															maze_stem	314.0
5079.08025	11.472999999999956	trials	False	False	False	False	True	True	[0.04669842 0.95330161 0.14583611 0.85416394]	-0.0991376768797636	0.8074655067175627	0.04956883192062378	0.4037327766418457	0.9533016085624695	[29612 29612 29611 29611 29611]	[29649 29648 29648 29648 29648]		
5083.61175	1.7250000000003638	epochs															maze_arm	314.0
5085.3605	5.173249999999825	epochs															feedback_and_iti	314.0
5085.3605	0.9854999999997744	epochs															feedback_delay	314.0
5086.3705	1.987500000000182	epochs															feedback	314.0
5088.545	1.988749999999527	epochs															iti	314.0
5090.55325	11.852249999999913	epochs															maze	315.0
5090.55325	6.137749999999869	epochs															maze_stem	315.0
5090.5705	18.897500000000036	trials	False	False	False	True	True	False	[0.0282873  0.97171265 0.1023189  0.89768106]	-0.07403159700334072	0.8693937566131353	-0.03701579570770264	0.43469685316085815	0.8976810574531555	[29681 29681 29680 29680 29680]	[29751 29751 29750 29750 29750]		
5096.71075	5.694749999999658	epochs															maze_arm	315.0
5102.4215	7.02849999999944	epochs															feedback_and_iti	315.0
5102.4215	0.9857499999998254	epochs															feedback_delay	315.0
5103.42375	1.992500000000291	epochs															feedback	315.0
5105.45825	3.9917500000001382	epochs															iti	315.0
5109.468	6.293499999999767	epochs															maze	316.0
5109.468	5.308250000000044	epochs															maze_stem	316.0
5109.4875	13.340000000000146	trials	False	False	False	True	True	False	[0.05053978 0.94946021 0.156322   0.84367806]	-0.10578218474984169	0.7931382395327091	-0.0528910756111145	0.3965691328048706	0.8436780571937561	[29794 29794 29794 29794 29793]	[29831 29831 29831 29830 29830]		
5114.7955	0.9659999999994398	epochs															maze_arm	316.0
5115.786	7.017749999999978	epochs															feedback_and_iti	316.0
5115.786	0.9774999999999636	epochs															feedback_delay	316.0
5116.7825	1.9932499999995343	epochs															feedback	316.0
5118.8145	3.989249999999629	epochs															iti	316.0
5122.8275	8.480749999999716	epochs															maze	317.0
5122.8275	4.292499999999563	epochs															maze_stem	317.0
5122.84975	15.506249999999454	trials	False	False	False	True	True	False	[0.05231446 0.94768554 0.14543395 0.85456604]	-0.09311949647963047	0.8022515866905451	-0.04655975103378296	0.40112578868865967	0.8545660376548767	[29874 29874 29874 29874 29873]	[29924 29924 29924 29924 29923]		
5127.13875	4.169499999999971	epochs															maze_arm	317.0
5131.32425	7.012250000000677	epochs															feedback_and_iti	317.0
5131.32425	0.9935000000004948	epochs															feedback_delay	317.0
5132.33525	1.9785000000001673	epochs															feedback	317.0
5134.352	3.98450000000048	epochs															iti	317.0
5138.356	5.251000000000204	epochs															maze	318.0
5138.356	4.197750000000269	epochs															maze_stem	318.0
5138.3735	12.292000000000371	trials	False	False	False	True	True	False	[0.0543176  0.94568247 0.14861302 0.85138702]	-0.09429543279111385	0.7970694359391928	-0.0471477210521698	0.39853474497795105	0.8513870239257812	[29967 29967 29967 29967 29967]	[29998 29998 29997 29997 29997]		
5142.572	1.0349999999998545	epochs															maze_arm	318.0
5143.62325	7.020750000000589	epochs															feedback_and_iti	318.0
5143.62325	0.9902500000007421	epochs															feedback_delay	318.0
5144.631	1.9884999999994761	epochs															feedback	318.0
5146.657	3.98700000000008	epochs															iti	318.0
5150.6655	8.173499999999876	epochs															maze	319.0
5150.6655	4.7979999999997744	epochs															maze_stem	319.0
5150.68625	13.36700000000019	trials	False	False	False	False	True	True	[0.05615792 0.94384211 0.14828622 0.85171378]	-0.09212832152843475	0.7955558747053146	0.046064168214797974	0.3977779448032379	0.9438421130180359	[30041 30041 30041 30041 30040]	[30089 30089 30089 30089 30088]		
5155.48475	3.35425000000032	epochs															maze_arm	319.0
5158.861	5.173499999999876	epochs															feedback_and_iti	319.0
5158.861	0.998250000000553	epochs															feedback_delay	319.0
5159.88275	1.9727499999999054	epochs															feedback	319.0
5162.04275	1.9917500000001382	epochs															iti	319.0
5164.05325	27.68724999999995	epochs															maze	320.0
5164.05325	26.322250000000167	epochs															maze_stem	320.0
5164.07075	34.738000000000284	trials	False	False	False	True	True	False	[0.03224525 0.96775478 0.10234457 0.89765543]	-0.07009933516383171	0.8654101975262165	-0.0350496768951416	0.4327051043510437	0.8976554274559021	[30121 30121 30121 30121 30121]	[30286 30286 30286 30286 30286]		
5190.3945	1.345999999999549	epochs															maze_arm	320.0
5191.75725	7.029000000000451	epochs															feedback_and_iti	320.0
5191.75725	0.9912500000000364	epochs															feedback_delay	320.0
5192.7645	1.9894999999996799	epochs															feedback	320.0
5194.7905	3.9957500000000437	epochs															iti	320.0
5198.80875	7.599999999999454	epochs															maze	321.0
5198.80875	5.057499999999891	epochs															maze_stem	321.0
5198.829	12.810500000000502	trials	False	False	False	False	True	True	[0.05962251 0.94037747 0.15843564 0.8415643 ]	-0.09881315194070339	0.781941806897521	0.049406588077545166	0.3909708857536316	0.9403774738311768	[30330 30330 30329 30329 30329]	[30374 30374 30374 30374 30374]		
5203.88875	2.519999999999527	epochs															maze_arm	321.0
5206.43025	5.186999999999898	epochs															feedback_and_iti	321.0
5206.43025	0.9784999999992579	epochs															feedback_delay	321.0
5207.43175	1.9885000000003856	epochs															feedback	321.0
5209.61775	1.9994999999998981	epochs															iti	321.0
5211.6395	8.965499999999338	epochs															maze	322.0
5211.6395	6.750500000000102	epochs															maze_stem	322.0
5211.66	16.014000000000124	trials	False	False	False	True	True	False	[0.0335729  0.96642703 0.10554426 0.89445567]	-0.0719713605940342	0.8608827702701092	-0.03598567843437195	0.43044134974479675	0.8944556713104248	[30407 30407 30406 30406 30406]	[30460 30459 30459 30459 30459]		
5218.4095	2.195499999999811	epochs															maze_arm	322.0
5220.62	7.0349999999998545	epochs															feedback_and_iti	322.0
5220.62	0.9957500000000437	epochs															feedback_delay	322.0
5221.63275	1.9862499999999272	epochs															feedback	322.0
5223.6575	3.9974999999994907	epochs															iti	322.0
5227.674	6.943750000000364	epochs															maze	323.0
5227.674	5.230999999999767	epochs															maze_stem	323.0
5227.69575	12.140000000000327	trials	False	False	False	False	True	True	[0.06226692 0.93773311 0.15915926 0.84084076]	-0.09689234755933285	0.7785738464444876	0.0484461784362793	0.38928693532943726	0.9377331137657166	[30503 30503 30502 30502 30502]	[30544 30543 30543 30543 30543]		
5232.92475	1.693000000000211	epochs															maze_arm	323.0
5234.64	5.171999999999571	epochs															feedback_and_iti	323.0
5234.64	0.9867500000000291	epochs															feedback_delay	323.0
5235.651	1.9657500000002983	epochs															feedback	323.0
5237.81275	1.9992499999998472	epochs															iti	323.0
5239.83575	8.629500000000007	epochs															maze	324.0
5239.83575	6.291999999999462	epochs															maze_stem	324.0
5239.8595	13.820000000000618	trials	False	False	False	False	True	True	[0.03496961 0.96503043 0.10419048 0.89580947]	-0.06922091729938984	0.8608399052172899	0.034610480070114136	0.4304199516773224	0.9650304317474365	[30576 30576 30575 30575 30575]	[30627 30626 30626 30626 30626]		
5246.1495	2.3157499999997526	epochs															maze_arm	324.0
5248.4895	5.166250000000218	epochs															feedback_and_iti	324.0
5248.4895	0.9892500000005384	epochs															feedback_delay	324.0
5249.50175	1.9839999999994689	epochs															feedback	324.0
5251.6735	1.9822500000000218	epochs															iti	324.0
5253.6795	7.953499999999622	epochs															maze	325.0
5253.6795	5.699999999999818	epochs															maze_stem	325.0
5253.70275	13.149749999999585	trials	True	False	False	True	False	True	[0.02999174 0.97000825 0.13779195 0.86220801]	-0.10780022479593754	0.8322162870317698	0.05390010215342045	-0.41610815562307835	0.1377919465303421	[30659 30659 30658 30658 30658]	[30706 30705 30705 30705 30705]		
5259.39925	2.233749999999418	epochs															maze_arm	325.0
5261.65525	5.1765000000004875	epochs															feedback_and_iti	325.0
5261.65525	0.9807500000006257	epochs															feedback_delay	325.0
5262.65875	1.99225000000024	epochs															feedback	325.0
5264.845	1.986750000000029	epochs															iti	325.0
5266.8525	10.811749999999847	epochs															maze	326.0
5266.8525	9.28125	epochs															maze_stem	326.0
5266.87	17.847499999999854	trials	False	False	False	True	True	False	[0.06416159 0.93583834 0.16570587 0.83429414]	-0.10154424235224724	0.7701325081288815	-0.05077210068702698	0.3850662410259247	0.8342941403388977	[30738 30738 30737 30737 30737]	[30802 30801 30801 30801 30801]		
5276.15375	1.5104999999994106	epochs															maze_arm	326.0
5277.6815	7.019000000000233	epochs															feedback_and_iti	326.0
5277.6815	0.9837500000003274	epochs															feedback_delay	326.0
5278.68225	1.9862499999999272	epochs															feedback	326.0
5280.705	3.9954999999999927	epochs															iti	326.0
5284.7175	6.646749999999884	epochs															maze	327.0
5284.7175	4.394750000000386	epochs															maze_stem	327.0
5284.7365	13.675500000000284	trials	False	False	False	True	True	False	[0.09828468 0.90171534 0.25916731 0.74083263]	-0.16088267043232918	0.6425479836761951	-0.08044135570526123	0.3212739825248718	0.7408326268196106	[30845 30845 30844 30844 30844]	[30884 30884 30883 30883 30883]		
5289.13175	2.2325000000000728	epochs															maze_arm	327.0
5291.3795	7.009750000000167	epochs															feedback_and_iti	327.0
5291.3795	0.9994999999998981	epochs															feedback_delay	327.0
5292.397	1.9697500000002037	epochs															feedback	327.0
5294.40425	3.985000000000582	epochs															iti	327.0
5298.412	5.783999999999651	epochs															maze	328.0
5298.412	4.350749999999607	epochs															maze_stem	328.0
5298.43375	10.9712499999996	trials	False	False	False	False	True	True	[0.09390215 0.90609789 0.22326514 0.77673489]	-0.12936299666762352	0.6828327439725399	0.06468150019645691	0.3414163887500763	0.9060978889465332	[30927 30927 30927 30926 30926]	[30961 30961 30960 30960 30960]		
5302.783	1.4129999999995562	epochs															maze_arm	328.0
5304.2185	5.1655000000000655	epochs															feedback_and_iti	328.0
5304.2185	0.98700000000008	epochs															feedback_delay	328.0
5305.23	1.9820000000008804	epochs															feedback	328.0
5307.401	1.9830000000001746	epochs															iti	328.0
5309.405	6.480250000000524	epochs															maze	329.0
5309.405	5.120750000000044	epochs															maze_stem	329.0
5309.425	11.662499999999454	trials	False	False	False	False	True	True	[0.04696114 0.95303887 0.14258334 0.85741669]	-0.09562219120562077	0.8104555401951075	0.04781109094619751	0.40522778034210205	0.9530388712882996	[30993 30993 30993 30992 30992]	[31031 31031 31030 31030 31030]		
5314.54675	1.33849999999984	epochs															maze_arm	329.0
5315.907	5.157250000000204	epochs															feedback_and_iti	329.0
5315.907	0.9897499999997308	epochs															feedback_delay	329.0
5316.92025	1.9655000000002474	epochs															feedback	329.0
5319.0935	1.9707500000004075	epochs															iti	329.0
5321.0875	5.88300000000072	epochs															maze	330.0
5321.0875	4.89600000000064	epochs															maze_stem	330.0
5321.10975	12.91400000000067	trials	False	False	False	True	True	False	[0.0396052  0.9603948  0.17235477 0.82764524]	-0.13274956494569778	0.7880400344729424	-0.0663747787475586	0.3940200209617615	0.8276452422142029	[31063 31063 31063 31062 31062]	[31097 31097 31097 31097 31096]		
5326.00275	0.9677500000007058	epochs															maze_arm	330.0
5326.98825	7.01549999999952	epochs															feedback_and_iti	330.0
5326.98825	0.9904999999998836	epochs															feedback_delay	330.0
5327.99675	1.9827500000001237	epochs															feedback	330.0
5330.01625	3.987500000000182	epochs															iti	330.0
5334.02375	10.448249999999462	epochs															maze	331.0
5334.02375	6.4484999999995125	epochs															maze_stem	331.0
5334.0445	17.49775000000045	trials	True	False	False	True	True	False	[0.06647015 0.93352985 0.18342961 0.8165704 ]	-0.11695946007966995	0.7501002475619316	-0.05847972631454468	0.3750501275062561	0.8165704011917114	[31141 31140 31140 31140 31140]	[31202 31202 31202 31202 31201]		
5340.49375	3.9782500000001164	epochs															maze_arm	331.0
5344.4945	7.025749999999789	epochs															feedback_and_iti	331.0
5344.4945	0.9792500000003201	epochs															feedback_delay	331.0
5345.4965	1.9939999999996871	epochs															feedback	331.0
5347.52925	3.9909999999999854	epochs															iti	331.0
5351.54225	12.526749999999993	epochs															maze	332.0
5351.54225	11.361750000000029	epochs															maze_stem	332.0
5351.56525	17.712000000000444	trials	False	False	False	False	True	True	[0.06021989 0.93978012 0.08291921 0.91708082]	-0.022699307650327682	0.8568609170615673	0.011349648237228394	0.4284304678440094	0.9397801160812378	[31246 31245 31245 31245 31245]	[31320 31320 31319 31319 31319]		
5362.9235	1.1455000000005384	epochs															maze_arm	332.0
5364.09175	5.166250000000218	epochs															feedback_and_iti	332.0
5364.09175	0.9805000000005748	epochs															feedback_delay	332.0
5365.0965	1.9887500000004366	epochs															feedback	332.0
5367.27	1.9879999999993743	epochs															iti	332.0
5369.27725	5.186249999999745	epochs															maze	333.0
5369.27725	3.8632500000003347	epochs															maze_stem	333.0
5369.29875	10.399999999999636	trials	False	False	False	False	True	True	[0.04330215 0.95669782 0.08263855 0.91736144]	-0.03933639079332352	0.8740592822432518	0.01966819167137146	0.437029629945755	0.9566978216171265	[31352 31352 31351 31351 31351]	[31382 31382 31382 31381 31381]		
5373.16175	1.301749999999629	epochs															maze_arm	333.0
5374.48575	5.191499999999905	epochs															feedback_and_iti	333.0
5374.48575	0.9859999999998763	epochs															feedback_delay	333.0
5375.496	1.9862499999999272	epochs															feedback	333.0
5377.68425	1.9929999999994834	epochs															iti	333.0
5379.69875	5.827500000000327	epochs															maze	334.0
5379.69875	4.637500000000728	epochs															maze_stem	334.0
5379.7195	11.014000000000124	trials	False	False	False	False	True	True	[0.03613857 0.96386147 0.10511585 0.89488411]	-0.06897731684148312	0.8587455805391073	0.034488677978515625	0.42937278747558594	0.9638614654541016	[31414 31414 31414 31414 31414]	[31448 31448 31448 31448 31448]		
5384.3575	1.168749999999818	epochs															maze_arm	334.0
5385.548	5.1655000000000655	epochs															feedback_and_iti	334.0
5385.548	0.9800000000004729	epochs															feedback_delay	334.0
5386.55075	1.98700000000008	epochs															feedback	334.0
5388.71725	1.9962500000001455	epochs															iti	334.0
5390.7335	7.11449999999968	epochs															maze	335.0
5390.7335	4.6802499999994325	epochs															maze_stem	335.0
5390.7565	14.147749999999178	trials	False	False	False	True	True	False	[0.03301455 0.9669854  0.10968749 0.89031249]	-0.07667292654514313	0.8572979271411896	-0.03833645582199097	0.4286489486694336	0.8903124928474426	[31481 31480 31480 31480 31480]	[31522 31522 31522 31522 31521]		
5395.43525	2.4127499999995052	epochs															maze_arm	335.0
5397.86625	7.018750000000182	epochs															feedback_and_iti	335.0
5397.86625	0.9917500000001382	epochs															feedback_delay	335.0
5398.8745	1.9830000000001746	epochs															feedback	335.0
5400.895	3.9899999999997817	epochs															iti	335.0
5404.90425	10.264500000000226	epochs															maze	336.0
5404.90425	9.414500000000771	epochs															maze_stem	336.0
5404.92375	17.3100000000004	trials	False	False	False	True	True	False	[0.05119365 0.94880641 0.13224255 0.8677575 ]	-0.08104890026152134	0.8165638539940119	-0.040524452924728394	0.40828195214271545	0.8677574992179871	[31565 31565 31565 31565 31565]	[31626 31626 31626 31625 31625]		
5414.339	0.8297499999998763	epochs															maze_arm	336.0
5415.18575	7.029000000000451	epochs															feedback_and_iti	336.0
5415.18575	0.9917500000001382	epochs															feedback_delay	336.0
5416.1955	1.9854999999997744	epochs															feedback	336.0
5418.21975	3.994999999999891	epochs															iti	336.0
5422.23375	6.017499999999927	epochs															maze	337.0
5422.23375	4.202249999999367	epochs															maze_stem	337.0
5422.2545	13.043249999999716	trials	False	False	False	True	True	False	[0.05310023 0.94689977 0.1259788  0.87402117]	-0.07287858240306377	0.8209209572523832	-0.03643929958343506	0.4104604721069336	0.8740211725234985	[31669 31669 31669 31669 31669]	[31705 31704 31704 31704 31704]		
5426.45475	1.7965000000003783	epochs															maze_arm	337.0
5428.2665	7.011750000000575	epochs															feedback_and_iti	337.0
5428.2665	0.9945000000006985	epochs															feedback_delay	337.0
5429.27725	1.9777500000000146	epochs															feedback	337.0
5431.293	3.985250000000633	epochs															iti	337.0
5435.29775	7.849250000000211	epochs															maze	338.0
5435.29775	6.4760000000005675	epochs															maze_stem	338.0
5435.3165	14.890250000000378	trials	False	False	False	True	True	False	[0.05490868 0.94509131 0.13173614 0.86826384]	-0.07682746648788452	0.8133551627397537	-0.03841373324394226	0.40667757391929626	0.868263840675354	[31748 31748 31747 31747 31747]	[31794 31794 31793 31793 31793]		
5441.79275	1.3542500000003201	epochs															maze_arm	338.0
5443.1645	7.021499999999833	epochs															feedback_and_iti	338.0
5443.1645	1.0	epochs															feedback_delay	338.0
5444.18175	1.9807500000006257	epochs															feedback	338.0
5446.19625	3.989749999999731	epochs															iti	338.0
5450.20675	8.702249999999367	epochs															maze	339.0
5450.20675	6.712749999999687	epochs															maze_stem	339.0
5450.225	15.723500000000058	trials	True	False	False	True	True	False	[0.05685269 0.94314736 0.13337269 0.86662728]	-0.07652004435658455	0.8097746260464191	-0.038260042667388916	0.404887318611145	0.8666272759437561	[31837 31837 31837 31836 31836]	[31888 31888 31888 31888 31888]		
5456.94025	1.96875	epochs															maze_arm	339.0
5458.92875	7.001000000000204	epochs															feedback_and_iti	339.0
5458.92875	0.9875000000001819	epochs															feedback_delay	339.0
5459.93725	1.9717499999997017	epochs															feedback	339.0
5461.947	3.9827500000001237	epochs															iti	339.0
5465.9485	7.5625	epochs															maze	340.0
5465.9485	5.791249999999309	epochs															maze_stem	340.0
5465.96675	14.605000000000473	trials	False	False	False	True	True	False	[0.05210281 0.94789726 0.06877254 0.93122751]	-0.01666973903775215	0.8791247047483921	-0.008334875106811523	0.4395623803138733	0.9312275052070618	[31931 31931 31931 31931 31931]	[31976 31976 31975 31975 31975]		
5471.75775	1.7532500000006621	epochs															maze_arm	340.0
5473.52675	7.020249999999578	epochs															feedback_and_iti	340.0
5473.52675	0.9859999999998763	epochs															feedback_delay	340.0
5474.52825	1.989249999999629	epochs															feedback	340.0
5476.55475	3.9922499999993306	epochs															iti	340.0
5480.57175	5.818999999999505	epochs															maze	341.0
5480.57175	4.318500000000313	epochs															maze_stem	341.0
5480.59475	11.026499999999942	trials	False	False	False	False	True	True	[0.06639069 0.93360925 0.11816798 0.88183206]	-0.05177723616361618	0.8154413178563118	0.025888592004776	0.4077206552028656	0.9336092472076416	[32019 32019 32019 32019 32018]	[32053 32053 32053 32053 32052]		
5484.911	1.4797499999995125	epochs															maze_arm	341.0
5486.414	5.188000000000102	epochs															feedback_and_iti	341.0
5486.414	0.9987500000006548	epochs															feedback_delay	341.0
5487.4355	1.9767500000007203	epochs															feedback	341.0
5489.61675	1.9852499999997235	epochs															iti	341.0
5491.62125	7.022500000000036	epochs															maze	342.0
5491.62125	4.846499999999651	epochs															maze_stem	342.0
5491.6415	12.207500000000437	trials	True	False	False	False	True	True	[0.04495942 0.95504051 0.070761   0.92923898]	-0.025801561772823334	0.8842795342206955	0.012900769710540771	0.44213974475860596	0.9550405144691467	[32085 32085 32085 32085 32085]	[32127 32126 32126 32126 32126]		
5496.4885	2.1552499999997963	epochs															maze_arm	342.0
5498.6645	5.162750000000415	epochs															feedback_and_iti	342.0
5498.6645	0.9805000000005748	epochs															feedback_delay	342.0
5499.667	1.9884999999994761	epochs															feedback	342.0
5501.8355	1.9917500000001382	epochs															iti	342.0
5503.849	6.888500000000022	epochs															maze	343.0
5503.849	5.7222499999998035	epochs															maze_stem	343.0
5503.869	12.066250000000764	trials	False	False	False	False	True	True	[0.03601519 0.96398479 0.09067987 0.90932012]	-0.054664675146341324	0.8733049221336842	0.027332335710525513	0.43665245175361633	0.9639847874641418	[32159 32159 32158 32158 32158]	[32199 32199 32199 32198 32198]		
5509.591	1.1464999999998327	epochs															maze_arm	343.0
5510.75925	5.155249999999796	epochs															feedback_and_iti	343.0
5510.75925	0.9877500000002328	epochs															feedback_delay	343.0
5511.76925	1.9712499999995998	epochs															feedback	343.0
5513.9315	1.9830000000001746	epochs															iti	343.0
5515.93525	6.457749999999578	epochs															maze	344.0
5515.93525	4.451499999999214	epochs															maze_stem	344.0
5515.95625	11.641999999999825	trials	True	False	False	False	True	True	[0.02660899 0.97339106 0.12951531 0.87048471]	-0.10290633235126734	0.8438757369294763	0.05145317316055298	0.42193788290023804	0.973391056060791	[32231 32231 32231 32231 32230]	[32269 32269 32269 32268 32268]		
5520.407	1.9859999999998763	epochs															maze_arm	344.0
5522.4175	5.161000000000058	epochs															feedback_and_iti	344.0
5522.4175	0.9954999999999927	epochs															feedback_delay	344.0
5523.43525	1.9614999999994325	epochs															feedback	344.0
5525.58025	1.9982499999996435	epochs															iti	344.0
5527.59825	8.69549999999981	epochs															maze	345.0
5527.59825	6.082250000000386	epochs															maze_stem	345.0
5527.6175	13.878249999999753	trials	False	False	False	True	False	True	[0.02822863 0.9717713  0.10744591 0.8925541 ]	-0.07921723555773497	0.8643254293128848	0.03960863780230284	-0.43216272722929716	0.10744591057300568	[32301 32301 32301 32300 32300]	[32352 32352 32352 32352 32351]		
5533.7	2.59375	epochs															maze_arm	345.0
5536.3105	5.166000000000167	epochs															feedback_and_iti	345.0
5536.3105	0.9895000000005894	epochs															feedback_delay	345.0
5537.31825	1.9854999999997744	epochs															feedback	345.0
5539.479	1.9974999999994907	epochs															iti	345.0
5541.49575	6.610999999999876	epochs															maze	346.0
5541.49575	5.094500000000153	epochs															maze_stem	346.0
5541.51675	13.649250000000393	trials	False	False	False	True	True	False	[0.04281803 0.95718199 0.22178803 0.77821195]	-0.17897002026438713	0.735393937677145	-0.08948501944541931	0.36769697070121765	0.7782119512557983	[32384 32384 32384 32384 32384]	[32423 32423 32423 32422 32422]		
5546.6115	1.4952499999999418	epochs															maze_arm	346.0
5548.1225	7.024749999999585	epochs															feedback_and_iti	346.0
5548.1225	0.9972499999994398	epochs															feedback_delay	346.0
5549.137	1.9765000000006694	epochs															feedback	346.0
5551.152	3.995249999999942	epochs															iti	346.0
5555.166	8.662749999999505	epochs															maze	347.0
5555.166	6.720000000000255	epochs															maze_stem	347.0
5555.18475	15.699749999999767	trials	False	False	False	True	True	False	[0.06682204 0.93317795 0.24174267 0.75825727]	-0.17492065206170082	0.6914352513849735	-0.08746033906936646	0.3457176089286804	0.758257269859314	[32466 32466 32466 32466 32466]	[32517 32517 32517 32517 32517]		
5561.90425	1.92450000000008	epochs															maze_arm	347.0
5563.846	7.0147500000002765	epochs															feedback_and_iti	347.0
5563.846	0.9845000000004802	epochs															feedback_delay	347.0
5564.84875	1.9884999999994761	epochs															feedback	347.0
5566.87775	3.9830000000001746	epochs															iti	347.0
5570.8845	6.976249999999709	epochs															maze	348.0
5570.8845	4.63274999999976	epochs															maze_stem	348.0
5570.90625	14.018500000000131	trials	False	False	False	True	True	False	[0.06766313 0.93233693 0.21987003 0.78012997]	-0.1522069275379181	0.7124668657779694	-0.07610347867012024	0.3562334477901459	0.7801299691200256	[32561 32560 32560 32560 32560]	[32601 32601 32601 32601 32601]		
5575.537	2.3237499999995634	epochs															maze_arm	348.0
5577.8765	7.027999999999338	epochs															feedback_and_iti	348.0
5577.8765	0.9882499999994252	epochs															feedback_delay	348.0
5578.8815	1.9954999999999927	epochs															feedback	348.0
5580.9125	3.9919999999992797	epochs															iti	348.0
5584.92475	9.137499999999818	epochs															maze	349.0
5584.92475	6.969250000000102	epochs															maze_stem	349.0
5584.949	16.16949999999997	trials	False	False	False	True	True	False	[0.06855263 0.93144745 0.19650221 0.80349773]	-0.12794964760541916	0.7349451705813408	-0.06397485733032227	0.3674725890159607	0.8034977316856384	[32645 32645 32644 32644 32644]	[32699 32698 32698 32698 32698]		
5591.913	2.149250000000393	epochs															maze_arm	349.0
5594.0775	7.0219999999999345	epochs															feedback_and_iti	349.0
5594.0775	0.9989999999997963	epochs															feedback_delay	349.0
5595.09475	1.9727499999999054	epochs															feedback	349.0
5597.10475	3.99474999999984	epochs															iti	349.0
5601.1185	10.300500000000284	epochs															maze	350.0
5601.1185	6.71100000000024	epochs															maze_stem	350.0
5601.13725	17.340000000000146	trials	False	False	False	True	True	False	[0.07035083 0.92964911 0.18342908 0.81657094]	-0.11307821422815323	0.7462200745940208	-0.05653908848762512	0.3731100261211395	0.8165709376335144	[32742 32742 32741 32741 32741]	[32803 32802 32802 32802 32802]		
5607.84875	3.57024999999976	epochs															maze_arm	350.0
5611.43575	7.023750000000291	epochs															feedback_and_iti	350.0
5611.43575	0.9945000000006985	epochs															feedback_delay	350.0
5612.449	1.9780000000000655	epochs															feedback	350.0
5614.465	3.994499999999789	epochs															iti	350.0
5618.47725	7.585250000000087	epochs															maze	351.0
5618.47725	4.234999999999673	epochs															maze_stem	351.0
5618.49725	14.640999999999622	trials	False	False	False	True	True	False	[0.07246136 0.92753857 0.17563641 0.82436353]	-0.10317504778504372	0.7519021667540073	-0.05158752202987671	0.37595105171203613	0.8243635296821594	[32846 32846 32846 32845 32845]	[32890 32890 32890 32890 32890]		
5622.72925	3.33324999999968	epochs															maze_arm	351.0
5626.078	7.035249999999905	epochs															feedback_and_iti	351.0
5626.078	0.9887499999995271	epochs															feedback_delay	351.0
5627.0845	1.993000000000393	epochs															feedback	351.0
5629.11725	3.9960000000000946	epochs															iti	351.0
5633.13825	6.069749999999658	epochs															maze	352.0
5633.13825	4.278500000000349	epochs															maze_stem	352.0
5633.15925	11.268000000000029	trials	True	False	False	False	True	True	[0.07479737 0.92520267 0.17118514 0.82881492]	-0.09638775512576103	0.7540175430476665	0.04819387197494507	0.3770087957382202	0.9252026677131653	[32934 32934 32933 32933 32933]	[32969 32969 32969 32969 32969]		
5637.436	1.7719999999999345	epochs															maze_arm	352.0
5639.2285	5.1782499999999345	epochs															feedback_and_iti	352.0
5639.2285	0.9952499999999418	epochs															feedback_delay	352.0
5640.24575	1.9729999999999563	epochs															feedback	352.0
5642.41725	1.9894999999996799	epochs															iti	352.0
5644.42725	5.818250000000262	epochs															maze	353.0
5644.42725	4.249249999999847	epochs															maze_stem	353.0
5644.44825	11.01024999999936	trials	False	False	False	False	True	True	[0.04698822 0.95301181 0.09673858 0.90326142]	-0.049750376492738724	0.856273215264082	0.02487519383430481	0.4281366169452667	0.9530118107795715	[33002 33001 33001 33001 33001]	[33036 33035 33035 33035 33035]		
5648.698	1.5474999999996726	epochs															maze_arm	353.0
5650.26825	5.171499999999469	epochs															feedback_and_iti	353.0
5650.26825	0.9947499999998399	epochs															feedback_delay	353.0
5651.286	1.9647500000000946	epochs															feedback	353.0
5653.4405	1.9992499999998472	epochs															iti	353.0
5655.4585	6.138249999999971	epochs															maze	354.0
5655.4585	4.816499999999905	epochs															maze_stem	354.0
5655.47725	13.18475000000035	trials	False	False	False	True	True	False	[0.03211052 0.96788949 0.16388413 0.83611584]	-0.13177363388240337	0.8040053378790617	-0.06588682532310486	0.4020026624202728	0.836115837097168	[33068 33067 33067 33067 33067]	[33104 33103 33103 33103 33103]		
5660.2935	1.3032499999999345	epochs															maze_arm	354.0
5661.61275	7.030499999999847	epochs															feedback_and_iti	354.0
5661.61275	0.9875000000001819	epochs															feedback_delay	354.0
5662.61875	1.9932500000004438	epochs															feedback	354.0
5664.646	3.9972500000003492	epochs															iti	354.0
5668.662	6.1802499999994325	epochs															maze	355.0
5668.662	4.117000000000189	epochs															maze_stem	355.0
5668.679	13.220500000000357	trials	False	False	False	True	True	False	[0.06023719 0.93976283 0.16075343 0.83924663]	-0.10051621869206429	0.7790094204246998	-0.050258100032806396	0.38950473070144653	0.8392466306686401	[33147 33147 33146 33146 33146]	[33183 33183 33183 33182 33182]		
5672.7975	2.044750000000022	epochs															maze_arm	355.0
5674.859	7.018000000000029	epochs															feedback_and_iti	355.0
5674.859	0.9994999999998981	epochs															feedback_delay	355.0
5675.8745	1.9682499999998981	epochs															feedback	355.0
5677.87625	4.000750000000153	epochs															iti	355.0
5681.8995	5.903999999999542	epochs															maze	356.0
5681.8995	4.4117499999993015	epochs															maze_stem	356.0
5681.92225	11.093000000000757	trials	False	False	False	False	True	True	[0.06309833 0.93690163 0.15158628 0.84841377]	-0.088487908244133	0.7853153944015503	0.04424393177032471	0.39265769720077515	0.9369016289710999	[33226 33226 33226 33226 33225]	[33261 33260 33260 33260 33260]		
5686.3305	1.4729999999999563	epochs															maze_arm	356.0
5687.827	5.167499999999563	epochs															feedback_and_iti	356.0
5687.827	0.9884999999994761	epochs															feedback_delay	356.0
5688.838	1.9720000000006621	epochs															feedback	356.0
5691.0085	1.9859999999998763	epochs															iti	356.0
5693.01525	6.081249999999272	epochs															maze	357.0
5693.01525	4.582499999999527	epochs															maze_stem	357.0
5693.03575	11.280499999999847	trials	False	False	False	False	True	True	[0.03686292 0.96313709 0.1005353  0.89946467]	-0.06367240287363529	0.8626017663627863	0.03183621168136597	0.4313008785247803	0.9631370902061462	[33293 33293 33292 33292 33292]	[33328 33328 33328 33328 33328]		
5697.61775	1.4787499999993088	epochs															maze_arm	357.0
5699.11775	5.177249999999731	epochs															feedback_and_iti	357.0
5699.11775	0.9847499999996217	epochs															feedback_delay	357.0
5700.12575	1.9844999999995707	epochs															feedback	357.0
5702.29975	1.9952499999999418	epochs															iti	357.0
5704.31625	6.519750000000386	epochs															maze	358.0
5704.31625	4.287000000000262	epochs															maze_stem	358.0
5704.3375	11.714750000000095	trials	False	False	False	False	True	True	[0.03152077 0.96847928 0.13422723 0.86577272]	-0.10270650498569012	0.8342519979923964	0.051353275775909424	0.41712599992752075	0.9684792757034302	[33361 33360 33360 33360 33360]	[33399 33399 33398 33398 33398]		
5708.6215	2.2145000000000437	epochs															maze_arm	358.0
5710.859	5.172249999999622	epochs															feedback_and_iti	358.0
5710.859	0.9874999999992724	epochs															feedback_delay	358.0
5711.8705	1.9799999999995634	epochs															feedback	358.0
5714.04175	1.9894999999996799	epochs															iti	358.0
5716.05225	5.5570000000006985	epochs															maze	359.0
5716.05225	4.453500000000531	epochs															maze_stem	359.0
5716.073	12.591499999999542	trials	False	False	False	False	False	False	[0.02906122 0.97093874 0.14008985 0.85991013]	-0.11102862190455198	0.8308488978073001	-0.05551431607455015	-0.4154244614765048	0.029061222448945045	[33431 33431 33431 33430 33430]	[33463 33463 33463 33463 33463]		
5720.52475	1.084500000000844	epochs															maze_arm	359.0
5721.63	7.014250000000175	epochs															feedback_and_iti	359.0
5721.63	0.9939999999996871	epochs															feedback_delay	359.0
5722.6465	1.9697500000002037	epochs															feedback	359.0
5724.657	3.987250000000131	epochs															iti	359.0
5728.6645	5.515000000000327	epochs															maze	360.0
5728.6645	4.226999999999862	epochs															maze_stem	360.0
5728.68175	12.564250000000357	trials	False	False	False	True	True	False	[0.25760204 0.74239796 0.24193534 0.75806469]	0.01566670835018158	0.5004626363515854	0.007833361625671387	0.2502313256263733	0.7580646872520447	[33507 33506 33506 33506 33506]	[33539 33539 33538 33538 33538]		
5732.91	1.2695000000003347	epochs															maze_arm	360.0
5734.19675	7.021499999999833	epochs															feedback_and_iti	360.0
5734.19675	0.9847499999996217	epochs															feedback_delay	360.0
5735.19925	1.9915000000000873	epochs															feedback	360.0
5737.22675	3.9915000000000873	epochs															iti	360.0
5741.246	7.067250000000058	epochs															maze	361.0
5741.246	5.751999999999498	epochs															maze_stem	361.0
5741.2645	14.112250000000131	trials	False	False	False	True	True	False	[0.1126774  0.88732266 0.18759957 0.81240046]	-0.07492218539118767	0.6997230760753155	-0.03746110200881958	0.3498615622520447	0.8124004602432251	[33582 33582 33582 33581 33581]	[33623 33623 33623 33623 33623]		
5747.0165	1.2967500000004293	epochs															maze_arm	361.0
5748.33175	7.026749999999993	epochs															feedback_and_iti	361.0
5748.33175	0.9957500000000437	epochs															feedback_delay	361.0
5749.3455	1.98174999999992	epochs															feedback	361.0
5751.363	3.9954999999999927	epochs															iti	361.0
5755.37675	6.121749999999338	epochs															maze	362.0
5755.37675	4.841249999999491	epochs															maze_stem	362.0
5755.397	13.151499999999942	trials	False	False	False	True	True	False	[0.1102165  0.88978344 0.18831754 0.81168252]	-0.07810097932815552	0.7014659643173218	-0.03905045986175537	0.3507329821586609	0.8116825222969055	[33667 33667 33666 33666 33666]	[33703 33702 33702 33702 33702]		
5760.238	1.2604999999994106	epochs															maze_arm	362.0
5761.5155	7.01299999999992	epochs															feedback_and_iti	362.0
5761.5155	0.9882499999994252	epochs															feedback_delay	362.0
5762.52025	1.9887500000004366	epochs															feedback	362.0
5764.54775	3.9807500000006257	epochs															iti	362.0
5768.5485	6.342749999999796	epochs															maze	363.0
5768.5485	4.361249999999927	epochs															maze_stem	363.0
5768.5675	13.387749999999869	trials	False	False	False	True	True	False	[0.10957781 0.89042222 0.18180512 0.81819481]	-0.0722273625433445	0.7086170502007008	-0.03611370921134949	0.35430851578712463	0.8181948065757751	[33746 33746 33745 33745 33745]	[33783 33783 33782 33782 33782]		
5772.92775	1.96349999999984	epochs															maze_arm	363.0
5774.90775	7.020499999999629	epochs															feedback_and_iti	363.0
5774.90775	0.9767499999998108	epochs															feedback_delay	363.0
5775.91075	1.9827500000001237	epochs															feedback	363.0
5777.93175	3.9965000000001965	epochs															iti	363.0
5781.95525	23.108750000000327	epochs															maze	364.0
5781.95525	20.86700000000019	epochs															maze_stem	364.0
5781.984	28.292999999999665	trials	False	False	False	False	True	True	[0.11101107 0.88898891 0.17825899 0.82174098]	-0.0672479197382927	0.7107299193739891	0.033623963594436646	0.35536494851112366	0.8889889121055603	[33826 33826 33826 33826 33825]	[33964 33964 33963 33963 33963]		
5802.84475	2.219250000000102	epochs															maze_arm	364.0
5805.08625	5.1727499999997235	epochs															feedback_and_iti	364.0
5805.08625	0.9989999999997963	epochs															feedback_delay	364.0
5806.10775	1.975749999999607	epochs															feedback	364.0
5808.27825	1.9807499999997162	epochs															iti	364.0
5810.277	10.850249999999505	epochs															maze	365.0
5810.277	9.682999999999993	epochs															maze_stem	365.0
5810.2965	17.885999999999513	trials	False	False	False	True	True	False	[0.06099823 0.9390018  0.10305034 0.89694971]	-0.04205210134387016	0.8359514661133289	-0.021026045083999634	0.4179757535457611	0.8969497084617615	[33996 33996 33996 33995 33995]	[34060 34060 34060 34059 34059]		
5819.97725	1.1499999999996362	epochs															maze_arm	365.0
5821.1435	7.01549999999952	epochs															feedback_and_iti	365.0
5821.1435	0.9894999999996799	epochs															feedback_delay	365.0
5822.14975	1.9815000000007785	epochs															feedback	365.0
5824.167	3.9919999999992797	epochs															iti	365.0
5828.1825	8.96075000000019	epochs															maze	366.0
5828.1825	7.024000000000342	epochs															maze_stem	366.0
5828.205	14.13799999999992	trials	True	False	False	False	True	True	[0.10646328 0.89353675 0.17678434 0.82321566]	-0.07032107189297676	0.7167523987591267	0.03516054153442383	0.3583762049674988	0.8935367465019226	[34103 34103 34103 34103 34102]	[34156 34156 34156 34155 34155]		
5835.22425	1.918999999999869	epochs															maze_arm	366.0
5837.16525	5.158499999999549	epochs															feedback_and_iti	366.0
5837.16525	0.981499999999869	epochs															feedback_delay	366.0
5838.16925	1.9887500000004366	epochs															feedback	366.0
5840.34325	1.9804999999996653	epochs															iti	366.0
5842.343	11.230000000000473	epochs															maze	367.0
5842.343	8.569999999999709	epochs															maze_stem	367.0
5842.3615	18.264750000000276	trials	False	False	False	True	True	False	[0.07273657 0.92726338 0.08671208 0.91328794]	-0.013975478708744049	0.8405513316392899	-0.006987720727920532	0.42027565836906433	0.9132879376411438	[34188 34188 34188 34188 34187]	[34255 34254 34254 34254 34254]		
5850.93025	2.642749999999978	epochs															maze_arm	367.0
5853.59125	7.012749999999869	epochs															feedback_and_iti	367.0
5853.59125	0.9822500000000218	epochs															feedback_delay	367.0
5854.5915	1.983499999999367	epochs															feedback	367.0
5856.611	3.993000000000393	epochs															iti	367.0
5860.62625	9.331499999999323	epochs															maze	368.0
5860.62625	6.698249999999462	epochs															maze_stem	368.0
5860.646	16.357750000000124	trials	False	False	False	True	True	False	[0.09907168 0.90092826 0.17473717 0.82526284]	-0.07566545158624649	0.7261911258101463	-0.03783270716667175	0.36309555172920227	0.8252628445625305	[34298 34298 34297 34297 34297]	[34353 34353 34352 34352 34352]		
5867.34325	2.61449999999968	epochs															maze_arm	368.0
5869.97375	7.00774999999976	epochs															feedback_and_iti	368.0
5869.97375	0.9857499999998254	epochs															feedback_delay	368.0
5870.9765	1.9825000000000728	epochs															feedback	368.0
5872.99675	3.9847499999996217	epochs															iti	368.0
5877.00375	5.4909999999999854	epochs															maze	369.0
5877.00375	4.1895000000004075	epochs															maze_stem	369.0
5877.02675	10.680000000000291	trials	False	False	False	False	True	True	[0.09595137 0.90404856 0.1647003  0.83529973]	-0.06874888017773628	0.7393483109772205	0.0343744158744812	0.3696741461753845	0.9040485620498657	[34396 34396 34396 34395 34395]	[34428 34428 34428 34427 34427]		
5881.214	1.2807499999998981	epochs															maze_arm	369.0
5882.51725	5.16924999999992	epochs															feedback_and_iti	369.0
5882.51725	0.9854999999997744	epochs															feedback_delay	369.0
5883.52625	1.9727499999999054	epochs															feedback	369.0
5885.6895	1.9969999999993888	epochs															iti	369.0
5887.70675	10.350749999999607	epochs															maze	370.0
5887.70675	7.332499999999527	epochs															maze_stem	370.0
5887.72475	17.39300000000003	trials	False	False	False	True	True	False	[0.05854899 0.94145101 0.09517813 0.90482187]	-0.03662913665175438	0.8462728820741177	-0.01831457018852234	0.423136442899704	0.9048218727111816	[34460 34460 34460 34460 34459]	[34521 34521 34521 34521 34520]		
5895.05775	2.999749999999949	epochs															maze_arm	370.0
5898.07325	7.022500000000036	epochs															feedback_and_iti	370.0
5898.07325	0.9842499999995198	epochs															feedback_delay	370.0
5899.07375	1.9857500000007349	epochs															feedback	370.0
5901.09475	4.001000000000204	epochs															iti	370.0
5905.11775	6.8622499999992215	epochs															maze	371.0
5905.11775	4.83324999999968	epochs															maze_stem	371.0
5905.138	12.038250000000517	trials	True	False	False	True	False	True	[0.09716212 0.90283787 0.17034997 0.82965004]	-0.07318783923983574	0.7324879132211208	0.03659392520785332	-0.36624395474791527	0.17034997045993805	[34565 34564 34564 34564 34564]	[34605 34605 34604 34604 34604]		
5909.9715	2.0084999999999127	epochs															maze_arm	371.0
5912.00175	5.15625	epochs															feedback_and_iti	371.0
5912.00175	0.9794999999994616	epochs															feedback_delay	371.0
5913.003	1.9790000000002692	epochs															feedback	371.0
5915.175	1.9830000000001746	epochs															iti	371.0
5917.17625	7.313499999999294	epochs															maze	372.0
5917.17625	5.377749999999651	epochs															maze_stem	372.0
5917.196	14.34625000000051	trials	False	False	False	True	True	False	[0.12650926 0.87349075 0.18163231 0.81836772]	-0.055123038589954376	0.6918584480881691	-0.02756151556968689	0.34592923521995544	0.8183677196502686	[34637 34637 34636 34636 34636]	[34680 34680 34679 34679 34679]		
5922.57375	1.9160000000001673	epochs															maze_arm	372.0
5924.5065	7.0167499999997744	epochs															feedback_and_iti	372.0
5924.5065	0.9837499999994179	epochs															feedback_delay	372.0
5925.50775	1.985250000000633	epochs															feedback	372.0
5927.528	3.995249999999942	epochs															iti	372.0
5931.54225	10.215749999999389	epochs															maze	373.0
5931.54225	6.456999999999425	epochs															maze_stem	373.0
5931.56125	17.256000000000313	trials	False	False	False	True	True	False	[0.15150346 0.8484965  0.28369895 0.71630108]	-0.13219545036554337	0.5647975876927376	-0.06609770655632019	0.2823987901210785	0.7163010835647583	[34723 34723 34723 34722 34722]	[34783 34783 34783 34783 34782]		
5938.018	3.7399999999997817	epochs															maze_arm	373.0
5941.77325	7.0219999999999345	epochs															feedback_and_iti	373.0
5941.77325	0.9857499999998254	epochs															feedback_delay	373.0
5942.77425	1.9869999999991705	epochs															feedback	373.0
5944.79775	3.9975000000004	epochs															iti	373.0
5948.81725	6.062249999999949	epochs															maze	374.0
5948.81725	4.0955000000003565	epochs															maze_stem	374.0
5948.83775	11.239250000000538	trials	True	False	False	False	True	True	[0.14334139 0.85665858 0.23756026 0.76243979]	-0.09421882778406143	0.6190983578562737	0.047109395265579224	0.3095491826534271	0.8566585779190063	[34827 34826 34826 34826 34826]	[34862 34862 34862 34861 34861]		
5952.93075	1.9487499999995634	epochs															maze_arm	374.0
5954.90225	5.156750000000102	epochs															feedback_and_iti	374.0
5954.90225	0.9970000000002983	epochs															feedback_delay	374.0
5955.92	1.963249999999789	epochs															feedback	374.0
5958.07475	1.9842500000004293	epochs															iti	374.0
5960.077	9.966499999999542	epochs															maze	375.0
5960.077	7.904999999999745	epochs															maze_stem	375.0
5960.09675	16.999000000000706	trials	False	False	False	True	True	False	[0.0922589  0.90774113 0.11961991 0.88038003]	-0.027361050248146057	0.7881211787462234	-0.01368054747581482	0.39406058192253113	0.8803800344467163	[34894 34894 34894 34893 34893]	[34953 34953 34952 34952 34952]		
5968.00075	2.0427499999996144	epochs															maze_arm	375.0
5970.05975	7.014249999999265	epochs															feedback_and_iti	375.0
5970.05975	0.9969999999993888	epochs															feedback_delay	375.0
5971.0725	1.9777500000000146	epochs															feedback	375.0
5973.0915	3.9824999999991633	epochs															iti	375.0
5977.09575	5.845249999999396	epochs															maze	376.0
5977.09575	4.35399999999936	epochs															maze_stem	376.0
5977.11675	11.029999999999745	trials	False	False	False	False	True	True	[0.1286684  0.87133157 0.22168572 0.77831435]	-0.09301727265119553	0.6496459022164345	0.046508610248565674	0.32482296228408813	0.8713315725326538	[34996 34996 34996 34995 34995]	[35030 35030 35030 35030 35029]		
5981.47025	1.470749999999498	epochs															maze_arm	376.0
5982.96525	5.160249999999905	epochs															feedback_and_iti	376.0
5982.96525	0.9929999999994834	epochs															feedback_delay	376.0
5983.97875	1.96875	epochs															feedback	376.0
5986.13875	1.986750000000029	epochs															iti	376.0
5988.14675	5.832000000000335	epochs															maze	377.0
5988.14675	4.123999999999796	epochs															maze_stem	377.0
5988.16825	11.034250000000611	trials	False	False	False	False	True	True	[0.06965221 0.93034774 0.12079278 0.87920725]	-0.05114052817225456	0.809554997831583	0.02557024359703064	0.40477749705314636	0.930347740650177	[35062 35062 35062 35062 35062]	[35096 35096 35096 35096 35096]		
5992.29675	1.681999999999789	epochs															maze_arm	377.0
5994.00325	5.177000000000589	epochs															feedback_and_iti	377.0
5994.00325	0.9864999999999782	epochs															feedback_delay	377.0
5995.01325	1.987250000000131	epochs															feedback	377.0
5997.1855	1.9947500000007494	epochs															iti	377.0
5999.2025	12.270249999999578	epochs															maze	378.0
5999.2025	7.82549999999992	epochs															maze_stem	378.0
5999.221	19.32075000000077	trials	False	False	False	True	True	False	[0.0575869  0.94241303 0.12666751 0.87333244]	-0.06908060424029827	0.8157455306500196	-0.03454029560089111	0.40787273645401	0.8733324408531189	[35129 35128 35128 35128 35128]	[35201 35201 35201 35201 35200]		
6007.04725	4.425500000000284	epochs															maze_arm	378.0
6011.49025	7.02599999999984	epochs															feedback_and_iti	378.0
6011.49025	0.9994999999998981	epochs															feedback_delay	378.0
6012.50875	1.981249999999818	epochs															feedback	378.0
6014.5255	3.9907499999999345	epochs															iti	378.0
6018.54175	9.703749999999673	epochs															maze	379.0
6018.54175	6.26549999999952	epochs															maze_stem	379.0
6018.5635	16.735999999999876	trials	False	False	False	True	True	False	[0.08408588 0.91591406 0.18029264 0.81970733]	-0.09620673954486847	0.7356214374303818	-0.04810336232185364	0.3678106963634491	0.8197073340415955	[35245 35244 35244 35244 35244]	[35302 35302 35301 35301 35301]		
6024.82425	3.4212500000003274	epochs															maze_arm	379.0
6028.2625	7.013500000000022	epochs															feedback_and_iti	379.0
6028.2625	0.9854999999997744	epochs															feedback_delay	379.0
6029.26525	1.9804999999996653	epochs															feedback	379.0
6031.28225	3.993749999999636	epochs															iti	379.0
6035.2995	5.437750000000051	epochs															maze	380.0
6035.2995	4.025499999999738	epochs															maze_stem	380.0
6035.32225	10.65099999999984	trials	False	False	False	False	True	True	[0.0829047  0.91709524 0.16386849 0.83613151]	-0.08096376061439514	0.7532267868518829	0.04048186540603638	0.3766133785247803	0.9170952439308167	[35345 35345 35345 35344 35344]	[35377 35377 35376 35376 35376]		
6039.34725	1.3900000000003274	epochs															maze_arm	380.0
6040.75925	5.190499999999702	epochs															feedback_and_iti	380.0
6040.75925	0.9922500000002401	epochs															feedback_delay	380.0
6041.776	1.9717500000006112	epochs															feedback	380.0
6043.94825	2.001499999999396	epochs															iti	380.0
6045.97325	5.543249999999716	epochs															maze	381.0
6045.97325	4.153999999999542	epochs															maze_stem	381.0
6045.9945	10.741750000000138	trials	False	False	False	False	True	True	[0.05842946 0.94157052 0.08960745 0.91039252]	-0.03117799386382103	0.8519630618393421	0.015588998794555664	0.4259815216064453	0.941570520401001	[35409 35409 35409 35408 35408]	[35441 35441 35441 35441 35441]		
6050.14725	1.369249999999738	epochs															maze_arm	381.0
6051.54025	5.173249999999825	epochs															feedback_and_iti	381.0
6051.54025	0.9877500000002328	epochs															feedback_delay	381.0
6052.55	1.9827500000001237	epochs															feedback	381.0
6054.7135	2.0	epochs															iti	381.0
6056.73625	10.183500000000095	epochs															maze	382.0
6056.73625	8.973500000000058	epochs															maze_stem	382.0
6056.757	17.222999999999956	trials	False	False	False	True	True	False	[0.05011649 0.94988346 0.1021867  0.89781326]	-0.05207020603120327	0.8476967643946409	-0.02603510022163391	0.42384836077690125	0.8978132605552673	[35474 35473 35473 35473 35473]	[35534 35533 35533 35533 35533]		
6065.7275	1.1922500000000582	epochs															maze_arm	382.0
6066.93525	7.024249999999483	epochs															feedback_and_iti	382.0
6066.93525	0.9864999999999782	epochs															feedback_delay	382.0
6067.9405	1.9827500000001237	epochs															feedback	382.0
6069.96	3.999499999999898	epochs															iti	382.0
6073.98	7.597500000000764	epochs															maze	383.0
6073.98	6.487750000000233	epochs															maze_stem	383.0
6074.0	12.779499999999643	trials	True	False	False	False	True	True	[0.07101221 0.92898774 0.15673544 0.84326458]	-0.08572319149971008	0.7722523361444473	0.04286158084869385	0.38612616062164307	0.9289877414703369	[35577 35577 35577 35576 35576]	[35622 35621 35621 35621 35621]		
6080.48725	1.0902500000001965	epochs															maze_arm	383.0
6081.59875	5.162999999999556	epochs															feedback_and_iti	383.0
6081.59875	0.9884999999994761	epochs															feedback_delay	383.0
6082.608	1.9802499999996144	epochs															feedback	383.0
6084.772	1.9897499999997308	epochs															iti	383.0
6086.7795	8.585500000000138	epochs															maze	384.0
6086.7795	7.471250000000509	epochs															maze_stem	384.0
6086.7985	15.629500000000007	trials	False	False	False	True	True	False	[0.06454735 0.93545264 0.07704097 0.92295909]	-0.012493584305047989	0.8584117032587528	-0.006246775388717651	0.42920586466789246	0.9229590892791748	[35654 35654 35653 35653 35653]	[35704 35704 35704 35704 35703]		
6094.26925	1.095749999999498	epochs															maze_arm	384.0
6095.3795	7.0294999999996435	epochs															feedback_and_iti	384.0
6095.3795	0.9859999999998763	epochs															feedback_delay	384.0
6096.382	1.9954999999999927	epochs															feedback	384.0
6098.41475	3.994249999999738	epochs															iti	384.0
6102.428	10.184250000000247	epochs															maze	385.0
6102.428	6.590500000000247	epochs															maze_stem	385.0
6102.4485	15.367749999999432	trials	True	False	False	True	False	True	[0.07093765 0.92906237 0.16017145 0.83982855]	-0.08923380821943283	0.7688909098505974	0.04461690038442612	-0.3844454512000084	0.16017144918441772	[35748 35747 35747 35747 35747]	[35808 35807 35807 35807 35807]		
6109.038	3.574250000000575	epochs															maze_arm	385.0
6112.63225	5.160750000000007	epochs															feedback_and_iti	385.0
6112.63225	0.9855000000006839	epochs															feedback_delay	385.0
6113.64075	1.9770000000007713	epochs															feedback	385.0
6115.81025	1.9827499999992142	epochs															iti	385.0
6117.81625	5.059750000000349	epochs															maze	386.0
6117.81625	3.537000000000262	epochs															maze_stem	386.0
6117.83575	10.26049999999941	trials	True	False	False	False	True	True	[0.09135077 0.90864927 0.17403843 0.82596159]	-0.08268766477704048	0.7346108295023441	0.04134383797645569	0.3673054277896881	0.9086492657661438	[35840 35840 35839 35839 35839]	[35869 35869 35869 35869 35868]		
6121.37575	1.500250000000051	epochs															maze_arm	386.0
6122.8965	5.1765000000004875	epochs															feedback_and_iti	386.0
6122.8965	0.9782500000001164	epochs															feedback_delay	386.0
6123.8985	1.9852499999997235	epochs															feedback	386.0
6126.071	2.0020000000004075	epochs															iti	386.0
6128.09625	5.936750000000757	epochs															maze	387.0
6128.09625	4.424250000000029	epochs															maze_stem	387.0
6128.117	11.131499999999505	trials	False	False	False	False	True	True	[0.08534981 0.9146502  0.12623884 0.87376118]	-0.04088902845978737	0.7884113676846027	0.020444512367248535	0.3942056894302368	0.9146502017974854	[35901 35901 35901 35901 35901]	[35936 35936 35936 35935 35935]		
6132.5415	1.4915000000000873	epochs															maze_arm	387.0
6134.055	5.1727499999997235	epochs															feedback_and_iti	387.0
6134.055	0.996499999999287	epochs															feedback_delay	387.0
6135.076	1.9727499999999054	epochs															feedback	387.0
6137.2435	1.9842500000004293	epochs															iti	387.0
6139.2485	5.9392500000003565	epochs															maze	388.0
6139.2485	3.9262500000004366	epochs															maze_stem	388.0
6139.26925	11.113749999999527	trials	False	False	False	False	True	True	[0.06237492 0.93762505 0.14590135 0.85409868]	-0.08352640271186829	0.7917237281799316	0.04176318645477295	0.3958618640899658	0.9376250505447388	[35968 35968 35968 35968 35967]	[36003 36003 36003 36002 36002]		
6143.1955	1.99225000000024	epochs															maze_arm	388.0
6145.21175	5.151749999999993	epochs															feedback_and_iti	388.0
6145.21175	0.9907499999999345	epochs															feedback_delay	388.0
6146.22675	1.967250000000604	epochs															feedback	388.0
6148.37525	1.9882500000003347	epochs															iti	388.0
6150.383	6.637749999999869	epochs															maze	389.0
6150.383	4.305500000000393	epochs															maze_stem	389.0
6150.41175	13.66924999999992	trials	False	False	False	True	True	False	[0.05374992 0.94625008 0.13598657 0.86401343]	-0.08223664946854115	0.8102635163813829	-0.041118323802948	0.4051317572593689	0.8640134334564209	[36035 36035 36035 36034 36034]	[36074 36074 36073 36073 36073]		
6154.70775	2.313000000000102	epochs															maze_arm	389.0
6157.03725	7.021249999999782	epochs															feedback_and_iti	389.0
6157.03725	0.9854999999997744	epochs															feedback_delay	389.0
6158.03975	1.9862499999999272	epochs															feedback	389.0
6160.06225	3.9962500000001455	epochs															iti	389.0
6164.081	5.18474999999944	epochs															maze	390.0
6164.081	3.945499999999811	epochs															maze_stem	390.0
6164.1035	8.272750000000087	trials	False	False	False	False	True	True	[0.06937027 0.93062973 0.19496503 0.80503494]	-0.12559477984905243	0.7356646806001663	0.06279739737510681	0.36783233284950256	0.9306297302246094	[36117 36117 36117 36117 36116]	[36147 36147 36147 36147 36147]		
6168.04775	1.2179999999998472	epochs															maze_arm	390.0
6169.288	3.0882500000006985	epochs															feedback_and_iti	390.0
6169.288	0.9952500000008513	epochs															feedback_delay	390.0
6170.30975	1.9699999999993452	epochs															feedback	390.0
