onset	duration	nwb_table	is_vis	is_ruleA	is_switch	is_cueB	is_choL	is_correct	association_mat	rule_belief	signed_bias	rule_following	bias_following	prob_actual_cho	trial_onset_plane_frame_idx	trial_offset_plane_frame_idx	epoch_type	trial_id
49.36275	7.677750000000003	epochs															maze	0.0
49.36275	5.868749999999999	epochs															maze_stem	0.0
49.38725	12.931750000000001	trials	False	True	False	True	True	True	[0.6825554966926575, 0.31744450330734253, 0.6942835450172424, 0.30571645498275757]	-0.011728048324584961	-0.3768390417098999	-0.0058640241622924805	-0.18841952085494995	0.30571645498275757	[237, 237, 237, 236, 236]	[282, 282, 282, 282, 281]		
55.256	1.7845000000000013	epochs															maze_arm	0.0
57.05875	5.238999999999997	epochs															feedback_and_iti	0.0
57.05875	0.9932499999999962	epochs															feedback_delay	0.0
58.0695	1.9870000000000019	epochs															feedback	0.0
60.331	1.9667499999999976	epochs															iti	0.0
62.319	7.381249999999994	epochs															maze	1.0
62.319	5.619749999999996	epochs															maze_stem	1.0
62.337	14.435749999999999	trials	False	True	False	False	True	False	[0.6537850499153137, 0.3462149500846863, 0.39735648036003113, 0.6026435494422913]	0.2564285844564438	-0.051141515374183655	-0.1282142996788025	-0.02557075023651123	0.3462149500846863	[315, 315, 314, 314, 314]	[358, 358, 358, 357, 357]		
67.9585	1.7417499999999961	epochs															maze_arm	1.0
69.71775	7.030000000000001	epochs															feedback_and_iti	1.0
69.71775	0.9840000000000089	epochs															feedback_delay	1.0
70.7195	1.998500000000007	epochs															feedback	1.0
72.75275	3.9949999999999903	epochs															iti	1.0
76.77275	7.368499999999997	epochs															maze	2.0
76.77275	5.6102499999999935	epochs															maze_stem	2.0
76.7975	14.420500000000004	trials	False	True	False	True	False	False	[0.4518979489803314, 0.5481020212173462, 0.49512332677841187, 0.5048766732215881]	-0.04322536289691925	0.05297870934009552	0.021612688899040222	-0.026489362120628357	0.49512332677841187	[401, 401, 401, 401, 401]	[445, 444, 444, 444, 444]		
82.40225	1.7390000000000043	epochs															maze_arm	2.0
84.16425	7.023250000000004	epochs															feedback_and_iti	2.0
84.16425	0.9885000000000019	epochs															feedback_delay	2.0
85.17225	1.9762499999999932	epochs															feedback	2.0
87.20275	3.9847500000000053	epochs															iti	2.0
91.218	8.170000000000002	epochs															maze	3.0
91.218	5.66449999999999	epochs															maze_stem	3.0
91.243	13.396750000000011	trials	True	True	False	False	False	True	[0.573580265045166, 0.426419734954834, 0.5449570417404175, 0.45504292845726013]	0.02862320840358734	-0.11853732168674469	0.014311611652374268	0.05926865339279175	0.573580265045166	[488, 488, 488, 487, 487]	[536, 536, 536, 536, 535]		
96.903	2.4849999999999994	epochs															maze_arm	3.0
99.408	5.212500000000006	epochs															feedback_and_iti	3.0
99.408	0.9899999999999949	epochs															feedback_delay	3.0
100.4185	1.9710000000000036	epochs															feedback	3.0
102.62425	1.9962500000000034	epochs															iti	3.0
104.63975	9.5505	epochs															maze	4.0
104.63975	7.272499999999994	epochs															maze_stem	4.0
104.6665	14.778000000000006	trials	True	True	False	True	True	True	[0.6842185258865356, 0.31578150391578674, 0.5940478444099426, 0.4059520959854126]	0.09017063677310944	-0.27826638519763947	0.04508529603481293	-0.13913320004940033	0.4059520959854126	[569, 568, 568, 568, 568]	[625, 625, 624, 624, 624]		
111.9325	2.2577500000000015	epochs															maze_arm	4.0
114.20825	5.209999999999994	epochs															feedback_and_iti	4.0
114.20825	0.9814999999999969	epochs															feedback_delay	4.0
115.21475	1.9879999999999995	epochs															feedback	4.0
117.42125	1.9969999999999999	epochs															iti	4.0
119.4445	9.499499999999983	epochs															maze	5.0
119.4445	7.3374999999999915	epochs															maze_stem	5.0
119.465	16.57050000000001	trials	False	True	False	True	False	False	[0.6043439507484436, 0.395656019449234, 0.3001965284347534, 0.6998034119606018]	0.304147407412529	0.0954594761133194	-0.1520737111568451	-0.04772976040840149	0.3001965284347534	[657, 657, 657, 657, 657]	[713, 713, 713, 713, 713]		
126.8015	2.142499999999984	epochs															maze_arm	5.0
128.961	7.044749999999993	epochs															feedback_and_iti	5.0
128.961	0.9922499999999843	epochs															feedback_delay	5.0
129.976	1.98275000000001	epochs															feedback	5.0
131.9945	4.011250000000018	epochs															iti	5.0
136.0355	11.251999999999981	epochs															maze	6.0
136.0355	8.877999999999986	epochs															maze_stem	6.0
136.0575	16.501749999999987	trials	False	True	False	False	False	True	[0.6835009455680847, 0.3164990544319153, 0.5294257402420044, 0.4705742597579956]	0.15407520532608032	-0.2129266858100891	0.07703760266304016	0.10646334290504456	0.6835009455680847	[757, 757, 756, 756, 756]	[823, 823, 823, 823, 823]		
144.93725	2.3502499999999884	epochs															maze_arm	6.0
147.30875	5.227000000000004	epochs															feedback_and_iti	6.0
147.30875	0.9792500000000075	epochs															feedback_delay	6.0
148.307	1.9942500000000223	epochs															feedback	6.0
150.535	2.0007500000000107	epochs															iti	6.0
152.55925	10.51925	epochs															maze	7.0
152.55925	8.21275	epochs															maze_stem	7.0
152.57975	15.759500000000003	trials	True	True	False	True	True	True	[0.835547685623169, 0.16445231437683105, 0.6036122441291809, 0.39638781547546387]	0.23193547129631042	-0.43915989995002747	0.1159677505493164	-0.21957993507385254	0.39638781547546387	[856, 856, 856, 855, 855]	[918, 918, 918, 917, 917]		
160.79625	2.2822500000000048	epochs															maze_arm	7.0
163.0955	5.216500000000025	epochs															feedback_and_iti	7.0
163.0955	0.9879999999999995	epochs															feedback_delay	7.0
164.10125	1.9879999999999995	epochs															feedback	7.0
166.3205	1.991500000000002	epochs															iti	7.0
168.33925	9.189750000000004	epochs															maze	8.0
168.33925	6.9807500000000005	epochs															maze_stem	8.0
168.361	16.24350000000001	trials	True	True	False	True	False	False	[0.7294328212738037, 0.2705671489238739, 0.2675449550151825, 0.7324550747871399]	0.4618878960609436	0.003022223711013794	-0.2309439331293106	-0.001511111855506897	0.2675449550151825	[951, 950, 950, 950, 950]	[1005, 1005, 1004, 1004, 1004]		
175.33875	2.190249999999992	epochs															maze_arm	8.0
177.54925	7.026499999999999	epochs															feedback_and_iti	8.0
177.54925	0.9879999999999995	epochs															feedback_delay	8.0
178.55625	1.9904999999999973	epochs															feedback	8.0
180.581	3.9947500000000105	epochs															iti	8.0
184.6045	8.034750000000003	epochs															maze	9.0
184.6045	5.740499999999997	epochs															maze_stem	9.0
184.63025	13.36175	trials	False	True	False	True	True	True	[0.7638317346572876, 0.2361682504415512, 0.5631927251815796, 0.436807245016098]	0.2006390020251274	-0.327024482190609	0.10031949728727341	-0.16351225227117538	0.436807245016098	[1048, 1048, 1048, 1048, 1047]	[1095, 1095, 1095, 1095, 1095]		
190.37025	2.2690000000000055	epochs															maze_arm	9.0
192.657	5.306999999999988	epochs															feedback_and_iti	9.0
192.657	0.9867500000000007	epochs															feedback_delay	9.0
193.66175	1.9822499999999934	epochs															feedback	9.0
195.9705	1.9935000000000116	epochs															iti	9.0
197.992	8.966250000000002	epochs															maze	10.0
197.992	6.89700000000002	epochs															maze_stem	10.0
198.01975	14.183750000000003	trials	True	True	False	True	True	True	[0.703258752822876, 0.2967412769794464, 0.24383753538131714, 0.7561624646186829]	0.45942120254039764	0.05290372669696808	0.22971059381961823	0.026451870799064636	0.7561624646186829	[1128, 1128, 1128, 1128, 1128]	[1181, 1181, 1181, 1181, 1180]		
204.90975	2.04849999999999	epochs															maze_arm	10.0
206.97975	5.202500000000015	epochs															feedback_and_iti	10.0
206.97975	0.9917499999999961	epochs															feedback_delay	10.0
207.98875	1.9757499999999766	epochs															feedback	10.0
210.204	1.9782500000000027	epochs															iti	10.0
212.2035	8.550750000000022	epochs															maze	11.0
212.2035	6.756	epochs															maze_stem	11.0
212.2255	13.760249999999985	trials	False	True	False	True	True	True	[0.6830326914787292, 0.31696730852127075, 0.15628322958946228, 0.8437168002128601]	0.5267494767904282	0.16068409383296967	0.2633747458457947	0.08034205436706543	0.8437168002128601	[1214, 1213, 1213, 1213, 1213]	[1264, 1264, 1264, 1263, 1263]		
218.981	1.7732500000000186	epochs															maze_arm	11.0
220.7725	5.189750000000004	epochs															feedback_and_iti	11.0
220.7725	0.9864999999999782	epochs															feedback_delay	11.0
221.7775	1.9925000000000068	epochs															feedback	11.0
223.968	1.9942500000000223	epochs															iti	11.0
225.98575	8.191000000000003	epochs															maze	12.0
225.98575	6.425749999999994	epochs															maze_stem	12.0
226.00725	15.224250000000012	trials	False	True	False	True	False	False	[0.6422595381736755, 0.3577404320240021, 0.1126294657588005, 0.8873705267906189]	0.5296300835907459	0.24511097744107246	-0.2648150362074375	-0.12255549803376198	0.1126294657588005	[1296, 1296, 1296, 1296, 1296]	[1344, 1344, 1344, 1344, 1344]		
232.43175	1.7450000000000045	epochs															maze_arm	12.0
234.1935	7.016750000000002	epochs															feedback_and_iti	12.0
234.1935	0.9989999999999952	epochs															feedback_delay	12.0
235.21075	1.9787500000000193	epochs															feedback	12.0
237.2265	3.983750000000015	epochs															iti	12.0
241.2315	7.885999999999996	epochs															maze	13.0
241.2315	6.2394999999999925	epochs															maze_stem	13.0
241.253	13.086000000000013	trials	False	True	False	True	True	True	[0.7388363480567932, 0.2611636817455292, 0.40273576974868774, 0.5972642302513123]	0.3361005634069443	-0.14157210290431976	0.16805027425289154	-0.07078604400157928	0.5972642302513123	[1388, 1388, 1387, 1387, 1387]	[1434, 1434, 1434, 1434, 1433]		
247.49675	1.6207500000000152	epochs															maze_arm	13.0
249.13725	5.1825000000000045	epochs															feedback_and_iti	13.0
249.13725	0.9840000000000089	epochs															feedback_delay	13.0
250.14175	1.9937500000000057	epochs															feedback	13.0
252.32775	1.9919999999999902	epochs															iti	13.0
254.339	8.476249999999993	epochs															maze	14.0
254.339	6.127749999999992	epochs															maze_stem	14.0
254.35975	15.515500000000003	trials	False	True	False	False	True	False	[0.6632904410362244, 0.33670952916145325, 0.16161610186100006, 0.8383839130401611]	0.5016743615269661	0.17509344965219498	-0.25083719193935394	0.08754672110080719	0.33670952916145325	[1466, 1466, 1466, 1466, 1466]	[1516, 1516, 1516, 1516, 1515]		
260.487	2.3282499999999686	epochs															maze_arm	14.0
262.831	7.016999999999996	epochs															feedback_and_iti	14.0
262.831	0.996249999999975	epochs															feedback_delay	14.0
263.8435	1.9737499999999955	epochs															feedback	14.0
265.854	3.994000000000028	epochs															iti	14.0
269.87525	7.6614999999999895	epochs															maze	15.0
269.87525	5.624500000000012	epochs															maze_stem	15.0
269.8955	14.701999999999998	trials	False	True	False	False	True	False	[0.4944937527179718, 0.5055062174797058, 0.28649184107780457, 0.7135081887245178]	0.20800194144248962	0.21901440620422363	-0.104000985622406	0.10950720310211182	0.5055062174797058	[1560, 1559, 1559, 1559, 1559]	[1605, 1604, 1604, 1604, 1604]		
275.5245	2.0122499999999945	epochs															maze_arm	15.0
277.555	7.01724999999999	epochs															feedback_and_iti	15.0
277.555	0.99675000000002	epochs															feedback_delay	15.0
278.57425	1.9682500000000118	epochs															feedback	15.0
280.58775	3.9844999999999686	epochs															iti	15.0
284.5975	8.229999999999961	epochs															maze	16.0
284.5975	6.37949999999995	epochs															maze_stem	16.0
284.622	13.440249999999992	trials	True	True	False	True	True	True	[0.39003533124923706, 0.6099646091461182, 0.28286653757095337, 0.7171334624290466]	0.10716882348060608	0.3270981013774872	0.05358442664146423	0.1635490357875824	0.7171334624290466	[1648, 1648, 1647, 1647, 1647]	[1696, 1696, 1696, 1696, 1695]		
291.001	1.82650000000001	epochs															maze_arm	16.0
292.8425	5.194749999999999	epochs															feedback_and_iti	16.0
292.8425	0.9917500000000246	epochs															feedback_delay	16.0
293.85175	1.9805000000000064	epochs															feedback	16.0
296.04775	1.989499999999964	epochs															iti	16.0
298.06225	10.679750000000013	epochs															maze	17.0
298.06225	8.304249999999968	epochs															maze_stem	17.0
298.085	17.722000000000037	trials	False	True	False	True	False	False	[0.37985506653785706, 0.6201449036598206, 0.0944301038980484, 0.905569851398468]	0.28542495518922806	0.5257147923111916	-0.14271248131990433	-0.26285741478204727	0.0944301038980484	[1729, 1728, 1728, 1728, 1728]	[1792, 1791, 1791, 1791, 1791]		
306.38525	2.3567500000000337	epochs															maze_arm	17.0
308.76	7.0190000000000055	epochs															feedback_and_iti	17.0
308.76	0.9947500000000105	epochs															feedback_delay	17.0
309.773	1.9782500000000027	epochs															feedback	17.0
311.81025	3.96875	epochs															iti	17.0
315.807	8.486499999999978	epochs															maze	18.0
315.807	6.1162499999999795	epochs															maze_stem	18.0
315.8345	13.686500000000024	trials	False	True	False	False	False	True	[0.5797995328903198, 0.4202004671096802, 0.35417065024375916, 0.6458293795585632]	0.22562889754772186	0.06602983176708221	0.11281444132328033	-0.03301490843296051	0.5797995328903198	[1835, 1835, 1835, 1834, 1834]	[1885, 1885, 1885, 1884, 1884]		
321.9425	2.350999999999999	epochs															maze_arm	18.0
324.3155	5.183750000000032	epochs															feedback_and_iti	18.0
324.3155	0.9812499999999886	epochs															feedback_delay	18.0
325.3215	1.9850000000000136	epochs															feedback	18.0
327.52125	1.9780000000000086	epochs															iti	18.0
329.521	10.556749999999965	epochs															maze	19.0
329.521	7.971000000000004	epochs															maze_stem	19.0
329.541	15.794750000000022	trials	False	True	False	True	True	True	[0.7487515211105347, 0.25124844908714294, 0.47458356618881226, 0.525416374206543]	0.2741679400205612	-0.2233351320028305	0.1370839625597	-0.11166758835315704	0.525416374206543	[1917, 1917, 1917, 1917, 1916]	[1980, 1979, 1979, 1979, 1979]		
337.5115	2.566249999999968	epochs															maze_arm	19.0
340.0955	5.211749999999995	epochs															feedback_and_iti	19.0
340.0955	0.9967499999999632	epochs															feedback_delay	19.0
341.11375	1.9822500000000218	epochs															feedback	19.0
343.351	1.9562500000000114	epochs															iti	19.0
345.33575	10.440499999999986	epochs															maze	20.0
345.33575	8.23724999999996	epochs															maze_stem	20.0
345.36625	15.641500000000008	trials	False	True	False	False	False	True	[0.5845962762832642, 0.41540369391441345, 0.1606709212064743, 0.8393290638923645]	0.42392536252737045	0.25473278015851974	0.21196267753839493	-0.12736640125513077	0.5845962762832642	[2012, 2012, 2012, 2011, 2011]	[2074, 2074, 2073, 2073, 2073]		
353.59225	2.184000000000026	epochs															maze_arm	20.0
355.79175	5.192250000000001	epochs															feedback_and_iti	20.0
355.79175	0.989750000000015	epochs															feedback_delay	20.0
356.7985	1.9820000000000277	epochs															feedback	20.0
359.015	1.968999999999994	epochs															iti	20.0
361.00775	10.441750000000013	epochs															maze	21.0
361.00775	7.990250000000003	epochs															maze_stem	21.0
361.03475	15.660500000000013	trials	False	True	False	False	False	True	[0.8247928619384766, 0.17520713806152344, 0.24267297983169556, 0.7573269605636597]	0.5821198523044586	-0.0674658715724945	0.2910599410533905	0.03373292088508606	0.8247928619384766	[2106, 2106, 2106, 2105, 2105]	[2168, 2168, 2167, 2167, 2167]		
369.0215	2.4279999999999973	epochs															maze_arm	21.0
371.46725	5.200750000000028	epochs															feedback_and_iti	21.0
371.46725	0.9842500000000314	epochs															feedback_delay	21.0
372.46925	1.9877500000000055	epochs															feedback	21.0
374.67625	1.9917500000000246	epochs															iti	21.0
376.69525	11.61099999999999	epochs															maze	22.0
376.69525	8.977750000000015	epochs															maze_stem	22.0
376.719	16.81049999999999	trials	False	True	False	True	True	True	[0.8696851134300232, 0.13031484186649323, 0.22887729108333588, 0.7711227536201477]	0.6408078670501709	-0.09856240451335907	0.32040395587682724	-0.049281202256679535	0.7711227536201477	[2200, 2200, 2200, 2200, 2199]	[2269, 2269, 2268, 2268, 2268]		
385.691	2.615250000000003	epochs															maze_arm	22.0
388.32875	5.17349999999999	epochs															feedback_and_iti	22.0
388.32875	0.9837499999999864	epochs															feedback_delay	22.0
389.33125	1.9805000000000064	epochs															feedback	22.0
391.51475	1.9875000000000114	epochs															iti	22.0
393.5295	9.756250000000023	epochs															maze	23.0
393.5295	7.350000000000023	epochs															maze_stem	23.0
393.55225	14.960249999999974	trials	False	True	False	False	False	True	[0.7682783007621765, 0.2317216992378235, 0.10643958300352097, 0.8935604691505432]	0.6618387438356876	0.1252821423113346	0.3309193588793278	-0.06264105811715126	0.7682783007621765	[2301, 2301, 2301, 2301, 2300]	[2359, 2358, 2358, 2358, 2358]		
400.9	2.38575000000003	epochs															maze_arm	23.0
403.3035	5.186500000000024	epochs															feedback_and_iti	23.0
403.3035	0.9887500000000387	epochs															feedback_delay	23.0
404.31225	1.9875000000000114	epochs															feedback	23.0
406.496	1.9940000000000282	epochs															iti	23.0
408.5125	11.444250000000011	epochs															maze	24.0
408.5125	8.914250000000038	epochs															maze_stem	24.0
408.53375	16.64024999999998	trials	False	True	False	True	True	True	[0.9004647731781006, 0.09953527897596359, 0.16875402629375458, 0.831246018409729]	0.7317107431590557	-0.06921875104308128	0.3658553697168827	-0.0346093513071537	0.831246018409729	[2391, 2391, 2391, 2390, 2390]	[2459, 2458, 2458, 2458, 2458]		
417.44775	2.5090000000000146	epochs															maze_arm	24.0
419.9745	5.176500000000033	epochs															feedback_and_iti	24.0
419.9745	0.9957500000000437	epochs															feedback_delay	24.0
420.9875	1.9762499999999932	epochs															feedback	24.0
423.1575	1.9934999999999832	epochs															iti	24.0
425.174	8.826000000000022	epochs															maze	25.0
425.174	6.649000000000001	epochs															maze_stem	25.0
425.194	14.005999999999972	trials	False	True	False	False	False	True	[0.8276128172874451, 0.17238716781139374, 0.08446421474218369, 0.9155358076095581]	0.7431486211717129	0.08792297169566154	0.3715743012726307	-0.04396148398518562	0.8276128172874451	[2491, 2491, 2490, 2490, 2490]	[2543, 2543, 2542, 2542, 2542]		
431.8425	2.1575000000000273	epochs															maze_arm	25.0
434.01825	5.160499999999956	epochs															feedback_and_iti	25.0
434.01825	0.9827499999999532	epochs															feedback_delay	25.0
435.021	1.9855000000000018	epochs															feedback	25.0
437.2025	1.9762499999999932	epochs															iti	25.0
439.2	10.609500000000025	epochs															maze	26.0
439.2	8.056500000000028	epochs															maze_stem	26.0
439.2215	15.813500000000033	trials	False	True	False	True	True	True	[0.9145345091819763, 0.08546547591686249, 0.1322224736213684, 0.8677774667739868]	0.7823120132088661	-0.04675702005624771	0.39115599542856216	-0.023378528654575348	0.8677774667739868	[2575, 2575, 2575, 2574, 2574]	[2638, 2637, 2637, 2637, 2637]		
447.277	2.5325000000000273	epochs															maze_arm	26.0
449.827	5.186750000000018	epochs															feedback_and_iti	26.0
449.827	0.9870000000000232	epochs															feedback_delay	26.0
450.83325	1.9887499999999818	epochs															feedback	26.0
453.02	1.993750000000034	epochs															iti	26.0
455.035	9.745999999999981	epochs															maze	27.0
455.035	7.128499999999974	epochs															maze_stem	27.0
455.05925	14.92149999999998	trials	False	True	False	True	True	True	[0.8612156510353088, 0.13878439366817474, 0.0716090202331543, 0.9283909201622009]	0.7896065786480904	0.06717532128095627	0.3948032632470131	0.033587656915187836	0.9283909201622009	[2670, 2670, 2670, 2669, 2669]	[2727, 2727, 2727, 2727, 2727]		
462.18425	2.596749999999986	epochs															maze_arm	27.0
464.7995	5.15949999999998	epochs															feedback_and_iti	27.0
464.7995	0.9919999999999618	epochs															feedback_delay	27.0
465.81075	1.9714999999999918	epochs															feedback	27.0
467.9805	1.9784999999999968	epochs															iti	27.0
469.98075	9.239500000000021	epochs															maze	28.0
469.98075	6.9220000000000255	epochs															maze_stem	28.0
470.00225	14.431750000000022	trials	False	True	False	True	True	True	[0.8347480893135071, 0.1652519404888153, 0.062485191971063614, 0.9375148415565491]	0.7722628992050886	0.10276675038039684	0.3861314505338669	0.05138339102268219	0.9375148415565491	[2760, 2759, 2759, 2759, 2759]	[2814, 2814, 2814, 2813, 2813]		
476.9235	2.2967500000000314	epochs															maze_arm	28.0
479.23675	5.176250000000039	epochs															feedback_and_iti	28.0
479.23675	0.9950000000000045	epochs															feedback_delay	28.0
480.25075	1.9805000000000064	epochs															feedback	28.0
482.42425	1.9887500000000387	epochs															iti	28.0
484.434	10.767999999999972	epochs															maze	29.0
484.434	8.14874999999995	epochs															maze_stem	29.0
484.45575	15.959000000000003	trials	False	True	False	True	True	True	[0.826274573802948, 0.17372547090053558, 0.05940587446093559, 0.9405941367149353]	0.7668686825782061	0.11431957967579365	0.38343433290719986	0.05715980380773544	0.9405941367149353	[2846, 2846, 2846, 2846, 2845]	[2910, 2910, 2910, 2909, 2909]		
492.60425	2.597750000000019	epochs															maze_arm	29.0
495.22025	5.172249999999963	epochs															feedback_and_iti	29.0
495.22025	0.9824999999999591	epochs															feedback_delay	29.0
496.22175	1.9872500000000173	epochs															feedback	29.0
498.39925	1.993249999999989	epochs															iti	29.0
500.41475	10.178249999999991	epochs															maze	30.0
500.41475	7.651499999999999	epochs															maze_stem	30.0
500.43575	15.363500000000045	trials	False	True	False	True	True	True	[0.8224273920059204, 0.1775725781917572, 0.05777239799499512, 0.9422276020050049]	0.7646550089120865	0.11980019509792328	0.38232751190662384	0.05990009009838104	0.9422276020050049	[2942, 2942, 2942, 2942, 2941]	[3002, 3002, 3002, 3002, 3001]		
508.08725	2.5057500000000346	epochs															maze_arm	30.0
510.61075	5.165999999999997	epochs															feedback_and_iti	30.0
510.61075	0.9832499999999982	epochs															feedback_delay	30.0
511.613	1.9920000000000186	epochs															feedback	30.0
513.79925	1.9774999999999636	epochs															iti	30.0
515.79925	11.310249999999996	epochs															maze	31.0
515.79925	8.629999999999995	epochs															maze_stem	31.0
515.82125	16.502749999999992	trials	True	True	False	True	True	True	[0.8201662302017212, 0.17983369529247284, 0.05650663003325462, 0.9434933662414551]	0.7636596355587244	0.12332710064947605	0.3818298354744911	0.06166353076696396	0.9434933662414551	[3034, 3034, 3034, 3034, 3034]	[3101, 3101, 3101, 3101, 3100]		
524.4495	2.660000000000082	epochs															maze_arm	31.0
527.128	5.174249999999915	epochs															feedback_and_iti	31.0
527.128	0.9942499999999654	epochs															feedback_delay	31.0
528.14925	1.9762499999999363	epochs															feedback	31.0
530.31225	1.990000000000009	epochs															iti	31.0
532.324	8.715000000000032	epochs															maze	32.0
532.324	6.409500000000094	epochs															maze_stem	32.0
532.3435	15.753750000000082	trials	False	True	False	False	True	False	[0.7998082637786865, 0.20019175112247467, 0.05298865586519241, 0.947011411190033]	0.7468196339905262	0.14720312133431435	-0.37340983003377914	0.07360158115625381	0.20019175112247467	[3133, 3133, 3133, 3133, 3133]	[3185, 3185, 3184, 3184, 3184]		
538.757	2.282000000000039	epochs															maze_arm	32.0
541.05725	7.018500000000017	epochs															feedback_and_iti	32.0
541.05725	0.9862500000000409	epochs															feedback_delay	32.0
542.06225	1.9835000000000491	epochs															feedback	32.0
544.084	3.9917500000000246	epochs															iti	32.0
548.09725	8.781749999999988	epochs															maze	33.0
548.09725	6.614749999999958	epochs															maze_stem	33.0
548.11925	13.980000000000018	trials	False	True	False	True	True	True	[0.6481008529663086, 0.35189908742904663, 0.17657151818275452, 0.8234284520149231]	0.47152934968471527	0.1753275841474533	0.23576468229293823	0.08766376972198486	0.8234284520149231	[3228, 3228, 3228, 3227, 3227]	[3280, 3280, 3279, 3279, 3279]		
554.73325	2.145750000000021	epochs															maze_arm	33.0
556.89625	5.181500000000028	epochs															feedback_and_iti	33.0
556.89625	0.9985000000000355	epochs															feedback_delay	33.0
557.91425	1.9812499999999318	epochs															feedback	33.0
560.08925	1.9885000000000446	epochs															iti	33.0
562.09925	10.206000000000017	epochs															maze	34.0
562.09925	8.345249999999965	epochs															maze_stem	34.0
562.12	15.394999999999982	trials	False	True	False	True	True	True	[0.6771408915519714, 0.32285910844802856, 0.06357032805681229, 0.9364296793937683]	0.6135705672204494	0.2592887841165066	0.3067852854728699	0.12964439392089844	0.9364296793937683	[3312, 3312, 3312, 3311, 3311]	[3372, 3372, 3372, 3372, 3371]		
570.465	1.840249999999969	epochs															maze_arm	34.0
572.32275	5.171249999999986	epochs															feedback_and_iti	34.0
572.32275	0.9992499999999609	epochs															feedback_delay	34.0
573.3395	1.975999999999999	epochs															feedback	34.0
575.513	1.9809999999999945	epochs															iti	34.0
577.515	9.543000000000006	epochs															maze	35.0
577.515	7.57325000000003	epochs															maze_stem	35.0
577.5365	14.741999999999962	trials	False	True	False	True	True	True	[0.6382386088371277, 0.3617613911628723, 0.046285178512334824, 0.9537148475646973]	0.5919534433633089	0.31547622568905354	0.2959767282009125	0.1577381193637848	0.9537148475646973	[3404, 3404, 3404, 3404, 3404]	[3461, 3461, 3460, 3460, 3460]		
585.10875	1.9492500000000064	epochs															maze_arm	35.0
587.076	5.181749999999965	epochs															feedback_and_iti	35.0
587.076	0.9879999999999427	epochs															feedback_delay	35.0
588.0825	1.9864999999999782	epochs															feedback	35.0
590.27275	1.9850000000000136	epochs															iti	35.0
592.2785	9.661500000000046	epochs															maze	36.0
592.2785	7.11099999999999	epochs															maze_stem	36.0
592.29875	16.701749999999947	trials	False	True	False	False	True	False	[0.6194653511047363, 0.3805345892906189, 0.04324601590633392, 0.9567539095878601]	0.5762193277478218	0.3372885659337044	-0.2881096601486206	0.1686442494392395	0.3805345892906189	[3493, 3493, 3493, 3492, 3492]	[3550, 3550, 3550, 3549, 3549]		
599.4105	2.5295000000000982	epochs															maze_arm	36.0
601.958	7.020750000000021	epochs															feedback_and_iti	36.0
601.958	0.9847500000000764	epochs															feedback_delay	36.0
602.96125	1.98275000000001	epochs															feedback	36.0
604.997	3.9817500000000337	epochs															iti	36.0
609.0005	8.971250000000055	epochs															maze	37.0
609.0005	6.791249999999991	epochs															maze_stem	37.0
609.0215	14.157750000000078	trials	False	True	False	True	True	True	[0.5409172177314758, 0.45908281207084656, 0.18687063455581665, 0.8131293058395386]	0.3540465384721756	0.2722121328115463	0.177023246884346	0.13610605895519257	0.8131293058395386	[3593, 3593, 3593, 3593, 3593]	[3646, 3646, 3646, 3646, 3645]		
615.81325	2.1585000000000036	epochs															maze_arm	37.0
617.989	5.168249999999944	epochs															feedback_and_iti	37.0
617.989	0.9942499999999654	epochs															feedback_delay	37.0
619.0035	1.9732500000000073	epochs															feedback	37.0
621.17	1.9872500000000173	epochs															iti	37.0
623.17925	8.300250000000005	epochs															maze	38.0
623.17925	6.14549999999997	epochs															maze_stem	38.0
623.20375	13.490499999999997	trials	False	True	False	False	False	True	[0.5328184962272644, 0.467181533575058, 0.062334414571523666, 0.9376656413078308]	0.4704840946942568	0.40484713204205036	0.23524204082787037	-0.20242354460060596	0.5328184962272644	[3678, 3678, 3678, 3678, 3678]	[3727, 3727, 3727, 3727, 3726]		
629.34375	2.13575000000003	epochs															maze_arm	38.0
631.4965	5.17450000000008	epochs															feedback_and_iti	38.0
631.4965	0.9837499999999864	epochs															feedback_delay	38.0
632.49825	1.9962500000000318	epochs															feedback	38.0
634.68825	1.98275000000001	epochs															iti	38.0
636.69425	12.801000000000045	epochs															maze	39.0
636.69425	10.569250000000011	epochs															maze_stem	39.0
636.72	18.001250000000027	trials	True	True	False	True	True	True	[0.7947320938110352, 0.20526789128780365, 0.11065360903739929, 0.8893464207649231]	0.6840785071253777	0.09461430460214615	0.3420392647385597	0.04730715602636337	0.8893464207649231	[3759, 3759, 3759, 3759, 3759]	[3835, 3835, 3835, 3835, 3834]		
647.28375	2.211500000000001	epochs															maze_arm	39.0
649.51325	5.182250000000067	epochs															feedback_and_iti	39.0
649.51325	0.9892500000000837	epochs															feedback_delay	39.0
650.52025	1.989500000000021	epochs															feedback	39.0
652.697	1.9985000000000355	epochs															iti	39.0
654.72125	10.822999999999979	epochs															maze	40.0
654.72125	8.280999999999949	epochs															maze_stem	40.0
654.74125	16.013499999999908	trials	False	True	False	True	True	True	[0.6302009224891663, 0.36979910731315613, 0.0516495518386364, 0.9483504295349121]	0.5785513464361429	0.3181495312601328	0.289275661110878	0.15907476842403412	0.9483504295349121	[3867, 3867, 3867, 3867, 3867]	[3931, 3931, 3931, 3931, 3931]		
663.0235	2.520750000000021	epochs															maze_arm	40.0
665.562	5.171500000000037	epochs															feedback_and_iti	40.0
665.562	0.9992499999999609	epochs															feedback_delay	40.0
666.5795	1.9794999999999163	epochs															feedback	40.0
668.7515	1.9820000000000846	epochs															iti	40.0
670.75475	11.008500000000026	epochs															maze	41.0
670.75475	8.545500000000061	epochs															maze_stem	41.0
670.776	16.198750000000018	trials	False	True	False	True	True	True	[0.5696145296096802, 0.4303855299949646, 0.043439831584692, 0.9565601944923401]	0.5261746812611818	0.38694568164646626	0.26308733224868774	0.19347286224365234	0.9565601944923401	[3964, 3963, 3963, 3963, 3963]	[4029, 4029, 4028, 4028, 4028]		
679.32025	2.4429999999999836	epochs															maze_arm	41.0
681.781	5.171750000000088	epochs															feedback_and_iti	41.0
681.781	0.9900000000000091	epochs															feedback_delay	41.0
682.78875	1.9814999999999827	epochs															feedback	41.0
684.96875	1.9840000000000373	epochs															iti	41.0
686.97475	8.989000000000033	epochs															maze	42.0
686.97475	6.848250000000007	epochs															maze_stem	42.0
686.9935	14.201749999999947	trials	False	True	False	False	False	True	[0.5724722146987915, 0.4275277554988861, 0.043286051601171494, 0.9567139744758606]	0.5291861910372972	0.38424173183739185	0.26459308154881	-0.1921208668500185	0.5724722146987915	[4061, 4061, 4061, 4060, 4060]	[4114, 4114, 4113, 4113, 4113]		
693.84175	2.1219999999999573	epochs															maze_arm	42.0
695.98175	5.1924999999999955	epochs															feedback_and_iti	42.0
695.98175	0.9877500000000055	epochs															feedback_delay	42.0
696.987	1.9945000000000164	epochs															feedback	42.0
699.17425	2.0	epochs															iti	42.0
701.19525	9.117500000000064	epochs															maze	43.0
701.19525	6.930749999999989	epochs															maze_stem	43.0
701.21725	14.324749999999995	trials	False	True	False	False	False	True	[0.8458344340324402, 0.15416553616523743, 0.10077888518571854, 0.8992211222648621]	0.7450555674731731	0.05338666960597038	0.3725277744233608	-0.02669334039092064	0.8458344340324402	[4146, 4146, 4146, 4146, 4145]	[4200, 4200, 4200, 4199, 4199]		
708.14575	2.16700000000003	epochs															maze_arm	43.0
710.3315	5.187000000000012	epochs															feedback_and_iti	43.0
710.3315	0.9907500000000482	epochs															feedback_delay	43.0
711.339	1.9909999999999854	epochs															feedback	43.0
713.52375	1.9947500000000673	epochs															iti	43.0
715.542	11.43999999999994	epochs															maze	44.0
715.542	9.305499999999938	epochs															maze_stem	44.0
715.5625	16.62824999999998	trials	False	True	False	True	True	True	[0.8708004355430603, 0.1291995346546173, 0.09623372554779053, 0.9037663340568542]	0.7745667546987534	0.032965853810310364	0.38728339970111847	0.01648293435573578	0.9037663340568542	[4232, 4232, 4232, 4232, 4231]	[4300, 4300, 4299, 4299, 4299]		
724.86875	2.1132499999999936	epochs															maze_arm	44.0
726.99825	5.170749999999998	epochs															feedback_and_iti	44.0
726.99825	0.9962500000000318	epochs															feedback_delay	44.0
728.0135	1.9757499999999482	epochs															feedback	44.0
730.189	1.9800000000000182	epochs															iti	44.0
732.19075	11.019000000000005	epochs															maze	45.0
732.19075	8.572250000000054	epochs															maze_stem	45.0
732.21225	16.215749999999957	trials	False	True	False	True	True	True	[0.7869875431060791, 0.2130124419927597, 0.05295522138476372, 0.9470447301864624]	0.734032304957509	0.16005720384418964	0.36701614409685135	0.08002858608961105	0.9470447301864624	[4332, 4332, 4332, 4331, 4331]	[4397, 4397, 4397, 4397, 4396]		
740.78425	2.4254999999999427	epochs															maze_arm	45.0
743.2285	5.178749999999923	epochs															feedback_and_iti	45.0
743.2285	0.9872499999999036	epochs															feedback_delay	45.0
744.2335	1.9899999999998954	epochs															feedback	45.0
746.4165	1.9907499999999345	epochs															iti	45.0
748.428	9.599000000000046	epochs															maze	46.0
748.428	7.219000000000051	epochs															maze_stem	46.0
748.447	16.640750000000025	trials	False	True	False	True	False	False	[0.7622143626213074, 0.23778560757637024, 0.04792917147278786, 0.9520707726478577]	0.7142851781100035	0.18985642306506634	-0.35714259557425976	-0.09492823295295238	0.04792917147278786	[4429, 4429, 4429, 4429, 4429]	[4486, 4486, 4486, 4485, 4485]		
755.6675	2.3595000000000255	epochs															maze_arm	46.0
758.0435	7.023000000000025	epochs															feedback_and_iti	46.0
758.0435	0.9992499999999609	epochs															feedback_delay	46.0
759.06075	1.978749999999991	epochs															feedback	46.0
761.0775	3.9890000000000327	epochs															iti	46.0
765.08775	8.789249999999925	epochs															maze	47.0
765.08775	6.02049999999997	epochs															maze_stem	47.0
765.1085	13.987750000000005	trials	False	True	False	False	False	True	[0.8384063243865967, 0.16159366071224213, 0.29681652784347534, 0.7031834721565247]	0.5415898039937019	-0.13522285968065262	0.27079489827156067	0.06761142611503601	0.8384063243865967	[4529, 4529, 4529, 4529, 4529]	[4581, 4581, 4581, 4581, 4580]		
771.1285	2.748499999999922	epochs															maze_arm	47.0
773.8935	5.180749999999989	epochs															feedback_and_iti	47.0
773.8935	0.9832499999999982	epochs															feedback_delay	47.0
774.8955	1.9957500000000437	epochs															feedback	47.0
777.0825	1.9917500000000246	epochs															iti	47.0
779.09625	9.030749999999898	epochs															maze	48.0
779.09625	6.2409999999999854	epochs															maze_stem	48.0
779.11975	14.218000000000075	trials	False	True	False	False	False	True	[0.916378915309906, 0.0836210623383522, 0.3108764886856079, 0.6891235113143921]	0.605502437800169	-0.2272554151713848	0.30275121331214905	0.11362770199775696	0.916378915309906	[4613, 4613, 4613, 4613, 4613]	[4667, 4666, 4666, 4666, 4666]		
785.35925	2.767749999999978	epochs															maze_arm	48.0
788.1445	5.1720000000000255	epochs															feedback_and_iti	48.0
788.1445	0.9957500000000437	epochs															feedback_delay	48.0
789.15875	1.978249999999889	epochs															feedback	48.0
791.329	1.9875000000000682	epochs															iti	48.0
793.33775	9.143749999999955	epochs															maze	49.0
793.33775	6.569749999999999	epochs															maze_stem	49.0
793.3605	14.333499999999958	trials	False	True	False	False	False	True	[0.9097578525543213, 0.09024211019277573, 0.22672103345394135, 0.7732789516448975]	0.6830368302762508	-0.13647891208529472	0.34151840955018997	0.06823944300413132	0.9097578525543213	[4699, 4699, 4698, 4698, 4698]	[4753, 4752, 4752, 4752, 4752]		
799.9285	2.5529999999999973	epochs															maze_arm	49.0
802.498	5.175999999999931	epochs															feedback_and_iti	49.0
802.498	0.9867499999999154	epochs															feedback_delay	49.0
803.503	1.9864999999999782	epochs															feedback	49.0
805.67975	1.9942499999999654	epochs															iti	49.0
807.694	9.420500000000061	epochs															maze	50.0
807.694	6.951750000000061	epochs															maze_stem	50.0
807.715	14.597499999999968	trials	False	True	False	False	False	True	[0.9138336181640625, 0.08616635948419571, 0.19595648348331451, 0.8040434718132019]	0.7178771235048771	-0.1097901351749897	0.358938567340374	0.05489505082368851	0.9138336181640625	[4785, 4785, 4784, 4784, 4784]	[4840, 4840, 4840, 4840, 4840]		
814.66575	2.448750000000018	epochs															maze_arm	50.0
817.137	5.1547500000000355	epochs															feedback_and_iti	50.0
817.137	0.9925000000000637	epochs															feedback_delay	50.0
818.1475	1.97199999999998	epochs															feedback	50.0
820.3095	1.9822500000000218	epochs															iti	50.0
822.3125	10.782749999999965	epochs															maze	51.0
822.3125	7.585000000000036	epochs															maze_stem	51.0
822.33375	15.96225000000004	trials	False	True	False	False	False	True	[0.9176432490348816, 0.0823567658662796, 0.17438198626041412, 0.8256180286407471]	0.7432612627744675	-0.09202522039413452	0.37163063138723373	0.04601261764764786	0.9176432490348816	[4873, 4872, 4872, 4872, 4872]	[4936, 4936, 4936, 4936, 4935]		
829.922	3.173249999999939	epochs															maze_arm	51.0
833.113	5.162249999999972	epochs															feedback_and_iti	51.0
833.113	0.9862499999999272	epochs															feedback_delay	51.0
834.118	1.9797499999999673	epochs															feedback	51.0
836.31875	1.9565000000000055	epochs															iti	51.0
838.296	11.085249999999974	epochs															maze	52.0
838.296	8.25974999999994	epochs															maze_stem	52.0
838.31825	18.122749999999996	trials	False	True	False	True	False	False	[0.9207670092582703, 0.07923300564289093, 0.15872544050216675, 0.8412745594978333]	0.7620415613055229	-0.07949244230985641	-0.38102078437805176	0.039746224880218506	0.15872544050216675	[4968, 4968, 4968, 4968, 4968]	[5034, 5034, 5034, 5033, 5033]		
846.5765	2.8047500000000127	epochs															maze_arm	52.0
849.39825	7.018750000000068	epochs															feedback_and_iti	52.0
849.39825	0.9877500000000055	epochs															feedback_delay	52.0
850.405	1.9882499999999936	epochs															feedback	52.0
852.43825	3.978749999999991	epochs															iti	52.0
856.441	8.266250000000014	epochs															maze	53.0
856.441	5.774499999999989	epochs															maze_stem	53.0
856.46225	13.46875	trials	False	True	False	False	False	True	[0.8946365714073181, 0.1053633913397789, 0.4161730706691742, 0.5838268995285034]	0.4784635044634342	-0.310809675604105	0.23923175036907196	0.15540482103824615	0.8946365714073181	[5077, 5077, 5077, 5077, 5076]	[5126, 5126, 5125, 5125, 5125]		
862.2365	2.4707500000000664	epochs															maze_arm	53.0
864.72525	5.184000000000083	epochs															feedback_and_iti	53.0
864.72525	0.9822500000000218	epochs															feedback_delay	53.0
865.7265	1.9985000000000355	epochs															feedback	53.0
867.91425	1.9950000000000045	epochs															iti	53.0
869.931	9.803249999999935	epochs															maze	54.0
869.931	6.995249999999942	epochs															maze_stem	54.0
869.95425	15.005250000000046	trials	False	True	False	False	False	True	[0.9420140981674194, 0.057985953986644745, 0.3666002154350281, 0.6333997845649719]	0.5754138566553593	-0.3086142875254154	0.2877069413661957	0.15430715680122375	0.9420140981674194	[5158, 5158, 5158, 5158, 5157]	[5216, 5216, 5216, 5215, 5215]		
876.94575	2.788499999999999	epochs															maze_arm	54.0
879.75475	5.180500000000052	epochs															feedback_and_iti	54.0
879.75475	0.99350000000004	epochs															feedback_delay	54.0
880.76675	1.9817500000000337	epochs															feedback	54.0
882.96275	1.9724999999999682	epochs															iti	54.0
884.9595	9.105749999999944	epochs															maze	55.0
884.9595	6.684750000000008	epochs															maze_stem	55.0
884.98275	14.294999999999959	trials	True	True	False	False	False	True	[0.9285128116607666, 0.0714871883392334, 0.25855639576911926, 0.7414435744285583]	0.6699564009904861	-0.18706922233104706	0.33497820794582367	0.09353460371494293	0.9285128116607666	[5248, 5248, 5248, 5248, 5247]	[5302, 5302, 5302, 5301, 5301]		
891.665	2.400250000000028	epochs															maze_arm	55.0
894.08275	5.173249999999939	epochs															feedback_and_iti	55.0
894.08275	0.9964999999999691	epochs															feedback_delay	55.0
895.09625	1.9847499999999627	epochs															feedback	55.0
897.269	1.9869999999999663	epochs															iti	55.0
899.27775	11.599000000000046	epochs															maze	56.0
899.27775	8.847250000000031	epochs															maze_stem	56.0
899.2975	18.630249999999933	trials	True	True	False	True	False	False	[0.8948289752006531, 0.10517103970050812, 0.1989133507013321, 0.8010866641998291]	0.695915624499321	-0.09374231100082397	-0.3479578122496605	0.046871162950992584	0.1989133507013321	[5334, 5334, 5334, 5334, 5333]	[5403, 5403, 5402, 5402, 5402]		
908.14475	2.731999999999971	epochs															maze_arm	56.0
910.893	7.013249999999971	epochs															feedback_and_iti	56.0
910.893	0.9907499999999345	epochs															feedback_delay	56.0
911.89975	1.9772499999999127	epochs															feedback	56.0
913.91325	3.993000000000052	epochs															iti	56.0
917.92775	8.142000000000053	epochs															maze	57.0
917.92775	5.798500000000104	epochs															maze_stem	57.0
917.947	13.331000000000017	trials	True	True	False	False	False	True	[0.8864694237709045, 0.11353053152561188, 0.47800830006599426, 0.5219916701316833]	0.4084611311554909	-0.3644777610898018	0.20423056185245514	0.1822388619184494	0.8864694237709045	[5446, 5446, 5446, 5445, 5445]	[5494, 5494, 5493, 5493, 5493]		
923.7445	2.3252499999999827	epochs															maze_arm	57.0
926.08775	5.168000000000006	epochs															feedback_and_iti	57.0
926.08775	0.9942499999999654	epochs															feedback_delay	57.0
927.09775	1.97849999999994	epochs															feedback	57.0
929.26925	1.9864999999999782	epochs															iti	57.0
931.278	9.39874999999995	epochs															maze	58.0
931.278	7.002749999999992	epochs															maze_stem	58.0
931.3015	14.581999999999994	trials	False	True	False	False	False	True	[0.9208185076713562, 0.0791814997792244, 0.4150697588920593, 0.5849303007125854]	0.505748774856329	-0.33588823303580284	0.25287437438964844	0.16794413328170776	0.9208185076713562	[5526, 5526, 5526, 5525, 5525]	[5581, 5581, 5581, 5581, 5581]		
938.3	2.3767500000000155	epochs															maze_arm	58.0
940.693	5.168250000000057	epochs															feedback_and_iti	58.0
940.693	0.9847499999999627	epochs															feedback_delay	58.0
941.696	1.9872500000000173	epochs															feedback	58.0
943.87225	1.9890000000000327	epochs															iti	58.0
945.8835	9.17674999999997	epochs															maze	59.0
945.8835	7.146499999999946	epochs															maze_stem	59.0
945.9045	14.376499999999965	trials	True	True	False	False	False	True	[0.9230280518531799, 0.07697200030088425, 0.38890570402145386, 0.6110943555831909]	0.5341223515570164	-0.3119336999952793	0.26706117391586304	0.1559668779373169	0.9230280518531799	[5614, 5613, 5613, 5613, 5613]	[5668, 5667, 5667, 5667, 5667]		
953.04875	2.0114999999999554	epochs															maze_arm	59.0
955.078	5.178999999999974	epochs															feedback_and_iti	59.0
955.078	0.9835000000000491	epochs															feedback_delay	59.0
956.0795	1.9967499999999063	epochs															feedback	59.0
958.26375	1.993249999999989	epochs															iti	59.0
960.281	8.979250000000093	epochs															maze	60.0
960.281	7.344500000000039	epochs															maze_stem	60.0
960.30225	14.173250000000053	trials	False	True	False	True	True	True	[0.887959361076355, 0.11204061657190323, 0.25667792558670044, 0.7433220744132996]	0.6312814466655254	-0.14463729783892632	0.31564072892069817	-0.0723186545073986	0.7433220744132996	[5700, 5700, 5700, 5699, 5699]	[5753, 5753, 5752, 5752, 5752]		
967.6445	1.6157500000000482	epochs															maze_arm	60.0
969.27825	5.1762500000000955	epochs															feedback_and_iti	60.0
969.27825	0.9970000000000709	epochs															feedback_delay	60.0
970.29275	1.9809999999999945	epochs															feedback	60.0
972.4675	1.98700000000008	epochs															iti	60.0
974.4755	9.00974999999994	epochs															maze	61.0
974.4755	6.706000000000017	epochs															maze_stem	61.0
974.5	14.225000000000023	trials	True	True	False	False	False	True	[0.8692927360534668, 0.130707249045372, 0.1299653947353363, 0.8700345754623413]	0.7393273338675499	0.0007418468594551086	0.36966367065906525	-0.0003709346055984497	0.8692927360534668	[5785, 5785, 5785, 5784, 5784]	[5838, 5838, 5838, 5838, 5837]		
981.2005	2.2847499999999172	epochs															maze_arm	61.0
983.50175	5.1924999999999955	epochs															feedback_and_iti	61.0
983.50175	0.9922500000000127	epochs															feedback_delay	61.0
984.513	1.9872500000000173	epochs															feedback	61.0
986.694	2.000250000000051	epochs															iti	61.0
988.725	8.88900000000001	epochs															maze	62.0
988.725	6.6512500000000045	epochs															maze_stem	62.0
988.7495	14.067000000000007	trials	False	True	False	False	False	True	[0.9022321701049805, 0.09776787459850311, 0.11748620867729187, 0.8825138211250305]	0.784745953977108	-0.019718341529369354	0.3923729807138443	0.00985918939113617	0.9022321701049805	[5871, 5870, 5870, 5870, 5870]	[5923, 5923, 5922, 5922, 5922]		
995.395	2.219000000000051	epochs															maze_arm	62.0
997.6315	5.164250000000038	epochs															feedback_and_iti	62.0
997.6315	0.9912500000000364	epochs															feedback_delay	62.0
998.63975	1.9742499999999836	epochs															feedback	62.0
1000.81075	1.9850000000000136	epochs															iti	62.0
1002.8165	10.841249999999945	epochs															maze	63.0
1002.8165	8.743499999999926	epochs															maze_stem	63.0
1002.83675	16.02299999999991	trials	True	True	False	False	False	True	[0.9140180349349976, 0.08598195761442184, 0.11615879088640213, 0.8838412761688232]	0.7978592813014984	-0.0301767960190773	0.3989296220242977	0.015088412910699844	0.9140180349349976	[5955, 5955, 5955, 5954, 5954]	[6019, 6019, 6019, 6018, 6018]		
1011.581	2.0767499999999472	epochs															maze_arm	63.0
1013.676	5.161999999999921	epochs															feedback_and_iti	63.0
1013.676	0.9984999999999218	epochs															feedback_delay	63.0
1014.69125	1.9732500000000073	epochs															feedback	63.0
1016.85725	1.9807499999999436	epochs															iti	63.0
1018.85975	9.22124999999994	epochs															maze	64.0
1018.85975	6.921500000000037	epochs															maze_stem	64.0
1018.88275	14.40949999999998	trials	True	True	False	False	False	True	[0.8848708868026733, 0.11512906104326248, 0.09547236561775208, 0.9045276045799255]	0.7893985323607922	0.019656706601381302	0.39469926059246063	-0.009828373789787292	0.8848708868026733	[6051, 6051, 6051, 6051, 6050]	[6106, 6105, 6105, 6105, 6105]		
1025.79975	2.28125	epochs															maze_arm	64.0
1028.09725	5.173749999999927	epochs															feedback_and_iti	64.0
1028.09725	0.9835000000000491	epochs															feedback_delay	64.0
1029.09775	1.9915000000000873	epochs															feedback	64.0
1031.28375	1.9872499999999036	epochs															iti	64.0
1033.29225	10.023750000000064	epochs															maze	65.0
1033.29225	7.435249999999996	epochs															maze_stem	65.0
1033.31325	15.223250000000007	trials	False	True	False	False	False	True	[0.8621240854263306, 0.13787592947483063, 0.12184182554483414, 0.8781582117080688]	0.7402822710573673	0.016034115105867386	0.3701411299407482	-0.008017044514417648	0.8621240854263306	[6138, 6138, 6137, 6137, 6137]	[6197, 6197, 6197, 6196, 6196]		
1040.74725	2.5687500000001364	epochs															maze_arm	65.0
1043.33475	5.1749999999999545	epochs															feedback_and_iti	65.0
1043.33475	0.9972500000001219	epochs															feedback_delay	65.0
1044.3485	1.978749999999991	epochs															feedback	65.0
1046.53225	1.9774999999999636	epochs															iti	65.0
1048.5365	12.503000000000156	epochs															maze	66.0
1048.5365	8.565500000000156	epochs															maze_stem	66.0
1048.5575	17.691250000000082	trials	False	True	False	True	True	True	[0.8951901197433472, 0.10480985790491104, 0.15909381210803986, 0.8409062027931213]	0.7360963262617588	-0.05428393557667732	0.36804817244410515	-0.02714196965098381	0.8409062027931213	[6229, 6229, 6229, 6229, 6228]	[6303, 6303, 6303, 6303, 6302]		
1057.1225	3.9170000000001437	epochs															maze_arm	66.0
1061.05725	5.170999999999822	epochs															feedback_and_iti	66.0
1061.05725	0.9832499999999982	epochs															feedback_delay	66.0
1062.06075	1.981249999999818	epochs															feedback	66.0
1064.23575	1.9924999999998363	epochs															iti	66.0
1066.24875	10.963500000000067	epochs															maze	67.0
1066.24875	8.835749999999962	epochs															maze_stem	67.0
1066.2695	16.16599999999994	trials	False	True	False	True	True	True	[0.8777288198471069, 0.12227115035057068, 0.08176307380199432, 0.9182368516921997]	0.7959657236933708	0.040508054196834564	0.3979828506708145	0.020254001021385193	0.9182368516921997	[6335, 6335, 6335, 6335, 6335]	[6400, 6400, 6400, 6400, 6399]		
1075.10475	2.1075000000000728	epochs															maze_arm	67.0
1077.2325	5.177999999999884	epochs															feedback_and_iti	67.0
1077.2325	0.99675000000002	epochs															feedback_delay	67.0
1078.24675	1.9704999999999018	epochs															feedback	67.0
1080.4105	2.0	epochs															iti	67.0
1082.4355	10.880499999999984	epochs															maze	68.0
1082.4355	8.103249999999889	epochs															maze_stem	68.0
1082.4575	17.92100000000005	trials	False	True	False	True	False	False	[0.8576998114585876, 0.14230012893676758, 0.06099115312099457, 0.9390088319778442]	0.7967086806893349	0.0813089981675148	-0.39835432916879654	-0.04065451771020889	0.06099115312099457	[6432, 6432, 6432, 6432, 6432]	[6497, 6497, 6496, 6496, 6496]		
1090.55925	2.756750000000011	epochs															maze_arm	68.0
1093.33425	7.022499999999809	epochs															feedback_and_iti	68.0
1093.33425	0.9962499999999181	epochs															feedback_delay	68.0
1094.3475	1.986750000000029	epochs															feedback	68.0
1096.373	3.9837499999998727	epochs															iti	68.0
1100.3785	7.9845000000000255	epochs															maze	69.0
1100.3785	5.652749999999969	epochs															maze_stem	69.0
1100.4045	13.177749999999833	trials	False	True	False	False	False	True	[0.8781847953796387, 0.12181520462036133, 0.32197973132133484, 0.6780202984809875]	0.556205078959465	-0.20016451179981232	0.2781025320291519	0.10008226335048676	0.8781847953796387	[6540, 6540, 6540, 6539, 6539]	[6587, 6587, 6587, 6586, 6586]		
1106.051	2.3120000000001255	epochs															maze_arm	69.0
1108.382	5.176999999999907	epochs															feedback_and_iti	69.0
1108.382	0.9890000000000327	epochs															feedback_delay	69.0
1109.38975	1.984749999999849	epochs															feedback	69.0
1111.56475	1.9942499999999654	epochs															iti	69.0
1113.58225	9.643750000000182	epochs															maze	70.0
1113.58225	6.962500000000091	epochs															maze_stem	70.0
1113.60225	14.838000000000193	trials	False	True	False	False	False	True	[0.9345868825912476, 0.06541314721107483, 0.3023134171962738, 0.6976865530014038]	0.6322734355926514	-0.23690029978752136	0.3161367326974869	0.11845014989376068	0.9345868825912476	[6619, 6619, 6619, 6619, 6618]	[6676, 6676, 6676, 6676, 6675]		
1120.565	2.661000000000058	epochs															maze_arm	70.0
1123.2425	5.177249999999958	epochs															feedback_and_iti	70.0
1123.2425	0.9974999999999454	epochs															feedback_delay	70.0
1124.25925	1.9794999999999163	epochs															feedback	70.0
1126.43175	1.9880000000000564	epochs															iti	70.0
1128.44025	9.590249999999969	epochs															maze	71.0
1128.44025	6.690499999999929	epochs															maze_stem	71.0
1128.461	14.805249999999887	trials	False	True	False	False	False	True	[0.922156810760498, 0.07784317433834076, 0.20504654943943024, 0.794953465461731]	0.717110276222229	-0.12720336019992828	0.3585551306605339	0.06360168009996414	0.922156810760498	[6708, 6708, 6708, 6708, 6708]	[6765, 6765, 6765, 6764, 6764]		
1135.14975	2.8807500000000346	epochs															maze_arm	71.0
1138.047	5.194250000000011	epochs															feedback_and_iti	71.0
1138.047	0.9884999999999309	epochs															feedback_delay	71.0
1139.05275	1.9862499999999272	epochs															feedback	71.0
1141.2305	2.0107500000001437	epochs															iti	71.0
1143.26625	9.313000000000102	epochs															maze	72.0
1143.26625	6.629250000000184	epochs															maze_stem	72.0
1143.28825	14.502749999999878	trials	False	True	False	False	False	True	[0.9230647087097168, 0.07693527638912201, 0.1694757342338562, 0.8305242657661438]	0.7535889819264412	-0.0925404503941536	0.3767944872379303	0.0462702214717865	0.9230647087097168	[6797, 6797, 6797, 6797, 6796]	[6852, 6852, 6852, 6852, 6851]		
1149.917	2.6622500000000855	epochs															maze_arm	72.0
1152.59575	5.173999999999978	epochs															feedback_and_iti	72.0
1152.59575	0.9867500000000291	epochs															feedback_delay	72.0
1153.6005	1.9792500000000928	epochs															feedback	72.0
1155.78325	1.9864999999999782	epochs															iti	72.0
1157.791	9.272249999999985	epochs															maze	73.0
1157.791	6.731500000000096	epochs															maze_stem	73.0
1157.81175	14.472999999999956	trials	False	True	False	False	False	True	[0.9239013195037842, 0.07609868049621582, 0.14677152037620544, 0.8532285094261169]	0.7771298140287399	-0.07067282497882843	0.38856489956378937	0.03533641993999481	0.9239013195037842	[6884, 6884, 6884, 6884, 6884]	[6939, 6939, 6939, 6938, 6938]		
1164.54325	2.519999999999982	epochs															maze_arm	73.0
1167.08125	5.182000000000016	epochs															feedback_and_iti	73.0
1167.08125	0.993750000000091	epochs															feedback_delay	73.0
1168.0925	1.9735000000000582	epochs															feedback	73.0
1170.26725	1.9959999999998672	epochs															iti	73.0
1172.28475	10.001500000000078	epochs															maze	74.0
1172.28475	8.235500000000002	epochs															maze_stem	74.0
1172.3055	15.19074999999998	trials	False	True	False	True	True	True	[0.9248744249343872, 0.07512558996677399, 0.1318962275981903, 0.8681037425994873]	0.7929781749844551	-0.05677065998315811	0.39648907631635666	-0.028385333716869354	0.8681037425994873	[6971, 6971, 6971, 6971, 6971]	[7030, 7030, 7030, 7030, 7030]		
1180.5405	1.7457500000000437	epochs															maze_arm	74.0
1182.3025	5.173999999999978	epochs															feedback_and_iti	74.0
1182.3025	0.9915000000000873	epochs															feedback_delay	74.0
1183.31225	1.9822500000000218	epochs															feedback	74.0
1185.48775	1.9887499999999818	epochs															iti	74.0
1187.49625	8.655750000000126	epochs															maze	75.0
1187.49625	6.599500000000035	epochs															maze_stem	75.0
1187.51675	13.855499999999893	trials	True	True	False	False	False	True	[0.8965075016021729, 0.10349247604608536, 0.07255373895168304, 0.9274463057518005]	0.8239537961781025	0.030938770622015	0.4119768813252449	-0.015469379723072052	0.8965075016021729	[7063, 7062, 7062, 7062, 7062]	[7113, 7113, 7113, 7113, 7113]		
1194.1155	2.0364999999999327	epochs															maze_arm	75.0
1196.16925	5.181750000000193	epochs															feedback_and_iti	75.0
1196.16925	0.993750000000091	epochs															feedback_delay	75.0
1197.18075	1.9882500000001073	epochs															feedback	75.0
1199.368	1.9830000000001746	epochs															iti	75.0
1201.37225	8.887500000000045	epochs															maze	76.0
1201.37225	6.576999999999998	epochs															maze_stem	76.0
1201.39325	14.07224999999994	trials	False	True	False	False	False	True	[0.9223524928092957, 0.07764744758605957, 0.08456666022539139, 0.9154333472251892]	0.837785866111517	-0.0069191791117191315	0.41889291629195213	0.003459576517343521	0.9223524928092957	[7146, 7146, 7145, 7145, 7145]	[7198, 7198, 7198, 7198, 7197]		
1207.97025	2.2894999999998618	epochs															maze_arm	76.0
1210.27825	5.16599999999994	epochs															feedback_and_iti	76.0
1210.27825	0.9862499999999272	epochs															feedback_delay	76.0
1211.28325	1.9850000000001273	epochs															feedback	76.0
1213.465	1.9792500000000928	epochs															iti	76.0
1215.4655	9.313750000000027	epochs															maze	77.0
1215.4655	6.879750000000058	epochs															maze_stem	77.0
1215.4865	14.50649999999996	trials	True	True	False	False	False	True	[0.9300291538238525, 0.06997088342905045, 0.08582189679145813, 0.9141781330108643]	0.8442072533071041	-0.015851017087697983	0.4221036285161972	0.007925525307655334	0.9300291538238525	[7230, 7230, 7230, 7230, 7229]	[7285, 7285, 7285, 7285, 7284]		
1222.3655	2.4137499999999363	epochs															maze_arm	77.0
1224.79625	5.1752500000000055	epochs															feedback_and_iti	77.0
1224.79625	0.9982499999998709	epochs															feedback_delay	77.0
1225.81225	1.9747500000000855	epochs															feedback	77.0
1227.98225	1.9892500000000837	epochs															iti	77.0
1229.993	19.250999999999976	epochs															maze	78.0
1229.993	17.249250000000075	epochs															maze_stem	78.0
1230.01325	24.451749999999947	trials	False	True	False	True	True	True	[0.9030935168266296, 0.09690649807453156, 0.07162412256002426, 0.9283758997917175]	0.8314693979918957	0.025282379239797592	0.415734700858593	0.012641198933124542	0.9283758997917175	[7317, 7317, 7317, 7317, 7317]	[7432, 7432, 7431, 7431, 7431]		
1247.26325	1.9807499999999436	epochs															maze_arm	78.0
1249.2625	5.1782499999999345	epochs															feedback_and_iti	78.0
1249.2625	0.9829999999999472	epochs															feedback_delay	78.0
1250.26425	1.9764999999999873	epochs															feedback	78.0
1252.44575	1.9949999999998909	epochs															iti	78.0
1254.465	7.5715000000000146	epochs															maze	79.0
1254.465	5.638750000000073	epochs															maze_stem	79.0
1254.488	12.770999999999958	trials	False	True	False	False	False	True	[0.9012986421585083, 0.09870140999555588, 0.053432367742061615, 0.9465675950050354]	0.8478662297129631	0.04526899755001068	0.42393313720822334	-0.022634495049715042	0.9012986421585083	[7464, 7464, 7464, 7464, 7463]	[7509, 7508, 7508, 7508, 7508]		
1260.12475	1.9117499999999836	epochs															maze_arm	79.0
1262.05275	5.177500000000009	epochs															feedback_and_iti	79.0
1262.05275	0.9855000000000018	epochs															feedback_delay	79.0
1263.05675	1.9842499999999745	epochs															feedback	79.0
1265.2345	1.9957500000000437	epochs															iti	79.0
1267.259	7.8840000000000146	epochs															maze	80.0
1267.259	6.122499999999945	epochs															maze_stem	80.0
1267.28475	13.077499999999873	trials	False	True	False	False	False	True	[0.9268410205841064, 0.07315899431705475, 0.07228247821331024, 0.9277175068855286]	0.854558527469635	0.000876501202583313	0.4272792711853981	-0.0004382506012916565	0.9268410205841064	[7541, 7541, 7540, 7540, 7540]	[7587, 7587, 7587, 7587, 7586]		
1273.4015	1.7415000000000873	epochs															maze_arm	80.0
1275.1605	5.179250000000138	epochs															feedback_and_iti	80.0
1275.1605	0.9857500000000528	epochs															feedback_delay	80.0
1276.165	1.9950000000001182	epochs															feedback	80.0
1278.36025	1.9795000000001437	epochs															iti	80.0
1280.36225	8.27800000000002	epochs															maze	81.0
1280.36225	6.625	epochs															maze_stem	81.0
1280.3835	15.314000000000078	trials	False	True	False	True	False	False	[0.9257215261459351, 0.07427850365638733, 0.06597995012998581, 0.9340201020240784]	0.8597415871918201	0.008298564702272415	-0.4298707880079746	-0.004149261862039566	0.06597995012998581	[7619, 7619, 7619, 7619, 7619]	[7668, 7668, 7668, 7668, 7667]		
1287.00925	1.6309999999998581	epochs															maze_arm	81.0
1288.65875	7.019250000000056	epochs															feedback_and_iti	81.0
1288.65875	0.9959999999998672	epochs															feedback_delay	81.0
1289.6745	1.9674999999999727	epochs															feedback	81.0
1291.6825	3.99550000000022	epochs															iti	81.0
1295.6975	8.909000000000106	epochs															maze	82.0
1295.6975	6.8562500000000455	epochs															maze_stem	82.0
1295.718	15.953499999999849	trials	True	True	False	True	False	False	[0.9175681471824646, 0.08243191242218018, 0.2627643048763275, 0.7372356653213501]	0.6548037976026535	-0.18033243715763092	-0.32740192115306854	0.09016622602939606	0.2627643048763275	[7711, 7711, 7711, 7711, 7711]	[7764, 7764, 7763, 7763, 7763]		
1302.5745	2.032000000000153	epochs															maze_arm	82.0
1304.624	7.0219999999999345	epochs															feedback_and_iti	82.0
1304.624	0.99025000000006	epochs															feedback_delay	82.0
1305.632	1.9804999999998927	epochs															feedback	82.0
1307.6485	3.9974999999999454	epochs															iti	82.0
1311.6715	8.437750000000051	epochs															maze	83.0
1311.6715	5.871499999999969	epochs															maze_stem	83.0
1311.6945	13.643749999999955	trials	False	True	False	False	False	True	[0.8735430836677551, 0.12645697593688965, 0.4816061556339264, 0.5183938145637512]	0.39193688333034515	-0.3551492244005203	0.19596846401691437	0.17757461965084076	0.8735430836677551	[7807, 7807, 7807, 7807, 7806]	[7857, 7857, 7856, 7856, 7856]		
1317.5645	2.544750000000022	epochs															maze_arm	83.0
1320.1275	5.1847499999998945	epochs															feedback_and_iti	83.0
1320.1275	0.9829999999999472	epochs															feedback_delay	83.0
1321.12875	1.9972499999998945	epochs															feedback	83.0
1323.31425	1.9980000000000473	epochs															iti	83.0
1325.33825	10.550500000000056	epochs															maze	84.0
1325.33825	6.602499999999964	epochs															maze_stem	84.0
1325.362	17.576999999999998	trials	False	True	False	True	False	False	[0.9545277953147888, 0.04547222703695297, 0.4541688561439514, 0.5458311438560486]	0.5003589279949665	-0.40869664028286934	-0.2501794695854187	0.20434832572937012	0.4541688561439514	[7889, 7889, 7889, 7889, 7888]	[7951, 7951, 7951, 7951, 7951]		
1331.96175	3.9270000000001346	epochs															maze_arm	84.0
1335.905	7.012750000000096	epochs															feedback_and_iti	84.0
1335.905	1.000250000000051	epochs															feedback_delay	84.0
1336.925	1.9647500000000946	epochs															feedback	84.0
1338.9275	3.99025000000006	epochs															iti	84.0
1342.939	9.036499999999933	epochs															maze	85.0
1342.939	6.774749999999813	epochs															maze_stem	85.0
1342.95975	14.250250000000051	trials	False	True	False	False	False	True	[0.9121622443199158, 0.08783776313066483, 0.5567711591720581, 0.4432288706302643]	0.35539109632372856	-0.4689333848655224	0.17769554257392883	0.23446670174598694	0.9121622443199158	[7995, 7995, 7994, 7994, 7994]	[8048, 8048, 8048, 8047, 8047]		
1349.73425	2.2412500000000364	epochs															maze_arm	85.0
1351.99175	5.187250000000176	epochs															feedback_and_iti	85.0
1351.99175	0.9925000000000637	epochs															feedback_delay	85.0
1353.002	1.9767500000000382	epochs															feedback	85.0
1355.179	2.0	epochs															iti	85.0
1357.21	8.873499999999922	epochs															maze	86.0
1357.21	6.89449999999988	epochs															maze_stem	86.0
1357.24	14.052249999999958	trials	False	True	False	True	True	True	[0.9520852565765381, 0.04791475459933281, 0.4920644760131836, 0.5079355239868164]	0.46002077497541904	-0.44414972700178623	0.2300103846937418	-0.2220748607069254	0.5079355239868164	[8080, 8080, 8080, 8080, 8079]	[8133, 8132, 8132, 8132, 8132]		
1364.125	1.9584999999999582	epochs															maze_arm	86.0
1366.09975	5.1684999999999945	epochs															feedback_and_iti	86.0
1366.09975	0.9849999999999	epochs															feedback_delay	86.0
1367.10325	1.98700000000008	epochs															feedback	86.0
1369.29025	1.9780000000000655	epochs															iti	86.0
1371.29225	8.840750000000071	epochs															maze	87.0
1371.29225	6.838750000000118	epochs															maze_stem	87.0
1371.319	14.052000000000135	trials	False	True	False	True	True	True	[0.9323448538780212, 0.06765509396791458, 0.1887800097465515, 0.8112199306488037]	0.7435648404061794	-0.12112491950392723	0.37178241834044456	-0.060562487691640854	0.8112199306488037	[8165, 8165, 8164, 8164, 8164]	[8217, 8217, 8216, 8216, 8216]		
1378.14975	1.9832499999999982	epochs															maze_arm	87.0
1380.14925	5.193750000000136	epochs															feedback_and_iti	87.0
1380.14925	0.993750000000091	epochs															feedback_delay	87.0
1381.17075	1.971749999999929	epochs															feedback	87.0
1383.33775	2.00525000000016	epochs															iti	87.0
1385.371	8.840999999999894	epochs															maze	88.0
1385.371	6.826499999999896	epochs															maze_stem	88.0
1385.3935	14.031750000000102	trials	False	True	False	True	True	True	[0.9154359102249146, 0.08456414192914963, 0.11142786592245102, 0.8885721564292908]	0.8040080294013023	-0.026863738894462585	0.40200400725007057	-0.0134318508207798	0.8885721564292908	[8249, 8249, 8249, 8249, 8248]	[8301, 8301, 8301, 8301, 8300]		
1392.2185	1.99350000000004	epochs															maze_arm	88.0
1394.23025	5.172749999999951	epochs															feedback_and_iti	88.0
1394.23025	0.9917499999999109	epochs															feedback_delay	88.0
1395.23975	1.975500000000011	epochs															feedback	88.0
1397.414	1.9890000000000327	epochs															iti	88.0
1399.42525	8.732999999999947	epochs															maze	89.0
1399.42525	6.499000000000024	epochs															maze_stem	89.0
1399.448	13.939249999999902	trials	False	True	False	True	True	True	[0.8996915817260742, 0.10030846297740936, 0.08357236534357071, 0.9164276123046875]	0.8161191828548908	0.016736064106225967	0.40805957466363907	0.008368037641048431	0.9164276123046875	[8333, 8333, 8333, 8333, 8333]	[8385, 8385, 8384, 8384, 8384]		
1405.946	2.21225000000004	epochs															maze_arm	89.0
1408.1765	5.187750000000051	epochs															feedback_and_iti	89.0
1408.1765	0.9842499999999745	epochs															feedback_delay	89.0
1409.1795	1.9919999999999618	epochs															feedback	89.0
1411.3675	1.99675000000002	epochs															iti	89.0
1413.38725	9.310500000000047	epochs															maze	90.0
1413.38725	6.756750000000011	epochs															maze_stem	90.0
1413.4085	14.505499999999984	trials	False	True	False	True	True	True	[0.8885042667388916, 0.11149569600820541, 0.07203619927167892, 0.9279637932777405]	0.8164680823683739	0.03945951163768768	0.40823404863476753	0.019729744642972946	0.9279637932777405	[8417, 8417, 8417, 8417, 8416]	[8472, 8472, 8472, 8471, 8471]		
1420.16475	2.533000000000129	epochs															maze_arm	90.0
1422.716	5.174250000000029	epochs															feedback_and_iti	90.0
1422.716	0.9862500000001546	epochs															feedback_delay	90.0
1423.72125	1.9894999999999072	epochs															feedback	90.0
1425.9065	1.9837499999998727	epochs															iti	90.0
1427.914	8.468250000000126	epochs															maze	91.0
1427.914	6.277749999999969	epochs															maze_stem	91.0
1427.93625	15.500999999999976	trials	False	True	False	False	True	False	[0.8812741637229919, 0.11872585117816925, 0.06612621992826462, 0.9338737726211548]	0.8151479326188564	0.05259962007403374	-0.40757396072149277	0.026299811899662018	0.11872585117816925	[8504, 8504, 8504, 8504, 8504]	[8554, 8554, 8554, 8554, 8553]		
1434.21325	2.1690000000000964	epochs															maze_arm	91.0
1436.39925	7.017500000000155	epochs															feedback_and_iti	91.0
1436.39925	0.9945000000000164	epochs															feedback_delay	91.0
1437.41225	1.977999999999838	epochs															feedback	91.0
1439.4285	3.9882500000001073	epochs															iti	91.0
1443.43725	8.042249999999967	epochs															maze	92.0
1443.43725	6.083000000000084	epochs															maze_stem	92.0
1443.45825	15.079250000000002	trials	False	True	False	True	False	False	[0.7113080620765686, 0.2886919677257538, 0.17851360142230988, 0.8214863538742065]	0.5327944234013557	0.11017832905054092	-0.26639723032712936	-0.05508916825056076	0.17851360142230988	[8597, 8597, 8597, 8597, 8597]	[8645, 8644, 8644, 8644, 8644]		
1449.543	1.9365000000000236	epochs															maze_arm	92.0
1451.49575	7.020999999999958	epochs															feedback_and_iti	92.0
1451.49575	0.9925000000000637	epochs															feedback_delay	92.0
1452.50525	1.980750000000171	epochs															feedback	92.0
1454.524	3.9927500000001146	epochs															iti	92.0
1458.5375	8.187750000000051	epochs															maze	93.0
1458.5375	5.833000000000084	epochs															maze_stem	93.0
1458.55825	15.211000000000013	trials	False	True	False	True	False	False	[0.7898357510566711, 0.21016424894332886, 0.3444652557373047, 0.6555347442626953]	0.44537049531936646	-0.13430100679397583	-0.22268524765968323	0.06715050339698792	0.3444652557373047	[8688, 8688, 8688, 8687, 8687]	[8736, 8736, 8736, 8736, 8735]		
1464.39075	2.3344999999999345	epochs															maze_arm	93.0
1466.74325	7.005000000000109	epochs															feedback_and_iti	93.0
1466.74325	0.9939999999999145	epochs															feedback_delay	93.0
1467.75425	1.9747500000000855	epochs															feedback	93.0
1469.7655	3.9827500000001237	epochs															iti	93.0
1473.76925	7.61324999999988	epochs															maze	94.0
1473.76925	5.2974999999999	epochs															maze_stem	94.0
1473.791	12.814000000000078	trials	False	True	False	False	False	True	[0.7839877009391785, 0.21601229906082153, 0.4776529371738434, 0.522347092628479]	0.3063347786664963	-0.26164062321186066	0.15316738188266754	0.13082031905651093	0.7839877009391785	[8779, 8779, 8779, 8779, 8778]	[8824, 8824, 8824, 8823, 8823]		
1479.0905	2.2919999999999163	epochs															maze_arm	94.0
1481.3995	5.185750000000098	epochs															feedback_and_iti	94.0
1481.3995	0.9860000000001037	epochs															feedback_delay	94.0
1482.4025	1.9909999999999854	epochs															feedback	94.0
1484.59625	1.9890000000000327	epochs															iti	94.0
1486.605	8.656999999999925	epochs															maze	95.0
1486.605	6.685500000000047	epochs															maze_stem	95.0
1486.626	13.85550000000012	trials	False	True	False	False	False	True	[0.8944177627563477, 0.10558231174945831, 0.4868261516094208, 0.5131738185882568]	0.4075915589928627	-0.38124389201402664	0.20379580557346344	0.19062195718288422	0.8944177627563477	[8856, 8856, 8856, 8856, 8855]	[8907, 8907, 8907, 8907, 8906]		
1493.31175	1.950249999999869	epochs															maze_arm	95.0
1495.2805	5.179499999999962	epochs															feedback_and_iti	95.0
1495.2805	0.9987499999999727	epochs															feedback_delay	95.0
1496.2965	1.984000000000151	epochs															feedback	95.0
1498.4695	1.990500000000111	epochs															iti	95.0
1500.4815	10.118499999999813	epochs															maze	96.0
1500.4815	7.785249999999905	epochs															maze_stem	96.0
1500.5005	15.319999999999936	trials	False	True	False	True	True	True	[0.9042335152626038, 0.09576648473739624, 0.4184376001358032, 0.5815623998641968]	0.48579591512680054	-0.322671115398407	0.24289795756340027	-0.1613355576992035	0.5815623998641968	[8939, 8939, 8939, 8939, 8939]	[8999, 8999, 8999, 8999, 8998]		
1508.28725	2.3127499999998236	epochs															maze_arm	96.0
1510.618	5.17775000000006	epochs															feedback_and_iti	96.0
1510.618	0.9862500000001546	epochs															feedback_delay	96.0
1511.62275	1.9822500000000218	epochs															feedback	96.0
1513.799	1.99675000000002	epochs															iti	96.0
1515.8205	9.16274999999996	epochs															maze	97.0
1515.8205	7.0532499999999345	epochs															maze_stem	97.0
1515.843	14.351499999999987	trials	False	True	False	True	True	True	[0.8510139584541321, 0.14898604154586792, 0.1684618890285492, 0.8315380811691284]	0.6825520545244217	-0.019475862383842468	0.34127601981163025	-0.009737938642501831	0.8315380811691284	[9031, 9031, 9031, 9031, 9031]	[9085, 9085, 9085, 9085, 9085]		
1522.89475	2.0885000000000673	epochs															maze_arm	97.0
1524.9995	5.172500000000127	epochs															feedback_and_iti	97.0
1524.9995	0.9972500000001219	epochs															feedback_delay	97.0
1526.01575	1.981499999999869	epochs															feedback	97.0
1528.18875	1.9832499999999982	epochs															iti	97.0
1530.1945	9.194499999999834	epochs															maze	98.0
1530.1945	6.957499999999982	epochs															maze_stem	98.0
1530.21875	14.399499999999989	trials	False	True	False	True	True	True	[0.8223785161972046, 0.17762146890163422, 0.0998891144990921, 0.9001109004020691]	0.7224894165992737	0.07773236930370331	0.36124471575021744	0.038866184651851654	0.9001109004020691	[9118, 9117, 9117, 9117, 9117]	[9172, 9172, 9171, 9171, 9171]		
1537.1725	2.2164999999999964	epochs															maze_arm	98.0
1539.406	5.189750000000004	epochs															feedback_and_iti	98.0
1539.406	0.9932499999999891	epochs															feedback_delay	98.0
1540.41775	1.9809999999999945	epochs															feedback	98.0
1542.60025	1.9954999999999927	epochs															iti	98.0
1544.61825	10.168249999999944	epochs															maze	99.0
1544.61825	7.7037499999999	epochs															maze_stem	99.0
1544.63975	15.371249999999918	trials	False	True	False	True	True	True	[0.7972884178161621, 0.2027115523815155, 0.07591310888528824, 0.9240869283676147]	0.7213753424584866	0.12679847702383995	0.3606876879930496	0.06339924037456512	0.9240869283676147	[9204, 9204, 9204, 9204, 9203]	[9264, 9264, 9264, 9264, 9263]		
1552.34575	2.44074999999998	epochs															maze_arm	99.0
1554.80375	5.186249999999973	epochs															feedback_and_iti	99.0
1554.80375	0.9977499999999964	epochs															feedback_delay	99.0
1555.82	1.9760000000001128	epochs															feedback	99.0
1557.993	1.997000000000071	epochs															iti	99.0
1560.011	9.314750000000004	epochs															maze	100.0
1560.011	7.184999999999945	epochs															maze_stem	100.0
1560.0325	14.536749999999984	trials	False	True	False	False	False	True	[0.7820156812667847, 0.21798431873321533, 0.06635723263025284, 0.9336426854133606]	0.7156584076583385	0.1516270451247692	0.3578292243182659	-0.07581354305148125	0.7820156812667847	[9296, 9296, 9296, 9296, 9296]	[9351, 9351, 9351, 9351, 9351]		
1567.2195	2.1062500000000455	epochs															maze_arm	100.0
1569.3435	5.203750000000127	epochs															feedback_and_iti	100.0
1569.3435	0.9822500000000218	epochs															feedback_delay	100.0
1570.34425	1.9952499999999418	epochs															feedback	100.0
1572.54325	2.004000000000133	epochs															iti	100.0
1574.56925	9.033500000000004	epochs															maze	101.0
1574.56925	6.8279999999999745	epochs															maze_stem	101.0
1574.5905	14.214500000000044	trials	True	True	False	True	True	True	[0.9063461422920227, 0.09365381300449371, 0.11844246089458466, 0.8815575242042542]	0.7879036962985992	-0.02478863298892975	0.3939518555998802	-0.012394331395626068	0.8815575242042542	[9384, 9384, 9383, 9383, 9383]	[9437, 9437, 9437, 9436, 9436]		
1581.41775	2.1849999999999454	epochs															maze_arm	101.0
1583.62075	5.163250000000062	epochs															feedback_and_iti	101.0
1583.62075	0.9962499999999181	epochs															feedback_delay	101.0
1584.6355	1.9689999999998236	epochs															feedback	101.0
1586.80325	1.980750000000171	epochs															iti	101.0
1588.805	8.917749999999842	epochs															maze	102.0
1588.805	7.2407499999999345	epochs															maze_stem	102.0
1588.82775	14.110250000000178	trials	False	True	False	True	True	True	[0.8567965626716614, 0.14320343732833862, 0.07255033403635025, 0.9274497032165527]	0.7842462472617626	0.07065312191843987	0.39212313294410706	0.03532657027244568	0.9274497032165527	[9469, 9469, 9469, 9469, 9468]	[9522, 9521, 9521, 9521, 9521]		
1596.07125	1.6514999999999418	epochs															maze_arm	102.0
1597.74075	5.176500000000033	epochs															feedback_and_iti	102.0
1597.74075	0.9954999999999927	epochs															feedback_delay	102.0
1598.75575	1.981499999999869	epochs															feedback	102.0
1600.93125	1.9859999999998763	epochs															iti	102.0
1602.938	8.653249999999844	epochs															maze	103.0
1602.938	6.288999999999987	epochs															maze_stem	103.0
1602.96075	13.843000000000075	trials	False	True	False	False	False	True	[0.8216097950935364, 0.17839021980762482, 0.061158739030361176, 0.9388412833213806]	0.7604510597884655	0.11723148450255394	0.3802255280315876	-0.058615732938051224	0.8216097950935364	[9554, 9554, 9553, 9553, 9553]	[9605, 9605, 9604, 9604, 9604]		
1609.24775	2.343499999999949	epochs															maze_arm	103.0
1611.60975	5.173749999999927	epochs															feedback_and_iti	103.0
1611.60975	0.9954999999999927	epochs															feedback_delay	103.0
1612.6235	1.9750000000001364	epochs															feedback	103.0
1614.792	1.9915000000000873	epochs															iti	103.0
1616.80375	8.243999999999915	epochs															maze	104.0
1616.80375	6.2094999999999345	epochs															maze_stem	104.0
1616.8265	13.464249999999993	trials	False	True	False	False	False	True	[0.9166911840438843, 0.08330880850553513, 0.10492841899394989, 0.8950715661048889]	0.8117627613246441	-0.021619614213705063	0.4058813825249672	0.010809801518917084	0.9166911840438843	[9637, 9637, 9637, 9636, 9636]	[9686, 9685, 9685, 9685, 9685]		
1623.0355	2.0122499999999945	epochs															maze_arm	104.0
1625.0655	5.19399999999996	epochs															feedback_and_iti	104.0
1625.0655	0.9855000000000018	epochs															feedback_delay	104.0
1626.07	1.9940000000001419	epochs															feedback	104.0
1628.262	1.9974999999999454	epochs															iti	104.0
1630.29075	8.504000000000133	epochs															maze	105.0
1630.29075	6.32100000000014	epochs															maze_stem	105.0
1630.31525	13.70049999999992	trials	False	True	False	True	True	True	[0.9191938638687134, 0.08080612868070602, 0.09219701588153839, 0.9078029990196228]	0.8269968591630459	-0.011390876024961472	0.4134984351694584	-0.0056954361498355865	0.9078029990196228	[9718, 9718, 9718, 9717, 9717]	[9768, 9768, 9768, 9767, 9767]		
1636.6335	2.161250000000109	epochs															maze_arm	105.0
1638.81325	5.18100000000004	epochs															feedback_and_iti	105.0
1638.81325	0.9850000000001273	epochs															feedback_delay	105.0
1639.817	1.990000000000009	epochs															feedback	105.0
1642.004	1.99025000000006	epochs															iti	105.0
1644.01575	7.971000000000004	epochs															maze	106.0
1644.01575	5.861249999999927	epochs															maze_stem	106.0
1644.03725	15.006999999999834	trials	False	True	False	False	True	False	[0.8777386546134949, 0.1222613975405693, 0.055473390966653824, 0.9445266127586365]	0.8222652394324541	0.06678798235952854	-0.4111326076090336	0.03339400514960289	0.1222613975405693	[9800, 9800, 9800, 9800, 9799]	[9847, 9847, 9847, 9846, 9846]		
1649.89775	2.088999999999942	epochs															maze_arm	106.0
1652.0035	7.018499999999904	epochs															feedback_and_iti	106.0
1652.0035	0.9884999999999309	epochs															feedback_delay	106.0
1653.01175	1.9767500000000382	epochs															feedback	106.0
1655.025	3.9969999999998436	epochs															iti	106.0
1659.04425	7.520750000000135	epochs															maze	107.0
1659.04425	5.382250000000113	epochs															maze_stem	107.0
1659.06625	12.712249999999813	trials	False	True	False	False	False	True	[0.6915304064750671, 0.3084695637226105, 0.16976593434810638, 0.8302341103553772]	0.5217645093798637	0.13870366662740707	0.2608822360634804	-0.06935182958841324	0.6915304064750671	[9890, 9890, 9890, 9890, 9890]	[9935, 9934, 9934, 9934, 9934]		
1664.44725	2.1177500000001146	epochs															maze_arm	107.0
1666.583	5.1724999999999	epochs															feedback_and_iti	107.0
1666.583	0.9907499999999345	epochs															feedback_delay	107.0
1667.5925	1.9880000000000564	epochs															feedback	107.0
1669.778	1.9774999999999636	epochs															iti	107.0
1671.7785	8.356250000000045	epochs															maze	108.0
1671.7785	6.452250000000049	epochs															maze_stem	108.0
1671.801	13.53950000000009	trials	False	True	False	False	False	True	[0.8636378049850464, 0.1363622099161148, 0.11001899838447571, 0.8899810314178467]	0.7536188140511513	0.026343218982219696	0.37680940330028534	-0.013171598315238953	0.8636378049850464	[9967, 9967, 9966, 9966, 9966]	[10016, 10016, 10015, 10015, 10015]		
1678.25	1.88474999999994	epochs															maze_arm	108.0
1680.1515	5.166000000000167	epochs															feedback_and_iti	108.0
1680.1515	0.9912500000000364	epochs															feedback_delay	108.0
1681.162	1.9737499999998818	epochs															feedback	108.0
1683.34025	1.97725000000014	epochs															iti	108.0
1685.3405	8.374499999999898	epochs															maze	109.0
1685.3405	5.961499999999887	epochs															maze_stem	109.0
1685.3615	13.567000000000007	trials	True	True	False	False	False	True	[0.880571722984314, 0.11942830681800842, 0.09000856429338455, 0.909991443157196]	0.7905631475150585	0.029419731348752975	0.3952815793454647	-0.014709856361150742	0.880571722984314	[10048, 10048, 10048, 10047, 10047]	[10097, 10097, 10097, 10097, 10097]		
1691.32225	2.392749999999978	epochs															maze_arm	109.0
1693.733	5.1687500000000455	epochs															feedback_and_iti	109.0
1693.733	0.984000000000151	epochs															feedback_delay	109.0
1694.7345	1.9859999999998763	epochs															feedback	109.0
1696.91025	1.9915000000000873	epochs															iti	109.0
1698.9285	8.576500000000124	epochs															maze	110.0
1698.9285	6.563249999999925	epochs															maze_stem	110.0
1698.9525	15.620499999999993	trials	False	True	False	True	False	False	[0.8461303114891052, 0.15386967360973358, 0.08176660537719727, 0.918233335018158]	0.7643636837601662	0.07210304588079453	-0.382181853055954	-0.036051541566848755	0.08176660537719727	[10130, 10129, 10129, 10129, 10129]	[10180, 10180, 10180, 10179, 10179]		
1705.51425	1.990750000000162	epochs															maze_arm	110.0
1707.53375	7.017749999999978	epochs															feedback_and_iti	110.0
1707.53375	0.9845000000000255	epochs															feedback_delay	110.0
1708.53675	1.98174999999992	epochs															feedback	110.0
1710.55575	3.9957500000000437	epochs															iti	110.0
1714.573	8.18574999999987	epochs															maze	111.0
1714.573	5.770249999999805	epochs															maze_stem	111.0
1714.59375	13.361750000000029	trials	True	True	False	False	False	True	[0.8673637509346008, 0.1326361894607544, 0.32376763224601746, 0.6762323379516602]	0.5435961335897446	-0.19113142788410187	0.2717980593442917	0.09556569159030914	0.8673637509346008	[10223, 10223, 10223, 10223, 10223]	[10271, 10271, 10271, 10271, 10271]		
1720.36375	2.394999999999982	epochs															maze_arm	111.0
1722.77725	5.158999999999878	epochs															feedback_and_iti	111.0
1722.77725	0.984749999999849	epochs															feedback_delay	111.0
1723.7805	1.978249999999889	epochs															feedback	111.0
1725.951	1.9852499999999509	epochs															iti	111.0
1727.9555	7.997749999999996	epochs															maze	112.0
1727.9555	5.935500000000047	epochs															maze_stem	112.0
1727.97675	13.196500000000015	trials	False	True	False	False	False	True	[0.9140689373016357, 0.08593110740184784, 0.3158937394618988, 0.6841062307357788]	0.598175160586834	-0.22996266931295395	0.29908759891986847	0.11498133838176727	0.9140689373016357	[10304, 10303, 10303, 10303, 10303]	[10351, 10350, 10350, 10350, 10350]		
1733.91225	2.04099999999994	epochs															maze_arm	112.0
1735.9715	5.176749999999856	epochs															feedback_and_iti	112.0
1735.9715	0.9964999999999691	epochs															feedback_delay	112.0
1736.98675	1.9772499999999127	epochs															feedback	112.0
1739.15975	1.9884999999999309	epochs															iti	112.0
1741.17325	8.183250000000044	epochs															maze	113.0
1741.17325	6.305249999999887	epochs															maze_stem	113.0
1741.19775	13.35850000000005	trials	False	True	False	True	True	True	[0.91291344165802, 0.08708658814430237, 0.28569406270980835, 0.7143059372901917]	0.6272193640470505	-0.19860748946666718	0.31360967457294464	-0.09930373728275299	0.7143059372901917	[10383, 10383, 10382, 10382, 10382]	[10431, 10431, 10431, 10430, 10430]		
1747.499	1.8575000000000728	epochs															maze_arm	113.0
1749.37425	5.162000000000035	epochs															feedback_and_iti	113.0
1749.37425	0.9837499999998727	epochs															feedback_delay	113.0
1750.3765	1.9839999999999236	epochs															feedback	113.0
1752.55575	1.98050000000012	epochs															iti	113.0
1754.55625	8.290250000000015	epochs															maze	114.0
1754.55625	6.089249999999993	epochs															maze_stem	114.0
1754.5775	13.475500000000011	trials	False	True	False	True	True	True	[0.8798306584358215, 0.12016940861940384, 0.11978305131196976, 0.8802168965339661]	0.760047547519207	0.00038629770278930664	0.3800237439572811	0.00019315257668495178	0.8802168965339661	[10463, 10463, 10463, 10463, 10462]	[10512, 10512, 10511, 10511, 10511]		
1760.666	2.1805000000001655	epochs															maze_arm	114.0
1762.86475	5.167500000000018	epochs															feedback_and_iti	114.0
1762.86475	0.9922500000000127	epochs															feedback_delay	114.0
1763.87675	1.9809999999999945	epochs															feedback	114.0
1766.05575	1.9764999999999873	epochs															iti	114.0
1768.053	8.155999999999949	epochs															maze	115.0
1768.053	6.270499999999856	epochs															maze_stem	115.0
1768.078	13.338250000000016	trials	False	True	False	False	False	True	[0.8445490002632141, 0.15545104444026947, 0.07005803287029266, 0.9299420118331909]	0.7744909673929214	0.0853930115699768	0.3872454836964607	-0.04269648343324661	0.8445490002632141	[10544, 10544, 10544, 10543, 10543]	[10592, 10592, 10592, 10591, 10591]		
1774.34475	1.8642500000000837	epochs															maze_arm	115.0
1776.22725	5.167750000000069	epochs															feedback_and_iti	115.0
1776.22725	0.9887499999999818	epochs															feedback_delay	115.0
1777.23475	1.9869999999998527	epochs															feedback	115.0
1779.42125	1.9737499999998818	epochs															iti	115.0
1781.41625	7.576999999999998	epochs															maze	116.0
1781.41625	5.586250000000064	epochs															maze_stem	116.0
1781.4375	12.774499999999989	trials	False	True	False	False	False	True	[0.9101839065551758, 0.08981605619192123, 0.09587186574935913, 0.9041280746459961]	0.8143120296299458	-0.006055820733308792	0.4071560204029083	0.003027886152267456	0.9101839065551758	[10624, 10624, 10624, 10624, 10623]	[10669, 10668, 10668, 10668, 10668]		
1787.023	1.9702500000000782	epochs															maze_arm	116.0
1789.00975	5.176750000000084	epochs															feedback_and_iti	116.0
1789.00975	0.9957500000000437	epochs															feedback_delay	116.0
1790.02425	1.9835000000000491	epochs															feedback	116.0
1792.19975	1.986750000000029	epochs															iti	116.0
1794.212	7.925500000000056	epochs															maze	117.0
1794.212	5.841000000000122	epochs															maze_stem	117.0
1794.236	13.118499999999813	trials	False	True	False	False	False	True	[0.910355269908905, 0.08964470773935318, 0.08205682784318924, 0.9179431796073914]	0.828298456966877	0.007587894797325134	0.4141492210328579	-0.0037939511239528656	0.910355269908905	[10701, 10701, 10701, 10700, 10700]	[10748, 10747, 10747, 10747, 10747]		
1800.0745	2.063000000000102	epochs															maze_arm	117.0
1802.15425	5.179750000000013	epochs															feedback_and_iti	117.0
1802.15425	0.9922500000000127	epochs															feedback_delay	117.0
1803.1655	1.9884999999999309	epochs															feedback	117.0
1805.353	1.9809999999999945	epochs															iti	117.0
1807.3545	8.534750000000031	epochs															maze	118.0
1807.3545	5.68950000000018	epochs															maze_stem	118.0
1807.382	15.55749999999989	trials	False	True	False	False	True	False	[0.9105195999145508, 0.0894804373383522, 0.07704398036003113, 0.9229560494422913]	0.8334756158292294	0.012436453253030777	-0.41673780605196953	0.006218243390321732	0.0894804373383522	[10780, 10780, 10779, 10779, 10779]	[10830, 10830, 10830, 10829, 10829]		
1813.06475	2.8244999999999436	epochs															maze_arm	118.0
1815.906	7.01175000000012	epochs															feedback_and_iti	118.0
1815.906	0.9972500000001219	epochs															feedback_delay	118.0
1816.92125	1.9747499999998581	epochs															feedback	118.0
1818.934	3.9837500000001	epochs															iti	118.0
1822.9395	10.037500000000136	epochs															maze	119.0
1822.9395	7.957000000000107	epochs															maze_stem	119.0
1822.96275	15.239000000000033	trials	False	True	False	True	True	True	[0.6718509793281555, 0.3281489908695221, 0.17164333164691925, 0.8283566832542419]	0.5002076700329781	0.15650568157434464	0.2501038461923599	0.07825283706188202	0.8283566832542419	[10873, 10873, 10873, 10873, 10872]	[10932, 10932, 10932, 10932, 10932]		
1830.9175	2.059500000000071	epochs															maze_arm	119.0
1832.99575	5.1847499999998945	epochs															feedback_and_iti	119.0
1832.99575	0.9980000000000473	epochs															feedback_delay	119.0
1834.01075	1.978749999999991	epochs															feedback	119.0
1836.191	1.9894999999999072	epochs															iti	119.0
1838.20175	8.283750000000055	epochs															maze	120.0
1838.20175	6.44275000000016	epochs															maze_stem	120.0
1838.2255	13.480749999999944	trials	False	True	False	True	True	True	[0.759914755821228, 0.2400851845741272, 0.0643971711397171, 0.9356029033660889]	0.6955176517367363	0.17568808048963547	0.34775885939598083	0.08784404397010803	0.9356029033660889	[10965, 10965, 10964, 10964, 10964]	[11013, 11013, 11013, 11013, 11013]		
1844.6665	1.81899999999996	epochs															maze_arm	120.0
1846.502	5.181749999999965	epochs															feedback_and_iti	120.0
1846.502	0.9855000000000018	epochs															feedback_delay	120.0
1847.5045	1.9929999999999382	epochs															feedback	120.0
1849.694	1.9897499999999582	epochs															iti	120.0
1851.70625	8.613749999999982	epochs															maze	121.0
1851.70625	6.626999999999953	epochs															maze_stem	121.0
1851.73175	13.805250000000115	trials	False	True	False	False	False	True	[0.7120288014411926, 0.2879711389541626, 0.04450630769133568, 0.955493688583374]	0.6675225216895342	0.24346485920250416	0.3337612468749285	-0.12173244543373585	0.7120288014411926	[11046, 11046, 11045, 11045, 11045]	[11096, 11096, 11096, 11096, 11096]		
1858.353	1.9669999999998709	epochs															maze_arm	121.0
1860.33725	5.177249999999958	epochs															feedback_and_iti	121.0
1860.33725	0.9872499999999036	epochs															feedback_delay	121.0
1861.343	1.9912500000000364	epochs															feedback	121.0
1863.532	1.9825000000000728	epochs															iti	121.0
1865.537	7.5	epochs															maze	122.0
1865.537	5.565249999999878	epochs															maze_stem	122.0
1865.5565	12.717499999999973	trials	False	True	False	False	False	True	[0.8744016289710999, 0.12559837102890015, 0.08409660309553146, 0.9159033894538879]	0.7903050221502781	0.041501764208078384	0.3951525129377842	-0.02075088396668434	0.8744016289710999	[11129, 11128, 11128, 11128, 11128]	[11173, 11172, 11172, 11172, 11172]		
1871.124	1.913000000000011	epochs															maze_arm	122.0
1873.05325	5.197750000000042	epochs															feedback_and_iti	122.0
1873.05325	0.9850000000001273	epochs															feedback_delay	122.0
1874.055	1.9897499999999582	epochs															feedback	122.0
1876.235	2.0160000000000764	epochs															iti	122.0
1878.274	7.852500000000191	epochs															maze	123.0
1878.274	5.87050000000022	epochs															maze_stem	123.0
1878.296	14.906500000000051	trials	False	True	False	True	False	False	[0.885524570941925, 0.11447536945343018, 0.07755168527364731, 0.9224482774734497]	0.8079728968441486	0.03692369535565376	-0.40398644283413887	-0.01846187189221382	0.07755168527364731	[11205, 11205, 11205, 11204, 11204]	[11251, 11251, 11251, 11251, 11250]		
1884.1655	1.9610000000000127	epochs															maze_arm	123.0
1886.145	7.035499999999956	epochs															feedback_and_iti	123.0
1886.145	0.9845000000000255	epochs															feedback_delay	123.0
1887.148	1.997000000000071	epochs															feedback	123.0
1889.18425	3.996249999999918	epochs															iti	123.0
1893.2025	10.690999999999804	epochs															maze	124.0
1893.2025	8.020749999999907	epochs															maze_stem	124.0
1893.2245	15.892499999999927	trials	False	True	False	True	True	True	[0.8716092705726624, 0.12839080393314362, 0.28189218044281006, 0.7181078195571899]	0.5897170528769493	-0.15350141376256943	0.29485850781202316	-0.07675068825483322	0.7181078195571899	[11295, 11294, 11294, 11294, 11294]	[11358, 11358, 11357, 11357, 11357]		
1901.245	2.6485000000000127	epochs															maze_arm	124.0
1903.913	5.181250000000091	epochs															feedback_and_iti	124.0
1903.913	0.9887499999999818	epochs															feedback_delay	124.0
1904.921	1.9767500000000382	epochs															feedback	124.0
1907.09925	1.9950000000001182	epochs															iti	124.0
1909.117	7.778749999999945	epochs															maze	125.0
1909.117	6.011250000000018	epochs															maze_stem	125.0
1909.1385	14.83075000000008	trials	False	False	True	False	False	False	[0.8380387425422668, 0.16196119785308838, 0.09596414119005203, 0.9040358066558838]	0.7420746050775051	0.06599706038832664	0.3710373006761074	-0.03299855813384056	0.8380387425422668	[11390, 11390, 11390, 11389, 11389]	[11436, 11436, 11435, 11435, 11435]		
1915.14875	1.7469999999998436	epochs															maze_arm	125.0
1916.91775	7.030999999999949	epochs															feedback_and_iti	125.0
1916.91775	0.9824999999998454	epochs															feedback_delay	125.0
1917.92325	1.99149999999986	epochs															feedback	125.0
1919.95325	3.9954999999999927	epochs															iti	125.0
1923.96925	9.108249999999998	epochs															maze	126.0
1923.96925	6.755499999999984	epochs															maze_stem	126.0
1923.9885	16.161749999999984	trials	False	False	False	True	True	False	[0.7991873621940613, 0.2008126676082611, 0.26984071731567383, 0.7301592826843262]	0.5293466299772263	-0.06902806460857391	0.26467330753803253	-0.03451402485370636	0.7301592826843262	[11479, 11479, 11479, 11478, 11478]	[11533, 11533, 11532, 11532, 11532]		
1930.74575	2.3317500000000564	epochs															maze_arm	126.0
1933.09475	7.0252499999999145	epochs															feedback_and_iti	126.0
1933.09475	0.9942499999999654	epochs															feedback_delay	126.0
1934.106	1.9825000000000728	epochs															feedback	126.0
1936.12475	3.995249999999942	epochs															iti	126.0
1940.15025	8.847500000000082	epochs															maze	127.0
1940.15025	6.716499999999996	epochs															maze_stem	127.0
1940.17475	15.895250000000033	trials	False	False	False	False	False	False	[0.7277033925056458, 0.27229657769203186, 0.21096062660217285, 0.7890393733978271]	0.5167427808046341	0.0613359659910202	0.25837138295173645	-0.030667990446090698	0.7277033925056458	[11576, 11576, 11576, 11575, 11575]	[11628, 11628, 11628, 11628, 11627]		
1946.8885	2.1092499999999745	epochs															maze_arm	127.0
1949.0195	7.025499999999965	epochs															feedback_and_iti	127.0
1949.0195	0.9977499999999964	epochs															feedback_delay	127.0
1950.04	1.968499999999949	epochs															feedback	127.0
1952.05025	3.9947500000000673	epochs															iti	127.0
1956.07	8.576500000000124	epochs															maze	128.0
1956.07	6.618249999999989	epochs															maze_stem	128.0
1956.092	15.611999999999853	trials	False	False	False	True	True	False	[0.7113614678382874, 0.28863850235939026, 0.3300958275794983, 0.6699041128158569]	0.38126562535762787	-0.041457340121269226	0.19063280522823334	-0.020728692412376404	0.6699041128158569	[11672, 11671, 11671, 11671, 11671]	[11722, 11722, 11722, 11721, 11721]		
1962.707	1.9394999999999527	epochs															maze_arm	128.0
1964.66275	7.017749999999978	epochs															feedback_and_iti	128.0
1964.66275	0.9855000000000018	epochs															feedback_delay	128.0
1965.66625	1.9860000000001037	epochs															feedback	128.0
1967.70125	3.9792499999998654	epochs															iti	128.0
1971.704	10.670499999999947	epochs															maze	129.0
1971.704	7.981500000000096	epochs															maze_stem	129.0
1971.7255	17.716499999999996	trials	False	False	False	True	True	False	[0.6488872766494751, 0.3511127531528473, 0.22644323110580444, 0.7735567688941956]	0.42244403064250946	0.12466950714588165	0.21122200787067413	0.06233476102352142	0.7735567688941956	[11765, 11765, 11765, 11765, 11765]	[11828, 11828, 11828, 11828, 11828]		
1979.70375	2.670749999999998	epochs															maze_arm	129.0
1982.392	7.025750000000016	epochs															feedback_and_iti	129.0
1982.392	0.9890000000000327	epochs															feedback_delay	129.0
1983.3995	1.9862499999999272	epochs															feedback	129.0
1985.4225	3.995250000000169	epochs															iti	129.0
1989.442	8.808749999999918	epochs															maze	130.0
1989.442	6.47524999999996	epochs															maze_stem	130.0
1989.463	14.010750000000144	trials	True	False	False	True	False	True	[0.596987783908844, 0.403012216091156, 0.2262871414422989, 0.7737128734588623]	0.3707006499171257	0.1767250820994377	-0.18535032123327255	-0.08836253732442856	0.2262871414422989	[11872, 11871, 11871, 11871, 11871]	[11924, 11923, 11923, 11923, 11923]		
1995.9385	2.312249999999949	epochs															maze_arm	130.0
1998.27	5.182000000000016	epochs															feedback_and_iti	130.0
1998.27	0.9877500000000055	epochs															feedback_delay	130.0
1999.2785	1.9750000000001364	epochs															feedback	130.0
2001.44775	2.0042499999999563	epochs															iti	130.0
2003.47375	8.739999999999782	epochs															maze	131.0
2003.47375	6.606999999999971	epochs															maze_stem	131.0
2003.49425	15.795499999999947	trials	False	False	False	False	False	False	[0.6399440765380859, 0.36005595326423645, 0.5003142356872559, 0.49968573451042175]	0.1396298110485077	-0.1402583122253418	0.06981492042541504	0.0701291561126709	0.6399440765380859	[11956, 11956, 11955, 11955, 11955]	[12007, 12007, 12007, 12007, 12007]		
2010.103	2.1107499999998254	epochs															maze_arm	131.0
2012.23575	7.029999999999973	epochs															feedback_and_iti	131.0
2012.23575	0.9927499999998872	epochs															feedback_delay	131.0
2013.25125	1.9777500000000146	epochs															feedback	131.0
2015.2695	3.996249999999918	epochs															iti	131.0
2019.28975	8.66125000000011	epochs															maze	132.0
2019.28975	6.463000000000193	epochs															maze_stem	132.0
2019.30875	13.859000000000151	trials	False	False	False	True	False	True	[0.6326477527618408, 0.3673522472381592, 0.5096454620361328, 0.4903545677661896]	0.1230023056268692	-0.14229319989681244	-0.061501145362854004	0.07114660739898682	0.5096454620361328	[12051, 12050, 12050, 12050, 12050]	[12102, 12101, 12101, 12101, 12101]		
2025.7725	2.1784999999999854	epochs															maze_arm	132.0
2027.9695	5.176500000000033	epochs															feedback_and_iti	132.0
2027.9695	0.9945000000000164	epochs															feedback_delay	132.0
2028.98225	1.9732500000000073	epochs															feedback	132.0
2031.14825	1.9977499999999964	epochs															iti	132.0
2033.16775	10.248749999999973	epochs															maze	133.0
2033.16775	7.4537499999999	epochs															maze_stem	133.0
2033.19	15.43249999999989	trials	False	False	False	True	False	True	[0.7170124053955078, 0.2829875648021698, 0.7636327147483826, 0.23636721074581146]	-0.04662033170461655	-0.48064517229795456	0.023310154676437378	0.2403225600719452	0.7636327147483826	[12134, 12134, 12134, 12133, 12133]	[12194, 12194, 12194, 12194, 12194]		
2040.6415	2.775000000000091	epochs															maze_arm	133.0
2043.434	5.165749999999889	epochs															feedback_and_iti	133.0
2043.434	0.9917500000001382	epochs															feedback_delay	133.0
2044.4445	1.977999999999838	epochs															feedback	133.0
2046.6125	1.9872499999999036	epochs															iti	133.0
2048.6225	10.216750000000047	epochs															maze	134.0
2048.6225	7.480000000000018	epochs															maze_stem	134.0
2048.64275	15.393000000000029	trials	False	False	False	True	False	True	[0.7504370212554932, 0.24956294894218445, 0.850648045539856, 0.14935196936130524]	-0.100211001932621	-0.6010850742459297	0.050105512142181396	0.30054253339767456	0.850648045539856	[12227, 12226, 12226, 12226, 12226]	[12287, 12287, 12286, 12286, 12286]		
2056.12275	2.7164999999999964	epochs															maze_arm	134.0
2058.856	5.158249999999953	epochs															feedback_and_iti	134.0
2058.856	0.9929999999999382	epochs															feedback_delay	134.0
2059.867	1.9729999999999563	epochs															feedback	134.0
2062.0285	1.9857500000002801	epochs															iti	134.0
2064.03575	10.387249999999767	epochs															maze	135.0
2064.03575	7.732500000000073	epochs															maze_stem	135.0
2064.0545	15.58224999999993	trials	False	False	False	True	False	True	[0.769931972026825, 0.23006805777549744, 0.881822943687439, 0.11817704886198044]	-0.1118909902870655	-0.651754904538393	0.05594548583030701	0.32587745785713196	0.881822943687439	[12319, 12319, 12319, 12318, 12318]	[12380, 12380, 12380, 12380, 12380]		
2071.7885	2.6344999999996617	epochs															maze_arm	135.0
2074.44	5.177249999999731	epochs															feedback_and_iti	135.0
2074.44	0.9924999999998363	epochs															feedback_delay	135.0
2075.45175	1.9864999999999782	epochs															feedback	135.0
2077.626	1.9912499999995816	epochs															iti	135.0
2079.63675	9.761999999999716	epochs															maze	136.0
2079.63675	7.44399999999996	epochs															maze_stem	136.0
2079.656	14.952000000000226	trials	False	False	False	True	False	True	[0.7868921756744385, 0.2131078690290451, 0.8982707262039185, 0.10172925144433975]	-0.11137858405709267	-0.685162890702486	0.05568927526473999	0.34258145093917847	0.8982707262039185	[12413, 12412, 12412, 12412, 12412]	[12470, 12470, 12470, 12470, 12469]		
2087.10075	2.2979999999997744	epochs															maze_arm	136.0
2089.41675	5.1720000000000255	epochs															feedback_and_iti	136.0
2089.41675	0.9974999999999454	epochs															feedback_delay	136.0
2090.432	1.9767500000002656	epochs															feedback	136.0
2092.59825	1.9904999999998836	epochs															iti	136.0
2094.608	8.168999999999869	epochs															maze	137.0
2094.608	6.313249999999698	epochs															maze_stem	137.0
2094.62775	13.372499999999945	trials	True	False	False	False	True	True	[0.799949586391449, 0.20005042850971222, 0.909127950668335, 0.09087204933166504]	-0.10917837172746658	-0.7090775296092033	0.05458918958902359	-0.35453876107931137	0.20005042850971222	[12502, 12502, 12502, 12502, 12502]	[12550, 12550, 12550, 12550, 12550]		
2100.9415	1.8355000000001382	epochs															maze_arm	137.0
2102.795	5.183500000000095	epochs															feedback_and_iti	137.0
2102.795	0.9974999999999454	epochs															feedback_delay	137.0
2103.80975	1.9847500000000764	epochs															feedback	137.0
2105.98075	1.9977499999999964	epochs															iti	137.0
2108.00025	8.408249999999953	epochs															maze	138.0
2108.00025	6.324500000000171	epochs															maze_stem	138.0
2108.02275	13.597749999999905	trials	False	False	False	False	True	True	[0.36149677634239197, 0.6385031938552856, 0.8600623607635498, 0.13993768393993378]	-0.49856554716825485	-0.22155912965536118	0.24928275495767593	-0.11077956110239029	0.6385031938552856	[12583, 12582, 12582, 12582, 12582]	[12632, 12632, 12632, 12632, 12631]		
2114.34575	2.062750000000051	epochs															maze_arm	138.0
2116.43125	5.16800000000012	epochs															feedback_and_iti	138.0
2116.43125	0.9964999999997417	epochs															feedback_delay	138.0
2117.4505	1.9664999999999964	epochs															feedback	138.0
2119.617	1.9822500000000218	epochs															iti	138.0
2121.6205	8.864250000000084	epochs															maze	139.0
2121.6205	7.049250000000029	epochs															maze_stem	139.0
2121.64225	15.91125000000011	trials	False	False	False	True	True	False	[0.16767433285713196, 0.8323256373405457, 0.8129560947418213, 0.18704387545585632]	-0.6452817618846893	0.019369542598724365	-0.32264088094234467	0.009684756398200989	0.18704387545585632	[12664, 12664, 12664, 12664, 12664]	[12717, 12716, 12716, 12716, 12716]		
2128.69075	1.793999999999869	epochs															maze_arm	139.0
2130.50075	7.024249999999938	epochs															feedback_and_iti	139.0
2130.50075	0.9890000000000327	epochs															feedback_delay	139.0
2131.50625	1.9802500000000691	epochs															feedback	139.0
2133.524	4.001000000000204	epochs															iti	139.0
2137.5535	8.608000000000175	epochs															maze	140.0
2137.5535	5.367999999999938	epochs															maze_stem	140.0
2137.57725	15.649499999999989	trials	False	False	False	False	False	False	[0.3516623079776764, 0.648337721824646, 0.5858243703842163, 0.4141756594181061]	-0.23416206240653992	0.06251335144042969	-0.11708103120326996	-0.03125666081905365	0.3516623079776764	[12760, 12760, 12759, 12759, 12759]	[12811, 12810, 12810, 12810, 12810]		
2142.942	3.219500000000153	epochs															maze_arm	140.0
2146.184	7.021249999999782	epochs															feedback_and_iti	140.0
2146.184	0.9894999999996799	epochs															feedback_delay	140.0
2147.197	1.968499999999949	epochs															feedback	140.0
2149.2065	3.9987500000002	epochs															iti	140.0
2153.22675	8.84750000000031	epochs															maze	141.0
2153.22675	6.4402500000001055	epochs															maze_stem	141.0
2153.247	14.034250000000156	trials	True	False	False	True	False	True	[0.5384042263031006, 0.461595743894577, 0.708553671836853, 0.2914462983608246]	-0.17014944553375244	-0.246957927942276	0.08507472276687622	0.1234789490699768	0.708553671836853	[12854, 12854, 12853, 12853, 12853]	[12906, 12906, 12906, 12905, 12905]		
2159.689	2.385250000000269	epochs															maze_arm	141.0
2162.09225	5.167750000000069	epochs															feedback_and_iti	141.0
2162.09225	0.99350000000004	epochs															feedback_delay	141.0
2163.10225	1.9735000000000582	epochs															feedback	141.0
2165.26825	1.9917500000001382	epochs															iti	141.0
2167.28125	9.413000000000011	epochs															maze	142.0
2167.28125	7.048749999999927	epochs															maze_stem	142.0
2167.30125	14.615249999999833	trials	False	False	False	True	False	True	[0.47322186827659607, 0.5267781615257263, 0.8286287188529968, 0.1713712215423584]	-0.35540689527988434	-0.3018506020307541	0.17770342528820038	0.15092529356479645	0.8286287188529968	[12938, 12938, 12938, 12938, 12937]	[12994, 12993, 12993, 12993, 12993]		
2174.3495	2.3447500000002037	epochs															maze_arm	142.0
2176.70975	5.186499999999796	epochs															feedback_and_iti	142.0
2176.70975	0.9864999999999782	epochs															feedback_delay	142.0
2177.71225	1.9972499999998945	epochs															feedback	142.0
2179.89875	1.9974999999999454	epochs															iti	142.0
2181.9165	10.078750000000127	epochs															maze	143.0
2181.9165	7.443750000000364	epochs															maze_stem	143.0
2181.937	15.26299999999992	trials	True	False	False	True	False	True	[0.534001350402832, 0.46599864959716797, 0.8838872313499451, 0.11611278355121613]	-0.34988587349653244	-0.4178885743021965	0.17494294047355652	0.20894429087638855	0.8838872313499451	[13026, 13026, 13026, 13025, 13025]	[13085, 13085, 13085, 13085, 13085]		
2189.38075	2.6145000000001346	epochs															maze_arm	143.0
2192.0115	5.165999999999713	epochs															feedback_and_iti	143.0
2192.0115	0.9877499999997781	epochs															feedback_delay	143.0
2193.01725	1.9785000000001673	epochs															feedback	143.0
2195.18475	1.9927499999998872	epochs															iti	143.0
2197.2	7.256000000000313	epochs															maze	144.0
2197.2	5.42325000000028	epochs															maze_stem	144.0
2197.2215	12.478749999999764	trials	False	False	False	False	True	True	[0.5515300035476685, 0.44846996665000916, 0.886211633682251, 0.1137884333729744]	-0.33468158170580864	-0.43774161860346794	0.16734076663851738	-0.21887079998850822	0.44846996665000916	[13118, 13117, 13117, 13117, 13117]	[13160, 13160, 13160, 13160, 13159]		
2202.64375	1.812249999999949	epochs															maze_arm	144.0
2204.479	5.199000000000069	epochs															feedback_and_iti	144.0
2204.479	0.9795000000003711	epochs															feedback_delay	144.0
2205.48225	1.9949999999998909	epochs															feedback	144.0
2207.6685	2.0094999999996617	epochs															iti	144.0
2209.70025	8.894500000000335	epochs															maze	145.0
2209.70025	6.383499999999913	epochs															maze_stem	145.0
2209.72175	14.082999999999629	trials	True	False	False	False	True	True	[0.19001731276512146, 0.8099827170372009, 0.8343964219093323, 0.16560359299182892]	-0.6443791165947914	-0.024413712322711945	0.322189562022686	-0.012206844985485077	0.8099827170372009	[13193, 13192, 13192, 13192, 13192]	[13245, 13245, 13245, 13244, 13244]		
2216.10425	2.4905000000003383	epochs															maze_arm	145.0
2218.612	5.170999999999822	epochs															feedback_and_iti	145.0
2218.612	0.9837499999998727	epochs															feedback_delay	145.0
2219.612	1.9887499999999818	epochs															feedback	145.0
2221.786	1.9969999999998436	epochs															iti	145.0
2223.80475	8.737250000000131	epochs															maze	146.0
2223.80475	6.46225000000004	epochs															maze_stem	146.0
2223.82625	13.929999999999836	trials	False	False	False	False	True	True	[0.1425914764404297, 0.8574085235595703, 0.8128798007965088, 0.1871202439069748]	-0.6702883020043373	0.044528745114803314	0.33514413982629776	0.022264383733272552	0.8574085235595703	[13277, 13277, 13277, 13277, 13276]	[13329, 13328, 13328, 13328, 13328]		
2230.28775	2.2542499999999563	epochs															maze_arm	146.0
2232.563	5.172499999999673	epochs															feedback_and_iti	146.0
2232.563	0.9857499999998254	epochs															feedback_delay	146.0
2233.57225	1.982749999999669	epochs															feedback	146.0
2235.75375	1.98174999999992	epochs															iti	146.0
2237.75625	10.48050000000012	epochs															maze	147.0
2237.75625	8.61075000000028	epochs															maze_stem	147.0
2237.77625	15.678249999999935	trials	True	False	False	True	False	True	[0.09234259277582169, 0.9076574444770813, 0.7767558097839355, 0.22324414551258087]	-0.6844132579863071	0.13090159371495247	0.34220660850405693	-0.06545079872012138	0.7767558097839355	[13361, 13361, 13360, 13360, 13360]	[13423, 13422, 13422, 13422, 13422]		
2246.387	1.8497499999998581	epochs															maze_arm	147.0
2248.253	5.172249999999622	epochs															feedback_and_iti	147.0
2248.253	0.9967499999997926	epochs															feedback_delay	147.0
2249.269	1.9735000000000582	epochs															feedback	147.0
2251.43525	1.9899999999997817	epochs															iti	147.0
2253.4545	7.921250000000327	epochs															maze	148.0
2253.4545	6.058500000000095	epochs															maze_stem	148.0
2253.485	13.095749999999953	trials	False	False	False	False	True	True	[0.12757599353790283, 0.8724240064620972, 0.8957811594009399, 0.10421884804964066]	-0.7682051621377468	-0.023357149213552475	0.38410257920622826	-0.011678572744131088	0.8724240064620972	[13455, 13455, 13455, 13454, 13454]	[13501, 13501, 13501, 13501, 13501]		
2259.534	1.8417500000000473	epochs															maze_arm	148.0
2261.3975	5.162249999999858	epochs															feedback_and_iti	148.0
2261.3975	0.9932499999999891	epochs															feedback_delay	148.0
2262.41175	1.9677499999997963	epochs															feedback	148.0
2264.574	1.9857499999998254	epochs															iti	148.0
2266.58075	10.510749999999916	epochs															maze	149.0
2266.58075	7.711749999999938	epochs															maze_stem	149.0
2266.6005	15.697499999999764	trials	False	False	False	True	False	True	[0.08785757422447205, 0.9121423959732056, 0.8523883819580078, 0.14761163294315338]	-0.764530785381794	0.059754036366939545	0.3822654038667679	-0.02987702190876007	0.8523883819580078	[13534, 13533, 13533, 13533, 13533]	[13596, 13595, 13595, 13595, 13595]		
2274.3105	2.780999999999949	epochs															maze_arm	149.0
2277.1075	5.168999999999869	epochs															feedback_and_iti	149.0
2277.1075	0.99350000000004	epochs															feedback_delay	149.0
2278.1185	1.9839999999999236	epochs															feedback	149.0
2280.2955	1.9809999999997672	epochs															iti	149.0
2282.298	7.234250000000429	epochs															maze	150.0
2282.298	5.156750000000102	epochs															maze_stem	150.0
2282.31925	12.424250000000029	trials	False	False	False	False	True	True	[0.1271379590034485, 0.8728619813919067, 0.9217378497123718, 0.07826220244169235]	-0.7945998348295689	-0.04887581244111061	0.3972998894751072	-0.024437908083200455	0.8728619813919067	[13628, 13628, 13627, 13627, 13627]	[13670, 13670, 13670, 13670, 13670]		
2287.47675	2.055500000000393	epochs															maze_arm	150.0
2289.5545	5.167249999999967	epochs															feedback_and_iti	150.0
2289.5545	0.981499999999869	epochs															feedback_delay	150.0
2290.5585	1.9834999999998217	epochs															feedback	150.0
2292.73475	1.98700000000008	epochs															iti	150.0
2294.7435	8.465499999999793	epochs															maze	151.0
2294.7435	6.462999999999738	epochs															maze_stem	151.0
2294.7625	13.66125000000011	trials	False	False	False	False	True	True	[0.09259981662034988, 0.9074001908302307, 0.8841054439544678, 0.11589454859495163]	-0.7915056347846985	0.023294739425182343	0.39575282111763954	0.011647369712591171	0.9074001908302307	[13703, 13702, 13702, 13702, 13702]	[13752, 13752, 13752, 13752, 13752]		
2301.22675	1.9822500000000218	epochs															maze_arm	151.0
2303.23125	5.171250000000327	epochs															feedback_and_iti	151.0
2303.23125	0.9947500000002947	epochs															feedback_delay	151.0
2304.25	1.969000000000051	epochs															feedback	151.0
2306.42275	1.9797499999999673	epochs															iti	151.0
2308.42375	9.524499999999989	epochs															maze	152.0
2308.42375	6.8722499999998945	epochs															maze_stem	152.0
2308.4445	14.723500000000058	trials	True	False	False	True	False	True	[0.0685824528336525, 0.9314175248146057, 0.8477402925491333, 0.1522597074508667]	-0.7791578285396099	0.08367724344134331	0.3895789198577404	-0.0418386273086071	0.8477402925491333	[13785, 13784, 13784, 13784, 13784]	[13841, 13841, 13840, 13840, 13840]		
2315.317	2.631249999999909	epochs															maze_arm	152.0
2317.96425	5.180749999999989	epochs															feedback_and_iti	152.0
2317.96425	0.9877500000002328	epochs															feedback_delay	152.0
2318.9705	1.9857500000002801	epochs															feedback	152.0
2321.15225	1.9927499999998872	epochs															iti	152.0
2323.168	8.639999999999873	epochs															maze	153.0
2323.168	7.030749999999898	epochs															maze_stem	153.0
2323.18975	13.838999999999942	trials	False	False	False	False	True	True	[0.09038718044757843, 0.9096128344535828, 0.9159591794013977, 0.0840408131480217]	-0.8255720101296902	-0.006346356123685837	0.41278601065278053	-0.003173176199197769	0.9096128344535828	[13873, 13873, 13873, 13872, 13872]	[13924, 13924, 13923, 13923, 13923]		
2330.21975	1.588249999999789	epochs															maze_arm	153.0
2331.82975	5.175500000000284	epochs															feedback_and_iti	153.0
2331.82975	0.99350000000004	epochs															feedback_delay	153.0
2332.84775	1.9630000000001928	epochs															feedback	153.0
2335.003	2.0022500000000036	epochs															iti	153.0
2337.02875	10.262500000000273	epochs															maze	154.0
2337.02875	7.103500000000167	epochs															maze_stem	154.0
2337.049	17.3137499999998	trials	False	False	False	True	True	False	[0.08423709869384766, 0.9157629013061523, 0.892229437828064, 0.10777058452367783]	-0.8079923279583454	0.023533474653959274	-0.40399615839123726	0.011766742914915085	0.10777058452367783	[13956, 13956, 13956, 13955, 13955]	[14017, 14016, 14016, 14016, 14016]		
2344.15225	3.1390000000001237	epochs															maze_arm	154.0
2347.30675	7.027499999999691	epochs															feedback_and_iti	154.0
2347.30675	0.9932499999999891	epochs															feedback_delay	154.0
2348.318	1.9779999999996107	epochs															feedback	154.0
2350.3325	4.001749999999902	epochs															iti	154.0
2354.36275	8.84775000000036	epochs															maze	155.0
2354.36275	6.177750000000287	epochs															maze_stem	155.0
2354.38675	14.027999999999793	trials	True	False	False	True	False	True	[0.18799202144145966, 0.8120080232620239, 0.6600313782691956, 0.33996859192848206]	-0.4720393940806389	0.15197660773992538	0.23601967841386795	-0.0759883001446724	0.6600313782691956	[14060, 14060, 14060, 14059, 14059]	[14112, 14112, 14112, 14112, 14111]		
2360.56	2.650500000000193	epochs															maze_arm	155.0
2363.22875	5.1664999999998145	epochs															feedback_and_iti	155.0
2363.22875	0.9937499999996362	epochs															feedback_delay	155.0
2364.241	1.9697500000002037	epochs															feedback	155.0
2366.4025	1.9927499999998872	epochs															iti	155.0
2368.41475	7.6847499999998945	epochs															maze	156.0
2368.41475	5.774249999999938	epochs															maze_stem	156.0
2368.4385	12.871749999999793	trials	True	False	False	False	True	True	[0.12361305952072144, 0.8763868808746338, 0.8538975715637207, 0.1461023986339569]	-0.7302844971418381	0.02248932421207428	0.36514224112033844	0.011244639754295349	0.8763868808746338	[14144, 14144, 14144, 14144, 14143]	[14189, 14189, 14189, 14189, 14189]		
2374.20825	1.8912499999996726	epochs															maze_arm	156.0
2376.11575	5.175500000000284	epochs															feedback_and_iti	156.0
2376.11575	0.9892500000000837	epochs															feedback_delay	156.0
2377.12325	1.9784999999997126	epochs															feedback	156.0
2379.303	1.9882500000003347	epochs															iti	156.0
2381.31025	10.27475000000004	epochs															maze	157.0
2381.31025	7.511500000000069	epochs															maze_stem	157.0
2381.33575	15.461999999999989	trials	False	False	False	True	False	True	[0.08900529891252518, 0.9109947085380554, 0.804973304271698, 0.19502674043178558]	-0.7159679867327213	0.10602142289280891	0.3579840026795864	-0.05301069840788841	0.804973304271698	[14222, 14221, 14221, 14221, 14221]	[14282, 14282, 14282, 14282, 14281]		
2388.8425	2.7424999999998363	epochs															maze_arm	157.0
2391.60325	5.1727499999997235	epochs															feedback_and_iti	157.0
2391.60325	0.987999999999829	epochs															feedback_delay	157.0
2392.607	1.9847500000000764	epochs															feedback	157.0
2394.778	1.9980000000000473	epochs															iti	157.0
2396.79775	7.449499999999716	epochs															maze	158.0
2396.79775	5.616499999999633	epochs															maze_stem	158.0
2396.81825	12.646250000000236	trials	False	False	False	False	True	True	[0.13809718191623688, 0.8619028329849243, 0.9167484045028687, 0.08325158804655075]	-0.7786512337625027	-0.05484558269381523	0.3893256224691868	-0.027422789484262466	0.8619028329849243	[14314, 14314, 14314, 14314, 14314]	[14358, 14358, 14358, 14358, 14357]		
2402.43525	1.8119999999998981	epochs															maze_arm	158.0
2404.26925	5.175750000000335	epochs															feedback_and_iti	158.0
2404.26925	0.9782500000001164	epochs															feedback_delay	158.0
2405.27125	1.9882500000003347	epochs															feedback	158.0
2407.46025	1.9847500000000764	epochs															iti	158.0
2409.4645	7.591750000000047	epochs															maze	159.0
2409.4645	5.478250000000116	epochs															maze_stem	159.0
2409.48525	12.80600000000004	trials	False	False	False	False	True	True	[0.09423258155584335, 0.9057673811912537, 0.8710911870002747, 0.12890876829624176]	-0.7768586091697216	0.034676190465688705	0.38842930644750595	0.01733807474374771	0.9057673811912537	[14390, 14390, 14390, 14390, 14390]	[14435, 14435, 14435, 14434, 14434]		
2414.96175	2.094500000000153	epochs															maze_arm	159.0
2417.07975	5.190000000000055	epochs															feedback_and_iti	159.0
2417.07975	0.9780000000000655	epochs															feedback_delay	159.0
2418.0815	1.9960000000000946	epochs															feedback	159.0
2420.276	1.993750000000091	epochs															iti	159.0
2422.29125	9.548999999999978	epochs															maze	160.0
2422.29125	6.98174999999992	epochs															maze_stem	160.0
2422.311	14.75149999999985	trials	True	False	False	True	False	True	[0.0687626525759697, 0.9312372803688049, 0.8286705613136292, 0.17132940888404846]	-0.759907890111208	0.10256673768162727	0.3799539543688297	-0.05128339305520058	0.8286705613136292	[14467, 14467, 14467, 14467, 14467]	[14524, 14523, 14523, 14523, 14523]		
2429.2935	2.5467499999999745	epochs															maze_arm	160.0
2431.8565	5.185750000000098	epochs															feedback_and_iti	160.0
2431.8565	0.9877500000002328	epochs															feedback_delay	160.0
2432.86125	1.9947500000002947	epochs															feedback	160.0
2435.04775	1.994499999999789	epochs															iti	160.0
2437.0625	8.022249999999985	epochs															maze	161.0
2437.0625	6.165750000000116	epochs															maze_stem	161.0
2437.0845	13.224500000000262	trials	False	False	False	False	True	True	[0.09170793741941452, 0.9082921147346497, 0.9129030704498291, 0.08709687739610672]	-0.8211951851844788	-0.004611007869243622	0.41059761866927147	-0.002305503934621811	0.9082921147346497	[14556, 14556, 14556, 14555, 14555]	[14603, 14603, 14603, 14603, 14602]		
2443.2495	1.8352500000000873	epochs															maze_arm	161.0
2445.10725	5.18224999999984	epochs															feedback_and_iti	161.0
2445.10725	0.9785000000001673	epochs															feedback_delay	161.0
2446.10825	1.9922499999997854	epochs															feedback	161.0
2448.30325	1.9862499999999272	epochs															iti	161.0
2450.309	7.870749999999589	epochs															maze	162.0
2450.309	5.376749999999902	epochs															maze_stem	162.0
2450.3295	13.070500000000266	trials	False	False	False	False	True	True	[0.08382657915353775, 0.9161733984947205, 0.8850519061088562, 0.11494804918766022]	-0.8012253381311893	0.031121481209993362	0.4006126746535301	0.015560723841190338	0.9161733984947205	[14635, 14635, 14635, 14635, 14635]	[14682, 14681, 14681, 14681, 14681]		
2455.70675	2.4729999999999563	epochs															maze_arm	162.0
2458.201	5.175249999999778	epochs															feedback_and_iti	162.0
2458.201	0.9822500000000218	epochs															feedback_delay	162.0
2459.206	1.9839999999999236	epochs															feedback	162.0
2461.3845	1.9917499999996835	epochs															iti	162.0
2463.4	9.240249999999833	epochs															maze	163.0
2463.4	7.19524999999976	epochs															maze_stem	163.0
2463.422	14.428750000000036	trials	False	False	False	True	False	True	[0.06602329015731812, 0.9339767098426819, 0.8499846458435059, 0.15001538395881653]	-0.7839613407850266	0.08399207890033722	0.39198067784309387	-0.04199603199958801	0.8499846458435059	[14714, 14714, 14713, 14713, 14713]	[14768, 14768, 14768, 14768, 14768]		
2470.61425	2.02599999999984	epochs															maze_arm	163.0
2472.65575	5.172500000000127	epochs															feedback_and_iti	163.0
2472.65575	0.993750000000091	epochs															feedback_delay	163.0
2473.66625	1.9802499999996144	epochs															feedback	163.0
2475.83025	1.9980000000000473	epochs															iti	163.0
2477.85075	8.470499999999902	epochs															maze	164.0
2477.85075	6.262249999999767	epochs															maze_stem	164.0
2477.87175	13.690500000000156	trials	False	False	False	False	True	True	[0.10453613847494125, 0.8954638838768005, 0.932685911655426, 0.0673140361905098]	-0.8281498104333878	-0.03722206503152847	0.41407492384314537	-0.018611039966344833	0.8954638838768005	[14801, 14800, 14800, 14800, 14800]	[14850, 14850, 14850, 14850, 14850]		
2484.1345	2.186749999999847	epochs															maze_arm	164.0
2486.3435	5.189499999999953	epochs															feedback_and_iti	164.0
2486.3435	0.9917500000001382	epochs															feedback_delay	164.0
2487.3595	1.9744999999998072	epochs															feedback	164.0
2489.52775	2.0052499999997053	epochs															iti	164.0
2491.56225	9.807999999999993	epochs															maze	165.0
2491.56225	6.184499999999844	epochs															maze_stem	165.0
2491.58275	16.864500000000135	trials	False	False	False	True	True	False	[0.08892135322093964, 0.9110786318778992, 0.8967687487602234, 0.10323122888803482]	-0.807847399264574	0.014309879392385483	-0.4039237014949322	0.007154930382966995	0.10323122888803482	[14883, 14883, 14882, 14882, 14882]	[14941, 14940, 14940, 14940, 14940]		
2497.765	3.605250000000069	epochs															maze_arm	165.0
2501.38725	7.030499999999847	epochs															feedback_and_iti	165.0
2501.38725	0.9904999999998836	epochs															feedback_delay	165.0
2502.3955	1.9852499999997235	epochs															feedback	165.0
2504.41525	4.002500000000055	epochs															iti	165.0
2508.44725	9.240999999999985	epochs															maze	166.0
2508.44725	5.969499999999698	epochs															maze_stem	166.0
2508.4735	16.27624999999989	trials	False	False	False	False	False	False	[0.18707792460918427, 0.8129220604896545, 0.6674418449401855, 0.33255812525749207]	-0.4803639277815819	0.1454802080988884	-0.24018196016550064	-0.0727401152253151	0.18707792460918427	[14984, 14984, 14984, 14983, 14983]	[15039, 15038, 15038, 15038, 15038]		
2514.43775	3.250500000000102	epochs															maze_arm	166.0
2517.7105	7.018749999999727	epochs															feedback_and_iti	166.0
2517.7105	0.9962499999996908	epochs															feedback_delay	166.0
2518.73125	1.9732500000000073	epochs															feedback	166.0
2520.74425	3.9849999999996726	epochs															iti	166.0
2524.74975	8.145500000000084	epochs															maze	167.0
2524.74975	6.0965000000001055	epochs															maze_stem	167.0
2524.77025	15.184499999999844	trials	False	False	False	False	False	False	[0.29829514026641846, 0.7017048597335815, 0.7892188429832458, 0.21078112721443176]	-0.4909237176179886	-0.0875139981508255	-0.2454618513584137	0.04375699162483215	0.29829514026641846	[15082, 15082, 15081, 15081, 15081]	[15130, 15129, 15129, 15129, 15129]		
2530.86625	2.0289999999999964	epochs															maze_arm	167.0
2532.91575	7.016999999999825	epochs															feedback_and_iti	167.0
2532.91575	0.9977499999999964	epochs															feedback_delay	167.0
2533.93625	1.9604999999996835	epochs															feedback	167.0
2535.93575	3.9969999999998436	epochs															iti	167.0
2539.95475	7.895250000000033	epochs															maze	168.0
2539.95475	5.6397500000002765	epochs															maze_stem	168.0
2539.97625	14.921499999999924	trials	False	False	False	False	False	False	[0.3926966190338135, 0.6073034405708313, 0.8083029985427856, 0.19169703125953674]	-0.41560639441013336	-0.20099957287311554	-0.20780318975448608	0.10049980878829956	0.3926966190338135	[15173, 15173, 15173, 15172, 15172]	[15219, 15219, 15219, 15219, 15219]		
2545.6135	2.236499999999978	epochs															maze_arm	168.0
2547.8725	7.002500000000055	epochs															feedback_and_iti	168.0
2547.8725	0.9929999999999382	epochs															feedback_delay	168.0
2548.8885	1.962500000000091	epochs															feedback	168.0
2550.89225	3.9827500000001237	epochs															iti	168.0
2554.89775	8.199749999999767	epochs															maze	169.0
2554.89775	5.940000000000055	epochs															maze_stem	169.0
2554.9175	13.392749999999978	trials	True	False	False	True	False	True	[0.5245139598846436, 0.47548604011535645, 0.8232086300849915, 0.17679141461849213]	-0.2986946478486061	-0.3477225676178932	0.14934733510017395	0.1738612949848175	0.8232086300849915	[15263, 15262, 15262, 15262, 15262]	[15311, 15311, 15310, 15310, 15310]		
2560.85825	2.239249999999629	epochs															maze_arm	169.0
2563.1135	5.177999999999884	epochs															feedback_and_iti	169.0
2563.1135	0.9929999999999382	epochs															feedback_delay	169.0
2564.12425	1.9880000000002838	epochs															feedback	169.0
2566.3095	1.981999999999971	epochs															iti	169.0
2568.31025	8.244250000000193	epochs															maze	170.0
2568.31025	6.20049999999992	epochs															maze_stem	170.0
2568.33	13.456750000000284	trials	False	False	False	True	False	True	[0.33428817987442017, 0.6657118201255798, 0.912714958190918, 0.08728502690792084]	-0.5784267857670784	-0.24700314551591873	0.2892133891582489	0.12350156903266907	0.912714958190918	[15343, 15343, 15343, 15342, 15342]	[15391, 15391, 15391, 15391, 15391]		
2574.5305	2.024000000000342	epochs															maze_arm	170.0
2576.572	5.190499999999702	epochs															feedback_and_iti	170.0
2576.572	0.9877499999997781	epochs															feedback_delay	170.0
2577.57725	1.9902500000002874	epochs															feedback	170.0
2579.7645	1.9979999999995925	epochs															iti	170.0
2581.78675	7.971749999999702	epochs															maze	171.0
2581.78675	5.711499999999887	epochs															maze_stem	171.0
2581.80775	15.026749999999993	trials	False	False	False	False	False	False	[0.3217008709907532, 0.6782991290092468, 0.9262028336524963, 0.07379710674285889]	-0.6045019924640656	-0.2479037344455719	-0.3022509813308716	0.12395185232162476	0.3217008709907532	[15424, 15424, 15423, 15423, 15423]	[15471, 15470, 15470, 15470, 15470]		
2587.51925	2.2392500000000837	epochs															maze_arm	171.0
2589.781	7.028249999999844	epochs															feedback_and_iti	171.0
2589.781	0.9949999999998909	epochs															feedback_delay	171.0
2590.79925	1.9769999999998618	epochs															feedback	171.0
2592.8155	3.993749999999636	epochs															iti	171.0
2596.8345	7.675250000000233	epochs															maze	172.0
2596.8345	5.474250000000211	epochs															maze_stem	172.0
2596.8585	12.856750000000375	trials	False	False	False	True	False	True	[0.6323079466819763, 0.36769208312034607, 0.909727156162262, 0.09027285128831863]	-0.27741922065615654	-0.5420350842177868	0.13870960474014282	0.27101755142211914	0.909727156162262	[15514, 15514, 15514, 15513, 15513]	[15559, 15559, 15559, 15559, 15558]		
2602.329	2.180749999999989	epochs															maze_arm	172.0
2604.527	5.169499999999971	epochs															feedback_and_iti	172.0
2604.527	0.9859999999998763	epochs															feedback_delay	172.0
2605.53075	1.9815000000003238	epochs															feedback	172.0
2607.70225	1.9942500000001928	epochs															iti	172.0
2609.71525	8.425249999999778	epochs															maze	173.0
2609.71525	6.3474999999998545	epochs															maze_stem	173.0
2609.7385	13.614000000000033	trials	False	False	False	True	False	True	[0.591829776763916, 0.4081701934337616, 0.955004096031189, 0.04499594122171402]	-0.36317428573966026	-0.5468338690698147	0.18158715963363647	0.2734169363975525	0.955004096031189	[15591, 15591, 15591, 15591, 15590]	[15641, 15641, 15640, 15640, 15640]		
2616.08225	2.0582500000000437	epochs															maze_arm	173.0
2618.15725	5.1717499999999745	epochs															feedback_and_iti	173.0
2618.15725	0.9927499999998872	epochs															feedback_delay	173.0
2619.16725	1.9845000000000255	epochs															feedback	173.0
2621.344	1.9850000000001273	epochs															iti	173.0
2623.3525	8.610999999999876	epochs															maze	174.0
2623.3525	6.4594999999999345	epochs															maze_stem	174.0
2623.3765	13.82425000000012	trials	False	False	False	True	False	True	[0.551742672920227, 0.44825735688209534, 0.9335426688194275, 0.06645731627941132]	-0.38180001825094223	-0.48528533428907394	0.19089999794960022	0.24264267086982727	0.9335426688194275	[15673, 15673, 15673, 15672, 15672]	[15724, 15724, 15723, 15723, 15723]		
2629.8315	2.132000000000062	epochs															maze_arm	174.0
2631.981	5.1912499999998545	epochs															feedback_and_iti	174.0
2631.981	0.9982499999996435	epochs															feedback_delay	174.0
2632.997	1.9842499999999745	epochs															feedback	174.0
2635.17275	1.9994999999998981	epochs															iti	174.0
2637.20075	10.149249999999938	epochs															maze	175.0
2637.20075	6.325749999999971	epochs															maze_stem	175.0
2637.2205	17.19125000000031	trials	False	False	False	True	True	False	[0.5783734917640686, 0.421626478433609, 0.938744843006134, 0.06125516816973686]	-0.3603713307529688	-0.5171183440834284	-0.18018565513193607	-0.25855917669832706	0.06125516816973686	[15756, 15756, 15756, 15756, 15755]	[15816, 15816, 15816, 15815, 15815]		
2643.5475	3.8024999999997817	epochs															maze_arm	175.0
2647.3655	7.028000000000247	epochs															feedback_and_iti	175.0
2647.3655	0.9915000000000873	epochs															feedback_delay	175.0
2648.37625	1.9832500000002256	epochs															feedback	175.0
2650.3965	3.9970000000002983	epochs															iti	175.0
2654.41175	7.555999999999585	epochs															maze	176.0
2654.41175	5.322249999999713	epochs															maze_stem	176.0
2654.43175	12.773749999999836	trials	False	False	False	True	False	True	[0.5837726593017578, 0.4162273406982422, 0.7064249515533447, 0.2935750186443329]	-0.12265230715274811	-0.29019762575626373	0.06132614612579346	0.14509880542755127	0.7064249515533447	[15859, 15859, 15859, 15859, 15859]	[15904, 15903, 15903, 15903, 15903]		
2659.7535	2.2142499999999927	epochs															maze_arm	176.0
2661.985	5.192250000000058	epochs															feedback_and_iti	176.0
2661.985	0.9952499999999418	epochs															feedback_delay	176.0
2662.99825	1.9760000000001128	epochs															feedback	176.0
2665.185	1.99225000000024	epochs															iti	176.0
2667.2055	8.320749999999862	epochs															maze	177.0
2667.2055	5.6965000000000146	epochs															maze_stem	177.0
2667.22925	13.499749999999949	trials	False	False	False	False	True	True	[0.6265847086906433, 0.3734153211116791, 0.9173014760017395, 0.08269853889942169]	-0.2907167747616768	-0.543886162340641	0.1453583911061287	-0.2719430699944496	0.3734153211116791	[15936, 15936, 15936, 15935, 15935]	[15985, 15985, 15985, 15984, 15984]		
2672.922	2.6042499999998654	epochs															maze_arm	177.0
2675.5485	5.1590000000001055	epochs															feedback_and_iti	177.0
2675.5485	0.9792500000003201	epochs															feedback_delay	177.0
2676.55175	1.9827500000001237	epochs															feedback	177.0
2678.72525	1.9822500000000218	epochs															iti	177.0
2680.729	8.531000000000404	epochs															maze	178.0
2680.729	6.200250000000324	epochs															maze_stem	178.0
2680.75	13.726000000000113	trials	True	False	False	False	True	True	[0.22716335952281952, 0.7728366255760193, 0.834129810333252, 0.16587020456790924]	-0.6069664359092712	-0.06129316985607147	0.303483210504055	-0.030646584928035736	0.7728366255760193	[16017, 16017, 16017, 16017, 16016]	[16067, 16067, 16067, 16067, 16067]		
2686.9505	2.3095000000002983	epochs															maze_arm	178.0
2689.278	5.176750000000084	epochs															feedback_and_iti	178.0
2689.278	0.9970000000002983	epochs															feedback_delay	178.0
2690.293	1.9792499999998654	epochs															feedback	178.0
2692.467	1.987749999999778	epochs															iti	178.0
2694.476	10.255749999999807	epochs															maze	179.0
2694.476	7.42574999999988	epochs															maze_stem	179.0
2694.496	15.44399999999996	trials	False	False	False	True	False	True	[0.15135255455970764, 0.84864741563797, 0.8012917637825012, 0.19870825111865997]	-0.6499391868710518	0.04735567420721054	0.3249696046113968	-0.02367784082889557	0.8012917637825012	[16100, 16099, 16099, 16099, 16099]	[16160, 16160, 16160, 16160, 16159]		
2701.922	2.8097499999998945	epochs															maze_arm	179.0
2704.74925	5.168750000000273	epochs															feedback_and_iti	179.0
2704.74925	0.9950000000003456	epochs															feedback_delay	179.0
2705.7615	1.9704999999999018	epochs															feedback	179.0
2707.92375	1.9942500000001928	epochs															iti	179.0
2709.94	8.821249999999964	epochs															maze	180.0
2709.94	6.489500000000135	epochs															maze_stem	180.0
2709.961	14.009250000000065	trials	True	False	False	True	False	True	[0.2638273239135742, 0.7361726760864258, 0.9213317632675171, 0.07866819947957993]	-0.6575044579803944	-0.1851591058075428	0.32875221967697144	0.09257954359054565	0.9213317632675171	[16192, 16192, 16192, 16192, 16192]	[16244, 16244, 16244, 16244, 16243]		
2716.45125	2.3099999999999454	epochs															maze_arm	180.0
2718.77975	5.164999999999964	epochs															feedback_and_iti	180.0
2718.77975	0.9887499999999818	epochs															feedback_delay	180.0
2719.7865	1.981499999999869	epochs															feedback	180.0
2721.95975	1.9850000000001273	epochs															iti	180.0
2723.97025	8.803249999999935	epochs															maze	181.0
2723.97025	6.5082500000003165	epochs															maze_stem	181.0
2723.99475	15.867500000000291	trials	False	False	False	False	False	False	[0.2514744699001312, 0.7485255002975464, 0.9000654220581055, 0.09993459284305573]	-0.6485909298062325	-0.1515398994088173	-0.3242954760789871	0.07576994597911835	0.2514744699001312	[16276, 16276, 16276, 16276, 16276]	[16328, 16328, 16328, 16328, 16328]		
2730.49875	2.2747499999995853	epochs															maze_arm	181.0
2732.79525	7.044499999999971	epochs															feedback_and_iti	181.0
2732.79525	0.9845000000000255	epochs															feedback_delay	181.0
2733.802	1.9832499999997708	epochs															feedback	181.0
2735.82575	4.014000000000124	epochs															iti	181.0
2739.86225	11.994499999999789	epochs															maze	182.0
2739.86225	10.075249999999869	epochs															maze_stem	182.0
2739.885	17.174249999999574	trials	False	False	False	True	False	True	[0.5510057210922241, 0.4489942491054535, 0.8949726223945618, 0.10502739250659943]	-0.34396687895059586	-0.4459783509373665	0.17198345065116882	0.22298917174339294	0.8949726223945618	[16372, 16372, 16371, 16371, 16371]	[16443, 16443, 16442, 16442, 16442]		
2749.9575	1.8992499999999382	epochs															maze_arm	182.0
2751.8745	5.163750000000164	epochs															feedback_and_iti	182.0
2751.8745	0.9912500000000364	epochs															feedback_delay	182.0
2752.88475	1.975999999999658	epochs															feedback	182.0
2755.05425	1.9839999999999236	epochs															iti	182.0
2757.05925	8.48425000000043	epochs															maze	183.0
2757.05925	6.3335000000001855	epochs															maze_stem	183.0
2757.08025	15.52350000000024	trials	False	False	False	True	True	False	[0.5522049069404602, 0.4477950930595398, 0.9526714086532593, 0.04732857644557953]	-0.40046650916337967	-0.5048763230443001	-0.20023325830698013	-0.25243816524744034	0.04732857644557953	[16475, 16475, 16474, 16474, 16474]	[16525, 16525, 16524, 16524, 16524]		
2763.41125	2.1322500000001128	epochs															maze_arm	183.0
2765.5595	7.023000000000138	epochs															feedback_and_iti	183.0
2765.5595	0.9980000000000473	epochs															feedback_delay	183.0
2766.57525	1.98050000000012	epochs															feedback	183.0
2768.59325	3.9892500000000837	epochs															iti	183.0
2772.60375	7.982749999999669	epochs															maze	184.0
2772.60375	5.58199999999988	epochs															maze_stem	184.0
2772.6275	13.186999999999898	trials	False	False	False	False	True	True	[0.5610982179641724, 0.43890181183815, 0.7068163752555847, 0.2931835949420929]	-0.14571818709373474	-0.2679145932197571	0.07285910844802856	-0.13395729660987854	0.43890181183815	[16568, 16568, 16568, 16567, 16567]	[16615, 16615, 16615, 16614, 16614]		
2778.207	2.3795000000000073	epochs															maze_arm	184.0
2780.609	5.185750000000098	epochs															feedback_and_iti	184.0
2780.609	0.9887499999999818	epochs															feedback_delay	184.0
2781.61875	1.9929999999999382	epochs															feedback	184.0
2783.8105	1.9842499999999745	epochs															iti	184.0
2785.8145	8.032250000000204	epochs															maze	185.0
2785.8145	5.741250000000036	epochs															maze_stem	185.0
2785.8355	13.224249999999756	trials	False	False	False	False	True	True	[0.21427522599697113, 0.7857247591018677, 0.6262223720550537, 0.3737775981426239]	-0.4119471535086632	0.15950237959623337	0.2059735804796219	0.07975117862224579	0.7857247591018677	[16647, 16647, 16647, 16647, 16647]	[16695, 16694, 16694, 16694, 16694]		
2791.5765	2.2702500000000327	epochs															maze_arm	185.0
2793.86775	5.170500000000175	epochs															feedback_and_iti	185.0
2793.86775	0.9895000000001346	epochs															feedback_delay	185.0
2794.88	1.976249999999709	epochs															feedback	185.0
2797.0525	1.9857500000002801	epochs															iti	185.0
2799.05975	7.127250000000004	epochs															maze	186.0
2799.05975	5.298000000000229	epochs															maze_stem	186.0
2799.081	14.173249999999825	trials	False	False	False	False	False	False	[0.10940617322921753, 0.8905937671661377, 0.5545058846473694, 0.4454940855503082]	-0.44509969651699066	0.3360878974199295	-0.22254985570907593	-0.16804397106170654	0.10940617322921753	[16727, 16727, 16726, 16726, 16726]	[16769, 16768, 16768, 16768, 16768]		
2804.3785	1.8085000000000946	epochs															maze_arm	186.0
2806.20875	7.02225000000044	epochs															feedback_and_iti	186.0
2806.20875	0.9865000000004329	epochs															feedback_delay	186.0
2807.217	1.981249999999818	epochs															feedback	186.0
2809.23825	3.992750000000342	epochs															iti	186.0
2813.25425	7.595499999999902	epochs															maze	187.0
2813.25425	5.300250000000233	epochs															maze_stem	187.0
2813.27975	14.629500000000007	trials	False	False	False	False	False	False	[0.3794962763786316, 0.6205036640167236, 0.7785197496414185, 0.22148019075393677]	-0.39902347326278687	-0.15801608562469482	-0.19951173663139343	0.07900801301002502	0.3794962763786316	[16812, 16812, 16811, 16811, 16811]	[16856, 16856, 16856, 16856, 16856]		
2818.57525	2.274499999999989	epochs															maze_arm	187.0
2820.86975	7.019000000000233	epochs															feedback_and_iti	187.0
2820.86975	0.9892500000000837	epochs															feedback_delay	187.0
2821.88075	1.9787500000002183	epochs															feedback	187.0
2823.90125	3.987500000000182	epochs															iti	187.0
2827.90925	8.268999999999778	epochs															maze	188.0
2827.90925	6.1664999999998145	epochs															maze_stem	188.0
2827.92875	13.465999999999894	trials	False	False	False	True	False	True	[0.558737576007843, 0.4412623643875122, 0.7962788939476013, 0.2037210911512375]	-0.2375412955880165	-0.3550165072083473	0.11877065896987915	0.17750823497772217	0.7962788939476013	[16900, 16900, 16899, 16899, 16899]	[16948, 16948, 16948, 16948, 16948]		
2834.09575	2.082499999999982	epochs															maze_arm	188.0
2836.19575	5.177000000000135	epochs															feedback_and_iti	188.0
2836.19575	0.9962500000001455	epochs															feedback_delay	188.0
2837.209	1.9729999999999563	epochs															feedback	188.0
2839.378	1.99474999999984	epochs															iti	188.0
2841.39475	7.793500000000222	epochs															maze	189.0
2841.39475	5.495249999999942	epochs															maze_stem	189.0
2841.414	13.000999999999749	trials	False	False	False	False	True	True	[0.4407479166984558, 0.5592520833015442, 0.9087327122688293, 0.09126731753349304]	-0.46798478066921234	-0.34948061406612396	0.23399238288402557	-0.17474029958248138	0.5592520833015442	[16981, 16980, 16980, 16980, 16980]	[17026, 17026, 17026, 17026, 17026]		
2846.9115	2.2767499999999927	epochs															maze_arm	189.0
2849.21075	5.180749999999989	epochs															feedback_and_iti	189.0
2849.21075	0.9934999999995853	epochs															feedback_delay	189.0
2850.22825	1.9792499999998654	epochs															feedback	189.0
2852.4015	1.9900000000002365	epochs															iti	189.0
2854.415	8.063000000000102	epochs															maze	190.0
2854.415	5.6664999999998145	epochs															maze_stem	190.0
2854.43575	13.265750000000025	trials	False	False	False	False	True	True	[0.1900884211063385, 0.8099115490913391, 0.8615934252738953, 0.13840657472610474]	-0.6715049892663956	-0.05168186128139496	0.3357524871826172	-0.025840938091278076	0.8099115490913391	[17059, 17058, 17058, 17058, 17058]	[17106, 17106, 17106, 17106, 17105]		
2860.103	2.375	epochs															maze_arm	190.0
2862.501	5.177999999999884	epochs															feedback_and_iti	190.0
2862.501	0.9992499999998472	epochs															feedback_delay	190.0
2863.52225	1.9777500000000146	epochs															feedback	190.0
2865.6965	1.9825000000000728	epochs															iti	190.0
2867.7015	9.291249999999764	epochs															maze	191.0
2867.7015	7.033999999999651	epochs															maze_stem	191.0
2867.721	14.482500000000073	trials	True	False	False	True	False	True	[0.09898930042982101, 0.9010106921195984, 0.7959631681442261, 0.20403678715229034]	-0.6969738863408566	0.10504750534892082	0.34848693385720253	-0.052523765712976456	0.7959631681442261	[17138, 17138, 17138, 17138, 17138]	[17193, 17193, 17193, 17193, 17192]		
2874.75625	2.236499999999978	epochs															maze_arm	191.0
2877.00925	5.1717499999999745	epochs															feedback_and_iti	191.0
2877.00925	0.9904999999998836	epochs															feedback_delay	191.0
2878.01625	1.9842499999999745	epochs															feedback	191.0
2880.19125	1.9897500000001855	epochs															iti	191.0
2882.2035	8.497499999999945	epochs															maze	192.0
2882.2035	6.212750000000142	epochs															maze_stem	192.0
2882.2255	13.702999999999975	trials	False	False	False	False	True	True	[0.14088547229766846, 0.8591145277023315, 0.9161602854728699, 0.08383975923061371]	-0.7752747908234596	-0.05704573541879654	0.3876373842358589	-0.028522856533527374	0.8591145277023315	[17225, 17225, 17225, 17225, 17225]	[17275, 17275, 17275, 17275, 17275]		
2888.43775	2.263249999999971	epochs															maze_arm	192.0
2890.7225	5.184250000000247	epochs															feedback_and_iti	192.0
2890.7225	0.9860000000003311	epochs															feedback_delay	192.0
2891.73225	1.9852500000001783	epochs															feedback	192.0
2893.91625	1.9904999999998836	epochs															iti	192.0
2895.9285	8.690750000000207	epochs															maze	193.0
2895.9285	6.300000000000182	epochs															maze_stem	193.0
2895.949	13.882499999999709	trials	False	False	False	False	True	True	[0.10431043058633804, 0.8956896066665649, 0.8847061991691589, 0.11529377102851868]	-0.7803958021104336	0.01098337396979332	0.39019791781902313	0.005491688847541809	0.8956896066665649	[17308, 17307, 17307, 17307, 17307]	[17359, 17359, 17358, 17358, 17358]		
2902.2525	2.3667500000001382	epochs															maze_arm	193.0
2904.6415	5.16924999999992	epochs															feedback_and_iti	193.0
2904.6415	0.9957500000000437	epochs															feedback_delay	193.0
2905.6605	1.9617499999999382	epochs															feedback	193.0
2907.817	1.993750000000091	epochs															iti	193.0
2909.8315	8.80450000000019	epochs															maze	194.0
2909.8315	6.118250000000444	epochs															maze_stem	194.0
2909.8515	13.989249999999629	trials	True	False	False	True	False	True	[0.07467992603778839, 0.9253201484680176, 0.8439859747886658, 0.15601396560668945]	-0.7693061158061028	0.08133410662412643	0.3846530243754387	-0.04066704958677292	0.8439859747886658	[17391, 17391, 17391, 17390, 17390]	[17443, 17443, 17442, 17442, 17442]		
2915.9685	2.667500000000018	epochs															maze_arm	194.0
2918.66225	5.157000000000153	epochs															feedback_and_iti	194.0
2918.66225	0.9774999999999636	epochs															feedback_delay	194.0
2919.658	1.9785000000001673	epochs															feedback	194.0
2921.83475	1.9845000000000255	epochs															iti	194.0
2923.84075	8.463000000000193	epochs															maze	195.0
2923.84075	6.500250000000051	epochs															maze_stem	195.0
2923.86175	13.651499999999942	trials	True	False	False	False	True	True	[0.1004657968878746, 0.8995342254638672, 0.9249857664108276, 0.07501421123743057]	-0.8245199918746948	-0.02545156329870224	0.4122600071132183	-0.01272578164935112	0.8995342254638672	[17475, 17475, 17475, 17474, 17474]	[17525, 17525, 17524, 17524, 17524]		
2930.36175	1.9420000000000073	epochs															maze_arm	195.0
2932.3205	5.171250000000327	epochs															feedback_and_iti	195.0
2932.3205	0.9845000000000255	epochs															feedback_delay	195.0
2933.32225	1.987999999999829	epochs															feedback	195.0
2935.51075	1.981000000000222	epochs															iti	195.0
2937.51325	7.588000000000193	epochs															maze	196.0
2937.51325	5.5027500000001055	epochs															maze_stem	196.0
2937.53425	12.779250000000047	trials	False	False	False	False	True	True	[0.09829679131507874, 0.9017031788825989, 0.9007811546325684, 0.09921884536743164]	-0.8024843484163284	0.0009220391511917114	0.4012421667575836	0.0004610121250152588	0.9017031788825989	[17557, 17557, 17557, 17556, 17556]	[17602, 17601, 17601, 17601, 17601]		
2943.0375	2.0637500000002547	epochs															maze_arm	196.0
2945.123	5.167500000000018	epochs															feedback_and_iti	196.0
2945.123	0.9887499999999818	epochs															feedback_delay	196.0
2946.1355	1.9717500000001564	epochs															feedback	196.0
2948.30125	1.9892500000000837	epochs															iti	196.0
2950.3135	7.470499999999902	epochs															maze	197.0
2950.3135	5.42699999999968	epochs															maze_stem	197.0
2950.336	14.53125	trials	False	False	False	False	False	False	[0.07807714492082596, 0.9219228029251099, 0.8739631772041321, 0.1260368376970291]	-0.7958859987556934	0.04795965924859047	-0.39794301614165306	-0.02397983893752098	0.07807714492082596	[17634, 17634, 17633, 17633, 17633]	[17678, 17677, 17677, 17677, 17677]		
2955.76175	2.0222499999999854	epochs															maze_arm	197.0
2957.80675	7.036499999999705	epochs															feedback_and_iti	197.0
2957.80675	0.9804999999996653	epochs															feedback_delay	197.0
2958.8105	1.9964999999997417	epochs															feedback	197.0
2960.84725	3.9960000000000946	epochs															iti	197.0
2964.86725	7.137500000000273	epochs															maze	198.0
2964.86725	4.989500000000135	epochs															maze_stem	198.0
2964.894	14.180750000000444	trials	False	False	False	False	False	False	[0.268928587436676, 0.731071412563324, 0.8823730945587158, 0.1176268607378006]	-0.6134445294737816	-0.15130170434713364	-0.3067222535610199	0.07565084099769592	0.268928587436676	[17721, 17721, 17721, 17720, 17720]	[17763, 17763, 17762, 17762, 17762]		
2969.87875	2.1260000000002037	epochs															maze_arm	198.0
2972.027	7.026249999999891	epochs															feedback_and_iti	198.0
2972.027	0.9989999999997963	epochs															feedback_delay	198.0
2973.04875	1.9767500000002656	epochs															feedback	198.0
2975.06425	3.9890000000000327	epochs															iti	198.0
2979.07475	7.760499999999865	epochs															maze	199.0
2979.07475	5.539749999999913	epochs															maze_stem	199.0
2979.09525	14.805749999999989	trials	False	False	False	False	False	False	[0.4165755808353424, 0.5834243893623352, 0.8708441257476807, 0.12915584444999695]	-0.45426854491233826	-0.28741973638534546	-0.22713427245616913	0.14370985329151154	0.4165755808353424	[17806, 17806, 17806, 17806, 17805]	[17807, 17807, 17807, 17807, 17807]		
2984.63475	2.20049999999992	epochs															maze_arm	199.0
2986.85775	7.0222499999999854	epochs															feedback_and_iti	199.0
2986.85775	0.9834999999998217	epochs															feedback_delay	199.0
2987.86425	1.9842499999999745	epochs															feedback	199.0
2989.88725	3.9927499999998872	epochs															iti	199.0
2993.901	7.355750000000171	epochs															maze	200.0
2993.901	5.458250000000135	epochs															maze_stem	200.0
2993.9205	14.392249999999876	trials	False	False	False	False	False	False	[0.527549684047699, 0.472450315952301, 0.8637995719909668, 0.136200413107872]	-0.3362498953938484	-0.39134926348924637	-0.1681249439716339	0.19567462801933289	0.527549684047699	[-2147483648, -2147483648, -2147483648, -2147483648, -2147483648]	[-2147483648, -2147483648, -2147483648, -2147483648, -2147483648]		
2999.37975	1.8769999999999527	epochs															maze_arm	200.0
3001.27925	7.012749999999869	epochs															feedback_and_iti	200.0
3001.27925	0.9947499999998399	epochs															feedback_delay	200.0
3002.29675	1.9727499999999054	epochs															feedback	200.0
3004.3105	3.981499999999869	epochs															iti	200.0
3008.31275	7.258499999999913	epochs															maze	201.0
3008.31275	5.262499999999818	epochs															maze_stem	201.0
3008.333	12.456000000000131	trials	False	False	False	True	False	True	[0.6099175214767456, 0.3900824785232544, 0.8600448369979858, 0.13995514810085297]	-0.25012732297182083	-0.46996236592531204	0.12506365776062012	0.23498117923736572	0.8600448369979858	[17808, 17808, 17808, 17808, 17808]	[17850, 17850, 17850, 17850, 17849]		
3013.5945	1.9767499999998108	epochs															maze_arm	201.0
3015.5895	5.178750000000036	epochs															feedback_and_iti	201.0
3015.5895	0.98824999999988	epochs															feedback_delay	201.0
3016.5965	1.9904999999998836	epochs															feedback	201.0
3018.7715	1.9967500000002474	epochs															iti	201.0
3020.789	8.590499999999793	epochs															maze	202.0
3020.789	6.620749999999589	epochs															maze_stem	202.0
3020.80975	15.614750000000186	trials	False	False	False	False	False	False	[0.33908841013908386, 0.6609115600585938, 0.9447454214096069, 0.055254556238651276]	-0.6056570075452328	-0.2838338576257229	-0.30282850563526154	0.1419169157743454	0.33908841013908386	[17883, 17882, 17882, 17882, 17882]	[17933, 17933, 17933, 17933, 17932]		
3027.42975	1.949750000000222	epochs															maze_arm	202.0
3029.4015	7.002500000000055	epochs															feedback_and_iti	202.0
3029.4015	0.9895000000001346	epochs															feedback_delay	202.0
3030.415	1.9647500000000946	epochs															feedback	202.0
3032.41925	3.9847500000000764	epochs															iti	202.0
3036.4245	7.2719999999999345	epochs															maze	203.0
3036.4245	5.275749999999789	epochs															maze_stem	203.0
3036.4455	14.317250000000058	trials	False	False	False	False	False	False	[0.6477752327919006, 0.3522247076034546, 0.9181199073791504, 0.08188007771968842]	-0.27034465223550797	-0.565895177423954	-0.13517233729362488	0.2829475700855255	0.6477752327919006	[17976, 17976, 17976, 17976, 17976]	[18019, 18019, 18019, 18018, 18018]		
3041.72025	1.9762500000001637	epochs															maze_arm	203.0
3043.71725	7.025249999999687	epochs															feedback_and_iti	203.0
3043.71725	0.9854999999997744	epochs															feedback_delay	203.0
3044.7255	1.9845000000000255	epochs															feedback	203.0
3046.75	3.9924999999998363	epochs															iti	203.0
3050.76275	7.311000000000149	epochs															maze	204.0
3050.76275	5.67975000000024	epochs															maze_stem	204.0
3050.78325	12.495499999999993	trials	False	False	False	True	False	True	[0.6824257373809814, 0.31757426261901855, 0.8804706335067749, 0.11952933669090271]	-0.19804491102695465	-0.5628963857889175	0.09902244806289673	0.2814481854438782	0.8804706335067749	[18062, 18062, 18062, 18062, 18061]	[18105, 18105, 18105, 18105, 18104]		
3056.46175	1.61200000000008	epochs															maze_arm	204.0
3058.09075	5.167500000000018	epochs															feedback_and_iti	204.0
3058.09075	0.9864999999999782	epochs															feedback_delay	204.0
3059.0955	1.9837499999998727	epochs															feedback	204.0
3061.2755	1.982749999999669	epochs															iti	204.0
3063.27875	8.539749999999913	epochs															maze	205.0
3063.27875	6.89850000000024	epochs															maze_stem	205.0
3063.299	13.722000000000207	trials	False	False	False	True	False	True	[0.5869773030281067, 0.4130227267742157, 0.952381432056427, 0.047618526965379715]	-0.36540416441857815	-0.5393587406724691	0.18270206451416016	0.26967936754226685	0.952381432056427	[18137, 18137, 18137, 18137, 18137]	[18188, 18187, 18187, 18187, 18187]		
3070.197	1.6214999999997417	epochs															maze_arm	205.0
3071.83575	5.165499999999611	epochs															feedback_and_iti	205.0
3071.83575	0.9989999999997963	epochs															feedback_delay	205.0
3072.853	1.9735000000000582	epochs															feedback	205.0
3075.0195	1.98174999999992	epochs															iti	205.0
3077.021	8.90625	epochs															maze	206.0
3077.021	7.156499999999596	epochs															maze_stem	206.0
3077.04175	14.09225000000015	trials	False	False	False	True	False	True	[0.536224365234375, 0.463775634765625, 0.9379948377609253, 0.06200511008501053]	-0.4017704986035824	-0.4742192290723324	0.20088523626327515	0.23710960149765015	0.9379948377609253	[18220, 18220, 18219, 18219, 18219]	[18272, 18272, 18272, 18272, 18271]		
3084.19725	1.7300000000000182	epochs															maze_arm	206.0
3085.944	5.167500000000018	epochs															feedback_and_iti	206.0
3085.944	0.9859999999998763	epochs															feedback_delay	206.0
3086.948	1.98050000000012	epochs															feedback	206.0
3089.12275	1.9887499999999818	epochs															iti	206.0
3091.134	8.367749999999887	epochs															maze	207.0
3091.134	6.416999999999916	epochs															maze_stem	207.0
3091.156	15.40774999999985	trials	False	False	False	False	False	False	[0.5537799596786499, 0.4462200105190277, 0.9390947818756104, 0.06090521067380905]	-0.38531481102108955	-0.49287476018071175	-0.19265741109848022	0.24643737077713013	0.5537799596786499	[18304, 18304, 18304, 18304, 18304]	[18354, 18353, 18353, 18353, 18353]		
3097.57075	1.93100000000004	epochs															maze_arm	207.0
3099.5265	7.016250000000127	epochs															feedback_and_iti	207.0
3099.5265	0.9762500000001637	epochs															feedback_delay	207.0
3100.526	1.9909999999999854	epochs															feedback	207.0
3102.5575	3.9852500000001783	epochs															iti	207.0
3106.56375	9.094250000000102	epochs															maze	208.0
3106.56375	6.545500000000175	epochs															maze_stem	208.0
3106.584	14.290250000000015	trials	False	False	False	True	False	True	[0.7138463258743286, 0.2861536741256714, 0.9217726588249207, 0.07822728902101517]	-0.20792635902762413	-0.6356190107762814	0.10396316647529602	0.31780949234962463	0.9217726588249207	[18397, 18397, 18397, 18396, 18396]	[18451, 18450, 18450, 18450, 18450]		
3113.12875	2.5292500000000473	epochs															maze_arm	208.0
3115.6745	5.168499999999767	epochs															feedback_and_iti	208.0
3115.6745	0.994499999999789	epochs															feedback_delay	208.0
3116.687	1.9722500000002583	epochs															feedback	208.0
3118.8535	1.9894999999996799	epochs															iti	208.0
3120.87425	9.069750000000113	epochs															maze	209.0
3120.87425	6.663250000000062	epochs															maze_stem	209.0
3120.89975	14.248999999999796	trials	False	False	False	False	True	True	[0.6916866898536682, 0.3083133101463318, 0.9588860869407654, 0.04111388698220253]	-0.2671994101256132	-0.6505727898329496	0.13359971158206463	-0.32528640143573284	0.3083133101463318	[18483, 18483, 18482, 18482, 18482]	[18536, 18536, 18536, 18536, 18535]		
3127.559	2.3849999999997635	epochs															maze_arm	209.0
3129.966	5.161000000000058	epochs															feedback_and_iti	209.0
3129.966	0.9890000000000327	epochs															feedback_delay	209.0
3130.978	1.9662499999999454	epochs															feedback	209.0
3133.1395	1.9874999999997272	epochs															iti	209.0
3135.14875	9.914750000000367	epochs															maze	210.0
3135.14875	7.479000000000269	epochs															maze_stem	210.0
3135.17375	15.121750000000247	trials	False	False	False	False	True	True	[0.3151993751525879, 0.6848006248474121, 0.9332729578018188, 0.06672710180282593]	-0.6180735528469086	-0.24847230315208435	0.3090367615222931	-0.12423613667488098	0.6848006248474121	[18568, 18568, 18568, 18568, 18568]	[18627, 18627, 18626, 18626, 18626]		
3142.64825	2.4152500000000146	epochs															maze_arm	210.0
3145.0855	5.188249999999698	epochs															feedback_and_iti	210.0
3145.0855	0.9832499999997708	epochs															feedback_delay	210.0
3146.093	1.992750000000342	epochs															feedback	210.0
3148.2795	1.994249999999738	epochs															iti	210.0
3150.2955	9.727499999999964	epochs															maze	211.0
3150.2955	6.824249999999665	epochs															maze_stem	211.0
3150.31725	14.929999999999836	trials	False	False	False	False	True	True	[0.13075146079063416, 0.8692485094070435, 0.8889708518981934, 0.11102916300296783]	-0.7582193687558174	-0.01972232013940811	0.3791096732020378	-0.009861163794994354	0.8692485094070435	[18659, 18659, 18659, 18659, 18658]	[18717, 18716, 18716, 18716, 18716]		
3157.14125	2.881750000000011	epochs															maze_arm	211.0
3160.04575	5.181499999999687	epochs															feedback_and_iti	211.0
3160.04575	0.98174999999992	epochs															feedback_delay	211.0
3161.05075	1.992500000000291	epochs															feedback	211.0
3163.23975	1.9874999999997272	epochs															iti	211.0
3165.24725	12.744000000000142	epochs															maze	212.0
3165.24725	9.162250000000313	epochs															maze_stem	212.0
3165.2655	19.786999999999807	trials	False	False	False	True	True	False	[0.09425735473632812, 0.9057426452636719, 0.8654803037643433, 0.13451969623565674]	-0.7712229490280151	0.04026234149932861	-0.38561147451400757	0.020131170749664307	0.13451969623565674	[18749, 18749, 18748, 18748, 18748]	[18824, 18824, 18824, 18824, 18823]		
3174.4295	3.561749999999847	epochs															maze_arm	212.0
3178.00825	7.024249999999938	epochs															feedback_and_iti	212.0
3178.00825	0.9945000000002437	epochs															feedback_delay	212.0
3179.019	1.987250000000131	epochs															feedback	212.0
3181.0465	3.9859999999998763	epochs															iti	212.0
3185.0525	8.563500000000204	epochs															maze	213.0
3185.0525	6.275750000000244	epochs															maze_stem	213.0
3185.0705	13.7487500000002	trials	False	False	False	True	False	True	[0.22082853317260742, 0.7791714668273926, 0.6552797555923462, 0.3447203040122986]	-0.4344511926174164	0.12389174103736877	0.21722561120986938	-0.06194585561752319	0.6552797555923462	[18868, 18867, 18867, 18867, 18867]	[18918, 18918, 18918, 18917, 18917]		
3191.3485	2.2674999999999272	epochs															maze_arm	213.0
3193.633	5.167750000000069	epochs															feedback_and_iti	213.0
3193.633	0.9867500000000291	epochs															feedback_delay	213.0
3194.6395	1.9897499999997308	epochs															feedback	213.0
3196.82	1.9807499999997162	epochs															iti	213.0
3198.81925	10.614999999999782	epochs															maze	214.0
3198.81925	7.793999999999869	epochs															maze_stem	214.0
3198.839	15.809000000000196	trials	False	False	False	True	False	True	[0.17325051128864288, 0.8267495036125183, 0.870881974697113, 0.12911799550056458]	-0.697631485760212	-0.04413249343633652	0.3488157317042351	0.02206624299287796	0.870881974697113	[18950, 18950, 18950, 18950, 18949]	[19013, 19013, 19012, 19012, 19012]		
3206.63325	2.800999999999931	epochs															maze_arm	214.0
3209.45125	5.1729999999997744	epochs															feedback_and_iti	214.0
3209.45125	0.98824999999988	epochs															feedback_delay	214.0
3210.4575	1.9832500000002256	epochs															feedback	214.0
3212.63075	1.99350000000004	epochs															iti	214.0
3214.648	11.605749999999716	epochs															maze	215.0
3214.648	9.27749999999969	epochs															maze_stem	215.0
3214.6665	16.796000000000276	trials	False	False	False	True	False	True	[0.1578119993209839, 0.8421879410743713, 0.9074367880821228, 0.092563197016716]	-0.7496247664093971	-0.06524882465600967	0.37481239438056946	0.032624393701553345	0.9074367880821228	[19045, 19045, 19045, 19044, 19044]	[19114, 19113, 19113, 19113, 19113]		
3223.94525	2.30849999999964	epochs															maze_arm	215.0
3226.27	5.1707500000002256	epochs															feedback_and_iti	215.0
3226.27	0.9892500000000837	epochs															feedback_delay	215.0
3227.278	1.9787500000002183	epochs															feedback	215.0
3229.443	1.9977499999999964	epochs															iti	215.0
3231.4625	11.373499999999694	epochs															maze	216.0
3231.4625	8.673999999999978	epochs															maze_stem	216.0
3231.48225	16.576500000000124	trials	False	False	False	True	False	True	[0.1617680937051773, 0.8382318615913391, 0.9144092798233032, 0.08559072762727737]	-0.7526411600410938	-0.07617739215493202	0.37632059305906296	0.038088686764240265	0.9144092798233032	[19146, 19146, 19145, 19145, 19145]	[19213, 19213, 19213, 19213, 19212]		
3240.15625	2.6797499999997854	epochs															maze_arm	216.0
3242.85375	5.18349999999964	epochs															feedback_and_iti	216.0
3242.85375	0.9862499999999272	epochs															feedback_delay	216.0
3243.859	1.981000000000222	epochs															feedback	216.0
3246.0565	1.9807499999997162	epochs															iti	216.0
3248.05875	10.948499999999967	epochs															maze	217.0
3248.05875	8.892249999999876	epochs															maze_stem	217.0
3248.0805	16.146999999999935	trials	False	False	False	True	False	True	[0.1703435778617859, 0.8296564221382141, 0.9199031591415405, 0.08009688556194305]	-0.7495595589280128	-0.09024671465158463	0.3747797906398773	0.04512336850166321	0.9199031591415405	[19245, 19245, 19245, 19245, 19245]	[19310, 19310, 19310, 19310, 19309]		
3256.96925	2.038000000000011	epochs															maze_arm	217.0
3259.0235	5.181750000000193	epochs															feedback_and_iti	217.0
3259.0235	0.987250000000131	epochs															feedback_delay	217.0
3260.029	1.994499999999789	epochs															feedback	217.0
3262.21325	1.9920000000001892	epochs															iti	217.0
3264.2275	10.928249999999935	epochs															maze	218.0
3264.2275	8.874499999999898	epochs															maze_stem	218.0
3264.24875	17.959749999999985	trials	False	False	False	False	False	False	[0.18048731982707977, 0.819512665271759, 0.9227467775344849, 0.07725315541028976]	-0.7422594837844372	-0.10323413833975792	-0.37112972885370255	0.05161704868078232	0.18048731982707977	[19342, 19342, 19342, 19342, 19342]	[19407, 19407, 19407, 19406, 19406]		
3273.12225	2.0335000000000036	epochs															maze_arm	218.0
3275.177	7.0092500000000655	epochs															feedback_and_iti	218.0
3275.177	1.0014999999998508	epochs															feedback_delay	218.0
3276.20225	1.9537500000001273	epochs															feedback	218.0
3278.1965	3.9897500000001855	epochs															iti	218.0
3282.2085	7.384499999999662	epochs															maze	219.0
3282.2085	5.314249999999902	epochs															maze_stem	219.0
3282.2305	14.430499999999938	trials	False	False	False	False	False	False	[0.5028115510940552, 0.49718841910362244, 0.9061210751533508, 0.09387890249490738]	-0.40330952033400536	-0.4089326523244381	-0.20165476202964783	0.204466313123703	0.5028115510940552	[19450, 19450, 19450, 19450, 19449]	[19494, 19493, 19493, 19493, 19493]		
3287.5435	2.0494999999996253	epochs															maze_arm	219.0
3289.615	7.023250000000189	epochs															feedback_and_iti	219.0
3289.615	0.9867500000000291	epochs															feedback_delay	219.0
3290.62525	1.98700000000008	epochs															feedback	219.0
3292.654	3.9842499999999745	epochs															iti	219.0
3296.661	8.00525000000016	epochs															maze	220.0
3296.661	6.298999999999978	epochs															maze_stem	220.0
3296.68175	13.192000000000007	trials	False	False	False	True	False	True	[0.6111323237419128, 0.38886770606040955, 0.8781366944313049, 0.12186332046985626]	-0.2670043781399727	-0.489268995821476	0.13350218534469604	0.2446345090866089	0.8781366944313049	[19537, 19537, 19536, 19536, 19536]	[19584, 19584, 19584, 19583, 19583]		
3302.98025	1.6860000000001492	epochs															maze_arm	220.0
3304.68325	5.171499999999924	epochs															feedback_and_iti	220.0
3304.68325	0.9954999999999927	epochs															feedback_delay	220.0
3305.69675	1.9729999999999563	epochs															feedback	220.0
3307.8645	1.9902499999998327	epochs															iti	220.0
3309.87375	10.887499999999818	epochs															maze	221.0
3309.87375	9.113749999999982	epochs															maze_stem	221.0
3309.89375	16.0949999999998	trials	False	False	False	True	False	True	[0.5066541433334351, 0.49334588646888733, 0.9521633982658386, 0.04783662408590317]	-0.44550925865769386	-0.4588175155222416	0.22275462746620178	0.22940877079963684	0.9521633982658386	[19616, 19616, 19616, 19615, 19615]	[19680, 19680, 19680, 19680, 19680]		
3319.00725	1.7539999999999054	epochs															maze_arm	221.0
3320.77675	5.189750000000004	epochs															feedback_and_iti	221.0
3320.77675	0.9857499999998254	epochs															feedback_delay	221.0
3321.7815	1.9952499999999418	epochs															feedback	221.0
3323.9715	1.9949999999998909	epochs															iti	221.0
3325.98875	12.421499999999924	epochs															maze	222.0
3325.98875	10.119250000000193	epochs															maze_stem	222.0
3326.0105	19.464249999999993	trials	False	False	False	False	False	False	[0.45858362317085266, 0.5414164066314697, 0.9334450960159302, 0.06655484437942505]	-0.4748615175485611	-0.39202873408794403	-0.23743073642253876	0.19601435959339142	0.45858362317085266	[19713, 19713, 19712, 19712, 19712]	[19786, 19786, 19786, 19786, 19785]		
3336.1285	2.281750000000102	epochs															maze_arm	222.0
3338.4325	7.0219999999999345	epochs															feedback_and_iti	222.0
3338.4325	0.9782500000001164	epochs															feedback_delay	222.0
3339.43325	1.981249999999818	epochs															feedback	222.0
3341.4575	3.9969999999998436	epochs															iti	222.0
3345.47475	8.581250000000182	epochs															maze	223.0
3345.47475	6.366500000000087	epochs															maze_stem	223.0
3345.4955	15.625500000000102	trials	False	False	False	False	False	False	[0.6943355798721313, 0.30566442012786865, 0.9234716892242432, 0.07652837038040161]	-0.22913607954978943	-0.6178072392940521	-0.11456805467605591	0.30890363454818726	0.6943355798721313	[19830, 19829, 19829, 19829, 19829]	[19880, 19880, 19880, 19879, 19879]		
3351.86225	2.193749999999909	epochs															maze_arm	223.0
3354.07975	7.0219999999999345	epochs															feedback_and_iti	223.0
3354.07975	0.9987500000002001	epochs															feedback_delay	223.0
3355.1005	1.9772499999999127	epochs															feedback	223.0
3357.118	3.9837499999998727	epochs															iti	223.0
3361.121	9.836499999999887	epochs															maze	224.0
3361.121	7.107250000000022	epochs															maze_stem	224.0
3361.142	15.037500000000364	trials	True	False	False	False	True	True	[0.7111547589302063, 0.2888452708721161, 0.8856415152549744, 0.11435847729444504]	-0.17448677495121956	-0.5967962630093098	0.08724339678883553	-0.29839812591671944	0.2888452708721161	[19923, 19923, 19923, 19923, 19923]	[19981, 19981, 19981, 19981, 19981]		
3368.248	2.7094999999999345	epochs															maze_arm	224.0
3370.974	5.182499999999891	epochs															feedback_and_iti	224.0
3370.974	0.9890000000000327	epochs															feedback_delay	224.0
3371.98075	1.987749999999778	epochs															feedback	224.0
3374.1605	1.9960000000000946	epochs															iti	224.0
3376.1795	8.928499999999985	epochs															maze	225.0
3376.1795	6.855499999999665	epochs															maze_stem	225.0
3376.20025	14.137250000000222	trials	False	False	False	False	True	True	[0.4431982934474945, 0.5568016767501831, 0.899353563785553, 0.10064643621444702]	-0.4561552554368973	-0.3425518721342087	0.22807762026786804	-0.17127594351768494	0.5568016767501831	[20014, 20013, 20013, 20013, 20013]	[20066, 20066, 20066, 20066, 20065]		
3383.05775	2.050250000000233	epochs															maze_arm	225.0
3385.13	5.186749999999847	epochs															feedback_and_iti	225.0
3385.13	0.987999999999829	epochs															feedback_delay	225.0
3386.14125	1.9872499999996762	epochs															feedback	225.0
3388.3305	1.9862499999999272	epochs															iti	225.0
3390.3375	10.310999999999694	epochs															maze	226.0
3390.3375	8.10024999999996	epochs															maze_stem	226.0
3390.358	17.359500000000025	trials	False	False	False	True	True	False	[0.19557125866413116, 0.80442875623703, 0.8361740112304688, 0.16382603347301483]	-0.6406027376651764	-0.03174524009227753	-0.3203013613820076	-0.01587260514497757	0.16382603347301483	[20099, 20098, 20098, 20098, 20098]	[20159, 20159, 20159, 20159, 20159]		
3398.45825	2.1902499999996508	epochs															maze_arm	226.0
3400.664	7.027999999999793	epochs															feedback_and_iti	226.0
3400.664	1.0014999999998508	epochs															feedback_delay	226.0
3401.686	1.9739999999997053	epochs															feedback	226.0
3403.698	3.994000000000142	epochs															iti	226.0
3407.7175	9.009749999999713	epochs															maze	227.0
3407.7175	5.993999999999687	epochs															maze_stem	227.0
3407.7405	14.196750000000065	trials	False	False	False	True	False	True	[0.33915087580680847, 0.6608490943908691, 0.6368542909622192, 0.36314573884010315]	-0.2977033853530884	0.02399483323097229	0.14885170757770538	-0.011997416615486145	0.6368542909622192	[20203, 20203, 20202, 20202, 20202]	[20256, 20256, 20255, 20255, 20255]		
3413.731	2.9962499999996908	epochs															maze_arm	227.0
3416.745	5.1707500000002256	epochs															feedback_and_iti	227.0
3416.745	0.9965000000001965	epochs															feedback_delay	227.0
3417.762	1.9822500000000218	epochs															feedback	227.0
3419.9355	1.9802500000000691	epochs															iti	227.0
3421.93725	8.813250000000153	epochs															maze	228.0
3421.93725	6.4522500000002765	epochs															maze_stem	228.0
3421.95825	15.860749999999825	trials	False	False	False	False	False	False	[0.322689026594162, 0.6773110032081604, 0.8578104972839355, 0.14218947291374207]	-0.535121500492096	-0.18049952387809753	-0.2675607353448868	0.09024976193904877	0.322689026594162	[20288, 20288, 20288, 20287, 20287]	[20340, 20340, 20340, 20339, 20339]		
3428.40975	2.3407500000002983	epochs															maze_arm	228.0
3430.77225	7.028249999999844	epochs															feedback_and_iti	228.0
3430.77225	0.9859999999998763	epochs															feedback_delay	228.0
3431.78175	1.9854999999997744	epochs															feedback	228.0
3433.80925	3.9912500000000364	epochs															iti	228.0
3437.819	8.17574999999988	epochs															maze	229.0
3437.819	6.171499999999924	epochs															maze_stem	229.0
3437.8385	13.366750000000138	trials	False	False	False	True	False	True	[0.5983883142471313, 0.40161168575286865, 0.8707125186920166, 0.1292875111103058]	-0.27232418954372406	-0.46910081803798676	0.13616210222244263	0.23455041646957397	0.8707125186920166	[20383, 20383, 20383, 20383, 20383]	[20431, 20431, 20431, 20431, 20431]		
3444.011	1.9837499999998727	epochs															maze_arm	229.0
3446.01175	5.172250000000076	epochs															feedback_and_iti	229.0
3446.01175	0.9989999999997963	epochs															feedback_delay	229.0
3447.02725	1.9747499999998581	epochs															feedback	229.0
3449.18575	1.9982500000000982	epochs															iti	229.0
3451.20525	8.461249999999836	epochs															maze	230.0
3451.20525	6.106999999999971	epochs															maze_stem	230.0
3451.2255	15.507000000000062	trials	False	False	False	False	False	False	[0.5593942999839783, 0.44060570001602173, 0.93880295753479, 0.06119699776172638]	-0.37940867990255356	-0.4981972798705101	-0.18970432877540588	0.24909862875938416	0.5593942999839783	[20464, 20463, 20463, 20463, 20463]	[20513, 20513, 20513, 20513, 20513]		
3457.3355	2.330999999999676	epochs															maze_arm	230.0
3459.6905	7.021499999999833	epochs															feedback_and_iti	230.0
3459.6905	0.9904999999998836	epochs															feedback_delay	230.0
3460.70325	1.9712500000000546	epochs															feedback	230.0
3462.71525	3.9967499999997926	epochs															iti	230.0
3466.7325	8.342749999999796	epochs															maze	231.0
3466.7325	6.248250000000098	epochs															maze_stem	231.0
3466.7525	13.540500000000065	trials	False	False	False	True	False	True	[0.7131921052932739, 0.2868078947067261, 0.9083709716796875, 0.0916290432214737]	-0.19517885893583298	-0.6215630695223808	0.09758943319320679	0.3107815384864807	0.9083709716796875	[20557, 20557, 20556, 20556, 20556]	[20606, 20606, 20605, 20605, 20605]		
3473.0005	2.074749999999767	epochs															maze_arm	231.0
3475.093	5.179500000000189	epochs															feedback_and_iti	231.0
3475.093	0.9842499999999745	epochs															feedback_delay	231.0
3476.09575	1.9900000000002365	epochs															feedback	231.0
3478.28175	1.9907499999999345	epochs															iti	231.0
3480.293	10.14975000000004	epochs															maze	232.0
3480.293	7.761749999999665	epochs															maze_stem	232.0
3480.31275	15.341499999999996	trials	False	False	False	True	False	True	[0.6656524538993835, 0.33434751629829407, 0.951895534992218, 0.04810440540313721]	-0.28624309599399567	-0.6175480335950851	0.14312154054641724	0.3087739944458008	0.951895534992218	[20638, 20638, 20638, 20637, 20637]	[20698, 20698, 20698, 20697, 20697]		
3488.07325	2.3695000000002437	epochs															maze_arm	232.0
3490.45975	5.173499999999876	epochs															feedback_and_iti	232.0
3490.45975	0.9884999999999309	epochs															feedback_delay	232.0
3491.46475	1.9887499999999818	epochs															feedback	232.0
3493.65075	1.9825000000000728	epochs															iti	232.0
3495.65425	8.314750000000004	epochs															maze	233.0
3495.65425	6.457249999999931	epochs															maze_stem	233.0
3495.673	13.515250000000378	trials	False	False	False	True	False	True	[0.6354824304580688, 0.3645176291465759, 0.934758722782135, 0.06524129956960678]	-0.29927631095051765	-0.5702411122620106	0.14963814616203308	0.28512057662010193	0.934758722782135	[20730, 20730, 20730, 20730, 20729]	[20779, 20779, 20779, 20778, 20778]		
3502.131	1.8380000000001928	epochs															maze_arm	233.0
3503.986	5.179000000000087	epochs															feedback_and_iti	233.0
3503.986	0.9977499999999964	epochs															feedback_delay	233.0
3505.002	1.9797499999999673	epochs															feedback	233.0
3507.173	1.9920000000001892	epochs															iti	233.0
3509.18825	10.317749999999705	epochs															maze	234.0
3509.18825	8.199249999999665	epochs															maze_stem	234.0
3509.211	17.352000000000317	trials	False	False	False	True	True	False	[0.6593580842018127, 0.34064194560050964, 0.9384186863899231, 0.06158134341239929]	-0.27906060218811035	-0.5977767407894135	-0.13953030109405518	-0.29888835549354553	0.06158134341239929	[20811, 20811, 20811, 20811, 20810]	[20872, 20872, 20872, 20872, 20871]		
3517.407	2.0989999999997053	epochs															maze_arm	234.0
3519.52125	7.019750000000386	epochs															feedback_and_iti	234.0
3519.52125	0.9965000000001965	epochs															feedback_delay	234.0
3520.5355	1.9832500000002256	epochs															feedback	234.0
3522.55675	3.9842499999999745	epochs															iti	234.0
3526.563	8.2824999999998	epochs															maze	235.0
3526.563	6.269749999999931	epochs															maze_stem	235.0
3526.5845	15.34225000000015	trials	False	False	False	False	False	False	[0.6387529969215393, 0.3612469434738159, 0.7050105333328247, 0.2949894964694977]	-0.06625749170780182	-0.3437635451555252	-0.0331287682056427	0.171881765127182	0.6387529969215393	[20915, 20915, 20915, 20915, 20915]	[20964, 20964, 20964, 20964, 20963]		
3532.85325	1.9922499999997854	epochs															maze_arm	235.0
3534.86925	7.038000000000011	epochs															feedback_and_iti	235.0
3534.86925	0.9927499999998872	epochs															feedback_delay	235.0
3535.885	1.98174999999992	epochs															feedback	235.0
3537.907	4.000250000000051	epochs															iti	235.0
3541.92675	8.046499999999924	epochs															maze	236.0
3541.92675	6.041999999999916	epochs															maze_stem	236.0
3541.94675	13.257250000000113	trials	False	False	False	True	False	True	[0.6772943139076233, 0.3227056860923767, 0.7194056510925293, 0.2805943787097931]	-0.04211132228374481	-0.3966999500989914	0.021055668592453003	0.1983499825000763	0.7194056510925293	[21008, 21007, 21007, 21007, 21007]	[21055, 21055, 21055, 21054, 21054]		
3547.98875	1.9845000000000255	epochs															maze_arm	236.0
3549.9905	5.19275000000016	epochs															feedback_and_iti	236.0
3549.9905	0.9855000000002292	epochs															feedback_delay	236.0
3550.994	1.9927499999998872	epochs															feedback	236.0
3553.19025	1.9929999999999382	epochs															iti	236.0
3555.204	10.451000000000022	epochs															maze	237.0
3555.204	8.577499999999873	epochs															maze_stem	237.0
3555.22325	15.627500000000055	trials	False	False	False	True	False	True	[0.7159470319747925, 0.2840529680252075, 0.8704795837402344, 0.129520446062088]	-0.1545325368642807	-0.5864266008138657	0.07726627588272095	0.2932133078575134	0.8704795837402344	[21087, 21087, 21087, 21087, 21086]	[21149, 21149, 21149, 21148, 21148]		
3563.801	1.8540000000002692	epochs															maze_arm	237.0
3565.67075	5.160249999999905	epochs															feedback_and_iti	237.0
3565.67075	0.9962499999996908	epochs															feedback_delay	237.0
3566.6855	1.9744999999998072	epochs															feedback	237.0
3568.8515	1.9794999999999163	epochs															iti	237.0
3570.85075	8.878749999999854	epochs															maze	238.0
3570.85075	6.623000000000047	epochs															maze_stem	238.0
3570.8695	15.906000000000404	trials	False	False	False	True	True	False	[0.7309116125106812, 0.2690884470939636, 0.9028105735778809, 0.09718938171863556]	-0.17189901322126389	-0.6337221786379814	-0.08594953268766403	-0.3168610855937004	0.09718938171863556	[21181, 21181, 21181, 21180, 21180]	[21233, 21233, 21233, 21233, 21233]		
3577.493	2.236499999999978	epochs															maze_arm	238.0
3579.746	7.010499999999865	epochs															feedback_and_iti	238.0
3579.746	0.9912500000000364	epochs															feedback_delay	238.0
3580.755	1.975500000000011	epochs															feedback	238.0
3582.76675	3.9897500000001855	epochs															iti	238.0
3586.7755	8.472499999999854	epochs															maze	239.0
3586.7755	5.893000000000029	epochs															maze_stem	239.0
3586.79625	13.687750000000051	trials	False	False	False	True	False	True	[0.6747012138366699, 0.32529881596565247, 0.6108671426773071, 0.38913285732269287]	0.0638340562582016	-0.28556834161281586	-0.031917035579681396	0.14278417825698853	0.6108671426773071	[21277, 21276, 21276, 21276, 21276]	[21326, 21326, 21326, 21326, 21326]		
3592.6885	2.5594999999998436	epochs															maze_arm	239.0
3595.266	5.1974999999997635	epochs															feedback_and_iti	239.0
3595.266	0.9985000000001492	epochs															feedback_delay	239.0
3596.282	1.9890000000000327	epochs															feedback	239.0
3598.468	1.9954999999999927	epochs															iti	239.0
3600.484	8.628500000000258	epochs															maze	240.0
3600.484	6.892749999999978	epochs															maze_stem	240.0
3600.50475	13.826000000000022	trials	False	False	False	True	False	True	[0.7263335585594177, 0.2736664414405823, 0.8585608005523682, 0.14143922924995422]	-0.13222722709178925	-0.5848943442106247	0.06611362099647522	0.29244717955589294	0.8585608005523682	[21359, 21359, 21358, 21358, 21358]	[21410, 21409, 21409, 21409, 21409]		
3607.39625	1.7162500000004002	epochs															maze_arm	240.0
3609.1285	5.172250000000076	epochs															feedback_and_iti	240.0
3609.1285	0.9909999999999854	epochs															feedback_delay	240.0
3610.13725	1.9884999999999309	epochs															feedback	240.0
3612.315	1.9857499999998254	epochs															iti	240.0
3614.33075	9.424999999999727	epochs															maze	241.0
3614.33075	7.063999999999851	epochs															maze_stem	241.0
3614.356	16.452999999999975	trials	False	False	False	True	True	False	[0.7438817024230957, 0.2561182677745819, 0.8947628736495972, 0.10523711889982224]	-0.15088116005063057	-0.6386445946991444	-0.07544057443737984	-0.31932230666279793	0.10523711889982224	[21442, 21442, 21441, 21441, 21441]	[21497, 21497, 21497, 21497, 21497]		
3621.41425	2.3414999999999964	epochs															maze_arm	241.0
3623.77175	7.0145000000002256	epochs															feedback_and_iti	241.0
3623.77175	0.9917500000001382	epochs															feedback_delay	241.0
3624.78125	1.9830000000001746	epochs															feedback	241.0
3626.79975	3.986499999999978	epochs															iti	241.0
3630.809	7.4789999999998145	epochs															maze	242.0
3630.809	5.506249999999909	epochs															maze_stem	242.0
3630.82875	14.533500000000004	trials	False	False	False	False	False	False	[0.6790489554405212, 0.32095107436180115, 0.5934928059577942, 0.4065071642398834]	0.08555611968040466	-0.27254176139831543	0.042778074741363525	0.13627088069915771	0.6790489554405212	[21541, 21540, 21540, 21540, 21540]	[21585, 21584, 21584, 21584, 21584]		
3636.33825	1.949750000000222	epochs															maze_arm	242.0
3638.31	7.0300000000002	epochs															feedback_and_iti	242.0
3638.31	0.9857500000002801	epochs															feedback_delay	242.0
3639.31875	1.9895000000001346	epochs															feedback	242.0
3641.34775	3.99225000000024	epochs															iti	242.0
3645.36225	10.203500000000076	epochs															maze	243.0
3645.36225	8.309999999999945	epochs															maze_stem	243.0
3645.3835	17.238000000000284	trials	False	False	False	False	False	False	[0.6760286092758179, 0.32397136092185974, 0.5989465117454529, 0.4010534882545471]	0.07708211243152618	-0.27497513592243195	0.038541048765182495	0.13748756051063538	0.6760286092758179	[21628, 21628, 21627, 21627, 21627]	[21688, 21688, 21688, 21688, 21687]		
3653.69325	1.8725000000004002	epochs															maze_arm	243.0
3655.5875	7.015249999999924	epochs															feedback_and_iti	243.0
3655.5875	0.9789999999998145	epochs															feedback_delay	243.0
3656.59075	1.9772500000003674	epochs															feedback	243.0
3658.6085	3.994250000000193	epochs															iti	243.0
3662.6215	9.462499999999636	epochs															maze	244.0
3662.6215	6.976999999999862	epochs															maze_stem	244.0
3662.64175	14.650250000000142	trials	False	False	False	True	False	True	[0.6921671032905579, 0.30783286690711975, 0.5914828777313232, 0.40851715207099915]	0.100684255361557	-0.2836499810218811	-0.05034211277961731	0.14182499051094055	0.5914828777313232	[21731, 21731, 21731, 21731, 21731]	[21787, 21787, 21787, 21787, 21786]		
3669.6185	2.4654999999997926	epochs															maze_arm	244.0
3672.1015	5.16924999999992	epochs															feedback_and_iti	244.0
3672.1015	0.9894999999996799	epochs															feedback_delay	244.0
3673.10875	1.9770000000003165	epochs															feedback	244.0
3675.284	1.986750000000029	epochs															iti	244.0
3677.292	8.865499999999884	epochs															maze	245.0
3677.292	6.76949999999988	epochs															maze_stem	245.0
3677.3135	14.060249999999996	trials	False	False	False	False	True	True	[0.7288686037063599, 0.27113136649131775, 0.8030960559844971, 0.19690392911434174]	-0.07422744482755661	-0.5319646820425987	0.03711371868848801	-0.26598235219717026	0.27113136649131775	[21819, 21819, 21819, 21819, 21819]	[21872, 21871, 21871, 21871, 21871]		
3684.0835	2.0739999999996144	epochs															maze_arm	245.0
3686.18075	5.167750000000069	epochs															feedback_and_iti	245.0
3686.18075	0.9875000000001819	epochs															feedback_delay	245.0
3687.1905	1.981249999999818	epochs															feedback	245.0
3689.3645	1.9839999999999236	epochs															iti	245.0
3691.37375	11.328999999999724	epochs															maze	246.0
3691.37375	8.460249999999633	epochs															maze_stem	246.0
3691.39825	16.522249999999985	trials	False	False	False	False	True	True	[0.24681085348129272, 0.7531891465187073, 0.6626641154289246, 0.33733585476875305]	-0.41585327684879303	0.09052501618862152	0.2079266458749771	0.045262500643730164	0.7531891465187073	[21904, 21904, 21903, 21903, 21903]	[21971, 21971, 21970, 21970, 21970]		
3699.858	2.844749999999749	epochs															maze_arm	246.0
3702.723	5.175000000000182	epochs															feedback_and_iti	246.0
3702.723	0.9985000000001492	epochs															feedback_delay	246.0
3703.7455	1.9692500000001019	epochs															feedback	246.0
3705.908	1.9900000000002365	epochs															iti	246.0
3707.9205	13.172999999999774	epochs															maze	247.0
3707.9205	10.785999999999603	epochs															maze_stem	247.0
3707.94375	18.37850000000026	trials	True	False	False	True	False	True	[0.11896542459726334, 0.8810346126556396, 0.5548823475837708, 0.44511762261390686]	-0.4359169565141201	0.3261522315442562	0.2179584614932537	-0.16307611390948296	0.5548823475837708	[22003, 22003, 22003, 22002, 22002]	[22081, 22081, 22081, 22080, 22080]		
3718.72775	2.3657499999999345	epochs															maze_arm	247.0
3721.11975	5.183500000000095	epochs															feedback_and_iti	247.0
3721.11975	0.9845000000000255	epochs															feedback_delay	247.0
3722.1205	1.9859999999998763	epochs															feedback	247.0
3724.308	1.9952499999999418	epochs															iti	247.0
3726.32225	11.268749999999727	epochs															maze	248.0
3726.32225	9.027749999999742	epochs															maze_stem	248.0
3726.34475	16.447999999999865	trials	False	False	False	True	False	True	[0.19202910363674164, 0.8079709410667419, 0.8204756379127502, 0.17952434718608856]	-0.628446564078331	-0.012504726648330688	0.3142232671380043	0.006252370774745941	0.8204756379127502	[22113, 22113, 22113, 22113, 22113]	[22180, 22180, 22180, 22179, 22179]		
3735.37025	2.2207499999999527	epochs															maze_arm	248.0
3737.61	5.162499999999909	epochs															feedback_and_iti	248.0
3737.61	0.9874999999997272	epochs															feedback_delay	248.0
3738.61625	1.98050000000012	epochs															feedback	248.0
3740.78775	1.9847500000000764	epochs															iti	248.0
3742.79275	10.528249999999844	epochs															maze	249.0
3742.79275	7.911749999999756	epochs															maze_stem	249.0
3742.813	15.706499999999778	trials	False	False	False	True	False	True	[0.23775318264961243, 0.7622467875480652, 0.8845046758651733, 0.11549527198076248]	-0.6467515043914318	-0.12225789949297905	0.32337574660778046	0.06112892925739288	0.8845046758651733	[22212, 22212, 22212, 22212, 22211]	[22274, 22274, 22274, 22274, 22273]		
3750.72425	2.5967499999997017	epochs															maze_arm	249.0
3753.33775	5.159499999999753	epochs															feedback_and_iti	249.0
3753.33775	0.9987499999997453	epochs															feedback_delay	249.0
3754.35525	1.9659999999998945	epochs															feedback	249.0
3756.51125	1.9859999999998763	epochs															iti	249.0
3758.5195	8.141500000000178	epochs															maze	250.0
3758.5195	6.0925000000002	epochs															maze_stem	250.0
3758.54075	13.35174999999981	trials	True	False	False	False	True	True	[0.260675311088562, 0.739324688911438, 0.9043402075767517, 0.09565981477499008]	-0.6436648853123188	-0.16501550748944283	0.32183243706822395	-0.08250774815678596	0.739324688911438	[22306, 22306, 22306, 22306, 22306]	[22354, 22354, 22354, 22354, 22354]		
3764.63025	2.030749999999898	epochs															maze_arm	250.0
3766.67825	5.184250000000247	epochs															feedback_and_iti	250.0
3766.67825	0.9845000000000255	epochs															feedback_delay	250.0
3767.679	1.9919999999997344	epochs															feedback	250.0
3769.86175	2.000750000000153	epochs															iti	250.0
3771.8925	8.666000000000167	epochs															maze	251.0
3771.8925	7.029750000000149	epochs															maze_stem	251.0
3771.91625	13.85799999999972	trials	False	False	False	False	True	True	[0.1335410475730896, 0.8664590120315552, 0.8671807646751404, 0.1328192502260208]	-0.7336397394537926	-0.0007217749953269958	0.3668198809027672	-0.0003608688712120056	0.8664590120315552	[22387, 22386, 22386, 22386, 22386]	[22438, 22437, 22437, 22437, 22437]		
3778.943	1.6154999999998836	epochs															maze_arm	251.0
3780.579	5.170249999999669	epochs															feedback_and_iti	251.0
3780.579	0.9859999999998763	epochs															feedback_delay	251.0
3781.58875	1.9785000000001673	epochs															feedback	251.0
3783.76025	1.9890000000000327	epochs															iti	251.0
3785.77425	12.077250000000276	epochs															maze	252.0
3785.77425	9.701250000000073	epochs															maze_stem	252.0
3785.7995	17.266999999999825	trials	True	False	False	True	False	True	[0.09073659032583237, 0.9092634320259094, 0.8426877856254578, 0.15731221437454224]	-0.7519512064754963	0.06657563522458076	0.3759755976498127	-0.033287812024354935	0.8426877856254578	[22470, 22470, 22469, 22469, 22469]	[22541, 22541, 22541, 22541, 22541]		
3795.4965	2.355000000000018	epochs															maze_arm	252.0
3797.86775	5.1782499999999345	epochs															feedback_and_iti	252.0
3797.86775	0.9862499999999272	epochs															feedback_delay	252.0
3798.8705	1.9922499999997854	epochs															feedback	252.0
3801.06275	1.9832499999997708	epochs															iti	252.0
3803.0665	11.591750000000047	epochs															maze	253.0
3803.0665	9.156750000000102	epochs															maze_stem	253.0
3803.08725	16.793499999999767	trials	False	False	False	True	False	True	[0.1180044487118721, 0.8819954991340637, 0.9114425182342529, 0.08855751901865005]	-0.7934380248188972	-0.029446974396705627	0.3967190347611904	0.014723483473062515	0.9114425182342529	[22574, 22573, 22573, 22573, 22573]	[22642, 22642, 22642, 22642, 22641]		
3812.243	2.4152500000000146	epochs															maze_arm	253.0
3814.6745	5.172500000000127	epochs															feedback_and_iti	253.0
3814.6745	0.9919999999997344	epochs															feedback_delay	253.0
3815.68525	1.9822500000000218	epochs															feedback	253.0
3817.8565	1.9905000000003383	epochs															iti	253.0
3819.88075	8.9987500000002	epochs															maze	254.0
3819.88075	6.606000000000222	epochs															maze_stem	254.0
3819.90675	14.174999999999727	trials	False	False	False	True	False	True	[0.12920257449150085, 0.8707974553108215, 0.9153902530670166, 0.08460968732833862]	-0.7861877232789993	-0.04459284245967865	0.3930938392877579	0.022296413779258728	0.9153902530670166	[22674, 22674, 22674, 22674, 22674]	[22727, 22727, 22727, 22727, 22727]		
3826.5065	2.3730000000000473	epochs															maze_arm	254.0
3828.897	5.166500000000269	epochs															feedback_and_iti	254.0
3828.897	0.98824999999988	epochs															feedback_delay	254.0
3829.904	1.981000000000222	epochs															feedback	254.0
3832.07975	1.9837500000003274	epochs															iti	254.0
3834.08175	11.398000000000138	epochs															maze	255.0
3834.08175	8.995499999999993	epochs															maze_stem	255.0
3834.10125	16.596250000000055	trials	False	False	False	True	False	True	[0.13817524909973145, 0.8618247509002686, 0.9230981469154358, 0.07690182328224182]	-0.7849229127168655	-0.06127341091632843	0.3924614489078522	0.030636698007583618	0.9230981469154358	[22760, 22759, 22759, 22759, 22759]	[22827, 22827, 22827, 22826, 22826]		
3843.098	2.381750000000011	epochs															maze_arm	255.0
3845.4965	5.180999999999585	epochs															feedback_and_iti	255.0
3845.4965	0.9977499999999964	epochs															feedback_delay	255.0
3846.51225	1.9844999999995707	epochs															feedback	255.0
3848.6825	1.9949999999998909	epochs															iti	255.0
3850.6975	9.694749999999658	epochs															maze	256.0
3850.6975	7.697249999999713	epochs															maze_stem	256.0
3850.71725	14.885499999999865	trials	False	False	False	True	False	True	[0.1444462537765503, 0.8555537462234497, 0.922843337059021, 0.07715662568807602]	-0.7783971019089222	-0.06728960946202278	0.38919854164123535	0.033644795417785645	0.922843337059021	[22859, 22859, 22859, 22859, 22858]	[22916, 22916, 22916, 22916, 22916]		
3858.4165	1.9757500000000618	epochs															maze_arm	256.0
3860.41	5.170000000000073	epochs															feedback_and_iti	256.0
3860.41	0.9965000000001965	epochs															feedback_delay	256.0
3861.42325	1.9712500000000546	epochs															feedback	256.0
3863.58625	1.993750000000091	epochs															iti	256.0
3865.60275	8.255999999999858	epochs															maze	257.0
3865.60275	6.407000000000153	epochs															maze_stem	257.0
3865.62525	13.466499999999996	trials	False	False	False	False	True	True	[0.1528080552816391, 0.8471919298171997, 0.9248999953269958, 0.07509995251893997]	-0.7720919586718082	-0.07770808413624763	0.38604598864912987	-0.03885405883193016	0.8471919298171997	[22949, 22948, 22948, 22948, 22948]	[22997, 22997, 22997, 22997, 22996]		
3872.0285	1.8302499999999782	epochs															maze_arm	257.0
3873.8795	5.188000000000102	epochs															feedback_and_iti	257.0
3873.8795	0.9927499999998872	epochs															feedback_delay	257.0
3874.89525	1.9794999999999163	epochs															feedback	257.0
3877.0715	1.9960000000000946	epochs															iti	257.0
3879.09175	7.8852499999998145	epochs															maze	258.0
3879.09175	5.768500000000131	epochs															maze_stem	258.0
3879.11525	13.08600000000024	trials	False	False	False	False	True	True	[0.11748021841049194, 0.8825197815895081, 0.9133834838867188, 0.08661647886037827]	-0.7959032841026783	-0.030863720923662186	0.3979516513645649	-0.015431869775056839	0.8825197815895081	[23029, 23029, 23029, 23029, 23029]	[23076, 23076, 23075, 23075, 23075]		
3884.8795	2.0974999999998545	epochs															maze_arm	258.0
3886.99975	5.179999999999836	epochs															feedback_and_iti	258.0
3886.99975	0.9812500000002728	epochs															feedback_delay	258.0
3888.00575	1.9915000000000873	epochs															feedback	258.0
3890.19925	1.9804999999996653	epochs															iti	258.0
3892.20125	7.909249999999702	epochs															maze	259.0
3892.20125	6.090249999999742	epochs															maze_stem	259.0
3892.2225	13.12350000000015	trials	False	False	False	False	True	True	[0.08382420241832733, 0.9161757826805115, 0.8902632594108582, 0.10973674803972244]	-0.8064390458166599	0.025912534445524216	0.4032195173203945	0.012956265360116959	0.9161757826805115	[23108, 23108, 23108, 23107, 23107]	[23155, 23154, 23154, 23154, 23154]		
3898.313	1.7974999999996726	epochs															maze_arm	259.0
3900.13325	5.192500000000109	epochs															feedback_and_iti	259.0
3900.13325	0.9830000000001746	epochs															feedback_delay	259.0
3901.13975	1.9912500000000364	epochs															feedback	259.0
3903.33175	1.9940000000001419	epochs															iti	259.0
3905.346	10.916000000000167	epochs															maze	260.0
3905.346	7.583250000000135	epochs															maze_stem	260.0
3905.366	16.109500000000025	trials	False	False	False	True	False	True	[0.07980483770370483, 0.9201952219009399, 0.8832406401634216, 0.11675938963890076]	-0.803435817360878	0.03695456683635712	0.4017179012298584	-0.018477261066436768	0.8832406401634216	[23187, 23187, 23186, 23186, 23186]	[23251, 23251, 23251, 23251, 23251]		
3912.94825	3.3137500000002547	epochs															maze_arm	260.0
3916.2775	5.172499999999673	epochs															feedback_and_iti	260.0
3916.2775	0.9914999999996326	epochs															feedback_delay	260.0
3917.287	1.979500000000371	epochs															feedback	260.0
3919.45975	1.9902499999998327	epochs															iti	260.0
3921.4755	10.742499999999836	epochs															maze	261.0
3921.4755	8.361499999999978	epochs															maze_stem	261.0
3921.4955	15.943000000000211	trials	False	False	False	True	False	True	[0.11264990270137787, 0.8873501420021057, 0.941521167755127, 0.058478858321905136]	-0.8288712743669748	-0.054171035066246986	0.41443563252687454	0.02708553522825241	0.941521167755127	[23284, 23283, 23283, 23283, 23283]	[23347, 23347, 23347, 23346, 23346]		
3929.857	2.3609999999998763	epochs															maze_arm	261.0
3932.23375	5.180250000000342	epochs															feedback_and_iti	261.0
3932.23375	0.9880000000002838	epochs															feedback_delay	261.0
3933.23975	1.9907499999999345	epochs															feedback	261.0
3935.421	1.993000000000393	epochs															iti	261.0
3937.4385	9.848999999999705	epochs															maze	262.0
3937.4385	7.542749999999614	epochs															maze_stem	262.0
3937.46075	15.055999999999585	trials	True	False	False	True	False	True	[0.09850796312093735, 0.9014920592308044, 0.9253768920898438, 0.07462317496538162]	-0.8268689066171646	-0.023884810507297516	0.4134344644844532	0.011942427605390549	0.9253768920898438	[23379, 23379, 23379, 23379, 23379]	[23437, 23437, 23437, 23437, 23437]		
3945.002	2.2854999999999563	epochs															maze_arm	262.0
3947.30525	5.1847499999998945	epochs															feedback_and_iti	262.0
3947.30525	0.9915000000000873	epochs															feedback_delay	262.0
3948.315	1.9797499999999673	epochs															feedback	262.0
3950.488	2.0019999999999527	epochs															iti	262.0
3952.51675	8.181500000000142	epochs															maze	263.0
3952.51675	6.3647500000001855	epochs															maze_stem	263.0
3952.541	13.375499999999647	trials	False	False	False	False	True	True	[0.09418395906686783, 0.9058160185813904, 0.9144666194915771, 0.08553335070610046]	-0.8202826641499996	-0.008650604635477066	0.41014133393764496	-0.004325315356254578	0.9058160185813904	[23470, 23470, 23469, 23469, 23469]	[23518, 23518, 23517, 23517, 23517]		
3958.9025	1.7957499999997708	epochs															maze_arm	263.0
3960.72125	5.173749999999927	epochs															feedback_and_iti	263.0
3960.72125	0.9774999999999636	epochs															feedback_delay	263.0
3961.72175	1.9782499999996617	epochs															feedback	263.0
3963.8995	1.9954999999999927	epochs															iti	263.0
3965.9165	8.101750000000266	epochs															maze	264.0
3965.9165	6.092750000000251	epochs															maze_stem	264.0
3965.93825	13.302749999999833	trials	False	False	False	False	True	True	[0.0935903862118721, 0.9064096212387085, 0.9106884598731995, 0.08931160718202591]	-0.817098043859005	-0.004278808832168579	0.4085490070283413	-0.0021393857896327972	0.9064096212387085	[23550, 23550, 23550, 23549, 23549]	[23598, 23598, 23597, 23597, 23597]		
3972.02825	1.9900000000002365	epochs															maze_arm	264.0
3974.04	5.179999999999836	epochs															feedback_and_iti	264.0
3974.04	0.9974999999999454	epochs															feedback_delay	264.0
3975.0615	1.9652500000001965	epochs															feedback	264.0
3977.21675	2.0032499999997526	epochs															iti	264.0
3979.241	11.351500000000215	epochs															maze	265.0
3979.241	8.661000000000058	epochs															maze_stem	265.0
3979.26075	16.54825000000028	trials	False	False	False	True	False	True	[0.07902570068836212, 0.9209743142127991, 0.8949403762817383, 0.1050596684217453]	-0.815914660692215	0.026033952832221985	0.4079573377966881	-0.013016961514949799	0.8949403762817383	[23630, 23630, 23630, 23629, 23629]	[23697, 23697, 23697, 23697, 23696]		
3987.922	2.6705000000001746	epochs															maze_arm	265.0
3990.6095	5.177749999999833	epochs															feedback_and_iti	265.0
3990.6095	0.9877499999997781	epochs															feedback_delay	265.0
3991.61575	1.981000000000222	epochs															feedback	265.0
3993.79575	1.9914999999996326	epochs															iti	265.0
3995.809	9.097499999999854	epochs															maze	266.0
3995.809	6.95174999999972	epochs															maze_stem	266.0
3995.82775	14.296499999999924	trials	True	False	False	False	True	True	[0.1089177280664444, 0.891082227230072, 0.9446713328361511, 0.0553286150097847]	-0.835753608494997	-0.0535891093313694	0.41787680611014366	-0.02679457888007164	0.891082227230072	[23729, 23729, 23729, 23729, 23729]	[23783, 23783, 23783, 23782, 23782]		
4002.7845	2.1219999999998436	epochs															maze_arm	266.0
4004.923	5.178000000000338	epochs															feedback_and_iti	266.0
4004.923	0.9835000000002765	epochs															feedback_delay	266.0
4005.923	1.9955000000004475	epochs															feedback	266.0
4008.1115	1.9895000000001346	epochs															iti	266.0
4010.12425	10.984249999999975	epochs															maze	267.0
4010.12425	8.405250000000251	epochs															maze_stem	267.0
4010.1465	16.171749999999975	trials	False	False	False	True	False	True	[0.10807863622903824, 0.8919214010238647, 0.9237767457962036, 0.07622328400611877]	-0.8156981132924557	-0.031855348497629166	0.4078490547835827	0.015927691012620926	0.9237767457962036	[23815, 23815, 23815, 23815, 23814]	[23880, 23880, 23880, 23879, 23879]		
4018.549	2.5594999999998436	epochs															maze_arm	267.0
4021.12525	5.172500000000127	epochs															feedback_and_iti	267.0
4021.12525	0.9862499999999272	epochs															feedback_delay	267.0
4022.1285	1.9880000000002838	epochs															feedback	267.0
4024.31175	1.986000000000331	epochs															iti	267.0
4026.31825	11.152250000000095	epochs															maze	268.0
4026.31825	8.972250000000258	epochs															maze_stem	268.0
4026.33825	16.36100000000033	trials	False	False	False	True	False	True	[0.11815747618675232, 0.8818424940109253, 0.9474255442619324, 0.05257442221045494]	-0.8292680699378252	-0.06558305211365223	0.41463403403759	0.032791510224342346	0.9474255442619324	[23912, 23912, 23912, 23912, 23911]	[23978, 23978, 23978, 23978, 23977]		
4035.3115	2.1590000000001055	epochs															maze_arm	268.0
4037.48725	5.190000000000055	epochs															feedback_and_iti	268.0
4037.48725	0.9832499999997708	epochs															feedback_delay	268.0
4038.48825	1.9850000000001273	epochs															feedback	268.0
4040.69175	1.9855000000002292	epochs															iti	268.0
4042.69925	9.350999999999658	epochs															maze	269.0
4042.69925	7.215749999999844	epochs															maze_stem	269.0
4042.72075	14.545999999999822	trials	False	False	False	False	True	True	[0.10191269218921661, 0.8980873227119446, 0.9335931539535522, 0.06640680879354477]	-0.8316804878413677	-0.035505857318639755	0.4158402569591999	-0.017752934247255325	0.8980873227119446	[24011, 24010, 24010, 24010, 24010]	[24066, 24065, 24065, 24065, 24065]		
4049.937	2.11324999999988	epochs															maze_arm	269.0
4052.07275	5.172250000000076	epochs															feedback_and_iti	269.0
4052.07275	0.9954999999999927	epochs															feedback_delay	269.0
4053.09175	1.9724999999998545	epochs															feedback	269.0
4055.259	1.9859999999998763	epochs															iti	269.0
4057.26675	8.44925000000012	epochs															maze	270.0
4057.26675	6.544750000000022	epochs															maze_stem	270.0
4057.28775	13.626250000000255	trials	False	False	False	False	True	True	[0.10612916201353073, 0.8938708901405334, 0.930586576461792, 0.06941340863704681]	-0.824457447975874	-0.03671571984887123	0.4122287407517433	-0.01835785061120987	0.8938708901405334	[24098, 24098, 24097, 24097, 24097]	[24148, 24147, 24147, 24147, 24147]		
4063.8315	1.8845000000001164	epochs															maze_arm	270.0
4065.73925	5.154500000000098	epochs															feedback_and_iti	270.0
4065.73925	0.9917500000001382	epochs															feedback_delay	270.0
4066.754	1.9642499999999927	epochs															feedback	270.0
4068.91025	1.9835000000002765	epochs															iti	270.0
4070.914	11.814499999999953	epochs															maze	271.0
4070.914	9.39074999999957	epochs															maze_stem	271.0
4070.932	17.016250000000127	trials	False	False	False	True	False	True	[0.0805761069059372, 0.9194238185882568, 0.9071659445762634, 0.0928340032696724]	-0.8265898264944553	0.012257885187864304	0.4132949188351631	-0.006128974258899689	0.9071659445762634	[24180, 24180, 24179, 24179, 24179]	[24250, 24249, 24249, 24249, 24249]		
4080.326	2.4025000000001455	epochs															maze_arm	271.0
4082.74525	5.18100000000004	epochs															feedback_and_iti	271.0
4082.74525	0.9837499999998727	epochs															feedback_delay	271.0
4083.747	1.98700000000008	epochs															feedback	271.0
4085.9435	1.9827500000001237	epochs															iti	271.0
4087.94825	9.140249999999924	epochs															maze	272.0
4087.94825	6.791500000000269	epochs															maze_stem	272.0
4087.97125	16.19374999999991	trials	False	False	False	False	False	False	[0.10963615775108337, 0.8903638124465942, 0.9482837319374084, 0.051716286689043045]	-0.8386475499719381	-0.05791989527642727	-0.41932378709316254	0.02895994484424591	0.10963615775108337	[24282, 24282, 24281, 24281, 24281]	[24336, 24336, 24335, 24335, 24335]		
4094.76375	2.324749999999767	epochs															maze_arm	272.0
4097.11025	7.033500000000458	epochs															feedback_and_iti	272.0
4097.11025	0.9855000000006839	epochs															feedback_delay	272.0
4098.12025	1.9880000000002838	epochs															feedback	272.0
4100.14825	3.9954999999999927	epochs															iti	272.0
4104.165	8.253249999999753	epochs															maze	273.0
4104.165	5.91924999999992	epochs															maze_stem	273.0
4104.186	15.306250000000546	trials	False	False	False	False	False	False	[0.3640167713165283, 0.6359832882881165, 0.9225648045539856, 0.0774351954460144]	-0.5585480630397797	-0.28658154606819153	-0.27927401661872864	0.14329078793525696	0.3640167713165283	[24379, 24379, 24379, 24378, 24378]	[24428, 24427, 24427, 24427, 24427]		
4110.10475	2.3134999999992942	epochs															maze_arm	273.0
4112.441	7.030249999999796	epochs															feedback_and_iti	273.0
4112.441	0.9809999999997672	epochs															feedback_delay	273.0
4113.445	1.9904999999998836	epochs															feedback	273.0
4115.47775	3.9934999999995853	epochs															iti	273.0
4119.49225	7.456749999999374	epochs															maze	274.0
4119.49225	5.501499999999396	epochs															maze_stem	274.0
4119.513	14.503999999999905	trials	False	False	False	False	False	False	[0.4292711317539215, 0.5707288384437561, 0.8892167806625366, 0.11078326404094696]	-0.4599456116557121	-0.31848790496587753	-0.22997282445430756	0.15924395620822906	0.4292711317539215	[24471, 24471, 24471, 24470, 24470]	[24515, 24515, 24514, 24514, 24514]		
4125.0145	1.9344999999993888	epochs															maze_arm	274.0
4126.9725	7.02350000000024	epochs															feedback_and_iti	274.0
4126.9725	0.9962500000001455	epochs															feedback_delay	274.0
4127.992	1.969000000000051	epochs															feedback	274.0
4130.001	3.994999999999891	epochs															iti	274.0
4134.017	8.698500000000422	epochs															maze	275.0
4134.017	6.775749999999789	epochs															maze_stem	275.0
4134.0375	15.743249999999534	trials	False	True	True	True	False	False	[0.5580158829689026, 0.441984087228775, 0.8821673393249512, 0.11783262342214584]	-0.3241514600813389	-0.44018325582146645	0.1620757281780243	0.22009161114692688	0.8821673393249512	[24558, 24558, 24558, 24558, 24557]	[24609, 24609, 24609, 24609, 24609]		
4140.8135	1.9020000000000437	epochs															maze_arm	275.0
4142.73325	7.028249999999389	epochs															feedback_and_iti	275.0
4142.73325	0.9897499999997308	epochs															feedback_delay	275.0
4143.74325	1.98174999999992	epochs															feedback	275.0
4145.76525	3.996249999999236	epochs															iti	275.0
4149.78075	8.468499999999949	epochs															maze	276.0
4149.78075	6.13274999999976	epochs															maze_stem	276.0
4149.8015	13.6537500000004	trials	False	True	False	False	False	True	[0.46156954765319824, 0.538430392742157, 0.8357042670249939, 0.1642957329750061]	-0.37413468956947327	-0.2972738444805145	-0.18706735968589783	0.14863690733909607	0.46156954765319824	[24653, 24652, 24652, 24652, 24652]	[24702, 24702, 24702, 24702, 24702]		
4155.935	2.314249999999447	epochs															maze_arm	276.0
4158.2675	5.1655000000000655	epochs															feedback_and_iti	276.0
4158.2675	0.9937499999996362	epochs															feedback_delay	276.0
4159.2785	1.9797499999995125	epochs															feedback	276.0
4161.4475	1.9854999999997744	epochs															iti	276.0
4163.45525	9.329249999999774	epochs															maze	277.0
4163.45525	7.28899999999976	epochs															maze_stem	277.0
4163.476	14.514000000000124	trials	False	True	False	False	False	True	[0.5133140087127686, 0.48668599128723145, 0.9076550602912903, 0.0923449695110321]	-0.39434103667736053	-0.42096905410289764	-0.19717052578926086	0.21048453450202942	0.5133140087127686	[24735, 24734, 24734, 24734, 24734]	[24790, 24789, 24789, 24789, 24789]		
4170.76575	2.018750000000182	epochs															maze_arm	277.0
4172.8025	5.1637500000006185	epochs															feedback_and_iti	277.0
4172.8025	0.9989999999997963	epochs															feedback_delay	277.0
4173.8205	1.9679999999998472	epochs															feedback	277.0
4175.9785	1.9877500000002328	epochs															iti	277.0
4177.99	12.676000000000386	epochs															maze	278.0
4177.99	10.609000000000378	epochs															maze_stem	278.0
4178.0125	17.86675000000014	trials	False	True	False	False	False	True	[0.7455297112464905, 0.2544702887535095, 0.918035089969635, 0.08196496963500977]	-0.17250534892082214	-0.6635647714138031	-0.08625268936157227	0.33178240060806274	0.7455297112464905	[24822, 24822, 24821, 24821, 24821]	[24897, 24897, 24896, 24896, 24896]		
4188.62	2.0460000000002765	epochs															maze_arm	278.0
4190.6825	5.1765000000004875	epochs															feedback_and_iti	278.0
4190.6825	0.9904999999998836	epochs															feedback_delay	278.0
4191.6915	1.9737500000001091	epochs															feedback	278.0
4193.86275	1.9962500000001455	epochs															iti	278.0
4195.87925	9.44250000000011	epochs															maze	279.0
4195.87925	7.381000000000313	epochs															maze_stem	279.0
4195.9	16.495499999999993	trials	False	True	False	True	False	False	[0.8454609513282776, 0.15453903377056122, 0.9107951521873474, 0.08920486271381378]	-0.06533418595790863	-0.756256103515625	0.03266710042953491	0.3781280517578125	0.9107951521873474	[24929, 24929, 24929, 24928, 24928]	[24985, 24985, 24984, 24984, 24984]		
4203.2795	2.042250000000422	epochs															maze_arm	279.0
4205.34	7.030249999999796	epochs															feedback_and_iti	279.0
4205.34	0.9907499999999345	epochs															feedback_delay	279.0
4206.3495	1.981249999999818	epochs															feedback	279.0
4208.369	4.001250000000255	epochs															iti	279.0
4212.3955	8.80475000000024	epochs															maze	280.0
4212.3955	6.329500000000735	epochs															maze_stem	280.0
4212.41675	15.82824999999957	trials	False	True	False	True	False	False	[0.7058819532394409, 0.2941179871559143, 0.8343650698661804, 0.1656348705291748]	-0.1284831166267395	-0.5402470827102661	0.06424155831336975	0.27012351155281067	0.8343650698661804	[25028, 25028, 25028, 25027, 25027]	[25080, 25080, 25080, 25079, 25079]		
4218.74575	2.4544999999998254	epochs															maze_arm	280.0
4221.218	7.005750000000262	epochs															feedback_and_iti	280.0
4221.218	0.998250000000553	epochs															feedback_delay	280.0
4222.2345	1.9652500000001965	epochs															feedback	280.0
4224.24	3.9837500000003274	epochs															iti	280.0
4228.245	9.618000000000393	epochs															maze	281.0
4228.245	7.713999999999942	epochs															maze_stem	281.0
4228.2665	16.652750000000196	trials	False	True	False	True	False	False	[0.6871489882469177, 0.31285107135772705, 0.7879060506820679, 0.21209397912025452]	-0.10075707733631134	-0.475054994225502	0.05037853121757507	0.2375275194644928	0.7879060506820679	[25123, 25123, 25123, 25123, 25122]	[25180, 25180, 25179, 25179, 25179]		
4235.97775	1.8852500000002692	epochs															maze_arm	281.0
4237.8815	7.013749999999163	epochs															feedback_and_iti	281.0
4237.8815	0.9854999999997744	epochs															feedback_delay	281.0
4238.88475	1.9792499999994106	epochs															feedback	281.0
4240.903	3.9922499999993306	epochs															iti	281.0
4244.91925	18.670250000000124	epochs															maze	282.0
4244.91925	16.509500000000116	epochs															maze_stem	282.0
4244.94425	25.71075000000019	trials	False	True	False	True	False	False	[0.6753848195075989, 0.3246151804924011, 0.7380480170249939, 0.2619519829750061]	-0.06266319751739502	-0.4134328365325928	0.03133159875869751	0.2067164182662964	0.7380480170249939	[25223, 25223, 25223, 25223, 25222]	[25334, 25334, 25334, 25334, 25333]		
4261.4495	2.1400000000003274	epochs															maze_arm	282.0
4263.60725	7.02599999999984	epochs															feedback_and_iti	282.0
4263.60725	0.9840000000003783	epochs															feedback_delay	282.0
4264.61	1.9952499999999418	epochs															feedback	282.0
4266.646	3.987250000000131	epochs															iti	282.0
4270.655	7.620249999999942	epochs															maze	283.0
4270.655	5.3217500000000655	epochs															maze_stem	283.0
4270.67725	12.816499999999905	trials	False	True	False	False	False	True	[0.6691672801971436, 0.33083271980285645, 0.6987758874893188, 0.30122414231300354]	-0.0296085923910141	-0.3679431527853012	-0.014804303646087646	0.1839715838432312	0.6691672801971436	[25377, 25377, 25377, 25377, 25377]	[25422, 25422, 25422, 25422, 25421]		
4275.99775	2.277499999999236	epochs															maze_arm	283.0
4278.29275	5.180500000000393	epochs															feedback_and_iti	283.0
4278.29275	0.9835000000002765	epochs															feedback_delay	283.0
4279.2945	1.9899999999997817	epochs															feedback	283.0
4281.47625	1.9970000000002983	epochs															iti	283.0
4283.49375	9.617500000000291	epochs															maze	284.0
4283.49375	7.686000000000604	epochs															maze_stem	284.0
4283.51525	16.67199999999957	trials	False	True	False	True	False	False	[0.8310101628303528, 0.16898980736732483, 0.7778979539871216, 0.2221020758152008]	0.05311223864555359	-0.6089081168174744	-0.0265561044216156	0.3044540584087372	0.7778979539871216	[25454, 25454, 25454, 25454, 25454]	[25511, 25511, 25511, 25511, 25510]		
4291.20125	1.9099999999998545	epochs															maze_arm	284.0
4293.12825	7.028500000000349	epochs															feedback_and_iti	284.0
4293.12825	0.9949999999998909	epochs															feedback_delay	284.0
4294.143	1.9772499999999127	epochs															feedback	284.0
4296.16	3.9967500000002474	epochs															iti	284.0
4300.18725	7.606249999999818	epochs															maze	285.0
4300.18725	5.325749999999971	epochs															maze_stem	285.0
4300.211	12.80474999999933	trials	True	True	False	False	False	True	[0.7679458856582642, 0.23205403983592987, 0.7097787857055664, 0.2902211844921112]	0.058167122304439545	-0.47772472351789474	0.029083549976348877	0.23886233568191528	0.7679458856582642	[25555, 25554, 25554, 25554, 25554]	[25599, 25599, 25599, 25599, 25598]		
4305.53125	2.262249999999767	epochs															maze_arm	285.0
4307.81175	5.181999999999789	epochs															feedback_and_iti	285.0
4307.81175	0.9837500000003274	epochs															feedback_delay	285.0
4308.8135	1.9965000000001965	epochs															feedback	285.0
4311.0035	1.9902499999998327	epochs															iti	285.0
4313.01575	7.907500000000255	epochs															maze	286.0
4313.01575	5.850750000000517	epochs															maze_stem	286.0
4313.036	13.100999999999658	trials	False	True	False	False	False	True	[0.8409140706062317, 0.1590859591960907, 0.7243207693099976, 0.27567920088768005]	0.11659327149391174	-0.5652348399162292	0.058296650648117065	0.2826174199581146	0.8409140706062317	[25631, 25631, 25631, 25631, 25631]	[25678, 25678, 25678, 25677, 25677]		
4318.8855	2.0377499999995052	epochs															maze_arm	286.0
4320.9415	5.176000000000386	epochs															feedback_and_iti	286.0
4320.9415	0.9947499999998399	epochs															feedback_delay	286.0
4321.95475	1.9735000000000582	epochs															feedback	286.0
4324.127	1.9904999999998836	epochs															iti	286.0
4326.137	10.316499999999905	epochs															maze	287.0
4326.137	8.235999999999876	epochs															maze_stem	287.0
4326.16125	15.506499999999505	trials	True	True	False	True	True	True	[0.905593752861023, 0.09440626949071884, 0.7630730271339417, 0.23692704737186432]	0.1425207518041134	-0.6686667315661907	0.07126038894057274	-0.3343333415687084	0.23692704737186432	[25710, 25710, 25710, 25710, 25709]	[25771, 25771, 25771, 25770, 25770]		
4334.39275	2.0607499999996435	epochs															maze_arm	287.0
4336.472	5.174250000000029	epochs															feedback_and_iti	287.0
4336.472	0.9827500000001237	epochs															feedback_delay	287.0
4337.4735	1.98700000000008	epochs															feedback	287.0
4339.653	1.9932499999995343	epochs															iti	287.0
4341.66775	8.500500000000102	epochs															maze	288.0
4341.66775	6.631750000000466	epochs															maze_stem	288.0
4341.69	13.691749999999956	trials	False	True	False	True	True	True	[0.8371303677558899, 0.1628696769475937, 0.43399322032928467, 0.5660067796707153]	0.40313712507486343	-0.27112356573343277	0.20156855136156082	-0.1355617716908455	0.5660067796707153	[25803, 25803, 25803, 25803, 25802]	[25853, 25853, 25853, 25853, 25852]		
4348.3215	1.8467499999997017	epochs															maze_arm	288.0
4350.18525	5.175499999999374	epochs															feedback_and_iti	288.0
4350.18525	0.9869999999991705	epochs															feedback_delay	288.0
4351.1905	1.9822500000000218	epochs															feedback	288.0
4353.3745	1.9862499999999272	epochs															iti	288.0
4355.38175	8.879500000000007	epochs															maze	289.0
4355.38175	6.553000000000793	epochs															maze_stem	289.0
4355.403	14.077499999999418	trials	True	True	False	True	True	True	[0.8003087043762207, 0.19969123601913452, 0.23338422179222107, 0.7666157484054565]	0.5669244974851608	-0.033692970871925354	0.283462256193161	-0.016846507787704468	0.7666157484054565	[25886, 25885, 25885, 25885, 25885]	[25938, 25938, 25937, 25937, 25937]		
4361.95575	2.3054999999994834	epochs															maze_arm	289.0
4364.27775	5.183500000000095	epochs															feedback_and_iti	289.0
4364.27775	0.9967500000002474	epochs															feedback_delay	289.0
4365.293	1.9842500000004293	epochs															feedback	289.0
4367.46575	1.9954999999999927	epochs															iti	289.0
4369.4805	9.563250000000153	epochs															maze	290.0
4369.4805	6.8015000000004875	epochs															maze_stem	290.0
4369.5015	14.748249999999643	trials	True	True	False	True	True	True	[0.779104471206665, 0.22089548408985138, 0.1607266068458557, 0.8392733931541443]	0.6183778867125511	0.06016889959573746	0.30918895453214645	0.030084438621997833	0.8392733931541443	[25970, 25970, 25970, 25969, 25969]	[26026, 26026, 26026, 26026, 26026]		
4376.302	2.7417500000001382	epochs															maze_arm	290.0
4379.0625	5.164749999999913	epochs															feedback_and_iti	290.0
4379.0625	0.9899999999997817	epochs															feedback_delay	290.0
4380.07075	1.9735000000000582	epochs															feedback	290.0
4382.24525	1.981999999999971	epochs															iti	290.0
4384.24975	9.049250000000029	epochs															maze	291.0
4384.24975	7.0034999999998035	epochs															maze_stem	291.0
4384.2715	16.097499999999854	trials	False	True	False	False	True	False	[0.7480318546295166, 0.2519681453704834, 0.12388298660516739, 0.8761169910430908]	0.6241488568484783	0.12808514758944511	-0.3120744228363037	0.06404256820678711	0.2519681453704834	[26059, 26058, 26058, 26058, 26058]	[26112, 26112, 26112, 26111, 26111]		
4391.274	2.024999999999636	epochs															maze_arm	291.0
4393.31775	7.029999999999745	epochs															feedback_and_iti	291.0
4393.31775	0.992500000000291	epochs															feedback_delay	291.0
4394.328	1.9859999999998763	epochs															feedback	291.0
4396.351	3.9967500000002474	epochs															iti	291.0
4400.369	8.946249999999964	epochs															maze	292.0
4400.369	5.975000000000364	epochs															maze_stem	292.0
4400.391	14.133749999999964	trials	False	True	False	True	True	True	[0.5508796572685242, 0.44912034273147583, 0.2634633183479309, 0.7365366816520691]	0.28741633892059326	0.18565702438354492	0.14370816946029663	0.09282851219177246	0.7365366816520691	[26155, 26155, 26155, 26155, 26154]	[26208, 26208, 26208, 26207, 26207]		
4406.3645	2.950749999999971	epochs															maze_arm	292.0
4409.3325	5.170499999999265	epochs															feedback_and_iti	292.0
4409.3325	0.9909999999999854	epochs															feedback_delay	292.0
4410.34225	1.9822500000000218	epochs															feedback	292.0
4412.517	1.9859999999998763	epochs															iti	292.0
4414.52475	8.443000000000211	epochs															maze	293.0
4414.52475	6.140000000000327	epochs															maze_stem	293.0
4414.5495	13.630500000000211	trials	True	True	False	True	True	True	[0.5335837006568909, 0.46641629934310913, 0.08812130987644196, 0.9118786454200745]	0.4454623684287071	0.3782949671149254	0.22273117303848267	0.1891474723815918	0.9118786454200745	[26240, 26240, 26240, 26240, 26239]	[26290, 26290, 26289, 26289, 26289]		
4420.6845	2.283249999999498	epochs															maze_arm	293.0
4422.98475	5.173250000000735	epochs															feedback_and_iti	293.0
4422.98475	0.9895000000005894	epochs															feedback_delay	293.0
4423.9935	1.9857500000007349	epochs															feedback	293.0
4426.16725	1.9907499999999345	epochs															iti	293.0
4428.18	8.597749999999905	epochs															maze	294.0
4428.18	6.581000000000131	epochs															maze_stem	294.0
4428.20125	13.791000000000167	trials	False	True	False	True	True	True	[0.49601390957832336, 0.503986120223999, 0.06267879903316498, 0.9373212456703186]	0.433335117995739	0.44130732864141464	0.2166675627231598	0.2206536829471588	0.9373212456703186	[26322, 26322, 26322, 26321, 26321]	[26373, 26372, 26372, 26372, 26372]		
4434.78	1.997750000000451	epochs															maze_arm	294.0
4436.7965	5.173499999999876	epochs															feedback_and_iti	294.0
4436.7965	0.9977499999995416	epochs															feedback_delay	294.0
4437.8135	1.9652500000001965	epochs															feedback	294.0
4439.96925	2.000750000000153	epochs															iti	294.0
4441.99225	9.276749999999993	epochs															maze	295.0
4441.99225	6.414749999999913	epochs															maze_stem	295.0
4442.0135	16.327500000000327	trials	False	True	False	False	True	False	[0.46016186475753784, 0.5398381352424622, 0.05478471517562866, 0.9452152848243713]	0.4053771495819092	0.4850534200668335	-0.2026885747909546	0.24252671003341675	0.5398381352424622	[26405, 26405, 26404, 26404, 26404]	[26460, 26459, 26459, 26459, 26459]		
4448.42875	2.8402500000001965	epochs															maze_arm	295.0
4451.28725	7.028749999999491	epochs															feedback_and_iti	295.0
4451.28725	0.9859999999998763	epochs															feedback_delay	295.0
4452.2925	1.9909999999999854	epochs															feedback	295.0
4454.3225	3.9934999999995853	epochs															iti	295.0
4458.341	8.906999999999243	epochs															maze	296.0
4458.341	6.125749999999243	epochs															maze_stem	296.0
4458.36775	14.10174999999981	trials	False	True	False	True	True	True	[0.4601094722747803, 0.5398905873298645, 0.22523556649684906, 0.774764358997345]	0.23487383872270584	0.31465495377779007	0.11743688583374023	0.15732747316360474	0.774764358997345	[26503, 26503, 26503, 26502, 26502]	[26555, 26555, 26555, 26555, 26555]		
4464.48525	2.762749999999869	epochs															maze_arm	296.0
4467.2655	5.1782499999999345	epochs															feedback_and_iti	296.0
4467.2655	0.9959999999991851	epochs															feedback_delay	296.0
4468.279	1.9847499999996217	epochs															feedback	296.0
4470.4565	1.987250000000131	epochs															iti	296.0
4472.4695	8.300000000000182	epochs															maze	297.0
4472.4695	6.285249999999905	epochs															maze_stem	297.0
4472.49225	13.51299999999992	trials	False	True	False	False	False	True	[0.41996854543685913, 0.5800314545631409, 0.07045652717351913, 0.9295434355735779]	0.3495119996368885	0.5095749087631702	0.17475600913167	-0.25478746369481087	0.41996854543685913	[26588, 26587, 26587, 26587, 26587]	[26636, 26636, 26636, 26636, 26636]		
4478.77575	1.9937500000005457	epochs															maze_arm	297.0
4480.78625	5.196249999999964	epochs															feedback_and_iti	297.0
4480.78625	0.9957500000000437	epochs															feedback_delay	297.0
4481.80275	1.9792500000003201	epochs															feedback	297.0
4483.993	1.9894999999996799	epochs															iti	297.0
4486.00525	8.519250000000284	epochs															maze	298.0
4486.00525	6.340500000000247	epochs															maze_stem	298.0
4486.02675	13.704499999999825	trials	False	True	False	False	False	True	[0.7459894418716431, 0.25401055812835693, 0.14770886301994324, 0.8522911071777344]	0.5982805639505386	0.1063016802072525	0.2991402894258499	-0.05315084755420685	0.7459894418716431	[26669, 26669, 26668, 26668, 26668]	[26719, 26719, 26719, 26718, 26718]		
4492.36725	2.1572500000002037	epochs															maze_arm	298.0
4494.543	5.168000000000575	epochs															feedback_and_iti	298.0
4494.543	0.9947500000007494	epochs															feedback_delay	298.0
4495.5565	1.97400000000016	epochs															feedback	298.0
4497.7285	1.9825000000000728	epochs															iti	298.0
4499.73125	8.988250000000335	epochs															maze	299.0
4499.73125	6.902250000000095	epochs															maze_stem	299.0
4499.753	14.170750000000226	trials	False	True	False	True	True	True	[0.8117806911468506, 0.18821929395198822, 0.1392577439546585, 0.8607422709465027]	0.6725229620933533	0.048961564898490906	0.33626148849725723	0.024480782449245453	0.8607422709465027	[26751, 26751, 26751, 26751, 26750]	[26804, 26804, 26804, 26803, 26803]		
4506.654	2.0654999999997017	epochs															maze_arm	299.0
4508.73625	5.166000000000167	epochs															feedback_and_iti	299.0
4508.73625	0.9862499999999272	epochs															feedback_delay	299.0
4509.739	1.98700000000008	epochs															feedback	299.0
4511.91775	1.9845000000004802	epochs															iti	299.0
4513.92375	9.266249999999673	epochs															maze	300.0
4513.92375	6.8159999999998035	epochs															maze_stem	300.0
4513.94575	14.454749999999876	trials	False	True	False	True	True	True	[0.6630747318267822, 0.3369252681732178, 0.06653419137001038, 0.9334657788276672]	0.5965405255556107	0.2703910619020462	0.29827025532722473	0.1351955235004425	0.9334657788276672	[26836, 26836, 26836, 26836, 26835]	[26891, 26891, 26890, 26890, 26890]		
4520.761	2.428999999999178	epochs															maze_arm	300.0
4523.2075	5.172249999999622	epochs															feedback_and_iti	300.0
4523.2075	0.9869999999991705	epochs															feedback_delay	300.0
4524.21225	1.9810000000006767	epochs															feedback	300.0
4526.39675	1.9830000000001746	epochs															iti	300.0
4528.4005	9.274250000000393	epochs															maze	301.0
4528.4005	6.85674999999992	epochs															maze_stem	301.0
4528.421	14.457999999999629	trials	False	True	False	True	True	True	[0.6406769156455994, 0.35932305455207825, 0.058205652981996536, 0.9417942762374878]	0.5824712421745062	0.30111738108098507	0.2912356108427048	0.15055866539478302	0.9417942762374878	[26923, 26923, 26923, 26922, 26922]	[26978, 26977, 26977, 26977, 26977]		
4535.279	2.39574999999968	epochs															maze_arm	301.0
4537.69275	5.164749999999913	epochs															feedback_and_iti	301.0
4537.69275	0.9974999999994907	epochs															feedback_delay	301.0
4538.70975	1.969000000000051	epochs															feedback	301.0
4540.89175	1.9657500000002983	epochs															iti	301.0
4542.879	9.286750000000211	epochs															maze	302.0
4542.879	7.045000000000073	epochs															maze_stem	302.0
4542.90025	14.477750000000015	trials	True	True	False	True	True	True	[0.6337494254112244, 0.36625051498413086, 0.055011942982673645, 0.9449880719184875]	0.5787375196814537	0.3112386092543602	0.28936877846717834	0.1556192934513092	0.9449880719184875	[27010, 27010, 27009, 27009, 27009]	[27065, 27064, 27064, 27064, 27064]		
4549.944	2.2217499999997017	epochs															maze_arm	302.0
4552.1825	5.174250000000029	epochs															feedback_and_iti	302.0
4552.1825	0.9909999999999854	epochs															feedback_delay	302.0
4553.19	1.987500000000182	epochs															feedback	302.0
4555.36725	1.9894999999996799	epochs															iti	302.0
4557.378	8.676500000000487	epochs															maze	303.0
4557.378	6.591500000000451	epochs															maze_stem	303.0
4557.39925	13.86699999999928	trials	True	True	False	False	False	True	[0.615932822227478, 0.384067177772522, 0.05159392207860947, 0.9484060406684875]	0.5643388815224171	0.332473237067461	0.2821694500744343	-0.16623662784695625	0.615932822227478	[27097, 27097, 27096, 27096, 27096]	[27148, 27148, 27147, 27147, 27147]		
4563.989	2.065500000000611	epochs															maze_arm	303.0
4566.073	5.1727499999997235	epochs															feedback_and_iti	303.0
4566.073	0.9977499999995416	epochs															feedback_delay	303.0
4567.08725	1.9845000000004802	epochs															feedback	303.0
4569.26225	1.9835000000002765	epochs															iti	303.0
4571.26625	9.407500000000255	epochs															maze	304.0
4571.26625	7.218000000000757	epochs															maze_stem	304.0
4571.28475	14.608000000000175	trials	True	True	False	True	True	True	[0.8515933156013489, 0.14840668439865112, 0.10254506766796112, 0.8974549174308777]	0.7490482404828072	0.045861609280109406	0.3745241165161133	0.022930800914764404	0.8974549174308777	[27180, 27180, 27180, 27179, 27179]	[27236, 27235, 27235, 27235, 27235]		
4578.505	2.168749999999818	epochs															maze_arm	304.0
4580.692	5.180000000000291	epochs															feedback_and_iti	304.0
4580.692	0.9920000000001892	epochs															feedback_delay	304.0
4581.70275	1.981249999999818	epochs															feedback	304.0
4583.8745	1.9975000000004002	epochs															iti	304.0
4585.89275	8.910499999999956	epochs															maze	305.0
4585.89275	6.530249999999796	epochs															maze_stem	305.0
4585.91325	14.107250000000022	trials	True	True	False	True	True	True	[0.8064112663269043, 0.19358868896961212, 0.07001982629299164, 0.9299801588058472]	0.7363914549350739	0.12356887757778168	0.3681957349181175	0.061784423887729645	0.9299801588058472	[27268, 27268, 27267, 27267, 27267]	[27320, 27320, 27320, 27320, 27319]		
4592.44375	2.3594999999995707	epochs															maze_arm	305.0
4594.821	5.1765000000004875	epochs															feedback_and_iti	305.0
4594.821	0.98700000000008	epochs															feedback_delay	305.0
4595.8255	1.9909999999999854	epochs															feedback	305.0
4598.0065	1.9909999999999854	epochs															iti	305.0
4600.0205	8.683500000000095	epochs															maze	306.0
4600.0205	6.699000000000524	epochs															maze_stem	306.0
4600.04175	13.886249999999563	trials	False	True	False	True	True	True	[0.7377833127975464, 0.262216717004776, 0.054065022617578506, 0.9459349513053894]	0.6837182622402906	0.20815166644752026	0.3418591171503067	0.1040758341550827	0.9459349513053894	[27352, 27352, 27352, 27352, 27352]	[27404, 27403, 27403, 27403, 27403]		
4606.741	1.962999999999738	epochs															maze_arm	306.0
4608.72275	5.177749999999833	epochs															feedback_and_iti	306.0
4608.72275	0.9902499999998327	epochs															feedback_delay	306.0
4609.72975	1.9882499999994252	epochs															feedback	306.0
4611.91175	1.988749999999527	epochs															iti	306.0
4613.928	8.65124999999989	epochs															maze	307.0
4613.928	6.585000000000036	epochs															maze_stem	307.0
4613.954	13.837250000000495	trials	False	True	False	False	False	True	[0.7282576560974121, 0.2717423737049103, 0.05130499228835106, 0.9486950039863586]	0.6769526470452547	0.22043736465275288	0.3384763319045305	-0.11021867580711842	0.7282576560974121	[27436, 27436, 27435, 27435, 27435]	[27487, 27487, 27486, 27486, 27486]		
4620.532	2.0472499999996217	epochs															maze_arm	307.0
4622.5975	5.170250000000124	epochs															feedback_and_iti	307.0
4622.5975	0.9987499999997453	epochs															feedback_delay	307.0
4623.61475	1.9642499999999927	epochs															feedback	307.0
4625.77025	1.9975000000004002	epochs															iti	307.0
4627.79125	8.67450000000008	epochs															maze	308.0
4627.79125	6.679250000000138	epochs															maze_stem	308.0
4627.81225	13.881750000000466	trials	True	True	False	True	True	True	[0.8938076496124268, 0.10619239509105682, 0.10298676043748856, 0.897013247013092]	0.7908208705484867	0.0032056160271167755	0.3954104259610176	0.0016028210520744324	0.897013247013092	[27519, 27519, 27519, 27518, 27518]	[27570, 27570, 27570, 27569, 27569]		
4634.49125	1.974500000000262	epochs															maze_arm	308.0
4636.4825	5.189499999999498	epochs															feedback_and_iti	308.0
4636.4825	0.9972500000003492	epochs															feedback_delay	308.0
4637.4975	1.9794999999994616	epochs															feedback	308.0
4639.6745	1.9974999999994907	epochs															iti	308.0
4641.694	8.246249999999236	epochs															maze	309.0
4641.694	5.875499999999192	epochs															maze_stem	309.0
4641.716	13.4424999999992	trials	True	True	False	True	True	True	[0.8333801627159119, 0.16661982238292694, 0.0631105899810791, 0.9368894100189209]	0.7702695801854134	0.10350923985242844	0.385134793817997	0.05175461620092392	0.9368894100189209	[27602, 27602, 27602, 27602, 27602]	[27651, 27651, 27650, 27650, 27650]		
4647.588	2.3522499999999127	epochs															maze_arm	309.0
4649.9575	5.179749999999331	epochs															feedback_and_iti	309.0
4649.9575	0.9857499999998254	epochs															feedback_delay	309.0
4650.96075	1.9937499999996362	epochs															feedback	309.0
4653.13875	1.9984999999996944	epochs															iti	309.0
4655.1585	7.44800000000032	epochs															maze	310.0
4655.1585	5.7572500000005675	epochs															maze_stem	310.0
4655.1795	12.653000000000247	trials	False	True	False	False	False	True	[0.7815054059028625, 0.21849457919597626, 0.05284859612584114, 0.9471513628959656]	0.7286567967385054	0.16564597003161907	0.3643284048885107	-0.08282299898564816	0.7815054059028625	[27683, 27683, 27683, 27683, 27682]	[27727, 27727, 27726, 27726, 27726]		
4660.935	1.6714999999994689	epochs															maze_arm	310.0
4662.62425	5.184500000000298	epochs															feedback_and_iti	310.0
4662.62425	0.9909999999999854	epochs															feedback_delay	310.0
4663.6325	1.985000000000582	epochs															feedback	310.0
4665.815	1.9937500000005457	epochs															iti	310.0
4667.8325	7.744999999999891	epochs															maze	311.0
4667.8325	5.863499999999476	epochs															maze_stem	311.0
4667.85575	12.944750000000568	trials	False	True	False	False	False	True	[0.9066206216812134, 0.09337936341762543, 0.09871986508369446, 0.9012801051139832]	0.8079007491469383	-0.005340509116649628	0.40395037829875946	0.0026702433824539185	0.9066206216812134	[27759, 27759, 27759, 27759, 27758]	[27805, 27804, 27804, 27804, 27804]		
4673.717	1.860500000000684	epochs															maze_arm	311.0
4675.5955	5.183999999999287	epochs															feedback_and_iti	311.0
4675.5955	1.0	epochs															feedback_delay	311.0
4676.61475	1.974500000000262	epochs															feedback	311.0
4678.7875	1.9919999999992797	epochs															iti	311.0
4680.8005	8.522500000000036	epochs															maze	312.0
4680.8005	6.295499999999265	epochs															maze_stem	312.0
4680.8265	15.5625	trials	False	True	False	True	False	False	[0.9127331376075745, 0.08726688474416733, 0.08916546404361725, 0.9108344912528992]	0.8235676400363445	-0.0018986128270626068	-0.4117838367819786	0.0009493008255958557	0.08916546404361725	[27837, 27837, 27836, 27836, 27836]	[27887, 27887, 27887, 27886, 27886]		
4687.1175	2.205500000000029	epochs															maze_arm	312.0
4689.33925	7.029999999999745	epochs															feedback_and_iti	312.0
4689.33925	0.9957500000000437	epochs															feedback_delay	312.0
4690.35375	1.9809999999997672	epochs															feedback	312.0
4692.3745	3.99474999999984	epochs															iti	312.0
4696.389	6.7849999999998545	epochs															maze	313.0
4696.389	4.754500000000007	epochs															maze_stem	313.0
4696.41025	13.824499999999716	trials	False	True	False	True	False	False	[0.894865870475769, 0.10513406246900558, 0.30686795711517334, 0.6931319832801819]	0.587997917085886	-0.20173389092087746	-0.29399895668029785	0.10086691379547119	0.30686795711517334	[27930, 27930, 27930, 27930, 27930]	[27970, 27970, 27970, 27969, 27969]		
4701.164	2.0100000000002183	epochs															maze_arm	313.0
4703.19075	7.020750000000589	epochs															feedback_and_iti	313.0
4703.19075	0.9989999999997963	epochs															feedback_delay	313.0
4704.209	1.9710000000004584	epochs															feedback	313.0
4706.21925	3.99225000000024	epochs															iti	313.0
4710.23475	7.700000000000728	epochs															maze	314.0
4710.23475	5.547250000000531	epochs															maze_stem	314.0
4710.256	14.730249999999614	trials	True	True	False	True	False	False	[0.8668666481971741, 0.13313335180282593, 0.5041503310203552, 0.4958496689796448]	0.36271631717681885	-0.3710169792175293	-0.18135815858840942	0.18550848960876465	0.5041503310203552	[28013, 28013, 28013, 28013, 28013]	[28059, 28058, 28058, 28058, 28058]		
4715.8025	2.1322500000005675	epochs															maze_arm	314.0
4717.9535	7.012250000000677	epochs															feedback_and_iti	314.0
4717.9535	0.9985000000006039	epochs															feedback_delay	314.0
4718.97	1.9747499999994034	epochs															feedback	314.0
4720.98025	3.985500000000684	epochs															iti	314.0
4724.98625	7.887499999999818	epochs															maze	315.0
4724.98625	5.811749999999847	epochs															maze_stem	315.0
4725.008	14.920000000000073	trials	False	True	False	True	False	False	[0.8452094197273254, 0.15479059517383575, 0.6545060873031616, 0.34549397230148315]	0.1907033547759056	-0.4997154697775841	-0.09535166621208191	0.24985775351524353	0.6545060873031616	[28102, 28102, 28101, 28101, 28101]	[28148, 28148, 28148, 28148, 28147]		
4730.8195	2.0542500000001382	epochs															maze_arm	315.0
4732.8925	7.013500000000022	epochs															feedback_and_iti	315.0
4732.8925	0.9920000000001892	epochs															feedback_delay	315.0
4733.90325	1.9772499999999127	epochs															feedback	315.0
4735.92175	3.98424999999952	epochs															iti	315.0
4739.928	7.369249999999738	epochs															maze	316.0
4739.928	5.42975000000024	epochs															maze_stem	316.0
4739.9495	12.57050000000072	trials	False	True	False	False	False	True	[0.8355767130851746, 0.16442324221134186, 0.6848235726356506, 0.31517642736434937]	0.15075316280126572	-0.520400308072567	0.07537657022476196	0.2602001428604126	0.8355767130851746	[28191, 28191, 28191, 28191, 28191]	[28235, 28234, 28234, 28234, 28234]		
4745.3785	1.918749999999818	epochs															maze_arm	316.0
4747.3155	5.182749999999942	epochs															feedback_and_iti	316.0
4747.3155	0.9875000000001819	epochs															feedback_delay	316.0
4748.32175	1.9894999999996799	epochs															feedback	316.0
4750.50325	1.9949999999998909	epochs															iti	316.0
4752.52	11.282999999999447	epochs															maze	317.0
4752.52	9.27599999999984	epochs															maze_stem	317.0
4752.54	18.331750000000284	trials	False	True	False	True	False	False	[0.9419880509376526, 0.058011967688798904, 0.7150223255157471, 0.2849777340888977]	0.22696574591100216	-0.6570103373378515	-0.11348286271095276	0.32850518822669983	0.7150223255157471	[28267, 28267, 28267, 28266, 28266]	[28334, 28333, 28333, 28333, 28333]		
4761.8165	1.9864999999999782	epochs															maze_arm	317.0
4763.82175	7.02599999999984	epochs															feedback_and_iti	317.0
4763.82175	0.9987499999997453	epochs															feedback_delay	317.0
4764.83725	1.9785000000001673	epochs															feedback	317.0
4766.85225	3.9954999999999927	epochs															iti	317.0
4770.87175	7.317250000000058	epochs															maze	318.0
4770.87175	5.3989999999994325	epochs															maze_stem	318.0
4770.89575	14.368750000000546	trials	False	True	False	True	False	False	[0.8723435997962952, 0.12765637040138245, 0.6830218434333801, 0.3169780969619751]	0.18932174146175385	-0.5553654879331589	-0.09466087818145752	0.27768272161483765	0.6830218434333801	[28377, 28377, 28377, 28376, 28376]	[28420, 28420, 28420, 28419, 28419]		
4776.29025	1.898750000000291	epochs															maze_arm	318.0
4778.2065	7.032250000000204	epochs															feedback_and_iti	318.0
4778.2065	0.98174999999992	epochs															feedback_delay	318.0
4779.20725	1.9917499999992287	epochs															feedback	318.0
4781.2355	4.003250000000662	epochs															iti	318.0
4785.2645	7.480749999999716	epochs															maze	319.0
4785.2645	5.530499999999847	epochs															maze_stem	319.0
4785.2845	14.52325000000019	trials	False	True	False	True	False	False	[0.8410598635673523, 0.1589401662349701, 0.6809255480766296, 0.3190743923187256]	0.16013427078723907	-0.5219854265451431	-0.08006715774536133	0.26099270582199097	0.6809255480766296	[28463, 28463, 28463, 28463, 28462]	[28507, 28507, 28507, 28507, 28506]		
4790.81575	1.9295000000001892	epochs															maze_arm	319.0
4792.7635	7.023000000000138	epochs															feedback_and_iti	319.0
4792.7635	0.9930000000003929	epochs															feedback_delay	319.0
4793.775	1.9882500000003347	epochs															feedback	319.0
4795.80225	3.9842500000004293	epochs															iti	319.0
4799.80775	7.29700000000048	epochs															maze	320.0
4799.80775	5.199749999999767	epochs															maze_stem	320.0
4799.83	12.493000000000393	trials	False	True	False	False	False	True	[0.8210411071777344, 0.1789589375257492, 0.6687671542167664, 0.33123284578323364]	0.15227393060922623	-0.48980823904275894	0.07613697648048401	0.24490413069725037	0.8210411071777344	[28550, 28550, 28550, 28550, 28550]	[28593, 28593, 28593, 28593, 28593]		
4805.02825	2.0765000000001237	epochs															maze_arm	320.0
4807.123	5.177750000000742	epochs															feedback_and_iti	320.0
4807.123	0.9802500000005239	epochs															feedback_delay	320.0
4808.12425	1.9887500000004366	epochs															feedback	320.0
4810.31275	1.9880000000002838	epochs															iti	320.0
4812.323	10.502999999999702	epochs															maze	321.0
4812.323	8.60174999999981	epochs															maze_stem	321.0
4812.3435	15.692250000000058	trials	False	True	False	False	False	True	[0.9202938079833984, 0.07970612496137619, 0.7009742259979248, 0.2990258038043976]	0.2193196304142475	-0.6212680526077747	0.10965979099273682	0.3106340169906616	0.9202938079833984	[28626, 28625, 28625, 28625, 28625]	[28688, 28687, 28687, 28687, 28687]		
4820.94625	1.8797500000000582	epochs															maze_arm	321.0
4822.8425	5.1652500000000146	epochs															feedback_and_iti	321.0
4822.8425	0.9942500000006476	epochs															feedback_delay	321.0
4823.857	1.9729999999999563	epochs															feedback	321.0
4826.021	1.986750000000029	epochs															iti	321.0
4828.03575	9.337749999999687	epochs															maze	322.0
4828.03575	7.555500000000393	epochs															maze_stem	322.0
4828.05925	14.531500000000051	trials	False	True	False	False	False	True	[0.9287927150726318, 0.07120724022388458, 0.6464800834655762, 0.35351991653442383]	0.28231265395879745	-0.5752728208899498	0.14115631580352783	0.287636399269104	0.9287927150726318	[28720, 28720, 28719, 28719, 28719]	[28775, 28775, 28774, 28774, 28774]		
4835.613	1.7604999999994106	epochs															maze_arm	322.0
4837.39	5.1802499999994325	epochs															feedback_and_iti	322.0
4837.39	0.9994999999998981	epochs															feedback_delay	322.0
4838.408	1.9804999999996653	epochs															feedback	322.0
4840.58325	1.98700000000008	epochs															iti	322.0
4842.59075	8.680749999999534	epochs															maze	323.0
4842.59075	6.590499999999338	epochs															maze_stem	323.0
4842.6125	13.868749999999636	trials	False	True	False	False	False	True	[0.9379411339759827, 0.06205882877111435, 0.6249881386756897, 0.3750118911266327]	0.31295302882790565	-0.5629292763769627	0.15647649765014648	0.2814646363258362	0.9379411339759827	[28807, 28807, 28807, 28806, 28806]	[28858, 28858, 28858, 28858, 28857]		
4849.203	2.0684999999994034	epochs															maze_arm	323.0
4851.2885	5.1710000000002765	epochs															feedback_and_iti	323.0
4851.2885	0.9864999999999782	epochs															feedback_delay	323.0
4852.292	1.9872499999992215	epochs															feedback	323.0
4854.469	1.9904999999998836	epochs															iti	323.0
4856.48125	12.005500000000211	epochs															maze	324.0
4856.48125	9.928249999999935	epochs															maze_stem	324.0
4856.5025	17.206750000000284	trials	False	True	False	False	False	True	[0.9444656372070312, 0.05553438141942024, 0.6050558686256409, 0.3949441909790039]	0.339409789070487	-0.549521466717124	0.1697048842906952	0.27476075291633606	0.9444656372070312	[28890, 28890, 28890, 28890, 28890]	[28961, 28961, 28961, 28961, 28961]		
4866.4315	2.055250000000342	epochs															maze_arm	324.0
4868.50525	5.183250000000044	epochs															feedback_and_iti	324.0
4868.50525	0.9932499999995343	epochs															feedback_delay	324.0
4869.517	1.9859999999998763	epochs															feedback	324.0
4871.693	1.9954999999999927	epochs															iti	324.0
4873.70925	10.386749999999665	epochs															maze	325.0
4873.70925	7.9832500000002256	epochs															maze_stem	325.0
4873.7305	15.576000000000022	trials	False	True	False	False	False	True	[0.9490719437599182, 0.05092805251479149, 0.5810754299163818, 0.4189245402812958]	0.36799650080502033	-0.5301473904401064	0.1839982569217682	0.26507368683815	0.9490719437599182	[28994, 28993, 28993, 28993, 28993]	[29055, 29055, 29055, 29054, 29054]		
4881.71375	2.382249999999658	epochs															maze_arm	325.0
4884.1135	5.17174999999952	epochs															feedback_and_iti	325.0
4884.1135	0.9859999999998763	epochs															feedback_delay	325.0
4885.11775	1.9859999999998763	epochs															feedback	325.0
4887.30375	1.981499999999869	epochs															iti	325.0
4889.3065	13.32275000000027	epochs															maze	326.0
4889.3065	10.546250000000327	epochs															maze_stem	326.0
4889.32725	18.51599999999962	trials	False	True	False	False	False	True	[0.9521843791007996, 0.047815654426813126, 0.5523573756217957, 0.44764262437820435]	0.39982698671519756	-0.5045417379587889	0.19991350173950195	0.2522708773612976	0.9521843791007996	[29087, 29087, 29087, 29087, 29086]	[29166, 29166, 29166, 29166, 29165]		
4899.874	2.75525000000016	epochs															maze_arm	326.0
4902.64725	5.173749999999927	epochs															feedback_and_iti	326.0
4902.64725	0.9920000000001892	epochs															feedback_delay	326.0
4903.6585	1.9777500000000146	epochs															feedback	326.0
4905.83425	1.986750000000029	epochs															iti	326.0
4907.84325	10.194250000000466	epochs															maze	327.0
4907.84325	8.326750000000175	epochs															maze_stem	327.0
4907.868	17.232999999999265	trials	False	True	False	True	False	False	[0.954132616519928, 0.045867424458265305, 0.5184985399246216, 0.4815015196800232]	0.43563408590853214	-0.47263110615313053	-0.2178170382976532	0.23631557822227478	0.5184985399246216	[29198, 29198, 29198, 29198, 29198]	[29259, 29258, 29258, 29258, 29258]		
4916.189	1.8485000000000582	epochs															maze_arm	327.0
4918.0555	7.019749999999476	epochs															feedback_and_iti	327.0
4918.0555	0.9867500000000291	epochs															feedback_delay	327.0
4919.0615	1.9842500000004293	epochs															feedback	327.0
4921.08275	3.992500000000291	epochs															iti	327.0
4925.101	9.183750000000146	epochs															maze	328.0
4925.101	6.977000000000771	epochs															maze_stem	328.0
4925.12525	14.379249999999956	trials	False	True	False	True	True	True	[0.8960214257240295, 0.10397853702306747, 0.6436030864715576, 0.3563969135284424]	0.2524183578789234	-0.5396245308220387	0.12620918825268745	-0.26981227472424507	0.3563969135284424	[29302, 29302, 29301, 29301, 29301]	[29356, 29356, 29356, 29355, 29355]		
4932.09975	2.1849999999994907	epochs															maze_arm	328.0
4934.30425	5.1782499999999345	epochs															feedback_and_iti	328.0
4934.30425	0.9920000000001892	epochs															feedback_delay	328.0
4935.31475	1.985250000000633	epochs															feedback	328.0
4937.49875	1.9837500000003274	epochs															iti	328.0
4939.5045	8.76550000000043	epochs															maze	329.0
4939.5045	6.868000000000393	epochs															maze_stem	329.0
4939.52775	15.805249999999432	trials	False	True	False	False	True	False	[0.9063831567764282, 0.09361685067415237, 0.31689414381980896, 0.6831058263778687]	0.5894889943301678	-0.22327731177210808	-0.29474448785185814	-0.11163866147398949	0.09361685067415237	[29388, 29388, 29388, 29388, 29387]	[29440, 29440, 29439, 29439, 29439]		
4946.39225	1.8777500000005602	epochs															maze_arm	329.0
4948.2865	7.025249999999687	epochs															feedback_and_iti	329.0
4948.2865	0.9875000000001819	epochs															feedback_delay	329.0
4949.2915	1.9909999999999854	epochs															feedback	329.0
4951.3335	3.9782500000001164	epochs															iti	329.0
4955.333	8.837250000000495	epochs															maze	330.0
4955.333	6.219000000000051	epochs															maze_stem	330.0
4955.354	15.884250000000065	trials	False	True	False	True	False	False	[0.6177030801773071, 0.38229694962501526, 0.2885953485965729, 0.7114046216011047]	0.32910770177841187	0.09370157122612	-0.16455386579036713	-0.04685078561306	0.2885953485965729	[29483, 29483, 29483, 29482, 29482]	[29535, 29535, 29535, 29535, 29534]		
4961.57325	2.5969999999997526	epochs															maze_arm	330.0
4964.1875	7.0219999999999345	epochs															feedback_and_iti	330.0
4964.1875	0.9912500000000364	epochs															feedback_delay	330.0
4965.1975	1.986750000000029	epochs															feedback	330.0
4967.22475	3.9847499999996217	epochs															iti	330.0
4971.23825	7.840499999999338	epochs															maze	331.0
4971.23825	5.863749999999527	epochs															maze_stem	331.0
4971.2615	13.03925000000072	trials	True	True	False	False	False	True	[0.7181241512298584, 0.2818758487701416, 0.4433537721633911, 0.5566462278366089]	0.2747703790664673	-0.1614779233932495	0.13738518953323364	0.08073896169662476	0.7181241512298584	[29578, 29578, 29578, 29578, 29578]	[29625, 29624, 29624, 29624, 29624]		
4977.1225	1.9562499999992724	epochs															maze_arm	331.0
4979.09475	5.184499999999389	epochs															feedback_and_iti	331.0
4979.09475	0.9852499999997235	epochs															feedback_delay	331.0
4980.097	1.997750000000451	epochs															feedback	331.0
4982.28375	1.9954999999999927	epochs															iti	331.0
4984.30075	12.74224999999933	epochs															maze	332.0
4984.30075	9.857250000000022	epochs															maze_stem	332.0
4984.32125	17.934250000000247	trials	False	True	False	True	True	True	[0.807403564453125, 0.19259648025035858, 0.45351913571357727, 0.5464808344841003]	0.35388439148664474	-0.2609226927161217	0.17694217711687088	-0.13046134263277054	0.5464808344841003	[29657, 29657, 29656, 29656, 29656]	[29732, 29732, 29732, 29732, 29731]		
4994.1795	2.863499999999476	epochs															maze_arm	332.0
4997.06175	5.172500000000582	epochs															feedback_and_iti	332.0
4997.06175	0.9985000000006039	epochs															feedback_delay	332.0
4998.07925	1.9727499999999054	epochs															feedback	332.0
5000.2475	1.986750000000029	epochs															iti	332.0
5002.2555	8.734749999999622	epochs															maze	333.0
5002.2555	6.506749999999556	epochs															maze_stem	333.0
5002.27675	13.923249999999825	trials	False	True	False	False	False	True	[0.7838008999824524, 0.2161991149187088, 0.19778862595558167, 0.802211344242096]	0.5860122516751289	0.018410466611385345	0.29300613701343536	-0.009205237030982971	0.7838008999824524	[29764, 29764, 29764, 29764, 29764]	[29816, 29816, 29815, 29815, 29815]		
5008.78425	2.206000000000131	epochs															maze_arm	333.0
5011.008	5.166250000000218	epochs															feedback_and_iti	333.0
5011.008	0.9920000000001892	epochs															feedback_delay	333.0
5012.02125	1.9697500000002037	epochs															feedback	333.0
5014.18425	1.9899999999997817	epochs															iti	333.0
5016.2	11.727499999999964	epochs															maze	334.0
5016.2	9.020500000000538	epochs															maze_stem	334.0
5016.22575	16.905750000000808	trials	False	True	False	True	True	True	[0.8766300678253174, 0.12336993217468262, 0.19830919802188873, 0.8016908168792725]	0.6783208772540092	-0.07493925839662552	0.3391604423522949	-0.03746962547302246	0.8016908168792725	[29848, 29848, 29848, 29847, 29847]	[29917, 29917, 29917, 29917, 29917]		
5025.2405	2.686999999999898	epochs															maze_arm	334.0
5027.9435	5.166999999999462	epochs															feedback_and_iti	334.0
5027.9435	0.9877499999993233	epochs															feedback_delay	334.0
5028.9505	1.9857499999998254	epochs															feedback	334.0
5031.12725	1.9832500000002256	epochs															iti	334.0
5033.1315	9.1299999999992	epochs															maze	335.0
5033.1315	7.188249999999243	epochs															maze_stem	335.0
5033.1525	14.32024999999976	trials	False	True	False	False	False	True	[0.8008813261985779, 0.1991187036037445, 0.0886109471321106, 0.9113890528678894]	0.7122703641653061	0.11050774157047272	0.35613518953323364	-0.05525386333465576	0.8008813261985779	[29950, 29949, 29949, 29949, 29949]	[30003, 30003, 30003, 30003, 30003]		
5040.33875	1.9227499999997235	epochs															maze_arm	335.0
5042.27975	5.1710000000002765	epochs															feedback_and_iti	335.0
5042.27975	0.9885000000003856	epochs															feedback_delay	335.0
5043.28525	1.9822500000000218	epochs															feedback	335.0
5045.45825	1.992500000000291	epochs															iti	335.0
5047.47275	8.70824999999968	epochs															maze	336.0
5047.47275	6.194250000000466	epochs															maze_stem	336.0
5047.492	13.905999999999949	trials	False	True	False	False	False	True	[0.9015822410583496, 0.09841770678758621, 0.13504940271377563, 0.8649506568908691]	0.7665328942239285	-0.036631640046834946	0.383266419172287	0.018315821886062622	0.9015822410583496	[30036, 30035, 30035, 30035, 30035]	[30087, 30087, 30086, 30086, 30086]		
5053.6865	2.494499999999789	epochs															maze_arm	336.0
5056.1995	5.17725000000064	epochs															feedback_and_iti	336.0
5056.1995	0.9977500000004511	epochs															feedback_delay	336.0
5057.2155	1.97649999999976	epochs															feedback	336.0
5059.389	1.9877500000002328	epochs															iti	336.0
5061.398	14.336250000000291	epochs															maze	337.0
5061.398	11.708999999999833	epochs															maze_stem	337.0
5061.42025	19.530249999999796	trials	False	True	False	True	True	True	[0.9074875712394714, 0.09251245111227036, 0.11300661414861679, 0.886993408203125]	0.7944809570908546	-0.020494163036346436	0.3972404785454273	-0.010247070342302322	0.886993408203125	[30119, 30119, 30119, 30119, 30118]	[30204, 30204, 30204, 30204, 30203]		
5073.1285	2.6057500000006257	epochs															maze_arm	337.0
5075.753	5.176000000000386	epochs															feedback_and_iti	337.0
5075.753	1.0	epochs															feedback_delay	337.0
5076.77425	1.9624999999996362	epochs															feedback	337.0
5078.93225	1.9967500000002474	epochs															iti	337.0
5080.9505	11.79950000000008	epochs															maze	338.0
5080.9505	9.18475000000035	epochs															maze_stem	338.0
5080.974	17.006499999999505	trials	False	True	False	True	True	True	[0.8527886271476746, 0.14721135795116425, 0.06402896344661713, 0.9359710812568665]	0.7887596935033798	0.0831824243068695	0.3943798616528511	0.04159121960401535	0.9359710812568665	[30236, 30236, 30236, 30236, 30236]	[30306, 30306, 30306, 30306, 30305]		
5090.15625	2.59375	epochs															maze_arm	338.0
5092.768	5.190499999999702	epochs															feedback_and_iti	338.0
5092.768	0.9915000000000873	epochs															feedback_delay	338.0
5093.77875	1.986750000000029	epochs															feedback	338.0
5095.976	1.9825000000000728	epochs															iti	338.0
5097.9805	9.797500000000582	epochs															maze	339.0
5097.9805	7.157250000000204	epochs															maze_stem	339.0
5098.005	14.991250000000036	trials	False	True	False	True	True	True	[0.8325775265693665, 0.16742253303527832, 0.05759415775537491, 0.9424058794975281]	0.7749833576381207	0.10982836410403252	0.3874916732311249	0.0549142062664032	0.9424058794975281	[30338, 30338, 30338, 30338, 30338]	[30396, 30396, 30396, 30396, 30395]		
5105.15925	2.6187500000005457	epochs															maze_arm	339.0
5107.79475	5.171750000000429	epochs															feedback_and_iti	339.0
5107.79475	0.9899999999997817	epochs															feedback_delay	339.0
5108.806	1.9732500000000073	epochs															feedback	339.0
5110.9715	1.9950000000008004	epochs															iti	339.0
5112.99625	11.122999999999593	epochs															maze	340.0
5112.99625	8.697250000000167	epochs															maze_stem	340.0
5113.0225	16.30174999999963	trials	False	True	False	True	True	True	[0.8260781764984131, 0.17392180860042572, 0.05551501736044884, 0.9444850087165833]	0.7705631796270609	0.11840681172907352	0.38528160005807877	0.059203408658504486	0.9444850087165833	[30429, 30428, 30428, 30428, 30428]	[30494, 30494, 30494, 30494, 30493]		
5121.7145	2.4047499999996944	epochs															maze_arm	340.0
5124.13525	5.167749999999614	epochs															feedback_and_iti	340.0
5124.13525	0.9982499999996435	epochs															feedback_delay	340.0
5125.1535	1.9679999999998472	epochs															feedback	340.0
5127.3125	1.9904999999998836	epochs															iti	340.0
5129.32425	9.776499999999942	epochs															maze	341.0
5129.32425	7.2590000000000146	epochs															maze_stem	341.0
5129.343	14.962999999999738	trials	True	True	False	True	True	True	[0.8234827518463135, 0.17651726305484772, 0.0544590950012207, 0.9455409049987793]	0.7690236493945122	0.12205816060304642	0.3845118209719658	0.06102908402681351	0.9455409049987793	[30526, 30526, 30526, 30526, 30526]	[30584, 30584, 30584, 30583, 30583]		
5136.603	2.4977499999995416	epochs															maze_arm	341.0
5139.11825	5.165749999999207	epochs															feedback_and_iti	341.0
5139.11825	0.9939999999996871	epochs															feedback_delay	341.0
5140.13025	1.97649999999976	epochs															feedback	341.0
5142.37875	1.9052499999997963	epochs															iti	341.0
5144.306	12.451000000000022	epochs															maze	342.0
5144.306	10.118750000000546	epochs															maze_stem	342.0
5144.32975	17.646749999999884	trials	True	True	False	True	True	True	[0.8031693696975708, 0.196830615401268, 0.05117259919643402, 0.9488274455070496]	0.7519968003034592	0.14565804600715637	0.3759984150528908	0.07282903045415878	0.9488274455070496	[30616, 30616, 30616, 30616, 30615]	[30690, 30690, 30690, 30689, 30689]		
5154.4435	2.3134999999992942	epochs															maze_arm	342.0
5156.77575	5.179250000000138	epochs															feedback_and_iti	342.0
5156.77575	0.9942500000006476	epochs															feedback_delay	342.0
5157.7865	1.981249999999818	epochs															feedback	342.0
5159.95675	1.9982499999996435	epochs															iti	342.0
5161.9765	9.982750000000124	epochs															maze	343.0
5161.9765	7.1215000000001965	epochs															maze_stem	343.0
5162.00025	17.033249999999498	trials	False	True	False	False	True	False	[0.7851576805114746, 0.21484236419200897, 0.048756688833236694, 0.9512433409690857]	0.7364009842276573	0.16608566790819168	-0.36820048838853836	0.08304285258054733	0.21484236419200897	[30722, 30722, 30722, 30722, 30721]	[30781, 30781, 30781, 30781, 30780]		
5169.11825	2.8409999999994398	epochs															maze_arm	343.0
5171.9765	7.03400000000056	epochs															feedback_and_iti	343.0
5171.9765	0.9875000000001819	epochs															feedback_delay	343.0
5172.9825	1.992750000000342	epochs															feedback	343.0
5175.01425	3.9962500000001455	epochs															iti	343.0
5179.0335	9.149250000000393	epochs															maze	344.0
5179.0335	6.504750000000058	epochs															maze_stem	344.0
5179.05475	16.180249999999432	trials	False	True	False	False	True	False	[0.6541103720664978, 0.3458895981311798, 0.1715347319841385, 0.8284652829170227]	0.4825756624341011	0.1743548884987831	-0.24128784239292145	0.08717744052410126	0.3458895981311798	[30824, 30824, 30824, 30824, 30824]	[30878, 30878, 30878, 30878, 30878]		
5185.56	2.6227499999995416	epochs															maze_arm	344.0
5188.20125	7.0109999999995125	epochs															feedback_and_iti	344.0
5188.20125	0.9847499999996217	epochs															feedback_delay	344.0
5189.20425	1.979500000000371	epochs															feedback	344.0
5191.222	3.9902499999998327	epochs															iti	344.0
5195.235	10.979750000000422	epochs															maze	345.0
5195.235	8.53900000000067	epochs															maze_stem	345.0
5195.25775	16.18000000000029	trials	False	True	False	True	True	True	[0.5455977320671082, 0.45440220832824707, 0.2141975313425064, 0.7858024835586548]	0.33140023797750473	0.24020471423864365	0.16570013761520386	0.12010234594345093	0.7858024835586548	[30922, 30921, 30921, 30921, 30921]	[30987, 30986, 30986, 30986, 30986]		
5203.79325	2.4215000000003783	epochs															maze_arm	345.0
5206.2335	5.181749999999738	epochs															feedback_and_iti	345.0
5206.2335	0.9879999999993743	epochs															feedback_delay	345.0
5207.2395	1.9890000000004875	epochs															feedback	345.0
5209.43225	1.9830000000001746	epochs															iti	345.0
5211.43775	8.538749999999709	epochs															maze	346.0
5211.43775	6.516999999999825	epochs															maze_stem	346.0
5211.46075	13.715749999999389	trials	False	True	False	False	False	True	[0.5318651795387268, 0.46813488006591797, 0.06681080907583237, 0.9331891536712646]	0.46505432203412056	0.4013240225613117	0.23252718523144722	-0.2006620056927204	0.5318651795387268	[31019, 31019, 31018, 31018, 31018]	[31069, 31069, 31069, 31068, 31068]		
5217.977	1.9994999999998981	epochs															maze_arm	346.0
5219.9925	5.162749999999505	epochs															feedback_and_iti	346.0
5219.9925	0.9842499999995198	epochs															feedback_delay	346.0
5220.99475	1.9864999999999782	epochs															feedback	346.0
5223.17375	1.981499999999869	epochs															iti	346.0
5225.1765	7.557750000000851	epochs															maze	347.0
5225.1765	5.438750000000255	epochs															maze_stem	347.0
5225.19775	12.743999999999687	trials	False	True	False	False	False	True	[0.7913720607757568, 0.20862795412540436, 0.114067442715168, 0.8859325051307678]	0.6773045845329762	0.09456047788262367	0.3386523090302944	-0.04728024825453758	0.7913720607757568	[31101, 31101, 31101, 31101, 31100]	[31146, 31145, 31145, 31145, 31145]		
5230.63625	2.098000000000866	epochs															maze_arm	347.0
5232.752	5.170499999999265	epochs															feedback_and_iti	347.0
5232.752	0.9914999999991778	epochs															feedback_delay	347.0
5233.76275	1.9807499999997162	epochs															feedback	347.0
5235.93725	1.9852499999997235	epochs															iti	347.0
5237.94175	8.078999999999724	epochs															maze	348.0
5237.94175	6.145499999999629	epochs															maze_stem	348.0
5237.96475	13.269000000000233	trials	False	True	False	False	False	True	[0.8294811248779297, 0.1705188900232315, 0.10115662962198257, 0.8988434076309204]	0.728324506431818	0.06936227157711983	0.36416224762797356	-0.03468112275004387	0.8294811248779297	[31178, 31178, 31177, 31177, 31177]	[31225, 31225, 31225, 31225, 31224]		
5244.10875	1.9119999999993524	epochs															maze_arm	348.0
5246.03725	5.174999999999272	epochs															feedback_and_iti	348.0
5246.03725	0.9957500000000437	epochs															feedback_delay	348.0
5247.0525	1.9717500000006112	epochs															feedback	348.0
5249.21375	1.9984999999996944	epochs															iti	348.0
5251.23375	9.269499999999425	epochs															maze	349.0
5251.23375	6.680749999999534	epochs															maze_stem	349.0
5251.254	14.460500000000138	trials	True	True	False	True	True	True	[0.8535333871841431, 0.14646664261817932, 0.10456374287605286, 0.8954362273216248]	0.7489696145057678	0.04190286993980408	0.3744847923517227	0.02095143496990204	0.8954362273216248	[31257, 31257, 31257, 31257, 31257]	[31312, 31312, 31312, 31311, 31311]		
5257.93475	2.5684999999994034	epochs															maze_arm	349.0
5260.52325	5.168749999999818	epochs															feedback_and_iti	349.0
5260.52325	0.9907499999999345	epochs															feedback_delay	349.0
5261.53175	1.988999999999578	epochs															feedback	349.0
5263.709	1.9830000000001746	epochs															iti	349.0
5265.7145	7.976999999999862	epochs															maze	350.0
5265.7145	5.751500000000306	epochs															maze_stem	350.0
5265.73825	13.16649999999936	trials	True	True	False	False	False	True	[0.7701215147972107, 0.2298784703016281, 0.05891299620270729, 0.9410870671272278]	0.7112085577100515	0.17096551321446896	0.3556042592972517	-0.08548274450004101	0.7701215147972107	[31344, 31344, 31344, 31344, 31343]	[31391, 31391, 31391, 31391, 31390]		
5271.48625	2.205249999999978	epochs															maze_arm	350.0
5273.71075	5.172499999999673	epochs															feedback_and_iti	350.0
5273.71075	0.9974999999994907	epochs															feedback_delay	350.0
5274.7255	1.9720000000006621	epochs															feedback	350.0
5276.886	1.9972499999994398	epochs															iti	350.0
5278.90475	7.584249999999884	epochs															maze	351.0
5278.90475	5.735000000000582	epochs															maze_stem	351.0
5278.92525	12.780499999999847	trials	False	True	False	False	False	True	[0.8755710124969482, 0.12442890554666519, 0.0877201035618782, 0.9122799038887024]	0.7878509536385536	0.03670884668827057	0.393925454467535	-0.018354441970586777	0.8755710124969482	[31423, 31423, 31423, 31423, 31423]	[31468, 31468, 31467, 31467, 31467]		
5284.66075	1.8282499999995707	epochs															maze_arm	351.0
5286.5075	5.1765000000004875	epochs															feedback_and_iti	351.0
5286.5075	0.9885000000003856	epochs															feedback_delay	351.0
5287.515	1.9752499999995052	epochs															feedback	351.0
5289.6825	2.0015000000003056	epochs															iti	351.0
5291.70575	10.83349999999973	epochs															maze	352.0
5291.70575	8.446249999999964	epochs															maze_stem	352.0
5291.72675	17.88050000000021	trials	False	True	False	True	False	False	[0.9005568623542786, 0.09944308549165726, 0.09763626754283905, 0.9023637175559998]	0.802920613437891	0.001806836575269699	-0.40146029740571976	-0.0009034350514411926	0.09763626754283905	[31500, 31500, 31500, 31500, 31499]	[31564, 31564, 31564, 31564, 31563]		
5300.17225	2.367000000000189	epochs															maze_arm	352.0
5302.557	7.027250000000095	epochs															feedback_and_iti	352.0
5302.557	0.9880000000002838	epochs															feedback_delay	352.0
5303.5665	1.9807499999997162	epochs															feedback	352.0
5305.5865	3.9977499999995416	epochs															iti	352.0
5309.60725	16.0649999999996	epochs															maze	353.0
5309.60725	12.970000000000255	epochs															maze_stem	353.0
5309.631	21.25	trials	False	True	False	True	True	True	[0.8822889924049377, 0.11771097034215927, 0.3315958082675934, 0.6684041619300842]	0.5506931878626347	-0.21388483420014381	0.2753465957939625	-0.10694243386387825	0.6684041619300842	[31607, 31607, 31607, 31607, 31607]	[31703, 31703, 31702, 31702, 31702]		
5322.5985	3.0737499999995634	epochs															maze_arm	353.0
5325.68825	5.171249999999418	epochs															feedback_and_iti	353.0
5325.68825	0.9887499999995271	epochs															feedback_delay	353.0
5326.698	1.9749999999994543	epochs															feedback	353.0
5328.869	1.9904999999998836	epochs															iti	353.0
5330.881	10.008749999999964	epochs															maze	354.0
5330.881	7.589500000000044	epochs															maze_stem	354.0
5330.90325	15.19274999999925	trials	False	True	False	True	True	True	[0.8593888282775879, 0.14061114192008972, 0.11426501721143723, 0.8857349753379822]	0.7451238222420216	0.02634613588452339	0.37256191670894623	0.01317305862903595	0.8857349753379822	[31735, 31735, 31735, 31734, 31734]	[31794, 31794, 31794, 31793, 31793]		
5338.49	2.3997500000004948	epochs															maze_arm	354.0
5340.908	5.1672499999995125	epochs															feedback_and_iti	354.0
5340.908	0.9954999999999927	epochs															feedback_delay	354.0
5341.9215	1.9735000000000582	epochs															feedback	354.0
5344.087	1.9882499999994252	epochs															iti	354.0
5346.096	10.076000000000022	epochs															maze	355.0
5346.096	7.388750000000073	epochs															maze_stem	355.0
5346.11725	15.259250000000065	trials	False	True	False	True	True	True	[0.8397190570831299, 0.16028089821338654, 0.07212505489587784, 0.9278749823570251]	0.7675940431654453	0.08815588429570198	0.3837970420718193	0.04407794028520584	0.9278749823570251	[31826, 31826, 31826, 31826, 31825]	[31886, 31886, 31885, 31885, 31885]		
5353.506	2.665999999999258	epochs															maze_arm	355.0
5356.18875	5.166249999999309	epochs															feedback_and_iti	355.0
5356.18875	0.9982499999996435	epochs															feedback_delay	355.0
5357.206	1.9729999999999563	epochs															feedback	355.0
5359.37875	1.976249999999709	epochs															iti	355.0
5361.3765	12.707999999999629	epochs															maze	356.0
5361.3765	10.613499999999476	epochs															maze_stem	356.0
5361.3955	17.90925000000061	trials	True	True	False	False	False	True	[0.8172723054885864, 0.18272767961025238, 0.058647271245718, 0.9413527250289917]	0.7586250398308039	0.12408041395246983	0.3793125171214342	-0.062040211632847786	0.8172723054885864	[31918, 31918, 31917, 31917, 31917]	[31993, 31993, 31993, 31993, 31992]		
5372.0105	2.0739999999996144	epochs															maze_arm	356.0
5374.10175	5.181999999999789	epochs															feedback_and_iti	356.0
5374.10175	0.9885000000003856	epochs															feedback_delay	356.0
5375.108	1.9904999999998836	epochs															feedback	356.0
5377.28825	1.9954999999999927	epochs															iti	356.0
5379.30475	6.786250000000109	epochs															maze	357.0
5379.30475	5.025749999999789	epochs															maze_stem	357.0
5379.32525	11.980000000000473	trials	False	True	False	False	False	True	[0.9030226469039917, 0.0969773381948471, 0.08971016108989716, 0.9102897644042969]	0.8133124560117722	0.0072671473026275635	0.40665624290704727	-0.0036335960030555725	0.9030226469039917	[32025, 32025, 32025, 32025, 32025]	[32065, 32065, 32065, 32065, 32064]		
5384.35125	1.7397500000006403	epochs															maze_arm	357.0
5386.10875	5.17450000000008	epochs															feedback_and_iti	357.0
5386.10875	0.983499999999367	epochs															feedback_delay	357.0
5387.11125	1.993000000000393	epochs															feedback	357.0
5389.2965	1.986750000000029	epochs															iti	357.0
5391.30525	7.7849999999998545	epochs															maze	358.0
5391.30525	5.724749999999403	epochs															maze_stem	358.0
5391.32625	12.98174999999992	trials	False	True	False	True	True	True	[0.9200728535652161, 0.07992713153362274, 0.09493251889944077, 0.905067503452301]	0.8251403532922268	-0.015005368739366531	0.41257018595933914	-0.0075026825070381165	0.905067503452301	[32097, 32097, 32097, 32097, 32097]	[32143, 32143, 32143, 32142, 32142]		
5397.05225	2.0380000000004657	epochs															maze_arm	358.0
5399.10875	5.177749999999833	epochs															feedback_and_iti	358.0
5399.10875	0.9987499999997453	epochs															feedback_delay	358.0
5400.1265	1.9739999999992506	epochs															feedback	358.0
5402.29325	1.9932500000004438	epochs															iti	358.0
5404.308	7.627749999999651	epochs															maze	359.0
5404.308	5.5974999999998545	epochs															maze_stem	359.0
5404.33125	12.82024999999976	trials	False	True	False	False	False	True	[0.8783509135246277, 0.1216491237282753, 0.05576764792203903, 0.9442322850227356]	0.8225832134485245	0.06588142365217209	0.4112916328012943	-0.03294071927666664	0.8783509135246277	[32175, 32175, 32175, 32175, 32175]	[32220, 32220, 32220, 32220, 32219]		
5409.92775	2.007999999999811	epochs															maze_arm	359.0
5411.954	5.171750000000429	epochs															feedback_and_iti	359.0
5411.954	0.9949999999998909	epochs															feedback_delay	359.0
5412.9695	1.9722499999998035	epochs															feedback	359.0
5415.13675	1.9890000000004875	epochs															iti	359.0
5417.1515	7.524500000000444	epochs															maze	360.0
5417.1515	5.649250000000393	epochs															maze_stem	360.0
5417.17625	12.710249999999178	trials	False	True	False	False	False	True	[0.9212827086448669, 0.07871724665164948, 0.08000899851322174, 0.9199910163879395]	0.8412737399339676	-0.001291722059249878	0.4206368550658226	0.000645853579044342	0.9212827086448669	[32252, 32252, 32252, 32252, 32252]	[32297, 32296, 32296, 32296, 32296]		
5422.8215	1.854500000000371	epochs															maze_arm	360.0
5424.69175	5.173499999999876	epochs															feedback_and_iti	360.0
5424.69175	0.9922500000002401	epochs															feedback_delay	360.0
5425.70275	1.9842499999995198	epochs															feedback	360.0
5427.88075	1.9844999999995707	epochs															iti	360.0
5429.8865	8.789999999999964	epochs															maze	361.0
5429.8865	6.98450000000048	epochs															maze_stem	361.0
5429.908	13.971999999999753	trials	False	True	False	False	False	True	[0.9212509393692017, 0.07874905318021774, 0.07185077667236328, 0.9281492233276367]	0.8494001664221287	0.00689828023314476	0.4247000813484192	-0.0034491419792175293	0.9212509393692017	[32329, 32329, 32328, 32328, 32328]	[32380, 32380, 32380, 32380, 32380]		
5436.89025	1.7862499999991996	epochs															maze_arm	361.0
5438.69275	5.166250000000218	epochs															feedback_and_iti	361.0
5438.69275	0.9957500000000437	epochs															feedback_delay	361.0
5439.70725	1.976249999999709	epochs															feedback	361.0
5441.87375	1.985250000000633	epochs															iti	361.0
5443.88	11.694999999999709	epochs															maze	362.0
5443.88	9.156500000000051	epochs															maze_stem	362.0
5443.90725	18.71875	trials	False	True	False	False	True	False	[0.9189486503601074, 0.08105137199163437, 0.06806504726409912, 0.9319348931312561]	0.850883562117815	0.012986283749341965	-0.42544176056981087	0.006493132561445236	0.08105137199163437	[32413, 32412, 32412, 32412, 32412]	[32482, 32482, 32481, 32481, 32481]		
5453.05825	2.5167499999997744	epochs															maze_arm	362.0
5455.59175	7.0130000000008295	epochs															feedback_and_iti	362.0
5455.59175	0.9905000000007931	epochs															feedback_delay	362.0
5456.60075	1.9830000000001746	epochs															feedback	362.0
5458.622	3.9827500000001237	epochs															iti	362.0
5462.626	10.187249999999949	epochs															maze	363.0
5462.626	7.670999999999367	epochs															maze_stem	363.0
5462.645	15.376499999999396	trials	True	True	False	True	True	True	[0.7052213549613953, 0.2947786748409271, 0.16259890794754028, 0.8374011516571045]	0.5426224619150162	0.13217978179454803	0.2713112384080887	0.06608991324901581	0.8374011516571045	[32525, 32525, 32525, 32524, 32524]	[32585, 32585, 32585, 32585, 32584]		
5470.31725	2.4960000000000946	epochs															maze_arm	363.0
5472.83125	5.168999999999869	epochs															feedback_and_iti	363.0
5472.83125	0.9979999999995925	epochs															feedback_delay	363.0
5473.846	1.9752500000004147	epochs															feedback	363.0
5476.011	1.989249999999629	epochs															iti	363.0
5478.0215	10.628000000000611	epochs															maze	364.0
5478.0215	7.369249999999738	epochs															maze_stem	364.0
5478.0405	17.679000000000087	trials	False	True	False	True	False	False	[0.8585507273674011, 0.14144930243492126, 0.06332556158304214, 0.9366744160652161]	0.7952251397073269	0.07812371477484703	-0.3976125828921795	-0.039061855524778366	0.06332556158304214	[32617, 32617, 32617, 32617, 32617]	[32680, 32680, 32680, 32680, 32679]		
5485.412	3.237500000000182	epochs															maze_arm	364.0
5488.66825	7.030000000000655	epochs															feedback_and_iti	364.0
5488.66825	0.9937500000005457	epochs															feedback_delay	364.0
5489.68	1.9877499999993233	epochs															feedback	364.0
5491.70725	3.9909999999999854	epochs															iti	364.0
5495.7195	7.82024999999976	epochs															maze	365.0
5495.7195	5.741750000000138	epochs															maze_stem	365.0
5495.74075	14.862250000000131	trials	False	True	False	True	False	False	[0.8628273606300354, 0.1371726244688034, 0.27118659019470215, 0.7288134694099426]	0.5916408076882362	-0.13401392847299576	-0.2958203852176666	0.06700697541236877	0.27118659019470215	[32723, 32723, 32723, 32723, 32723]	[32769, 32769, 32769, 32769, 32769]		
5501.4825	2.05724999999984	epochs															maze_arm	365.0
5503.5575	7.024000000000342	epochs															feedback_and_iti	365.0
5503.5575	0.98700000000008	epochs															feedback_delay	365.0
5504.56425	1.9932499999995343	epochs															feedback	365.0
5506.59575	3.9857499999998254	epochs															iti	365.0
5510.603	7.484000000000378	epochs															maze	366.0
5510.603	5.406500000000051	epochs															maze_stem	366.0
5510.624	14.52850000000035	trials	False	True	False	True	False	False	[0.8398681282997131, 0.16013191640377045, 0.45390814542770386, 0.5460918545722961]	0.3859599605202675	-0.2937762513756752	-0.19297999143600464	0.1468881368637085	0.45390814542770386	[32813, 32813, 32812, 32812, 32812]	[32857, 32856, 32856, 32856, 32856]		
5516.03075	2.0562500000005457	epochs															maze_arm	366.0
5518.10525	7.026000000000749	epochs															feedback_and_iti	366.0
5518.10525	0.9825000000000728	epochs															feedback_delay	366.0
5519.106	1.9920000000001892	epochs															feedback	366.0
5521.1365	3.9947500000007494	epochs															iti	366.0
5525.1525	7.429500000000189	epochs															maze	367.0
5525.1525	5.59900000000016	epochs															maze_stem	367.0
5525.1735	14.466750000000502	trials	False	True	False	True	False	False	[0.8301476240158081, 0.1698523610830307, 0.5435526371002197, 0.4564473032951355]	0.2865949645638466	-0.3737002983689308	-0.1432974934577942	0.18685013055801392	0.5435526371002197	[32900, 32900, 32900, 32899, 32899]	[32944, 32943, 32943, 32943, 32943]		
5530.7715	1.810500000000502	epochs															maze_arm	367.0
5532.599	7.017749999999978	epochs															feedback_and_iti	367.0
5532.599	0.9960000000000946	epochs															feedback_delay	367.0
5533.61375	1.9797499999995125	epochs															feedback	367.0
5535.6315	3.9852499999997235	epochs															iti	367.0
5539.64025	11.021749999999884	epochs															maze	368.0
5539.64025	8.149749999999585	epochs															maze_stem	368.0
5539.6625	16.2242499999993	trials	False	True	False	False	False	True	[0.8207347393035889, 0.1792653352022171, 0.586572527885437, 0.4134274125099182]	0.23416214436292648	-0.4073072597384453	0.11708110570907593	0.20365363359451294	0.8207347393035889	[32987, 32987, 32986, 32986, 32986]	[33052, 33052, 33052, 33051, 33051]		
5547.81075	2.8512500000006185	epochs															maze_arm	368.0
5550.68	5.182749999999942	epochs															feedback_and_iti	368.0
5550.68	0.9909999999999854	epochs															feedback_delay	368.0
5551.6875	1.9877500000002328	epochs															feedback	368.0
5553.872	1.9907499999999345	epochs															iti	368.0
5555.88675	14.328750000000582	epochs															maze	369.0
5555.88675	11.887500000000728	epochs															maze_stem	369.0
5555.9105	19.51575000000048	trials	False	True	False	True	True	True	[0.9208540320396423, 0.07914600521326065, 0.596656858921051, 0.403343141078949]	0.3241971544921398	-0.5175108723342419	0.16209856793284416	-0.2587554268538952	0.403343141078949	[33084, 33084, 33084, 33084, 33083]	[33169, 33169, 33169, 33169, 33168]		
5567.79375	2.4217500000004293	epochs															maze_arm	369.0
5570.2335	5.17174999999952	epochs															feedback_and_iti	369.0
5570.2335	0.9929999999994834	epochs															feedback_delay	369.0
5571.24475	1.9852499999997235	epochs															feedback	369.0
5573.42475	1.9804999999996653	epochs															iti	369.0
5575.42625	9.810999999999694	epochs															maze	370.0
5575.42625	7.71599999999944	epochs															maze_stem	370.0
5575.4475	15.014500000000226	trials	False	True	False	False	False	True	[0.877830982208252, 0.12216899544000626, 0.2356659471988678, 0.7643340229988098]	0.6421650312840939	-0.11349695548415184	0.3210825175046921	0.056748464703559875	0.877830982208252	[33201, 33201, 33201, 33201, 33201]	[33259, 33259, 33259, 33259, 33258]		
5583.164	2.073250000000371	epochs															maze_arm	370.0
5585.25525	5.18224999999984	epochs															feedback_and_iti	370.0
5585.25525	0.9839999999994689	epochs															feedback_delay	370.0
5586.2585	1.9857499999998254	epochs															feedback	370.0
5588.4405	1.9970000000002983	epochs															iti	370.0
5590.462	8.57024999999976	epochs															maze	371.0
5590.462	6.006749999999556	epochs															maze_stem	371.0
5590.48425	15.607499999999163	trials	False	True	False	False	True	False	[0.9170969724655151, 0.08290307223796844, 0.2106408327817917, 0.7893591523170471]	0.7064561098814011	-0.12773779034614563	-0.35322804003953934	-0.06386888772249222	0.08290307223796844	[33292, 33291, 33291, 33291, 33291]	[33342, 33342, 33342, 33341, 33341]		
5596.48975	2.542500000000473	epochs															maze_arm	371.0
5599.04925	7.021499999999833	epochs															feedback_and_iti	371.0
5599.04925	0.9970000000002983	epochs															feedback_delay	371.0
5600.06475	1.9822500000000218	epochs															feedback	371.0
5602.087	3.983749999999418	epochs															iti	371.0
5606.09175	9.74200000000019	epochs															maze	372.0
5606.09175	7.405000000000655	epochs															maze_stem	372.0
5606.114	14.943000000000211	trials	False	True	False	True	True	True	[0.5903833508491516, 0.4096166789531708, 0.23368093371391296, 0.7663190364837646]	0.35670238733291626	0.17593571543693542	0.17835117876529694	0.08796785771846771	0.7663190364837646	[33385, 33385, 33385, 33385, 33384]	[33443, 33443, 33442, 33442, 33442]		
5613.517	2.3167499999999563	epochs															maze_arm	372.0
5615.85025	5.185249999999542	epochs															feedback_and_iti	372.0
5615.85025	0.9899999999997817	epochs															feedback_delay	372.0
5616.85925	1.9869999999991705	epochs															feedback	372.0
5619.04425	1.9912500000000364	epochs															iti	372.0
5621.057	8.570749999999862	epochs															maze	373.0
5621.057	6.217999999999847	epochs															maze_stem	373.0
5621.078	15.614999999999782	trials	False	True	False	False	True	False	[0.6298524737358093, 0.3701474964618683, 0.09054212272167206, 0.9094579219818115]	0.5393103882670403	0.2796054109930992	-0.2696552127599716	0.1398027092218399	0.3701474964618683	[33475, 33475, 33475, 33474, 33474]	[33525, 33525, 33525, 33525, 33525]		
5627.29475	2.332999999999629	epochs															maze_arm	373.0
5629.6445	7.024999999999636	epochs															feedback_and_iti	373.0
5629.6445	0.9907499999999345	epochs															feedback_delay	373.0
5630.6535	1.98174999999992	epochs															feedback	373.0
5632.674	3.9954999999999927	epochs															iti	373.0
5636.693	8.1899999999996	epochs															maze	374.0
5636.693	6.1274999999996	epochs															maze_stem	374.0
5636.71625	13.360999999999876	trials	False	True	False	False	False	True	[0.47200530767440796, 0.5279946327209473, 0.22952209413051605, 0.7704779505729675]	0.24248326569795609	0.2984725907444954	0.12124160677194595	-0.149236299097538	0.47200530767440796	[33569, 33569, 33568, 33568, 33568]	[33617, 33617, 33617, 33616, 33616]		
5642.84175	2.0412500000002183	epochs															maze_arm	374.0
5644.90025	5.155000000000655	epochs															feedback_and_iti	374.0
5644.90025	0.9877500000002328	epochs															feedback_delay	374.0
5645.90825	1.9754999999995562	epochs															feedback	374.0
5648.0725	1.9827500000001237	epochs															iti	374.0
5650.07725	9.240249999999833	epochs															maze	375.0
5650.07725	7.261999999999716	epochs															maze_stem	375.0
5650.09675	16.28375000000051	trials	False	True	False	True	False	False	[0.7121293544769287, 0.2878706753253937, 0.1704147756099701, 0.8295851945877075]	0.5417145490646362	0.1174558699131012	-0.2708572894334793	-0.0587279349565506	0.1704147756099701	[33649, 33649, 33649, 33648, 33648]	[33704, 33703, 33703, 33703, 33703]		
5657.35975	1.9577500000004875	epochs															maze_arm	375.0
5659.33525	7.019749999999476	epochs															feedback_and_iti	375.0
5659.33525	0.9922500000002401	epochs															feedback_delay	375.0
5660.34525	1.9727499999999054	epochs															feedback	375.0
5662.35625	3.9987499999997453	epochs															iti	375.0
5666.3805	16.868499999999585	epochs															maze	376.0
5666.3805	14.651499999999942	epochs															maze_stem	376.0
5666.40225	23.896999999999935	trials	False	True	False	False	True	False	[0.7048365473747253, 0.29516345262527466, 0.35943010449409485, 0.6405698657035828]	0.3454064279794693	-0.06426666676998138	-0.17270320653915405	-0.03213334083557129	0.29516345262527466	[33747, 33747, 33746, 33746, 33746]	[33847, 33847, 33847, 33846, 33846]		
5681.05325	2.1957499999998618	epochs															maze_arm	376.0
5683.26675	7.01299999999992	epochs															feedback_and_iti	376.0
5683.26675	0.9949999999998909	epochs															feedback_delay	376.0
5684.2805	1.9785000000001673	epochs															feedback	376.0
5686.297	3.9827500000001237	epochs															iti	376.0
5690.29925	9.34875000000011	epochs															maze	377.0
5690.29925	7.013249999999971	epochs															maze_stem	377.0
5690.32075	16.38525000000027	trials	False	True	False	False	True	False	[0.4329468011856079, 0.5670532584190369, 0.3262900114059448, 0.6737099885940552]	0.1066567599773407	0.24076321721076965	-0.053328365087509155	0.12038162350654602	0.5670532584190369	[33890, 33890, 33890, 33890, 33889]	[33945, 33945, 33945, 33945, 33945]		
5697.33375	2.3142500000003565	epochs															maze_arm	377.0
5699.6655	7.019500000000335	epochs															feedback_and_iti	377.0
5699.6655	0.9854999999997744	epochs															feedback_delay	377.0
5700.6695	1.9830000000001746	epochs															feedback	377.0
5702.69275	3.99225000000024	epochs															iti	377.0
5706.706	13.121250000000146	epochs															maze	378.0
5706.706	9.867500000000291	epochs															maze_stem	378.0
5706.72675	18.313250000000153	trials	False	True	False	True	True	True	[0.360151469707489, 0.6398485898971558, 0.30825290083885193, 0.6917470693588257]	0.0518985241651535	0.33159564435482025	0.02594923973083496	0.16579782962799072	0.6917470693588257	[33989, 33988, 33988, 33988, 33988]	[34066, 34066, 34066, 34066, 34066]		
5716.59375	3.2335000000002765	epochs															maze_arm	378.0
5719.84475	5.173499999999876	epochs															feedback_and_iti	378.0
5719.84475	0.9847499999996217	epochs															feedback_delay	378.0
5720.8465	1.9885000000003856	epochs															feedback	378.0
5723.02975	1.9885000000003856	epochs															iti	378.0
5725.04	11.511999999999716	epochs															maze	379.0
5725.04	8.436749999999847	epochs															maze_stem	379.0
5725.061	16.70600000000013	trials	False	True	False	True	True	True	[0.29726046323776245, 0.7027395367622375, 0.11662442982196808, 0.8833755850791931]	0.18063604086637497	0.5861151143908501	0.09031802415847778	0.29305756092071533	0.8833755850791931	[34099, 34098, 34098, 34098, 34098]	[34167, 34166, 34166, 34166, 34166]		
5733.4955	3.056499999999687	epochs															maze_arm	379.0
5736.5705	5.174750000000131	epochs															feedback_and_iti	379.0
5736.5705	0.9845000000004802	epochs															feedback_delay	379.0
5737.573	1.9844999999995707	epochs															feedback	379.0
5739.762	1.9832500000002256	epochs															iti	379.0
5741.767	8.672999999999774	epochs															maze	380.0
5741.767	6.451250000000073	epochs															maze_stem	380.0
5741.789	13.871250000000146	trials	False	True	False	False	False	True	[0.2665196657180786, 0.7334803342819214, 0.06855686753988266, 0.9314430952072144]	0.19796277955174446	0.6649234481155872	0.09898139908909798	-0.33246173337101936	0.2665196657180786	[34199, 34199, 34198, 34198, 34198]	[34250, 34250, 34250, 34249, 34249]		
5748.241	2.1989999999996144	epochs															maze_arm	380.0
5750.45925	5.179250000000138	epochs															feedback_and_iti	380.0
5750.45925	0.9907499999999345	epochs															feedback_delay	380.0
5751.47225	1.9845000000004802	epochs															feedback	380.0
5753.64925	1.989249999999629	epochs															iti	380.0
5755.66025	8.641749999999774	epochs															maze	381.0
5755.66025	6.315249999999651	epochs															maze_stem	381.0
5755.68125	13.840250000000196	trials	False	True	False	True	True	True	[0.6506016850471497, 0.34939828515052795, 0.17879775166511536, 0.8212022185325623]	0.4718039333820343	0.1706005334854126	0.23590196669101715	0.0853002518415451	0.8212022185325623	[34282, 34282, 34282, 34282, 34281]	[34333, 34333, 34333, 34332, 34332]		
5761.99525	2.306749999999738	epochs															maze_arm	381.0
5764.3205	5.179000000000087	epochs															feedback_and_iti	381.0
5764.3205	0.9847500000005311	epochs															feedback_delay	381.0
5765.32475	1.9909999999999854	epochs															feedback	381.0
5767.50575	1.9937499999996362	epochs															iti	381.0
5769.5215	8.453500000000531	epochs															maze	382.0
5769.5215	6.211750000000393	epochs															maze_stem	382.0
5769.5425	13.633250000000771	trials	False	True	False	False	False	True	[0.42044809460639954, 0.5795518755912781, 0.06868398189544678, 0.9313159584999084]	0.35176409780979156	0.5108678787946701	0.17588205635547638	-0.25543396174907684	0.42044809460639954	[34365, 34365, 34365, 34365, 34364]	[34415, 34415, 34415, 34414, 34414]		
5775.754	2.2210000000004584	epochs															maze_arm	382.0
5777.99275	5.161499999999251	epochs															feedback_and_iti	382.0
5777.99275	0.9942499999997381	epochs															feedback_delay	382.0
5779.00575	1.970499999999447	epochs															feedback	382.0
5781.1675	1.986750000000029	epochs															iti	382.0
5783.17575	8.301249999999527	epochs															maze	383.0
5783.17575	5.914749999999913	epochs															maze_stem	383.0
5783.195	13.492750000000342	trials	True	True	False	False	False	True	[0.7721322774887085, 0.2278677374124527, 0.1672545224428177, 0.8327454328536987]	0.6048777252435684	0.06061318516731262	0.3024388775229454	-0.030306600034236908	0.7721322774887085	[34447, 34447, 34447, 34447, 34446]	[34496, 34496, 34496, 34495, 34495]		
5789.11125	2.3657499999999345	epochs															maze_arm	383.0
5791.4935	5.1707500000002256	epochs															feedback_and_iti	383.0
5791.4935	0.9967500000002474	epochs															feedback_delay	383.0
5792.50775	1.9755000000004657	epochs															feedback	383.0
5794.66875	1.9954999999999927	epochs															iti	383.0
5796.68775	8.14599999999973	epochs															maze	384.0
5796.68775	5.811749999999847	epochs															maze_stem	384.0
5796.7105	13.339500000000044	trials	False	True	False	True	True	True	[0.7813451886177063, 0.2186548262834549, 0.14086773991584778, 0.8591322898864746]	0.6404774561524391	0.07778709381818771	0.32023873180150986	0.03889355808496475	0.8591322898864746	[34528, 34528, 34528, 34528, 34527]	[34576, 34576, 34576, 34575, 34575]		
5802.5215	2.312249999999949	epochs															maze_arm	384.0
5804.85025	5.176249999999527	epochs															feedback_and_iti	384.0
5804.85025	0.9914999999991778	epochs															feedback_delay	384.0
5805.86175	1.9847499999996217	epochs															feedback	384.0
5808.03675	1.9897499999997308	epochs															iti	384.0
5810.05	8.594750000000204	epochs															maze	385.0
5810.05	6.543999999999869	epochs															maze_stem	385.0
5810.074	13.816749999999956	trials	False	True	False	False	False	True	[0.6942269802093506, 0.3057730197906494, 0.08156509697437286, 0.9184349179267883]	0.6126618906855583	0.22420793026685715	0.30633094161748886	-0.11210396140813828	0.6942269802093506	[34608, 34608, 34608, 34608, 34608]	[34659, 34659, 34658, 34658, 34658]		
5816.614	2.0307500000008076	epochs															maze_arm	385.0
5818.66225	5.207749999999578	epochs															feedback_and_iti	385.0
5818.66225	0.9915000000000873	epochs															feedback_delay	385.0
5819.67125	1.9769999999998618	epochs															feedback	385.0
5821.88825	1.98174999999992	epochs															iti	385.0
5823.89075	9.493750000000546	epochs															maze	386.0
5823.89075	7.056000000000495	epochs															maze_stem	386.0
5823.91125	16.532750000000306	trials	False	True	False	True	False	False	[0.8700749278068542, 0.12992504239082336, 0.14020608365535736, 0.8597939610481262]	0.7298688814043999	-0.010281004011631012	-0.36493442207574844	0.0051405057311058044	0.14020608365535736	[34691, 34691, 34691, 34691, 34691]	[34747, 34747, 34747, 34747, 34746]		
5830.9715	2.4130000000004657	epochs															maze_arm	386.0
5833.401	7.0202500000004875	epochs															feedback_and_iti	386.0
5833.401	0.9917500000001382	epochs															feedback_delay	386.0
5834.41075	1.9729999999999563	epochs															feedback	386.0
5836.426	3.995249999999942	epochs															iti	386.0
5840.444	7.839749999999185	epochs															maze	387.0
5840.444	6.102499999999964	epochs															maze_stem	387.0
5840.46775	13.07049999999981	trials	False	True	False	True	True	True	[0.8334207534790039, 0.16657929122447968, 0.35150930285453796, 0.6484907269477844]	0.48191144317388535	-0.18493001908063889	0.24095571786165237	-0.09246499091386795	0.6484907269477844	[34791, 34790, 34790, 34790, 34790]	[34837, 34836, 34836, 34836, 34836]		
5846.56825	1.7154999999993379	epochs															maze_arm	387.0
5848.30275	5.211750000000393	epochs															feedback_and_iti	387.0
5848.30275	0.9859999999998763	epochs															feedback_delay	387.0
5849.3065	1.9957500000000437	epochs															feedback	387.0
5851.533	1.981499999999869	epochs															iti	387.0
5853.53825	7.7450000000008	epochs															maze	388.0
5853.53825	5.451750000000175	epochs															maze_stem	388.0
5853.562	14.792750000000524	trials	False	True	False	True	False	False	[0.7846893072128296, 0.21531064808368683, 0.12751664221286774, 0.8724833130836487]	0.6571726649999619	0.08779400587081909	-0.3285863324999809	-0.04389702528715134	0.12751664221286774	[34869, 34869, 34869, 34868, 34868]	[34915, 34914, 34914, 34914, 34914]		
5859.011	2.2722499999999854	epochs															maze_arm	388.0
5861.2995	7.034249999999702	epochs															feedback_and_iti	388.0
5861.2995	0.9929999999994834	epochs															feedback_delay	388.0
5862.311	1.9864999999999782	epochs															feedback	388.0
5864.34	3.993749999999636	epochs															iti	388.0
5868.35475	10.44799999999941	epochs															maze	389.0
5868.35475	8.350499999999556	epochs															maze_stem	389.0
5868.38275	15.784250000000611	trials	False	True	False	True	True	True	[0.8138538599014282, 0.18614621460437775, 0.404662549495697, 0.595337450504303]	0.4091912731528282	-0.21851637214422226	0.20459561794996262	-0.10925816744565964	0.595337450504303	[34958, 34958, 34958, 34957, 34957]	[35020, 35019, 35019, 35019, 35019]		
5876.73525	2.067500000000109	epochs															maze_arm	389.0
5878.82225	5.317500000000109	epochs															feedback_and_iti	389.0
5878.82225	0.9987499999997453	epochs															feedback_delay	389.0
5879.8405	1.9669999999996435	epochs															feedback	389.0
5882.162	1.9777500000000146	epochs															iti	389.0
5884.167	10.711749999999483	epochs															maze	390.0
5884.167	8.231499999999869	epochs															maze_stem	390.0
5884.19625	17.75525000000016	trials	False	True	False	False	True	False	[0.7654572129249573, 0.23454277217388153, 0.144860178232193, 0.8551398515701294]	0.6205970570445061	0.08968261629343033	-0.31029853969812393	0.04484131187200546	0.23454277217388153	[35053, 35053, 35052, 35052, 35052]	[35116, 35116, 35116, 35115, 35115]		
5892.423	2.45575000000008	epochs															maze_arm	390.0
5894.89425	7.031500000000051	epochs															feedback_and_iti	390.0
5894.89425	0.9862499999999272	epochs															feedback_delay	390.0
5895.89675	1.9960000000000946	epochs															feedback	390.0
5897.93125	3.9945000000006985	epochs															iti	390.0
5901.9515	9.310999999999694	epochs															maze	391.0
5901.9515	6.633499999999913	epochs															maze_stem	391.0
5901.9755	14.55200000000059	trials	False	True	False	True	True	True	[0.5562217831611633, 0.4437781572341919, 0.24729180335998535, 0.7527081966400146]	0.30893000960350037	0.19648638367652893	0.15446501970291138	0.09824317693710327	0.7527081966400146	[35159, 35159, 35159, 35159, 35159]	[35214, 35214, 35214, 35214, 35213]		
5908.60875	2.6537499999994907	epochs															maze_arm	391.0
5911.28175	5.219000000000051	epochs															feedback_and_iti	391.0
5911.28175	0.9894999999996799	epochs															feedback_delay	391.0
5912.2915	1.9799999999995634	epochs															feedback	391.0
5914.526	1.9747500000003129	epochs															iti	391.0
5916.5275	10.231999999999971	epochs															maze	392.0
5916.5275	8.262749999999869	epochs															maze_stem	392.0
5916.55825	17.28125	trials	False	True	False	True	False	False	[0.5346394181251526, 0.465360552072525, 0.08364247530698776, 0.9163575172424316]	0.4509969539940357	0.38171808794140816	-0.2254984714090824	-0.19085905328392982	0.08364247530698776	[35247, 35247, 35246, 35246, 35246]	[35307, 35307, 35307, 35307, 35306]		
5924.8105	1.9490000000005239	epochs															maze_arm	392.0
5926.78075	7.030249999999796	epochs															feedback_and_iti	392.0
5926.78075	0.9764999999997599	epochs															feedback_delay	392.0
5927.78175	1.9932499999995343	epochs															feedback	392.0
5929.818	3.9929999999994834	epochs															iti	392.0
5933.8395	7.9044999999996435	epochs															maze	393.0
5933.8395	5.420000000000073	epochs															maze_stem	393.0
5933.8645	13.155250000000706	trials	False	True	False	False	False	True	[0.6854841709136963, 0.3145157992839813, 0.32749587297439575, 0.6725041270256042]	0.35798831284046173	-0.012980058789253235	0.17899414896965027	0.0064900219440460205	0.6854841709136963	[35351, 35350, 35350, 35350, 35350]	[35397, 35397, 35397, 35396, 35396]		
5939.28075	2.463249999999789	epochs															maze_arm	393.0
5941.76275	5.231499999999869	epochs															feedback_and_iti	393.0
5941.76275	0.9977500000004511	epochs															feedback_delay	393.0
5942.7785	1.9882499999994252	epochs															feedback	393.0
5945.002	1.9922499999993306	epochs															iti	393.0
5947.01975	8.6274999999996	epochs															maze	394.0
5947.01975	6.714749999999185	epochs															maze_stem	394.0
5947.04425	13.84900000000016	trials	False	True	False	True	True	True	[0.8255828619003296, 0.17441712319850922, 0.392229825258255, 0.6077701449394226]	0.433353029191494	-0.21781270951032639	0.2166765108704567	-0.10890636593103409	0.6077701449394226	[35430, 35429, 35429, 35429, 35429]	[35480, 35480, 35480, 35480, 35480]		
5953.7525	1.8947500000003856	epochs															maze_arm	394.0
5955.66675	5.205500000000029	epochs															feedback_and_iti	394.0
5955.66675	0.9764999999997599	epochs															feedback_delay	394.0
5956.67025	1.9920000000001892	epochs															feedback	394.0
5958.8795	1.992750000000342	epochs															iti	394.0
5960.89325	10.008249999999862	epochs															maze	395.0
5960.89325	8.358999999999469	epochs															maze_stem	395.0
5960.914	15.347249999999804	trials	False	True	False	True	True	True	[0.7145190238952637, 0.2854810059070587, 0.1336064636707306, 0.8663935661315918]	0.5809125602245331	0.15187454223632812	0.29045628011226654	0.07593728601932526	0.8663935661315918	[35513, 35513, 35512, 35512, 35512]	[35572, 35572, 35571, 35571, 35571]		
5969.27475	1.6267500000003565	epochs															maze_arm	395.0
5970.91875	5.307999999999993	epochs															feedback_and_iti	395.0
5970.91875	0.9994999999998981	epochs															feedback_delay	395.0
5971.936	1.9827500000001237	epochs															feedback	395.0
5974.57525	1.6514999999999418	epochs															iti	395.0
5976.26125	8.458000000000538	epochs															maze	396.0
5976.26125	6.391000000000531	epochs															maze_stem	396.0
5976.29325	15.483250000000226	trials	False	True	False	True	False	False	[0.6675899624824524, 0.3324100375175476, 0.08147642016410828, 0.9185236096382141]	0.5861135572195053	0.2509336322546005	-0.29305677115917206	-0.12546680867671967	0.08147642016410828	[35605, 35605, 35605, 35604, 35604]	[35655, 35655, 35654, 35654, 35654]		
5982.67225	2.04700000000048	epochs															maze_arm	396.0
5984.7405	7.012499999999818	epochs															feedback_and_iti	396.0
5984.7405	0.9847500000005311	epochs															feedback_delay	396.0
5985.74275	1.9789999999993597	epochs															feedback	396.0
5987.766	3.98700000000008	epochs															iti	396.0
5991.7765	6.552999999999884	epochs															maze	397.0
5991.7765	4.55199999999968	epochs															maze_stem	397.0
5991.7975	11.791250000000218	trials	False	True	False	False	False	True	[0.7637114524841309, 0.23628856241703033, 0.3553428649902344, 0.6446571350097656]	0.4083685800433159	-0.11905431002378464	0.20418429374694824	0.05952715873718262	0.7637114524841309	[35698, 35698, 35698, 35697, 35697]	[35736, 35736, 35736, 35736, 35736]		
5996.348	1.981499999999869	epochs															maze_arm	397.0
5998.3495	5.214500000000044	epochs															feedback_and_iti	397.0
5998.3495	0.9939999999996871	epochs															feedback_delay	397.0
5999.3645	1.9774999999999636	epochs															feedback	397.0
6001.563	2.0010000000002037	epochs															iti	397.0
6003.58875	11.137749999999869	epochs															maze	398.0
6003.58875	8.905249999999796	epochs															maze_stem	398.0
6003.614	18.1825000000008	trials	False	True	False	True	False	False	[0.8797184228897095, 0.12028159946203232, 0.4042016267776489, 0.5957984328269958]	0.47551681473851204	-0.2839200086891651	-0.23775839805603027	0.1419600248336792	0.4042016267776489	[35769, 35769, 35768, 35768, 35768]	[35835, 35834, 35834, 35834, 35834]		
6012.5145	2.2119999999995343	epochs															maze_arm	398.0
6014.742	7.0275000000001455	epochs															feedback_and_iti	398.0
6014.742	0.9920000000001892	epochs															feedback_delay	398.0
6015.75075	1.9917500000001382	epochs															feedback	398.0
6017.78825	3.9812500000007276	epochs															iti	398.0
6021.7965	7.590249999999287	epochs															maze	399.0
6021.7965	5.51299999999992	epochs															maze_stem	399.0
6021.83075	14.613250000000335	trials	True	True	False	True	False	False	[0.8271734714508057, 0.17282649874687195, 0.5212257504463196, 0.4787742793560028]	0.30594775080680847	-0.34839922189712524	-0.15297386050224304	0.17419961094856262	0.5212257504463196	[35878, 35878, 35878, 35877, 35877]	[35923, 35922, 35922, 35922, 35922]		
6027.33125	2.0554999999994834	epochs															maze_arm	399.0
6029.40225	7.018500000000131	epochs															feedback_and_iti	399.0
6029.40225	0.9852499999997235	epochs															feedback_delay	399.0
6030.40325	1.987250000000131	epochs															feedback	399.0
6032.4275	3.993250000000444	epochs															iti	399.0
6036.444	9.019249999999374	epochs															maze	400.0
6036.444	6.749499999999898	epochs															maze_stem	400.0
6036.468	14.249499999999898	trials	False	True	False	True	True	True	[0.7997031807899475, 0.2002968192100525, 0.6565964818000793, 0.34340351819992065]	0.14310669898986816	-0.45629966259002686	0.07155334949493408	-0.22814983129501343	0.34340351819992065	[35966, 35966, 35965, 35965, 35965]	[36019, 36019, 36019, 36018, 36018]		
6043.216	2.2472499999994398	epochs															maze_arm	400.0
6045.48325	5.210000000000036	epochs															feedback_and_iti	400.0
6045.48325	0.9875000000001819	epochs															feedback_delay	400.0
6046.4895	1.9707500000004075	epochs															feedback	400.0
6048.71875	1.974500000000262	epochs															iti	400.0
6050.7175	8.784500000000662	epochs															maze	401.0
6050.7175	6.580500000000029	epochs															maze_stem	401.0
6050.7415	15.842499999999745	trials	False	True	False	False	True	False	[0.7923656702041626, 0.20763437449932098, 0.29815760254859924, 0.7018423676490784]	0.49420803040266037	-0.09052326530218124	-0.2471039965748787	-0.045261628925800323	0.20763437449932098	[36051, 36051, 36051, 36051, 36051]	[36103, 36103, 36103, 36103, 36102]		
6057.31925	2.1827500000008513	epochs															maze_arm	401.0
6059.51925	7.032749999999396	epochs															feedback_and_iti	401.0
6059.51925	0.9864999999999782	epochs															feedback_delay	401.0
6060.5255	1.981249999999818	epochs															feedback	401.0
6062.56025	3.9917499999992287	epochs															iti	401.0
6066.584	7.074250000000575	epochs															maze	402.0
6066.584	4.848750000000109	epochs															maze_stem	402.0
6066.60925	12.292999999999665	trials	False	True	False	False	False	True	[0.5457804203033447, 0.4542195498943329, 0.32426995038986206, 0.6757300496101379]	0.22151048481464386	0.12994961440563202	0.11075523495674133	-0.0649748146533966	0.5457804203033447	[36147, 36146, 36146, 36146, 36146]	[36188, 36188, 36188, 36187, 36187]		
6071.4535	2.204750000000786	epochs															maze_arm	402.0
6073.6815	5.2022500000002765	epochs															feedback_and_iti	402.0
6073.6815	0.9940000000005966	epochs															feedback_delay	402.0
6074.69125	1.9792500000003201	epochs															feedback	402.0
6076.89525	1.9885000000003856	epochs															iti	402.0
6078.90225	7.1984999999995125	epochs															maze	403.0
6078.90225	5.478750000000218	epochs															maze_stem	403.0
6078.92575	12.411999999999352	trials	False	True	False	True	True	True	[0.7786535620689392, 0.2213464379310608, 0.27805960178375244, 0.7219403982162476]	0.5005939602851868	-0.05671316385269165	0.2502969801425934	-0.028356581926345825	0.7219403982162476	[36220, 36220, 36220, 36220, 36220]	[36263, 36262, 36262, 36262, 36262]		
6084.40325	1.6974999999993088	epochs															maze_arm	403.0
6086.1195	5.1950000000006185	epochs															feedback_and_iti	403.0
6086.1195	0.9812499999998181	epochs															feedback_delay	403.0
6087.12425	1.9790000000002692	epochs															feedback	403.0
6089.32225	1.99225000000024	epochs															iti	403.0
6091.33775	8.447250000000167	epochs															maze	404.0
6091.33775	6.113750000000437	epochs															maze_stem	404.0
6091.36725	13.680999999999585	trials	False	True	False	True	True	True	[0.6449212431907654, 0.3550787568092346, 0.11047466099262238, 0.889525294303894]	0.5344465598464012	0.24460407346487045	0.2672232687473297	0.12230202555656433	0.889525294303894	[36295, 36295, 36295, 36294, 36294]	[36345, 36345, 36344, 36344, 36344]		
6097.47375	2.3112499999997453	epochs															maze_arm	404.0
6099.80075	5.215249999999287	epochs															feedback_and_iti	404.0
6099.80075	0.9969999999993888	epochs															feedback_delay	404.0
6100.81575	1.9774999999999636	epochs															feedback	404.0
6103.0385	1.9774999999999636	epochs															iti	404.0
6105.04825	8.311000000000604	epochs															maze	405.0
6105.04825	5.910499999999956	epochs															maze_stem	405.0
6105.078	13.515249999999469	trials	False	True	False	True	True	True	[0.6051462888717651, 0.39485374093055725, 0.08219040930271149, 0.9178096055984497]	0.522955872118473	0.31266332417726517	0.26147793233394623	0.15633167326450348	0.9178096055984497	[36377, 36377, 36377, 36377, 36376]	[36426, 36426, 36426, 36426, 36425]		
6110.98325	2.3760000000002037	epochs															maze_arm	405.0
6113.37625	5.195749999999862	epochs															feedback_and_iti	405.0
6113.37625	0.9934999999995853	epochs															feedback_delay	405.0
6114.395	1.9732500000000073	epochs															feedback	405.0
6116.6015	1.9705000000003565	epochs															iti	405.0
6118.59325	7.71349999999984	epochs															maze	406.0
6118.59325	5.467749999999796	epochs															maze_stem	406.0
6118.62175	12.928750000000036	trials	True	True	False	True	True	True	[0.586162269115448, 0.4138377606868744, 0.0708012804389, 0.929198682308197]	0.5153609551489353	0.3430364467203617	0.2576804608106613	0.1715182214975357	0.929198682308197	[36458, 36458, 36458, 36458, 36458]	[36504, 36504, 36503, 36503, 36503]		
6124.08025	2.22649999999976	epochs															maze_arm	406.0
6126.32475	5.207250000000386	epochs															feedback_and_iti	406.0
6126.32475	0.9897500000006403	epochs															feedback_delay	406.0
6127.3355	1.9697500000002037	epochs															feedback	406.0
6129.53725	1.99474999999984	epochs															iti	406.0
6131.5505	9.268500000000131	epochs															maze	407.0
6131.5505	7.0294999999996435	epochs															maze_stem	407.0
6131.57625	16.295500000000175	trials	False	True	False	False	True	False	[0.5679988265037537, 0.43200117349624634, 0.06407659500837326, 0.9359233379364014]	0.5039221979677677	0.3679245449602604	-0.2519610822200775	0.18396225571632385	0.43200117349624634	[36536, 36536, 36536, 36536, 36535]	[36591, 36591, 36590, 36590, 36590]		
6138.59875	2.2202500000003056	epochs															maze_arm	407.0
6140.8445	7.004249999999956	epochs															feedback_and_iti	407.0
6140.8445	0.975999999999658	epochs															feedback_delay	407.0
6141.84175	1.9785000000001673	epochs															feedback	407.0
6143.86475	3.9840000000003783	epochs															iti	407.0
6147.87175	7.5479999999997744	epochs															maze	408.0
6147.87175	5.8362499999993815	epochs															maze_stem	408.0
6147.89575	14.597250000000713	trials	False	True	False	True	False	False	[0.4981730580329895, 0.5018269419670105, 0.22461916506290436, 0.7753808498382568]	0.27355390042066574	0.27720778435468674	-0.13677694648504257	-0.13860388845205307	0.22461916506290436	[36634, 36634, 36634, 36633, 36633]	[36678, 36678, 36678, 36678, 36678]		
6153.729	1.6907499999997526	epochs															maze_arm	408.0
6155.444	7.02074999999968	epochs															feedback_and_iti	408.0
6155.444	0.9984999999996944	epochs															feedback_delay	408.0
6156.46175	1.970499999999447	epochs															feedback	408.0
6158.4715	3.993250000000444	epochs															iti	408.0
6162.493	7.929249999999229	epochs															maze	409.0
6162.493	5.857499999999163	epochs															maze_stem	409.0
6162.52	14.972249999999804	trials	False	True	False	True	False	False	[0.6545334458351135, 0.3454665541648865, 0.37510913610458374, 0.624890923500061]	0.2794243395328522	-0.029642552137374878	-0.1397121548652649	0.014821290969848633	0.37510913610458374	[36722, 36721, 36721, 36721, 36721]	[36768, 36768, 36768, 36768, 36767]		
6168.37175	2.0504999999993743	epochs															maze_arm	409.0
6170.44025	7.029250000000502	epochs															feedback_and_iti	409.0
6170.44025	0.9840000000003783	epochs															feedback_delay	409.0
6171.4425	1.9847499999996217	epochs															feedback	409.0
6173.4635	4.006000000000313	epochs															iti	409.0
6177.49225	7.112749999999323	epochs															maze	410.0
6177.49225	5.295999999999367	epochs															maze_stem	410.0
6177.515	12.339249999999993	trials	False	True	False	False	False	True	[0.6736629605293274, 0.3263370394706726, 0.5109198689460754, 0.48908013105392456]	0.16274309158325195	-0.18458282947540283	0.08137154579162598	0.09229141473770142	0.6736629605293274	[36812, 36811, 36811, 36811, 36811]	[36853, 36853, 36853, 36853, 36853]		
6182.81175	1.7932499999997162	epochs															maze_arm	410.0
6184.62675	5.201250000000073	epochs															feedback_and_iti	410.0
6184.62675	0.9852499999997235	epochs															feedback_delay	410.0
6185.62925	1.9772499999999127	epochs															feedback	410.0
6187.83825	1.9897500000006403	epochs															iti	410.0
6189.85425	9.782999999999447	epochs															maze	411.0
6189.85425	7.706249999999272	epochs															maze_stem	411.0
6189.87725	16.83375000000069	trials	False	True	False	True	False	False	[0.8228847980499268, 0.17711521685123444, 0.5802659392356873, 0.41973403096199036]	0.2426188364624977	-0.4031507447361946	-0.12130942940711975	0.201575368642807	0.5802659392356873	[36886, 36886, 36885, 36885, 36885]	[36943, 36943, 36943, 36943, 36943]		
6197.583	2.0542500000001382	epochs															maze_arm	411.0
6199.654	7.034499999999753	epochs															feedback_and_iti	411.0
6199.654	0.9882499999994252	epochs															feedback_delay	411.0
6200.66075	1.9844999999995707	epochs															feedback	411.0
6202.68325	4.00525000000016	epochs															iti	411.0
6206.711	7.1102499999997235	epochs															maze	412.0
6206.711	5.183250000000044	epochs															maze_stem	412.0
6206.7345	12.425500000000284	trials	False	True	False	False	False	True	[0.7669170498847961, 0.23308295011520386, 0.6038329601287842, 0.3961670398712158]	0.16308408975601196	-0.3707500100135803	0.08154204487800598	0.18537500500679016	0.7669170498847961	[36987, 36987, 36986, 36986, 36986]	[37029, 37028, 37028, 37028, 37028]		
6211.91575	1.9054999999998472	epochs															maze_arm	412.0
6213.83925	5.298749999999927	epochs															feedback_and_iti	412.0
6213.83925	0.9844999999995707	epochs															feedback_delay	412.0
6214.8425	1.9885000000003856	epochs															feedback	412.0
6217.141	1.9970000000002983	epochs															iti	412.0
6219.16	7.75774999999976	epochs															maze	413.0
6219.16	5.758249999999862	epochs															maze_stem	413.0
6219.18	13.08849999999984	trials	False	True	False	False	False	True	[0.8822021484375, 0.11779780685901642, 0.6598547697067261, 0.34014520049095154]	0.22234738618135452	-0.5420569553971291	0.11117368936538696	0.27102845907211304	0.8822021484375	[37061, 37061, 37061, 37061, 37061]	[37107, 37107, 37107, 37106, 37106]		
6224.9445	1.9732500000000073	epochs															maze_arm	413.0
6226.93775	5.3034999999999854	epochs															feedback_and_iti	413.0
6226.93775	0.9942499999997381	epochs															feedback_delay	413.0
6227.9565	1.9672499999996944	epochs															feedback	413.0
6230.24825	1.993000000000393	epochs															iti	413.0
6232.2685	7.155499999999847	epochs															maze	414.0
6232.2685	5.285499999999956	epochs															maze_stem	414.0
6232.3015	10.242500000000291	trials	False	True	False	False	False	True	[0.9068623185157776, 0.0931377038359642, 0.6371088027954102, 0.36289122700691223]	0.26975351944565773	-0.5439710952341557	0.13487675786018372	0.27198556065559387	0.9068623185157776	[37140, 37140, 37140, 37139, 37139]	[37182, 37182, 37182, 37181, 37181]		
6237.5795	1.8445000000001528	epochs															maze_arm	414.0
6239.44275	3.101249999999709	epochs															feedback_and_iti	414.0
6239.44275	0.9937499999996362	epochs															feedback_delay	414.0
6240.45375	1.9827500000001237	epochs															feedback	414.0
