onset	duration	nwb_table	is_vis	is_ruleA	is_switch	is_cueB	is_choL	is_correct	association_mat	rule_belief	signed_bias	rule_following	bias_following	prob_actual_cho	trial_onset_plane_frame_idx	trial_offset_plane_frame_idx	epoch_type	trial_id
27.1875	10.450000000000003	epochs															maze	0.0
27.1875	8.480249999999998	epochs															maze_stem	0.0
27.21675	15.687000000000001	trials	True	True	False	True	True	True	[0.4774528741836548, 0.5225471258163452, 0.41709837317466736, 0.5829015970230103]	0.06035448610782623	0.10544873774051666	0.03017723560333252	0.052724361419677734	0.5829015970230103	[102, 102, 102, 101, 101]	[164, 163, 163, 163, 163]		
35.68825	1.9492500000000064	epochs															maze_arm	0.0
37.66475	5.2137500000000045	epochs															feedback_and_iti	0.0
37.66475	0.9897500000000008	epochs															feedback_delay	0.0
38.67325	1.9782499999999956	epochs															feedback	0.0
40.90675	1.9717500000000001	epochs															iti	0.0
42.90375	13.585249999999995	epochs															maze	1.0
42.90375	11.829	epochs															maze_stem	1.0
42.9295	18.805500000000002	trials	False	True	False	True	True	True	[0.478299081325531, 0.5217008590698242, 0.4108200669288635, 0.5891799330711365]	0.06747904419898987	0.11088082194328308	0.03373953700065613	0.05544039607048035	0.5891799330711365	[196, 196, 196, 196, 195]	[277, 276, 276, 276, 276]		
54.755	1.7339999999999947	epochs															maze_arm	1.0
56.50975	5.205750000000002	epochs															feedback_and_iti	1.0
56.50975	0.9860000000000042	epochs															feedback_delay	1.0
57.5155	1.9764999999999944	epochs															feedback	1.0
59.72025	1.9952499999999986	epochs															iti	1.0
61.735	11.72175	epochs															maze	2.0
61.735	10.14125	epochs															maze_stem	2.0
61.753	16.932500000000005	trials	False	True	False	False	False	True	[0.41505733132362366, 0.5849426984786987, 0.212734654545784, 0.7872653007507324]	0.20232263952493668	0.37220800668001175	0.10116133838891983	-0.18610400706529617	0.41505733132362366	[309, 309, 309, 308, 308]	[378, 378, 378, 378, 378]		
71.89575	1.5609999999999928	epochs															maze_arm	2.0
73.47575	5.189499999999995	epochs															feedback_and_iti	2.0
73.47575	0.9897500000000008	epochs															feedback_delay	2.0
74.485	1.9934999999999974	epochs															feedback	2.0
76.72525	1.9399999999999977	epochs															iti	2.0
78.6855	11.5445	epochs															maze	3.0
78.6855	9.743249999999989	epochs															maze_stem	3.0
78.70275	16.73675	trials	True	True	False	False	False	True	[0.6685041189193726, 0.33149591088294983, 0.28971490263938904, 0.7102851271629333]	0.3787892162799835	0.04178100824356079	0.18939460813999176	-0.0208904892206192	0.6685041189193726	[411, 411, 410, 410, 410]	[479, 479, 479, 478, 478]		
88.45075	1.7792500000000047	epochs															maze_arm	3.0
90.249	5.168750000000003	epochs															feedback_and_iti	3.0
90.249	0.9907500000000056	epochs															feedback_delay	3.0
91.25725	1.9779999999999944	epochs															feedback	3.0
93.41775	2.0	epochs															iti	3.0
95.4395	9.593000000000004	epochs															maze	4.0
95.4395	7.774000000000001	epochs															maze_stem	4.0
95.46025	16.64	trials	True	True	False	True	False	False	[0.7179957032203674, 0.2820042669773102, 0.3278335630893707, 0.6721664667129517]	0.3901621699333191	-0.04582926630973816	-0.19508107006549835	0.02291463315486908	0.3278335630893707	[511, 511, 511, 511, 510]	[568, 568, 567, 567, 567]		
103.23475	1.7977499999999935	epochs															maze_arm	4.0
105.0515	7.02525	epochs															feedback_and_iti	4.0
105.0515	0.9832499999999982	epochs															feedback_delay	4.0
106.055	1.9882499999999936	epochs															feedback	4.0
108.07775	3.9990000000000094	epochs															iti	4.0
112.10025	6.894499999999994	epochs															maze	5.0
112.10025	4.4722500000000025	epochs															maze_stem	5.0
112.11975	12.100000000000009	trials	True	True	False	True	True	True	[0.6358064413070679, 0.36419355869293213, 0.47890621423721313, 0.5210938453674316]	0.15690025687217712	-0.11471262574195862	0.07845014333724976	-0.057356297969818115	0.5210938453674316	[611, 611, 611, 610, 610]	[651, 651, 651, 651, 651]		
116.59375	2.4009999999999962	epochs															maze_arm	5.0
119.0125	5.1867500000000035	epochs															feedback_and_iti	5.0
119.0125	0.9862499999999983	epochs															feedback_delay	5.0
120.018	1.9924999999999926	epochs															feedback	5.0
122.21475	1.9845000000000113	epochs															iti	5.0
124.21975	9.130499999999984	epochs															maze	6.0
124.21975	7.153249999999986	epochs															maze_stem	6.0
124.24075	14.324249999999992	trials	False	True	False	True	True	True	[0.6228724122047424, 0.3771275281906128, 0.4437583088874817, 0.5562416315078735]	0.17911410331726074	-0.0666307806968689	0.08955705165863037	-0.033315420150756836	0.5562416315078735	[684, 684, 683, 683, 683]	[738, 737, 737, 737, 737]		
131.39325	1.9569999999999936	epochs															maze_arm	6.0
133.37075	5.170000000000016	epochs															feedback_and_iti	6.0
133.37075	0.9962500000000034	epochs															feedback_delay	6.0
134.3875	1.975999999999999	epochs															feedback	6.0
136.555	1.985749999999996	epochs															iti	6.0
138.565	9.211000000000013	epochs															maze	7.0
138.565	7.2932500000000005	epochs															maze_stem	7.0
138.589	16.259000000000015	trials	True	True	False	True	False	False	[0.5714823603630066, 0.4285176694393158, 0.23088102042675018, 0.7691189646720886]	0.3406013175845146	0.19763662666082382	-0.1703006699681282	-0.09881830960512161	0.23088102042675018	[770, 770, 769, 769, 769]	[824, 824, 824, 823, 823]		
145.878	1.8980000000000246	epochs															maze_arm	7.0
147.795	7.028500000000008	epochs															feedback_and_iti	7.0
147.795	0.9987500000000011	epochs															feedback_delay	7.0
148.812	1.9822499999999934	epochs															feedback	7.0
150.83	3.993499999999983	epochs															iti	7.0
154.848	7.149249999999995	epochs															maze	8.0
154.848	5.533749999999998	epochs															maze_stem	8.0
154.871	12.339749999999981	trials	False	True	False	True	True	True	[0.5871096849441528, 0.41289034485816956, 0.4348886013031006, 0.5651113986968994]	0.15222106873989105	-0.021998271346092224	0.07611052691936493	-0.010999128222465515	0.5651113986968994	[867, 867, 867, 867, 867]	[909, 909, 909, 909, 908]		
160.40125	1.5960000000000036	epochs															maze_arm	8.0
162.017	5.175000000000011	epochs															feedback_and_iti	8.0
162.017	0.9890000000000043	epochs															feedback_delay	8.0
163.02625	1.978999999999985	epochs															feedback	8.0
165.19975	1.9922500000000127	epochs															iti	8.0
167.21075	9.919000000000011	epochs															maze	9.0
167.21075	7.302750000000003	epochs															maze_stem	9.0
167.23075	16.953750000000014	trials	False	True	False	True	False	False	[0.553413987159729, 0.4465859830379486, 0.3126264214515686, 0.6873735785484314]	0.2407875806093216	0.1339595764875412	-0.1203937828540802	-0.0669797956943512	0.3126264214515686	[941, 941, 941, 941, 941]	[1000, 1000, 1000, 999, 999]		
174.5335	2.5962499999999977	epochs															maze_arm	9.0
177.15025	7.013499999999993	epochs															feedback_and_iti	9.0
177.15025	0.9922500000000127	epochs															feedback_delay	9.0
178.161	1.978999999999985	epochs															feedback	9.0
180.17625	3.987499999999983	epochs															iti	9.0
184.1845	6.603999999999985	epochs															maze	10.0
184.1845	4.910999999999973	epochs															maze_stem	10.0
184.205	11.799749999999989	trials	False	True	False	True	True	True	[0.6286715865135193, 0.3713283836841583, 0.5355402231216431, 0.4644598066806793]	0.09313139319419861	-0.16421180963516235	0.0465657114982605	-0.08210590481758118	0.4644598066806793	[1043, 1043, 1043, 1043, 1042]	[1082, 1082, 1081, 1081, 1081]		
189.11325	1.6752500000000055	epochs															maze_arm	10.0
190.8075	5.175749999999994	epochs															feedback_and_iti	10.0
190.8075	0.9877500000000055	epochs															feedback_delay	10.0
191.817	1.9727499999999907	epochs															feedback	10.0
193.98525	1.9979999999999905	epochs															iti	10.0
196.00475	10.551999999999992	epochs															maze	11.0
196.00475	8.28125	epochs															maze_stem	11.0
196.02525	15.738249999999994	trials	False	True	False	False	False	True	[0.5448551774024963, 0.4551447629928589, 0.3767305314540863, 0.6232694387435913]	0.16812466084957123	0.07841424643993378	0.08406232297420502	-0.03920714557170868	0.5448551774024963	[1114, 1114, 1114, 1114, 1113]	[1176, 1176, 1176, 1176, 1176]		
204.304	2.252749999999992	epochs															maze_arm	11.0
206.576	5.167500000000018	epochs															feedback_and_iti	11.0
206.576	0.9882499999999936	epochs															feedback_delay	11.0
207.58475	1.975999999999999	epochs															feedback	11.0
209.76725	1.9762500000000216	epochs															iti	11.0
211.7635	10.934500000000014	epochs															maze	12.0
211.7635	8.142750000000007	epochs															maze_stem	12.0
211.786	17.976499999999987	trials	False	True	False	True	False	False	[0.7690812945365906, 0.23091869056224823, 0.4205693006515503, 0.5794306993484497]	0.3485120013356209	-0.18965060263872147	-0.17425599694252014	0.09482529759407043	0.4205693006515503	[1209, 1208, 1208, 1208, 1208]	[1273, 1273, 1273, 1273, 1272]		
219.926	2.77200000000002	epochs															maze_arm	12.0
222.71725	7.024749999999983	epochs															feedback_and_iti	12.0
222.71725	0.9822499999999934	epochs															feedback_delay	12.0
223.72075	1.9904999999999973	epochs															feedback	12.0
225.753	3.9890000000000043	epochs															iti	12.0
229.7625	6.532250000000005	epochs															maze	13.0
229.7625	4.715000000000003	epochs															maze_stem	13.0
229.78425	11.718000000000018	trials	False	True	False	True	True	True	[0.6853217482566833, 0.31467822194099426, 0.6010490655899048, 0.3989509344100952]	0.08427269756793976	-0.28637082874774933	0.042136356234550476	-0.14318542182445526	0.3989509344100952	[1316, 1316, 1316, 1316, 1316]	[1355, 1355, 1354, 1354, 1354]		
234.497	1.7977499999999793	epochs															maze_arm	13.0
236.314	5.167750000000012	epochs															feedback_and_iti	13.0
236.314	1.0020000000000095	epochs															feedback_delay	13.0
237.339	1.9705000000000155	epochs															feedback	13.0
239.5025	1.9792500000000075	epochs															iti	13.0
241.50225	10.319500000000005	epochs															maze	14.0
241.50225	8.393249999999995	epochs															maze_stem	14.0
241.524	15.503750000000025	trials	False	True	False	False	False	True	[0.6371368169784546, 0.362863153219223, 0.3942900598049164, 0.605709969997406]	0.2428467869758606	-0.03142687678337097	0.1214233785867691	0.015713438391685486	0.6371368169784546	[1387, 1387, 1386, 1386, 1386]	[1448, 1448, 1447, 1447, 1447]		
249.914	1.9077500000000214	epochs															maze_arm	14.0
251.84075	5.1612499999999955	epochs															feedback_and_iti	14.0
251.84075	0.9817499999999768	epochs															feedback_delay	14.0
252.8435	1.9795000000000016	epochs															feedback	14.0
255.01	1.9920000000000186	epochs															iti	14.0
257.02775	11.335249999999974	epochs															maze	15.0
257.02775	8.847249999999974	epochs															maze_stem	15.0
257.048	16.523000000000025	trials	True	True	False	False	False	True	[0.8239279389381409, 0.17607207596302032, 0.44232049584388733, 0.5576795339584351]	0.38160745054483414	-0.2662484124302864	0.19080372154712677	0.1331242173910141	0.8239279389381409	[1480, 1480, 1480, 1479, 1479]	[1547, 1547, 1547, 1546, 1546]		
265.89525	2.4677500000000236	epochs															maze_arm	15.0
268.382	5.168749999999989	epochs															feedback_and_iti	15.0
268.382	0.9947500000000105	epochs															feedback_delay	15.0
269.39675	1.9732500000000073	epochs															feedback	15.0
271.55675	1.9939999999999714	epochs															iti	15.0
273.571	10.376999999999953	epochs															maze	16.0
273.571	8.835249999999974	epochs															maze_stem	16.0
273.59075	15.573499999999967	trials	False	True	False	True	True	True	[0.8274562954902649, 0.1725437045097351, 0.46524518728256226, 0.5347548127174377]	0.36221110820770264	-0.29270148277282715	0.18110555410385132	-0.14635074138641357	0.5347548127174377	[1579, 1579, 1579, 1579, 1578]	[1640, 1640, 1640, 1640, 1640]		
282.42625	1.5217499999999973	epochs															maze_arm	16.0
283.9695	5.176000000000045	epochs															feedback_and_iti	16.0
283.9695	0.9895000000000209	epochs															feedback_delay	16.0
284.979	1.9732500000000073	epochs															feedback	16.0
287.162	1.9835000000000491	epochs															iti	16.0
289.16425	9.563250000000039	epochs															maze	17.0
289.16425	7.268750000000011	epochs															maze_stem	17.0
289.18425	16.60699999999997	trials	False	True	False	False	True	False	[0.72829669713974, 0.27170330286026, 0.24186359345912933, 0.7581363916397095]	0.48643309623003006	0.02983970195055008	-0.24321654438972473	0.014919847249984741	0.27170330286026	[1673, 1672, 1672, 1672, 1672]	[1729, 1729, 1729, 1728, 1728]		
296.4535	2.274000000000001	epochs															maze_arm	17.0
298.749	7.020749999999964	epochs															feedback_and_iti	17.0
298.749	0.9969999999999573	epochs															feedback_delay	17.0
299.76775	1.9677500000000236	epochs															feedback	17.0
301.796	3.9737499999999955	epochs															iti	17.0
305.79125	6.9184999999999945	epochs															maze	18.0
305.79125	5.302000000000021	epochs															maze_stem	18.0
305.80975	13.973749999999995	trials	False	True	False	False	True	False	[0.47108492255210876, 0.5289151072502136, 0.2129065990447998, 0.7870934009552002]	0.25817830860614777	0.3160084933042526	-0.1290891468524933	0.1580042541027069	0.5289151072502136	[1772, 1772, 1772, 1772, 1772]	[1813, 1813, 1812, 1812, 1812]		
311.115	1.5947499999999764	epochs															maze_arm	18.0
312.733	7.029999999999973	epochs															feedback_and_iti	18.0
312.733	0.9922500000000127	epochs															feedback_delay	18.0
313.74575	1.9852500000000077	epochs															feedback	18.0
315.76925	3.9937499999999773	epochs															iti	18.0
319.7835	13.3245	epochs															maze	19.0
319.7835	11.084749999999985	epochs															maze_stem	19.0
319.80375	20.36500000000001	trials	False	True	False	False	True	False	[0.39861172437667847, 0.6013882160186768, 0.24034269154071808, 0.7596573233604431]	0.15826907008886337	0.36104556173086166	-0.07913455367088318	0.18052276968955994	0.6013882160186768	[1856, 1856, 1856, 1856, 1855]	[1935, 1935, 1935, 1935, 1934]		
330.88825	2.2197499999999764	epochs															maze_arm	19.0
333.128	7.019749999999988	epochs															feedback_and_iti	19.0
333.128	0.9907499999999914	epochs															feedback_delay	19.0
334.13925	1.9844999999999686	epochs															feedback	19.0
336.16325	3.9844999999999686	epochs															iti	19.0
340.16875	7.282250000000033	epochs															maze	20.0
340.16875	5.309000000000026	epochs															maze_stem	20.0
340.189	14.333249999999964	trials	False	True	False	False	True	False	[0.3675564229488373, 0.6324436068534851, 0.26090341806411743, 0.7390965819358826]	0.10665298998355865	0.3715401738882065	-0.05332648754119873	0.18577009439468384	0.6324436068534851	[1978, 1978, 1978, 1978, 1978]	[2021, 2021, 2021, 2021, 2020]		
345.49975	1.951250000000016	epochs															maze_arm	20.0
347.47	7.029999999999973	epochs															feedback_and_iti	20.0
347.47	0.9884999999999877	epochs															feedback_delay	20.0
348.47975	1.9872499999999604	epochs															feedback	20.0
350.5095	3.9904999999999973	epochs															iti	20.0
354.52225	6.8040000000000305	epochs															maze	21.0
354.52225	4.73150000000004	epochs															maze_stem	21.0
354.5425	12.008249999999975	trials	True	True	False	True	True	True	[0.35259178280830383, 0.6474081873893738, 0.27579399943351746, 0.7242060303688049]	0.07679781317710876	0.3716142177581787	0.038398921489715576	0.18580710887908936	0.7242060303688049	[2065, 2064, 2064, 2064, 2064]	[2104, 2104, 2104, 2104, 2104]		
359.27375	2.052500000000009	epochs															maze_arm	21.0
361.3455	5.185249999999996	epochs															feedback_and_iti	21.0
361.3455	1.0007499999999823	epochs															feedback_delay	21.0
362.368	1.958500000000015	epochs															feedback	21.0
364.54175	1.9890000000000327	epochs															iti	21.0
366.55075	10.70350000000002	epochs															maze	22.0
366.55075	8.568750000000023	epochs															maze_stem	22.0
366.571	17.751999999999953	trials	True	True	False	True	False	False	[0.4551006853580475, 0.5448992848396301, 0.3031645119190216, 0.6968355178833008]	0.15193620324134827	0.2417348027229309	-0.07596808671951294	-0.12086740136146545	0.3031645119190216	[2137, 2136, 2136, 2136, 2136]	[2200, 2200, 2199, 2199, 2199]		
375.13875	2.1154999999999973	epochs															maze_arm	22.0
377.27375	7.0260000000000105	epochs															feedback_and_iti	22.0
377.27375	0.989750000000015	epochs															feedback_delay	22.0
378.2825	1.9804999999999495	epochs															feedback	22.0
380.30625	3.99350000000004	epochs															iti	22.0
384.323	7.954250000000002	epochs															maze	23.0
384.323	5.591499999999996	epochs															maze_stem	23.0
384.34275	13.139749999999992	trials	True	True	False	True	True	True	[0.5617967844009399, 0.43820318579673767, 0.5245921611785889, 0.47540783882141113]	0.03720463812351227	-0.08638896048069	0.01860232651233673	-0.0431944876909256	0.47540783882141113	[2243, 2243, 2243, 2243, 2242]	[2290, 2290, 2290, 2289, 2289]		
389.934	2.343249999999955	epochs															maze_arm	23.0
392.29825	5.163499999999999	epochs															feedback_and_iti	23.0
392.29825	0.9832499999999982	epochs															feedback_delay	23.0
393.30075	1.978749999999991	epochs															feedback	23.0
395.47375	1.9879999999999995	epochs															iti	23.0
397.4825	11.74475000000001	epochs															maze	24.0
397.4825	9.875249999999994	epochs															maze_stem	24.0
397.50275	16.9375	trials	True	True	False	False	False	True	[0.49098753929138184, 0.5090124607086182, 0.4707672595977783, 0.5292327404022217]	0.020220279693603516	0.038245201110839844	0.010110139846801758	-0.019122600555419922	0.49098753929138184	[2322, 2322, 2322, 2321, 2321]	[2392, 2391, 2391, 2391, 2391]		
407.377	1.8502500000000168	epochs															maze_arm	24.0
409.24625	5.174250000000029	epochs															feedback_and_iti	24.0
409.24625	0.9937500000000341	epochs															feedback_delay	24.0
410.257	1.985749999999996	epochs															feedback	24.0
412.429	1.9915000000000305	epochs															iti	24.0
414.44025	12.624750000000006	epochs															maze	25.0
414.44025	10.530500000000018	epochs															maze_stem	25.0
414.4585	17.813999999999965	trials	True	True	False	False	False	True	[0.6453636288642883, 0.35463637113571167, 0.47149908542633057, 0.5285008549690247]	0.17386451363563538	-0.11686274409294128	0.08693227171897888	0.05843135714530945	0.6453636288642883	[2424, 2424, 2423, 2423, 2423]	[2498, 2498, 2498, 2498, 2498]		
424.98975	2.0752499999999827	epochs															maze_arm	25.0
427.08425	5.168000000000006	epochs															feedback_and_iti	25.0
427.08425	0.9927500000000009	epochs															feedback_delay	25.0
428.09725	1.983000000000004	epochs															feedback	25.0
430.25625	1.995999999999981	epochs															iti	25.0
432.2725	11.967750000000024	epochs															maze	26.0
432.2725	10.029750000000035	epochs															maze_stem	26.0
432.292	17.180500000000052	trials	True	True	False	False	False	True	[0.6669952273368835, 0.33300477266311646, 0.4841712415218353, 0.5158287882804871]	0.1828240007162094	-0.15116645395755768	0.09141199290752411	0.07558323442935944	0.6669952273368835	[2531, 2530, 2530, 2530, 2530]	[2601, 2601, 2601, 2601, 2601]		
442.3215	1.9187499999999886	epochs															maze_arm	26.0
444.258	5.194000000000017	epochs															feedback_and_iti	26.0
444.258	0.9940000000000282	epochs															feedback_delay	26.0
445.27125	1.9705000000000155	epochs															feedback	26.0
447.452	2.0	epochs															iti	26.0
449.4725	10.977499999999964	epochs															maze	27.0
449.4725	9.234749999999963	epochs															maze_stem	27.0
449.49275	16.16149999999999	trials	False	True	False	True	True	True	[0.7070711851119995, 0.2929287552833557, 0.4832893908023834, 0.5167105793952942]	0.22378180921077728	-0.19036062061786652	0.11189091205596924	-0.09518033266067505	0.5167105793952942	[2634, 2634, 2633, 2633, 2633]	[2699, 2698, 2698, 2698, 2698]		
458.7275	1.7224999999999682	epochs															maze_arm	27.0
460.46775	5.165499999999952	epochs															feedback_and_iti	27.0
460.46775	0.9824999999999591	epochs															feedback_delay	27.0
461.47125	1.988999999999976	epochs															feedback	27.0
463.65825	1.974999999999966	epochs															iti	27.0
465.65425	10.577499999999986	epochs															maze	28.0
465.65425	8.360749999999996	epochs															maze_stem	28.0
465.675	17.620499999999993	trials	False	True	False	True	False	False	[0.5977868437767029, 0.40221312642097473, 0.27082425355911255, 0.7291756868362427]	0.32696257531642914	0.131388857960701	-0.16348129510879517	-0.06569445133209229	0.27082425355911255	[2731, 2731, 2730, 2730, 2730]	[2793, 2793, 2793, 2793, 2792]		
474.035	2.196749999999952	epochs															maze_arm	28.0
476.252	7.019749999999988	epochs															feedback_and_iti	28.0
476.252	0.9844999999999686	epochs															feedback_delay	28.0
477.2575	1.989750000000015	epochs															feedback	28.0
479.28325	3.9884999999999877	epochs															iti	28.0
483.2955	6.232500000000016	epochs															maze	29.0
483.2955	4.5120000000000005	epochs															maze_stem	29.0
483.315	11.401499999999999	trials	False	True	False	True	True	True	[0.6288914084434509, 0.3711085915565491, 0.5060829520225525, 0.4939170777797699]	0.12280847132205963	-0.13497434556484222	0.06140424311161041	-0.06748716533184052	0.4939170777797699	[2837, 2836, 2836, 2836, 2836]	[2873, 2873, 2873, 2872, 2872]		
487.82725	1.7007500000000277	epochs															maze_arm	29.0
489.54875	5.148000000000025	epochs															feedback_and_iti	29.0
489.54875	0.9830000000000041	epochs															feedback_delay	29.0
490.55225	1.979249999999979	epochs															feedback	29.0
492.706	1.9907499999999914	epochs															iti	29.0
494.7165	10.762249999999995	epochs															maze	30.0
494.7165	9.014250000000004	epochs															maze_stem	30.0
494.73825	17.811500000000024	trials	False	True	False	True	False	False	[0.5740223526954651, 0.4259776771068573, 0.3606652021408081, 0.6393347978591919]	0.2133571356534958	0.065312460064888	-0.10667857527732849	-0.0326562225818634	0.3606652021408081	[2905, 2905, 2905, 2904, 2904]	[2969, 2968, 2968, 2968, 2968]		
503.7515	1.7272499999999695	epochs															maze_arm	30.0
505.49925	7.029749999999979	epochs															feedback_and_iti	30.0
505.49925	0.98599999999999	epochs															feedback_delay	30.0
506.50575	1.992999999999995	epochs															feedback	30.0
508.53725	3.9917500000000246	epochs															iti	30.0
512.54975	6.760249999999928	epochs															maze	31.0
512.54975	4.962750000000028	epochs															maze_stem	31.0
512.57	11.963499999999954	trials	False	True	False	True	True	True	[0.6178086400032043, 0.38219135999679565, 0.5587731599807739, 0.44122686982154846]	0.059035494923591614	-0.17658178508281708	0.029517754912376404	-0.08829088509082794	0.44122686982154846	[3012, 3012, 3012, 3011, 3011]	[3052, 3051, 3051, 3051, 3051]		
517.53325	1.7767499999999927	epochs															maze_arm	31.0
519.32975	5.1827500000000555	epochs															feedback_and_iti	31.0
519.32975	0.9937499999999773	epochs															feedback_delay	31.0
520.34625	1.982499999999959	epochs															feedback	31.0
522.52425	1.9882499999999936	epochs															iti	31.0
524.5335	10.860750000000053	epochs															maze	32.0
524.5335	8.903749999999945	epochs															maze_stem	32.0
524.553	16.04124999999999	trials	True	True	False	False	False	True	[0.5532026290893555, 0.44679734110832214, 0.38817262649536133, 0.6118273735046387]	0.16503001749515533	0.05862472951412201	0.08251500129699707	-0.0293123722076416	0.5532026290893555	[3084, 3084, 3083, 3083, 3083]	[3148, 3148, 3148, 3147, 3147]		
533.4565	1.937750000000051	epochs															maze_arm	32.0
535.41175	5.161000000000058	epochs															feedback_and_iti	32.0
535.41175	0.9927500000000009	epochs															feedback_delay	32.0
536.42625	1.9692499999999882	epochs															feedback	32.0
538.59	1.98275000000001	epochs															iti	32.0
540.59425	10.316249999999968	epochs															maze	33.0
540.59425	8.535750000000007	epochs															maze_stem	33.0
540.6145	15.511250000000018	trials	False	True	False	True	True	True	[0.7470172643661499, 0.2529827058315277, 0.4614681303501129, 0.5385318398475647]	0.285549134016037	-0.2084854245185852	0.1427745670080185	-0.1042427271604538	0.5385318398475647	[3180, 3180, 3180, 3180, 3179]	[3241, 3241, 3241, 3240, 3240]		
549.15025	1.7602499999999281	epochs															maze_arm	33.0
550.93275	5.169499999999971	epochs															feedback_and_iti	33.0
550.93275	0.9962499999999181	epochs															feedback_delay	33.0
551.95025	1.97300000000007	epochs															feedback	33.0
554.11075	1.9914999999999736	epochs															iti	33.0
556.12575	10.479499999999916	epochs															maze	34.0
556.12575	8.506999999999948	epochs															maze_stem	34.0
556.147	15.686999999999898	trials	True	True	False	False	False	True	[0.6220780611038208, 0.3779219090938568, 0.27301153540611267, 0.7269884943962097]	0.3490665555000305	0.10491040349006653	0.17453326284885406	-0.052455201745033264	0.6220780611038208	[3273, 3273, 3273, 3273, 3272]	[3335, 3335, 3335, 3335, 3334]		
564.652	1.9532499999999118	epochs															maze_arm	34.0
566.62475	5.188250000000039	epochs															feedback_and_iti	34.0
566.62475	0.9890000000000327	epochs															feedback_delay	34.0
567.633	1.9902499999999463	epochs															feedback	34.0
569.827	1.98599999999999	epochs															iti	34.0
571.834	9.222250000000031	epochs															maze	35.0
571.834	7.568250000000035	epochs															maze_stem	35.0
571.85525	14.425250000000005	trials	False	True	False	False	False	True	[0.7637026906013489, 0.23629727959632874, 0.35598212480545044, 0.6440178155899048]	0.40772055089473724	-0.1196848601102829	0.20386028289794922	0.05984240770339966	0.7637026906013489	[3367, 3367, 3367, 3367, 3367]	[3422, 3422, 3421, 3421, 3421]		
579.422	1.6342499999999518	epochs															maze_arm	35.0
581.07625	5.184000000000083	epochs															feedback_and_iti	35.0
581.07625	0.9950000000000045	epochs															feedback_delay	35.0
582.0915	1.9835000000000491	epochs															feedback	35.0
584.283	1.9772500000000264	epochs															iti	35.0
586.2805	9.17450000000008	epochs															maze	36.0
586.2805	7.475000000000023	epochs															maze_stem	36.0
586.301	14.337499999999977	trials	False	True	False	False	False	True	[0.7853584289550781, 0.2146415412425995, 0.3601563572883606, 0.6398435831069946]	0.42520205676555634	-0.1455148309469223	0.21260103583335876	0.07275739312171936	0.7853584289550781	[3454, 3454, 3454, 3453, 3453]	[3508, 3508, 3508, 3507, 3507]		
593.778	1.677000000000021	epochs															maze_arm	36.0
595.475	5.141999999999939	epochs															feedback_and_iti	36.0
595.475	0.9997499999999491	epochs															feedback_delay	36.0
596.496	1.9595000000000482	epochs															feedback	36.0
598.6655	1.95150000000001	epochs															iti	36.0
600.6385	9.670499999999947	epochs															maze	37.0
600.6385	7.967249999999922	epochs															maze_stem	37.0
600.66	14.862500000000068	trials	True	True	False	True	True	True	[0.812756359577179, 0.18724365532398224, 0.36308151483535767, 0.6369184851646423]	0.4496748372912407	-0.17583786696195602	0.22483741492033005	-0.08791892975568771	0.6369184851646423	[3540, 3540, 3540, 3540, 3539]	[3597, 3597, 3597, 3597, 3596]		
608.62625	1.6827499999999418	epochs															maze_arm	37.0
610.329	5.171750000000088	epochs															feedback_and_iti	37.0
610.329	0.9992500000000746	epochs															feedback_delay	37.0
611.3475	1.9710000000000036	epochs															feedback	37.0
613.50675	1.9940000000000282	epochs															iti	37.0
615.5225	8.914499999999975	epochs															maze	38.0
615.5225	7.4424999999999955	epochs															maze_stem	38.0
615.543	14.106999999999971	trials	False	True	False	False	False	True	[0.7806657552719116, 0.219334214925766, 0.281981498003006, 0.7180184721946716]	0.49868425726890564	-0.06264728307723999	0.24934212863445282	0.0313236266374588	0.7806657552719116	[3629, 3629, 3629, 3629, 3629]	[3682, 3682, 3681, 3681, 3681]		
622.98875	1.44825000000003	epochs															maze_arm	38.0
624.462	5.166500000000042	epochs															feedback_and_iti	38.0
624.462	0.9882499999999936	epochs															feedback_delay	38.0
625.47025	1.9832499999999982	epochs															feedback	38.0
627.643	1.9855000000000018	epochs															iti	38.0
629.65	13.64549999999997	epochs															maze	39.0
629.65	11.76150000000007	epochs															maze_stem	39.0
629.66875	18.84699999999998	trials	True	True	False	False	False	True	[0.8138684630393982, 0.1861315816640854, 0.2746697962284088, 0.7253302335739136]	0.5391986593604088	-0.08853822201490402	0.2695993334054947	0.0442691296339035	0.8138684630393982	[3714, 3714, 3714, 3713, 3713]	[3795, 3795, 3795, 3794, 3794]		
641.4315	1.863999999999919	epochs															maze_arm	39.0
643.3135	5.180500000000052	epochs															feedback_and_iti	39.0
643.3135	0.98700000000008	epochs															feedback_delay	39.0
644.319	1.9915000000000873	epochs															feedback	39.0
646.4975	1.9965000000000828	epochs															iti	39.0
648.51575	10.67599999999993	epochs															maze	40.0
648.51575	9.009999999999991	epochs															maze_stem	40.0
648.53825	15.854750000000081	trials	False	True	False	False	False	True	[0.8498907685279846, 0.150109201669693, 0.3077380955219269, 0.6922618746757507]	0.5421526730060577	-0.1576288938522339	0.27107633650302887	0.07881443202495575	0.8498907685279846	[3827, 3827, 3827, 3827, 3826]	[3890, 3890, 3890, 3890, 3889]		
657.55125	1.6404999999999745	epochs															maze_arm	40.0
659.20975	5.161500000000046	epochs															feedback_and_iti	40.0
659.20975	0.9930000000000518	epochs															feedback_delay	40.0
660.223	1.97300000000007	epochs															feedback	40.0
662.38375	1.9875000000000682	epochs															iti	40.0
664.393	10.04099999999994	epochs															maze	41.0
664.393	8.293000000000006	epochs															maze_stem	41.0
664.41225	15.24425000000008	trials	False	True	False	False	False	True	[0.839421808719635, 0.16057822108268738, 0.2941075563430786, 0.7058924436569214]	0.5453142374753952	-0.13352935016155243	0.2726571261882782	0.06676468253135681	0.839421808719635	[3922, 3922, 3922, 3922, 3922]	[3982, 3981, 3981, 3981, 3981]		
672.70575	1.7282500000000027	epochs															maze_arm	41.0
674.4555	5.180499999999938	epochs															feedback_and_iti	41.0
674.4555	0.9807499999999436	epochs															feedback_delay	41.0
675.4575	1.9925000000000637	epochs															feedback	41.0
677.64825	1.9877500000000055	epochs															iti	41.0
679.6565	10.410249999999905	epochs															maze	42.0
679.6565	8.80099999999993	epochs															maze_stem	42.0
679.67725	15.590000000000032	trials	False	True	False	False	False	True	[0.8525821566581726, 0.1474178433418274, 0.2958192527294159, 0.7041807174682617]	0.5567628890275955	-0.1484014242887497	0.27838145196437836	0.07420070469379425	0.8525821566581726	[4014, 4014, 4013, 4013, 4013]	[4075, 4075, 4075, 4075, 4075]		
688.478	1.5887500000000045	epochs															maze_arm	42.0
690.0865	5.160499999999956	epochs															feedback_and_iti	42.0
690.0865	0.9922500000000127	epochs															feedback_delay	42.0
691.0995	1.9779999999999518	epochs															feedback	42.0
693.2635	1.9834999999999354	epochs															iti	42.0
695.26725	10.966999999999985	epochs															maze	43.0
695.26725	9.086250000000064	epochs															maze_stem	43.0
695.2885	16.159250000000043	trials	False	True	False	False	False	True	[0.8583006262779236, 0.1416993886232376, 0.294941782951355, 0.705058217048645]	0.563358835875988	-0.15324240177869797	0.2816794216632843	0.07662120461463928	0.8583006262779236	[4107, 4107, 4107, 4107, 4107]	[4172, 4172, 4172, 4172, 4171]		
704.377	1.8572500000000218	epochs															maze_arm	43.0
706.25425	5.173000000000002	epochs															feedback_and_iti	43.0
706.25425	0.9980000000000473	epochs															feedback_delay	43.0
707.277	1.9722499999999172	epochs															feedback	43.0
709.4355	1.9917499999999109	epochs															iti	43.0
711.44775	12.546749999999975	epochs															maze	44.0
711.44775	10.714249999999993	epochs															maze_stem	44.0
711.466	17.754249999999956	trials	False	True	False	True	True	True	[0.8643697500228882, 0.13563032448291779, 0.2952214479446411, 0.7047785520553589]	0.5691482648253441	-0.1595911607146263	0.28457411378622055	-0.07979556173086166	0.7047785520553589	[4204, 4204, 4204, 4204, 4204]	[4279, 4279, 4278, 4278, 4278]		
722.1835	1.8110000000000355	epochs															maze_arm	44.0
724.01725	5.179250000000025	epochs															feedback_and_iti	44.0
724.01725	0.9797499999999673	epochs															feedback_delay	44.0
725.016	1.9985000000000355	epochs															feedback	44.0
727.21025	1.986250000000041	epochs															iti	44.0
729.22025	10.924750000000017	epochs															maze	45.0
729.22025	9.202750000000037	epochs															maze_stem	45.0
729.24325	16.119249999999965	trials	True	True	False	True	True	True	[0.8422614932060242, 0.15773852169513702, 0.1840590089559555, 0.8159410357475281]	0.6582024991512299	-0.026320472359657288	0.3291012570261955	-0.01316022127866745	0.8159410357475281	[4311, 4311, 4311, 4310, 4310]	[4376, 4375, 4375, 4375, 4375]		
738.44225	1.7027500000000373	epochs															maze_arm	45.0
740.16375	5.170999999999935	epochs															feedback_and_iti	45.0
740.16375	0.9824999999999591	epochs															feedback_delay	45.0
741.16525	1.9850000000000136	epochs															feedback	45.0
743.34975	1.9850000000000136	epochs															iti	45.0
745.3625	9.600000000000023	epochs															maze	46.0
745.3625	8.059500000000071	epochs															maze_stem	46.0
745.383	14.802249999999958	trials	False	True	False	False	False	True	[0.8337438106536865, 0.16625618934631348, 0.18617293238639832, 0.8138270974159241]	0.6475708931684494	-0.019916728138923645	0.3237854391336441	0.00995837152004242	0.8337438106536865	[4408, 4408, 4407, 4407, 4407]	[4464, 4464, 4464, 4464, 4464]		
753.442	1.52049999999997	epochs															maze_arm	46.0
754.98275	5.181500000000028	epochs															feedback_and_iti	46.0
754.98275	0.9800000000000182	epochs															feedback_delay	46.0
755.98425	2.0	epochs															feedback	46.0
758.19	1.9742499999999836	epochs															iti	46.0
760.18525	10.141750000000002	epochs															maze	47.0
760.18525	8.538000000000011	epochs															maze_stem	47.0
760.2065	15.308250000000044	trials	False	True	False	True	True	True	[0.8073757290840149, 0.1926242858171463, 0.19145822525024414, 0.8085417747497559]	0.6159174963831902	0.0011660531163215637	0.3079587444663048	0.0005830302834510803	0.8085417747497559	[4497, 4496, 4496, 4496, 4496]	[4557, 4556, 4556, 4556, 4556]		
768.7435	1.5834999999999582	epochs															maze_arm	47.0
770.34875	5.1472499999999854	epochs															feedback_and_iti	47.0
770.34875	1.0	epochs															feedback_delay	47.0
771.372	1.9585000000000719	epochs															feedback	47.0
773.52775	1.9682500000000118	epochs															iti	47.0
775.51475	10.00249999999994	epochs															maze	48.0
775.51475	7.720749999999953	epochs															maze_stem	48.0
775.535	17.02825000000007	trials	True	True	False	True	False	False	[0.824652373790741, 0.17534758150577545, 0.13322028517723083, 0.8667796850204468]	0.6914320960640907	0.042127303779125214	-0.34571604430675507	-0.0210636705160141	0.13322028517723083	[4589, 4588, 4588, 4588, 4588]	[4648, 4647, 4647, 4647, 4647]		
783.25525	2.2619999999999436	epochs															maze_arm	48.0
785.53675	7.007749999999987	epochs															feedback_and_iti	48.0
785.53675	0.9840000000000373	epochs															feedback_delay	48.0
786.53975	1.9839999999999236	epochs															feedback	48.0
788.55825	3.9862499999999272	epochs															iti	48.0
792.56325	6.390999999999963	epochs															maze	49.0
792.56325	4.744249999999965	epochs															maze_stem	49.0
792.58325	13.429750000000013	trials	False	True	False	False	True	False	[0.6808391809463501, 0.3191608190536499, 0.26459363102912903, 0.7354063391685486]	0.4162455350160599	0.05456717312335968	-0.20812276005744934	0.027283579111099243	0.3191608190536499	[4691, 4691, 4690, 4690, 4690]	[4728, 4728, 4728, 4728, 4727]		
797.32925	1.625	epochs															maze_arm	49.0
798.97625	7.017749999999978	epochs															feedback_and_iti	49.0
798.97625	0.9799999999999045	epochs															feedback_delay	49.0
799.97775	1.9887499999999818	epochs															feedback	49.0
802.01	3.9840000000000373	epochs															iti	49.0
806.013	5.87074999999993	epochs															maze	50.0
806.013	4.292249999999967	epochs															maze_stem	50.0
806.0335	11.063499999999976	trials	False	True	False	False	False	True	[0.5500585436820984, 0.4499414563179016, 0.2344740778207779, 0.7655258774757385]	0.3155844435095787	0.21546735614538193	0.15779223293066025	-0.10773368924856186	0.5500585436820984	[4771, 4771, 4771, 4771, 4771]	[4806, 4806, 4805, 4805, 4805]		
810.3245	1.55925000000002	epochs															maze_arm	50.0
811.9055	5.171000000000049	epochs															feedback_and_iti	50.0
811.9055	1.0	epochs															feedback_delay	50.0
812.92775	1.972250000000031	epochs															feedback	50.0
815.09425	1.9822500000000218	epochs															iti	50.0
817.097	10.458750000000009	epochs															maze	51.0
817.097	8.79200000000003	epochs															maze_stem	51.0
817.11525	15.663250000000062	trials	False	True	False	False	False	True	[0.8021792769432068, 0.1978207230567932, 0.2694132328033447, 0.7305867671966553]	0.5327660441398621	-0.07159250974655151	0.26638302206993103	0.03579625487327576	0.8021792769432068	[4838, 4838, 4837, 4837, 4837]	[4900, 4899, 4899, 4899, 4899]		
825.909	1.6467499999999973	epochs															maze_arm	51.0
827.58075	5.177000000000021	epochs															feedback_and_iti	51.0
827.58075	0.9830000000000609	epochs															feedback_delay	51.0
828.5845	1.9844999999999118	epochs															feedback	51.0
830.82475	1.9329999999999927	epochs															iti	51.0
832.7785	10.380999999999972	epochs															maze	52.0
832.7785	8.830500000000029	epochs															maze_stem	52.0
832.79925	15.57549999999992	trials	False	True	False	False	False	True	[0.8303940296173096, 0.16960600018501282, 0.2866288721561432, 0.7133710980415344]	0.543765127658844	-0.11702290177345276	0.2718825787305832	0.05851145088672638	0.8303940296173096	[4932, 4932, 4932, 4931, 4931]	[4993, 4993, 4993, 4993, 4992]		
841.632	1.5275000000000318	epochs															maze_arm	52.0
843.17875	5.170499999999947	epochs															feedback_and_iti	52.0
843.17875	0.9900000000000091	epochs															feedback_delay	52.0
844.189	1.9790000000000418	epochs															feedback	52.0
846.35825	1.9909999999999854	epochs															iti	52.0
848.37475	9.408750000000055	epochs															maze	53.0
848.37475	7.4640000000000555	epochs															maze_stem	53.0
848.3945	14.58624999999995	trials	True	True	False	False	False	True	[0.8481196165084839, 0.15188036859035492, 0.2900521755218506, 0.7099478244781494]	0.5580674484372139	-0.13817179948091507	0.27903372049331665	0.06908589601516724	0.8481196165084839	[5025, 5025, 5025, 5025, 5025]	[5081, 5081, 5081, 5080, 5080]		
855.8575	1.9260000000000446	epochs															maze_arm	53.0
857.80325	5.156749999999988	epochs															feedback_and_iti	53.0
857.80325	1.0	epochs															feedback_delay	53.0
858.82175	1.9612500000000637	epochs															feedback	53.0
860.96475	1.9952500000000555	epochs															iti	53.0
862.98075	9.9285000000001	epochs															maze	54.0
862.98075	8.113750000000095	epochs															maze_stem	54.0
863.001	15.136250000000018	trials	True	True	False	False	False	True	[0.8723490834236145, 0.1276508867740631, 0.30857372283935547, 0.6914263367652893]	0.5637754052877426	-0.18092279136180878	0.2818876802921295	0.09046140313148499	0.8723490834236145	[5113, 5113, 5113, 5112, 5112]	[5172, 5171, 5171, 5171, 5171]		
871.11225	1.7970000000000255	epochs															maze_arm	54.0
872.92875	5.188499999999976	epochs															feedback_and_iti	54.0
872.92875	0.9972500000000082	epochs															feedback_delay	54.0
873.94525	1.9807500000000573	epochs															feedback	54.0
876.16425	1.9529999999999745	epochs															iti	54.0
878.13725	10.292749999999955	epochs															maze	55.0
878.13725	8.564250000000015	epochs															maze_stem	55.0
878.15725	15.481250000000045	trials	True	True	False	False	False	True	[0.8660129308700562, 0.13398708403110504, 0.3019319772720337, 0.6980680227279663]	0.5640809461474419	-0.16794490069150925	0.28204047679901123	0.08397245407104492	0.8660129308700562	[5204, 5204, 5203, 5203, 5203]	[5265, 5264, 5264, 5264, 5264]		
886.7195	1.7104999999999109	epochs															maze_arm	55.0
888.44925	5.167249999999967	epochs															feedback_and_iti	55.0
888.44925	0.9922500000000127	epochs															feedback_delay	55.0
889.46175	1.9764999999999873	epochs															feedback	55.0
891.62375	1.992750000000001	epochs															iti	55.0
893.6385	9.523000000000025	epochs															maze	56.0
893.6385	8.040499999999952	epochs															maze_stem	56.0
893.65875	14.713249999999903	trials	False	True	False	False	False	True	[0.8698065876960754, 0.13019338250160217, 0.3051280975341797, 0.6948719620704651]	0.5646785348653793	-0.17493467032909393	0.2823392450809479	0.08746734261512756	0.8698065876960754	[5297, 5297, 5296, 5296, 5296]	[5353, 5353, 5353, 5352, 5352]		
901.6985	1.4630000000000791	epochs															maze_arm	56.0
903.181	5.164499999999975	epochs															feedback_and_iti	56.0
903.181	0.9974999999999454	epochs															feedback_delay	56.0
904.19975	1.9667500000000473	epochs															feedback	56.0
906.35825	1.9872500000000173	epochs															iti	56.0
908.372	9.791249999999991	epochs															maze	57.0
908.372	7.967750000000024	epochs															maze_stem	57.0
908.39375	14.989750000000072	trials	True	True	False	True	True	True	[0.8579031825065613, 0.14209681749343872, 0.2947300672531128, 0.7052699327468872]	0.5631731152534485	-0.15263324975967407	0.28158655762672424	-0.07631662487983704	0.7052699327468872	[5385, 5385, 5385, 5385, 5384]	[5443, 5443, 5442, 5442, 5442]		
916.3605	1.8027499999999463	epochs															maze_arm	57.0
918.18225	5.177999999999997	epochs															feedback_and_iti	57.0
918.18225	0.9820000000000846	epochs															feedback_delay	57.0
919.1865	1.9912499999999227	epochs															feedback	57.0
921.359	2.0012499999999136	epochs															iti	57.0
923.3835	11.26299999999992	epochs															maze	58.0
923.3835	8.31499999999994	epochs															maze_stem	58.0
923.4065	16.430999999999926	trials	False	True	False	True	True	True	[0.834865391254425, 0.16513460874557495, 0.24142850935459137, 0.758571445941925]	0.5934368595480919	-0.07629392296075821	0.29671841859817505	-0.03814697265625	0.758571445941925	[5475, 5475, 5475, 5475, 5474]	[5542, 5542, 5541, 5541, 5541]		
931.718	2.9284999999999854	epochs															maze_arm	58.0
934.66625	5.150499999999965	epochs															feedback_and_iti	58.0
934.66625	0.9802499999999554	epochs															feedback_delay	58.0
935.66625	1.9880000000000564	epochs															feedback	58.0
937.8295	1.9872499999999036	epochs															iti	58.0
939.8375	16.801500000000033	epochs															maze	59.0
939.8375	14.262749999999983	epochs															maze_stem	59.0
939.85775	22.01049999999998	trials	False	True	False	True	True	True	[0.7826294898986816, 0.21737048029899597, 0.14876051247119904, 0.8512395024299622]	0.6338689997792244	0.06860999017953873	0.3169345110654831	0.034304991364479065	0.8512395024299622	[5574, 5574, 5573, 5573, 5573]	[5674, 5673, 5673, 5673, 5673]		
954.119	2.519999999999982	epochs															maze_arm	59.0
956.6595	5.176249999999982	epochs															feedback_and_iti	59.0
956.6595	0.9817500000000337	epochs															feedback_delay	59.0
957.6615	1.9807499999999436	epochs															feedback	59.0
959.83125	2.0045000000000073	epochs															iti	59.0
961.86825	10.288250000000062	epochs															maze	60.0
961.86825	7.329500000000053	epochs															maze_stem	60.0
961.89025	15.483999999999924	trials	True	True	False	True	True	True	[0.7831571698188782, 0.21684281527996063, 0.12581868469715118, 0.87418133020401]	0.6573385000228882	0.09102414548397064	0.3286692574620247	0.04551207274198532	0.87418133020401	[5706, 5706, 5705, 5705, 5705]	[5767, 5766, 5766, 5766, 5766]		
969.216	2.9405000000000427	epochs															maze_arm	60.0
972.1755	5.169999999999959	epochs															feedback_and_iti	60.0
972.1755	0.9949999999998909	epochs															feedback_delay	60.0
973.1905	1.9774999999999636	epochs															feedback	60.0
975.34875	1.99675000000002	epochs															iti	60.0
977.37425	7.975000000000023	epochs															maze	61.0
977.37425	6.521250000000009	epochs															maze_stem	61.0
977.39725	13.158500000000004	trials	False	True	False	False	False	True	[0.7594017386436462, 0.24059824645519257, 0.143301323056221, 0.8566986322402954]	0.616100400686264	0.09729690849781036	0.3080502077937126	-0.048648469150066376	0.7594017386436462	[5799, 5799, 5798, 5798, 5798]	[5846, 5846, 5845, 5845, 5845]		
983.91625	1.4329999999999927	epochs															maze_arm	61.0
985.3675	5.167750000000069	epochs															feedback_and_iti	61.0
985.3675	0.9927500000000009	epochs															feedback_delay	61.0
986.38075	1.9747499999999718	epochs															feedback	61.0
988.55425	1.9809999999999945	epochs															iti	61.0
990.55575	8.527249999999981	epochs															maze	62.0
990.55575	6.959249999999997	epochs															maze_stem	62.0
990.576	13.720500000000015	trials	False	True	False	False	False	True	[0.7825093269348145, 0.21749064326286316, 0.14858853816986084, 0.8514114618301392]	0.6339208036661148	0.06890211999416351	0.3169603943824768	-0.034451067447662354	0.7825093269348145	[5878, 5878, 5877, 5877, 5877]	[5928, 5928, 5928, 5927, 5927]		
997.535	1.5480000000000018	epochs															maze_arm	62.0
999.103	5.1720000000000255	epochs															feedback_and_iti	62.0
999.103	0.9897500000000719	epochs															feedback_delay	62.0
1000.113	1.9789999999999281	epochs															feedback	62.0
1002.2905	1.9845000000000255	epochs															iti	62.0
1004.2965	11.569250000000011	epochs															maze	63.0
1004.2965	9.213750000000005	epochs															maze_stem	63.0
1004.316	16.764249999999947	trials	False	True	False	True	True	True	[0.8296857476234436, 0.1703142523765564, 0.16933661699295044, 0.8306633830070496]	0.6603491306304932	0.000977635383605957	0.3301745653152466	0.0004888176918029785	0.8306633830070496	[5960, 5960, 5960, 5960, 5959]	[6029, 6028, 6028, 6028, 6028]		
1013.534	2.3317500000000564	epochs															maze_arm	63.0
1015.885	5.173250000000053	epochs															feedback_and_iti	63.0
1015.885	0.9872500000000173	epochs															feedback_delay	63.0
1016.89275	1.9802500000000691	epochs															feedback	63.0
1019.0595	1.9987500000000864	epochs															iti	63.0
1021.08025	11.236499999999978	epochs															maze	64.0
1021.08025	9.231500000000096	epochs															maze_stem	64.0
1021.101	16.428749999999923	trials	True	True	False	False	False	True	[0.8178258538246155, 0.1821741759777069, 0.12297297269105911, 0.8770269751548767]	0.6948528401553631	0.059201162308454514	0.3474264405667782	-0.029600586742162704	0.8178258538246155	[6061, 6061, 6060, 6060, 6060]	[6127, 6127, 6127, 6127, 6127]		
1030.33125	1.9855000000000018	epochs															maze_arm	64.0
1032.336	5.173000000000002	epochs															feedback_and_iti	64.0
1032.336	0.9964999999999691	epochs															feedback_delay	64.0
1033.35225	1.975500000000011	epochs															feedback	64.0
1035.51625	1.9927500000001146	epochs															iti	64.0
1037.52975	7.827750000000151	epochs															maze	65.0
1037.52975	6.326000000000022	epochs															maze_stem	65.0
1037.55025	13.0150000000001	trials	False	True	False	False	False	True	[0.8669559955596924, 0.13304403424263, 0.19111484289169312, 0.8088851571083069]	0.6758411377668381	-0.058070823550224304	0.33792057633399963	0.02903541922569275	0.8669559955596924	[6160, 6159, 6159, 6159, 6159]	[6206, 6205, 6205, 6205, 6205]		
1043.87725	1.4802500000000691	epochs															maze_arm	65.0
1045.37975	5.164499999999862	epochs															feedback_and_iti	65.0
1045.37975	0.9884999999999309	epochs															feedback_delay	65.0
1046.3885	1.9735000000000582	epochs															feedback	65.0
1048.564	1.9802499999998417	epochs															iti	65.0
1050.56525	10.342999999999847	epochs															maze	66.0
1050.56525	8.927749999999833	epochs															maze_stem	66.0
1050.586	15.532999999999902	trials	False	True	False	False	False	True	[0.8423486948013306, 0.15765132009983063, 0.1750594824552536, 0.8249405026435852]	0.6672891974449158	-0.017408177256584167	0.3336446061730385	0.008704088628292084	0.8423486948013306	[6238, 6237, 6237, 6237, 6237]	[6299, 6299, 6298, 6298, 6298]		
1059.51275	1.3954999999998563	epochs															maze_arm	66.0
1060.9275	5.166999999999916	epochs															feedback_and_iti	66.0
1060.9275	0.9922500000000127	epochs															feedback_delay	66.0
1061.94	1.97524999999996	epochs															feedback	66.0
1064.09775	1.99675000000002	epochs															iti	66.0
1066.119	11.246250000000146	epochs															maze	67.0
1066.119	9.389250000000175	epochs															maze_stem	67.0
1066.14225	18.284749999999804	trials	False	True	False	True	False	False	[0.8455227017402649, 0.15447737276554108, 0.17506690323352814, 0.8249331116676331]	0.6704557687044144	-0.020589560270309448	-0.3352278992533684	0.010294802486896515	0.17506690323352814	[6331, 6331, 6331, 6330, 6330]	[6397, 6397, 6397, 6397, 6397]		
1075.5285	1.8367500000001655	epochs															maze_arm	67.0
1077.38675	7.019750000000158	epochs															feedback_and_iti	67.0
1077.38675	0.9809999999999945	epochs															feedback_delay	67.0
1078.38925	1.9909999999999854	epochs															feedback	67.0
1080.421	3.985500000000002	epochs															iti	67.0
1084.427	7.292000000000144	epochs															maze	68.0
1084.427	4.707499999999982	epochs															maze_stem	68.0
1084.4475	12.484750000000076	trials	False	True	False	True	True	True	[0.7269490361213684, 0.2730509340763092, 0.3050139248371124, 0.69498610496521]	0.42193514108657837	-0.031962960958480835	0.21096758544445038	-0.015981480479240417	0.69498610496521	[6441, 6440, 6440, 6440, 6440]	[6483, 6483, 6483, 6483, 6483]		
1089.15475	2.564250000000129	epochs															maze_arm	68.0
1091.73925	5.173000000000002	epochs															feedback_and_iti	68.0
1091.73925	0.9832499999999982	epochs															feedback_delay	68.0
1092.74325	1.9877500000000055	epochs															feedback	68.0
1095.17825	1.734000000000151	epochs															iti	68.0
1096.93225	10.571749999999838	epochs															maze	69.0
1096.93225	8.96699999999987	epochs															maze_stem	69.0
1096.9525	15.774749999999813	trials	False	True	False	False	False	True	[0.8183926939964294, 0.18160730600357056, 0.24277400970458984, 0.7572259902954102]	0.5756186842918396	-0.06116670370101929	0.2878093421459198	0.030583351850509644	0.8183926939964294	[6516, 6515, 6515, 6515, 6515]	[6578, 6578, 6578, 6577, 6577]		
1105.9175	1.5864999999998872	epochs															maze_arm	69.0
1107.5225	5.184999999999945	epochs															feedback_and_iti	69.0
1107.5225	0.9962499999999181	epochs															feedback_delay	69.0
1108.53975	1.9815000000000964	epochs															feedback	69.0
1110.71	1.9974999999999454	epochs															iti	69.0
1112.72725	10.822499999999991	epochs															maze	70.0
1112.72725	8.759000000000015	epochs															maze_stem	70.0
1112.7465	16.012500000000045	trials	True	True	False	True	True	True	[0.87321937084198, 0.1267806589603424, 0.2595929205417633, 0.7404071092605591]	0.6136264503002167	-0.1328122615814209	0.30681322515010834	-0.06640611588954926	0.7404071092605591	[6610, 6610, 6610, 6610, 6610]	[6674, 6674, 6674, 6674, 6674]		
1121.50525	2.044499999999971	epochs															maze_arm	70.0
1123.56925	5.161249999999882	epochs															feedback_and_iti	70.0
1123.56925	0.98174999999992	epochs															feedback_delay	70.0
1124.5685	1.9857499999998254	epochs															feedback	70.0
1126.74725	1.9832499999999982	epochs															iti	70.0
1128.759	10.333249999999907	epochs															maze	71.0
1128.759	8.17574999999988	epochs															maze_stem	71.0
1128.78225	15.540250000000015	trials	True	True	False	True	True	True	[0.8250537514686584, 0.17494623363018036, 0.21739177405834198, 0.782608151435852]	0.6076619476079941	-0.04244557023048401	0.30383095890283585	-0.021222807466983795	0.782608151435852	[6706, 6706, 6706, 6706, 6706]	[6768, 6767, 6767, 6767, 6767]		
1136.95425	2.13799999999992	epochs															maze_arm	71.0
1139.1135	5.188750000000027	epochs															feedback_and_iti	71.0
1139.1135	0.98050000000012	epochs															feedback_delay	71.0
1140.1145	1.9962500000001455	epochs															feedback	71.0
1142.31725	1.9849999999999	epochs															iti	71.0
1144.3225	10.371000000000095	epochs															maze	72.0
1144.3225	7.501749999999902	epochs															maze_stem	72.0
1144.3435	17.408500000000004	trials	False	True	False	True	False	False	[0.776761531829834, 0.2232385128736496, 0.19078883528709412, 0.8092111349105835]	0.5859726592898369	0.032449640333652496	-0.29298634827136993	-0.01622481644153595	0.19078883528709412	[6800, 6800, 6799, 6799, 6799]	[6861, 6861, 6861, 6860, 6860]		
1151.8445	2.84900000000016	epochs															maze_arm	72.0
1154.71375	7.0177500000002055	epochs															feedback_and_iti	72.0
1154.71375	0.9800000000000182	epochs															feedback_delay	72.0
1155.714	1.9837500000001	epochs															feedback	72.0
1157.76025	3.9712500000000546	epochs															iti	72.0
1161.752	6.389750000000049	epochs															maze	73.0
1161.752	4.565500000000156	epochs															maze_stem	73.0
1161.7705	11.610500000000002	trials	False	True	False	True	True	True	[0.6940385699272156, 0.3059614598751068, 0.4038585126399994, 0.5961414575576782]	0.2901800274848938	-0.09789708256721497	0.1450899988412857	-0.04894854128360748	0.5961414575576782	[6904, 6904, 6904, 6904, 6903]	[6942, 6941, 6941, 6941, 6941]		
1166.3375	1.8042499999999109	epochs															maze_arm	73.0
1168.1615	5.197250000000167	epochs															feedback_and_iti	73.0
1168.1615	0.9867500000000291	epochs															feedback_delay	73.0
1169.168	1.990750000000162	epochs															feedback	73.0
1171.36725	1.9915000000000873	epochs															iti	73.0
1173.381	9.36024999999995	epochs															maze	74.0
1173.381	7.716999999999871	epochs															maze_stem	74.0
1173.40125	16.405250000000024	trials	False	True	False	True	False	False	[0.7632156014442444, 0.23678435385227203, 0.3077194392681122, 0.6922805309295654]	0.4554961696267128	-0.07093507796525955	-0.2277480810880661	0.035467520356178284	0.3077194392681122	[6974, 6974, 6974, 6973, 6973]	[7029, 7029, 7029, 7029, 7028]		
1181.11825	1.6230000000000473	epochs															maze_arm	74.0
1182.76225	7.022500000000036	epochs															feedback_and_iti	74.0
1182.76225	0.9892500000000837	epochs															feedback_delay	74.0
1183.7705	1.9864999999999782	epochs															feedback	74.0
1185.7965	3.9882500000001073	epochs															iti	74.0
1189.8065	6.2430000000001655	epochs															maze	75.0
1189.8065	4.855250000000069	epochs															maze_stem	75.0
1189.82925	11.431250000000091	trials	False	True	False	False	False	True	[0.7258122563362122, 0.27418771386146545, 0.5188737511634827, 0.48112621903419495]	0.2069385051727295	-0.2446860373020172	0.10346925258636475	0.12234300374984741	0.7258122563362122	[7072, 7072, 7072, 7072, 7072]	[7109, 7109, 7109, 7108, 7108]		
1194.6825	1.3670000000001892	epochs															maze_arm	75.0
1196.0715	5.167999999999893	epochs															feedback_and_iti	75.0
1196.0715	0.993750000000091	epochs															feedback_delay	75.0
1197.09025	1.9742499999999836	epochs															feedback	75.0
1199.278	1.9614999999998872	epochs															iti	75.0
1201.2605	11.310999999999922	epochs															maze	76.0
1201.2605	9.592249999999922	epochs															maze_stem	76.0
1201.28075	16.510750000000144	trials	True	True	False	True	True	True	[0.8885676264762878, 0.11143242567777634, 0.5186230540275574, 0.4813769459724426]	0.3699445463716984	-0.4071906544268131	0.18497226014733315	-0.20359531417489052	0.4813769459724426	[7141, 7141, 7141, 7141, 7140]	[7208, 7208, 7208, 7207, 7207]		
1210.8705	1.7010000000000218	epochs															maze_arm	76.0
1212.59175	5.179499999999962	epochs															feedback_and_iti	76.0
1212.59175	0.9959999999998672	epochs															feedback_delay	76.0
1213.60725	1.9837499999998727	epochs															feedback	76.0
1215.7815	1.9897499999999582	epochs															iti	76.0
1217.7915	9.436249999999973	epochs															maze	77.0
1217.7915	7.924499999999853	epochs															maze_stem	77.0
1217.81125	14.618249999999989	trials	False	True	False	True	True	True	[0.8151275515556335, 0.18487240374088287, 0.40312638878822327, 0.5968735814094543]	0.4120011702179909	-0.2182539775967598	0.20600058883428574	-0.10912700742483139	0.5968735814094543	[7240, 7240, 7240, 7240, 7239]	[7296, 7296, 7296, 7295, 7295]		
1225.7365	1.4912500000000364	epochs															maze_arm	77.0
1227.25075	5.15825000000018	epochs															feedback_and_iti	77.0
1227.25075	0.9945000000000164	epochs															feedback_delay	77.0
1228.26625	1.9695000000001528	epochs															feedback	77.0
1230.434	1.9750000000001364	epochs															iti	77.0
1232.4295	8.434999999999945	epochs															maze	78.0
1232.4295	6.586250000000064	epochs															maze_stem	78.0
1232.4505	15.477750000000015	trials	False	True	False	True	False	False	[0.7557626962661743, 0.24423730373382568, 0.21219795942306519, 0.7878020405769348]	0.5435647368431091	0.0320393443107605	-0.27178236842155457	-0.01601967215538025	0.21219795942306519	[7328, 7328, 7328, 7327, 7327]	[7378, 7377, 7377, 7377, 7377]		
1239.0355	1.8289999999999509	epochs															maze_arm	78.0
1240.88425	7.023749999999836	epochs															feedback_and_iti	78.0
1240.88425	0.9959999999998672	epochs															feedback_delay	78.0
1241.909	1.9644999999998163	epochs															feedback	78.0
1243.91225	3.9957499999998163	epochs															iti	78.0
1247.92825	6.858500000000049	epochs															maze	79.0
1247.92825	4.8527500000000146	epochs															maze_stem	79.0
1247.95025	12.054999999999836	trials	False	True	False	True	True	True	[0.7194409370422363, 0.2805590033531189, 0.4543839395046234, 0.545616090297699]	0.2650570422410965	-0.17382489144802094	0.13252854347229004	-0.08691245317459106	0.545616090297699	[7421, 7421, 7421, 7420, 7420]	[7461, 7461, 7461, 7461, 7460]		
1252.80525	1.9815000000000964	epochs															maze_arm	79.0
1254.80825	5.176749999999856	epochs															feedback_and_iti	79.0
1254.80825	0.984749999999849	epochs															feedback_delay	79.0
1255.814	1.9869999999998527	epochs															feedback	79.0
1257.99075	1.9942499999999654	epochs															iti	79.0
1260.00525	9.77975000000015	epochs															maze	80.0
1260.00525	7.923250000000053	epochs															maze_stem	80.0
1260.02425	16.818500000000085	trials	False	True	False	True	False	False	[0.7359569668769836, 0.26404309272766113, 0.3452766239643097, 0.6547234058380127]	0.39068032801151276	-0.08123354613780975	-0.19534017145633698	0.04061679542064667	0.3452766239643097	[7493, 7493, 7493, 7493, 7493]	[7551, 7551, 7551, 7550, 7550]		
1267.94875	1.8362500000000637	epochs															maze_arm	80.0
1269.80475	7.017249999999876	epochs															feedback_and_iti	80.0
1269.80475	0.99350000000004	epochs															feedback_delay	80.0
1270.817	1.9732500000000073	epochs															feedback	80.0
1272.82925	3.9927499999998872	epochs															iti	80.0
1276.84275	7.180749999999989	epochs															maze	81.0
1276.84275	4.510749999999916	epochs															maze_stem	81.0
1276.86525	14.211999999999989	trials	True	True	False	False	True	False	[0.7235652804374695, 0.27643468976020813, 0.5491192936897278, 0.4508807361125946]	0.1744460165500641	-0.27268457412719727	-0.08722302317619324	-0.13634228706359863	0.27643468976020813	[7594, 7594, 7594, 7594, 7594]	[7636, 7636, 7636, 7636, 7636]		
1281.37125	2.6522500000000946	epochs															maze_arm	81.0
1284.045	7.011250000000018	epochs															feedback_and_iti	81.0
1284.045	0.9837499999998727	epochs															feedback_delay	81.0
1285.04825	1.9829999999999472	epochs															feedback	81.0
1287.06625	3.990000000000009	epochs															iti	81.0
1291.07725	6.243749999999864	epochs															maze	82.0
1291.07725	4.248749999999973	epochs															maze_stem	82.0
1291.09725	11.421249999999873	trials	False	True	False	True	True	True	[0.6156302690505981, 0.3843696713447571, 0.4080752730369568, 0.5919247269630432]	0.20755502581596375	-0.02370557188987732	0.10377752780914307	-0.011852800846099854	0.5919247269630432	[7680, 7679, 7679, 7679, 7679]	[7716, 7716, 7716, 7716, 7715]		
1295.3455	1.975500000000011	epochs															maze_arm	82.0
1297.3405	5.156999999999925	epochs															feedback_and_iti	82.0
1297.3405	0.9987499999999727	epochs															feedback_delay	82.0
1298.36025	1.962500000000091	epochs															feedback	82.0
1300.5085	1.9890000000000327	epochs															iti	82.0
1302.5185	10.190000000000055	epochs															maze	83.0
1302.5185	8.112250000000131	epochs															maze_stem	83.0
1302.53925	15.370999999999867	trials	False	True	False	False	False	True	[0.6380398273468018, 0.36196020245552063, 0.3098044991493225, 0.6901955008506775]	0.32823531329631805	0.052155688405036926	0.16411766409873962	-0.026077836751937866	0.6380398273468018	[7748, 7748, 7748, 7748, 7747]	[7808, 7808, 7808, 7808, 7808]		
1310.654	2.054499999999962	epochs															maze_arm	83.0
1312.7265	5.163250000000062	epochs															feedback_and_iti	83.0
1312.7265	0.9837500000001	epochs															feedback_delay	83.0
1313.731	1.9835000000000491	epochs															feedback	83.0
1315.90325	1.9864999999999782	epochs															iti	83.0
1317.91025	8.838250000000016	epochs															maze	84.0
1317.91025	7.017250000000104	epochs															maze_stem	84.0
1317.93025	14.030250000000024	trials	False	True	False	False	False	True	[0.8223928809165955, 0.17760717868804932, 0.32766208052635193, 0.6723378896713257]	0.49473075568675995	-0.1500549465417862	0.24736540019512177	0.0750274807214737	0.8223928809165955	[7841, 7840, 7840, 7840, 7840]	[7893, 7892, 7892, 7892, 7892]		
1324.94775	1.80074999999988	epochs															maze_arm	84.0
1326.767	5.1717499999999745	epochs															feedback_and_iti	84.0
1326.767	0.9859999999998763	epochs															feedback_delay	84.0
1327.77225	1.9929999999999382	epochs															feedback	84.0
1329.956	1.9827500000001237	epochs															iti	84.0
1331.9605	9.365999999999985	epochs															maze	85.0
1331.9605	7.572499999999991	epochs															maze_stem	85.0
1331.98325	14.5625	trials	False	True	False	False	False	True	[0.8312320113182068, 0.1687680035829544, 0.3463142216205597, 0.6536857485771179]	0.4849177673459053	-0.17754624038934708	0.24245889484882355	0.08877311646938324	0.8312320113182068	[7925, 7925, 7924, 7924, 7924]	[7980, 7980, 7980, 7979, 7979]		
1339.553	1.7734999999997854	epochs															maze_arm	85.0
1341.3485	5.176999999999907	epochs															feedback_and_iti	85.0
1341.3485	0.9794999999999163	epochs															feedback_delay	85.0
1342.35075	1.9869999999998527	epochs															feedback	85.0
1344.5315	1.9939999999999145	epochs															iti	85.0
1346.54575	9.195249999999987	epochs															maze	86.0
1346.54575	6.9435000000000855	epochs															maze_stem	86.0
1346.566	14.391750000000002	trials	True	True	False	True	True	True	[0.8465995788574219, 0.15340039134025574, 0.3541322648525238, 0.6458677649497986]	0.49246734380722046	-0.20073184370994568	0.24623368680477142	-0.10036592185497284	0.6458677649497986	[8012, 8012, 8012, 8012, 8011]	[8066, 8066, 8066, 8066, 8066]		
1353.5085	2.2325000000000728	epochs															maze_arm	86.0
1355.76025	5.177500000000009	epochs															feedback_and_iti	86.0
1355.76025	0.9925000000000637	epochs															feedback_delay	86.0
1356.77225	1.9729999999999563	epochs															feedback	86.0
1358.9385	1.9992500000000746	epochs															iti	86.0
1360.95775	9.028999999999996	epochs															maze	87.0
1360.95775	7.256249999999909	epochs															maze_stem	87.0
1360.97775	14.211499999999887	trials	True	True	False	False	False	True	[0.8042177557945251, 0.19578222930431366, 0.2878669202327728, 0.7121331095695496]	0.5163508579134941	-0.09208466857671738	0.25817541778087616	0.04604233801364899	0.8042177557945251	[8099, 8098, 8098, 8098, 8098]	[8152, 8152, 8151, 8151, 8151]		
1368.2335	1.75324999999998	epochs															maze_arm	87.0
1370.00675	5.16274999999996	epochs															feedback_and_iti	87.0
1370.00675	0.9960000000000946	epochs															feedback_delay	87.0
1371.0205	1.9710000000000036	epochs															feedback	87.0
1373.182	1.9874999999999545	epochs															iti	87.0
1375.18925	10.600250000000187	epochs															maze	88.0
1375.18925	8.591499999999996	epochs															maze_stem	88.0
1375.20875	15.786749999999984	trials	True	True	False	True	True	True	[0.8650458455085754, 0.13495419919490814, 0.3141684830188751, 0.6858314871788025]	0.5508773252367973	-0.17921432107686996	0.2754386439919472	-0.08960715681314468	0.6858314871788025	[8184, 8184, 8184, 8183, 8183]	[8247, 8246, 8246, 8246, 8246]		
1383.79975	1.9897500000001855	epochs															maze_arm	88.0
1385.8095	5.165499999999838	epochs															feedback_and_iti	88.0
1385.8095	0.9842499999999745	epochs															feedback_delay	88.0
1386.81275	1.9829999999999472	epochs															feedback	88.0
1388.9905	1.984499999999798	epochs															iti	88.0
1390.9955	10.273249999999962	epochs															maze	89.0
1390.9955	8.540250000000015	epochs															maze_stem	89.0
1391.01575	15.460250000000087	trials	False	True	False	False	False	True	[0.7672696113586426, 0.23273038864135742, 0.23100432753562927, 0.7689957022666931]	0.5362652987241745	0.0017260760068893433	0.26813264191150665	-0.0008630305528640747	0.7672696113586426	[8279, 8279, 8278, 8278, 8278]	[8339, 8339, 8339, 8339, 8339]		
1399.558	1.7107499999999618	epochs															maze_arm	89.0
1401.29125	5.164749999999913	epochs															feedback_and_iti	89.0
1401.29125	0.9922500000000127	epochs															feedback_delay	89.0
1402.304	1.9764999999999873	epochs															feedback	89.0
1404.4615	1.9945000000000164	epochs															iti	89.0
1406.476	9.878999999999905	epochs															maze	90.0
1406.476	8.19549999999981	epochs															maze_stem	90.0
1406.496	15.062999999999874	trials	False	True	False	True	True	True	[0.8502602577209473, 0.14973978698253632, 0.2216353416442871, 0.7783646583557129]	0.6286248937249184	-0.07189557701349258	0.3143124356865883	-0.0359477773308754	0.7783646583557129	[8372, 8371, 8371, 8371, 8371]	[8430, 8430, 8429, 8429, 8429]		
1414.692	1.663000000000011	epochs															maze_arm	90.0
1416.3735	5.164250000000038	epochs															feedback_and_iti	90.0
1416.3735	0.993750000000091	epochs															feedback_delay	90.0
1417.3875	1.9735000000000582	epochs															feedback	90.0
1419.55525	1.9825000000000728	epochs															iti	90.0
1421.559	8.742750000000115	epochs															maze	91.0
1421.559	7.083499999999958	epochs															maze_stem	91.0
1421.5795	15.780499999999847	trials	False	True	False	False	True	False	[0.7829582095146179, 0.21704183518886566, 0.16148462891578674, 0.8385154008865356]	0.6214735731482506	0.05555719882249832	-0.310736782848835	0.027778618037700653	0.21704183518886566	[8462, 8462, 8462, 8461, 8461]	[8513, 8513, 8513, 8513, 8513]		
1428.66225	1.6394999999999982	epochs															maze_arm	91.0
1430.3205	7.016499999999951	epochs															feedback_and_iti	91.0
1430.3205	0.9845000000000255	epochs															feedback_delay	91.0
1431.324	1.981999999999971	epochs															feedback	91.0
1433.34275	3.9942499999999654	epochs															iti	91.0
1437.36	6.651500000000169	epochs															maze	92.0
1437.36	5.025750000000016	epochs															maze_stem	92.0
1437.383	13.692000000000007	trials	False	True	False	False	True	False	[0.5046255588531494, 0.4953744411468506, 0.1308688521385193, 0.8691311478614807]	0.3737567067146301	0.3645055890083313	-0.18687835335731506	0.18225279450416565	0.4953744411468506	[8557, 8557, 8556, 8556, 8556]	[8596, 8595, 8595, 8595, 8595]		
1442.4075	1.6040000000000418	epochs															maze_arm	92.0
1444.0325	7.0222499999999854	epochs															feedback_and_iti	92.0
1444.0325	0.9990000000000236	epochs															feedback_delay	92.0
1445.053	1.9712499999998272	epochs															feedback	92.0
1447.06375	3.9909999999999854	epochs															iti	92.0
1451.075	20.785499999999956	epochs															maze	93.0
1451.075	18.688249999999925	epochs															maze_stem	93.0
1451.09625	25.977750000000015	trials	False	True	False	False	False	True	[0.4149339199066162, 0.5850660800933838, 0.15501606464385986, 0.8449839949607849]	0.25991788506507874	0.4300500452518463	0.12995892763137817	-0.21502500772476196	0.4149339199066162	[8639, 8639, 8639, 8638, 8638]	[8763, 8762, 8762, 8762, 8762]		
1469.783	2.0775000000001	epochs															maze_arm	93.0
1471.88025	5.174750000000131	epochs															feedback_and_iti	93.0
1471.88025	0.9892500000000837	epochs															feedback_delay	93.0
1472.89025	1.9847500000000764	epochs															feedback	93.0
1475.065	1.990000000000009	epochs															iti	93.0
1477.074	9.706249999999955	epochs															maze	94.0
1477.074	8.173999999999978	epochs															maze_stem	94.0
1477.09425	14.895749999999907	trials	False	True	False	False	False	True	[0.6942813396453857, 0.30571863055229187, 0.2126726359128952, 0.7873274087905884]	0.4816087409853935	0.09304603189229965	0.24080435186624527	-0.04652301222085953	0.6942813396453857	[8795, 8795, 8794, 8794, 8794]	[8852, 8852, 8852, 8851, 8851]		
1485.27575	1.5045000000000073	epochs															maze_arm	94.0
1486.80125	5.168249999999944	epochs															feedback_and_iti	94.0
1486.80125	0.9862499999999272	epochs															feedback_delay	94.0
1487.8075	1.987500000000182	epochs															feedback	94.0
1489.9905	1.9789999999998145	epochs															iti	94.0
1491.99	11.112249999999904	epochs															maze	95.0
1491.99	9.759499999999889	epochs															maze_stem	95.0
1492.00975	16.317999999999984	trials	True	True	False	False	False	True	[0.7842094302177429, 0.21579061448574066, 0.23852495849132538, 0.7614749670028687]	0.5456844121217728	-0.022734403610229492	0.27284223586320877	0.01136719435453415	0.7842094302177429	[8884, 8884, 8884, 8884, 8883]	[8950, 8950, 8950, 8949, 8949]		
1501.7675	1.3347499999999854	epochs															maze_arm	95.0
1503.12175	5.179750000000013	epochs															feedback_and_iti	95.0
1503.12175	0.9900000000000091	epochs															feedback_delay	95.0
1504.13275	1.9774999999999636	epochs															feedback	95.0
1506.298	2.003500000000031	epochs															iti	95.0
1508.32775	9.556749999999965	epochs															maze	96.0
1508.32775	7.766500000000178	epochs															maze_stem	96.0
1508.348	14.742999999999938	trials	True	True	False	True	True	True	[0.824575662612915, 0.17542430758476257, 0.2541068196296692, 0.745893120765686]	0.5704688280820847	-0.07868252694606781	0.28523440659046173	-0.039341285824775696	0.745893120765686	[8982, 8982, 8982, 8982, 8981]	[9039, 9038, 9038, 9038, 9038]		
1516.1145	1.7699999999999818	epochs															maze_arm	96.0
1517.904	5.167500000000018	epochs															feedback_and_iti	96.0
1517.904	0.9842499999999745	epochs															feedback_delay	96.0
1518.90875	1.9872499999999036	epochs															feedback	96.0
1521.08725	1.9842499999999745	epochs															iti	96.0
1523.091	11.757250000000113	epochs															maze	97.0
1523.091	9.497250000000122	epochs															maze_stem	97.0
1523.11075	18.800250000000005	trials	True	True	False	True	False	False	[0.7475230693817139, 0.25247690081596375, 0.1997530311346054, 0.8002469539642334]	0.5477700456976891	0.052723877131938934	-0.27388501912355423	-0.026361949741840363	0.1997530311346054	[9071, 9071, 9070, 9070, 9070]	[9140, 9140, 9140, 9140, 9139]		
1532.6075	2.2407499999999345	epochs															maze_arm	97.0
1534.869	7.019750000000158	epochs															feedback_and_iti	97.0
1534.869	0.9915000000000873	epochs															feedback_delay	97.0
1535.87825	1.9857500000000528	epochs															feedback	97.0
1537.9035	3.9852500000001783	epochs															iti	97.0
1541.911	7.255750000000035	epochs															maze	98.0
1541.911	4.992250000000013	epochs															maze_stem	98.0
1541.93175	14.318750000000136	trials	True	True	False	True	False	False	[0.6314353346824646, 0.3685646951198578, 0.3611832559108734, 0.6388167142868042]	0.2702520489692688	0.007381409406661987	-0.1351260393857956	-0.0036907047033309937	0.3611832559108734	[9184, 9183, 9183, 9183, 9183]	[9226, 9226, 9226, 9225, 9225]		
1546.92175	2.2450000000001182	epochs															maze_arm	98.0
1549.187	7.040000000000191	epochs															feedback_and_iti	98.0
1549.187	0.9785000000001673	epochs															feedback_delay	98.0
1550.189	1.9994999999998981	epochs															feedback	98.0
1552.2325	3.9945000000000164	epochs															iti	98.0
1556.2505	8.627250000000004	epochs															maze	99.0
1556.2505	6.954749999999876	epochs															maze_stem	99.0
1556.269	13.815000000000055	trials	False	True	False	False	False	True	[0.6887885332107544, 0.3112115263938904, 0.6208140254020691, 0.3791860044002533]	0.06797449290752411	-0.3096025139093399	0.03398725390434265	0.15480127930641174	0.6887885332107544	[9270, 9269, 9269, 9269, 9269]	[9320, 9320, 9320, 9320, 9319]		
1563.22375	1.6539999999999964	epochs															maze_arm	99.0
1564.89725	5.163250000000062	epochs															feedback_and_iti	99.0
1564.89725	0.9925000000000637	epochs															feedback_delay	99.0
1565.91025	1.9830000000001746	epochs															feedback	99.0
1568.07675	1.9837500000001	epochs															iti	99.0
1570.084	12.94399999999996	epochs															maze	100.0
1570.084	10.881750000000011	epochs															maze_stem	100.0
1570.10625	18.11674999999991	trials	False	False	True	True	False	True	[0.8395589590072632, 0.16044096648693085, 0.5996009707450867, 0.4003990590572357]	0.2399580404162407	-0.43915995210409164	-0.11997899413108826	0.21957996487617493	0.5996009707450867	[9352, 9352, 9352, 9352, 9352]	[9429, 9429, 9429, 9429, 9428]		
1580.98525	2.042750000000069	epochs															maze_arm	100.0
1583.04775	5.15625	epochs															feedback_and_iti	100.0
1583.04775	0.9877500000000055	epochs															feedback_delay	100.0
1584.0585	1.9822499999997945	epochs															feedback	100.0
1586.221	1.9829999999999472	epochs															iti	100.0
1588.223	9.389249999999947	epochs															maze	101.0
1588.223	6.723500000000058	epochs															maze_stem	101.0
1588.24275	14.579750000000104	trials	True	False	False	False	True	True	[0.8633508682250977, 0.13664908707141876, 0.7667173147201538, 0.2332826554775238]	0.09663356095552444	-0.6300682201981544	-0.04831678420305252	-0.3150341287255287	0.13664908707141876	[9461, 9461, 9461, 9461, 9460]	[9517, 9516, 9516, 9516, 9516]		
1594.9675	2.644749999999931	epochs															maze_arm	101.0
1597.63125	5.173000000000002	epochs															feedback_and_iti	101.0
1597.63125	0.9837500000001	epochs															feedback_delay	101.0
1598.636	1.981999999999971	epochs															feedback	101.0
1600.81675	1.9874999999999545	epochs															iti	101.0
1602.8225	10.762750000000096	epochs															maze	102.0
1602.8225	8.88000000000011	epochs															maze_stem	102.0
1602.84675	15.95900000000006	trials	True	False	False	False	True	True	[0.6817958950996399, 0.3182041347026825, 0.7136266231536865, 0.2863733768463135]	-0.031830742955207825	-0.3954225033521652	0.01591537892818451	-0.19771124422550201	0.3182041347026825	[9549, 9549, 9548, 9548, 9548]	[9612, 9612, 9612, 9612, 9612]		
1611.72025	1.865000000000009	epochs															maze_arm	102.0
1613.605	5.180499999999938	epochs															feedback_and_iti	102.0
1613.605	0.9900000000000091	epochs															feedback_delay	102.0
1614.61525	1.9832499999999982	epochs															feedback	102.0
1616.79625	1.9892499999998563	epochs															iti	102.0
1618.80575	10.027000000000044	epochs															maze	103.0
1618.80575	7.691749999999956	epochs															maze_stem	103.0
1618.82375	15.232500000000073	trials	True	False	False	True	False	True	[0.47964680194854736, 0.5203531384468079, 0.6655080914497375, 0.3344919681549072]	-0.1858612298965454	-0.1451548933982849	0.09293064475059509	0.07257744669914246	0.6655080914497375	[9645, 9644, 9644, 9644, 9644]	[9704, 9704, 9703, 9703, 9703]		
1626.51725	2.315499999999929	epochs															maze_arm	103.0
1628.85275	5.182749999999942	epochs															feedback_and_iti	103.0
1628.85275	0.9864999999999782	epochs															feedback_delay	103.0
1629.85825	1.9939999999999145	epochs															feedback	103.0
1632.03575	1.999749999999949	epochs															iti	103.0
1634.05625	10.610999999999876	epochs															maze	104.0
1634.05625	8.645249999999805	epochs															maze_stem	104.0
1634.07975	17.639499999999998	trials	False	False	False	False	False	False	[0.6916807889938354, 0.30831924080848694, 0.7883153557777405, 0.21168464422225952]	-0.09663458168506622	-0.47999612987041473	-0.048317283391952515	0.23999807238578796	0.6916807889938354	[9736, 9736, 9736, 9735, 9735]	[9799, 9798, 9798, 9798, 9798]		
1642.7265	1.94074999999998	epochs															maze_arm	104.0
1644.687	7.009500000000116	epochs															feedback_and_iti	104.0
1644.687	0.9867500000000291	epochs															feedback_delay	104.0
1645.69425	1.9742499999999836	epochs															feedback	104.0
1647.70675	3.989749999999958	epochs															iti	104.0
1651.71925	9.416249999999991	epochs															maze	105.0
1651.71925	7.908999999999878	epochs															maze_stem	105.0
1651.742	16.461500000000115	trials	False	False	False	False	False	False	[0.6474867463111877, 0.3525131940841675, 0.6198418140411377, 0.3801581859588623]	0.027644962072372437	-0.2673285901546478	0.013822466135025024	0.13366428017616272	0.6474867463111877	[9842, 9842, 9842, 9841, 9841]	[9897, 9897, 9897, 9897, 9897]		
1659.648	1.487500000000182	epochs															maze_arm	105.0
1661.156	7.023000000000138	epochs															feedback_and_iti	105.0
1661.156	0.99025000000006	epochs															feedback_delay	105.0
1662.16875	1.9790000000000418	epochs															feedback	105.0
1664.18775	3.9912500000000364	epochs															iti	105.0
1668.2035	9.263249999999971	epochs															maze	106.0
1668.2035	7.46550000000002	epochs															maze_stem	106.0
1668.22575	14.439499999999953	trials	False	False	False	False	True	True	[0.6487590074539185, 0.35124099254608154, 0.6736844182014465, 0.3263155519962311]	-0.02492542564868927	-0.3224434405565262	0.012462720274925232	-0.1612217277288437	0.35124099254608154	[9941, 9941, 9940, 9940, 9940]	[9995, 9995, 9995, 9995, 9995]		
1675.6945	1.7722499999999854	epochs															maze_arm	106.0
1677.492	5.151749999999993	epochs															feedback_and_iti	106.0
1677.492	0.9960000000000946	epochs															feedback_delay	106.0
1678.50925	1.9607499999999618	epochs															feedback	106.0
1680.6485	1.9952499999999418	epochs															iti	106.0
1682.66525	15.499000000000024	epochs															maze	107.0
1682.66525	13.880750000000035	epochs															maze_stem	107.0
1682.68575	22.53599999999983	trials	False	False	False	True	True	False	[0.540235161781311, 0.45976489782333374, 0.6621741652488708, 0.33782586455345154]	-0.12193901836872101	-0.2024092823266983	-0.0609695166349411	-0.10120461881160736	0.33782586455345154	[10027, 10027, 10027, 10027, 10027]	[10119, 10119, 10119, 10119, 10119]		
1696.5685	1.5957499999999527	epochs															maze_arm	107.0
1698.18375	7.0190000000000055	epochs															feedback_and_iti	107.0
1698.18375	0.9855000000000018	epochs															feedback_delay	107.0
1699.19	1.9839999999999236	epochs															feedback	107.0
1701.2155	3.9872499999999036	epochs															iti	107.0
1705.22175	6.93950000000018	epochs															maze	108.0
1705.22175	4.466000000000122	epochs															maze_stem	108.0
1705.242	12.130499999999984	trials	False	False	False	True	False	True	[0.5207688212394714, 0.47923117876052856, 0.5087534189224243, 0.4912465512752533]	0.012015387415885925	-0.029522255063056946	-0.00600770115852356	0.014761120080947876	0.5087534189224243	[10163, 10162, 10162, 10162, 10162]	[10203, 10203, 10203, 10203, 10203]		
1709.7075	2.4537500000001273	epochs															maze_arm	108.0
1712.18	5.173749999999927	epochs															feedback_and_iti	108.0
1712.18	0.9835000000000491	epochs															feedback_delay	108.0
1713.18625	1.9917500000001382	epochs															feedback	108.0
1715.38425	1.9694999999999254	epochs															iti	108.0
1717.3725	10.110750000000053	epochs															maze	109.0
1717.3725	8.263500000000022	epochs															maze_stem	109.0
1717.39275	17.144000000000005	trials	False	False	False	True	True	False	[0.717663586139679, 0.28233644366264343, 0.7669249176979065, 0.23307505249977112]	-0.04926136136054993	-0.48458850383758545	-0.024630695581436157	-0.24229425191879272	0.23307505249977112	[10236, 10235, 10235, 10235, 10235]	[10295, 10295, 10295, 10295, 10294]		
1725.65625	1.8269999999999982	epochs															maze_arm	109.0
1727.50325	7.01299999999992	epochs															feedback_and_iti	109.0
1727.50325	0.9997499999999491	epochs															feedback_delay	109.0
1728.522	1.9737500000001091	epochs															feedback	109.0
1730.53375	3.9824999999998454	epochs															iti	109.0
1734.53675	6.739250000000084	epochs															maze	110.0
1734.53675	4.753750000000082	epochs															maze_stem	110.0
1734.55675	11.939499999999953	trials	False	False	False	True	False	True	[0.5282341837882996, 0.4717658460140228, 0.5332146286964417, 0.46678540110588074]	-0.00498044490814209	-0.06144878268241882	0.002490222454071045	0.030724406242370605	0.5332146286964417	[10338, 10338, 10338, 10338, 10338]	[10378, 10378, 10378, 10377, 10377]		
1739.311	1.9650000000001455	epochs															maze_arm	110.0
1741.29925	5.173999999999978	epochs															feedback_and_iti	110.0
1741.29925	0.9964999999999691	epochs															feedback_delay	110.0
1742.316	1.9794999999999163	epochs															feedback	110.0
1744.4975	1.9757500000000618	epochs															iti	110.0
1746.49625	10.691750000000184	epochs															maze	111.0
1746.49625	9.448750000000018	epochs															maze_stem	111.0
1746.519	17.726499999999987	trials	False	False	False	False	False	False	[0.7206366062164307, 0.27936339378356934, 0.7794027328491211, 0.22059723734855652]	-0.058766141533851624	-0.500039353966713	-0.029383063316345215	0.2500196695327759	0.7206366062164307	[10410, 10410, 10410, 10410, 10409]	[10473, 10473, 10473, 10473, 10473]		
1755.96475	1.2232500000000073	epochs															maze_arm	111.0
1757.21	7.013750000000073	epochs															feedback_and_iti	111.0
1757.21	0.9832499999999982	epochs															feedback_delay	111.0
1758.2135	1.9824999999998454	epochs															feedback	111.0
1760.234	3.9897500000001855	epochs															iti	111.0
1764.2455	7.525499999999965	epochs															maze	112.0
1764.2455	5.15300000000002	epochs															maze_stem	112.0
1764.26525	12.721750000000156	trials	False	False	False	False	True	True	[0.6190013289451599, 0.3809987008571625, 0.6376978158950806, 0.36230218410491943]	-0.018696501851081848	-0.2566991299390793	0.009348258376121521	-0.12834955751895905	0.3809987008571625	[10517, 10516, 10516, 10516, 10516]	[10561, 10561, 10560, 10560, 10560]		
1769.4185	2.3524999999999636	epochs															maze_arm	112.0
1771.7905	5.17574999999988	epochs															feedback_and_iti	112.0
1771.7905	0.9980000000000473	epochs															feedback_delay	112.0
1772.809	1.9750000000001364	epochs															feedback	112.0
1774.9925	1.9737499999998818	epochs															iti	112.0
1776.987	8.630999999999858	epochs															maze	113.0
1776.987	6.440249999999878	epochs															maze_stem	113.0
1777.0075	13.804250000000138	trials	False	False	False	False	True	True	[0.4931027293205261, 0.5068972706794739, 0.6545388102531433, 0.3454611897468567]	-0.1614360809326172	-0.14764153957366943	0.0807180404663086	-0.07382076978683472	0.5068972706794739	[10593, 10593, 10593, 10592, 10592]	[10644, 10644, 10643, 10643, 10643]		
1783.447	2.171000000000049	epochs															maze_arm	113.0
1785.64025	5.151000000000067	epochs															feedback_and_iti	113.0
1785.64025	0.9945000000000164	epochs															feedback_delay	113.0
1786.6545	1.9657499999998436	epochs															feedback	113.0
1788.8225	1.96875	epochs															iti	113.0
1790.81175	8.89774999999986	epochs															maze	114.0
1790.81175	6.781499999999824	epochs															maze_stem	114.0
1790.82975	14.07549999999992	trials	True	False	False	False	True	True	[0.34800392389297485, 0.6519961357116699, 0.5770779252052307, 0.4229221045970917]	-0.22907401621341705	0.07491819560527802	0.11453701555728912	0.0374591201543808	0.6519961357116699	[10676, 10676, 10675, 10675, 10675]	[10728, 10728, 10728, 10728, 10727]		
1797.61275	2.096749999999929	epochs															maze_arm	114.0
1799.72725	5.157249999999976	epochs															feedback_and_iti	114.0
1799.72725	0.99350000000004	epochs															feedback_delay	114.0
1800.74025	1.978749999999991	epochs															feedback	114.0
1802.891	1.9934999999998126	epochs															iti	114.0
1804.90525	9.164999999999964	epochs															maze	115.0
1804.90525	7.082499999999982	epochs															maze_stem	115.0
1804.9235	14.375249999999824	trials	True	False	False	False	True	True	[0.3118511140346527, 0.6881489157676697, 0.6289517879486084, 0.3710481822490692]	-0.3171007037162781	0.05919709801673889	0.15855036675930023	0.029598549008369446	0.6881489157676697	[10760, 10760, 10760, 10760, 10760]	[10814, 10814, 10814, 10814, 10814]		
1812.00775	2.0625	epochs															maze_arm	115.0
1814.08925	5.185750000000098	epochs															feedback_and_iti	115.0
1814.08925	0.9847500000000764	epochs															feedback_delay	115.0
1815.09425	1.993249999999989	epochs															feedback	115.0
1817.289	1.9860000000001037	epochs															iti	115.0
1819.29875	8.922500000000127	epochs															maze	116.0
1819.29875	6.929250000000138	epochs															maze_stem	116.0
1819.32275	14.108999999999924	trials	True	False	False	False	True	True	[0.2781636714935303, 0.721836268901825, 0.6101261377334595, 0.3898738622665405]	-0.3319624364376068	0.11171016097068787	0.1659812033176422	0.05585506558418274	0.721836268901825	[10847, 10846, 10846, 10846, 10846]	[10899, 10899, 10899, 10899, 10898]		
1826.24725	1.97400000000016	epochs															maze_arm	116.0
1828.24075	5.1652500000000146	epochs															feedback_and_iti	116.0
1828.24075	1.0017500000001291	epochs															feedback_delay	116.0
1829.268	1.9542500000000018	epochs															feedback	116.0
1831.41325	1.9927499999998872	epochs															iti	116.0
1833.43175	9.779250000000047	epochs															maze	117.0
1833.43175	7.153500000000122	epochs															maze_stem	117.0
1833.45475	14.987249999999904	trials	True	False	False	True	False	True	[0.24328526854515076, 0.7567147016525269, 0.5865275263786316, 0.4134725332260132]	-0.34324221312999725	0.17018721997737885	0.17162112891674042	-0.08509360253810883	0.5865275263786316	[10931, 10931, 10931, 10931, 10931]	[10989, 10989, 10989, 10988, 10988]		
1840.605	2.6059999999999945	epochs															maze_arm	117.0
1843.22925	5.187749999999824	epochs															feedback_and_iti	117.0
1843.22925	0.9909999999999854	epochs															feedback_delay	117.0
1844.23925	1.9832499999999982	epochs															feedback	117.0
1846.42025	1.99675000000002	epochs															iti	117.0
1848.442	14.88325000000009	epochs															maze	118.0
1848.442	11.922250000000076	epochs															maze_stem	118.0
1848.46325	20.077499999999873	trials	True	False	False	True	False	True	[0.4034914970397949, 0.5965085029602051, 0.7462685704231262, 0.2537313997745514]	-0.3427770882844925	-0.14976008236408234	0.17138853669166565	0.07488003373146057	0.7462685704231262	[11021, 11021, 11021, 11021, 11021]	[11110, 11109, 11109, 11109, 11109]		
1860.38375	2.941500000000133	epochs															maze_arm	118.0
1863.345	5.173250000000053	epochs															feedback_and_iti	118.0
1863.345	0.9990000000000236	epochs															feedback_delay	118.0
1864.3635	1.9802500000000691	epochs															feedback	118.0
1866.537	1.9812500000000455	epochs															iti	118.0
1868.54075	23.520750000000135	epochs															maze	119.0
1868.54075	10.381250000000136	epochs															maze_stem	119.0
1868.5625	30.55749999999989	trials	False	False	False	True	True	False	[0.4231685996055603, 0.5768313407897949, 0.7873197197914124, 0.21268029510974884]	-0.36415108293294907	-0.21048834174871445	-0.18207552284002304	-0.10524418205022812	0.21268029510974884	[11142, 11142, 11141, 11141, 11141]	[11282, 11282, 11282, 11281, 11281]		
1878.94225	13.119249999999965	epochs															maze_arm	119.0
1892.082	7.017499999999927	epochs															feedback_and_iti	119.0
1892.082	0.9957499999998163	epochs															feedback_delay	119.0
1893.102	1.9757499999998345	epochs															feedback	119.0
1895.1175	3.981999999999971	epochs															iti	119.0
1899.12	6.893500000000131	epochs															maze	120.0
1899.12	4.882000000000062	epochs															maze_stem	120.0
1899.14225	12.09524999999985	trials	False	False	False	True	False	True	[0.4135395288467407, 0.5864604711532593, 0.5473839044570923, 0.4526160657405853]	-0.13384439051151276	0.0390765517950058	0.06692218780517578	-0.019538283348083496	0.5473839044570923	[11325, 11325, 11325, 11325, 11324]	[11366, 11365, 11365, 11365, 11365]		
1904.02275	1.9907499999999345	epochs															maze_arm	120.0
1906.0315	5.183749999999918	epochs															feedback_and_iti	120.0
1906.0315	0.9894999999999072	epochs															feedback_delay	120.0
1907.04525	1.9797500000001946	epochs															feedback	120.0
1909.2145	2.0007499999999254	epochs															iti	120.0
1911.2375	8.710749999999962	epochs															maze	121.0
1911.2375	7.481750000000147	epochs															maze_stem	121.0
1911.26075	15.753750000000082	trials	False	False	False	False	False	False	[0.5058542490005493, 0.4941457509994507, 0.7955626249313354, 0.20443736016750336]	-0.28970838338136673	-0.30141688138246536	-0.14485418796539307	0.15070843696594238	0.5058542490005493	[11398, 11398, 11397, 11397, 11397]	[11449, 11449, 11449, 11449, 11448]		
1918.73975	1.2084999999999582	epochs															maze_arm	121.0
1919.96775	7.026499999999942	epochs															feedback_and_iti	121.0
1919.96775	0.9957500000000437	epochs															feedback_delay	121.0
1920.984	1.9822500000000218	epochs															feedback	121.0
1923.0035	3.9907499999999345	epochs															iti	121.0
1927.0145	6.655500000000075	epochs															maze	122.0
1927.0145	4.552500000000009	epochs															maze_stem	122.0
1927.03425	11.857500000000073	trials	False	False	False	True	False	True	[0.5277875661849976, 0.47221246361732483, 0.6432828903198242, 0.35671716928482056]	-0.11549530923366547	-0.1710704118013382	0.05774766206741333	0.08553522825241089	0.6432828903198242	[11492, 11492, 11492, 11492, 11492]	[11531, 11531, 11531, 11531, 11531]		
1931.588	2.0820000000001073	epochs															maze_arm	122.0
1933.6895	5.181250000000091	epochs															feedback_and_iti	122.0
1933.6895	0.9960000000000946	epochs															feedback_delay	122.0
1934.70575	1.9649999999999181	epochs															feedback	122.0
1936.8755	1.9952499999999418	epochs															iti	122.0
1938.89175	11.05749999999989	epochs															maze	123.0
1938.89175	9.004750000000058	epochs															maze_stem	123.0
1938.914	16.238000000000056	trials	True	False	False	True	False	True	[0.6188079118728638, 0.38119208812713623, 0.8126624226570129, 0.18733756244182587]	-0.19385451823472977	-0.4314703419804573	0.09692725539207458	0.21573516726493835	0.8126624226570129	[11564, 11563, 11563, 11563, 11563]	[11629, 11629, 11629, 11628, 11628]		
1947.91575	2.0335000000000036	epochs															maze_arm	123.0
1949.9685	5.163000000000011	epochs															feedback_and_iti	123.0
1949.9685	0.9897499999999582	epochs															feedback_delay	123.0
1950.976	1.98174999999992	epochs															feedback	123.0
1953.137	1.9945000000000164	epochs															iti	123.0
1955.152	19.654250000000047	epochs															maze	124.0
1955.152	17.44724999999994	epochs															maze_stem	124.0
1955.172	26.697999999999865	trials	False	False	False	True	True	False	[0.544804573059082, 0.4551953971385956, 0.7994987368583679, 0.2005012482404709]	-0.2546941563487053	-0.34430333226919174	-0.12734707444906235	-0.17215167731046677	0.2005012482404709	[11661, 11661, 11661, 11661, 11660]	[11778, 11778, 11778, 11777, 11777]		
1972.622	2.18425000000002	epochs															maze_arm	124.0
1974.825	7.023750000000064	epochs															feedback_and_iti	124.0
1974.825	0.9914999999998599	epochs															feedback_delay	124.0
1975.8375	1.9832499999999982	epochs															feedback	124.0
1977.8615	3.987250000000131	epochs															iti	124.0
1981.87	13.790750000000116	epochs															maze	125.0
1981.87	12.22725000000014	epochs															maze_stem	125.0
1981.892	18.977999999999838	trials	False	False	False	True	False	True	[0.45681560039520264, 0.5431844592094421, 0.5565609335899353, 0.4434390366077423]	-0.09974537789821625	-0.013376519083976746	0.04987266659736633	0.00668826699256897	0.5565609335899353	[11821, 11821, 11821, 11821, 11821]	[11903, 11903, 11903, 11902, 11902]		
1994.11675	1.5440000000000964	epochs															maze_arm	125.0
1995.67975	5.169499999999971	epochs															feedback_and_iti	125.0
1995.67975	0.9922500000000127	epochs															feedback_delay	125.0
1996.69225	1.9862499999999272	epochs															feedback	125.0
1998.86575	1.9835000000000491	epochs															iti	125.0
2000.87	11.09875000000011	epochs															maze	126.0
2000.87	8.767750000000206	epochs															maze_stem	126.0
2000.88975	16.29274999999984	trials	True	False	False	False	True	True	[0.622767448425293, 0.3772325813770294, 0.8055897951126099, 0.19441021978855133]	-0.1828223541378975	-0.42835722118616104	0.09141118079423904	-0.21417859941720963	0.3772325813770294	[11935, 11935, 11935, 11935, 11934]	[12001, 12001, 12000, 12000, 12000]		
2009.65725	2.3115000000000236	epochs															maze_arm	126.0
2011.98925	5.1749999999999545	epochs															feedback_and_iti	126.0
2011.98925	0.9904999999998836	epochs															feedback_delay	126.0
2013.00075	1.9662500000001728	epochs															feedback	126.0
2015.16975	1.9945000000000164	epochs															iti	126.0
2017.1825	11.53650000000016	epochs															maze	127.0
2017.1825	9.5775000000001	epochs															maze_stem	127.0
2017.202	16.753999999999905	trials	True	False	False	False	True	True	[0.42476317286491394, 0.5752367973327637, 0.7795636653900146, 0.22043630480766296]	-0.3548004925251007	-0.20432686805725098	0.17740024626255035	-0.10216344892978668	0.5752367973327637	[12033, 12033, 12033, 12032, 12032]	[12101, 12101, 12101, 12101, 12100]		
2026.778	1.941000000000031	epochs															maze_arm	127.0
2028.74125	5.192749999999933	epochs															feedback_and_iti	127.0
2028.74125	0.9849999999999	epochs															feedback_delay	127.0
2029.7455	1.9884999999999309	epochs															feedback	127.0
2031.94725	1.986750000000029	epochs															iti	127.0
2033.956	12.300750000000107	epochs															maze	128.0
2033.956	10.494750000000067	epochs															maze_stem	128.0
2033.974	17.493250000000216	trials	True	False	False	True	False	True	[0.35185399651527405, 0.6481460332870483, 0.7594355344772339, 0.24056443572044373]	-0.4075815677642822	-0.11128953099250793	0.20379076898097992	0.05564476549625397	0.7594355344772339	[12134, 12133, 12133, 12133, 12133]	[12206, 12206, 12206, 12206, 12206]		
2044.47025	1.7864999999999327	epochs															maze_arm	128.0
2046.27525	5.170499999999947	epochs															feedback_and_iti	128.0
2046.27525	0.9990000000000236	epochs															feedback_delay	128.0
2047.2935	1.9790000000000418	epochs															feedback	128.0
2049.48875	1.95699999999988	epochs															iti	128.0
2051.46725	10.45699999999988	epochs															maze	129.0
2051.46725	8.35149999999976	epochs															maze_stem	129.0
2051.48875	15.635749999999916	trials	False	False	False	True	False	True	[0.4081351161003113, 0.5918649435043335, 0.786341667175293, 0.21365830302238464]	-0.37820659577846527	-0.19447676837444305	0.18910327553749084	0.09723839163780212	0.786341667175293	[12239, 12238, 12238, 12238, 12238]	[12300, 12300, 12300, 12300, 12300]		
2059.83925	2.0850000000000364	epochs															maze_arm	129.0
2061.94575	5.16025000000036	epochs															feedback_and_iti	129.0
2061.94575	0.9819999999999709	epochs															feedback_delay	129.0
2062.95	1.9782500000001164	epochs															feedback	129.0
2065.123	1.9830000000001746	epochs															iti	129.0
2067.1245	11.722999999999956	epochs															maze	130.0
2067.1245	10.156750000000102	epochs															maze_stem	130.0
2067.144	16.919500000000426	trials	True	False	False	True	False	True	[0.4787888824939728, 0.5212111473083496, 0.830661416053772, 0.16933855414390564]	-0.3518725633621216	-0.30945029854774475	0.1759362667798996	0.15472514927387238	0.830661416053772	[12332, 12332, 12332, 12332, 12332]	[12402, 12402, 12401, 12401, 12401]		
2077.3025	1.5450000000000728	epochs															maze_arm	130.0
2078.86675	5.173249999999825	epochs															feedback_and_iti	130.0
2078.86675	0.9962499999996908	epochs															feedback_delay	130.0
2079.8825	1.9704999999999018	epochs															feedback	130.0
2082.044	1.9960000000000946	epochs															iti	130.0
2084.0635	10.749249999999847	epochs															maze	131.0
2084.0635	8.529999999999745	epochs															maze_stem	131.0
2084.08275	17.785750000000007	trials	False	False	False	False	False	False	[0.4283144474029541, 0.5716856122016907, 0.8182533383369446, 0.1817466914653778]	-0.3899389058351517	-0.2465677410364151	-0.19496944546699524	0.12328389286994934	0.4283144474029541	[12434, 12434, 12434, 12433, 12433]	[12498, 12497, 12497, 12497, 12497]		
2092.61375	2.199000000000069	epochs															maze_arm	131.0
2094.831	7.016999999999825	epochs															feedback_and_iti	131.0
2094.831	0.9859999999998763	epochs															feedback_delay	131.0
2095.83925	1.98050000000012	epochs															feedback	131.0
2097.85875	3.9892500000000837	epochs															iti	131.0
2101.8685	10.141000000000076	epochs															maze	132.0
2101.8685	8.750750000000153	epochs															maze_stem	132.0
2101.88925	15.312249999999949	trials	False	False	False	False	True	True	[0.5396056771278381, 0.46039435267448425, 0.7280265092849731, 0.27197349071502686]	-0.1884208470582962	-0.2676321715116501	0.0942104309797287	-0.13381607830524445	0.46039435267448425	[12541, 12541, 12540, 12540, 12540]	[12601, 12600, 12600, 12600, 12600]		
2110.64175	1.367750000000342	epochs															maze_arm	132.0
2112.0275	5.153249999999844	epochs															feedback_and_iti	132.0
2112.0275	0.9914999999996326	epochs															feedback_delay	132.0
2113.04075	1.9735000000000582	epochs															feedback	132.0
2115.19475	1.9859999999998763	epochs															iti	132.0
2117.2015	9.175249999999778	epochs															maze	133.0
2117.2015	7.335749999999734	epochs															maze_stem	133.0
2117.2215	16.217999999999847	trials	False	False	False	True	True	False	[0.43705758452415466, 0.562942385673523, 0.8038173913955688, 0.19618260860443115]	-0.366759791970253	-0.2408749908208847	-0.1833798885345459	-0.12043750286102295	0.19618260860443115	[12633, 12633, 12632, 12632, 12632]	[12687, 12687, 12686, 12686, 12686]		
2124.55775	1.81899999999996	epochs															maze_arm	133.0
2126.39675	7.022500000000036	epochs															feedback_and_iti	133.0
2126.39675	0.9972499999998945	epochs															feedback_delay	133.0
2127.414	1.9734999999996035	epochs															feedback	133.0
2129.427	3.9922499999997854	epochs															iti	133.0
2133.4395	8.119000000000142	epochs															maze	134.0
2133.4395	5.545500000000175	epochs															maze_stem	134.0
2133.4595	13.314499999999953	trials	True	False	False	True	False	True	[0.4181462824344635, 0.5818536877632141, 0.5814399719238281, 0.41856005787849426]	-0.16329365968704224	0.000413745641708374	0.08164684474468231	-0.000206872820854187	0.5814399719238281	[12730, 12730, 12730, 12729, 12729]	[12778, 12778, 12777, 12777, 12777]		
2139.0045	2.5540000000000873	epochs															maze_arm	134.0
2141.57625	5.177499999999782	epochs															feedback_and_iti	134.0
2141.57625	0.9922499999997854	epochs															feedback_delay	134.0
2142.58875	1.9837500000003274	epochs															feedback	134.0
2144.757	1.9967499999997926	epochs															iti	134.0
2146.774	9.884000000000015	epochs															maze	135.0
2146.774	8.02325000000019	epochs															maze_stem	135.0
2146.79525	15.075749999999971	trials	False	False	False	True	False	True	[0.5378413796424866, 0.46215859055519104, 0.8088064193725586, 0.19119353592395782]	-0.2709650471806526	-0.34664783626794815	0.135482519865036	0.17332389950752258	0.8088064193725586	[12810, 12810, 12810, 12809, 12809]	[12868, 12868, 12868, 12868, 12868]		
2154.81875	1.8392499999999927	epochs															maze_arm	135.0
2156.67825	5.172750000000178	epochs															feedback_and_iti	135.0
2156.67825	0.981499999999869	epochs															feedback_delay	135.0
2157.6785	1.9954999999999927	epochs															feedback	135.0
2159.86275	1.9882500000003347	epochs															iti	135.0
2161.871	10.417500000000018	epochs															maze	136.0
2161.871	8.286999999999807	epochs															maze_stem	136.0
2161.891	15.617999999999938	trials	True	False	False	True	False	True	[0.5109658241271973, 0.48903411626815796, 0.8315317630767822, 0.16846822202205658]	-0.32056591659784317	-0.3424976244568825	0.16028296947479248	0.17124879360198975	0.8315317630767822	[12901, 12900, 12900, 12900, 12900]	[12962, 12962, 12962, 12961, 12961]		
2170.176	2.112500000000182	epochs															maze_arm	136.0
2172.3095	5.175250000000233	epochs															feedback_and_iti	136.0
2172.3095	0.9832500000002256	epochs															feedback_delay	136.0
2173.31275	1.9890000000000327	epochs															feedback	136.0
2175.484	2.000750000000153	epochs															iti	136.0
2177.509	9.292500000000018	epochs															maze	137.0
2177.509	7.750750000000153	epochs															maze_stem	137.0
2177.52725	14.482750000000124	trials	True	False	False	True	False	True	[0.4706062376499176, 0.5293937921524048, 0.8211724162101746, 0.17882755398750305]	-0.35056620836257935	-0.29177865386009216	0.17528308928012848	0.14588932693004608	0.8211724162101746	[12994, 12994, 12994, 12994, 12993]	[13049, 13049, 13049, 13048, 13048]		
2185.279	1.5225000000000364	epochs															maze_arm	137.0
2186.821	5.167249999999967	epochs															feedback_and_iti	137.0
2186.821	0.999250000000302	epochs															feedback_delay	137.0
2187.83975	1.9707499999999527	epochs															feedback	137.0
2189.9975	1.9907499999999345	epochs															iti	137.0
2192.01	10.633499999999913	epochs															maze	138.0
2192.01	7.918499999999767	epochs															maze_stem	138.0
2192.03	15.807999999999993	trials	False	False	False	True	False	True	[0.4943373203277588, 0.5056626796722412, 0.8395093083381653, 0.16049066185951233]	-0.3451720029115677	-0.33384664356708527	0.17258599400520325	0.16692331433296204	0.8395093083381653	[13081, 13081, 13081, 13081, 13080]	[13144, 13144, 13144, 13143, 13143]		
2199.94975	2.693749999999909	epochs															maze_arm	138.0
2202.66325	5.154500000000098	epochs															feedback_and_iti	138.0
2202.66325	0.9989999999997963	epochs															feedback_delay	138.0
2203.68225	1.961500000000342	epochs															feedback	138.0
2205.8505	1.9672500000001492	epochs															iti	138.0
2207.838	8.688499999999749	epochs															maze	139.0
2207.838	7.2097499999999854	epochs															maze_stem	139.0
2207.858	15.740999999999985	trials	False	False	False	False	False	False	[0.5011399388313293, 0.49886012077331543, 0.8447083830833435, 0.1552915871143341]	-0.34356848895549774	-0.34584830701351166	-0.17178422212600708	0.17292416095733643	0.5011399388313293	[13176, 13176, 13176, 13176, 13175]	[13227, 13227, 13227, 13227, 13226]		
2215.06975	1.456749999999829	epochs															maze_arm	139.0
2216.54625	7.032500000000255	epochs															feedback_and_iti	139.0
2216.54625	0.9880000000002838	epochs															feedback_delay	139.0
2217.55475	1.9897500000001855	epochs															feedback	139.0
2219.58275	3.9960000000000946	epochs															iti	139.0
2223.599	6.436249999999745	epochs															maze	140.0
2223.599	5.028249999999844	epochs															maze_stem	140.0
2223.62075	13.471500000000106	trials	False	False	False	False	False	False	[0.5754970908164978, 0.4245029091835022, 0.7781941890716553, 0.22180581092834473]	-0.20269709825515747	-0.3536912798881531	-0.10134854912757874	0.17684563994407654	0.5754970908164978	[13271, 13270, 13270, 13270, 13270]	[13308, 13308, 13308, 13308, 13307]		
2228.64775	1.387499999999818	epochs															maze_arm	140.0
2230.055	7.016250000000127	epochs															feedback_and_iti	140.0
2230.055	0.9900000000002365	epochs															feedback_delay	140.0
2231.0675	1.9757500000000618	epochs															feedback	140.0
2233.083	3.98824999999988	epochs															iti	140.0
2237.09225	7.636749999999665	epochs															maze	141.0
2237.09225	5.3217500000000655	epochs															maze_stem	141.0
2237.1125	12.839249999999993	trials	False	False	False	False	True	True	[0.663922905921936, 0.33607709407806396, 0.8062514066696167, 0.1937485635280609]	-0.14232851564884186	-0.47017432749271393	0.07116426527500153	-0.23508717119693756	0.33607709407806396	[13352, 13351, 13351, 13351, 13351]	[13396, 13396, 13396, 13396, 13396]		
2242.43275	2.2962499999998727	epochs															maze_arm	141.0
2244.752	5.177999999999884	epochs															feedback_and_iti	141.0
2244.752	0.9792499999998654	epochs															feedback_delay	141.0
2245.752	1.9949999999998909	epochs															feedback	141.0
2247.93575	1.994249999999738	epochs															iti	141.0
2249.95175	8.298499999999876	epochs															maze	142.0
2249.95175	6.539499999999862	epochs															maze_stem	142.0
2249.97275	13.465999999999894	trials	True	False	False	True	False	True	[0.5228471755981445, 0.4771527945995331, 0.8130390048027039, 0.18696096539497375]	-0.2901918292045593	-0.3358862102031708	0.14509591460227966	0.1679430902004242	0.8130390048027039	[13429, 13428, 13428, 13428, 13428]	[13477, 13477, 13477, 13477, 13477]		
2256.5105	1.7397500000001855	epochs															maze_arm	142.0
2258.27025	5.145750000000135	epochs															feedback_and_iti	142.0
2258.27025	0.9904999999998836	epochs															feedback_delay	142.0
2259.27825	1.9725000000003092	epochs															feedback	142.0
2261.42925	1.986750000000029	epochs															iti	142.0
2263.43875	9.346000000000004	epochs															maze	143.0
2263.43875	7.3650000000002365	epochs															maze_stem	143.0
2263.45925	14.524499999999989	trials	False	False	False	True	False	True	[0.5098583698272705, 0.4901416003704071, 0.8096043467521667, 0.19039559364318848]	-0.29974599182605743	-0.31946276128292084	0.14987298846244812	0.15973135828971863	0.8096043467521667	[13509, 13509, 13509, 13509, 13509]	[13565, 13564, 13564, 13564, 13564]		
2270.82375	1.9609999999997854	epochs															maze_arm	143.0
2272.8055	5.159500000000207	epochs															feedback_and_iti	143.0
2272.8055	0.9877500000002328	epochs															feedback_delay	143.0
2273.8135	1.9777500000000146	epochs															feedback	143.0
2275.97975	1.9852500000001783	epochs															iti	143.0
2277.98375	9.758749999999964	epochs															maze	144.0
2277.98375	7.917500000000018	epochs															maze_stem	144.0
2278.00425	16.796749999999975	trials	False	False	False	False	False	False	[0.5621479749679565, 0.43785208463668823, 0.8480143547058105, 0.15198563039302826]	-0.285866416990757	-0.4101623073220253	-0.142933189868927	0.20508116483688354	0.5621479749679565	[13597, 13596, 13596, 13596, 13596]	[13654, 13654, 13654, 13654, 13653]		
2285.92375	1.818749999999909	epochs															maze_arm	144.0
2287.76275	7.017499999999927	epochs															feedback_and_iti	144.0
2287.76275	0.9902500000002874	epochs															feedback_delay	144.0
2288.77375	1.986250000000382	epochs															feedback	144.0
2290.797	3.983249999999771	epochs															iti	144.0
2294.801	6.64975000000004	epochs															maze	145.0
2294.801	5.089249999999993	epochs															maze_stem	145.0
2294.821	13.701250000000073	trials	False	False	False	False	False	False	[0.6177148222923279, 0.38228514790534973, 0.7792960405349731, 0.22070398926734924]	-0.16158118844032288	-0.397010862827301	-0.08079060912132263	0.1985054314136505	0.6177148222923279	[13698, 13697, 13697, 13697, 13697]	[13736, 13736, 13736, 13736, 13736]		
2299.90925	1.5414999999998145	epochs															maze_arm	145.0
2301.47275	7.026499999999942	epochs															feedback_and_iti	145.0
2301.47275	0.9932499999999891	epochs															feedback_delay	145.0
2302.48525	1.9807499999997162	epochs															feedback	145.0
2304.502	3.9972499999998945	epochs															iti	145.0
2308.52225	7.370249999999942	epochs															maze	146.0
2308.52225	5.92975000000024	epochs															maze_stem	146.0
2308.545	14.408500000000004	trials	False	False	False	False	False	False	[0.6835773587226868, 0.31642261147499084, 0.7979143857955933, 0.20208556950092316]	-0.11433703452348709	-0.481491781771183	-0.05716851353645325	0.24074587225914001	0.6835773587226868	[13780, 13780, 13779, 13779, 13779]	[13823, 13823, 13823, 13822, 13822]		
2314.472	1.4204999999997199	epochs															maze_arm	146.0
2315.9125	7.019000000000233	epochs															feedback_and_iti	146.0
2315.9125	0.9922500000002401	epochs															feedback_delay	146.0
2316.92475	1.9744999999998072	epochs															feedback	146.0
2318.93625	3.995249999999942	epochs															iti	146.0
2322.9535	5.535750000000007	epochs															maze	147.0
2322.9535	4.394999999999982	epochs															maze_stem	147.0
2322.975	12.59225000000015	trials	False	False	False	False	False	False	[0.7107675075531006, 0.2892324924468994, 0.7917638421058655, 0.2082361876964569]	-0.0809963196516037	-0.5025313347578049	-0.040498167276382446	0.25126567482948303	0.7107675075531006	[13866, 13866, 13866, 13866, 13865]	[13899, 13898, 13898, 13898, 13898]		
2327.36875	1.1204999999999927	epochs															maze_arm	147.0
2328.509	7.036999999999807	epochs															feedback_and_iti	147.0
2328.509	0.9977499999999964	epochs															feedback_delay	147.0
2329.52775	1.9769999999998618	epochs															feedback	147.0
2331.5475	3.9984999999996944	epochs															iti	147.0
2335.56725	7.527749999999742	epochs															maze	148.0
2335.56725	5.03125	epochs															maze_stem	148.0
2335.5885	12.694750000000113	trials	False	False	False	False	True	True	[0.7275798320770264, 0.27242016792297363, 0.7823712229728699, 0.21762873232364655]	-0.0547914132475853	-0.509951077401638	0.027395717799663544	-0.2549755498766899	0.27242016792297363	[13942, 13942, 13942, 13941, 13941]	[13986, 13986, 13986, 13986, 13985]		
2340.61875	2.476249999999709	epochs															maze_arm	148.0
2343.11475	5.14975000000004	epochs															feedback_and_iti	148.0
2343.11475	0.98824999999988	epochs															feedback_delay	148.0
2344.124	1.9710000000000036	epochs															feedback	148.0
2346.28	1.9845000000000255	epochs															iti	148.0
2348.28325	7.841750000000047	epochs															maze	149.0
2348.28325	6.133000000000266	epochs															maze_stem	149.0
2348.3035	13.045500000000175	trials	False	False	False	False	True	True	[0.5851579308509827, 0.41484200954437256, 0.7455900311470032, 0.2544099986553192]	-0.16043205559253693	-0.33074797689914703	0.08021600544452667	-0.1653739959001541	0.41484200954437256	[14018, 14018, 14018, 14018, 14017]	[14064, 14064, 14064, 14064, 14063]		
2354.43525	1.6897500000000036	epochs															maze_arm	149.0
2356.14525	5.183250000000044	epochs															feedback_and_iti	149.0
2356.14525	0.9812499999998181	epochs															feedback_delay	149.0
2357.147	1.99350000000004	epochs															feedback	149.0
2359.36325	1.9652500000001965	epochs															iti	149.0
2361.349	8.225750000000062	epochs															maze	150.0
2361.349	6.612499999999727	epochs															maze_stem	150.0
2361.369	13.414749999999913	trials	False	False	False	True	False	True	[0.383985310792923, 0.6160146594047546, 0.6459089517593384, 0.3540910482406616]	-0.2619236260652542	-0.029894277453422546	0.1309618204832077	0.014947131276130676	0.6459089517593384	[14096, 14096, 14096, 14096, 14096]	[14145, 14145, 14144, 14144, 14144]		
2367.98	1.5947500000002037	epochs															maze_arm	150.0
2369.59475	5.169999999999618	epochs															feedback_and_iti	150.0
2369.59475	0.9984999999996944	epochs															feedback_delay	150.0
2370.6135	1.967750000000251	epochs															feedback	150.0
2372.77475	1.9899999999997817	epochs															iti	150.0
2374.78375	9.038500000000113	epochs															maze	151.0
2374.78375	6.561999999999898	epochs															maze_stem	151.0
2374.80375	14.212500000000091	trials	True	False	False	True	False	True	[0.5592221617698669, 0.4407777786254883, 0.8106992244720459, 0.1893007904291153]	-0.25147702544927597	-0.36992140859365463	0.12573853135108948	0.18496069312095642	0.8106992244720459	[14177, 14177, 14177, 14176, 14176]	[14230, 14230, 14230, 14230, 14229]		
2381.36525	2.4570000000003347	epochs															maze_arm	151.0
2383.8435	5.152000000000044	epochs															feedback_and_iti	151.0
2383.8435	0.9912500000000364	epochs															feedback_delay	151.0
2384.8535	1.9807499999997162	epochs															feedback	151.0
2387.007	1.9884999999999309	epochs															iti	151.0
2389.01625	9.623250000000098	epochs															maze	152.0
2389.01625	7.776499999999942	epochs															maze_stem	152.0
2389.03975	16.651749999999993	trials	False	False	False	True	True	False	[0.5045088529586792, 0.4954911470413208, 0.8132868409156799, 0.18671312928199768]	-0.3087780028581619	-0.3177957087755203	-0.15438900887966156	-0.15889786183834076	0.18671312928199768	[14262, 14262, 14262, 14262, 14262]	[14319, 14319, 14319, 14319, 14318]		
2396.81325	1.8262500000000728	epochs															maze_arm	152.0
2398.65925	7.012249999999767	epochs															feedback_and_iti	152.0
2398.65925	0.9954999999999927	epochs															feedback_delay	152.0
2399.6755	1.9727500000003602	epochs															feedback	152.0
2401.688	3.9834999999998217	epochs															iti	152.0
2405.6915	10.676500000000033	epochs															maze	153.0
2405.6915	7.730250000000069	epochs															maze_stem	153.0
2405.712	15.852249999999913	trials	False	False	False	True	False	True	[0.4426344931125641, 0.5573654770851135, 0.5800505876541138, 0.41994941234588623]	-0.1374160796403885	-0.02268509566783905	0.06870804727077484	0.011342540383338928	0.5800505876541138	[14362, 14362, 14362, 14362, 14362]	[14425, 14425, 14425, 14425, 14425]		
2413.4415	2.9265000000000327	epochs															maze_arm	153.0
2416.38625	5.156500000000051	epochs															feedback_and_iti	153.0
2416.38625	0.9907499999999345	epochs															feedback_delay	153.0
2417.401	1.9822500000000218	epochs															feedback	153.0
2419.57275	1.9700000000002547	epochs															iti	153.0
2421.56425	8.432749999999942	epochs															maze	154.0
2421.56425	6.601500000000215	epochs															maze_stem	154.0
2421.583	13.635249999999814	trials	False	False	False	False	True	True	[0.5926265716552734, 0.4073733687400818, 0.815939724445343, 0.1840602457523346]	-0.2233131378889084	-0.40856634080410004	0.1116565614938736	-0.2042831927537918	0.4073733687400818	[14458, 14457, 14457, 14457, 14457]	[14507, 14507, 14507, 14507, 14506]		
2428.184	1.8129999999996471	epochs															maze_arm	154.0
2430.0165	5.181249999999636	epochs															feedback_and_iti	154.0
2430.0165	0.9809999999997672	epochs															feedback_delay	154.0
2431.01775	1.9967500000002474	epochs															feedback	154.0
2433.22325	1.9744999999998072	epochs															iti	154.0
2435.21825	8.121500000000196	epochs															maze	155.0
2435.21825	6.623500000000149	epochs															maze_stem	155.0
2435.237	13.316499999999905	trials	True	False	False	True	False	True	[0.34902310371398926, 0.6509768962860107, 0.7264012098312378, 0.2735987901687622]	-0.37737810611724854	-0.07542431354522705	0.18868905305862427	0.037712156772613525	0.7264012098312378	[14539, 14539, 14539, 14539, 14539]	[14587, 14587, 14587, 14587, 14586]		
2441.865	1.4747500000003129	epochs															maze_arm	155.0
2443.35875	5.173749999999927	epochs															feedback_and_iti	155.0
2443.35875	0.9972500000003492	epochs															feedback_delay	155.0
2444.37625	1.9717500000001564	epochs															feedback	155.0
2446.55375	1.9787499999997635	epochs															iti	155.0
2448.5535	8.759000000000015	epochs															maze	156.0
2448.5535	6.962750000000142	epochs															maze_stem	156.0
2448.57375	13.967999999999847	trials	False	False	False	False	True	True	[0.40638479590415955, 0.5936152338981628, 0.7911110520362854, 0.2088889181613922]	-0.38472628593444824	-0.19749584794044495	0.19236315786838531	-0.09874792397022247	0.5936152338981628	[14619, 14619, 14619, 14619, 14619]	[14671, 14671, 14671, 14670, 14670]		
2455.5345	1.7779999999997926	epochs															maze_arm	156.0
2457.332	5.188500000000204	epochs															feedback_and_iti	156.0
2457.332	0.9950000000003456	epochs															feedback_delay	156.0
2458.34725	1.9825000000000728	epochs															feedback	156.0
2460.544	1.9765000000002146	epochs															iti	156.0
2462.54175	9.362750000000233	epochs															maze	157.0
2462.54175	7.72524999999996	epochs															maze_stem	157.0
2462.56225	16.400500000000193	trials	True	False	False	False	False	False	[0.2931463420391083, 0.7068536281585693, 0.7537864446640015, 0.24621360003948212]	-0.4606400653719902	-0.046932779252529144	-0.2303200513124466	0.02346639335155487	0.2931463420391083	[14703, 14703, 14703, 14703, 14702]	[14758, 14758, 14758, 14758, 14758]		
2470.28425	1.6202499999999418	epochs															maze_arm	157.0
2471.9235	7.010999999999967	epochs															feedback_and_iti	157.0
2471.9235	0.9962500000001455	epochs															feedback_delay	157.0
2472.93775	1.968499999999949	epochs															feedback	157.0
2474.953	3.981499999999869	epochs															iti	157.0
2478.96275	7.255249999999705	epochs															maze	158.0
2478.96275	5.385749999999916	epochs															maze_stem	158.0
2478.9835	12.450749999999971	trials	True	False	False	True	False	True	[0.538901686668396, 0.461098313331604, 0.7400640249252319, 0.25993600487709045]	-0.20116232335567474	-0.27896569669246674	0.10058116912841797	0.13948285579681396	0.7400640249252319	[14802, 14801, 14801, 14801, 14801]	[14844, 14844, 14844, 14844, 14843]		
2484.368	1.849999999999909	epochs															maze_arm	158.0
2486.2355	5.17975000000024	epochs															feedback_and_iti	158.0
2486.2355	0.9985000000001492	epochs															feedback_delay	158.0
2487.25375	1.9707499999999527	epochs															feedback	158.0
2489.42875	1.9864999999999782	epochs															iti	158.0
2491.43425	8.329750000000331	epochs															maze	159.0
2491.43425	6.422500000000127	epochs															maze_stem	159.0
2491.45425	13.528000000000247	trials	False	False	False	True	False	True	[0.46063655614852905, 0.5393635034561157, 0.7999595403671265, 0.20004042983055115]	-0.339323028922081	-0.2605960816144943	0.1696614921092987	0.13029804825782776	0.7999595403671265	[14876, 14876, 14876, 14876, 14876]	[14925, 14925, 14925, 14925, 14925]		
2497.877	1.887000000000171	epochs															maze_arm	159.0
2499.78275	5.180000000000291	epochs															feedback_and_iti	159.0
2499.78275	0.9774999999999636	epochs															feedback_delay	159.0
2500.78425	1.9887499999999818	epochs															feedback	159.0
2502.98125	1.9815000000003238	epochs															iti	159.0
2504.98225	9.486499999999978	epochs															maze	160.0
2504.98225	7.236499999999978	epochs															maze_stem	160.0
2505.00225	14.672000000000025	trials	True	False	False	True	False	True	[0.507158637046814, 0.49284136295318604, 0.8431211709976196, 0.15687884390354156]	-0.33596252650022507	-0.350279800593853	0.16798126697540283	0.1751399040222168	0.8431211709976196	[14958, 14957, 14957, 14957, 14957]	[15014, 15013, 15013, 15013, 15013]		
2512.23625	2.2325000000000728	epochs															maze_arm	160.0
2514.4865	5.1652500000000146	epochs															feedback_and_iti	160.0
2514.4865	0.9917500000001382	epochs															feedback_delay	160.0
2515.4975	1.9797499999999673	epochs															feedback	160.0
2517.662	1.9897500000001855	epochs															iti	160.0
2519.67425	9.316749999999956	epochs															maze	161.0
2519.67425	7.380749999999807	epochs															maze_stem	161.0
2519.695	16.37649999999985	trials	False	False	False	False	False	False	[0.42336100339889526, 0.5766389966011047, 0.8283224701881409, 0.17167754471302032]	-0.404961459338665	-0.25168346613645554	-0.2024807333946228	0.12584173679351807	0.42336100339889526	[15046, 15046, 15045, 15045, 15045]	[15101, 15100, 15100, 15100, 15100]		
2527.075	1.9160000000001673	epochs															maze_arm	161.0
2529.01175	7.027499999999691	epochs															feedback_and_iti	161.0
2529.01175	0.9864999999999782	epochs															feedback_delay	161.0
2530.0185	1.9842499999999745	epochs															feedback	161.0
2532.04275	3.9964999999997417	epochs															iti	161.0
2536.0715	11.52975000000015	epochs															maze	162.0
2536.0715	8.272249999999985	epochs															maze_stem	162.0
2536.099	18.55899999999974	trials	False	False	False	False	False	False	[0.5894042253494263, 0.4105958044528961, 0.7563257813453674, 0.24367424845695496]	-0.16692155599594116	-0.3457299768924713	-0.08346077799797058	0.17286500334739685	0.5894042253494263	[15144, 15144, 15144, 15143, 15143]	[15212, 15212, 15212, 15212, 15211]		
2544.364	3.237250000000131	epochs															maze_arm	162.0
2547.62125	7.014999999999873	epochs															feedback_and_iti	162.0
2547.62125	0.9919999999997344	epochs															feedback_delay	162.0
2548.6375	1.9685000000004038	epochs															feedback	162.0
2550.64775	3.988499999999931	epochs															iti	162.0
2554.658	7.964500000000044	epochs															maze	163.0
2554.658	6.236750000000029	epochs															maze_stem	163.0
2554.67875	14.99499999999989	trials	False	False	False	False	False	False	[0.6992985606193542, 0.30070140957832336, 0.8060393333435059, 0.19396062195301056]	-0.10674078017473221	-0.5053379312157631	-0.053370386362075806	0.25266894698143005	0.6992985606193542	[15255, 15255, 15255, 15255, 15255]	[15302, 15302, 15302, 15302, 15302]		
2560.91475	1.7077500000000327	epochs															maze_arm	163.0
2562.64525	7.008249999999862	epochs															feedback_and_iti	163.0
2562.64525	0.9972499999998945	epochs															feedback_delay	163.0
2563.66325	1.9659999999998945	epochs															feedback	163.0
2565.669	3.9845000000000255	epochs															iti	163.0
2569.67375	6.591249999999945	epochs															maze	164.0
2569.67375	4.860500000000229	epochs															maze_stem	164.0
2569.69375	13.643500000000131	trials	False	False	False	False	False	False	[0.734138548374176, 0.2658614218235016, 0.8040162920951843, 0.19598373770713806]	-0.06987771391868591	-0.5381548404693604	-0.03493887186050415	0.2690774202346802	0.734138548374176	[15346, 15345, 15345, 15345, 15345]	[15384, 15384, 15384, 15383, 15383]		
2574.555	1.7100000000000364	epochs															maze_arm	164.0
2576.284	7.030499999999847	epochs															feedback_and_iti	164.0
2576.284	0.9857499999998254	epochs															feedback_delay	164.0
2577.2885	1.9927499999998872	epochs															feedback	164.0
2579.319	3.9954999999999927	epochs															iti	164.0
2583.33725	6.28650000000016	epochs															maze	165.0
2583.33725	5.1417499999997744	epochs															maze_stem	165.0
2583.3585	13.326500000000124	trials	False	False	False	False	False	False	[0.7548204660415649, 0.24517954885959625, 0.7995312213897705, 0.20046882331371307]	-0.04471074044704437	-0.5543516576290131	-0.022355377674102783	0.2771758437156677	0.7548204660415649	[15427, 15427, 15427, 15427, 15427]	[15464, 15464, 15464, 15464, 15463]		
2588.501	1.1227499999999964	epochs															maze_arm	165.0
2589.64375	7.019999999999982	epochs															feedback_and_iti	165.0
2589.64375	0.9809999999997672	epochs															feedback_delay	165.0
2590.6455	1.9829999999997199	epochs															feedback	165.0
2592.66725	3.9965000000001965	epochs															iti	165.0
2596.685	10.103750000000218	epochs															maze	166.0
2596.685	6.073750000000018	epochs															maze_stem	166.0
2596.70775	15.288250000000062	trials	False	False	False	False	True	True	[0.7692405581474304, 0.23075948655605316, 0.7965268492698669, 0.20347319543361664]	-0.027286291122436523	-0.5657673627138138	0.013643145561218262	-0.2828836590051651	0.23075948655605316	[15507, 15507, 15507, 15507, 15507]	[15567, 15567, 15567, 15566, 15566]		
2602.778	4.010750000000371	epochs															maze_arm	166.0
2606.80925	5.166250000000218	epochs															feedback_and_iti	166.0
2606.80925	0.9875000000001819	epochs															feedback_delay	166.0
2607.82075	1.981000000000222	epochs															feedback	166.0
2609.99475	1.980750000000171	epochs															iti	166.0
2611.996	8.870249999999942	epochs															maze	167.0
2611.996	6.9090000000001055	epochs															maze_stem	167.0
2612.01625	14.054499999999734	trials	False	False	False	False	True	True	[0.6232116222381592, 0.37678834795951843, 0.7178610563278198, 0.2821389436721802]	-0.09464941918849945	-0.3410726934671402	0.04732470214366913	-0.1705363541841507	0.37678834795951843	[15599, 15599, 15599, 15599, 15598]	[15651, 15651, 15651, 15651, 15651]		
2618.9255	1.9407500000002074	epochs															maze_arm	167.0
2620.88525	5.164250000000266	epochs															feedback_and_iti	167.0
2620.88525	0.9840000000003783	epochs															feedback_delay	167.0
2621.8885	1.993750000000091	epochs															feedback	167.0
2624.068	1.981499999999869	epochs															iti	167.0
2626.07075	8.516500000000178	epochs															maze	168.0
2626.07075	6.486499999999978	epochs															maze_stem	168.0
2626.08975	13.693499999999858	trials	False	False	False	True	False	True	[0.41156578063964844, 0.5884342193603516, 0.5960426926612854, 0.4039572775363922]	-0.18447692692279816	-0.007608488202095032	0.09223845601081848	0.003804236650466919	0.5960426926612854	[15684, 15683, 15683, 15683, 15683]	[15734, 15734, 15733, 15733, 15733]		
2632.5775	2.0097500000001673	epochs															maze_arm	168.0
2634.6065	5.156750000000102	epochs															feedback_and_iti	168.0
2634.6065	0.9909999999999854	epochs															feedback_delay	168.0
2635.618	1.974250000000211	epochs															feedback	168.0
2637.7845	1.9787499999997635	epochs															iti	168.0
2639.78325	13.534500000000207	epochs															maze	169.0
2639.78325	10.638500000000022	epochs															maze_stem	169.0
2639.80425	18.728749999999764	trials	True	False	False	False	True	True	[0.6087296605110168, 0.39127033948898315, 0.7998732328414917, 0.20012682676315308]	-0.19114354252815247	-0.40860286355018616	0.09557175636291504	-0.20430141687393188	0.39127033948898315	[15766, 15766, 15765, 15765, 15765]	[15846, 15846, 15846, 15845, 15845]		
2650.4395	2.8782500000002074	epochs															maze_arm	169.0
2653.3355	5.175249999999778	epochs															feedback_and_iti	169.0
2653.3355	0.98824999999988	epochs															feedback_delay	169.0
2654.345	1.979500000000371	epochs															feedback	169.0
2656.5175	1.993249999999989	epochs															iti	169.0
2658.533	10.681250000000091	epochs															maze	170.0
2658.533	8.503000000000156	epochs															maze_stem	170.0
2658.55375	15.89325000000008	trials	False	False	False	False	True	True	[0.44311216473579407, 0.5568878054618835, 0.7680709362030029, 0.23192907869815826]	-0.32495874911546707	-0.2111831083893776	0.16247936338186264	-0.1055915579199791	0.5568878054618835	[15878, 15878, 15878, 15878, 15877]	[15941, 15941, 15941, 15941, 15941]		
2667.05575	2.1585000000000036	epochs															maze_arm	170.0
2669.233	5.189750000000004	epochs															feedback_and_iti	170.0
2669.233	0.9927499999998872	epochs															feedback_delay	170.0
2670.24625	1.9780000000000655	epochs															feedback	170.0
2672.442	1.980750000000171	epochs															iti	170.0
2674.447	13.152250000000095	epochs															maze	171.0
2674.447	10.933500000000095	epochs															maze_stem	171.0
2674.4705	20.19399999999996	trials	False	False	False	False	False	False	[0.31990769505500793, 0.6800922751426697, 0.7049314379692078, 0.2950685918331146]	-0.38502371311187744	-0.024839133024215698	-0.19251187145709991	0.012419566512107849	0.31990769505500793	[15974, 15973, 15973, 15973, 15973]	[16052, 16051, 16051, 16051, 16051]		
2685.40075	2.198500000000422	epochs															maze_arm	171.0
2687.619	7.023999999999887	epochs															feedback_and_iti	171.0
2687.619	0.9962499999996908	epochs															feedback_delay	171.0
2688.63475	1.9782499999996617	epochs															feedback	171.0
2690.65075	3.99225000000024	epochs															iti	171.0
2694.6645	8.679000000000087	epochs															maze	172.0
2694.6645	6.159250000000156	epochs															maze_stem	172.0
2694.6845	15.711250000000291	trials	False	False	False	False	False	False	[0.5270617604255676, 0.4729382395744324, 0.6713818907737732, 0.3286181092262268]	-0.14432013034820557	-0.19844365119934082	-0.07216006517410278	0.09922182559967041	0.5270617604255676	[16095, 16095, 16094, 16094, 16094]	[16146, 16146, 16146, 16145, 16145]		
2700.84525	2.4982500000000982	epochs															maze_arm	172.0
2703.364	7.011250000000018	epochs															feedback_and_iti	172.0
2703.364	0.9895000000001346	epochs															feedback_delay	172.0
2704.3745	1.9722500000002583	epochs															feedback	172.0
2706.386	3.9892500000000837	epochs															iti	172.0
2710.39575	10.616749999999683	epochs															maze	173.0
2710.39575	8.397500000000036	epochs															maze_stem	173.0
2710.41625	17.662999999999556	trials	False	False	False	False	False	False	[0.699454128742218, 0.30054590106010437, 0.7689895033836365, 0.23101048171520233]	-0.06953539699316025	-0.4684436246752739	-0.03476768732070923	0.23422181606292725	0.699454128742218	[16189, 16189, 16189, 16189, 16188]	[16252, 16252, 16252, 16251, 16251]		
2718.8145	2.1979999999998654	epochs															maze_arm	173.0
2721.03125	7.0277500000001965	epochs															feedback_and_iti	173.0
2721.03125	0.9842499999999745	epochs															feedback_delay	173.0
2722.038	1.987250000000131	epochs															feedback	173.0
2724.0645	3.9945000000002437	epochs															iti	173.0
2728.07925	10.736750000000029	epochs															maze	174.0
2728.07925	8.119250000000193	epochs															maze_stem	174.0
2728.0995	15.91125000000011	trials	False	False	False	True	False	True	[0.7370784282684326, 0.262921541929245, 0.7816486954689026, 0.21835124492645264]	-0.044570282101631165	-0.5187271684408188	0.022285133600234985	0.2593635618686676	0.7816486954689026	[16295, 16295, 16295, 16295, 16294]	[16359, 16358, 16358, 16358, 16358]		
2736.2185	2.5974999999998545	epochs															maze_arm	174.0
2738.83425	5.156500000000051	epochs															feedback_and_iti	174.0
2738.83425	0.9974999999999454	epochs															feedback_delay	174.0
2739.852	1.9707499999999527	epochs															feedback	174.0
2742.02325	1.9674999999997453	epochs															iti	174.0
2744.01075	10.954749999999876	epochs															maze	175.0
2744.01075	8.684749999999894	epochs															maze_stem	175.0
2744.0315	16.138750000000073	trials	True	False	False	True	False	True	[0.7540619969367981, 0.24593797326087952, 0.8569571375846863, 0.14304284751415253]	-0.10289513319730759	-0.6110191568732262	0.05144757032394409	0.3055095672607422	0.8569571375846863	[16391, 16391, 16390, 16390, 16390]	[16455, 16455, 16455, 16455, 16455]		
2752.71475	2.250749999999698	epochs															maze_arm	175.0
2754.985	5.161249999999654	epochs															feedback_and_iti	175.0
2754.985	0.9949999999998909	epochs															feedback_delay	175.0
2756.0	1.9724999999998545	epochs															feedback	175.0
2758.15275	1.9934999999995853	epochs															iti	175.0
2760.17025	21.001999999999953	epochs															maze	176.0
2760.17025	15.738749999999982	epochs															maze_stem	176.0
2760.1885	28.048999999999978	trials	True	False	False	True	True	False	[0.6723370552062988, 0.3276629149913788, 0.8380440473556519, 0.16195595264434814]	-0.16570697724819183	-0.5103811174631119	-0.08285348117351532	-0.25519056618213654	0.16195595264434814	[16488, 16487, 16487, 16487, 16487]	[16613, 16612, 16612, 16612, 16612]		
2775.92875	5.24350000000004	epochs															maze_arm	176.0
2781.191	7.0277500000001965	epochs															feedback_and_iti	176.0
2781.191	0.9917500000001382	epochs															feedback_delay	176.0
2782.20225	1.9855000000002292	epochs															feedback	176.0
2784.22525	3.99350000000004	epochs															iti	176.0
2788.2375	11.566749999999956	epochs															maze	177.0
2788.2375	7.663749999999709	epochs															maze_stem	177.0
2788.25875	16.7482500000001	trials	True	False	False	True	False	True	[0.5943395495414734, 0.4056604206562042, 0.6914430260658264, 0.30855700373649597]	-0.09710344672203064	-0.2857825756072998	0.048551738262176514	0.1428912878036499	0.6914430260658264	[16656, 16656, 16656, 16655, 16655]	[16724, 16724, 16724, 16724, 16724]		
2795.921	3.8832500000003165	epochs															maze_arm	177.0
2799.82575	5.159500000000207	epochs															feedback_and_iti	177.0
2799.82575	0.9810000000002219	epochs															feedback_delay	177.0
2800.828	1.987500000000182	epochs															feedback	177.0
2803.003	1.9822500000000218	epochs															iti	177.0
2805.007	10.137249999999767	epochs															maze	178.0
2805.007	7.563250000000153	epochs															maze_stem	178.0
2805.0275	15.336249999999836	trials	False	False	False	True	False	True	[0.6763986945152283, 0.32360127568244934, 0.8347776532173157, 0.16522231698036194]	-0.1583789587020874	-0.5111763775348663	0.0791894793510437	0.255588173866272	0.8347776532173157	[16756, 16756, 16756, 16756, 16756]	[16816, 16816, 16816, 16816, 16815]		
2812.58825	2.55600000000004	epochs															maze_arm	178.0
2815.164	5.179999999999836	epochs															feedback_and_iti	178.0
2815.164	0.9852499999997235	epochs															feedback_delay	178.0
2816.1695	1.9892500000000837	epochs															feedback	178.0
2818.35225	1.9917500000001382	epochs															iti	178.0
2820.36375	9.99474999999984	epochs															maze	179.0
2820.36375	7.815500000000156	epochs															maze_stem	179.0
2820.38225	15.179249999999683	trials	True	False	False	True	False	True	[0.6568230986595154, 0.3431769013404846, 0.8634831309318542, 0.13651688396930695]	-0.20666002482175827	-0.520306222140789	0.10333001613616943	0.2601531147956848	0.8634831309318542	[16849, 16848, 16848, 16848, 16848]	[16908, 16907, 16907, 16907, 16907]		
2828.19875	2.1597499999998035	epochs															maze_arm	179.0
2830.3775	5.16274999999996	epochs															feedback_and_iti	179.0
2830.3775	0.9994999999998981	epochs															feedback_delay	179.0
2831.39625	1.9725000000003092	epochs															feedback	179.0
2833.5455	1.99474999999984	epochs															iti	179.0
2835.5615	9.616750000000138	epochs															maze	180.0
2835.5615	7.714249999999993	epochs															maze_stem	180.0
2835.58225	14.82275000000027	trials	False	False	False	True	False	True	[0.6287847757339478, 0.37121522426605225, 0.8580505847930908, 0.14194943010807037]	-0.22926580160856247	-0.486835353076458	0.11463290452957153	0.2434176802635193	0.8580505847930908	[16940, 16939, 16939, 16939, 16939]	[16996, 16996, 16996, 16996, 16996]		
2843.2975	1.8807499999998072	epochs															maze_arm	180.0
2845.1975	5.180749999999989	epochs															feedback_and_iti	180.0
2845.1975	0.9849999999996726	epochs															feedback_delay	180.0
2846.20275	1.9862499999999272	epochs															feedback	180.0
2848.38925	1.9890000000000327	epochs															iti	180.0
2850.405	9.268749999999727	epochs															maze	181.0
2850.405	6.9594999999999345	epochs															maze_stem	181.0
2850.42675	14.4387499999998	trials	True	False	False	False	True	True	[0.6531928181648254, 0.3468071222305298, 0.8778237700462341, 0.12217621505260468]	-0.2246309295296669	-0.5310166254639626	0.11231545358896255	-0.26550833135843277	0.3468071222305298	[17029, 17028, 17028, 17028, 17028]	[17083, 17083, 17083, 17083, 17082]		
2857.38275	2.2909999999997126	epochs															maze_arm	181.0
2859.694	5.150250000000142	epochs															feedback_and_iti	181.0
2859.694	0.9977499999999964	epochs															feedback_delay	181.0
2860.711	1.9675000000002	epochs															feedback	181.0
2862.87625	1.968000000000302	epochs															iti	181.0
2864.8655	8.693250000000262	epochs															maze	182.0
2864.8655	6.86200000000008	epochs															maze_stem	182.0
2864.88425	13.899499999999989	trials	False	False	False	True	False	True	[0.5275881290435791, 0.4724119007587433, 0.8622857332229614, 0.13771429657936096]	-0.3346976041793823	-0.38987383246421814	0.16734880208969116	0.19493693113327026	0.8622857332229614	[17115, 17115, 17115, 17115, 17115]	[17167, 17166, 17166, 17166, 17166]		
2871.74725	1.811500000000251	epochs															maze_arm	182.0
2873.5785	5.182749999999942	epochs															feedback_and_iti	182.0
2873.5785	0.9964999999997417	epochs															feedback_delay	182.0
2874.59825	1.968499999999949	epochs															feedback	182.0
2876.776	1.9852500000001783	epochs															iti	182.0
2878.78375	8.547749999999724	epochs															maze	183.0
2878.78375	6.38675000000012	epochs															maze_stem	183.0
2878.8045	13.728999999999814	trials	False	False	False	False	True	True	[0.5666943192481995, 0.43330565094947815, 0.8684483170509338, 0.13155169785022736]	-0.3017539754509926	-0.4351426437497139	0.1508769765496254	-0.21757132560014725	0.43330565094947815	[17199, 17199, 17198, 17198, 17198]	[17249, 17249, 17249, 17248, 17248]		
2885.18875	2.142749999999978	epochs															maze_arm	183.0
2887.352	5.160750000000007	epochs															feedback_and_iti	183.0
2887.352	0.9985000000001492	epochs															feedback_delay	183.0
2888.3705	1.963249999999789	epochs															feedback	183.0
2890.52025	1.9924999999998363	epochs															iti	183.0
2892.5335	9.096500000000106	epochs															maze	184.0
2892.5335	6.839750000000095	epochs															maze_stem	184.0
2892.5535	14.286999999999807	trials	True	False	False	False	True	True	[0.4079277515411377, 0.5920723080635071, 0.8337659239768982, 0.1662340760231018]	-0.4258382022380829	-0.2416936457157135	0.21291911602020264	-0.12084680795669556	0.5920723080635071	[17281, 17281, 17281, 17281, 17280]	[17335, 17335, 17334, 17334, 17334]		
2899.391	2.2390000000000327	epochs															maze_arm	184.0
2901.652	5.169499999999971	epochs															feedback_and_iti	184.0
2901.652	0.9985000000001492	epochs															feedback_delay	184.0
2902.6725	1.9732500000000073	epochs															feedback	184.0
2904.8315	1.9900000000002365	epochs															iti	184.0
2906.8405	8.699500000000171	epochs															maze	185.0
2906.8405	6.492750000000342	epochs															maze_stem	185.0
2906.86	13.894249999999829	trials	True	False	False	False	True	True	[0.3770868182182312, 0.622913122177124, 0.8452304601669312, 0.15476951003074646]	-0.46814362704753876	-0.22231732308864594	0.23407180607318878	-0.11115868389606476	0.622913122177124	[17367, 17367, 17367, 17366, 17366]	[17418, 17418, 17418, 17418, 17417]		
2913.3525	2.1875	epochs															maze_arm	185.0
2915.559	5.171249999999873	epochs															feedback_and_iti	185.0
2915.559	0.9892499999996289	epochs															feedback_delay	185.0
2916.56825	1.9909999999999854	epochs															feedback	185.0
2918.743	1.987250000000131	epochs															iti	185.0
2920.75425	9.053499999999985	epochs															maze	186.0
2920.75425	7.033500000000004	epochs															maze_stem	186.0
2920.77875	14.249499999999898	trials	False	False	False	True	False	True	[0.37665948271751404, 0.6233404874801636, 0.8485223054885864, 0.15147770941257477]	-0.4718628004193306	-0.22518179565668106	0.2359314113855362	0.11259089410305023	0.8485223054885864	[17450, 17450, 17450, 17450, 17450]	[17504, 17504, 17503, 17503, 17503]		
2927.80775	2.0	epochs															maze_arm	186.0
2929.82775	5.180249999999887	epochs															feedback_and_iti	186.0
2929.82775	0.999250000000302	epochs															feedback_delay	186.0
2930.84825	1.9794999999999163	epochs															feedback	186.0
2933.0195	1.9884999999999309	epochs															iti	186.0
2935.02825	9.937249999999949	epochs															maze	187.0
2935.02825	7.951750000000175	epochs															maze_stem	187.0
2935.04775	15.130249999999705	trials	True	False	False	False	True	True	[0.41325587034225464, 0.5867441296577454, 0.8563372492790222, 0.1436627358198166]	-0.4430813863873482	-0.26959312707185745	0.22154069691896439	-0.13479656726121902	0.5867441296577454	[17536, 17536, 17536, 17535, 17535]	[17595, 17594, 17594, 17594, 17594]		
2942.999	1.9664999999999964	epochs															maze_arm	187.0
2944.9835	5.17450000000008	epochs															feedback_and_iti	187.0
2944.9835	0.9962500000001455	epochs															feedback_delay	187.0
2945.999	1.9780000000000655	epochs															feedback	187.0
2948.16075	1.9972499999998945	epochs															iti	187.0
2950.178	9.351250000000164	epochs															maze	188.0
2950.178	7.147750000000087	epochs															maze_stem	188.0
2950.19725	14.543749999999818	trials	True	False	False	True	False	True	[0.3234370946884155, 0.6765629649162292, 0.8386920690536499, 0.16130796074867249]	-0.5152549892663956	-0.16212911903858185	0.2576274871826172	0.08106458187103271	0.8386920690536499	[17627, 17627, 17626, 17626, 17626]	[17682, 17682, 17682, 17681, 17681]		
2957.3435	2.1857500000000982	epochs															maze_arm	188.0
2959.54925	5.172750000000178	epochs															feedback_and_iti	188.0
2959.54925	0.9915000000000873	epochs															feedback_delay	188.0
2960.562	1.98050000000012	epochs															feedback	188.0
2962.728	1.9940000000001419	epochs															iti	188.0
2964.741	8.304000000000087	epochs															maze	189.0
2964.741	6.138249999999971	epochs															maze_stem	189.0
2964.76125	13.498250000000098	trials	True	False	False	False	True	True	[0.31313619017601013, 0.6868638396263123, 0.8294501304626465, 0.1705498993396759]	-0.5163139402866364	-0.14258629083633423	0.2581569701433182	-0.07129313051700592	0.6868638396263123	[17714, 17714, 17714, 17714, 17713]	[17763, 17763, 17763, 17762, 17762]		
2970.89875	2.1462500000002365	epochs															maze_arm	189.0
2973.06625	5.172750000000178	epochs															feedback_and_iti	189.0
2973.06625	0.9852500000001783	epochs															feedback_delay	189.0
2974.0715	1.993249999999989	epochs															feedback	189.0
2976.259	1.9800000000000182	epochs															iti	189.0
2978.2595	7.944999999999709	epochs															maze	190.0
2978.2595	5.849499999999807	epochs															maze_stem	190.0
2978.2795	13.12124999999969	trials	False	False	False	True	False	True	[0.2855038046836853, 0.7144962549209595, 0.8353581428527832, 0.16464181244373322]	-0.5498543903231621	-0.12086194008588791	0.27492716908454895	0.06043097376823425	0.8353581428527832	[17795, 17795, 17795, 17795, 17794]	[17842, 17842, 17841, 17841, 17841]		
2984.1285	2.076000000000022	epochs															maze_arm	190.0
2986.22475	5.1550000000002	epochs															feedback_and_iti	190.0
2986.22475	0.9967500000002474	epochs															feedback_delay	190.0
2987.2405	1.9712500000000546	epochs															feedback	190.0
2989.395	1.9847500000000764	epochs															iti	190.0
2991.40075	8.866250000000036	epochs															maze	191.0
2991.40075	7.20575000000008	epochs															maze_stem	191.0
2991.421	14.072000000000116	trials	False	False	False	False	True	True	[0.3642857074737549, 0.6357143521308899, 0.8590472340583801, 0.14095275104045868]	-0.49476156383752823	-0.22333291918039322	0.2473808005452156	-0.11166644841432571	0.6357143521308899	[17874, 17874, 17874, 17873, 17873]	[17926, 17926, 17926, 17926, 17925]		
2998.62775	1.6392499999997199	epochs															maze_arm	191.0
3000.28525	5.189249999999902	epochs															feedback_and_iti	191.0
3000.28525	0.9902500000002874	epochs															feedback_delay	191.0
3001.29975	1.9809999999997672	epochs															feedback	191.0
3003.47275	2.0017499999999018	epochs															iti	191.0
3005.493	8.550000000000182	epochs															maze	192.0
3005.493	6.392249999999876	epochs															maze_stem	192.0
3005.51275	13.738749999999982	trials	True	False	False	True	False	True	[0.2701933681964874, 0.7298066020011902, 0.8319703936576843, 0.16802962124347687]	-0.5617770031094551	-0.10216376930475235	0.28088851273059845	0.051081880927085876	0.8319703936576843	[17958, 17958, 17958, 17958, 17958]	[18009, 18009, 18008, 18008, 18008]		
3011.9045	2.138500000000022	epochs															maze_arm	192.0
3014.062	5.169000000000324	epochs															feedback_and_iti	192.0
3014.062	0.9972499999998945	epochs															feedback_delay	192.0
3015.0795	1.9702500000003056	epochs															feedback	192.0
3017.24275	1.9882500000003347	epochs															iti	192.0
3019.2515	9.610000000000127	epochs															maze	193.0
3019.2515	7.126250000000255	epochs															maze_stem	193.0
3019.27175	14.809250000000247	trials	False	False	False	True	False	True	[0.24094580113887787, 0.7590541243553162, 0.8197548389434814, 0.18024513125419617]	-0.5788090154528618	-0.06070069223642349	0.2894045189023018	0.030350320041179657	0.8197548389434814	[18041, 18041, 18041, 18040, 18040]	[18098, 18097, 18097, 18097, 18097]		
3026.3995	2.461999999999989	epochs															maze_arm	193.0
3028.881	5.179250000000138	epochs															feedback_and_iti	193.0
3028.881	0.9887499999999818	epochs															feedback_delay	193.0
3029.88875	1.9767499999998108	epochs															feedback	193.0
3032.06725	1.9929999999999382	epochs															iti	193.0
3034.081	16.303249999999935	epochs															maze	194.0
3034.081	13.128999999999905	epochs															maze_stem	194.0
3034.101	23.341249999999945	trials	False	False	False	False	False	False	[0.35506272315979004, 0.6449373364448547, 0.8633986115455627, 0.13660144805908203]	-0.5083358883857727	-0.218461275100708	-0.25416794419288635	0.10923066735267639	0.35506272315979004	[18130, 18130, 18129, 18129, 18129]	[18227, 18226, 18226, 18226, 18226]		
3047.23025	3.1539999999999964	epochs															maze_arm	194.0
3050.4045	7.01825000000008	epochs															feedback_and_iti	194.0
3050.4045	0.9962499999996908	epochs															feedback_delay	194.0
3051.423	1.967750000000251	epochs															feedback	194.0
3053.43225	3.9905000000003383	epochs															iti	194.0
3057.44225	8.186499999999796	epochs															maze	195.0
3057.44225	6.088749999999891	epochs															maze_stem	195.0
3057.46325	13.353750000000218	trials	False	False	False	True	False	True	[0.5530493259429932, 0.44695064425468445, 0.8143413066864014, 0.18565872311592102]	-0.2612919509410858	-0.36739063262939453	0.1306459903717041	0.18369531631469727	0.8143413066864014	[18270, 18270, 18270, 18269, 18269]	[18318, 18318, 18318, 18317, 18317]		
3063.5515	2.0772499999998217	epochs															maze_arm	195.0
3065.64975	5.145750000000135	epochs															feedback_and_iti	195.0
3065.64975	0.9972499999998945	epochs															feedback_delay	195.0
3066.668	1.9664999999999964	epochs															feedback	195.0
3068.813	1.9825000000000728	epochs															iti	195.0
3070.817	9.940999999999804	epochs															maze	196.0
3070.817	7.911750000000211	epochs															maze_stem	196.0
3070.83625	15.13025000000016	trials	True	False	False	True	False	True	[0.5162327885627747, 0.48376724123954773, 0.8695093393325806, 0.13049061596393585]	-0.3532765880227089	-0.3857421353459358	0.17663827538490295	0.1928710639476776	0.8695093393325806	[18350, 18350, 18350, 18350, 18349]	[18409, 18409, 18408, 18408, 18408]		
3078.74875	2.0092499999996107	epochs															maze_arm	196.0
3080.77825	5.166000000000167	epochs															feedback_and_iti	196.0
3080.77825	0.9947500000002947	epochs															feedback_delay	196.0
3081.79575	1.9744999999998072	epochs															feedback	196.0
3083.957	1.987250000000131	epochs															iti	196.0
3085.9665	11.582499999999982	epochs															maze	197.0
3085.9665	9.918749999999818	epochs															maze_stem	197.0
3085.986	16.761250000000018	trials	False	False	False	True	False	True	[0.4252191185951233, 0.5747808218002319, 0.849306046962738, 0.15069390833377838]	-0.42408692091703415	-0.2745252177119255	0.21204346418380737	0.13726258277893066	0.849306046962738	[18441, 18441, 18441, 18440, 18440]	[18442, 18442, 18442, 18442, 18442]		
3095.90575	1.64325000000008	epochs															maze_arm	197.0
3097.57075	5.1550000000002	epochs															feedback_and_iti	197.0
3097.57075	0.9765000000002146	epochs															feedback_delay	197.0
3098.57125	1.9912500000000364	epochs															feedback	197.0
3100.74225	1.9835000000002765	epochs															iti	197.0
3102.74725	9.487250000000131	epochs															maze	198.0
3102.74725	7.5534999999999854	epochs															maze_stem	198.0
3102.7695	14.673500000000331	trials	False	False	False	True	False	True	[0.4781242907047272, 0.5218756794929504, 0.8688361048698425, 0.13116393983364105]	-0.39071177691221237	-0.3469603881239891	0.19535590708255768	0.17348019778728485	0.8688361048698425	[-2147483648, -2147483648, -2147483648, -2147483648, -2147483648]	[-2147483648, -2147483648, -2147483648, -2147483648, -2147483648]		
3110.321	1.9135000000001128	epochs															maze_arm	198.0
3112.25425	5.168999999999869	epochs															feedback_and_iti	198.0
3112.25425	0.9927499999998872	epochs															feedback_delay	198.0
3113.268	1.9712500000000546	epochs															feedback	198.0
3115.444	1.9792499999998654	epochs															iti	198.0
3117.443	12.967749999999796	epochs															maze	199.0
3117.443	11.068499999999858	epochs															maze_stem	199.0
3117.46375	18.16274999999996	trials	False	False	False	True	False	True	[0.468357115983963, 0.5316428542137146, 0.868516743183136, 0.13148322701454163]	-0.400159627199173	-0.3368738889694214	0.2000798135995865	0.1684369295835495	0.868516743183136	[-2147483648, -2147483648, -2147483648, -2147483648, -2147483648]	[-2147483648, -2147483648, -2147483648, -2147483648, -2147483648]		
3128.53175	1.8789999999999054	epochs															maze_arm	199.0
3130.4315	5.173749999999927	epochs															feedback_and_iti	199.0
3130.4315	0.9924999999998363	epochs															feedback_delay	199.0
3131.4435	1.9877500000002328	epochs															feedback	199.0
3133.624	1.9812500000002728	epochs															iti	199.0
3135.6265	10.807000000000244	epochs															maze	200.0
3135.6265	9.101500000000215	epochs															maze_stem	200.0
3135.6495	15.991750000000138	trials	False	False	False	True	False	True	[0.47533589601516724, 0.5246641039848328, 0.8712482452392578, 0.1287517547607422]	-0.3959123492240906	-0.34658414125442505	0.1979561746120453	0.17329207062721252	0.8712482452392578	[-2147483648, -2147483648, -2147483648, -2147483648, -2147483648]	[-2147483648, -2147483648, -2147483648, -2147483648, -2147483648]		
3144.74925	1.6842500000002474	epochs															maze_arm	200.0
3146.45375	5.167999999999665	epochs															feedback_and_iti	200.0
3146.45375	0.9890000000000327	epochs															feedback_delay	200.0
3147.46425	1.9877500000002328	epochs															feedback	200.0
3149.642	1.9797499999999673	epochs															iti	200.0
3151.64125	8.916249999999764	epochs															maze	201.0
3151.64125	7.806499999999687	epochs															maze_stem	201.0
3151.662	15.955000000000382	trials	False	False	False	False	False	False	[0.4815266728401184, 0.5184733271598816, 0.8731372952461243, 0.12686268985271454]	-0.39161062985658646	-0.3546639755368233	-0.19580531120300293	0.17733198404312134	0.4815266728401184	[-2147483648, -2147483648, -2147483648, -2147483648, -2147483648]	[-2147483648, -2147483648, -2147483648, -2147483648, -2147483648]		
3159.4705	1.086999999999989	epochs															maze_arm	201.0
3160.57875	7.0164999999997235	epochs															feedback_and_iti	201.0
3160.57875	0.9859999999998763	epochs															feedback_delay	201.0
3161.58575	1.9784999999997126	epochs															feedback	201.0
3163.607	3.98824999999988	epochs															iti	201.0
3167.617	7.495499999999993	epochs															maze	202.0
3167.617	4.9087499999996	epochs															maze_stem	202.0
3167.63625	12.68899999999985	trials	True	False	False	True	False	True	[0.6387458443641663, 0.3612542152404785, 0.8286659717559814, 0.17133407294750214]	-0.18992013484239578	-0.4674117639660835	0.09496006369590759	0.23370590806007385	0.8286659717559814	[-2147483648, -2147483648, -2147483648, -2147483648, -2147483648]	[-2147483648, -2147483648, -2147483648, -2147483648, -2147483648]		
3172.544	2.568500000000313	epochs															maze_arm	202.0
3175.13225	5.168999999999869	epochs															feedback_and_iti	202.0
3175.13225	0.9842499999999745	epochs															feedback_delay	202.0
3176.134	1.9887499999999818	epochs															feedback	202.0
3178.31225	1.9890000000000327	epochs															iti	202.0
3180.32525	8.087500000000091	epochs															maze	203.0
3180.32525	6.193749999999909	epochs															maze_stem	203.0
3180.34525	13.29175000000032	trials	False	False	False	True	False	True	[0.5284476280212402, 0.47155240178108215, 0.8555927872657776, 0.1444072425365448]	-0.32714515924453735	-0.38404038548469543	0.16357257962226868	0.1920202076435089	0.8555927872657776	[-2147483648, -2147483648, -2147483648, -2147483648, -2147483648]	[-2147483648, -2147483648, -2147483648, -2147483648, -2147483648]		
3186.53775	1.875	epochs															maze_arm	203.0
3188.4325	5.180499999999938	epochs															feedback_and_iti	203.0
3188.4325	0.9830000000001746	epochs															feedback_delay	203.0
3189.438	1.9924999999998363	epochs															feedback	203.0
3191.6165	1.9964999999997417	epochs															iti	203.0
3193.637	8.189249999999902	epochs															maze	204.0
3193.637	6.293749999999818	epochs															maze_stem	204.0
3193.65725	13.388500000000022	trials	False	False	False	True	False	True	[0.5809437036514282, 0.4190562963485718, 0.8815845847129822, 0.11841537803411484]	-0.30064089968800545	-0.4625283069908619	0.15032044053077698	0.2312641441822052	0.8815845847129822	[-2147483648, -2147483648, -2147483648, -2147483648, -2147483648]	[-2147483648, -2147483648, -2147483648, -2147483648, -2147483648]		
3199.95175	1.8744999999998981	epochs															maze_arm	204.0
3201.845	5.180000000000291	epochs															feedback_and_iti	204.0
3201.845	1.0	epochs															feedback_delay	204.0
3202.866	1.9744999999998072	epochs															feedback	204.0
3205.03425	1.9907499999999345	epochs															iti	204.0
3207.04575	7.759499999999662	epochs															maze	205.0
3207.04575	5.832749999999578	epochs															maze_stem	205.0
3207.06875	12.943500000000313	trials	False	False	False	True	False	True	[0.5623990297317505, 0.4376010000705719, 0.8810945749282837, 0.1189054399728775]	-0.3186955526471138	-0.4434935823082924	0.1593477725982666	0.2217468023300171	0.8810945749282837	[-2147483648, -2147483648, -2147483648, -2147483648, -2147483648]	[-2147483648, -2147483648, -2147483648, -2147483648, -2147483648]		
3212.899	1.90625	epochs															maze_arm	205.0
3214.83025	5.16150000000016	epochs															feedback_and_iti	205.0
3214.83025	0.9945000000002437	epochs															feedback_delay	205.0
3215.84475	1.9679999999998472	epochs															feedback	205.0
3218.00125	1.9905000000003383	epochs															iti	205.0
3220.01225	8.550499999999829	epochs															maze	206.0
3220.01225	6.306249999999636	epochs															maze_stem	206.0
3220.03225	13.761250000000018	trials	False	False	False	True	False	True	[0.5645330548286438, 0.4354669451713562, 0.8837565183639526, 0.11624342948198318]	-0.3192234896123409	-0.4482895992696285	0.15961173176765442	0.22414478659629822	0.8837565183639526	[-2147483648, -2147483648, -2147483648, -2147483648, -2147483648]	[-2147483648, -2147483648, -2147483648, -2147483648, -2147483648]		
3226.338	2.224749999999858	epochs															maze_arm	206.0
3228.58275	5.190000000000055	epochs															feedback_and_iti	206.0
3228.58275	0.9907499999999345	epochs															feedback_delay	206.0
3229.5935	1.9890000000000327	epochs															feedback	206.0
3231.78075	1.9920000000001892	epochs															iti	206.0
3233.7935	7.9917499999996835	epochs															maze	207.0
3233.7935	6.15224999999964	epochs															maze_stem	207.0
3233.817	13.157000000000153	trials	False	False	False	True	False	True	[0.5679582357406616, 0.432041734457016, 0.8856735825538635, 0.1143263652920723]	-0.3177153579890728	-0.45363185927271843	0.15885767340660095	0.22681590914726257	0.8856735825538635	[-2147483648, -2147483648, -2147483648, -2147483648, -2147483648]	[-2147483648, -2147483648, -2147483648, -2147483648, -2147483648]		
3239.966	1.819250000000011	epochs															maze_arm	207.0
3241.80525	5.146500000000287	epochs															feedback_and_iti	207.0
3241.80525	0.9892500000000837	epochs															feedback_delay	207.0
3242.816	1.9732500000000073	epochs															feedback	207.0
3244.969	1.9827500000001237	epochs															iti	207.0
3246.974	8.071750000000065	epochs															maze	208.0
3246.974	6.000749999999698	epochs															maze_stem	208.0
3246.99225	13.265750000000025	trials	True	False	False	False	True	True	[0.5729449391365051, 0.42705512046813965, 0.88739013671875, 0.11260991543531418]	-0.31444520130753517	-0.46033501997590065	0.15722260251641273	-0.2301674820482731	0.42705512046813965	[-2147483648, -2147483648, -2147483648, -2147483648, -2147483648]	[-2147483648, -2147483648, -2147483648, -2147483648, -2147483648]		
3252.99325	2.0525000000002365	epochs															maze_arm	208.0
3255.06525	5.171499999999924	epochs															feedback_and_iti	208.0
3255.06525	0.98700000000008	epochs															feedback_delay	208.0
3256.0715	1.9850000000001273	epochs															feedback	208.0
3258.24725	1.9895000000001346	epochs															iti	208.0
3260.258	7.135250000000269	epochs															maze	209.0
3260.258	5.364250000000084	epochs															maze_stem	209.0
3260.278	12.332250000000386	trials	False	False	False	True	False	True	[0.45081356167793274, 0.5491864085197449, 0.8690770268440247, 0.13092298805713654]	-0.41826344281435013	-0.319890595972538	0.20913173258304596	0.1599452942609787	0.8690770268440247	[-2147483648, -2147483648, -2147483648, -2147483648, -2147483648]	[-2147483648, -2147483648, -2147483648, -2147483648, -2147483648]		
3265.6425	1.7507500000001528	epochs															maze_arm	209.0
3267.41325	5.175499999999829	epochs															feedback_and_iti	209.0
3267.41325	0.9977499999999964	epochs															feedback_delay	209.0
3268.43175	1.9729999999999563	epochs															feedback	209.0
3270.6	1.9887499999999818	epochs															iti	209.0
3272.61025	11.698499999999967	epochs															maze	210.0
3272.61025	9.91424999999981	epochs															maze_stem	210.0
3272.63225	16.910249999999905	trials	True	False	False	False	True	True	[0.49029630422592163, 0.5097036957740784, 0.874208927154541, 0.1257910430431366]	-0.3839126378297806	-0.36450524628162384	0.1919563263654709	-0.18225263059139252	0.5097036957740784	[-2147483648, -2147483648, -2147483648, -2147483648, -2147483648]	[-2147483648, -2147483648, -2147483648, -2147483648, -2147483648]		
3282.5445	1.7642500000001746	epochs															maze_arm	210.0
3284.32875	5.193249999999807	epochs															feedback_and_iti	210.0
3284.32875	0.9917499999996835	epochs															feedback_delay	210.0
3285.341	1.9715000000001055	epochs															feedback	210.0
3287.528	1.9940000000001419	epochs															iti	210.0
3289.5425	8.91399999999976	epochs															maze	211.0
3289.5425	7.615499999999884	epochs															maze_stem	211.0
3289.56375	14.102750000000015	trials	False	False	False	False	True	True	[0.39657244086265564, 0.6034275889396667, 0.8621586561203003, 0.13784131407737732]	-0.46558624505996704	-0.25873109698295593	0.23279313743114471	-0.12936554849147797	0.6034275889396667	[-2147483648, -2147483648, -2147483648, -2147483648, -2147483648]	[-2147483648, -2147483648, -2147483648, -2147483648, -2147483648]		
3297.1795	1.276999999999589	epochs															maze_arm	211.0
3298.47675	5.168500000000222	epochs															feedback_and_iti	211.0
3298.47675	0.9975000000004002	epochs															feedback_delay	211.0
3299.4965	1.9689999999995962	epochs															feedback	211.0
3301.66175	1.9834999999998217	epochs															iti	211.0
3303.6665	9.767500000000382	epochs															maze	212.0
3303.6665	7.304000000000087	epochs															maze_stem	212.0
3303.68725	14.941249999999854	trials	False	False	False	False	True	True	[0.31061047315597534, 0.6893895864486694, 0.8413112759590149, 0.15868869423866272]	-0.5307008475065231	-0.15192173421382904	0.26535044610500336	-0.07596085965633392	0.6893895864486694	[18458, 18458, 18458, 18458, 18458]	[18516, 18516, 18516, 18515, 18515]		
3310.9905	2.443500000000313	epochs															maze_arm	212.0
3313.45625	5.149999999999636	epochs															feedback_and_iti	212.0
3313.45625	0.9942499999997381	epochs															feedback_delay	212.0
3314.4755	1.9637499999998909	epochs															feedback	212.0
3316.6285	1.9777500000000146	epochs															iti	212.0
3318.6285	8.783000000000357	epochs															maze	213.0
3318.6285	7.374000000000251	epochs															maze_stem	213.0
3318.64925	13.971500000000106	trials	False	False	False	False	True	True	[0.2385733425617218, 0.7614266872406006, 0.8235176205635071, 0.1764824390411377]	-0.5849442631006241	-0.0620909184217453	0.29247212409973145	-0.03104543685913086	0.7614266872406006	[18548, 18548, 18548, 18548, 18547]	[18600, 18600, 18599, 18599, 18599]		
3326.02225	1.3892500000001746	epochs															maze_arm	213.0
3327.4335	5.162499999999909	epochs															feedback_and_iti	213.0
3327.4335	0.9947499999998399	epochs															feedback_delay	213.0
3328.45	1.9767500000002656	epochs															feedback	213.0
3330.6125	1.9834999999998217	epochs															iti	213.0
3332.62075	7.8159999999998035	epochs															maze	214.0
3332.62075	5.688250000000153	epochs															maze_stem	214.0
3332.64725	14.855000000000018	trials	False	False	False	False	False	False	[0.21233074367046356, 0.7876692414283752, 0.8192445039749146, 0.18075548112392426]	-0.606913760304451	-0.03157526254653931	-0.3034568801522255	0.015787623822689056	0.21233074367046356	[18632, 18632, 18632, 18631, 18631]	[18678, 18678, 18678, 18677, 18677]		
3338.33975	2.0969999999997526	epochs															maze_arm	214.0
3340.45675	7.020500000000084	epochs															feedback_and_iti	214.0
3340.45675	0.9940000000001419	epochs															feedback_delay	214.0
3341.47325	1.9782500000001164	epochs															feedback	214.0
3343.4915	3.9857499999998254	epochs															iti	214.0
3347.50225	6.802000000000135	epochs															maze	215.0
3347.50225	5.220249999999851	epochs															maze_stem	215.0
3347.5265	12.01675000000023	trials	True	False	False	False	True	True	[0.4873613119125366, 0.5126386880874634, 0.7889068722724915, 0.21109314262866974]	-0.30154555290937424	-0.2762681767344475	0.15077277272939682	-0.13813408464193344	0.5126386880874634	[18721, 18721, 18721, 18721, 18720]	[18761, 18761, 18761, 18760, 18760]		
3352.74775	1.5565000000001419	epochs															maze_arm	215.0
3354.3235	5.199750000000222	epochs															feedback_and_iti	215.0
3354.3235	0.9847500000000764	epochs															feedback_delay	215.0
3355.32925	1.9940000000001419	epochs															feedback	215.0
3357.5285	1.9947500000002947	epochs															iti	215.0
3359.54325	8.895499999999629	epochs															maze	216.0
3359.54325	6.626749999999902	epochs															maze_stem	216.0
3359.56475	14.13000000000011	trials	True	False	False	False	True	True	[0.48876091837882996, 0.5112390518188477, 0.8711139559745789, 0.12888605892658234]	-0.3823530152440071	-0.3598748818039894	0.19117649644613266	-0.179937444627285	0.5112390518188477	[18793, 18793, 18793, 18793, 18793]	[18846, 18846, 18845, 18845, 18845]		
3366.18725	2.251499999999851	epochs															maze_arm	216.0
3368.4625	5.212749999999687	epochs															feedback_and_iti	216.0
3368.4625	0.9847500000000764	epochs															feedback_delay	216.0
3369.4665	1.9772499999999127	epochs															feedback	216.0
3371.717	1.9582499999996799	epochs															iti	216.0
3373.69475	7.714500000000044	epochs															maze	217.0
3373.69475	6.033249999999953	epochs															maze_stem	217.0
3373.7165	12.908249999999953	trials	False	False	False	False	True	True	[0.3855043947696686, 0.6144956350326538, 0.8366762399673462, 0.1633237898349762]	-0.4511718451976776	-0.22218060493469238	0.2255859225988388	-0.111090287566185	0.6144956350326538	[18878, 18878, 18878, 18878, 18877]	[18924, 18923, 18923, 18923, 18923]		
3379.74625	1.663000000000011	epochs															maze_arm	217.0
3381.4335	5.171499999999924	epochs															feedback_and_iti	217.0
3381.4335	0.9789999999998145	epochs															feedback_delay	217.0
3382.43475	1.986750000000029	epochs															feedback	217.0
3384.638	1.9670000000000982	epochs															iti	217.0
3386.62475	8.211999999999989	epochs															maze	218.0
3386.62475	6.304500000000189	epochs															maze_stem	218.0
3386.6425	13.415250000000015	trials	True	False	False	True	False	True	[0.26481592655181885, 0.7351840138435364, 0.7923937439918518, 0.2076062709093094]	-0.52757778018713	-0.057209692895412445	0.2637889087200165	0.028604835271835327	0.7923937439918518	[18956, 18956, 18955, 18955, 18955]	[19004, 19004, 19004, 19003, 19003]		
3392.94725	1.8894999999997708	epochs															maze_arm	218.0
3394.8575	5.175249999999778	epochs															feedback_and_iti	218.0
3394.8575	0.9834999999998217	epochs															feedback_delay	218.0
3395.8615	1.9834999999998217	epochs															feedback	218.0
3398.035	1.9977499999999964	epochs															iti	218.0
3400.05775	7.079999999999927	epochs															maze	219.0
3400.05775	5.6782499999999345	epochs															maze_stem	219.0
3400.07975	12.278000000000247	trials	False	False	False	True	False	True	[0.27126312255859375, 0.7287368774414062, 0.8135386109352112, 0.18646135926246643]	-0.5422755032777786	-0.08480174839496613	0.2711377441883087	0.042400866746902466	0.8135386109352112	[19036, 19036, 19036, 19036, 19036]	[19078, 19078, 19077, 19077, 19077]		
3405.756	1.381750000000011	epochs															maze_arm	219.0
3407.15975	5.178000000000338	epochs															feedback_and_iti	219.0
3407.15975	0.9795000000003711	epochs															feedback_delay	219.0
3408.16025	1.9822500000000218	epochs															feedback	219.0
3410.36075	1.9770000000003165	epochs															iti	219.0
3412.35775	8.887499999999818	epochs															maze	220.0
3412.35775	6.0222499999999854	epochs															maze_stem	220.0
3412.37875	14.083500000000186	trials	True	False	False	False	True	True	[0.39389514923095703, 0.606104850769043, 0.8636569976806641, 0.13634304702281952]	-0.46976182609796524	-0.2575521245598793	0.23488090187311172	-0.12877605110406876	0.606104850769043	[19110, 19110, 19110, 19109, 19109]	[19162, 19162, 19162, 19162, 19162]		
3418.3985	2.8467500000001564	epochs															maze_arm	220.0
3421.2645	5.177249999999731	epochs															feedback_and_iti	220.0
3421.2645	0.9877499999997781	epochs															feedback_delay	220.0
3422.27525	1.987749999999778	epochs															feedback	220.0
3424.457	1.9847500000000764	epochs															iti	220.0
3426.46225	7.022500000000036	epochs															maze	221.0
3426.46225	4.882250000000113	epochs															maze_stem	221.0
3426.483	14.08324999999968	trials	False	False	False	False	False	False	[0.30509668588638306, 0.6949033141136169, 0.8440845012664795, 0.1559155434370041]	-0.5389877930283546	-0.14918116480112076	-0.2694939076900482	0.07459059357643127	0.30509668588638306	[19195, 19194, 19194, 19194, 19194]	[19236, 19236, 19235, 19235, 19235]		
3431.3645	2.120249999999942	epochs															maze_arm	221.0
3433.506	7.03525000000036	epochs															feedback_and_iti	221.0
3433.506	0.9985000000001492	epochs															feedback_delay	221.0
3434.52475	1.981249999999818	epochs															feedback	221.0
3436.547	3.994250000000193	epochs															iti	221.0
3440.56625	7.385999999999967	epochs															maze	222.0
3440.56625	4.7645000000002256	epochs															maze_stem	222.0
3440.59275	12.55450000000019	trials	False	False	False	False	True	True	[0.5543385744094849, 0.44566139578819275, 0.7997894883155823, 0.20021051168441772]	-0.24545089900493622	-0.35412807762622833	0.12272544205188751	-0.17706404626369476	0.44566139578819275	[19279, 19279, 19279, 19279, 19278]	[19323, 19322, 19322, 19322, 19322]		
3445.35075	2.60149999999976	epochs															maze_arm	222.0
3447.97175	5.155999999999949	epochs															feedback_and_iti	222.0
3447.97175	0.9819999999999709	epochs															feedback_delay	222.0
3448.97525	1.9857499999998254	epochs															feedback	222.0
3451.137	1.9907499999999345	epochs															iti	222.0
3453.14725	7.192000000000007	epochs															maze	223.0
3453.14725	5.103250000000116	epochs															maze_stem	223.0
3453.168	12.387499999999818	trials	True	False	False	True	False	True	[0.40020084381103516, 0.5997992157936096, 0.8471237421035767, 0.15287630259990692]	-0.4469229057431221	-0.24732453376054764	0.22346144914627075	0.12366229295730591	0.8471237421035767	[19355, 19354, 19354, 19354, 19354]	[19397, 19397, 19396, 19396, 19396]		
3458.26975	2.069500000000062	epochs															maze_arm	223.0
3460.35875	5.175999999999931	epochs															feedback_and_iti	223.0
3460.35875	0.9890000000000327	epochs															feedback_delay	223.0
3461.36725	1.9775000000004184	epochs															feedback	223.0
3463.53825	1.9964999999997417	epochs															iti	223.0
3465.5555	8.413000000000011	epochs															maze	224.0
3465.5555	6.001749999999902	epochs															maze_stem	224.0
3465.576	15.449749999999767	trials	False	False	False	False	False	False	[0.31258928775787354, 0.6874107122421265, 0.8261377811431885, 0.17386221885681152]	-0.5135484933853149	-0.138727068901062	-0.25677424669265747	0.069363534450531	0.31258928775787354	[19429, 19429, 19429, 19428, 19428]	[19479, 19478, 19478, 19478, 19478]		
3471.578	2.3904999999999745	epochs															maze_arm	224.0
3473.989	7.013750000000073	epochs															feedback_and_iti	224.0
3473.989	0.987250000000131	epochs															feedback_delay	224.0
3474.99575	1.9769999999998618	epochs															feedback	224.0
3477.00975	3.992999999999938	epochs															iti	224.0
3481.02575	7.550750000000335	epochs															maze	225.0
3481.02575	4.6147500000001855	epochs															maze_stem	225.0
3481.04675	14.579000000000178	trials	False	False	False	False	False	False	[0.6126784086227417, 0.3873216211795807, 0.7910076975822449, 0.20899228751659393]	-0.17832931131124496	-0.403686098754406	-0.08916464447975159	0.2018430531024933	0.6126784086227417	[19522, 19522, 19521, 19521, 19521]	[19566, 19566, 19566, 19565, 19565]		
3485.65975	2.91675000000032	epochs															maze_arm	225.0
3488.59575	7.008000000000266	epochs															feedback_and_iti	225.0
3488.59575	0.9822500000000218	epochs															feedback_delay	225.0
3489.59925	1.981249999999818	epochs															feedback	225.0
3491.62075	3.9830000000001746	epochs															iti	225.0
3495.62575	6.469249999999647	epochs															maze	226.0
3495.62575	4.961249999999836	epochs															maze_stem	226.0
3495.64475	13.516500000000178	trials	False	False	False	False	False	False	[0.7259001731872559, 0.27409976720809937, 0.8396848440170288, 0.1603151261806488]	-0.11378465592861176	-0.5655850619077682	-0.056892335414886475	0.28279250860214233	0.7259001731872559	[19609, 19609, 19609, 19609, 19608]	[19647, 19647, 19647, 19647, 19646]		
3500.617	1.4779999999996107	epochs															maze_arm	226.0
3502.11525	7.019000000000233	epochs															feedback_and_iti	226.0
3502.11525	0.9825000000000728	epochs															feedback_delay	226.0
3503.1195	1.9732500000000073	epochs															feedback	226.0
3505.14175	3.992500000000291	epochs															iti	226.0
3509.16125	10.59875000000011	epochs															maze	227.0
3509.16125	9.035249999999905	epochs															maze_stem	227.0
3509.18575	17.66424999999981	trials	False	False	False	False	False	False	[0.7672651410102844, 0.23273488879203796, 0.842614471912384, 0.15738551318645477]	-0.0753493532538414	-0.6098796054720879	-0.037674665451049805	0.30493980646133423	0.7672651410102844	[19690, 19690, 19690, 19690, 19690]	[19753, 19753, 19753, 19752, 19752]		
3518.216	1.5440000000003238	epochs															maze_arm	227.0
3519.781	7.0349999999998545	epochs															feedback_and_iti	227.0
3519.781	0.9945000000002437	epochs															feedback_delay	227.0
3520.7955	1.9854999999997744	epochs															feedback	227.0
3522.824	3.9919999999997344	epochs															iti	227.0
3526.85	8.846250000000055	epochs															maze	228.0
3526.85	6.283249999999953	epochs															maze_stem	228.0
3526.88075	15.865250000000287	trials	False	False	False	False	False	False	[0.7867022156715393, 0.2132977992296219, 0.8394027352333069, 0.1605973243713379]	-0.05270049721002579	-0.6261049136519432	-0.02635025978088379	0.3130524754524231	0.7867022156715393	[19796, 19796, 19796, 19796, 19796]	[19849, 19848, 19848, 19848, 19848]		
3533.155	2.5412499999997635	epochs															maze_arm	228.0
3535.71775	7.010000000000218	epochs															feedback_and_iti	228.0
3535.71775	0.9985000000001492	epochs															feedback_delay	228.0
3536.746	1.9562499999997272	epochs															feedback	228.0
3538.74025	3.987500000000182	epochs															iti	228.0
3542.746	11.007499999999709	epochs															maze	229.0
3542.746	9.669750000000022	epochs															maze_stem	229.0
3542.7665	18.051500000000033	trials	False	False	False	False	False	False	[0.7993671894073486, 0.20063284039497375, 0.8364554643630981, 0.1635444611310959]	-0.03708832710981369	-0.6358226761221886	-0.018544137477874756	0.3179113268852234	0.7993671894073486	[19892, 19892, 19891, 19891, 19891]	[19957, 19957, 19956, 19956, 19956]		
3552.4495	1.3039999999996326	epochs															maze_arm	229.0
3553.77625	7.019749999999931	epochs															feedback_and_iti	229.0
3553.77625	0.9882500000003347	epochs															feedback_delay	229.0
3554.78925	1.9780000000000655	epochs															feedback	229.0
3556.80725	3.988749999999982	epochs															iti	229.0
3560.818	9.204249999999774	epochs															maze	230.0
3560.818	6.105999999999767	epochs															maze_stem	230.0
3560.84075	16.246250000000146	trials	False	False	False	False	False	False	[0.8092848658561707, 0.19071516394615173, 0.8351523876190186, 0.16484756767749786]	-0.025867559015750885	-0.6444372609257698	-0.01293376088142395	0.3222186267375946	0.8092848658561707	[20000, 20000, 20000, 20000, 19999]	[20054, 20054, 20054, 20054, 20054]		
3566.942	3.080249999999978	epochs															maze_arm	230.0
3570.041	7.02074999999968	epochs															feedback_and_iti	230.0
3570.041	0.9977499999999964	epochs															feedback_delay	230.0
3571.05975	1.9692500000001019	epochs															feedback	230.0
3573.0695	3.9922499999997854	epochs															iti	230.0
3577.087	9.23849999999993	epochs															maze	231.0
3577.087	7.241500000000087	epochs															maze_stem	231.0
3577.108	14.431999999999789	trials	False	False	False	False	True	True	[0.8175396919250488, 0.1824602633714676, 0.8351678252220154, 0.1648321896791458]	-0.017628103494644165	-0.6527075320482254	0.008814036846160889	-0.3263537734746933	0.1824602633714676	[20098, 20097, 20097, 20097, 20097]	[20152, 20152, 20152, 20152, 20151]		
3584.3495	1.9760000000001128	epochs															maze_arm	231.0
3586.34475	5.173999999999978	epochs															feedback_and_iti	231.0
3586.34475	0.9922499999997854	epochs															feedback_delay	231.0
3587.35775	1.969499999999698	epochs															feedback	231.0
3589.533	1.9857500000002801	epochs															iti	231.0
3591.54	10.602499999999964	epochs															maze	232.0
3591.54	7.9900000000002365	epochs															maze_stem	232.0
3591.56075	17.633749999999964	trials	False	False	False	False	False	False	[0.684650182723999, 0.315349817276001, 0.7244312167167664, 0.27556881308555603]	-0.03978101909160614	-0.4090813845396042	-0.019890516996383667	0.2045406997203827	0.684650182723999	[20184, 20184, 20184, 20184, 20184]	[20247, 20247, 20247, 20246, 20246]		
3599.549	2.593499999999949	epochs															maze_arm	232.0
3602.16225	7.0092500000000655	epochs															feedback_and_iti	232.0
3602.16225	0.9915000000000873	epochs															feedback_delay	232.0
3603.175	1.9702499999998508	epochs															feedback	232.0
3605.1855	3.9859999999998763	epochs															iti	232.0
3609.1945	8.210749999999734	epochs															maze	233.0
3609.1945	4.8972499999999854	epochs															maze_stem	233.0
3609.2145	13.38149999999996	trials	False	False	False	True	False	True	[0.7398415803909302, 0.2601584494113922, 0.748894214630127, 0.25110578536987305]	-0.009052649140357971	-0.48873578011989594	0.004526317119598389	0.24436789751052856	0.748894214630127	[20290, 20290, 20290, 20290, 20289]	[20338, 20338, 20338, 20338, 20338]		
3614.1125	3.2927499999996144	epochs															maze_arm	233.0
3617.42575	5.150750000000244	epochs															feedback_and_iti	233.0
3617.42575	0.98700000000008	epochs															feedback_delay	233.0
3618.433	1.97524999999996	epochs															feedback	233.0
3620.5905	1.986000000000331	epochs															iti	233.0
3622.596	9.273999999999887	epochs															maze	234.0
3622.596	7.030749999999898	epochs															maze_stem	234.0
3622.616	14.481999999999971	trials	True	False	False	True	False	True	[0.8154006600379944, 0.18459931015968323, 0.8825118541717529, 0.11748810857534409]	-0.06711119785904884	-0.69791254773736	0.03355559706687927	0.34895625710487366	0.8825118541717529	[20371, 20370, 20370, 20370, 20370]	[20425, 20425, 20425, 20425, 20424]		
3629.64425	2.225750000000062	epochs															maze_arm	234.0
3631.88975	5.182500000000346	epochs															feedback_and_iti	234.0
3631.88975	0.9800000000000182	epochs															feedback_delay	234.0
3632.89025	1.999000000000251	epochs															feedback	234.0
3635.08525	1.98700000000008	epochs															iti	234.0
3637.098	8.143750000000182	epochs															maze	235.0
3637.098	6.294750000000022	epochs															maze_stem	235.0
3637.1195	13.320500000000266	trials	True	False	False	False	True	True	[0.736065685749054, 0.26393434405326843, 0.8576738834381104, 0.14232617616653442]	-0.1216081827878952	-0.5937395244836807	0.060804083943367004	-0.29686973989009857	0.26393434405326843	[20457, 20457, 20457, 20457, 20457]	[20505, 20505, 20505, 20505, 20505]		
3643.41175	1.8299999999999272	epochs															maze_arm	235.0
3645.261	5.157250000000204	epochs															feedback_and_iti	235.0
3645.261	0.9875000000001819	epochs															feedback_delay	235.0
3646.26725	1.9802500000000691	epochs															feedback	235.0
3648.442	1.9762500000001637	epochs															iti	235.0
3650.44	11.25	epochs															maze	236.0
3650.44	9.618249999999989	epochs															maze_stem	236.0
3650.4605	16.418249999999716	trials	False	False	False	True	False	True	[0.584953248500824, 0.415046751499176, 0.8044876456260681, 0.19551241397857666]	-0.21953436732292175	-0.3894408643245697	0.10976719856262207	0.19472044706344604	0.8044876456260681	[20537, 20537, 20537, 20537, 20537]	[20604, 20604, 20604, 20603, 20603]		
3660.0785	1.6114999999999782	epochs															maze_arm	236.0
3661.71025	5.147500000000036	epochs															feedback_and_iti	236.0
3661.71025	0.9895000000001346	epochs															feedback_delay	236.0
3662.72	1.9757500000000618	epochs															feedback	236.0
3664.9125	1.9452500000002146	epochs															iti	236.0
3666.87875	10.265249999999924	epochs															maze	237.0
3666.87875	7.226000000000113	epochs															maze_stem	237.0
3666.89775	15.478499999999713	trials	False	False	False	True	False	True	[0.6503664255142212, 0.3496336042881012, 0.8679196834564209, 0.13208025693893433]	-0.2175533026456833	-0.5182861238718033	0.10877662897109985	0.25914305448532104	0.8679196834564209	[20636, 20636, 20636, 20635, 20635]	[20697, 20696, 20696, 20696, 20696]		
3674.12425	3.019749999999931	epochs															maze_arm	237.0
3677.16575	5.189499999999953	epochs															feedback_and_iti	237.0
3677.16575	0.993750000000091	epochs															feedback_delay	237.0
3678.1795	1.9837499999998727	epochs															feedback	237.0
3680.37925	1.9760000000001128	epochs															iti	237.0
3682.37625	15.696000000000367	epochs															maze	238.0
3682.37625	12.858750000000327	epochs															maze_stem	238.0
3682.39425	20.87525000000005	trials	True	False	False	False	True	True	[0.6574500203132629, 0.34254997968673706, 0.8859160542488098, 0.11408397555351257]	-0.22846601903438568	-0.5433660596609116	0.11423300206661224	-0.2716830223798752	0.34254997968673706	[20729, 20729, 20729, 20728, 20728]	[20822, 20822, 20822, 20822, 20821]		
3695.2585	2.8137500000002547	epochs															maze_arm	238.0
3698.08975	5.159499999999753	epochs															feedback_and_iti	238.0
3698.08975	1.0	epochs															feedback_delay	238.0
3699.10925	1.9655000000002474	epochs															feedback	238.0
3701.256	1.993249999999989	epochs															iti	238.0
3703.2695	9.178750000000036	epochs															maze	239.0
3703.2695	6.659250000000156	epochs															maze_stem	239.0
3703.28925	14.374250000000302	trials	True	False	False	True	False	True	[0.5410146117210388, 0.45898541808128357, 0.8594760298728943, 0.1405240297317505]	-0.3184614032506943	-0.4004905968904495	0.15923070907592773	0.20024532079696655	0.8594760298728943	[20854, 20854, 20854, 20854, 20853]	[20908, 20908, 20908, 20908, 20908]		
3709.947	2.5012499999998	epochs															maze_arm	239.0
3712.468	5.171250000000327	epochs															feedback_and_iti	239.0
3712.468	0.9977499999999964	epochs															feedback_delay	239.0
3713.48575	1.9762500000001637	epochs															feedback	239.0
3715.64525	1.9940000000001419	epochs															iti	239.0
3717.6635	9.429000000000087	epochs															maze	240.0
3717.6635	7.603499999999713	epochs															maze_stem	240.0
3717.684	14.623499999999694	trials	False	False	False	True	False	True	[0.5405056476593018, 0.45949429273605347, 0.8557395935058594, 0.14426042139530182]	-0.31523390859365463	-0.3962452635169029	0.1576169729232788	0.19812262058258057	0.8557395935058594	[20941, 20940, 20940, 20940, 20940]	[20996, 20996, 20996, 20996, 20995]		
3725.2865	1.80600000000004	epochs															maze_arm	240.0
3727.11475	5.1720000000000255	epochs															feedback_and_iti	240.0
3727.11475	0.9994999999998981	epochs															feedback_delay	240.0
3728.1415	1.957999999999629	epochs															feedback	240.0
3730.29375	1.993000000000393	epochs															iti	240.0
3732.3075	8.577000000000226	epochs															maze	241.0
3732.3075	6.363749999999982	epochs															maze_stem	241.0
3732.3275	13.763750000000073	trials	True	False	False	True	False	True	[0.6133278608322144, 0.38667207956314087, 0.8903047442436218, 0.10969524085521698]	-0.2769768610596657	-0.5036326423287392	0.13848844170570374	0.2518163025379181	0.8903047442436218	[21028, 21028, 21028, 21028, 21028]	[21079, 21079, 21078, 21078, 21078]		
3738.6915	2.193000000000211	epochs															maze_arm	241.0
3740.905	5.167749999999614	epochs															feedback_and_iti	241.0
3740.905	0.9894999999996799	epochs															feedback_delay	241.0
3741.91375	1.981999999999971	epochs															feedback	241.0
3744.085	1.987749999999778	epochs															iti	241.0
3746.09125	10.05074999999988	epochs															maze	242.0
3746.09125	7.395500000000084	epochs															maze_stem	242.0
3746.113	15.241750000000138	trials	True	False	False	True	False	True	[0.5740259289741516, 0.4259741008281708, 0.8757220506668091, 0.12427797168493271]	-0.30169612541794777	-0.4497479535639286	0.15084806084632874	0.22487398982048035	0.8757220506668091	[21111, 21111, 21111, 21110, 21110]	[21170, 21170, 21170, 21170, 21169]		
3753.51125	2.630749999999807	epochs															maze_arm	242.0
3756.1645	5.16924999999992	epochs															feedback_and_iti	242.0
3756.1645	0.9942500000001928	epochs															feedback_delay	242.0
3757.178	1.9857500000002801	epochs															feedback	242.0
3759.35125	1.982499999999618	epochs															iti	242.0
3761.35475	20.193249999999807	epochs															maze	243.0
3761.35475	18.33100000000013	epochs															maze_stem	243.0
3761.37525	27.23050000000012	trials	False	False	False	False	False	False	[0.5923249125480652, 0.4076750874519348, 0.8853580355644226, 0.1146419569849968]	-0.2930331267416477	-0.4776829518377781	-0.1465165615081787	0.2388414740562439	0.5923249125480652	[21202, 21202, 21202, 21202, 21202]	[21323, 21322, 21322, 21322, 21322]		
3779.7055	1.8424999999997453	epochs															maze_arm	243.0
3781.56725	7.018000000000029	epochs															feedback_and_iti	243.0
3781.56725	0.99350000000004	epochs															feedback_delay	243.0
3782.582	1.968000000000302	epochs															feedback	243.0
3784.58975	3.9954999999999927	epochs															iti	243.0
3788.60575	8.663000000000011	epochs															maze	244.0
3788.60575	6.270250000000033	epochs															maze_stem	244.0
3788.62575	15.713249999999789	trials	False	False	False	False	False	False	[0.7101694941520691, 0.2898305356502533, 0.8511432409286499, 0.1488567590713501]	-0.140973761677742	-0.5613127201795578	-0.0704868733882904	0.2806563675403595	0.7101694941520691	[21366, 21366, 21365, 21365, 21365]	[21417, 21417, 21416, 21416, 21416]		
3794.8965	2.3722500000003492	epochs															maze_arm	244.0
3797.28825	7.027749999999742	epochs															feedback_and_iti	244.0
3797.28825	0.9884999999999309	epochs															feedback_delay	244.0
3798.29675	1.987250000000131	epochs															feedback	244.0
3800.329	3.9869999999996253	epochs															iti	244.0
3804.339	9.704749999999876	epochs															maze	245.0
3804.339	7.7465000000001965	epochs															maze_stem	245.0
3804.3625	14.918499999999767	trials	False	False	False	False	True	True	[0.7962499856948853, 0.20375005900859833, 0.8801240921020508, 0.11987590044736862]	-0.08387413248419762	-0.6763740591704845	0.04193707928061485	-0.3381870202720165	0.20375005900859833	[21460, 21460, 21460, 21460, 21459]	[21517, 21517, 21517, 21517, 21517]		
3812.1075	1.9362499999997453	epochs															maze_arm	245.0
3814.06325	5.1967500000000655	epochs															feedback_and_iti	245.0
3814.06325	0.9922499999997854	epochs															feedback_delay	245.0
3815.076	1.986750000000029	epochs															feedback	245.0
3817.276	1.9840000000003783	epochs															iti	245.0
3819.281	10.780499999999847	epochs															maze	246.0
3819.281	8.135999999999967	epochs															maze_stem	246.0
3819.29925	15.981499999999869	trials	True	False	False	True	False	True	[0.6886478662490845, 0.3113521337509155, 0.8621529936790466, 0.13784705102443695]	-0.17350510507822037	-0.5508008375763893	0.08675256371498108	0.27540042996406555	0.8621529936790466	[21550, 21550, 21549, 21549, 21549]	[21613, 21613, 21613, 21613, 21613]		
3827.43675	2.624749999999949	epochs															maze_arm	246.0
3830.08125	5.177499999999782	epochs															feedback_and_iti	246.0
3830.08125	0.9872499999996762	epochs															feedback_delay	246.0
3831.08775	1.9919999999997344	epochs															feedback	246.0
3833.26725	1.9915000000000873	epochs															iti	246.0
3835.28075	10.468499999999949	epochs															maze	247.0
3835.28075	6.788250000000062	epochs															maze_stem	247.0
3835.29975	17.50774999999976	trials	False	False	False	True	True	False	[0.635132908821106, 0.36486709117889404, 0.8548082709312439, 0.1451917290687561]	-0.21967536211013794	-0.48994117975234985	-0.10983768105506897	-0.24497058987617493	0.1451917290687561	[21646, 21645, 21645, 21645, 21645]	[21708, 21707, 21707, 21707, 21707]		
3842.0895	3.6597499999998035	epochs															maze_arm	247.0
3845.76925	7.017749999999978	epochs															feedback_and_iti	247.0
3845.76925	0.9877500000002328	epochs															feedback_delay	247.0
3846.77725	1.981999999999971	epochs															feedback	247.0
3848.808	3.9789999999998145	epochs															iti	247.0
3852.8075	6.82300000000032	epochs															maze	248.0
3852.8075	4.974500000000262	epochs															maze_stem	248.0
3852.829	12.040999999999713	trials	False	False	False	True	False	True	[0.5301449298858643, 0.46985507011413574, 0.643226146697998, 0.35677382349967957]	-0.11308123171329498	-0.1733710914850235	0.056540608406066895	0.08668553829193115	0.643226146697998	[21751, 21751, 21750, 21750, 21750]	[21791, 21791, 21790, 21790, 21790]		
3857.801	1.8295000000002801	epochs															maze_arm	248.0
3859.64875	5.199750000000222	epochs															feedback_and_iti	248.0
3859.64875	0.987250000000131	epochs															feedback_delay	248.0
3860.65575	1.9927499999998872	epochs															feedback	248.0
3862.87525	1.9732500000000073	epochs															iti	248.0
3864.87	7.507250000000113	epochs															maze	249.0
3864.87	5.409750000000258	epochs															maze_stem	249.0
3864.89025	12.70049999999992	trials	True	False	False	False	True	True	[0.6875132322311401, 0.31248676776885986, 0.8484644889831543, 0.15153548121452332]	-0.16095127165317535	-0.5359777361154556	0.08047564327716827	-0.2679888755083084	0.31248676776885986	[21823, 21823, 21823, 21822, 21822]	[21867, 21867, 21867, 21867, 21866]		
3870.29825	2.0790000000001783	epochs															maze_arm	249.0
3872.39525	5.175249999999778	epochs															feedback_and_iti	249.0
3872.39525	0.9902499999998327	epochs															feedback_delay	249.0
3873.409	1.981249999999818	epochs															feedback	249.0
3875.5745	1.9959999999996398	epochs															iti	249.0
3877.59075	8.002250000000004	epochs															maze	250.0
3877.59075	5.725750000000062	epochs															maze_stem	250.0
3877.6105	13.195750000000317	trials	True	False	False	False	True	True	[0.5620957612991333, 0.4379042088985443, 0.8234925866127014, 0.17650741338729858]	-0.2613968104124069	-0.3855883628129959	0.13069839775562286	-0.19279418885707855	0.4379042088985443	[21899, 21899, 21899, 21899, 21899]	[21946, 21946, 21946, 21946, 21946]		
3883.33575	2.257249999999658	epochs															maze_arm	250.0
3885.61225	5.1729999999997744	epochs															feedback_and_iti	250.0
3885.61225	0.9904999999998836	epochs															feedback_delay	250.0
3886.623	1.9794999999999163	epochs															feedback	250.0
3888.7905	1.99474999999984	epochs															iti	250.0
3890.80625	7.478250000000116	epochs															maze	251.0
3890.80625	5.715499999999793	epochs															maze_stem	251.0
3890.8265	12.678249999999935	trials	False	False	False	True	False	True	[0.5210197567939758, 0.47898024320602417, 0.807703971862793, 0.19229604303836823]	-0.28668420761823654	-0.3287237212061882	0.14334210753440857	0.1643618643283844	0.807703971862793	[21979, 21978, 21978, 21978, 21978]	[22022, 22022, 22022, 22022, 22022]		
3896.54275	1.7417500000001382	epochs															maze_arm	251.0
3898.30275	5.181750000000193	epochs															feedback_and_iti	251.0
3898.30275	0.9977499999999964	epochs															feedback_delay	251.0
3899.32225	1.9677499999997963	epochs															feedback	251.0
3901.50975	1.9747499999998581	epochs															iti	251.0
3903.50475	8.086249999999836	epochs															maze	252.0
3903.50475	5.916749999999865	epochs															maze_stem	252.0
3903.5245	13.29424999999992	trials	True	False	False	True	False	True	[0.5810396075248718, 0.41896045207977295, 0.8569669723510742, 0.1430329978466034]	-0.275927409529686	-0.43800656497478485	0.1379636824131012	0.21900328993797302	0.8569669723510742	[22055, 22055, 22054, 22054, 22054]	[22102, 22102, 22102, 22102, 22101]		
3909.442	2.1489999999998872	epochs															maze_arm	252.0
3911.61075	5.187000000000353	epochs															feedback_and_iti	252.0
3911.61075	0.9825000000000728	epochs															feedback_delay	252.0
3912.61375	1.9965000000001965	epochs															feedback	252.0
3914.82025	1.9774999999999636	epochs															iti	252.0
3916.81875	9.246000000000095	epochs															maze	253.0
3916.81875	7.3777500000001055	epochs															maze_stem	253.0
3916.83975	14.420000000000073	trials	False	False	False	True	False	True	[0.5564976334571838, 0.44350236654281616, 0.8589372634887695, 0.14106270670890808]	-0.3024396449327469	-0.41543491184711456	0.15121981501579285	0.20771744847297668	0.8589372634887695	[22135, 22134, 22134, 22134, 22134]	[22189, 22189, 22189, 22188, 22188]		
3924.2175	1.8472499999998035	epochs															maze_arm	253.0
3926.0845	5.154500000000098	epochs															feedback_and_iti	253.0
3926.0845	0.98824999999988	epochs															feedback_delay	253.0
3927.09375	1.975500000000011	epochs															feedback	253.0
3929.248	1.9909999999999854	epochs															iti	253.0
3931.25975	7.931249999999636	epochs															maze	254.0
3931.25975	5.909249999999702	epochs															maze_stem	254.0
3931.28025	13.116500000000087	trials	False	False	False	True	False	True	[0.5896556377410889, 0.41034436225891113, 0.8803842067718506, 0.1196158304810524]	-0.2907285504043102	-0.47003982588648796	0.14536428451538086	0.23501992225646973	0.8803842067718506	[22221, 22221, 22221, 22221, 22220]	[22268, 22268, 22267, 22267, 22267]		
3937.19	2.000999999999749	epochs															maze_arm	254.0
3939.2105	5.166999999999916	epochs															feedback_and_iti	254.0
3939.2105	0.9957500000000437	epochs															feedback_delay	254.0
3940.2275	1.9729999999999563	epochs															feedback	254.0
3942.3905	1.98700000000008	epochs															iti	254.0
3944.39675	8.144500000000335	epochs															maze	255.0
3944.39675	6.114250000000084	epochs															maze_stem	255.0
3944.41675	13.354499999999916	trials	True	False	False	True	False	True	[0.5931289196014404, 0.4068710505962372, 0.884669303894043, 0.11533062905073166]	-0.29154040291905403	-0.4777982719242573	0.14577019214630127	0.2388991117477417	0.884669303894043	[22300, 22300, 22299, 22299, 22299]	[22348, 22348, 22347, 22347, 22347]		
3950.53075	2.01050000000032	epochs															maze_arm	255.0
3952.56075	5.189249999999902	epochs															feedback_and_iti	255.0
3952.56075	0.9822500000000218	epochs															feedback_delay	255.0
3953.5655	1.9949999999998909	epochs															feedback	255.0
3955.75975	1.9902499999998327	epochs															iti	255.0
3957.77125	7.888000000000375	epochs															maze	256.0
3957.77125	6.041250000000218	epochs															maze_stem	256.0
3957.79125	13.0962499999996	trials	False	False	False	False	True	True	[0.5660486221313477, 0.43395137786865234, 0.8744914531707764, 0.12550859153270721]	-0.3084428086876869	-0.44054005295038223	0.15422139316797256	-0.22027001529932022	0.43395137786865234	[22380, 22380, 22380, 22379, 22379]	[22426, 22426, 22426, 22426, 22426]		
3963.8335	1.825749999999971	epochs															maze_arm	256.0
3965.68225	5.184500000000298	epochs															feedback_and_iti	256.0
3965.68225	0.9954999999999927	epochs															feedback_delay	256.0
3966.699	1.9767499999998108	epochs															feedback	256.0
3968.866	2.000750000000153	epochs															iti	256.0
3970.8875	8.008500000000367	epochs															maze	257.0
3970.8875	5.973750000000109	epochs															maze_stem	257.0
3970.90825	13.211749999999938	trials	False	False	False	True	False	True	[0.4305838942527771, 0.5694161653518677, 0.8384774327278137, 0.16152255237102509]	-0.4078935757279396	-0.26906130462884903	0.2039467692375183	0.1345306634902954	0.8384774327278137	[22459, 22459, 22458, 22458, 22458]	[22506, 22506, 22505, 22505, 22505]		
3976.8825	2.013500000000022	epochs															maze_arm	257.0
3978.91575	5.182499999999891	epochs															feedback_and_iti	257.0
3978.91575	0.9960000000000946	epochs															feedback_delay	257.0
3979.93125	1.9825000000000728	epochs															feedback	257.0
3982.11525	1.9830000000001746	epochs															iti	257.0
3984.12	8.068250000000262	epochs															maze	258.0
3984.12	6.181750000000193	epochs															maze_stem	258.0
3984.14125	13.269249999999829	trials	True	False	False	True	False	True	[0.5060340762138367, 0.49396592378616333, 0.8697239756584167, 0.13027605414390564]	-0.3636898845434189	-0.3757580369710922	0.18184494972229004	0.1878790259361267	0.8697239756584167	[22538, 22538, 22538, 22537, 22537]	[22585, 22585, 22585, 22585, 22585]		
3990.321	1.86725000000024	epochs															maze_arm	258.0
3992.207	5.180250000000342	epochs															feedback_and_iti	258.0
3992.207	0.9947500000002947	epochs															feedback_delay	258.0
3993.223	1.9787500000002183	epochs															feedback	258.0
3995.382	2.00525000000016	epochs															iti	258.0
3997.4105	11.358749999999873	epochs															maze	259.0
3997.4105	9.389749999999822	epochs															maze_stem	259.0
3997.43075	16.539749999999913	trials	False	False	False	True	False	True	[0.4995105564594269, 0.5004894137382507, 0.8695309162139893, 0.13046912848949432]	-0.3700203225016594	-0.36904146522283554	0.1850101798772812	0.18452073633670807	0.8695309162139893	[22618, 22618, 22617, 22617, 22617]	[22685, 22685, 22685, 22684, 22684]		
4006.821	1.9482499999999163	epochs															maze_arm	259.0
4008.78925	5.16025000000036	epochs															feedback_and_iti	259.0
4008.78925	0.9837500000003274	epochs															feedback_delay	259.0
4009.793	1.9807499999997162	epochs															feedback	259.0
4011.96575	1.9837500000003274	epochs															iti	259.0
4013.9705	10.030500000000302	epochs															maze	260.0
4013.9705	7.159750000000258	epochs															maze_stem	260.0
4013.991	15.212500000000091	trials	False	False	False	True	False	True	[0.5425596833229065, 0.4574403166770935, 0.8842769265174866, 0.11572311818599701]	-0.3417172208428383	-0.4268365874886513	0.17085862159729004	0.21341830492019653	0.8842769265174866	[22717, 22717, 22717, 22716, 22716]	[22776, 22776, 22776, 22776, 22775]		
4021.149	2.8520000000003165	epochs															maze_arm	260.0
4024.021	5.163249999999607	epochs															feedback_and_iti	260.0
4024.021	0.9894999999996799	epochs															feedback_delay	260.0
4025.031	1.9777500000000146	epochs															feedback	260.0
4027.2145	1.969749999999749	epochs															iti	260.0
4029.2035	12.03625000000011	epochs															maze	261.0
4029.2035	9.63949999999977	epochs															maze_stem	261.0
4029.2285	19.061249999999745	trials	False	False	False	False	False	False	[0.5515807867050171, 0.4484192728996277, 0.8857560753822327, 0.11424393206834793]	-0.33417531475424767	-0.43733682855963707	-0.1670876443386078	0.21866843104362488	0.5515807867050171	[22808, 22808, 22808, 22808, 22808]	[22880, 22879, 22879, 22879, 22879]		
4038.86475	2.375	epochs															maze_arm	261.0
4041.259	7.010499999999865	epochs															feedback_and_iti	261.0
4041.259	0.9867500000000291	epochs															feedback_delay	261.0
4042.26625	1.975500000000011	epochs															feedback	261.0
4044.28	3.98949999999968	epochs															iti	261.0
4048.28975	10.04950000000008	epochs															maze	262.0
4048.28975	8.474500000000262	epochs															maze_stem	262.0
4048.31075	17.081249999999727	trials	False	False	False	False	False	False	[0.6837944984436035, 0.3162055015563965, 0.8441871404647827, 0.15581293404102325]	-0.16039260476827621	-0.5279816016554832	-0.0801963210105896	0.2639908194541931	0.6837944984436035	[22923, 22923, 22922, 22922, 22922]	[22982, 22982, 22982, 22981, 22981]		
4056.786	1.5532499999999345	epochs															maze_arm	262.0
4058.35975	7.0102499999998145	epochs															feedback_and_iti	262.0
4058.35975	0.9897499999997308	epochs															feedback_delay	262.0
4059.37025	1.9700000000002547	epochs															feedback	262.0
4061.37875	3.9912500000000364	epochs															iti	262.0
4065.392	8.1537500000004	epochs															maze	263.0
4065.392	5.462750000000142	epochs															maze_stem	263.0
4065.41225	13.353250000000116	trials	True	False	False	True	False	True	[0.7797457575798035, 0.22025419771671295, 0.8737707138061523, 0.12622927129268646]	-0.09402494132518768	-0.6535165011882782	0.04701247811317444	0.3267582356929779	0.8737707138061523	[23025, 23025, 23025, 23025, 23025]	[23073, 23073, 23073, 23073, 23072]		
4070.87375	2.6720000000000255	epochs															maze_arm	263.0
4073.56675	5.1784999999999854	epochs															feedback_and_iti	263.0
4073.56675	0.98824999999988	epochs															feedback_delay	263.0
4074.57875	1.98700000000008	epochs															feedback	263.0
4076.74975	1.9954999999999927	epochs															iti	263.0
4078.7655	10.650250000000142	epochs															maze	264.0
4078.7655	7.422750000000178	epochs															maze_stem	264.0
4078.786	15.831749999999829	trials	True	False	False	True	False	True	[0.7043999433517456, 0.295600026845932, 0.8680518865585327, 0.1319480538368225]	-0.1636519581079483	-0.5724518746137619	0.08182597160339355	0.28622591495513916	0.8680518865585327	[23105, 23105, 23105, 23105, 23105]	[23168, 23168, 23168, 23168, 23168]		
4086.2085	3.207249999999931	epochs															maze_arm	264.0
4089.43475	5.162499999999909	epochs															feedback_and_iti	264.0
4089.43475	0.9929999999999382	epochs															feedback_delay	264.0
4090.446	1.9769999999998618	epochs															feedback	264.0
4092.615	1.9822500000000218	epochs															iti	264.0
4094.61775	9.800249999999778	epochs															maze	265.0
4094.61775	7.968000000000302	epochs															maze_stem	265.0
4094.638	16.835250000000087	trials	False	False	False	False	False	False	[0.6845560669898987, 0.3154439330101013, 0.8773202300071716, 0.12267974764108658]	-0.19276417419314384	-0.5618763081729412	-0.09638208150863647	0.28093814849853516	0.6845560669898987	[23201, 23200, 23200, 23200, 23200]	[23258, 23258, 23258, 23258, 23258]		
4102.6045	1.8134999999992942	epochs															maze_arm	265.0
4104.43875	7.014000000000124	epochs															feedback_and_iti	265.0
4104.43875	0.9962500000001455	epochs															feedback_delay	265.0
4105.45875	1.9597499999999854	epochs															feedback	265.0
4107.45625	3.9965000000001965	epochs															iti	265.0
4111.47325	6.957500000000437	epochs															maze	266.0
4111.47325	5.082250000000386	epochs															maze_stem	266.0
4111.4935	13.999750000000859	trials	False	False	False	False	False	False	[0.745252251625061, 0.2547477185726166, 0.8228516578674316, 0.17714832723140717]	-0.07759939879179001	-0.5681039318442345	-0.0387997031211853	0.28405195474624634	0.745252251625061	[23302, 23301, 23301, 23301, 23301]	[23342, 23342, 23342, 23342, 23342]		
4116.575	1.8557500000006257	epochs															maze_arm	266.0
4118.451	7.018500000000131	epochs															feedback_and_iti	266.0
4118.451	0.9892499999996289	epochs															feedback_delay	266.0
4119.46175	1.9797499999995125	epochs															feedback	266.0
4121.48025	3.9892500000005384	epochs															iti	266.0
4125.49325	7.285999999999149	epochs															maze	267.0
4125.49325	5.92949999999928	epochs															maze_stem	267.0
4125.515	14.318249999999352	trials	False	False	False	False	False	False	[0.8054100275039673, 0.1945899873971939, 0.8531702756881714, 0.1468297243118286]	-0.0477602556347847	-0.6585802957415581	-0.02388012409210205	0.32929015159606934	0.8054100275039673	[23386, 23385, 23385, 23385, 23385]	[23428, 23428, 23428, 23428, 23428]		
4131.44275	1.3364999999994325	epochs															maze_arm	267.0
4132.80475	7.00525000000016	epochs															feedback_and_iti	267.0
4132.80475	0.9842499999995198	epochs															feedback_delay	267.0
4133.812	1.9682499999998981	epochs															feedback	267.0
4135.81725	3.992750000000342	epochs															iti	267.0
4139.83325	11.881750000000466	epochs															maze	268.0
4139.83325	9.563250000000153	epochs															maze_stem	268.0
4139.85225	17.069749999999658	trials	True	False	False	True	False	True	[0.8221530318260193, 0.1778469830751419, 0.8532335162162781, 0.14676648378372192]	-0.031080491840839386	-0.6753865405917168	0.015540242195129395	0.3376932740211487	0.8532335162162781	[23472, 23471, 23471, 23471, 23471]	[23542, 23542, 23542, 23541, 23541]		
4149.41725	2.2977499999997235	epochs															maze_arm	268.0
4151.73525	5.164499999999862	epochs															feedback_and_iti	268.0
4151.73525	0.9862499999999272	epochs															feedback_delay	268.0
4152.74025	1.9807499999997162	epochs															feedback	268.0
4154.90775	1.9919999999992797	epochs															iti	268.0
4156.922	8.871500000000196	epochs															maze	269.0
4156.922	6.046750000000429	epochs															maze_stem	269.0
4156.945	14.056750000000648	trials	False	False	False	True	False	True	[0.7850502133369446, 0.21494974195957184, 0.8498971462249756, 0.1501028835773468]	-0.06484689563512802	-0.6349473670125008	0.0324234664440155	0.3174736797809601	0.8498971462249756	[23574, 23574, 23574, 23573, 23573]	[23626, 23626, 23626, 23626, 23626]		
4162.99	2.8034999999999854	epochs															maze_arm	269.0
4165.8135	5.169499999999971	epochs															feedback_and_iti	269.0
4165.8135	0.9994999999998981	epochs															feedback_delay	269.0
4166.8335	1.9724999999998545	epochs															feedback	269.0
4168.99725	1.9857499999998254	epochs															iti	269.0
4171.00175	12.670000000000073	epochs															maze	270.0
4171.00175	10.773749999999382	epochs															maze_stem	270.0
4171.02275	17.847499999999854	trials	True	False	False	True	False	True	[0.7946221828460693, 0.20537778735160828, 0.9011195302009583, 0.09888045489788055]	-0.10649733990430832	-0.6957417353987694	0.05324867367744446	0.3478708565235138	0.9011195302009583	[23659, 23658, 23658, 23658, 23658]	[23734, 23733, 23733, 23733, 23733]		
4181.79475	1.8770000000004075	epochs															maze_arm	270.0
4183.694	5.155499999999847	epochs															feedback_and_iti	270.0
4183.694	0.9842499999995198	epochs															feedback_delay	270.0
4184.69725	1.9804999999996653	epochs															feedback	270.0
4186.86225	1.987250000000131	epochs															iti	270.0
4188.87025	7.248000000000502	epochs															maze	271.0
4188.87025	6.117750000000342	epochs															maze_stem	271.0
4188.8905	14.276499999999942	trials	False	False	False	False	False	False	[0.7306529879570007, 0.26934701204299927, 0.8778824210166931, 0.1221175491809845]	-0.14722944796085358	-0.608535423874855	-0.07361471652984619	0.3042677044868469	0.7306529879570007	[23766, 23765, 23765, 23765, 23765]	[23808, 23808, 23808, 23808, 23807]		
4195.00925	1.1090000000003783	epochs															maze_arm	271.0
4196.1375	7.00774999999976	epochs															feedback_and_iti	271.0
4196.1375	0.9940000000005966	epochs															feedback_delay	271.0
4197.15025	1.9692500000001019	epochs															feedback	271.0
4199.15825	3.9869999999991705	epochs															iti	271.0
4203.167	7.9042499999995925	epochs															maze	272.0
4203.167	6.23949999999968	epochs															maze_stem	272.0
4203.18825	13.09900000000016	trials	False	False	False	False	True	True	[0.7765275835990906, 0.22347241640090942, 0.8339681625366211, 0.1660318374633789]	-0.05744057893753052	-0.6104957461357117	0.02872028946876526	-0.30524787306785583	0.22347241640090942	[23851, 23851, 23851, 23851, 23851]	[23898, 23898, 23897, 23897, 23897]		
4209.4265	1.6447500000003856	epochs															maze_arm	272.0
4211.09125	5.176249999999527	epochs															feedback_and_iti	272.0
4211.09125	0.9837499999994179	epochs															feedback_delay	272.0
4212.09625	1.9885000000003856	epochs															feedback	272.0
4214.284	1.9835000000002765	epochs															iti	272.0
4216.28725	7.5294999999996435	epochs															maze	273.0
4216.28725	5.324749999999767	epochs															maze_stem	273.0
4216.3055	12.7212499999996	trials	True	False	False	True	False	True	[0.7108880877494812, 0.2891119420528412, 0.8400365114212036, 0.15996353328227997]	-0.12914841622114182	-0.5509245619177818	0.0645742118358612	0.2754622995853424	0.8400365114212036	[23930, 23930, 23930, 23929, 23929]	[23974, 23974, 23974, 23974, 23973]		
4221.63225	2.1845000000002983	epochs															maze_arm	273.0
4223.8355	5.170250000000124	epochs															feedback_and_iti	273.0
4223.8355	0.9939999999996871	epochs															feedback_delay	273.0
4224.84675	1.9857500000007349	epochs															feedback	273.0
4227.01925	1.9864999999999782	epochs															iti	273.0
4229.02675	9.012499999999818	epochs															maze	274.0
4229.02675	7.041000000000167	epochs															maze_stem	274.0
4229.047	14.215750000000298	trials	False	False	False	True	False	True	[0.6843752861022949, 0.31562474370002747, 0.84688401222229, 0.15311594307422638]	-0.1625087633728981	-0.5312593057751656	0.08125436305999756	0.2656296491622925	0.84688401222229	[24006, 24006, 24006, 24006, 24006]	[24059, 24059, 24059, 24059, 24059]		
4236.0875	1.9517500000001746	epochs															maze_arm	274.0
4238.06	5.181249999999636	epochs															feedback_and_iti	274.0
4238.06	0.9909999999999854	epochs															feedback_delay	274.0
4239.0725	1.9780000000000655	epochs															feedback	274.0
4241.24225	1.9989999999997963	epochs															iti	274.0
4243.26275	9.519000000000233	epochs															maze	275.0
4243.26275	6.518750000000182	epochs															maze_stem	275.0
4243.283	16.5679999999993	trials	False	True	True	False	True	False	[0.72427898645401, 0.2757209539413452, 0.889594554901123, 0.11040549725294113]	-0.16531551256775856	-0.6138735450804234	0.08265772834420204	-0.3069367744028568	0.2757209539413452	[24092, 24092, 24091, 24091, 24091]	[24148, 24148, 24147, 24147, 24147]		
4249.8015	2.980250000000524	epochs															maze_arm	275.0
4252.8005	7.031750000000102	epochs															feedback_and_iti	275.0
4252.8005	0.987250000000131	epochs															feedback_delay	275.0
4253.80925	1.9897499999997308	epochs															feedback	275.0
4255.843	3.9892500000005384	epochs															iti	275.0
4259.851	6.412000000000262	epochs															maze	276.0
4259.851	4.590500000000247	epochs															maze_stem	276.0
4259.872	13.462249999999585	trials	False	True	False	False	True	False	[0.5702406167984009, 0.42975935339927673, 0.7769190073013306, 0.22308100759983063]	-0.2066783681511879	-0.34715963155031204	0.10333917289972305	-0.17357981950044632	0.42975935339927673	[24191, 24191, 24191, 24191, 24190]	[24229, 24228, 24228, 24228, 24228]		
4264.46075	1.8022499999997308	epochs															maze_arm	276.0
4266.28275	7.030249999999796	epochs															feedback_and_iti	276.0
4266.28275	0.9957500000000437	epochs															feedback_delay	276.0
4267.29725	1.9777500000000146	epochs															feedback	276.0
4269.3145	3.9984999999996944	epochs															iti	276.0
4273.33425	8.08075000000008	epochs															maze	277.0
4273.33425	4.881000000000313	epochs															maze_stem	277.0
4273.35275	15.143000000000029	trials	True	True	False	True	False	False	[0.5527462363243103, 0.4472537636756897, 0.7596189379692078, 0.24038103222846985]	-0.20687271654605865	-0.31236518919467926	0.10343635082244873	0.15618258714675903	0.7596189379692078	[24272, 24272, 24272, 24271, 24271]	[24320, 24319, 24319, 24319, 24319]		
4278.23625	3.1787500000000364	epochs															maze_arm	277.0
4281.43475	7.038749999999709	epochs															feedback_and_iti	277.0
4281.43475	0.9794999999994616	epochs															feedback_delay	277.0
4282.43775	1.9949999999998909	epochs															feedback	277.0
4284.468	4.005500000000211	epochs															iti	277.0
4288.49575	9.665750000000116	epochs															maze	278.0
4288.49575	7.170500000000175	epochs															maze_stem	278.0
4288.51675	16.702000000000226	trials	False	True	False	True	False	False	[0.7095491886138916, 0.2904507517814636, 0.832732081413269, 0.16726788878440857]	-0.12318287789821625	-0.5422813147306442	0.06159144639968872	0.2711406350135803	0.832732081413269	[24363, 24363, 24363, 24362, 24362]	[24420, 24420, 24420, 24419, 24419]		
4295.686	2.4755000000004657	epochs															maze_arm	278.0
4298.18125	7.017499999999927	epochs															feedback_and_iti	278.0
4298.18125	0.9897500000006403	epochs															feedback_delay	278.0
4299.19175	1.9752500000004147	epochs															feedback	278.0
4301.20375	3.994999999999891	epochs															iti	278.0
4305.21875	5.914749999999913	epochs															maze	279.0
4305.21875	4.5347499999998035	epochs															maze_stem	279.0
4305.23925	12.961250000000291	trials	False	True	False	True	False	False	[0.7347748875617981, 0.2652251124382019, 0.8463000059127808, 0.15369994938373566]	-0.11152514070272446	-0.5810749158263206	0.05576255917549133	0.29053744673728943	0.8463000059127808	[24463, 24463, 24463, 24463, 24462]	[24498, 24498, 24497, 24497, 24497]		
4309.77325	1.3602499999997235	epochs															maze_arm	279.0
4311.15275	7.028249999999389	epochs															feedback_and_iti	279.0
4311.15275	0.987250000000131	epochs															feedback_delay	279.0
4312.16125	1.9835000000002765	epochs															feedback	279.0
4314.183	3.9979999999995925	epochs															iti	279.0
4318.2005	7.980000000000473	epochs															maze	280.0
4318.2005	4.700249999999869	epochs															maze_stem	280.0
4318.22125	13.191250000000764	trials	False	True	False	True	True	True	[0.740506649017334, 0.2594933807849884, 0.8490317463874817, 0.15096823871135712]	-0.1085251197218895	-0.5895383879542351	-0.05426257103681564	-0.29476919025182724	0.15096823871135712	[24541, 24541, 24541, 24540, 24540]	[24588, 24588, 24588, 24587, 24587]		
4322.92375	3.2567500000004657	epochs															maze_arm	280.0
4326.1985	5.186749999999847	epochs															feedback_and_iti	280.0
4326.1985	0.9812499999998181	epochs															feedback_delay	280.0
4327.20175	1.9962500000001455	epochs															feedback	280.0
4329.38825	1.9970000000002983	epochs															iti	280.0
4331.4125	8.114999999999782	epochs															maze	281.0
4331.4125	6.423999999999978	epochs															maze_stem	281.0
4331.4375	15.15124999999989	trials	False	True	False	True	False	False	[0.5092740058898926, 0.49072596430778503, 0.6144665479660034, 0.38553348183631897]	-0.10519251227378845	-0.123740553855896	0.05259627103805542	0.061870276927948	0.6144665479660034	[24620, 24620, 24620, 24620, 24619]	[24668, 24668, 24668, 24667, 24667]		
4337.855	1.672500000000582	epochs															maze_arm	281.0
4339.54875	7.019500000000335	epochs															feedback_and_iti	281.0
4339.54875	0.9862499999999272	epochs															feedback_delay	281.0
4340.5545	1.98174999999992	epochs															feedback	281.0
4342.57275	3.9954999999999927	epochs															iti	281.0
4346.58875	7.537750000000415	epochs															maze	282.0
4346.58875	4.809500000000298	epochs															maze_stem	282.0
4346.60975	14.573250000000371	trials	False	True	False	True	False	False	[0.6666101217269897, 0.33338984847068787, 0.7524760365486145, 0.24752399325370789]	-0.08586588501930237	-0.41908615827560425	0.04293295741081238	0.20954307913780212	0.7524760365486145	[24711, 24711, 24711, 24711, 24710]	[24755, 24755, 24755, 24755, 24755]		
4351.41825	2.7082500000005894	epochs															maze_arm	282.0
4354.146	7.016250000000582	epochs															feedback_and_iti	282.0
4354.146	0.9965000000001965	epochs															feedback_delay	282.0
4355.16525	1.968499999999949	epochs															feedback	282.0
4357.17	3.99225000000024	epochs															iti	282.0
4361.183	7.451500000000124	epochs															maze	283.0
4361.183	4.691499999999905	epochs															maze_stem	283.0
4361.20225	14.498249999999643	trials	False	True	False	True	False	False	[0.7302044630050659, 0.2697955369949341, 0.8189230561256409, 0.18107692897319794]	-0.08871860057115555	-0.5491275265812874	0.044359296560287476	0.2745637595653534	0.8189230561256409	[24799, 24799, 24798, 24798, 24798]	[24842, 24842, 24842, 24842, 24842]		
4365.89475	2.739749999999731	epochs															maze_arm	283.0
4368.65275	7.028999999999542	epochs															feedback_and_iti	283.0
4368.65275	0.9922500000002401	epochs															feedback_delay	283.0
4369.66575	1.981249999999818	epochs															feedback	283.0
4371.6875	3.994249999999738	epochs															iti	283.0
4375.7005	19.71075000000019	epochs															maze	284.0
4375.7005	18.212000000000444	epochs															maze_stem	284.0
4375.72025	24.91149999999925	trials	True	True	False	False	False	True	[0.7477442622184753, 0.25225573778152466, 0.8404715657234192, 0.1595284640789032]	-0.09272728860378265	-0.5882158130407333	-0.046363651752471924	0.29410791397094727	0.7477442622184753	[24886, 24886, 24885, 24885, 24885]	[25003, 25003, 25003, 25002, 25002]		
4393.94075	1.4705000000003565	epochs															maze_arm	284.0
4395.4325	5.178750000000036	epochs															feedback_and_iti	284.0
4395.4325	0.9832500000002256	epochs															feedback_delay	284.0
4396.436	1.985000000000582	epochs															feedback	284.0
4398.62775	1.9835000000002765	epochs															iti	284.0
4400.63175	10.611500000000888	epochs															maze	285.0
4400.63175	7.514000000000124	epochs															maze_stem	285.0
4400.6505	17.651499999999942	trials	False	True	False	False	True	False	[0.7828741073608398, 0.21712592244148254, 0.8581358194351196, 0.14186422526836395]	-0.07526170462369919	-0.6410098895430565	0.037630848586559296	-0.32050492614507675	0.21712592244148254	[25035, 25035, 25035, 25035, 25034]	[25098, 25098, 25098, 25097, 25097]		
4408.1655	3.0777500000003783	epochs															maze_arm	285.0
4411.26275	7.020500000000538	epochs															feedback_and_iti	285.0
4411.26275	0.9802500000005239	epochs															feedback_delay	285.0
4412.26325	1.99474999999984	epochs															feedback	285.0
4414.31425	3.969000000000051	epochs															iti	285.0
4418.302	8.100000000000364	epochs															maze	286.0
4418.302	5.824000000000524	epochs															maze_stem	286.0
4418.322	15.148999999999432	trials	False	True	False	True	False	False	[0.6166916489601135, 0.3833083510398865, 0.7327204346656799, 0.2672795355319977]	-0.1160288006067276	-0.34941209852695465	0.0580143928527832	0.17470604181289673	0.7327204346656799	[25141, 25141, 25141, 25141, 25140]	[25189, 25189, 25188, 25188, 25188]		
4424.14625	2.255750000000262	epochs															maze_arm	286.0
4426.422	7.0262500000008	epochs															feedback_and_iti	286.0
4426.422	0.9820000000008804	epochs															feedback_delay	286.0
4427.42675	1.99225000000024	epochs															feedback	286.0
4429.457	3.9912500000000364	epochs															iti	286.0
4433.471	7.963500000000749	epochs															maze	287.0
4433.471	5.761750000000575	epochs															maze_stem	287.0
4433.49375	13.157000000000153	trials	False	True	False	False	False	True	[0.7168935537338257, 0.2831064760684967, 0.8143261075019836, 0.1856738179922104]	-0.09743260592222214	-0.5312196835875511	-0.04871627688407898	0.26560983061790466	0.7168935537338257	[25232, 25232, 25232, 25232, 25231]	[25279, 25279, 25279, 25278, 25278]		
4439.25175	2.182749999999942	epochs															maze_arm	287.0
4441.4545	5.1765000000004875	epochs															feedback_and_iti	287.0
4441.4545	0.9802500000005239	epochs															feedback_delay	287.0
4442.45575	1.9864999999999782	epochs															feedback	287.0
4444.63875	1.99225000000024	epochs															iti	287.0
4446.65075	8.467999999999847	epochs															maze	288.0
4446.65075	7.0202500000004875	epochs															maze_stem	288.0
4446.67225	13.662250000000313	trials	False	True	False	False	False	True	[0.7913801074028015, 0.2086198478937149, 0.8603199124336243, 0.13968008756637573]	-0.06893978267908096	-0.6517000421881676	-0.03446990251541138	0.3258500099182129	0.7913801074028015	[25311, 25311, 25311, 25311, 25310]	[25361, 25361, 25361, 25360, 25360]		
4453.691	1.4277499999998327	epochs															maze_arm	288.0
4455.13875	5.173499999999876	epochs															feedback_and_iti	288.0
4455.13875	0.9812499999998181	epochs															feedback_delay	288.0
4456.14075	1.985500000000684	epochs															feedback	288.0
4458.33725	1.9750000000003638	epochs															iti	288.0
4460.3345	7.4835000000002765	epochs															maze	289.0
4460.3345	5.6102499999997235	epochs															maze_stem	289.0
4460.35575	14.51299999999992	trials	False	True	False	True	False	False	[0.7894296646118164, 0.2105703353881836, 0.8544641733169556, 0.14553579688072205]	-0.06503452360630035	-0.6438938528299332	0.03251725435256958	0.321946918964386	0.8544641733169556	[25393, 25393, 25393, 25393, 25392]	[25437, 25437, 25437, 25437, 25436]		
4465.96825	1.8497500000003129	epochs															maze_arm	289.0
4467.838	7.01050000000032	epochs															feedback_and_iti	289.0
4467.838	0.9912500000000364	epochs															feedback_delay	289.0
4468.851	1.9727499999999054	epochs															feedback	289.0
4470.86	3.9885000000003856	epochs															iti	289.0
4474.86875	8.475750000000517	epochs															maze	290.0
4474.86875	5.085500000000138	epochs															maze_stem	290.0
4474.88875	15.542999999999665	trials	False	True	False	True	False	False	[0.7698849439620972, 0.23011499643325806, 0.8422041535377502, 0.15779584646224976]	-0.07231917977333069	-0.6120891273021698	0.03615960478782654	0.3060445487499237	0.8422041535377502	[25480, 25480, 25480, 25480, 25480]	[25530, 25530, 25530, 25530, 25529]		
4479.97625	3.368250000000444	epochs															maze_arm	290.0
4483.37	7.030999999999949	epochs															feedback_and_iti	290.0
4483.37	0.9790000000002692	epochs															feedback_delay	290.0
4484.37	1.9880000000002838	epochs															feedback	290.0
4486.39675	4.004249999999956	epochs															iti	290.0
4490.43175	10.279750000000604	epochs															maze	291.0
4490.43175	7.835000000000036	epochs															maze_stem	291.0
4490.45575	17.308750000000146	trials	False	True	False	True	False	False	[0.7830502390861511, 0.21694977581501007, 0.8579394817352295, 0.1420605182647705]	-0.07488925009965897	-0.6409897133708	0.037444621324539185	0.3204948604106903	0.8579394817352295	[25574, 25573, 25573, 25573, 25573]	[25634, 25634, 25634, 25634, 25634]		
4498.2865	2.425000000000182	epochs															maze_arm	291.0
4500.7315	7.012249999999767	epochs															feedback_and_iti	291.0
4500.7315	0.9937500000005457	epochs															feedback_delay	291.0
4501.74575	1.9737500000001091	epochs															feedback	291.0
4503.75775	3.9859999999998763	epochs															iti	291.0
4507.7645	10.793999999999869	epochs															maze	292.0
4507.7645	8.885749999999462	epochs															maze_stem	292.0
4507.7855	15.99200000000019	trials	False	True	False	True	True	True	[0.7929908037185669, 0.2070091813802719, 0.8634745478630066, 0.13652539253234863]	-0.07048376649618149	-0.6564653888344765	-0.03524189442396164	-0.32823271304368973	0.13652539253234863	[25678, 25677, 25677, 25677, 25677]	[25741, 25741, 25741, 25741, 25741]		
4516.67	1.8885000000000218	epochs															maze_arm	292.0
4518.57875	5.177750000000742	epochs															feedback_and_iti	292.0
4518.57875	0.9997499999999491	epochs															feedback_delay	292.0
4519.59875	1.975999999999658	epochs															feedback	292.0
4521.77475	1.9817500000008295	epochs															iti	292.0
4523.7775	10.388249999999971	epochs															maze	293.0
4523.7775	6.1527500000001965	epochs															maze_stem	293.0
4523.7975	15.56525000000056	trials	False	True	False	False	False	True	[0.6037402153015137, 0.3962598145008087, 0.6427509188652039, 0.35724911093711853]	-0.039010703563690186	-0.24649110436439514	-0.019505351781845093	0.12324556708335876	0.6037402153015137	[25774, 25773, 25773, 25773, 25773]	[25835, 25835, 25835, 25834, 25834]		
4529.95	4.215750000000298	epochs															maze_arm	293.0
4534.18525	5.156999999999243	epochs															feedback_and_iti	293.0
4534.18525	0.9929999999994834	epochs															feedback_delay	293.0
4535.1985	1.9854999999997744	epochs															feedback	293.0
4537.36525	1.9769999999998618	epochs															iti	293.0
4539.36275	10.138750000000073	epochs															maze	294.0
4539.36275	8.842249999999694	epochs															maze_stem	294.0
4539.38325	15.34375	trials	False	True	False	False	False	True	[0.7669245004653931, 0.23307554423809052, 0.7144288420677185, 0.2855710983276367]	0.05249560624361038	-0.48135334998369217	0.02624782919883728	0.2406766712665558	0.7669245004653931	[25867, 25867, 25867, 25866, 25866]	[25927, 25927, 25926, 25926, 25926]		
4548.22625	1.2752500000005966	epochs															maze_arm	294.0
4549.521	5.185500000000502	epochs															feedback_and_iti	294.0
4549.521	0.9992499999998472	epochs															feedback_delay	294.0
4550.5405	1.9785000000001673	epochs															feedback	294.0
4552.7165	1.9899999999997817	epochs															iti	294.0
4554.727	8.972249999999804	epochs															maze	295.0
4554.727	6.31525000000056	epochs															maze_stem	295.0
4554.74675	14.157499999999345	trials	True	True	False	False	False	True	[0.8331872820854187, 0.16681276261806488, 0.7732471227645874, 0.22675283253192902]	0.05994011461734772	-0.6064344048500061	0.02997007966041565	0.30321720242500305	0.8331872820854187	[25959, 25959, 25959, 25959, 25958]	[26012, 26012, 26012, 26011, 26011]		
4561.06275	2.6364999999996144	epochs															maze_arm	295.0
4563.71925	5.160499999999956	epochs															feedback_and_iti	295.0
4563.71925	0.9970000000002983	epochs															feedback_delay	295.0
4564.738	1.9679999999998472	epochs															feedback	295.0
4566.90725	1.9724999999998545	epochs															iti	295.0
4568.90425	8.681000000000495	epochs															maze	296.0
4568.90425	5.910750000000007	epochs															maze_stem	296.0
4568.927	15.720750000000407	trials	False	True	False	True	False	False	[0.8394200205802917, 0.16057999432086945, 0.750023603439331, 0.24997644126415253]	0.08939643204212189	-0.5894435942173004	-0.04469820857048035	0.2947218120098114	0.750023603439331	[26044, 26044, 26044, 26044, 26043]	[26095, 26095, 26095, 26095, 26094]		
4574.83475	2.750500000000102	epochs															maze_arm	296.0
4577.6035	7.023250000000189	epochs															feedback_and_iti	296.0
4577.6035	0.9864999999999782	epochs															feedback_delay	296.0
4578.6085	1.981999999999971	epochs															feedback	296.0
4580.62825	3.998500000000604	epochs															iti	296.0
4584.64775	7.802499999999782	epochs															maze	297.0
4584.64775	4.694499999999607	epochs															maze_stem	297.0
4584.6715	14.829999999999927	trials	False	True	False	True	False	False	[0.7947717308998108, 0.2052282840013504, 0.8222398161888123, 0.17776022851467133]	-0.02746807038784027	-0.6170115172863007	0.013734042644500732	0.3085057735443115	0.8222398161888123	[26139, 26138, 26138, 26138, 26138]	[26184, 26184, 26184, 26184, 26184]		
4589.36275	3.087499999999636	epochs															maze_arm	297.0
4592.47025	7.012499999999818	epochs															feedback_and_iti	297.0
4592.47025	0.9937499999996362	epochs															feedback_delay	297.0
4593.484	1.968499999999949	epochs															feedback	297.0
4595.495	3.987750000000233	epochs															iti	297.0
4599.5015	7.990499999999884	epochs															maze	298.0
4599.5015	5.712999999999738	epochs															maze_stem	298.0
4599.52175	15.03125	trials	False	True	False	True	False	False	[0.8235439658164978, 0.176456019282341, 0.8600248694419861, 0.13997511565685272]	-0.03648090362548828	-0.6835688501596451	0.01824045181274414	0.34178441762924194	0.8600248694419861	[26228, 26227, 26227, 26227, 26227]	[26275, 26274, 26274, 26274, 26274]		
4605.2345	2.2575000000006185	epochs															maze_arm	298.0
4607.5105	7.020499999999629	epochs															feedback_and_iti	298.0
4607.5105	0.9812499999998181	epochs															feedback_delay	298.0
4608.51775	1.9777500000000146	epochs															feedback	298.0
4610.53675	3.994249999999738	epochs															iti	298.0
4614.553	10.967999999999847	epochs															maze	299.0
4614.553	5.86200000000008	epochs															maze_stem	299.0
4614.57275	16.159749999999804	trials	True	True	False	False	False	True	[0.8307743668556213, 0.16922567784786224, 0.8710001707077026, 0.12899987399578094]	-0.0402258038520813	-0.7017744928598404	-0.02011290192604065	0.350887268781662	0.8307743668556213	[26318, 26318, 26317, 26317, 26317]	[26383, 26382, 26382, 26382, 26382]		
4620.435	5.085999999999331	epochs															maze_arm	299.0
4625.5415	5.166749999999411	epochs															feedback_and_iti	299.0
4625.5415	0.9972499999994398	epochs															feedback_delay	299.0
4626.556	1.9680000000007567	epochs															feedback	299.0
4628.71875	1.9894999999996799	epochs															iti	299.0
4630.7325	7.831500000000233	epochs															maze	300.0
4630.7325	6.105499999999665	epochs															maze_stem	300.0
4630.7555	14.858749999999418	trials	False	True	False	True	False	False	[0.8670323491096497, 0.13296766579151154, 0.881305456161499, 0.11869454383850098]	-0.014273114502429962	-0.7483377978205681	0.007136553525924683	0.37416890263557434	0.881305456161499	[26415, 26415, 26414, 26414, 26414]	[26461, 26461, 26460, 26460, 26460]		
4636.8565	1.7075000000004366	epochs															maze_arm	300.0
4638.58375	7.009500000000116	epochs															feedback_and_iti	300.0
4638.58375	0.9795000000003711	epochs															feedback_delay	300.0
4639.588	1.979750000000422	epochs															feedback	300.0
4641.607	3.9862499999999272	epochs															iti	300.0
4645.61425	6.661000000000058	epochs															maze	301.0
4645.61425	5.3034999999999854	epochs															maze_stem	301.0
4645.6355	13.693999999999505	trials	False	True	False	True	False	False	[0.831781268119812, 0.16821877658367157, 0.8656127452850342, 0.13438723981380463]	-0.033831506967544556	-0.697393998503685	0.016915738582611084	0.3486970067024231	0.8656127452850342	[26504, 26504, 26504, 26503, 26503]	[26543, 26543, 26543, 26542, 26542]		
4650.93775	1.3374999999996362	epochs															maze_arm	301.0
4652.29675	7.012499999999818	epochs															feedback_and_iti	301.0
4652.29675	0.9934999999995853	epochs															feedback_delay	301.0
4653.309	1.9789999999993597	epochs															feedback	301.0
4655.32725	3.981999999999971	epochs															iti	301.0
4659.3295	11.44549999999981	epochs															maze	302.0
4659.3295	9.453999999999724	epochs															maze_stem	302.0
4659.3495	18.493749999999636	trials	False	True	False	True	False	False	[0.8392609357833862, 0.16073903441429138, 0.8770798444747925, 0.1229202002286911]	-0.037818871438503265	-0.7163407728075981	0.018909454345703125	0.35817039012908936	0.8770798444747925	[26586, 26586, 26586, 26586, 26585]	[26654, 26654, 26654, 26653, 26653]		
4668.802	1.9729999999999563	epochs															maze_arm	302.0
4670.79575	7.022500000000036	epochs															feedback_and_iti	302.0
4670.79575	0.9922499999993306	epochs															feedback_delay	302.0
4671.80675	1.9832500000002256	epochs															feedback	302.0
4673.82875	3.9895000000005894	epochs															iti	302.0
4677.84325	7.396249999999782	epochs															maze	303.0
4677.84325	4.561249999999745	epochs															maze_stem	303.0
4677.8635	14.449999999999818	trials	False	True	False	True	False	False	[0.8448834419250488, 0.1551164984703064, 0.8809781670570374, 0.11902186274528503]	-0.036094680428504944	-0.7258616238832474	0.018047362565994263	0.3629308044910431	0.8809781670570374	[26697, 26697, 26697, 26697, 26696]	[26741, 26740, 26740, 26740, 26740]		
4682.425	2.814499999999498	epochs															maze_arm	303.0
4685.25725	7.035000000000764	epochs															feedback_and_iti	303.0
4685.25725	0.9847500000005311	epochs															feedback_delay	303.0
4686.2635	1.989249999999629	epochs															feedback	303.0
4688.295	3.9972500000003492	epochs															iti	303.0
4692.3135	8.905249999999796	epochs															maze	304.0
4692.3135	7.166999999999462	epochs															maze_stem	304.0
4692.334	15.944000000000415	trials	False	True	False	True	False	False	[0.8473165035247803, 0.15268343687057495, 0.8831973075866699, 0.11680267006158829]	-0.035880785435438156	-0.7305138520896435	0.017940402030944824	0.3652569055557251	0.8831973075866699	[26784, 26784, 26784, 26783, 26783]	[26836, 26836, 26836, 26836, 26836]		
4699.5005	1.7182499999998981	epochs															maze_arm	304.0
4701.239	7.017749999999978	epochs															feedback_and_iti	304.0
4701.239	0.992750000000342	epochs															feedback_delay	304.0
4702.2525	1.9762500000006185	epochs															feedback	304.0
4704.26725	3.98949999999968	epochs															iti	304.0
4708.278	6.4357499999996435	epochs															maze	305.0
4708.278	4.543749999999818	epochs															maze_stem	305.0
4708.29875	13.480749999999716	trials	False	True	False	True	False	False	[0.8491107821464539, 0.15088920295238495, 0.8846710324287415, 0.11532895267009735]	-0.0355602502822876	-0.7337818294763565	0.0177801251411438	0.36689090728759766	0.8846710324287415	[26880, 26880, 26879, 26879, 26879]	[26917, 26917, 26917, 26917, 26917]		
4712.843	1.8707500000000437	epochs															maze_arm	305.0
4714.73375	7.024999999999636	epochs															feedback_and_iti	305.0
4714.73375	0.9939999999996871	epochs															feedback_delay	305.0
4715.74825	1.9752500000004147	epochs															feedback	305.0
4717.76275	3.9960000000000946	epochs															iti	305.0
4721.7795	8.430250000000342	epochs															maze	306.0
4721.7795	5.837750000000597	epochs															maze_stem	306.0
4721.8	15.477499999999964	trials	False	True	False	True	False	False	[0.8503767848014832, 0.14962317049503326, 0.8856925964355469, 0.1143074482679367]	-0.03531576693058014	-0.73606938123703	0.01765790581703186	0.368034690618515	0.8856925964355469	[26961, 26960, 26960, 26960, 26960]	[27010, 27010, 27010, 27010, 27009]		
4727.63825	2.5715000000000146	epochs															maze_arm	306.0
4730.2315	7.025249999999687	epochs															feedback_and_iti	306.0
4730.2315	0.9949999999998909	epochs															feedback_delay	306.0
4731.24725	1.9827499999992142	epochs															feedback	306.0
4733.2685	3.988249999999425	epochs															iti	306.0
4737.2775	9.207749999999578	epochs															maze	307.0
4737.2775	7.412749999999505	epochs															maze_stem	307.0
4737.2975	16.248000000000502	trials	False	True	False	True	False	False	[0.8513099551200867, 0.14869002997875214, 0.8864397406578064, 0.11356024444103241]	-0.03512978553771973	-0.7377497106790543	0.017564892768859863	0.36887484788894653	0.8864397406578064	[27054, 27053, 27053, 27053, 27053]	[27108, 27108, 27107, 27107, 27107]		
4744.709	1.7762499999998909	epochs															maze_arm	307.0
4746.50375	7.020999999999731	epochs															feedback_and_iti	307.0
4746.50375	0.994499999999789	epochs															feedback_delay	307.0
4747.51875	1.9729999999999563	epochs															feedback	307.0
4749.529	3.995749999999134	epochs															iti	307.0
4753.5455	12.463249999999789	epochs															maze	308.0
4753.5455	10.242749999999432	epochs															maze_stem	308.0
4753.5655	17.66150000000016	trials	False	True	False	False	False	True	[0.8520168662071228, 0.14798308908939362, 0.8870066404342651, 0.11299340426921844]	-0.03498972952365875	-0.7390235066413879	-0.017494887113571167	0.36951175332069397	0.8520168662071228	[27151, 27151, 27151, 27151, 27150]	[27225, 27225, 27225, 27224, 27224]		
4763.80675	2.2020000000002256	epochs															maze_arm	308.0
4766.02875	5.177749999999833	epochs															feedback_and_iti	308.0
4766.02875	0.9902499999998327	epochs															feedback_delay	308.0
4767.03975	1.981249999999818	epochs															feedback	308.0
4769.21825	1.9882500000003347	epochs															iti	308.0
4771.227	9.24200000000019	epochs															maze	309.0
4771.227	6.4909999999999854	epochs															maze_stem	309.0
4771.2495	16.276749999999993	trials	False	True	False	True	False	False	[0.8983070850372314, 0.10169289261102676, 0.9139432311058044, 0.08605673164129257]	-0.015636153519153595	-0.8122503459453583	0.007818073034286499	0.40612515807151794	0.9139432311058044	[27257, 27257, 27257, 27257, 27256]	[27312, 27311, 27311, 27311, 27311]		
4777.74	2.729000000000269	epochs															maze_arm	309.0
4780.4885	7.016999999999825	epochs															feedback_and_iti	309.0
4780.4885	0.9804999999996653	epochs															feedback_delay	309.0
4781.48975	1.9960000000000946	epochs															feedback	309.0
4783.52325	3.982250000000022	epochs															iti	309.0
4787.52625	6.817500000000109	epochs															maze	310.0
4787.52625	4.750250000000051	epochs															maze_stem	310.0
4787.54925	13.840750000000298	trials	False	True	False	True	False	False	[0.8618608713150024, 0.13813914358615875, 0.8798069953918457, 0.1201929822564125]	-0.017946142703294754	-0.7416678704321384	0.00897306203842163	0.3708339333534241	0.8798069953918457	[27355, 27355, 27354, 27354, 27354]	[27395, 27395, 27394, 27394, 27394]		
4792.296	2.0477499999997235	epochs															maze_arm	310.0
4794.36225	7.005750000000262	epochs															feedback_and_iti	310.0
4794.36225	0.98700000000008	epochs															feedback_delay	310.0
4795.37725	1.9680000000007567	epochs															feedback	310.0
4797.38425	3.9837500000003274	epochs															iti	310.0
4801.39	9.425499999999374	epochs															maze	311.0
4801.39	5.39049999999952	epochs															maze_stem	311.0
4801.4115	14.634750000000167	trials	True	True	False	True	True	True	[0.8617998361587524, 0.13820016384124756, 0.8903089165687561, 0.10969105362892151]	-0.028509095311164856	-0.7521087676286697	-0.014254555106163025	-0.37605439126491547	0.10969105362892151	[27438, 27438, 27438, 27437, 27437]	[27494, 27493, 27493, 27493, 27493]		
4806.801	4.014499999999316	epochs															maze_arm	311.0
4810.8355	5.181499999999687	epochs															feedback_and_iti	311.0
4810.8355	0.9847499999996217	epochs															feedback_delay	311.0
4811.83975	1.9882500000003347	epochs															feedback	311.0
4814.018	1.9989999999997963	epochs															iti	311.0
4816.04625	26.860749999999825	epochs															maze	312.0
4816.04625	24.984999999999673	epochs															maze_stem	312.0
4816.06625	32.053750000000036	trials	False	True	False	False	False	True	[0.7667396664619446, 0.2332603633403778, 0.7692335247993469, 0.23076647520065308]	-0.0024938732385635376	-0.5359731763601303	-0.0012469291687011719	0.26798659563064575	0.7667396664619446	[27526, 27526, 27525, 27525, 27525]	[27686, 27686, 27686, 27685, 27685]		
4841.051	1.8559999999997672	epochs															maze_arm	312.0
4842.92875	5.170000000000073	epochs															feedback_and_iti	312.0
4842.92875	0.9835000000002765	epochs															feedback_delay	312.0
4843.9325	1.9904999999998836	epochs															feedback	312.0
4846.10425	1.994499999999789	epochs															iti	312.0
4848.12	11.917000000000371	epochs															maze	313.0
4848.12	6.410249999999905	epochs															maze_stem	313.0
4848.1405	18.96124999999938	trials	True	True	False	True	False	False	[0.8608861565589905, 0.13911382853984833, 0.7953948378562927, 0.20460516214370728]	0.06549132615327835	-0.6562810018658638	-0.03274565935134888	0.3281404972076416	0.7953948378562927	[27718, 27718, 27718, 27718, 27717]	[27789, 27788, 27788, 27788, 27788]		
4854.55475	5.482250000000022	epochs															maze_arm	313.0
4860.0545	7.026499999999942	epochs															feedback_and_iti	313.0
4860.0545	1.0039999999999054	epochs															feedback_delay	313.0
4861.08125	1.9727499999999054	epochs															feedback	313.0
4863.0915	3.98949999999968	epochs															iti	313.0
4867.10175	23.401499999999942	epochs															maze	314.0
4867.10175	18.480000000000473	epochs															maze_stem	314.0
4867.122	30.451999999999316	trials	True	True	False	True	False	False	[0.8722536563873291, 0.12774641811847687, 0.8809969425201416, 0.11900309473276138]	-0.008743304759263992	-0.7532505430281162	0.00437164306640625	0.37662529945373535	0.8809969425201416	[27832, 27832, 27832, 27831, 27831]	[27971, 27971, 27971, 27971, 27971]		
4885.60225	4.90099999999984	epochs															maze_arm	314.0
4890.52375	7.030749999999898	epochs															feedback_and_iti	314.0
4890.52375	0.9879999999993743	epochs															feedback_delay	314.0
4891.5325	1.9879999999993743	epochs															feedback	314.0
4893.559	3.9954999999999927	epochs															iti	314.0
4897.574	12.297750000000633	epochs															maze	315.0
4897.574	10.454750000000786	epochs															maze_stem	315.0
4897.5935	19.34150000000045	trials	True	True	False	True	False	False	[0.905680239200592, 0.09431972354650497, 0.9153428077697754, 0.08465714752674103]	-0.009662572294473648	-0.8210230879485607	0.004831284284591675	0.4105115234851837	0.9153428077697754	[28015, 28014, 28014, 28014, 28014]	[28087, 28087, 28087, 28087, 28087]		
4908.04875	1.8230000000003201	epochs															maze_arm	315.0
4909.89075	7.017500000000837	epochs															feedback_and_iti	315.0
4909.89075	0.9864999999999782	epochs															feedback_delay	315.0
4910.897	1.9804999999996653	epochs															feedback	315.0
4912.91275	3.9954999999999927	epochs															iti	315.0
4916.935	11.386249999999563	epochs															maze	316.0
4916.935	9.57299999999941	epochs															maze_stem	316.0
4916.9635	16.567000000000007	trials	True	True	False	False	False	True	[0.9069800972938538, 0.09301996976137161, 0.9188674092292786, 0.08113255351781845]	-0.011887364089488983	-0.8258474916219711	-0.005943655967712402	0.41292375326156616	0.9069800972938538	[28131, 28131, 28130, 28130, 28130]	[28198, 28198, 28198, 28197, 28197]		
4926.52925	1.792000000000371	epochs															maze_arm	316.0
4928.3405	5.1672499999995125	epochs															feedback_and_iti	316.0
4928.3405	0.9982499999996435	epochs															feedback_delay	316.0
4929.35625	1.9655000000002474	epochs															feedback	316.0
4931.51125	1.9965000000001965	epochs															iti	316.0
4933.5305	8.579999999999927	epochs															maze	317.0
4933.5305	5.644500000000335	epochs															maze_stem	317.0
4933.55175	15.624749999999949	trials	False	True	False	True	False	False	[0.9136694073677063, 0.0863305851817131, 0.9204915761947632, 0.07950839400291443]	-0.00682218000292778	-0.834161002188921	0.0034110844135284424	0.41708049178123474	0.9204915761947632	[28230, 28230, 28230, 28230, 28229]	[28281, 28281, 28280, 28280, 28280]		
4939.1945	2.9160000000001673	epochs															maze_arm	317.0
4942.13	7.024999999999636	epochs															feedback_and_iti	317.0
4942.13	0.9965000000001965	epochs															feedback_delay	317.0
4943.147	1.9772499999999127	epochs															feedback	317.0
4945.16325	3.9917500000001382	epochs															iti	317.0
4949.1765	7.7077500000004875	epochs															maze	318.0
4949.1765	6.113000000000284	epochs															maze_stem	318.0
4949.198	12.862749999999323	trials	False	True	False	False	False	True	[0.8930283188819885, 0.10697165876626968, 0.9018629789352417, 0.09813704341650009]	-0.008834637701511383	-0.7948912978172302	-0.004417330026626587	0.3974456489086151	0.8930283188819885	[28324, 28324, 28324, 28323, 28323]	[28369, 28369, 28369, 28369, 28369]		
4955.3075	1.5767500000001746	epochs															maze_arm	318.0
4956.90475	5.137000000000626	epochs															feedback_and_iti	318.0
4956.90475	0.979750000000422	epochs															feedback_delay	318.0
4957.90525	1.979500000000371	epochs															feedback	318.0
4960.06	1.98174999999992	epochs															iti	318.0
4962.06075	9.435500000000502	epochs															maze	319.0
4962.06075	7.883749999999964	epochs															maze_stem	319.0
4962.08125	16.470749999999498	trials	False	True	False	True	False	False	[0.9405490159988403, 0.05945098400115967, 0.9394549131393433, 0.06054506450891495]	0.001094091683626175	-0.8800039403140545	-0.0005470514297485352	0.4400019645690918	0.9394549131393433	[28401, 28401, 28401, 28401, 28400]	[28457, 28457, 28456, 28456, 28456]		
4969.96375	1.5325000000002547	epochs															maze_arm	319.0
4971.51625	7.015000000000327	epochs															feedback_and_iti	319.0
4971.51625	0.9825000000000728	epochs															feedback_delay	319.0
4972.522	1.9880000000002838	epochs															feedback	319.0
4974.54825	3.9830000000001746	epochs															iti	319.0
4978.552	8.333000000000538	epochs															maze	320.0
4978.552	5.81525000000056	epochs															maze_stem	320.0
4978.57275	15.3774999999996	trials	False	True	False	True	False	False	[0.9001340270042419, 0.09986600279808044, 0.899199903011322, 0.10080006718635559]	0.0009340941905975342	-0.799333930015564	-0.00046706199645996094	0.399666965007782	0.899199903011322	[28500, 28500, 28500, 28500, 28499]	[28549, 28549, 28549, 28549, 28548]		
4984.3885	2.4965000000001965	epochs															maze_arm	320.0
4986.905	7.021250000000691	epochs															feedback_and_iti	320.0
4986.905	0.992750000000342	epochs															feedback_delay	320.0
4987.92	1.975749999999607	epochs															feedback	320.0
4989.935	3.9912500000000364	epochs															iti	320.0
4993.95025	8.381250000000364	epochs															maze	321.0
4993.95025	4.502999999999702	epochs															maze_stem	321.0
4993.9735	15.43499999999949	trials	False	True	False	True	False	False	[0.8965591192245483, 0.10344082862138748, 0.9063194990158081, 0.09368051588535309]	-0.00976034626364708	-0.8028786368668079	0.004880189895629883	0.4014393091201782	0.9063194990158081	[28592, 28592, 28592, 28592, 28592]	[28642, 28642, 28641, 28641, 28641]		
4998.47525	3.856249999999818	epochs															maze_arm	321.0
5002.353	7.035499999999956	epochs															feedback_and_iti	321.0
5002.353	0.9902499999998327	epochs															feedback_delay	321.0
5003.362	1.9897499999997308	epochs															feedback	321.0
5005.39375	3.99474999999984	epochs															iti	321.0
5009.4085	8.183000000000902	epochs															maze	322.0
5009.4085	6.3530000000000655	epochs															maze_stem	322.0
5009.43	15.215749999999389	trials	False	True	False	True	False	False	[0.89658522605896, 0.10341483354568481, 0.9060236811637878, 0.09397626668214798]	-0.009438510984182358	-0.8026089034974575	0.00471922755241394	0.4013044536113739	0.9060236811637878	[28685, 28685, 28685, 28685, 28684]	[28733, 28733, 28733, 28733, 28732]		
5015.7815	1.8100000000004002	epochs															maze_arm	322.0
5017.61	7.015250000000378	epochs															feedback_and_iti	322.0
5017.61	0.9867500000000291	epochs															feedback_delay	322.0
5018.617	1.983499999999367	epochs															feedback	322.0
5020.642	3.9832500000002256	epochs															iti	322.0
5024.64575	6.36475000000064	epochs															maze	323.0
5024.64575	5.254249999999956	epochs															maze_stem	323.0
5024.6645	11.544499999999971	trials	False	True	False	False	False	True	[0.8942583799362183, 0.10574162751436234, 0.9052050709724426, 0.0947948545217514]	-0.010946732014417648	-0.7994634844362736	-0.005473345518112183	0.39973172545433044	0.8942583799362183	[28777, 28776, 28776, 28776, 28776]	[28814, 28814, 28813, 28813, 28813]		
5029.9195	1.0910000000003492	epochs															maze_arm	323.0
5031.032	5.158249999999498	epochs															feedback_and_iti	323.0
5031.032	0.994499999999789	epochs															feedback_delay	323.0
5032.0475	1.9822500000000218	epochs															feedback	323.0
5034.2075	1.9827499999992142	epochs															iti	323.0
5036.209	14.147500000000036	epochs															maze	324.0
5036.209	8.986249999999927	epochs															maze_stem	324.0
5036.22875	21.186249999999745	trials	True	True	False	True	False	False	[0.9368909597396851, 0.06310906261205673, 0.9365564584732056, 0.06344351917505264]	0.0003344789147377014	-0.8734474182128906	-0.0001672506332397461	0.4367237091064453	0.9365564584732056	[28846, 28846, 28845, 28845, 28845]	[28930, 28930, 28929, 28929, 28929]		
5045.213	5.143500000000131	epochs															maze_arm	324.0
5050.37725	7.016000000000531	epochs															feedback_and_iti	324.0
5050.37725	0.992500000000291	epochs															feedback_delay	324.0
5051.39125	1.9735000000000582	epochs															feedback	324.0
5053.40275	3.9904999999998836	epochs															iti	324.0
5057.415	8.987750000000233	epochs															maze	325.0
5057.415	7.016249999999673	epochs															maze_stem	325.0
5057.43675	14.183250000000044	trials	False	True	False	False	False	True	[0.9080811738967896, 0.09191881120204926, 0.9190037250518799, 0.0809963271021843]	-0.010922517627477646	-0.8270848803222179	-0.005461275577545166	0.4135424494743347	0.9080811738967896	[28973, 28973, 28973, 28972, 28972]	[29026, 29026, 29026, 29025, 29025]		
5064.45825	1.9445000000005166	epochs															maze_arm	325.0
5066.4225	5.171750000000429	epochs															feedback_and_iti	325.0
5066.4225	0.9952499999999418	epochs															feedback_delay	325.0
5067.438	1.981499999999869	epochs															feedback	325.0
5069.6095	1.9847500000005311	epochs															iti	325.0
5071.62	7.851999999999862	epochs															maze	326.0
5071.62	6.549750000000131	epochs															maze_stem	326.0
5071.641	13.053499999999985	trials	False	True	False	False	False	True	[0.948932409286499, 0.05106761306524277, 0.9478327631950378, 0.052167292684316635]	0.0010996628552675247	-0.8967651333659887	0.0005498230457305908	0.44838258624076843	0.948932409286499	[29058, 29058, 29058, 29058, 29057]	[29104, 29104, 29104, 29104, 29103]		
5078.19375	1.2782499999993888	epochs															maze_arm	326.0
5079.4925	5.1802499999994325	epochs															feedback_and_iti	326.0
5079.4925	0.9902499999998327	epochs															feedback_delay	326.0
5080.504	1.9845000000004802	epochs															feedback	326.0
5082.68225	1.9904999999998836	epochs															iti	326.0
5084.6945	7.883500000000822	epochs															maze	327.0
5084.6945	5.378500000000713	epochs															maze_stem	327.0
5084.71475	14.92950000000019	trials	False	True	False	True	False	False	[0.9412534832954407, 0.058746516704559326, 0.9413063526153564, 0.05869359150528908]	-5.289725959300995e-05	-0.8825598638504744	2.6434659957885742e-05	0.44127991795539856	0.9413063526153564	[29137, 29136, 29136, 29136, 29136]	[29183, 29183, 29182, 29182, 29182]		
5090.093	2.485000000000582	epochs															maze_arm	327.0
5092.598	7.024250000000393	epochs															feedback_and_iti	327.0
5092.598	0.9932500000004438	epochs															feedback_delay	327.0
5093.6105	1.98700000000008	epochs															feedback	327.0
5095.63775	3.98450000000048	epochs															iti	327.0
5099.64425	8.980749999999716	epochs															maze	328.0
5099.64425	4.302749999999833	epochs															maze_stem	328.0
5099.66375	16.04675000000043	trials	False	True	False	True	False	False	[0.9074667096138, 0.09253331273794174, 0.9097288846969604, 0.09027112275362015]	-0.0022621825337409973	-0.8171955794095993	0.0011310875415802002	0.40859779715538025	0.9097288846969604	[29226, 29226, 29226, 29226, 29225]	[29279, 29279, 29279, 29278, 29278]		
5103.966	4.658999999999651	epochs															maze_arm	328.0
5108.645	7.039499999999862	epochs															feedback_and_iti	328.0
5108.645	0.9897499999997308	epochs															feedback_delay	328.0
5109.65475	1.992500000000291	epochs															feedback	328.0
5111.6915	3.993000000000393	epochs															iti	328.0
5115.7105	6.109749999999622	epochs															maze	329.0
5115.7105	4.746750000000247	epochs															maze_stem	329.0
5115.7315	11.294499999999971	trials	True	True	False	False	False	True	[0.9039554595947266, 0.09604457765817642, 0.9113155007362366, 0.08868446201086044]	-0.007360078394412994	-0.8152709603309631	-0.003680020570755005	0.40763548016548157	0.9039554595947266	[29322, 29322, 29322, 29322, 29322]	[29358, 29358, 29358, 29358, 29357]		
5120.4785	1.3417499999995925	epochs															maze_arm	329.0
5121.839	5.166500000000269	epochs															feedback_and_iti	329.0
5121.839	0.9907499999999345	epochs															feedback_delay	329.0
5122.84925	1.9780000000000655	epochs															feedback	329.0
5125.041	1.9645000000000437	epochs															iti	329.0
5127.026	8.600500000000466	epochs															maze	330.0
5127.026	5.747000000000298	epochs															maze_stem	330.0
5127.04675	13.799749999999221	trials	True	True	False	False	False	True	[0.9237250089645386, 0.0762750431895256, 0.9213454723358154, 0.07865450531244278]	0.00237949937582016	-0.8450704663991928	0.0011897683143615723	0.422535240650177	0.9237250089645386	[29390, 29390, 29390, 29390, 29390]	[29441, 29441, 29441, 29440, 29440]		
5132.79275	2.833750000000691	epochs															maze_arm	330.0
5135.647	5.1784999999999854	epochs															feedback_and_iti	330.0
5135.647	0.998000000000502	epochs															feedback_delay	330.0
5136.66275	1.97649999999976	epochs															feedback	330.0
5138.832	1.9934999999995853	epochs															iti	330.0
5140.8465	7.390500000000429	epochs															maze	331.0
5140.8465	5.942500000000109	epochs															maze_stem	331.0
5140.86875	12.608000000000175	trials	False	True	False	False	False	True	[0.9111173152923584, 0.08888263255357742, 0.9082381129264832, 0.09176190942525864]	0.0028792396187782288	-0.8193554431200027	0.001439601182937622	0.4096777141094208	0.9111173152923584	[29473, 29473, 29473, 29473, 29472]	[29517, 29516, 29516, 29516, 29516]		
5146.80675	1.430250000000342	epochs															maze_arm	331.0
5148.25825	5.195499999999811	epochs															feedback_and_iti	331.0
5148.25825	0.9915000000000873	epochs															feedback_delay	331.0
5149.27125	1.981999999999971	epochs															feedback	331.0
5151.456	1.9977499999995416	epochs															iti	331.0
5153.47675	7.422750000000633	epochs															maze	332.0
5153.47675	6.096250000000509	epochs															maze_stem	332.0
5153.49925	12.610749999999825	trials	False	True	False	False	False	True	[0.9352516531944275, 0.0647483542561531, 0.9232019186019897, 0.07679808139801025]	0.012049730867147446	-0.8584535680711269	0.006024867296218872	0.4292267858982086	0.9352516531944275	[29549, 29549, 29549, 29548, 29548]	[29592, 29592, 29592, 29592, 29592]		
5159.59575	1.3037500000000364	epochs															maze_arm	332.0
5160.91975	5.171500000000378	epochs															feedback_and_iti	332.0
5160.91975	0.9915000000000873	epochs															feedback_delay	332.0
5161.9335	1.9752499999995052	epochs															feedback	332.0
5164.1	1.9912500000000364	epochs															iti	332.0
5166.11	9.383749999999964	epochs															maze	333.0
5166.11	5.547500000000582	epochs															maze_stem	333.0
5166.12975	16.412749999999505	trials	True	True	False	True	False	False	[0.9379053711891174, 0.06209458038210869, 0.9260740280151367, 0.07392602413892746]	0.011831393465399742	-0.863979397341609	-0.0059156715869903564	0.4319896996021271	0.9260740280151367	[29625, 29624, 29624, 29624, 29624]	[29680, 29680, 29680, 29679, 29679]		
5171.677	3.8167499999999563	epochs															maze_arm	333.0
5175.51175	7.0090000000000146	epochs															feedback_and_iti	333.0
5175.51175	0.9835000000002765	epochs															feedback_delay	333.0
5176.5135	1.9857499999998254	epochs															feedback	333.0
5178.536	3.9847499999996217	epochs															iti	333.0
5182.5425	7.456250000000182	epochs															maze	334.0
5182.5425	4.690000000000509	epochs															maze_stem	334.0
5182.563	14.496250000000146	trials	True	True	False	True	False	False	[0.9114536046981812, 0.08854641020298004, 0.9185645580291748, 0.08143548667430878]	-0.0071109384298324585	-0.8300181329250336	0.003555476665496826	0.415009081363678	0.9185645580291748	[29723, 29723, 29723, 29723, 29722]	[29767, 29767, 29767, 29766, 29766]		
5187.25175	2.746999999999389	epochs															maze_arm	334.0
5190.0165	7.021749999999884	epochs															feedback_and_iti	334.0
5190.0165	0.9842500000004293	epochs															feedback_delay	334.0
5191.0215	1.987250000000131	epochs															feedback	334.0
5193.046	3.9922499999993306	epochs															iti	334.0
5197.05925	8.082499999999527	epochs															maze	335.0
5197.05925	4.344999999999345	epochs															maze_stem	335.0
5197.07975	15.134000000000015	trials	False	True	False	True	False	False	[0.9205932021141052, 0.07940685749053955, 0.9274332523345947, 0.07256671041250229]	-0.006840098649263382	-0.8480264432728291	0.003420025110244751	0.42401322722435	0.9274332523345947	[29810, 29810, 29810, 29810, 29809]	[29858, 29858, 29857, 29857, 29857]		
5201.42675	3.7150000000001455	epochs															maze_arm	335.0
5205.15975	7.0349999999998545	epochs															feedback_and_iti	335.0
5205.15975	0.9949999999998909	epochs															feedback_delay	335.0
5206.17525	1.9842499999995198	epochs															feedback	335.0
5208.19925	3.9954999999999927	epochs															iti	335.0
5212.21375	7.752500000000509	epochs															maze	336.0
5212.21375	5.751500000000306	epochs															maze_stem	336.0
5212.234	14.79699999999957	trials	False	True	False	True	False	False	[0.915979266166687, 0.0840207040309906, 0.9164764285087585, 0.08352355659008026]	-0.0004971548914909363	-0.8324557170271873	0.0002485811710357666	0.4162278473377228	0.9164764285087585	[29901, 29901, 29901, 29900, 29900]	[29947, 29946, 29946, 29946, 29946]		
5217.98575	1.9805000000005748	epochs															maze_arm	336.0
5219.986	7.020999999999731	epochs															feedback_and_iti	336.0
5219.986	0.9962500000001455	epochs															feedback_delay	336.0
5221.00275	1.9715000000005602	epochs															feedback	336.0
5223.013	3.993999999999687	epochs															iti	336.0
5227.031	10.401499999999942	epochs															maze	337.0
5227.031	5.002749999999651	epochs															maze_stem	337.0
5227.053	17.43775000000005	trials	False	True	False	True	False	False	[0.9104443192481995, 0.08955571800470352, 0.9140239953994751, 0.08597595989704132]	-0.003579717129468918	-0.8244683183729649	0.0017898380756378174	0.4122341573238373	0.9140239953994751	[29990, 29990, 29989, 29989, 29989]	[30051, 30051, 30051, 30051, 30051]		
5232.053	5.379500000000007	epochs															maze_arm	337.0
5237.45275	7.017499999999927	epochs															feedback_and_iti	337.0
5237.45275	0.9862499999999272	epochs															feedback_delay	337.0
5238.458	1.9895000000005894	epochs															feedback	337.0
5240.484	3.9862499999999272	epochs															iti	337.0
5244.49075	8.231499999999869	epochs															maze	338.0
5244.49075	5.4350000000004	epochs															maze_stem	338.0
5244.50925	15.259750000000167	trials	False	True	False	True	False	False	[0.9071248769760132, 0.09287519752979279, 0.9115899801254272, 0.08840995281934738]	-0.004465173929929733	-0.8187148533761501	0.0022325515747070312	0.4093574285507202	0.9115899801254272	[30095, 30094, 30094, 30094, 30094]	[30143, 30143, 30143, 30142, 30142]		
5249.94575	2.776499999999942	epochs															maze_arm	338.0
5252.74275	7.005999999999403	epochs															feedback_and_iti	338.0
5252.74275	0.9827499999992142	epochs															feedback_delay	338.0
5253.746	1.9809999999997672	epochs															feedback	338.0
5255.76375	3.9849999999996726	epochs															iti	338.0
5259.769	8.485999999999876	epochs															maze	339.0
5259.769	6.951999999999316	epochs															maze_stem	339.0
5259.7895	13.662250000000313	trials	False	True	False	False	False	True	[0.9039896130561829, 0.09601038694381714, 0.9098280072212219, 0.09017199277877808]	-0.0058383941650390625	-0.8138176202774048	-0.0029191970825195312	0.4069088101387024	0.9039896130561829	[30186, 30186, 30186, 30186, 30185]	[30236, 30236, 30236, 30236, 30235]		
5266.741	1.5140000000001237	epochs															maze_arm	339.0
5268.27725	5.1544999999996435	epochs															feedback_and_iti	339.0
5268.27725	0.9882500000003347	epochs															feedback_delay	339.0
5269.28575	1.9719999999997526	epochs															feedback	339.0
5271.4425	1.989249999999629	epochs															iti	339.0
5273.45175	7.4650000000001455	epochs															maze	340.0
5273.45175	5.6729999999997744	epochs															maze_stem	340.0
5273.47075	14.501749999999447	trials	True	True	False	True	False	False	[0.9442625045776367, 0.05573747307062149, 0.9410426020622253, 0.058957379311323166]	0.003219904378056526	-0.8853051271289587	-0.0016099512577056885	0.44265255331993103	0.9410426020622253	[30268, 30268, 30268, 30268, 30267]	[30312, 30312, 30312, 30311, 30311]		
5279.1445	1.7722499999999854	epochs															maze_arm	340.0
5280.93825	7.013750000000073	epochs															feedback_and_iti	340.0
5280.93825	0.9957500000000437	epochs															feedback_delay	340.0
5281.95375	1.968499999999949	epochs															feedback	340.0
5283.9575	3.994499999999789	epochs															iti	340.0
5287.9725	10.926000000000386	epochs															maze	341.0
5287.9725	6.522750000000087	epochs															maze_stem	341.0
5287.992	17.9717499999997	trials	True	True	False	True	False	False	[0.9144226312637329, 0.08557729423046112, 0.922416090965271, 0.07758384943008423]	-0.007993452250957489	-0.8368387892842293	0.003996729850769043	0.41841936111450195	0.922416090965271	[30355, 30355, 30355, 30355, 30354]	[30420, 30420, 30419, 30419, 30419]		
5294.51375	4.384750000000167	epochs															maze_arm	341.0
5298.9205	7.019749999999476	epochs															feedback_and_iti	341.0
5298.9205	0.987250000000131	epochs															feedback_delay	341.0
5299.92725	1.9830000000001746	epochs															feedback	341.0
5301.94575	3.994499999999789	epochs															iti	341.0
5305.96375	7.229000000000269	epochs															maze	342.0
5305.96375	4.876250000000255	epochs															maze_stem	342.0
5305.98775	14.267749999999978	trials	True	True	False	True	False	False	[0.9210724234580994, 0.07892757654190063, 0.9285378456115723, 0.07146208733320236]	-0.0074654556810855865	-0.8496103025972843	0.00373271107673645	0.4248051345348358	0.9285378456115723	[30463, 30463, 30463, 30463, 30462]	[30506, 30505, 30505, 30505, 30505]		
5310.8585	2.3342499999998836	epochs															maze_arm	342.0
5313.21325	7.0222499999999854	epochs															feedback_and_iti	342.0
5313.21325	0.9917500000001382	epochs															feedback_delay	342.0
5314.22425	1.9737500000001091	epochs															feedback	342.0
5316.234	4.001499999999396	epochs															iti	342.0
5320.2555	9.336749999999483	epochs															maze	343.0
5320.2555	5.390249999999469	epochs															maze_stem	343.0
5320.27575	16.368000000000393	trials	True	True	False	True	False	False	[0.91824871301651, 0.08175122737884521, 0.9269960522651672, 0.07300394773483276]	-0.008747309446334839	-0.8452447950839996	0.004373669624328613	0.4226223826408386	0.9269960522651672	[30549, 30549, 30548, 30548, 30548]	[30604, 30604, 30603, 30603, 30603]		
5325.6635	3.9287500000000364	epochs															maze_arm	343.0
5329.61125	7.012499999999818	epochs															feedback_and_iti	343.0
5329.61125	0.9920000000001892	epochs															feedback_delay	343.0
5330.6235	1.9737500000001091	epochs															feedback	343.0
5332.633	3.9907499999999345	epochs															iti	343.0
5336.64375	11.152500000000146	epochs															maze	344.0
5336.64375	7.90099999999984	epochs															maze_stem	344.0
5336.66175	18.201250000000073	trials	True	True	False	True	False	False	[0.9155057668685913, 0.0844942033290863, 0.9254968166351318, 0.07450311630964279]	-0.00999106839299202	-0.841002631932497	0.004995524883270264	0.4205012917518616	0.9254968166351318	[30647, 30647, 30647, 30646, 30646]	[30713, 30713, 30713, 30712, 30712]		
5344.5635	3.2327500000001237	epochs															maze_arm	344.0
5347.81375	7.0222499999999854	epochs															feedback_and_iti	344.0
5347.81375	0.9877499999993233	epochs															feedback_delay	344.0
5348.821	1.9757500000005166	epochs															feedback	344.0
5350.83375	4.002250000000458	epochs															iti	344.0
5354.863	11.439749999999549	epochs															maze	345.0
5354.863	9.517749999999978	epochs															maze_stem	345.0
5354.886	18.477750000000015	trials	False	True	False	True	False	False	[0.9134241342544556, 0.08657582104206085, 0.924285888671875, 0.07571413367986679]	-0.010861720889806747	-0.8377100341022015	0.005430877208709717	0.4188550114631653	0.924285888671875	[30756, 30756, 30756, 30756, 30756]	[30824, 30824, 30824, 30823, 30823]		
5364.4015	1.9012499999998909	epochs															maze_arm	345.0
5366.3255	7.019250000000284	epochs															feedback_and_iti	345.0
5366.3255	0.9822500000000218	epochs															feedback_delay	345.0
5367.332	1.9825000000000728	epochs															feedback	345.0
5369.353	3.9917500000001382	epochs															iti	345.0
5373.36375	10.9375	epochs															maze	346.0
5373.36375	5.130249999999251	epochs															maze_stem	346.0
5373.38425	16.141499999999724	trials	False	True	False	True	True	True	[0.9087351560592651, 0.09126482158899307, 0.9137450456619263, 0.08625499904155731]	-0.005009856075048447	-0.8224801905453205	-0.0025049112737178802	-0.4112400896847248	0.08625499904155731	[30867, 30867, 30867, 30867, 30866]	[30932, 30932, 30931, 30931, 30931]		
5378.512	5.78925000000072	epochs															maze_arm	346.0
5384.321	5.184500000000298	epochs															feedback_and_iti	346.0
5384.321	0.9982499999996435	epochs															feedback_delay	346.0
5385.3425	1.9715000000005602	epochs															feedback	346.0
5387.527	1.9785000000001673	epochs															iti	346.0
5389.52575	7.187750000000051	epochs															maze	347.0
5389.52575	5.4975000000004	epochs															maze_stem	347.0
5389.54625	12.371999999999389	trials	False	True	False	False	False	True	[0.8139334321022034, 0.18606658279895782, 0.7467875480651855, 0.25321242213249207]	0.06714586168527603	-0.5607209876179695	0.03357294201850891	0.28036049008369446	0.8139334321022034	[30964, 30964, 30964, 30964, 30963]	[31006, 31006, 31006, 31006, 31005]		
5395.04325	1.6702500000001237	epochs															maze_arm	347.0
5396.734	5.164999999999964	epochs															feedback_and_iti	347.0
5396.734	0.9849999999996726	epochs															feedback_delay	347.0
5397.74025	1.9752500000004147	epochs															feedback	347.0
5399.9215	1.9774999999999636	epochs															iti	347.0
5401.91825	7.217500000000655	epochs															maze	348.0
5401.91825	5.679500000000189	epochs															maze_stem	348.0
5401.93875	12.41924999999992	trials	False	True	False	False	False	True	[0.9125332832336426, 0.087466761469841, 0.7954747080802917, 0.20452529191970825]	0.11705855280160904	-0.7080079689621925	0.058529287576675415	0.35400399565696716	0.9125332832336426	[31038, 31038, 31038, 31038, 31038]	[31081, 31081, 31080, 31080, 31080]		
5407.616	1.5197500000003856	epochs															maze_arm	348.0
5409.15575	5.181749999999738	epochs															feedback_and_iti	348.0
5409.15575	0.9894999999996799	epochs															feedback_delay	348.0
5410.16475	1.9840000000003783	epochs															feedback	348.0
5412.35025	1.9872499999992215	epochs															iti	348.0
5414.358	7.329499999999825	epochs															maze	349.0
5414.358	5.593499999999949	epochs															maze_stem	349.0
5414.378	14.379249999999956	trials	False	True	False	True	False	False	[0.9187807440757751, 0.08121921122074127, 0.8269294500350952, 0.1730705350637436]	0.09185130894184113	-0.7457102239131927	-0.045925647020339966	0.3728550970554352	0.8269294500350952	[31113, 31113, 31113, 31112, 31112]	[31156, 31156, 31156, 31155, 31155]		
5419.9715	1.7160000000003492	epochs															maze_arm	349.0
5421.7085	7.028500000000349	epochs															feedback_and_iti	349.0
5421.7085	0.9915000000000873	epochs															feedback_delay	349.0
5422.71875	1.989249999999629	epochs															feedback	349.0
5424.748	3.9890000000004875	epochs															iti	349.0
5428.75725	7.110250000000633	epochs															maze	350.0
5428.75725	4.117000000000189	epochs															maze_stem	350.0
5428.7775	14.152500000000146	trials	False	True	False	True	False	False	[0.8860181570053101, 0.11398183554410934, 0.867436945438385, 0.13256308436393738]	0.01858123019337654	-0.7534550912678242	-0.009290605783462524	0.37672755122184753	0.867436945438385	[31199, 31199, 31199, 31199, 31199]	[31241, 31241, 31241, 31240, 31240]		
5432.894	2.973500000000058	epochs															maze_arm	350.0
5435.88725	7.018500000000131	epochs															feedback_and_iti	350.0
5435.88725	0.9902499999998327	epochs															feedback_delay	350.0
5436.898	1.9859999999998763	epochs															feedback	350.0
5438.921	3.9847499999996217	epochs															iti	350.0
5442.93	6.939749999999549	epochs															maze	351.0
5442.93	5.787999999999556	epochs															maze_stem	351.0
5442.95675	12.128249999999753	trials	False	True	False	False	False	True	[0.8999207615852356, 0.10007923096418381, 0.8973383903503418, 0.10266167670488358]	0.0025824084877967834	-0.797259122133255	0.0012911856174468994	0.3986295759677887	0.8999207615852356	[31284, 31284, 31284, 31284, 31284]	[31325, 31325, 31325, 31324, 31324]		
5448.73975	1.1300000000001091	epochs															maze_arm	351.0
5449.8895	5.175000000000182	epochs															feedback_and_iti	351.0
5449.8895	0.9875000000001819	epochs															feedback_delay	351.0
5450.901	1.986750000000029	epochs															feedback	351.0
5453.07	1.9945000000006985	epochs															iti	351.0
5455.085	32.75224999999955	epochs															maze	352.0
5455.085	31.27049999999963	epochs															maze_stem	352.0
5455.107	39.784999999999854	trials	False	True	False	False	True	False	[0.9452431797981262, 0.05475682020187378, 0.9332564473152161, 0.06674358993768692]	0.011986751109361649	-0.8784996084868908	-0.0059933848679065704	-0.43924979493021965	0.05475682020187378	[31357, 31357, 31357, 31357, 31356]	[31553, 31552, 31552, 31552, 31552]		
5486.375	1.4622499999995853	epochs															maze_arm	352.0
5487.85825	7.01024999999936	epochs															feedback_and_iti	352.0
5487.85825	0.9804999999996653	epochs															feedback_delay	352.0
5488.8595	1.9835000000002765	epochs															feedback	352.0
5490.88275	3.9857499999998254	epochs															iti	352.0
5494.892	8.331750000000284	epochs															maze	353.0
5494.892	6.1159999999999854	epochs															maze_stem	353.0
5494.9175	15.371250000000146	trials	False	True	False	True	False	False	[0.8237643837928772, 0.17623557150363922, 0.822744607925415, 0.17725540697574615]	0.001019805669784546	-0.6465090066194534	-0.0005098879337310791	0.3232544958591461	0.822744607925415	[31596, 31596, 31595, 31595, 31595]	[31645, 31645, 31644, 31644, 31644]		
5501.028	2.1957499999998618	epochs															maze_arm	353.0
5503.2435	7.02350000000024	epochs															feedback_and_iti	353.0
5503.2435	0.9902500000007421	epochs															feedback_delay	353.0
5504.254	1.9859999999998763	epochs															feedback	353.0
5506.27875	3.988249999999425	epochs															iti	353.0
5510.28875	11.725000000000364	epochs															maze	354.0
5510.28875	9.556500000000597	epochs															maze_stem	354.0
5510.31075	18.764750000000276	trials	False	True	False	True	False	False	[0.8365921974182129, 0.16340777277946472, 0.8690617680549622, 0.13093821704387665]	-0.03246956318616867	-0.7056539878249168	0.016234785318374634	0.3528269827365875	0.8690617680549622	[31688, 31688, 31688, 31688, 31687]	[31758, 31757, 31757, 31757, 31757]		
5519.86375	2.149999999999636	epochs															maze_arm	354.0
5522.034	7.020500000000538	epochs															feedback_and_iti	354.0
5522.034	0.9972500000003492	epochs															feedback_delay	354.0
5523.05225	1.974250000000211	epochs															feedback	354.0
5525.0655	3.9890000000004875	epochs															iti	354.0
5529.0755	8.391249999999673	epochs															maze	355.0
5529.0755	4.33600000000024	epochs															maze_stem	355.0
5529.096	15.459750000000895	trials	False	True	False	True	False	False	[0.8548082709312439, 0.14519177377223969, 0.8822329640388489, 0.1177670955657959]	-0.027424685657024384	-0.7370411828160286	0.01371234655380249	0.3685206174850464	0.8822329640388489	[31801, 31801, 31800, 31800, 31800]	[31850, 31850, 31850, 31850, 31849]		
5533.433	4.0337499999996	epochs															maze_arm	355.0
5537.48675	7.048249999999825	epochs															feedback_and_iti	355.0
5537.48675	0.9804999999996653	epochs															feedback_delay	355.0
5538.48775	1.9965000000001965	epochs															feedback	355.0
5540.5265	4.008499999999913	epochs															iti	355.0
5544.55575	9.676749999999629	epochs															maze	356.0
5544.55575	6.006249999999454	epochs															maze_stem	356.0
5544.57575	16.717249999999694	trials	True	True	False	True	False	False	[0.8580093383789062, 0.14199070632457733, 0.8861308097839355, 0.11386918276548386]	-0.028121497482061386	-0.7441401295363903	0.014060735702514648	0.3720700740814209	0.8861308097839355	[31894, 31893, 31893, 31893, 31893]	[31951, 31950, 31950, 31950, 31950]		
5550.5835	3.649000000000342	epochs															maze_arm	356.0
5554.25425	7.018500000000131	epochs															feedback_and_iti	356.0
5554.25425	0.9837500000003274	epochs															feedback_delay	356.0
5555.26	1.9780000000000655	epochs															feedback	356.0
5557.275	3.997750000000451	epochs															iti	356.0
5561.293	7.725500000000466	epochs															maze	357.0
5561.293	6.089750000000095	epochs															maze_stem	357.0
5561.31175	12.935500000000502	trials	True	True	False	False	False	True	[0.8628184199333191, 0.13718155026435852, 0.8945714235305786, 0.10542863607406616]	-0.03175295889377594	-0.7573898285627365	-0.01587650179862976	0.37869492173194885	0.8628184199333191	[31994, 31994, 31994, 31993, 31993]	[32039, 32039, 32039, 32039, 32039]		
5567.403	1.6154999999998836	epochs															maze_arm	357.0
5569.03775	5.18474999999944	epochs															feedback_and_iti	357.0
5569.03775	0.9994999999998981	epochs															feedback_delay	357.0
5570.05625	1.9752500000004147	epochs															feedback	357.0
5572.23	1.992500000000291	epochs															iti	357.0
5574.24725	8.639999999999418	epochs															maze	358.0
5574.24725	6.231999999999971	epochs															maze_stem	358.0
5574.26575	13.832000000000335	trials	False	True	False	False	False	True	[0.8806460499763489, 0.11935392767190933, 0.9029739499092102, 0.0970260351896286]	-0.02232789620757103	-0.7836200185120106	-0.011163949966430664	0.39180999994277954	0.8806460499763489	[32072, 32071, 32071, 32071, 32071]	[32122, 32122, 32122, 32122, 32122]		
5580.4995	2.387749999999869	epochs															maze_arm	358.0
5582.907	5.170000000000073	epochs															feedback_and_iti	358.0
5582.907	0.9942499999997381	epochs															feedback_delay	358.0
5583.92075	1.981249999999818	epochs															feedback	358.0
5586.095	1.981999999999971	epochs															iti	358.0
5588.09775	6.352249999999913	epochs															maze	359.0
5588.09775	4.942250000000058	epochs															maze_stem	359.0
5588.1175	11.53650000000016	trials	False	True	False	False	False	True	[0.8991778492927551, 0.10082218796014786, 0.9087734818458557, 0.09122652560472488]	-0.00959564745426178	-0.807951308786869	-0.004797816276550293	0.4039756655693054	0.8991778492927551	[32155, 32154, 32154, 32154, 32154]	[32192, 32192, 32191, 32191, 32191]		
5593.0655	1.3845000000001164	epochs															maze_arm	359.0
5594.4695	5.164499999999862	epochs															feedback_and_iti	359.0
5594.4695	0.9987499999997453	epochs															feedback_delay	359.0
5595.4885	1.96349999999984	epochs															feedback	359.0
5597.646	1.9880000000002838	epochs															iti	359.0
5599.654	10.396749999999884	epochs															maze	360.0
5599.654	8.347249999999804	epochs															maze_stem	360.0
5599.67425	17.43249999999989	trials	False	True	False	False	True	False	[0.9052056670188904, 0.0947943776845932, 0.9103800654411316, 0.08961988240480423]	-0.005174446851015091	-0.8155857361853123	0.0025872476398944855	-0.4077928699553013	0.0947943776845932	[32224, 32224, 32224, 32223, 32223]	[32285, 32285, 32285, 32285, 32285]		
5608.0195	2.03125	epochs															maze_arm	360.0
5610.07	7.0145000000002256	epochs															feedback_and_iti	360.0
5610.07	0.9830000000001746	epochs															feedback_delay	360.0
5611.073	1.989249999999629	epochs															feedback	360.0
5613.1005	3.9840000000003783	epochs															iti	360.0
5617.10675	7.673249999999825	epochs															maze	361.0
5617.10675	5.962250000000495	epochs															maze_stem	361.0
5617.12825	12.847249999999804	trials	False	True	False	False	False	True	[0.7536678314208984, 0.24633215367794037, 0.7884781956672668, 0.21152180433273315]	-0.03481035679578781	-0.5421460345387459	-0.017405182123184204	0.27107301354408264	0.7536678314208984	[32329, 32328, 32328, 32328, 32328]	[32374, 32373, 32373, 32373, 32373]		
5623.08875	1.6912499999998545	epochs															maze_arm	361.0
5624.801	5.15349999999944	epochs															feedback_and_iti	361.0
5624.801	0.9894999999996799	epochs															feedback_delay	361.0
5625.81225	1.979500000000371	epochs															feedback	361.0
5627.97225	1.9822500000000218	epochs															iti	361.0
5629.9755	10.994250000000648	epochs															maze	362.0
5629.9755	5.162000000000262	epochs															maze_stem	362.0
5629.99575	16.19300000000021	trials	False	True	False	True	True	True	[0.8800368309020996, 0.11996311694383621, 0.8813911080360413, 0.11860885471105576]	-0.0013542696833610535	-0.7614279836416245	-0.0006771311163902283	-0.380714014172554	0.11860885471105576	[32406, 32406, 32405, 32405, 32405]	[32471, 32471, 32470, 32470, 32470]		
5635.1575	5.812249999999949	epochs															maze_arm	362.0
5640.98975	5.1784999999999854	epochs															feedback_and_iti	362.0
5640.98975	0.9812499999998181	epochs															feedback_delay	362.0
5641.992	1.9864999999999782	epochs															feedback	362.0
5644.179	1.989249999999629	epochs															iti	362.0
5646.18875	8.31750000000011	epochs															maze	363.0
5646.18875	5.5092500000000655	epochs															maze_stem	363.0
5646.2085	15.358000000000175	trials	True	True	False	True	False	False	[0.7358341813087463, 0.2641657888889313, 0.6778740882873535, 0.32212594151496887]	0.05796012282371521	-0.41370826959609985	-0.02898004651069641	0.20685413479804993	0.6778740882873535	[32503, 32503, 32503, 32502, 32502]	[32552, 32552, 32551, 32551, 32551]		
5651.71575	2.7905000000000655	epochs															maze_arm	363.0
5654.5255	7.016000000000531	epochs															feedback_and_iti	363.0
5654.5255	0.9909999999999854	epochs															feedback_delay	363.0
5655.53525	1.9785000000001673	epochs															feedback	363.0
5657.55125	3.9902499999998327	epochs															iti	363.0
5661.5665	8.374499999999898	epochs															maze	364.0
5661.5665	5.221999999999753	epochs															maze_stem	364.0
5661.586	15.422249999999622	trials	True	True	False	True	False	False	[0.7990942001342773, 0.20090578496456146, 0.8283999562263489, 0.17160004377365112]	-0.029305748641490936	-0.6274941638112068	0.014652878046035767	0.3137470781803131	0.8283999562263489	[32595, 32595, 32595, 32595, 32594]	[32644, 32644, 32644, 32644, 32644]		
5666.80875	3.132249999999658	epochs															maze_arm	364.0
5669.96175	7.022999999999229	epochs															feedback_and_iti	364.0
5669.96175	0.9937499999996362	epochs															feedback_delay	364.0
5670.97525	1.9802499999996144	epochs															feedback	364.0
5672.99375	3.9909999999999854	epochs															iti	364.0
5677.00825	11.692000000000007	epochs															maze	365.0
5677.00825	9.43224999999984	epochs															maze_stem	365.0
5677.02975	18.724500000000262	trials	True	True	False	True	False	False	[0.8753684163093567, 0.12463156878948212, 0.8981286883354187, 0.10187127441167831]	-0.022760283201932907	-0.7734971307218075	0.011380136013031006	0.3867485523223877	0.8981286883354187	[32688, 32688, 32687, 32687, 32687]	[32757, 32757, 32756, 32756, 32756]		
5686.46025	2.2399999999997817	epochs															maze_arm	365.0
5688.71825	7.015000000000327	epochs															feedback_and_iti	365.0
5688.71825	0.9949999999998909	epochs															feedback_delay	365.0
5689.73225	1.9719999999997526	epochs															feedback	365.0
5691.74175	3.9915000000000873	epochs															iti	365.0
5695.75425	10.885750000000371	epochs															maze	366.0
5695.75425	9.198999999999614	epochs															maze_stem	366.0
5695.7745	17.930999999999585	trials	False	True	False	False	True	False	[0.881334125995636, 0.11866584420204163, 0.9036679863929749, 0.09633206576108932]	-0.022333819419145584	-0.7850021012127399	0.01116688922047615	-0.3925010450184345	0.11866584420204163	[32800, 32800, 32800, 32800, 32799]	[32864, 32864, 32864, 32864, 32864]		
5704.97175	1.6682500000006257	epochs															maze_arm	366.0
5706.66175	7.0219999999999345	epochs															feedback_and_iti	366.0
5706.66175	0.9902499999998327	epochs															feedback_delay	366.0
5707.67125	1.9767499999998108	epochs															feedback	366.0
5709.685	3.9987499999997453	epochs															iti	366.0
5713.7055	11.003749999999854	epochs															maze	367.0
5713.7055	9.399999999999636	epochs															maze_stem	367.0
5713.726	16.186500000000706	trials	False	True	False	False	False	True	[0.7783997058868408, 0.22160030901432037, 0.8128845691680908, 0.18711541593074799]	-0.034484878182411194	-0.5912842750549316	-0.017242431640625	0.2956421375274658	0.7783997058868408	[32908, 32908, 32907, 32907, 32907]	[32973, 32973, 32972, 32972, 32972]		
5723.1255	1.5837499999997817	epochs															maze_arm	367.0
5724.7315	5.160249999999905	epochs															feedback_and_iti	367.0
5724.7315	0.9897499999997308	epochs															feedback_delay	367.0
5725.7415	1.9777500000000146	epochs															feedback	367.0
5727.9025	1.989249999999629	epochs															iti	367.0
5729.9125	7.295000000000073	epochs															maze	368.0
5729.9125	4.496249999999236	epochs															maze_stem	368.0
5729.9325	14.350750000000517	trials	False	True	False	True	False	False	[0.884548544883728, 0.11545143276453018, 0.8923872709274292, 0.10761278122663498]	-0.007838688790798187	-0.776935800909996	0.003919363021850586	0.3884679079055786	0.8923872709274292	[33005, 33005, 33004, 33004, 33004]	[33048, 33047, 33047, 33047, 33047]		
5734.42875	2.7787500000004	epochs															maze_arm	368.0
5737.22725	7.0277500000001965	epochs															feedback_and_iti	368.0
5737.22725	0.9932500000004438	epochs															feedback_delay	368.0
5738.241	1.979500000000371	epochs															feedback	368.0
5740.26625	3.9887500000004366	epochs															iti	368.0
5744.28325	13.410750000000007	epochs															maze	369.0
5744.28325	10.678999999999178	epochs															maze_stem	369.0
5744.30725	20.43525000000045	trials	False	True	False	True	False	False	[0.858808696269989, 0.14119136333465576, 0.8701081871986389, 0.1298917680978775]	-0.01129954308271408	-0.7289168760180473	0.005649745464324951	0.36445844173431396	0.8701081871986389	[33091, 33091, 33091, 33090, 33090]	[33171, 33170, 33170, 33170, 33170]		
5754.9835	2.7105000000001382	epochs															maze_arm	369.0
5757.71225	7.010000000000218	epochs															feedback_and_iti	369.0
5757.71225	0.9962500000001455	epochs															feedback_delay	369.0
5758.72875	1.9724999999998545	epochs															feedback	369.0
5760.74025	3.981999999999971	epochs															iti	369.0
5764.7425	14.417749999999614	epochs															maze	370.0
5764.7425	12.304250000000138	epochs															maze_stem	370.0
5764.76225	21.469500000000153	trials	True	True	False	False	True	False	[0.8616273999214172, 0.13837260007858276, 0.8861228823661804, 0.11387717723846436]	-0.024495452642440796	-0.7477502524852753	0.012247711420059204	-0.37387511134147644	0.13837260007858276	[33214, 33214, 33213, 33213, 33213]	[33299, 33299, 33299, 33299, 33298]		
5777.06425	2.095999999999549	epochs															maze_arm	370.0
5779.18025	7.027499999999236	epochs															feedback_and_iti	370.0
5779.18025	0.9904999999998836	epochs															feedback_delay	370.0
5780.1895	1.9787499999993088	epochs															feedback	370.0
5782.20525	4.0024999999996	epochs															iti	370.0
5786.23175	17.581250000000182	epochs															maze	371.0
5786.23175	16.202500000000327	epochs															maze_stem	371.0
5786.25275	22.774000000000342	trials	True	True	False	False	False	True	[0.7778904438018799, 0.2221095710992813, 0.8111085295677185, 0.1888914704322815]	-0.03321809321641922	-0.5889989659190178	-0.01660904288291931	0.2944994866847992	0.7778904438018799	[33343, 33342, 33342, 33342, 33342]	[33447, 33447, 33447, 33446, 33446]		
5802.45375	1.3592500000004293	epochs															maze_arm	371.0
5803.83225	5.173249999999825	epochs															feedback_and_iti	371.0
5803.83225	0.9824999999991633	epochs															feedback_delay	371.0
5804.83575	1.9825000000000728	epochs															feedback	371.0
5807.027	1.9785000000001673	epochs															iti	371.0
5809.02675	10.942250000000058	epochs															maze	372.0
5809.02675	4.8457500000004075	epochs															maze_stem	372.0
5809.0465	16.144499999999425	trials	True	True	False	True	True	True	[0.8661256432533264, 0.1338743269443512, 0.8569687008857727, 0.1430313140153885]	0.009156964719295502	-0.7230943515896797	0.004578493535518646	-0.36154717952013016	0.1430313140153885	[33479, 33479, 33479, 33479, 33478]	[33544, 33544, 33543, 33543, 33543]		
5813.89225	6.076750000000175	epochs															maze_arm	372.0
5819.98825	5.180999999999585	epochs															feedback_and_iti	372.0
5819.98825	0.9992499999998472	epochs															feedback_delay	372.0
5821.00675	1.979750000000422	epochs															feedback	372.0
5823.19175	1.9774999999999636	epochs															iti	372.0
5825.191	7.542250000000422	epochs															maze	373.0
5825.191	5.511000000000422	epochs															maze_stem	373.0
5825.211	14.590749999999389	trials	False	True	False	True	False	False	[0.7674587965011597, 0.23254118859767914, 0.6927192211151123, 0.3072808086872101]	0.07473959773778915	-0.4601780101656914	-0.03736978769302368	0.230089008808136	0.6927192211151123	[33576, 33576, 33576, 33576, 33575]	[33620, 33620, 33620, 33620, 33620]		
5830.72075	2.012499999999818	epochs															maze_arm	373.0
5832.753	7.028250000000298	epochs															feedback_and_iti	373.0
5832.753	0.9952499999999418	epochs															feedback_delay	373.0
5833.7675	1.9830000000001746	epochs															feedback	373.0
5835.78775	3.9934999999995853	epochs															iti	373.0
5839.80175	9.926750000000538	epochs															maze	374.0
5839.80175	8.032250000000204	epochs															maze_stem	374.0
5839.82625	16.95849999999973	trials	False	True	False	True	False	False	[0.7995716333389282, 0.20042839646339417, 0.7925028800964355, 0.20749717950820923]	0.00706876814365387	-0.5920744687318802	-0.003534376621246338	0.2960372567176819	0.7925028800964355	[33664, 33664, 33663, 33663, 33663]	[33722, 33722, 33722, 33722, 33722]		
5847.854	1.8744999999998981	epochs															maze_arm	374.0
5849.74825	7.016250000000582	epochs															feedback_and_iti	374.0
5849.74825	0.9995000000008076	epochs															feedback_delay	374.0
5850.7665	1.9715000000005602	epochs															feedback	374.0
5852.775	3.9895000000005894	epochs															iti	374.0
5856.78475	8.653250000000298	epochs															maze	375.0
5856.78475	6.86725000000024	epochs															maze_stem	375.0
5856.805	15.689499999999498	trials	False	True	False	True	False	False	[0.8398693799972534, 0.1601305902004242, 0.8522274494171143, 0.14777249097824097]	-0.012358084321022034	-0.6920968741178513	0.00617903470993042	0.34604841470718384	0.8522274494171143	[33766, 33765, 33765, 33765, 33765]	[33816, 33816, 33816, 33816, 33816]		
5863.671	1.7669999999998254	epochs															maze_arm	375.0
5865.4575	7.01549999999952	epochs															feedback_and_iti	375.0
5865.4575	0.9997499999999491	epochs															feedback_delay	375.0
5866.4775	1.9750000000003638	epochs															feedback	375.0
5868.49025	3.9827500000001237	epochs															iti	375.0
5872.4945	9.746750000000247	epochs															maze	376.0
5872.4945	7.2885000000005675	epochs															maze_stem	376.0
5872.516	16.775500000000648	trials	False	True	False	True	False	False	[0.8546797037124634, 0.14532031118869781, 0.8736253380775452, 0.12637464702129364]	-0.01894564926624298	-0.7283050417900085	0.009472817182540894	0.3641525208950043	0.8736253380775452	[33860, 33860, 33859, 33859, 33859]	[33917, 33917, 33917, 33917, 33916]		
5879.80225	2.4390000000003056	epochs															maze_arm	376.0
5882.261	7.009749999999258	epochs															feedback_and_iti	376.0
5882.261	0.9887499999995271	epochs															feedback_delay	376.0
5883.2695	1.9737500000001091	epochs															feedback	376.0
5885.2825	3.988249999999425	epochs															iti	376.0
5889.2915	7.163749999999709	epochs															maze	377.0
5889.2915	4.612500000000182	epochs															maze_stem	377.0
5889.31175	14.208749999999782	trials	False	True	False	True	False	False	[0.8619194626808167, 0.13808050751686096, 0.8837328553199768, 0.1162671223282814]	-0.021813388913869858	-0.7456523440778255	0.010906696319580078	0.37282615900039673	0.8837328553199768	[33960, 33960, 33960, 33960, 33960]	[34002, 34002, 34002, 34002, 34002]		
5893.922	2.5332500000004075	epochs															maze_arm	377.0
5896.47675	7.023750000000291	epochs															feedback_and_iti	377.0
5896.47675	0.9895000000005894	epochs															feedback_delay	377.0
5897.488	1.9782500000001164	epochs															feedback	377.0
5899.506	3.994499999999789	epochs															iti	377.0
5903.5205	6.8657499999999345	epochs															maze	378.0
5903.5205	4.52350000000024	epochs															maze_stem	378.0
5903.54225	13.891999999999825	trials	False	True	False	True	False	False	[0.8653832674026489, 0.1346167027950287, 0.8883780241012573, 0.11162198334932327]	-0.022994738072156906	-0.7537613026797771	0.0114973783493042	0.3768806457519531	0.8883780241012573	[34046, 34046, 34045, 34045, 34045]	[34086, 34086, 34086, 34085, 34085]		
5908.0645	2.321749999999156	epochs															maze_arm	378.0
5910.4065	7.006499999999505	epochs															feedback_and_iti	378.0
5910.4065	0.9837500000003274	epochs															feedback_delay	378.0
5911.4105	1.980000000000473	epochs															feedback	378.0
5913.42975	3.983249999999316	epochs															iti	378.0
5917.43425	8.136749999999665	epochs															maze	379.0
5917.43425	5.345249999999396	epochs															maze_stem	379.0
5917.45475	15.167500000000473	trials	False	True	False	True	False	False	[0.8667904138565063, 0.13320960104465485, 0.8904731869697571, 0.10952688008546829]	-0.023682747036218643	-0.7572635598480701	0.011841386556625366	0.3786318004131317	0.8904731869697571	[34129, 34129, 34129, 34129, 34128]	[34177, 34177, 34177, 34176, 34176]		
5922.8	2.770999999999731	epochs															maze_arm	379.0
5925.591	7.012249999999767	epochs															feedback_and_iti	379.0
5925.591	0.9937499999996362	epochs															feedback_delay	379.0
5926.6055	1.9660000000003492	epochs															feedback	379.0
5928.6105	3.992750000000342	epochs															iti	379.0
5932.62225	7.274499999999534	epochs															maze	380.0
5932.62225	4.966499999999542	epochs															maze_stem	380.0
5932.643	14.310749999999643	trials	False	True	False	True	False	False	[0.8671732544898987, 0.1328267604112625, 0.8914015293121338, 0.1085985079407692]	-0.024228263646364212	-0.7585747577250004	0.012114137411117554	0.37928739190101624	0.8914015293121338	[34220, 34220, 34220, 34220, 34219]	[34263, 34263, 34263, 34262, 34262]		
5937.60875	2.287999999999556	epochs															maze_arm	380.0
5939.915	7.018000000000029	epochs															feedback_and_iti	380.0
5939.915	0.9904999999998836	epochs															feedback_delay	380.0
5940.92625	1.9727499999999054	epochs															feedback	380.0
5942.93675	3.9962500000001455	epochs															iti	380.0
5946.95375	7.407750000000306	epochs															maze	381.0
5946.95375	5.503250000000662	epochs															maze_stem	381.0
5946.9725	14.445749999999862	trials	False	True	False	True	False	False	[0.8670510649681091, 0.1329488903284073, 0.8917911052703857, 0.10820886492729187]	-0.024740032851696014	-0.7588422074913979	0.012370020151138306	0.37942108511924744	0.8917911052703857	[34306, 34306, 34306, 34306, 34305]	[34350, 34349, 34349, 34349, 34349]		
5952.47525	1.8862499999995634	epochs															maze_arm	381.0
5954.38175	7.017000000000735	epochs															feedback_and_iti	381.0
5954.38175	0.9900000000006912	epochs															feedback_delay	381.0
5955.39175	1.9767499999998108	epochs															feedback	381.0
5957.40675	3.992000000000189	epochs															iti	381.0
5961.41825	7.024500000000444	epochs															maze	382.0
5961.41825	5.2262500000006185	epochs															maze_stem	382.0
5961.43875	12.229999999999563	trials	True	True	False	False	False	True	[0.8666812777519226, 0.133318692445755, 0.8919250965118408, 0.10807490348815918]	-0.02524380385875702	-0.7586063891649246	-0.012621909379959106	0.3793031871318817	0.8666812777519226	[34393, 34393, 34392, 34392, 34392]	[34434, 34434, 34434, 34433, 34433]		
5966.664	1.7787500000004002	epochs															maze_arm	382.0
5968.46175	5.1875	epochs															feedback_and_iti	382.0
5968.46175	0.9909999999999854	epochs															feedback_delay	382.0
5969.4705	1.9882499999994252	epochs															feedback	382.0
5971.65825	1.9909999999999854	epochs															iti	382.0
5973.66875	7.36974999999984	epochs															maze	383.0
5973.66875	6.128999999999905	epochs															maze_stem	383.0
5973.689	12.55224999999973	trials	False	True	False	False	False	True	[0.886368453502655, 0.11363157629966736, 0.9002646803855896, 0.09973525255918503]	-0.01389627531170845	-0.7866331525146961	-0.006948113441467285	0.3933165669441223	0.886368453502655	[34466, 34466, 34466, 34466, 34466]	[34510, 34509, 34509, 34509, 34509]		
5979.8165	1.2219999999997526	epochs															maze_arm	383.0
5981.0585	5.162000000000262	epochs															feedback_and_iti	383.0
5981.0585	0.9837500000003274	epochs															feedback_delay	383.0
5982.0625	1.9854999999997744	epochs															feedback	383.0
5984.24425	1.9762500000006185	epochs															iti	383.0
5986.24125	6.513500000000022	epochs															maze	384.0
5986.24125	5.2297499999995125	epochs															maze_stem	384.0
5986.26175	11.701500000000124	trials	False	True	False	False	False	True	[0.9004071354866028, 0.09959284216165543, 0.9060882925987244, 0.09391169995069504]	-0.005681149661540985	-0.8064954429864883	-0.002840578556060791	0.4032477140426636	0.9004071354866028	[34542, 34542, 34541, 34541, 34541]	[34580, 34580, 34579, 34579, 34579]		
5991.491	1.2637500000000728	epochs															maze_arm	384.0
5992.773	5.169750000000022	epochs															feedback_and_iti	384.0
5992.773	0.9884999999994761	epochs															feedback_delay	384.0
5993.784	1.9785000000001673	epochs															feedback	384.0
5995.95825	1.9845000000004802	epochs															iti	384.0
5997.96325	7.508749999999964	epochs															maze	385.0
5997.96325	5.771749999999884	epochs															maze_stem	385.0
5997.9835	12.703499999999622	trials	False	True	False	False	False	True	[0.9066954851150513, 0.09330455213785172, 0.9080725312232971, 0.09192749112844467]	-0.0013770535588264465	-0.814767986536026	-0.0006885230541229248	0.4073840081691742	0.9066954851150513	[34612, 34612, 34612, 34611, 34611]	[34656, 34656, 34656, 34655, 34655]		
6003.75475	1.7172499999996944	epochs															maze_arm	385.0
6005.493	5.173749999999927	epochs															feedback_and_iti	385.0
6005.493	0.9877499999993233	epochs															feedback_delay	385.0
6006.50525	1.970999999999549	epochs															feedback	385.0
6008.6825	1.9842500000004293	epochs															iti	385.0
6010.687	7.739749999999731	epochs															maze	386.0
6010.687	6.387749999999869	epochs															maze_stem	386.0
6010.70775	12.920250000000124	trials	False	True	False	False	False	True	[0.9117676615715027, 0.08823230117559433, 0.9084107279777527, 0.09158924221992493]	0.0033569373190402985	-0.8201784230768681	0.001678466796875	0.4100891947746277	0.9117676615715027	[34688, 34688, 34688, 34688, 34687]	[34734, 34734, 34733, 34733, 34733]		
6017.09425	1.332499999999527	epochs															maze_arm	386.0
6018.4475	5.159499999999753	epochs															feedback_and_iti	386.0
6018.4475	0.9839999999994689	epochs															feedback_delay	386.0
6019.45225	1.975999999999658	epochs															feedback	386.0
6021.62425	1.9827500000001237	epochs															iti	386.0
6023.628	7.542500000000473	epochs															maze	387.0
6023.628	5.966750000000502	epochs															maze_stem	387.0
6023.6515	12.732500000000073	trials	False	True	False	False	False	True	[0.9156764149665833, 0.08432360738515854, 0.9082269072532654, 0.09177307039499283]	0.00744948536157608	-0.8239033222198486	0.0037247538566589355	0.4119516611099243	0.9156764149665833	[34766, 34766, 34765, 34765, 34765]	[34810, 34810, 34810, 34810, 34809]		
6029.615	1.555500000000393	epochs															maze_arm	387.0
6031.1905	5.173000000000684	epochs															feedback_and_iti	387.0
6031.1905	0.9949999999998909	epochs															feedback_delay	387.0
6032.20825	1.9827500000001237	epochs															feedback	387.0
6034.39825	1.9652500000001965	epochs															iti	387.0
6036.384	8.070999999999913	epochs															maze	388.0
6036.384	5.581500000000233	epochs															maze_stem	388.0
6036.40425	15.12750000000051	trials	False	True	False	True	False	False	[0.9189010262489319, 0.0810990110039711, 0.9077693819999695, 0.09223056584596634]	0.01113159954547882	-0.826670415699482	-0.005565822124481201	0.4133352041244507	0.9077693819999695	[34842, 34842, 34842, 34842, 34842]	[34890, 34890, 34889, 34889, 34889]		
6041.98775	2.4672499999996944	epochs															maze_arm	388.0
6044.474	7.027000000000044	epochs															feedback_and_iti	388.0
6044.474	0.9929999999994834	epochs															feedback_delay	388.0
6045.487	1.97649999999976	epochs															feedback	388.0
6047.50175	3.999249999999847	epochs															iti	388.0
6051.53175	27.439000000000306	epochs															maze	389.0
6051.53175	24.91399999999976	epochs															maze_stem	389.0
6051.55225	34.48649999999998	trials	False	True	False	True	False	False	[0.8860647678375244, 0.11393529176712036, 0.8879832625389099, 0.11201673001050949]	-0.0019185282289981842	-0.7740480042994022	0.000959247350692749	0.38702401518821716	0.8879832625389099	[34933, 34933, 34933, 34933, 34932]	[35097, 35097, 35096, 35096, 35096]		
6076.466	2.504750000000058	epochs															maze_arm	389.0
6078.991	7.025749999999789	epochs															feedback_and_iti	389.0
6078.991	0.987250000000131	epochs															feedback_delay	389.0
6079.99875	1.9832500000002256	epochs															feedback	389.0
6082.01975	3.996999999999389	epochs															iti	389.0
6086.03875	8.538250000000517	epochs															maze	390.0
6086.03875	6.751250000000255	epochs															maze_stem	390.0
6086.06025	13.727499999999964	trials	True	True	False	False	False	True	[0.8873359560966492, 0.11266399919986725, 0.8980857729911804, 0.10191419720649719]	-0.010749809443950653	-0.7854217663407326	-0.005374908447265625	0.3927108645439148	0.8873359560966492	[35140, 35140, 35140, 35139, 35139]	[35190, 35190, 35190, 35190, 35189]		
6092.811	1.7660000000005311	epochs															maze_arm	390.0
6094.59675	5.168750000000728	epochs															feedback_and_iti	390.0
6094.59675	0.9864999999999782	epochs															feedback_delay	390.0
6095.60325	1.9909999999999854	epochs															feedback	390.0
6097.77175	1.9937500000005457	epochs															iti	390.0
6099.78775	11.394499999999425	epochs															maze	391.0
6099.78775	7.420249999999214	epochs															maze_stem	391.0
6099.808	16.57524999999987	trials	False	True	False	False	False	True	[0.9125374555587769, 0.08746256679296494, 0.9072280526161194, 0.09277194738388062]	0.005309391766786575	-0.8197654969990253	0.0026547014713287354	0.4098827540874481	0.9125374555587769	[35222, 35222, 35222, 35222, 35222]	[35290, 35290, 35289, 35289, 35289]		
6107.22675	3.955500000000029	epochs															maze_arm	391.0
6111.204	5.158500000000458	epochs															feedback_and_iti	391.0
6111.204	0.9812500000007276	epochs															feedback_delay	391.0
6112.208	1.9882500000003347	epochs															feedback	391.0
6114.38125	1.981249999999818	epochs															iti	391.0
6116.38325	11.206000000000131	epochs															maze	392.0
6116.38325	9.628999999999905	epochs															maze_stem	392.0
6116.40375	16.414999999999964	trials	False	True	False	False	False	True	[0.9250461459159851, 0.0749538391828537, 0.9161726832389832, 0.08382727950811386]	0.008873451501131058	-0.8412188552320004	0.0044367313385009766	0.42060941457748413	0.9250461459159851	[35322, 35322, 35322, 35321, 35321]	[35388, 35388, 35388, 35388, 35387]		
6126.032	1.55724999999984	epochs															maze_arm	392.0
6127.60925	5.190249999999651	epochs															feedback_and_iti	392.0
6127.60925	0.9912499999991269	epochs															feedback_delay	392.0
6128.6195	1.9909999999999854	epochs															feedback	392.0
6130.8245	1.9750000000003638	epochs															iti	392.0
6132.81875	8.346749999999702	epochs															maze	393.0
6132.81875	6.32549999999992	epochs															maze_stem	393.0
6132.83825	15.38525000000027	trials	True	True	False	True	False	False	[0.9281470775604248, 0.07185298949480057, 0.9173467755317688, 0.0826532244682312]	0.01080026850104332	-0.8454938195645809	-0.005400151014328003	0.4227469265460968	0.9173467755317688	[35421, 35420, 35420, 35420, 35420]	[35470, 35469, 35469, 35469, 35469]		
6139.16425	2.0012500000002547	epochs															maze_arm	393.0
6141.18525	7.019749999999476	epochs															feedback_and_iti	393.0
6141.18525	0.9894999999996799	epochs															feedback_delay	393.0
6142.19425	1.9807500000006257	epochs															feedback	393.0
6144.21225	3.992750000000342	epochs															iti	393.0
6148.2235	8.10149999999976	epochs															maze	394.0
6148.2235	5.5844999999999345	epochs															maze_stem	394.0
6148.2435	15.127000000000407	trials	True	True	False	True	False	False	[0.9053332805633545, 0.0946667492389679, 0.913334846496582, 0.08666518330574036]	-0.008001565933227539	-0.8186680972576141	0.0040007829666137695	0.40933406352996826	0.913334846496582	[35513, 35513, 35512, 35512, 35512]	[35560, 35560, 35560, 35560, 35560]		
6153.8265	2.4984999999996944	epochs															maze_arm	394.0
6156.345	7.007249999999658	epochs															feedback_and_iti	394.0
6156.345	0.9974999999994907	epochs															feedback_delay	394.0
6157.362	1.9677499999997963	epochs															feedback	394.0
6159.3645	3.987750000000233	epochs															iti	394.0
6163.3705	10.061499999999796	epochs															maze	395.0
6163.3705	7.377749999999651	epochs															maze_stem	395.0
6163.39025	17.098250000000007	trials	True	True	False	True	False	False	[0.915874183177948, 0.08412580192089081, 0.9233890175819397, 0.07661101222038269]	-0.0075148120522499084	-0.8392631933093071	0.0037574172019958496	0.41963160037994385	0.9233890175819397	[35604, 35603, 35603, 35603, 35603]	[35663, 35663, 35663, 35662, 35662]		
6170.766	2.6660000000001673	epochs															maze_arm	395.0
6173.45125	7.014000000000124	epochs															feedback_and_iti	395.0
6173.45125	0.9987499999997453	epochs															feedback_delay	395.0
6174.46775	1.9717500000006112	epochs															feedback	395.0
6176.47625	3.9890000000004875	epochs															iti	395.0
6180.4885	8.375	epochs															maze	396.0
6180.4885	5.817749999999251	epochs															maze_stem	396.0
6180.511	13.552499999999782	trials	True	True	False	True	True	True	[0.9145439863204956, 0.085455983877182, 0.9231715798377991, 0.07682845741510391]	-0.00862755998969078	-0.8377155624330044	-0.004313763231039047	-0.41885777935385704	0.07682845741510391	[35706, 35706, 35706, 35706, 35706]	[35756, 35755, 35755, 35755, 35755]		
6186.32475	2.5387500000006185	epochs															maze_arm	396.0
6188.883	5.159499999999753	epochs															feedback_and_iti	396.0
6188.883	0.9920000000001892	epochs															feedback_delay	396.0
6189.89425	1.983249999999316	epochs															feedback	396.0
6192.069	1.9734999999991487	epochs															iti	396.0
6194.0635	6.695999999999913	epochs															maze	397.0
6194.0635	4.668499999999767	epochs															maze_stem	397.0
6194.08625	13.72924999999941	trials	False	True	False	True	False	False	[0.8526921272277832, 0.147307887673378, 0.8166735172271729, 0.18332652747631073]	0.036018624901771545	-0.6693656146526337	-0.018009305000305176	0.334682822227478	0.8166735172271729	[35788, 35787, 35787, 35787, 35787]	[35827, 35827, 35826, 35826, 35826]		
6198.75575	2.0037499999998545	epochs															maze_arm	397.0
6200.77825	7.009999999999309	epochs															feedback_and_iti	397.0
6200.77825	0.9917500000001382	epochs															feedback_delay	397.0
6201.79025	1.9729999999999563	epochs															feedback	397.0
6203.802	3.9862499999999272	epochs															iti	397.0
6207.8155	7.984250000000429	epochs															maze	398.0
6207.8155	6.4890000000004875	epochs															maze_stem	398.0
6207.83975	15.028250000000298	trials	True	True	False	False	True	False	[0.8427020311355591, 0.1572979837656021, 0.8403648734092712, 0.15963509678840637]	0.002337135374546051	-0.6830669119954109	-0.0011685565114021301	-0.34153345972299576	0.1572979837656021	[35870, 35870, 35870, 35870, 35869]	[35917, 35917, 35917, 35916, 35916]		
6214.32275	1.4769999999998618	epochs															maze_arm	398.0
6215.81825	7.027250000000095	epochs															feedback_and_iti	398.0
6215.81825	0.994499999999789	epochs															feedback_delay	398.0
6216.832	1.9799999999995634	epochs															feedback	398.0
6218.84825	3.9972500000003492	epochs															iti	398.0
6222.868	7.236750000000029	epochs															maze	399.0
6222.868	4.408999999999651	epochs															maze_stem	399.0
6222.8895	14.269499999999425	trials	False	True	False	True	False	False	[0.7827216386795044, 0.21727830171585083, 0.7788764834403992, 0.22112353146076202]	0.0038451924920082092	-0.5615981444716454	-0.0019225776195526123	0.2807990610599518	0.7788764834403992	[35960, 35960, 35960, 35960, 35960]	[36003, 36003, 36002, 36002, 36002]		
6227.29725	2.8075000000008004	epochs															maze_arm	399.0
6230.1295	7.0090000000000146	epochs															feedback_and_iti	399.0
6230.1295	0.992500000000291	epochs															feedback_delay	399.0
6231.14275	1.9719999999997526	epochs															feedback	399.0
6233.1525	3.9859999999998763	epochs															iti	399.0
6237.159	6.984250000000429	epochs															maze	400.0
6237.159	5.600250000000415	epochs															maze_stem	400.0
6237.17775	12.188750000000255	trials	False	True	False	False	False	True	[0.8157353401184082, 0.18426461517810822, 0.8388451337814331, 0.1611548662185669]	-0.02310977131128311	-0.6545804962515831	-0.011554896831512451	0.32729023694992065	0.8157353401184082	[36046, 36046, 36046, 36045, 36045]	[36087, 36087, 36087, 36086, 36086]		
6242.777	1.3662500000000364	epochs															maze_arm	400.0
6244.163	5.182250000000749	epochs															feedback_and_iti	400.0
6244.163	0.9825000000000728	epochs															feedback_delay	400.0
6245.16675	1.9932499999995343	epochs															feedback	400.0
6247.366	1.9792500000003201	epochs															iti	400.0
6249.3665	7.360749999999825	epochs															maze	401.0
6249.3665	5.372000000000298	epochs															maze_stem	401.0
6249.38675	14.411000000000058	trials	False	True	False	True	False	False	[0.9043182730674744, 0.09568174183368683, 0.906281054019928, 0.09371893107891083]	-0.001962795853614807	-0.8105993270874023	0.0009813904762268066	0.40529966354370117	0.906281054019928	[36119, 36119, 36119, 36119, 36118]	[36162, 36162, 36162, 36162, 36162]		
6254.75825	1.969000000000051	epochs															maze_arm	401.0
6256.7475	7.0294999999996435	epochs															feedback_and_iti	401.0
6256.7475	0.9894999999996799	epochs															feedback_delay	401.0
6257.75725	1.985500000000684	epochs															feedback	401.0
6259.779	3.9979999999995925	epochs															iti	401.0
6263.79775	8.141250000000582	epochs															maze	402.0
6263.79775	5.135750000000371	epochs															maze_stem	402.0
6263.81775	15.199499999999716	trials	False	True	False	True	False	False	[0.871174156665802, 0.12882587313652039, 0.8766897916793823, 0.12331022322177887]	-0.005515642464160919	-0.7478639259934425	0.002757817506790161	0.37393197417259216	0.8766897916793823	[36206, 36206, 36205, 36205, 36205]	[36254, 36253, 36253, 36253, 36253]		
6268.9535	2.985500000000684	epochs															maze_arm	402.0
6271.96	7.028000000000247	epochs															feedback_and_iti	402.0
6271.96	0.9904999999998836	epochs															feedback_delay	402.0
6272.9695	1.98700000000008	epochs															feedback	402.0
6274.9995	3.9885000000003856	epochs															iti	402.0
6279.01725	7.464750000000095	epochs															maze	403.0
6279.01725	6.184750000000349	epochs															maze_stem	403.0
6279.042	12.64049999999952	trials	False	True	False	False	False	True	[0.8728330135345459, 0.12716694176197052, 0.8909640312194824, 0.10903602093458176]	-0.018130969256162643	-0.763797041028738	-0.009065508842468262	0.38189852237701416	0.8728330135345459	[36297, 36297, 36297, 36296, 36296]	[36341, 36341, 36340, 36340, 36340]		
6285.2215	1.2605000000003201	epochs															maze_arm	403.0
6286.50125	5.1597499999998035	epochs															feedback_and_iti	403.0
6286.50125	1.0	epochs															feedback_delay	403.0
6287.52	1.970999999999549	epochs															feedback	403.0
6289.67175	1.989249999999629	epochs															iti	403.0
6291.6825	6.605749999999716	epochs															maze	404.0
6291.6825	5.321249999999964	epochs															maze_stem	404.0
6291.7025	11.817250000000058	trials	False	True	False	False	False	True	[0.9236412644386292, 0.07635877281427383, 0.9253968596458435, 0.07460317015647888]	-0.001755598932504654	-0.84903809055686	-0.0008777976036071777	0.42451906204223633	0.9236412644386292	[36373, 36373, 36373, 36372, 36372]	[36412, 36411, 36411, 36411, 36411]		
6297.0225	1.2657499999995707	epochs															maze_arm	404.0
6298.30825	5.188000000000102	epochs															feedback_and_iti	404.0
6298.30825	0.9882500000003347	epochs															feedback_delay	404.0
6299.31725	1.987250000000131	epochs															feedback	404.0
6301.5035	1.992750000000342	epochs															iti	404.0
6303.51975	11.763500000000022	epochs															maze	405.0
6303.51975	7.6929999999993015	epochs															maze_stem	405.0
6303.54275	18.809000000000196	trials	True	True	False	True	False	False	[0.9169676303863525, 0.08303232491016388, 0.9191721677780151, 0.08082786202430725]	-0.002204500138759613	-0.8361398056149483	0.0011022686958312988	0.41806989908218384	0.9191721677780151	[36444, 36444, 36444, 36443, 36443]	[36514, 36513, 36513, 36513, 36513]		
6311.2315	4.051750000000538	epochs															maze_arm	405.0
6315.303	7.021499999999833	epochs															feedback_and_iti	405.0
6315.303	0.9967500000002474	epochs															feedback_delay	405.0
6316.32425	1.96100000000024	epochs															feedback	405.0
6318.32075	4.0037499999998545	epochs															iti	405.0
6322.35175	13.335250000000087	epochs															maze	406.0
6322.35175	12.110250000000633	epochs															maze_stem	406.0
6322.37075	18.5342499999997	trials	False	True	False	False	False	True	[0.8977163434028625, 0.10228364169597626, 0.9113483428955078, 0.08865159749984741]	-0.013632021844387054	-0.8090647235512733	-0.006815999746322632	0.4045323431491852	0.8977163434028625	[36557, 36557, 36556, 36556, 36556]	[36636, 36636, 36635, 36635, 36635]		
6334.4815	1.205500000000029	epochs															maze_arm	406.0
6335.708	5.174250000000029	epochs															feedback_and_iti	406.0
6335.708	0.9890000000004875	epochs															feedback_delay	406.0
6336.7175	1.9882500000003347	epochs															feedback	406.0
6338.8895	1.9927499999994325	epochs															iti	406.0
6340.905	12.30450000000019	epochs															maze	407.0
6340.905	9.259500000000116	epochs															maze_stem	407.0
6340.92575	17.495249999999942	trials	True	True	False	True	True	True	[0.9427065253257751, 0.05729350820183754, 0.9418094158172607, 0.05819055810570717]	0.0008970797061920166	-0.8845159374177456	0.00044852495193481445	-0.44225796684622765	0.05819055810570717	[36668, 36668, 36668, 36667, 36667]	[36741, 36741, 36741, 36740, 36740]		
6350.184	3.025499999999738	epochs															maze_arm	407.0
6353.22775	5.171750000000429	epochs															feedback_and_iti	407.0
6353.22775	0.9849999999996726	epochs															feedback_delay	407.0
6354.232	1.993000000000393	epochs															feedback	407.0
6356.4105	1.9890000000004875	epochs															iti	407.0
6358.421	7.969250000000102	epochs															maze	408.0
6358.421	6.4172499999995125	epochs															maze_stem	408.0
6358.441	13.155999999999949	trials	True	True	False	False	False	True	[0.8602162599563599, 0.13978371024131775, 0.7898651361465454, 0.2101348340511322]	0.07035112380981445	-0.6500814259052277	0.03517556190490723	0.32504069805145264	0.8602162599563599	[36773, 36773, 36773, 36772, 36772]	[36820, 36820, 36820, 36819, 36819]		
6364.85775	1.5325000000002547	epochs															maze_arm	408.0
6366.41025	5.16399999999976	epochs															feedback_and_iti	408.0
6366.41025	0.9859999999998763	epochs															feedback_delay	408.0
6367.4155	1.9782500000001164	epochs															feedback	408.0
6369.578	1.996249999999236	epochs															iti	408.0
6371.597	9.467999999999847	epochs															maze	409.0
6371.597	7.998250000000553	epochs															maze_stem	409.0
6371.61825	16.513749999999163	trials	False	True	False	True	False	False	[0.8861067891120911, 0.11389324069023132, 0.7410122156143188, 0.25898775458335876]	0.14509454369544983	-0.6271190047264099	-0.07254728674888611	0.31355950236320496	0.7410122156143188	[36852, 36852, 36852, 36851, 36851]	[36908, 36908, 36908, 36907, 36907]		
6379.61575	1.4492499999996653	epochs															maze_arm	409.0
6381.086	7.024249999999483	epochs															feedback_and_iti	409.0
6381.086	0.9859999999998763	epochs															feedback_delay	409.0
6382.097	1.9887500000004366	epochs															feedback	409.0
6384.12975	3.9804999999996653	epochs															iti	409.0
6388.132	8.740500000000793	epochs															maze	410.0
6388.132	6.030999999999949	epochs															maze_stem	410.0
6388.154	15.787749999999505	trials	False	True	False	True	False	False	[0.8621883392333984, 0.13781163096427917, 0.8310434818267822, 0.16895651817321777]	0.031144872307777405	-0.6932318359613419	-0.015572428703308105	0.34661591053009033	0.8310434818267822	[36951, 36951, 36951, 36951, 36950]	[37003, 37002, 37002, 37002, 37002]		
6394.18625	2.686250000000655	epochs															maze_arm	410.0
6396.892	7.026499999999942	epochs															feedback_and_iti	410.0
6396.892	0.9932500000004438	epochs															feedback_delay	410.0
6397.91025	1.97649999999976	epochs															feedback	410.0
6399.92475	3.993749999999636	epochs															iti	410.0
6403.94175	6.434500000000298	epochs															maze	411.0
6403.94175	4.26825000000008	epochs															maze_stem	411.0
6403.96775	13.478250000000116	trials	False	True	False	True	False	False	[0.8892311453819275, 0.11076885461807251, 0.880702793598175, 0.11929721385240555]	0.00852835550904274	-0.7699339352548122	-0.004264175891876221	0.38496696949005127	0.880702793598175	[37046, 37046, 37046, 37045, 37045]	[37084, 37083, 37083, 37083, 37083]		
6408.2285	2.1477500000000873	epochs															maze_arm	411.0
6410.396	7.029250000000502	epochs															feedback_and_iti	411.0
6410.396	0.9972500000003492	epochs															feedback_delay	411.0
6411.414	1.9774999999999636	epochs															feedback	411.0
6413.42825	3.9970000000002983	epochs															iti	411.0
6417.446	12.527750000000196	epochs															maze	412.0
6417.446	11.079749999999876	epochs															maze_stem	412.0
6417.46625	19.585249999999178	trials	False	True	False	True	False	False	[0.8975974917411804, 0.10240249335765839, 0.8961167335510254, 0.10388326644897461]	0.0014807656407356262	-0.7937142327427864	-0.0007403790950775146	0.3968571126461029	0.8961167335510254	[37127, 37127, 37127, 37126, 37126]	[37201, 37201, 37201, 37201, 37200]		
6428.54575	1.4279999999998836	epochs															maze_arm	412.0
6429.995	7.0332500000004075	epochs															feedback_and_iti	412.0
6429.995	0.9909999999999854	epochs															feedback_delay	412.0
6431.00725	1.9862499999999272	epochs															feedback	412.0
6433.037	3.9912500000000364	epochs															iti	412.0
6437.0515	11.122750000000451	epochs															maze	413.0
6437.0515	9.81525000000056	epochs															maze_stem	413.0
6437.0745	18.167750000000524	trials	False	True	False	False	True	False	[0.8996291160583496, 0.10037083178758621, 0.9023627042770386, 0.0976373627781868]	-0.0027335286140441895	-0.8019918128848076	0.001366734504699707	-0.4009959027171135	0.10037083178758621	[37245, 37244, 37244, 37244, 37244]	[37310, 37310, 37310, 37310, 37309]		
6446.88825	1.2860000000000582	epochs															maze_arm	413.0
6448.19475	7.02350000000024	epochs															feedback_and_iti	413.0
6448.19475	0.9845000000004802	epochs															feedback_delay	413.0
6449.19975	1.99225000000024	epochs															feedback	413.0
6451.2285	3.989749999999731	epochs															iti	413.0
6455.24225	6.835750000000189	epochs															maze	414.0
6455.24225	5.017749999999978	epochs															maze_stem	414.0
6455.26575	13.872000000000298	trials	True	True	False	True	False	False	[0.8073170781135559, 0.19268295168876648, 0.8179849982261658, 0.18201498687267303]	-0.010667942464351654	-0.6253020688891411	0.005333960056304932	0.31265103816986084	0.8179849982261658	[37354, 37353, 37353, 37353, 37353]	[37394, 37393, 37393, 37393, 37393]		
6460.2795	1.7985000000007858	epochs															maze_arm	414.0
6462.097	7.017749999999978	epochs															feedback_and_iti	414.0
6462.097	0.9890000000004875	epochs															feedback_delay	414.0
6463.10625	1.9805000000005748	epochs															feedback	414.0
6465.12525	3.98949999999968	epochs															iti	414.0
6469.13775	8.080249999999978	epochs															maze	415.0
6469.13775	4.886999999999716	epochs															maze_stem	415.0
6469.15775	15.11724999999933	trials	True	True	False	True	False	False	[0.8148111701011658, 0.185188889503479, 0.8619728088378906, 0.13802722096443176]	-0.04716165363788605	-0.6767839342355728	0.023580819368362427	0.3383919894695282	0.8619728088378906	[37437, 37437, 37436, 37436, 37436]	[37484, 37484, 37484, 37484, 37484]		
6474.04525	3.1727499999997235	epochs															maze_arm	415.0
6477.24	7.012749999999869	epochs															feedback_and_iti	415.0
6477.24	0.9840000000003783	epochs															feedback_delay	415.0
6478.24325	1.9842499999995198	epochs															feedback	415.0
6480.26375	3.988999999999578	epochs															iti	415.0
6484.275	8.893500000000131	epochs															maze	416.0
6484.275	6.772500000000036	epochs															maze_stem	416.0
6484.29625	14.089999999999236	trials	False	True	False	False	False	True	[0.8579601049423218, 0.14203986525535583, 0.8923749923706055, 0.10762495547533035]	-0.03441489860415459	-0.7503351382911205	-0.017207443714141846	0.3751675486564636	0.8579601049423218	[37528, 37527, 37527, 37527, 37527]	[37580, 37580, 37580, 37579, 37579]		
6491.067	2.10149999999976	epochs															maze_arm	416.0
6493.18775	5.177249999999731	epochs															feedback_and_iti	416.0
6493.18775	0.9917500000001382	epochs															feedback_delay	416.0
6494.1995	1.987250000000131	epochs															feedback	416.0
6496.39825	1.9667499999995925	epochs															iti	416.0
6498.38625	6.802500000000691	epochs															maze	417.0
6498.38625	5.07300000000032	epochs															maze_stem	417.0
6498.40825	13.831499999999323	trials	False	True	False	True	False	False	[0.8891483545303345, 0.11085159331560135, 0.9064375162124634, 0.09356248378753662]	-0.017289135605096817	-0.7955858968198299	0.008644580841064453	0.3977929353713989	0.9064375162124634	[37612, 37612, 37612, 37612, 37611]	[37652, 37652, 37652, 37651, 37651]		
6503.478	1.7107500000001892	epochs															maze_arm	417.0
6505.20925	7.010250000000269	epochs															feedback_and_iti	417.0
6505.20925	0.9890000000004875	epochs															feedback_delay	417.0
6506.21925	1.975749999999607	epochs															feedback	417.0
6508.2335	3.9859999999998763	epochs															iti	417.0
6512.23975	7.60950000000048	epochs															maze	418.0
6512.23975	5.3272500000002765	epochs															maze_stem	418.0
6512.26	14.655999999999949	trials	False	True	False	True	False	False	[0.8576189875602722, 0.14238104224205017, 0.8774489164352417, 0.12255111336708069]	-0.019829928874969482	-0.7350678741931915	0.009914964437484741	0.36753395199775696	0.8774489164352417	[37695, 37695, 37695, 37695, 37695]	[37740, 37740, 37740, 37739, 37739]		
6517.58725	2.2620000000006257	epochs															maze_arm	418.0
6519.869	7.026749999999993	epochs															feedback_and_iti	418.0
6519.869	0.9845000000004802	epochs															feedback_delay	418.0
6520.87325	1.987500000000182	epochs															feedback	418.0
6522.90225	3.9934999999995853	epochs															iti	418.0
6526.916	7.220499999999447	epochs															maze	419.0
6526.916	4.775749999999789	epochs															maze_stem	419.0
6526.9375	14.257499999999709	trials	False	True	False	True	False	False	[0.8570984601974487, 0.14290155470371246, 0.8870833516120911, 0.11291666328907013]	-0.029984891414642334	-0.7441817969083786	0.014992445707321167	0.3720909059047699	0.8870833516120911	[37783, 37783, 37783, 37783, 37782]	[37826, 37825, 37825, 37825, 37825]		
6531.713	2.4234999999998763	epochs															maze_arm	419.0
6534.15725	7.017249999999876	epochs															feedback_and_iti	419.0
6534.15725	0.9844999999995707	epochs															feedback_delay	419.0
6535.16225	1.9874999999992724	epochs															feedback	419.0
6537.189	3.9854999999997744	epochs															iti	419.0
6541.195	7.417250000000422	epochs															maze	420.0
6541.195	5.818750000000364	epochs															maze_stem	420.0
6541.21475	12.604999999999563	trials	False	True	False	False	False	True	[0.8596025705337524, 0.14039738476276398, 0.8885425925254822, 0.11145742237567902]	-0.02893999218940735	-0.7481451779603958	-0.014470010995864868	0.3740725815296173	0.8596025705337524	[37869, 37869, 37869, 37868, 37868]	[37912, 37912, 37912, 37912, 37912]		
6547.03725	1.574999999999818	epochs															maze_arm	420.0
6548.63275	5.166500000000269	epochs															feedback_and_iti	420.0
6548.63275	0.9887500000004366	epochs															feedback_delay	420.0
6549.64175	1.98700000000008	epochs															feedback	420.0
6551.82425	1.9750000000003638	epochs															iti	420.0
6553.81975	19.80425000000014	epochs															maze	421.0
6553.81975	17.905500000000757	epochs															maze_stem	421.0
6553.84025	24.988499999999476	trials	False	True	False	False	False	True	[0.9036209583282471, 0.09637905657291412, 0.9146942496299744, 0.08530568331480026]	-0.011073332279920578	-0.8183152340352535	-0.0055366456508636475	0.4091576039791107	0.9036209583282471	[37945, 37944, 37944, 37944, 37944]	[38062, 38062, 38062, 38062, 38062]		
6571.748	1.8760000000002037	epochs															maze_arm	421.0
6573.64475	5.1655000000000655	epochs															feedback_and_iti	421.0
6573.64475	0.9799999999995634	epochs															feedback_delay	421.0
6574.64525	1.9970000000002983	epochs															feedback	421.0
6576.82175	1.9885000000003856	epochs															iti	421.0
6578.82875	14.410000000000764	epochs															maze	422.0
6578.82875	12.449250000000575	epochs															maze_stem	422.0
6578.84875	19.60149999999976	trials	True	True	False	False	False	True	[0.8967252373695374, 0.10327479988336563, 0.9075772166252136, 0.09242285788059235]	-0.010851960629224777	-0.8043023981153965	-0.005425989627838135	0.4021512269973755	0.8967252373695374	[38095, 38094, 38094, 38094, 38094]	[38180, 38180, 38180, 38179, 38179]		
6591.29825	1.9405000000006112	epochs															maze_arm	422.0
6593.25825	5.1707500000002256	epochs															feedback_and_iti	422.0
6593.25825	0.981499999999869	epochs															feedback_delay	422.0
6594.26	1.99474999999984	epochs															feedback	422.0
6596.443	1.9859999999998763	epochs															iti	422.0
6598.45025	8.559250000000247	epochs															maze	423.0
6598.45025	6.261500000000524	epochs															maze_stem	423.0
6598.47075	15.593499999999949	trials	False	True	False	True	False	False	[0.8785191774368286, 0.12148085236549377, 0.8862498998641968, 0.11375012993812561]	-0.007730722427368164	-0.764769047498703	0.003865361213684082	0.3823845386505127	0.8862498998641968	[38212, 38212, 38212, 38212, 38211]	[38263, 38262, 38262, 38262, 38262]		
6604.73325	2.276249999999891	epochs															maze_arm	423.0
6607.028	7.01549999999952	epochs															feedback_and_iti	423.0
6607.028	0.9924999999993815	epochs															feedback_delay	423.0
6608.042	1.97649999999976	epochs															feedback	423.0
6610.057	3.986499999999978	epochs															iti	423.0
6614.06425	6.527749999999287	epochs															maze	424.0
6614.06425	4.464999999999236	epochs															maze_stem	424.0
6614.08475	13.564250000000357	trials	False	True	False	True	False	False	[0.8532112240791321, 0.14678874611854553, 0.8785496950149536, 0.12145029008388519]	-0.025338463485240936	-0.7317609414458275	0.012669235467910767	0.36588045954704285	0.8785496950149536	[38306, 38306, 38305, 38305, 38305]	[38344, 38344, 38344, 38343, 38343]		
6618.54925	2.0427499999996144	epochs															maze_arm	424.0
6620.612	7.015000000000327	epochs															feedback_and_iti	424.0
6620.612	0.992500000000291	epochs															feedback_delay	424.0
6621.6235	1.9760000000005675	epochs															feedback	424.0
6623.63775	3.9892500000005384	epochs															iti	424.0
6627.649	8.135999999999513	epochs															maze	425.0
6627.649	6.625999999999294	epochs															maze_stem	425.0
6627.67	13.317250000000058	trials	False	True	False	False	False	True	[0.8611211180686951, 0.13887891173362732, 0.8869495987892151, 0.11305037885904312]	-0.02582850679755211	-0.7480707131326199	-0.01291424036026001	0.3740353584289551	0.8611211180686951	[38387, 38387, 38387, 38387, 38386]	[38435, 38435, 38435, 38434, 38434]		
6634.2945	1.4904999999998836	epochs															maze_arm	425.0
6635.80475	5.158999999999651	epochs															feedback_and_iti	425.0
6635.80475	0.9907499999999345	epochs															feedback_delay	425.0
6636.81625	1.9702500000003056	epochs															feedback	425.0
6638.97375	1.9899999999997817	epochs															iti	425.0
6640.98725	6.175749999999425	epochs															maze	426.0
6640.98725	4.470250000000306	epochs															maze_stem	426.0
6641.00775	13.204499999999825	trials	False	True	False	True	False	False	[0.9136749505996704, 0.0863250195980072, 0.9206815958023071, 0.07931844890117645]	-0.007006607949733734	-0.8343565389513969	0.0035033226013183594	0.41717827320098877	0.9206815958023071	[38467, 38467, 38467, 38467, 38466]	[38503, 38503, 38503, 38503, 38502]		
6645.47625	1.6867499999998472	epochs															maze_arm	426.0
6647.18175	7.009750000000167	epochs															feedback_and_iti	426.0
6647.18175	0.9994999999998981	epochs															feedback_delay	426.0
6648.202	1.9600000000000364	epochs															feedback	426.0
6650.2	3.9915000000000873	epochs															iti	426.0
6654.21225	7.9190000000007785	epochs															maze	427.0
6654.21225	5.137000000000626	epochs															maze_stem	427.0
6654.234	14.96349999999984	trials	False	True	False	True	False	False	[0.876197874546051, 0.12380210310220718, 0.8845246434211731, 0.11547532677650452]	-0.008326772600412369	-0.7607225440442562	0.004163384437561035	0.38036125898361206	0.8845246434211731	[38546, 38546, 38546, 38546, 38546]	[38593, 38593, 38593, 38592, 38592]		
6659.3695	2.761750000000575	epochs															maze_arm	427.0
6662.151	7.025749999999789	epochs															feedback_and_iti	427.0
6662.151	0.9920000000001892	epochs															feedback_delay	427.0
6663.16525	1.9790000000002692	epochs															feedback	427.0
6665.185	3.9917499999992287	epochs															iti	427.0
6669.1975	18.012499999999818	epochs															maze	428.0
6669.1975	13.884000000000015	epochs															maze_stem	428.0
6669.21825	21.019250000000284	trials	False	True	False	True	False	False	[0.874370276927948, 0.1256297379732132, 0.894228458404541, 0.10577157139778137]	-0.01985817402601242	-0.7685987129807472	0.009929090738296509	0.3842993676662445	0.894228458404541	[38636, 38636, 38636, 38636, 38636]	[38743, 38743, 38743, 38743, 38743]		
6683.102	4.108000000000175	epochs															maze_arm	428.0
6687.229	3.0084999999999127	epochs															feedback_and_iti	428.0
6687.229	0.9960000000000946	epochs															feedback_delay	428.0
6688.24675	1.96875	epochs															feedback	428.0
