onset	duration	nwb_table	is_vis	is_ruleA	is_switch	is_cueB	is_choL	is_correct	association_mat	rule_belief	signed_bias	rule_following	bias_following	prob_actual_cho	trial_onset_plane_frame_idx	trial_offset_plane_frame_idx	epoch_type	trial_id
29.27275	6.321999999999999	epochs															maze	0.0
29.27275	4.455500000000004	epochs															maze_stem	0.0
29.305	13.372	trials	False	True	False	False	True	False	[0.6133722066879272, 0.38662782311439514, 0.6018896102905273, 0.3981103301048279]	0.01148255169391632	-0.21526183187961578	-0.00574125349521637	-0.10763092339038849	0.38662782311439514	[106, 106, 106, 106, 105]	[143, 143, 143, 142, 142]		
33.75225	1.8425000000000011	epochs															maze_arm	0.0
35.612	7.036999999999999	epochs															feedback_and_iti	0.0
35.612	0.9869999999999948	epochs															feedback_delay	0.0
36.61825	1.9934999999999974	epochs															feedback	0.0
38.65325	3.995750000000001	epochs															iti	0.0
42.677	8.798499999999997	epochs															maze	1.0
42.677	6.981999999999999	epochs															maze_stem	1.0
42.69525	15.839999999999996	trials	False	True	False	False	True	False	[0.46839624643325806, 0.5316037535667419, 0.47844836115837097, 0.5215516686439514]	-0.010052099823951721	0.053155407309532166	0.005026042461395264	0.02657771110534668	0.5316037535667419	[187, 186, 186, 186, 186]	[238, 238, 238, 238, 238]		
49.686	1.7894999999999968	epochs															maze_arm	1.0
51.49525	7.018999999999998	epochs															feedback_and_iti	1.0
51.49525	0.9890000000000043	epochs															feedback_delay	1.0
52.5045	1.9852500000000006	epochs															feedback	1.0
54.52675	3.987499999999997	epochs															iti	1.0
58.53525	7.525250000000007	epochs															maze	2.0
58.53525	5.519500000000001	epochs															maze_stem	2.0
58.5565	14.552000000000007	trials	False	True	False	False	True	False	[0.41403988003730774, 0.5859600901603699, 0.45057213306427, 0.5494279265403748]	-0.0365322083234787	0.13538800179958344	0.01826608180999756	0.06769400835037231	0.5859600901603699	[282, 281, 281, 281, 281]	[326, 326, 325, 325, 325]		
64.074	1.9865000000000066	epochs															maze_arm	2.0
66.083	7.005750000000006	epochs															feedback_and_iti	2.0
66.083	0.9917499999999961	epochs															feedback_delay	2.0
67.09075	1.9752500000000026	epochs															feedback	2.0
69.12475	3.9639999999999986	epochs															iti	2.0
73.1085	6.720249999999993	epochs															maze	3.0
73.1085	4.0804999999999865	epochs															maze_stem	3.0
73.12825	13.774500000000003	trials	False	True	False	False	True	False	[0.38589081168174744, 0.6141091585159302, 0.4296763241291046, 0.570323646068573]	-0.04378551244735718	0.18443283438682556	0.02189275622367859	0.09221640229225159	0.6141091585159302	[369, 369, 369, 368, 368]	[408, 408, 408, 408, 407]		
77.21	2.6187500000000057	epochs															maze_arm	3.0
79.84425	7.023749999999993	epochs															feedback_and_iti	3.0
79.84425	0.9975000000000023	epochs															feedback_delay	3.0
80.859	1.9725000000000108	epochs															feedback	3.0
82.876	3.9919999999999902	epochs															iti	3.0
86.90275	6.143749999999997	epochs															maze	4.0
86.90275	4.136250000000004	epochs															maze_stem	4.0
86.93125	13.1725	trials	False	True	False	False	True	False	[0.3714277446269989, 0.6285722255706787, 0.4157255291938782, 0.5842744708061218]	-0.04429776966571808	0.21284671127796173	0.022148877382278442	0.10642334818840027	0.6285722255706787	[452, 451, 451, 451, 451]	[488, 487, 487, 487, 487]		
91.05875	1.9877499999999912	epochs															maze_arm	4.0
93.06575	7.013500000000008	epochs															feedback_and_iti	4.0
93.06575	0.9937500000000057	epochs															feedback_delay	4.0
94.0785	1.973249999999993	epochs															feedback	4.0
96.09575	3.9835000000000065	epochs															iti	4.0
100.10375	7.3104999999999905	epochs															maze	5.0
100.10375	4.319999999999993	epochs															maze_stem	5.0
100.128	14.335999999999999	trials	False	True	False	False	True	False	[0.363166481256485, 0.6368334889411926, 0.40545734763145447, 0.5945426821708679]	-0.042290836572647095	0.23137617111206055	0.021145403385162354	0.11568808555603027	0.6368334889411926	[531, 531, 530, 530, 530]	[574, 574, 573, 573, 573]		
104.44375	2.9705000000000013	epochs															maze_arm	5.0
107.4345	7.009249999999994	epochs															feedback_and_iti	5.0
107.4345	0.9945000000000022	epochs															feedback_delay	5.0
108.44525	1.9804999999999922	epochs															feedback	5.0
110.46175	3.9819999999999993	epochs															iti	5.0
114.464	6.876500000000007	epochs															maze	6.0
114.464	4.685749999999999	epochs															maze_stem	6.0
114.48625	13.92125	trials	False	True	False	False	True	False	[0.35816794633865356, 0.6418321132659912, 0.39755651354789734, 0.602443516254425]	-0.03938858211040497	0.24427558481693268	0.01969429850578308	0.12213781476020813	0.6418321132659912	[617, 617, 617, 616, 616]	[657, 657, 657, 657, 656]		
119.16975	2.1707500000000124	epochs															maze_arm	6.0
121.35775	7.0287500000000165	epochs															feedback_and_iti	6.0
121.35775	0.9962500000000034	epochs															feedback_delay	6.0
122.372	1.9817500000000052	epochs															feedback	6.0
124.38875	3.9977500000000106	epochs															iti	6.0
128.4075	8.880750000000006	epochs															maze	7.0
128.4075	5.52324999999999	epochs															maze_stem	7.0
128.42775	15.913749999999993	trials	False	True	False	False	True	False	[0.35493767261505127, 0.6450623273849487, 0.39115583896636963, 0.6088441610336304]	-0.03621816635131836	0.2539064884185791	0.01810908317565918	0.12695324420928955	0.6450623273849487	[700, 700, 700, 700, 700]	[753, 753, 752, 752, 752]		
133.94925	3.3389999999999986	epochs															maze_arm	7.0
137.30575	7.015000000000015	epochs															feedback_and_iti	7.0
137.30575	0.9835000000000207	epochs															feedback_delay	7.0
138.3085	1.9837499999999864	epochs															feedback	7.0
140.3305	3.990250000000003	epochs															iti	7.0
144.3415	8.209750000000014	epochs															maze	8.0
144.3415	5.632000000000005	epochs															maze_stem	8.0
144.36175	13.40700000000001	trials	False	True	False	True	True	True	[0.35273146629333496, 0.647268533706665, 0.3857813775539398, 0.6142185926437378]	-0.03304992616176605	0.261487141251564	-0.016524970531463623	0.13074356317520142	0.6142185926437378	[796, 796, 796, 795, 795]	[844, 844, 844, 844, 843]		
149.9915	2.559750000000008	epochs															maze_arm	8.0
152.568	5.179000000000002	epochs															feedback_and_iti	8.0
152.568	0.9974999999999739	epochs															feedback_delay	8.0
153.5845	1.9702500000000214	epochs															feedback	8.0
155.781	1.9660000000000082	epochs															iti	8.0
157.76875	11.4375	epochs															maze	9.0
157.76875	8.818999999999988	epochs															maze_stem	9.0
157.7885	16.62100000000001	trials	True	True	False	False	False	True	[0.4085852801799774, 0.5914146900177002, 0.3006819486618042, 0.6993180513381958]	0.10790334641933441	0.2907327562570572	0.05395166575908661	-0.1453663855791092	0.4085852801799774	[877, 876, 876, 876, 876]	[944, 944, 944, 944, 943]		
166.6075	2.598750000000024	epochs															maze_arm	9.0
169.22675	5.16225	epochs															feedback_and_iti	9.0
169.22675	0.9824999999999875	epochs															feedback_delay	9.0
170.23025	1.9764999999999873	epochs															feedback	9.0
172.40575	1.9832499999999982	epochs															iti	9.0
174.4095	12.338750000000005	epochs															maze	10.0
174.4095	9.786249999999995	epochs															maze_stem	10.0
174.429	17.546249999999986	trials	True	True	False	False	False	True	[0.6329751014709473, 0.36702489852905273, 0.39889800548553467, 0.6011019945144653]	0.2340770959854126	-0.031873106956481934	0.1170385479927063	0.015936553478240967	0.6329751014709473	[976, 976, 976, 976, 976]	[1049, 1049, 1049, 1049, 1049]		
184.215	2.5332500000000095	epochs															maze_arm	10.0
186.769	5.186250000000001	epochs															feedback_and_iti	10.0
186.769	0.9795000000000016	epochs															feedback_delay	10.0
187.76925	1.999750000000006	epochs															feedback	10.0
189.968	1.9872500000000173	epochs															iti	10.0
191.97525	12.918750000000017	epochs															maze	11.0
191.97525	10.432749999999999	epochs															maze_stem	11.0
191.9935	18.101249999999993	trials	True	True	False	True	True	True	[0.7789338231086731, 0.22106611728668213, 0.42412853240966797, 0.575871467590332]	0.3548053205013275	-0.20306238532066345	0.17740267515182495	-0.10153120756149292	0.575871467590332	[1082, 1081, 1081, 1081, 1081]	[1158, 1158, 1158, 1158, 1157]		
202.43	2.4639999999999986	epochs															maze_arm	11.0
204.9145	5.160499999999985	epochs															feedback_and_iti	11.0
204.9145	0.9847499999999911	epochs															feedback_delay	11.0
205.92375	1.9735000000000014	epochs															feedback	11.0
208.08875	1.986249999999984	epochs															iti	11.0
210.09475	10.958249999999992	epochs															maze	12.0
210.09475	8.458499999999987	epochs															maze_stem	12.0
210.11525	16.147500000000008	trials	True	True	False	False	False	True	[0.67882239818573, 0.32117760181427, 0.33501774072647095, 0.6649823188781738]	0.3438046872615814	-0.01384010910987854	0.17190232872962952	0.006920069456100464	0.67882239818573	[1190, 1190, 1190, 1190, 1189]	[1255, 1255, 1255, 1254, 1254]		
218.57275	2.480249999999984	epochs															maze_arm	12.0
221.074	5.164499999999975	epochs															feedback_and_iti	12.0
221.074	0.9827499999999816	epochs															feedback_delay	12.0
222.08075	1.9822499999999934	epochs															feedback	12.0
224.239	1.9994999999999834	epochs															iti	12.0
226.26275	11.326249999999987	epochs															maze	13.0
226.26275	8.740749999999991	epochs															maze_stem	13.0
226.28325	16.525499999999994	trials	False	True	False	False	False	True	[0.8197303414344788, 0.18026961386203766, 0.3567221164703369, 0.6432778239250183]	0.46300821751356125	-0.17645251005887985	0.23150411248207092	0.08822622895240784	0.8197303414344788	[1287, 1287, 1287, 1287, 1286]	[1354, 1354, 1354, 1354, 1353]		
235.0235	2.565499999999986	epochs															maze_arm	13.0
237.6075	5.179000000000002	epochs															feedback_and_iti	13.0
237.6075	0.9997500000000059	epochs															feedback_delay	13.0
238.62525	1.981250000000017	epochs															feedback	13.0
240.79725	1.9892499999999984	epochs															iti	13.0
242.80875	15.546750000000003	epochs															maze	14.0
242.80875	7.8799999999999955	epochs															maze_stem	14.0
242.829	22.585499999999968	trials	False	True	False	True	False	False	[0.8613322973251343, 0.1386677622795105, 0.3338315188884735, 0.6661684513092041]	0.5275007337331772	-0.1951638013124466	-0.2637503892183304	0.0975819081068039	0.3338315188884735	[1386, 1386, 1386, 1386, 1386]	[1479, 1478, 1478, 1478, 1478]		
250.709	7.646500000000003	epochs															maze_arm	14.0
258.3725	7.020750000000021	epochs															feedback_and_iti	14.0
258.3725	0.9954999999999927	epochs															feedback_delay	14.0
259.386	1.975999999999999	epochs															feedback	14.0
261.4015	3.9917500000000246	epochs															iti	14.0
265.4145	8.775500000000022	epochs															maze	15.0
265.4145	4.367750000000001	epochs															maze_stem	15.0
265.435	15.809750000000008	trials	False	True	False	False	True	False	[0.7272787690162659, 0.27272120118141174, 0.5716769099235535, 0.42832309007644653]	0.1556018739938736	-0.29895569384098053	-0.0778009444475174	-0.14947785437107086	0.27272120118141174	[1522, 1522, 1522, 1521, 1521]	[1574, 1573, 1573, 1573, 1573]		
269.80375	4.386250000000018	epochs															maze_arm	15.0
274.208	7.017749999999978	epochs															feedback_and_iti	15.0
274.208	0.9979999999999905	epochs															feedback_delay	15.0
275.22375	1.97199999999998	epochs															feedback	15.0
277.233	3.992750000000001	epochs															iti	15.0
281.24475	6.857249999999965	epochs															maze	16.0
281.24475	4.200249999999983	epochs															maze_stem	16.0
281.26525	12.056750000000022	trials	False	True	False	True	True	True	[0.5819876194000244, 0.4180123209953308, 0.41416266560554504, 0.5858373045921326]	0.16782496869564056	0.0038496702909469604	0.08391249179840088	0.0019248127937316895	0.5858373045921326	[1617, 1617, 1616, 1616, 1616]	[1657, 1657, 1657, 1656, 1656]		
285.4655	2.6364999999999554	epochs															maze_arm	16.0
288.11925	5.1819999999999595	epochs															feedback_and_iti	16.0
288.11925	0.9857499999999959	epochs															feedback_delay	16.0
289.12325	1.9945000000000164	epochs															feedback	16.0
291.326	1.97524999999996	epochs															iti	16.0
293.322	9.950749999999971	epochs															maze	17.0
293.322	7.558999999999969	epochs															maze_stem	17.0
293.34275	15.134999999999991	trials	False	True	False	True	True	True	[0.6600512862205505, 0.33994874358177185, 0.3154595196247101, 0.6845404505729675]	0.34459173679351807	0.02448919415473938	0.17229585349559784	0.01224459707736969	0.6845404505729675	[1689, 1689, 1689, 1689, 1688]	[1748, 1748, 1748, 1747, 1747]		
300.9015	2.371249999999975	epochs															maze_arm	17.0
303.288	5.169249999999977	epochs															feedback_and_iti	17.0
303.288	0.9889999999999759	epochs															feedback_delay	17.0
304.2945	1.9784999999999968	epochs															feedback	17.0
306.477	1.9802500000000123	epochs															iti	17.0
308.47775	11.890749999999969	epochs															maze	18.0
308.47775	8.95274999999998	epochs															maze_stem	18.0
308.4965	17.061249999999973	trials	False	True	False	False	False	True	[0.6543120741844177, 0.3456878960132599, 0.22394037246704102, 0.7760595679283142]	0.4303716868162155	0.12174750864505768	0.21518585085868835	-0.06087377667427063	0.6543120741844177	[1780, 1780, 1780, 1779, 1779]	[1850, 1850, 1850, 1850, 1850]		
317.4495	2.9189999999999827	epochs															maze_arm	18.0
320.386	5.151249999999948	epochs															feedback_and_iti	18.0
320.386	0.9864999999999782	epochs															feedback_delay	18.0
321.389	1.9855000000000018	epochs															feedback	18.0
323.5685	1.96875	epochs															iti	18.0
325.55775	12.778500000000008	epochs															maze	19.0
325.55775	8.935249999999996	epochs															maze_stem	19.0
325.57825	19.823249999999973	trials	False	True	False	True	False	False	[0.7721020579338074, 0.22789789736270905, 0.24290135502815247, 0.7570986747741699]	0.5292007401585579	-0.015003420412540436	-0.26460035145282745	0.007501706480979919	0.24290135502815247	[1883, 1882, 1882, 1882, 1882]	[1958, 1958, 1958, 1958, 1957]		
334.5155	3.8207500000000323	epochs															maze_arm	19.0
338.35175	7.020750000000021	epochs															feedback_and_iti	19.0
338.35175	0.9872500000000173	epochs															feedback_delay	19.0
339.35825	1.9845000000000255	epochs															feedback	19.0
341.38175	3.9907499999999914	epochs															iti	19.0
345.4015	6.951250000000016	epochs															maze	20.0
345.4015	4.629500000000007	epochs															maze_stem	20.0
345.42475	12.129999999999995	trials	False	True	False	False	False	True	[0.6595437526702881, 0.34045618772506714, 0.5416362285614014, 0.4583638310432434]	0.1179075837135315	-0.20117998123168945	0.05895376205444336	0.10058999061584473	0.6595437526702881	[2001, 2001, 2001, 2001, 2001]	[2042, 2042, 2042, 2042, 2041]		
350.0495	2.3032499999999914	epochs															maze_arm	20.0
352.37025	5.163999999999987	epochs															feedback_and_iti	20.0
352.37025	0.9942500000000223	epochs															feedback_delay	20.0
353.38175	1.9814999999999827	epochs															feedback	20.0
355.5545	1.9797499999999673	epochs															iti	20.0
357.55475	11.252999999999986	epochs															maze	21.0
357.55475	8.575999999999965	epochs															maze_stem	21.0
357.57525	16.424000000000035	trials	False	True	False	False	False	True	[0.8676918745040894, 0.13230815529823303, 0.5670203566551208, 0.43297964334487915]	0.3006715029478073	-0.434712216258049	0.15033575892448425	0.2173561155796051	0.8676918745040894	[2074, 2074, 2074, 2074, 2074]	[2141, 2141, 2140, 2140, 2140]		
366.1495	2.6582500000000095	epochs															maze_arm	21.0
368.825	5.155250000000024	epochs															feedback_and_iti	21.0
368.825	0.9902500000000032	epochs															feedback_delay	21.0
369.83425	1.9732500000000073	epochs															feedback	21.0
371.99425	1.98599999999999	epochs															iti	21.0
373.99925	10.352499999999964	epochs															maze	22.0
373.99925	6.608000000000004	epochs															maze_stem	22.0
374.02275	17.38900000000001	trials	False	True	False	True	False	False	[0.8829506635665894, 0.11704928427934647, 0.4946689009666443, 0.5053311586380005]	0.38828181847929955	-0.37761956080794334	-0.19414088129997253	0.18880978226661682	0.4946689009666443	[2173, 2173, 2173, 2172, 2172]	[2234, 2234, 2234, 2233, 2233]		
380.627	3.724749999999972	epochs															maze_arm	22.0
384.369	7.017999999999972	epochs															feedback_and_iti	22.0
384.369	1.000249999999994	epochs															feedback_delay	22.0
385.38725	1.9739999999999895	epochs															feedback	22.0
387.399	3.9879999999999995	epochs															iti	22.0
391.41175	7.260500000000036	epochs															maze	23.0
391.41175	4.545749999999998	epochs															maze_stem	23.0
391.43525	12.435749999999985	trials	True	True	False	True	True	True	[0.7511511445045471, 0.24884888529777527, 0.6214946508407593, 0.3785053491592407]	0.12965647876262665	-0.3726457804441452	0.06482823193073273	-0.186322882771492	0.3785053491592407	[2277, 2277, 2277, 2277, 2277]	[2320, 2320, 2320, 2319, 2319]		
395.97675	2.695500000000038	epochs															maze_arm	23.0
398.693	5.157000000000039	epochs															feedback_and_iti	23.0
398.693	0.9945000000000164	epochs															feedback_delay	23.0
399.71125	1.971749999999986	epochs															feedback	23.0
401.8675	1.982500000000016	epochs															iti	23.0
403.871	9.965750000000014	epochs															maze	24.0
403.871	7.097250000000031	epochs															maze_stem	24.0
403.8915	15.158500000000004	trials	False	True	False	False	False	True	[0.8065161108970642, 0.19348393380641937, 0.5548843145370483, 0.4451156556606293]	0.2516317591071129	-0.36140041798353195	0.12581589818000793	0.18070021271705627	0.8065161108970642	[2352, 2352, 2352, 2351, 2351]	[2411, 2411, 2410, 2410, 2410]		
410.9885	2.8482500000000073	epochs															maze_arm	24.0
413.8525	5.178249999999991	epochs															feedback_and_iti	24.0
413.8525	0.9912499999999795	epochs															feedback_delay	24.0
414.86175	1.986750000000029	epochs															feedback	24.0
417.03975	1.9909999999999854	epochs															iti	24.0
419.05	7.732500000000016	epochs															maze	25.0
419.05	5.379750000000001	epochs															maze_stem	25.0
419.07075	12.92025000000001	trials	True	True	False	True	True	True	[0.8831843733787537, 0.11681560426950455, 0.542647659778595, 0.45735234022140503]	0.3405367247760296	-0.42583204433321953	0.17026836797595024	-0.2129160277545452	0.45735234022140503	[2443, 2443, 2443, 2442, 2442]	[2488, 2488, 2488, 2488, 2488]		
424.44725	2.3352500000000305	epochs															maze_arm	25.0
426.80425	5.165499999999952	epochs															feedback_and_iti	25.0
426.80425	1.0004999999999882	epochs															feedback_delay	25.0
427.82725	1.9607500000000186	epochs															feedback	25.0
429.985	1.9847499999999627	epochs															iti	25.0
431.991	16.09575000000001	epochs															maze	26.0
431.991	6.131000000000029	epochs															maze_stem	26.0
432.01325	21.306749999999965	trials	False	True	False	True	True	True	[0.7889325618743896, 0.21106748282909393, 0.3990640938282013, 0.6009359359741211]	0.38986846059560776	-0.18799661844968796	0.19493422657251358	-0.09399829059839249	0.6009359359741211	[2521, 2520, 2520, 2520, 2520]	[2616, 2616, 2616, 2616, 2615]		
438.1425	9.944250000000011	epochs															maze_arm	26.0
448.1025	5.1959999999999695	epochs															feedback_and_iti	26.0
448.1025	0.9894999999999641	epochs															feedback_delay	26.0
449.1105	1.9909999999999854	epochs															feedback	26.0
451.31075	1.9877500000000055	epochs															iti	26.0
453.32	13.829000000000008	epochs															maze	27.0
453.32	6.115499999999997	epochs															maze_stem	27.0
453.3415	20.870749999999987	trials	False	True	False	True	False	False	[0.7574708461761475, 0.24252912402153015, 0.26860931515693665, 0.7313907146453857]	0.4888615608215332	-0.026080161333084106	-0.2444307655096054	0.013040080666542053	0.26860931515693665	[2648, 2648, 2648, 2648, 2648]	[2730, 2730, 2730, 2730, 2730]		
459.4545	7.694500000000005	epochs															maze_arm	27.0
467.16675	7.024500000000046	epochs															feedback_and_iti	27.0
467.16675	0.9997500000000059	epochs															feedback_delay	27.0
468.185	1.9744999999999777	epochs															feedback	27.0
470.199	3.9922500000000127	epochs															iti	27.0
474.21225	7.975250000000017	epochs															maze	28.0
474.21225	4.4567499999999995	epochs															maze_stem	28.0
474.2325	14.997500000000002	trials	False	True	False	True	False	False	[0.6852384805679321, 0.3147614896297455, 0.541979193687439, 0.45802080631256104]	0.14325930178165436	-0.2272176891565323	-0.07162964344024658	0.11360883712768555	0.541979193687439	[2774, 2774, 2773, 2773, 2773]	[2821, 2820, 2820, 2820, 2820]		
478.68925	3.4982499999999845	epochs															maze_arm	28.0
482.20325	7.00649999999996	epochs															feedback_and_iti	28.0
482.20325	0.9882499999999936	epochs															feedback_delay	28.0
483.21	1.9800000000000182	epochs															feedback	28.0
485.22775	3.981999999999971	epochs															iti	28.0
489.23	9.47524999999996	epochs															maze	29.0
489.23	4.769749999999988	epochs															maze_stem	29.0
489.2485	14.6755	trials	True	True	False	False	False	True	[0.723642110824585, 0.27635782957077026, 0.6509816646575928, 0.3490183353424072]	0.07266047596931458	-0.3746238052845001	0.036330223083496094	0.18731188774108887	0.723642110824585	[2864, 2864, 2863, 2863, 2863]	[2920, 2919, 2919, 2919, 2919]		
494.01975	4.6854999999999905	epochs															maze_arm	29.0
498.726	5.177000000000021	epochs															feedback_and_iti	29.0
498.726	0.9792499999999791	epochs															feedback_delay	29.0
499.72625	1.9909999999999854	epochs															feedback	29.0
501.9245	1.9784999999999968	epochs															iti	29.0
503.924	7.797500000000014	epochs															maze	30.0
503.924	5.264250000000004	epochs															maze_stem	30.0
503.9455	12.97100000000006	trials	False	True	False	True	True	True	[0.8868915438652039, 0.11310843378305435, 0.7277387380599976, 0.27226126194000244]	0.1591528169810772	-0.6146302931010723	0.07957641407847404	-0.3073151521384716	0.27226126194000244	[2952, 2952, 2951, 2951, 2951]	[2998, 2997, 2997, 2997, 2997]		
509.208	2.513499999999965	epochs															maze_arm	30.0
511.73925	5.155749999999955	epochs															feedback_and_iti	30.0
511.73925	0.9884999999999877	epochs															feedback_delay	30.0
512.74425	1.9817500000000337	epochs															feedback	30.0
514.90775	1.9872500000000173	epochs															iti	30.0
516.9165	12.572499999999991	epochs															maze	31.0
516.9165	9.045499999999947	epochs															maze_stem	31.0
516.939	17.762749999999983	trials	False	True	False	True	True	True	[0.7528967261314392, 0.24710328876972198, 0.45434361696243286, 0.5456563830375671]	0.29855310171842575	-0.20724033564329147	0.14927654713392258	-0.10362016409635544	0.5456563830375671	[3030, 3030, 3029, 3029, 3029]	[3104, 3104, 3104, 3104, 3103]		
525.982	3.507000000000062	epochs															maze_arm	31.0
529.50475	5.17775000000006	epochs															feedback_and_iti	31.0
529.50475	0.9947500000000673	epochs															feedback_delay	31.0
530.518	1.9807499999999436	epochs															feedback	31.0
532.6945	1.9880000000000564	epochs															iti	31.0
534.70175	9.162000000000035	epochs															maze	32.0
534.70175	5.952750000000037	epochs															maze_stem	32.0
534.72275	16.19724999999994	trials	False	True	False	True	False	False	[0.7321047186851501, 0.26789531111717224, 0.2824072241783142, 0.7175927758216858]	0.44969747960567474	-0.014511927962303162	-0.22484874725341797	0.007255971431732178	0.2824072241783142	[3136, 3136, 3136, 3136, 3136]	[3190, 3190, 3190, 3190, 3190]		
540.675	3.1887500000000273	epochs															maze_arm	32.0
543.8855	7.0125000000000455	epochs															feedback_and_iti	32.0
543.8855	0.9845000000000255	epochs															feedback_delay	32.0
544.88825	1.9817500000000337	epochs															feedback	32.0
546.9075	3.9904999999999973	epochs															iti	32.0
550.92	7.479000000000042	epochs															maze	33.0
550.92	4.914500000000089	epochs															maze_stem	33.0
550.94325	12.67924999999991	trials	False	True	False	False	False	True	[0.6659066677093506, 0.3340933322906494, 0.5461924076080322, 0.4538075923919678]	0.11971426010131836	-0.2120990753173828	0.05985713005065918	0.1060495376586914	0.6659066677093506	[3234, 3233, 3233, 3233, 3233]	[3278, 3277, 3277, 3277, 3277]		
555.8525	2.5465000000000373	epochs															maze_arm	33.0
558.4165	5.183999999999969	epochs															feedback_and_iti	33.0
558.4165	0.9934999999999263	epochs															feedback_delay	33.0
559.4285	1.981999999999971	epochs															feedback	33.0
561.6125	1.9880000000000564	epochs															iti	33.0
563.6225	11.347250000000031	epochs															maze	34.0
563.6225	8.456750000000056	epochs															maze_stem	34.0
563.64725	16.55275000000006	trials	True	True	False	False	False	True	[0.8783532381057739, 0.12164680659770966, 0.58025723695755, 0.41974273324012756]	0.2980959638953209	-0.4586104676127434	0.14904800057411194	0.229305237531662	0.8783532381057739	[3310, 3310, 3309, 3309, 3309]	[3377, 3377, 3376, 3376, 3376]		
572.0975	2.872250000000008	epochs															maze_arm	34.0
574.99075	5.181749999999965	epochs															feedback_and_iti	34.0
574.99075	0.9992499999999609	epochs															feedback_delay	34.0
576.0105	1.9724999999999682	epochs															feedback	34.0
578.16975	2.002749999999992	epochs															iti	34.0
580.2	11.950249999999983	epochs															maze	35.0
580.2	6.704250000000002	epochs															maze_stem	35.0
580.22075	18.997749999999996	trials	False	True	False	True	False	False	[0.9060475826263428, 0.09395240247249603, 0.5500355958938599, 0.44996440410614014]	0.3560119941830635	-0.45608318597078323	-0.17800599336624146	0.22804158926010132	0.5500355958938599	[3409, 3409, 3409, 3409, 3408]	[3480, 3480, 3479, 3479, 3479]		
586.9245	5.225750000000062	epochs															maze_arm	35.0
592.1675	7.030750000000012	epochs															feedback_and_iti	35.0
592.1675	0.99249999999995	epochs															feedback_delay	35.0
593.1785	1.9882499999999936	epochs															feedback	35.0
595.22525	3.97300000000007	epochs															iti	35.0
599.2185	8.8587500000001	epochs															maze	36.0
599.2185	6.396250000000009	epochs															maze_stem	36.0
599.2385	14.05174999999997	trials	False	True	False	False	False	True	[0.7726500034332275, 0.22734995186328888, 0.6387816071510315, 0.36121833324432373]	0.13386838883161545	-0.4114316627383232	0.06693419814109802	0.20571580529212952	0.7726500034332275	[3523, 3523, 3523, 3523, 3522]	[3575, 3575, 3575, 3575, 3575]		
605.63425	2.4430000000000973	epochs															maze_arm	36.0
608.0935	5.173500000000104	epochs															feedback_and_iti	36.0
608.0935	0.9947500000000673	epochs															feedback_delay	36.0
609.10475	1.98700000000008	epochs															feedback	36.0
611.29175	1.9752500000000737	epochs															iti	36.0
613.29025	10.254749999999945	epochs															maze	37.0
613.29025	7.549499999999966	epochs															maze_stem	37.0
613.312	15.429499999999962	trials	True	True	False	False	False	True	[0.9318138957023621, 0.06818615645170212, 0.7094259262084961, 0.2905741333961487]	0.22238797321915627	-0.6412397660315037	0.11119398474693298	0.3206199109554291	0.9318138957023621	[3608, 3607, 3607, 3607, 3607]	[3668, 3668, 3668, 3668, 3667]		
620.8585	2.68649999999991	epochs															maze_arm	37.0
623.56625	5.154250000000047	epochs															feedback_and_iti	37.0
623.56625	0.9937499999999773	epochs															feedback_delay	37.0
624.58375	1.9634999999999536	epochs															feedback	37.0
626.734	1.9864999999999782	epochs															iti	37.0
628.7415	14.804250000000025	epochs															maze	38.0
628.7415	6.902500000000032	epochs															maze_stem	38.0
628.76225	19.988000000000056	trials	False	True	False	False	False	True	[0.9368975758552551, 0.06310244649648666, 0.6632728576660156, 0.336727112531662]	0.2736246921122074	-0.600170437246561	0.13681235909461975	0.3000852167606354	0.9368975758552551	[3700, 3700, 3700, 3700, 3699]	[3788, 3788, 3788, 3787, 3787]		
635.66425	7.88149999999996	epochs															maze_arm	38.0
643.56375	5.167249999999967	epochs															feedback_and_iti	38.0
643.56375	0.9850000000000136	epochs															feedback_delay	38.0
644.56675	1.9890000000000327	epochs															feedback	38.0
646.7605	1.9705000000000155	epochs															iti	38.0
648.75025	9.712999999999965	epochs															maze	39.0
648.75025	7.558499999999981	epochs															maze_stem	39.0
648.771	14.903250000000071	trials	False	True	False	False	False	True	[0.9341943264007568, 0.06580567359924316, 0.6475872993469238, 0.35241273045539856]	0.2866070419549942	-0.5817816108465195	0.1433035135269165	0.29089081287384033	0.9341943264007568	[3820, 3820, 3820, 3820, 3819]	[3877, 3877, 3877, 3877, 3877]		
656.3285	2.1347500000000537	epochs															maze_arm	39.0
658.48075	5.170000000000073	epochs															feedback_and_iti	39.0
658.48075	0.9872500000000173	epochs															feedback_delay	39.0
659.491	1.9782500000000027	epochs															feedback	39.0
661.6645	1.986250000000041	epochs															iti	39.0
663.67425	10.284999999999968	epochs															maze	40.0
663.67425	8.161499999999933	epochs															maze_stem	40.0
663.697	15.490000000000009	trials	True	True	False	False	False	True	[0.940054178237915, 0.05994579941034317, 0.6174790859222412, 0.382520854473114]	0.32257507368922234	-0.5575333051383495	0.16128754615783691	0.2787666320800781	0.940054178237915	[3910, 3909, 3909, 3909, 3909]	[3970, 3970, 3970, 3970, 3970]		
671.85375	2.1055000000000064	epochs															maze_arm	40.0
673.98225	5.183499999999981	epochs															feedback_and_iti	40.0
673.98225	0.9964999999999691	epochs															feedback_delay	40.0
674.9975	1.9770000000000891	epochs															feedback	40.0
677.172	1.9937499999999773	epochs															iti	40.0
679.187	10.548249999999939	epochs															maze	41.0
679.187	8.133500000000026	epochs															maze_stem	41.0
679.2075	15.727499999999964	trials	False	True	False	False	False	True	[0.9471571445465088, 0.052842844277620316, 0.6057519912719727, 0.39424800872802734]	0.3414051588624716	-0.5529091414064169	0.17070257663726807	0.2764545679092407	0.9471571445465088	[4003, 4002, 4002, 4002, 4002]	[4065, 4065, 4065, 4064, 4064]		
687.34375	2.391499999999951	epochs															maze_arm	41.0
689.7515	5.163000000000011	epochs															feedback_and_iti	41.0
689.7515	0.993750000000091	epochs															feedback_delay	41.0
690.764	1.9812500000000455	epochs															feedback	41.0
692.924	1.9904999999999973	epochs															iti	41.0
694.935	9.887250000000108	epochs															maze	42.0
694.935	6.711500000000001	epochs															maze_stem	42.0
694.954	15.094250000000102	trials	False	True	False	False	False	True	[0.941200315952301, 0.05879966914653778, 0.5690072774887085, 0.4309927523136139]	0.3721930608153343	-0.5102075859904289	0.18609651923179626	0.25510379672050476	0.941200315952301	[4097, 4097, 4097, 4096, 4096]	[4155, 4155, 4155, 4155, 4155]		
701.6675	3.1547500000000355	epochs															maze_arm	42.0
704.8395	5.185499999999934	epochs															feedback_and_iti	42.0
704.8395	0.9950000000000045	epochs															feedback_delay	42.0
705.8515	1.9850000000000136	epochs															feedback	42.0
708.02275	2.0022500000000036	epochs															iti	42.0
710.04825	10.84699999999998	epochs															maze	43.0
710.04825	8.118999999999915	epochs															maze_stem	43.0
710.073	16.02475000000004	trials	True	True	False	False	False	True	[0.945041835308075, 0.05495819076895714, 0.5442760586738586, 0.45572394132614136]	0.40076576359570026	-0.48931788094341755	0.20038288831710815	0.2446589469909668	0.945041835308075	[4188, 4187, 4187, 4187, 4187]	[4252, 4252, 4251, 4251, 4251]		
718.187	2.708250000000021	epochs															maze_arm	43.0
720.91575	5.1580000000000155	epochs															feedback_and_iti	43.0
720.91575	0.9950000000000045	epochs															feedback_delay	43.0
721.9315	1.964749999999981	epochs															feedback	43.0
724.077	1.99675000000002	epochs															iti	43.0
726.09775	10.594249999999988	epochs															maze	44.0
726.09775	7.733249999999998	epochs															maze_stem	44.0
726.11825	15.783999999999992	trials	False	True	False	False	False	True	[0.9505094289779663, 0.04949050769209862, 0.5408424139022827, 0.4591575562953949]	0.40966703183948994	-0.49135188944637775	0.2048335075378418	0.2456759214401245	0.9505094289779663	[4284, 4284, 4284, 4283, 4283]	[4346, 4346, 4346, 4346, 4346]		
733.849	2.842999999999961	epochs															maze_arm	44.0
736.71075	5.172500000000014	epochs															feedback_and_iti	44.0
736.71075	0.9847500000000764	epochs															feedback_delay	44.0
737.714	1.9907499999999345	epochs															feedback	44.0
739.90175	1.9814999999999827	epochs															iti	44.0
741.90225	9.594500000000039	epochs															maze	45.0
741.90225	6.258749999999964	epochs															maze_stem	45.0
741.92225	14.780250000000024	trials	True	True	False	True	True	True	[0.9428420662879944, 0.057157959789037704, 0.49245402216911316, 0.5075459480285645]	0.450388016179204	-0.4352960903197527	0.22519399411976337	-0.21764804609119892	0.5075459480285645	[4379, 4378, 4378, 4378, 4378]	[4435, 4435, 4435, 4435, 4434]		
748.1815	3.315249999999992	epochs															maze_arm	45.0
751.51725	5.1652500000000146	epochs															feedback_and_iti	45.0
751.51725	0.9880000000000564	epochs															feedback_delay	45.0
752.52575	1.985749999999939	epochs															feedback	45.0
754.69575	1.986750000000029	epochs															iti	45.0
756.7025	13.027749999999969	epochs															maze	46.0
756.7025	5.781749999999988	epochs															maze_stem	46.0
756.724	20.065999999999917	trials	False	True	False	True	False	False	[0.9228553175926208, 0.07714466005563736, 0.39196446537971497, 0.6080355644226074]	0.530890878289938	-0.3148197792470455	-0.26544542610645294	0.1574098914861679	0.39196446537971497	[4467, 4467, 4467, 4467, 4467]	[4545, 4544, 4544, 4544, 4544]		
762.5035	7.2267499999999245	epochs															maze_arm	46.0
769.74625	7.023000000000025	epochs															feedback_and_iti	46.0
769.74625	0.9990000000000236	epochs															feedback_delay	46.0
770.7635	1.9800000000000182	epochs															feedback	46.0
772.7815	3.9877500000000055	epochs															iti	46.0
776.79	7.580500000000029	epochs															maze	47.0
776.79	4.2140000000000555	epochs															maze_stem	47.0
776.81075	14.616250000000036	trials	False	True	False	True	False	False	[0.8378307819366455, 0.16216924786567688, 0.6058923602104187, 0.3941075801849365]	0.23193837702274323	-0.4437231570482254	-0.1159692108631134	0.2218615710735321	0.6058923602104187	[4588, 4588, 4587, 4587, 4587]	[4632, 4632, 4632, 4632, 4632]		
781.0245	3.3460000000000036	epochs															maze_arm	47.0
784.39075	7.014999999999986	epochs															feedback_and_iti	47.0
784.39075	0.9834999999999354	epochs															feedback_delay	47.0
785.3945	1.9890000000000327	epochs															feedback	47.0
787.42025	3.985500000000002	epochs															iti	47.0
791.427	8.680499999999938	epochs															maze	48.0
791.427	4.698999999999955	epochs															maze_stem	48.0
791.44875	13.88900000000001	trials	False	True	False	True	True	True	[0.8398077487945557, 0.16019225120544434, 0.681776762008667, 0.3182232081890106]	0.15803097188472748	-0.5215845257043839	0.07901547849178314	-0.2607922703027725	0.3182232081890106	[4676, 4675, 4675, 4675, 4675]	[4727, 4726, 4726, 4726, 4726]		
796.14775	3.9597499999999854	epochs															maze_arm	48.0
800.12475	5.192250000000058	epochs															feedback_and_iti	48.0
800.12475	0.9852500000000646	epochs															feedback_delay	48.0
801.1275	1.996499999999969	epochs															feedback	48.0
803.45125	1.8657500000000482	epochs															iti	48.0
805.33775	14.019000000000005	epochs															maze	49.0
805.33775	7.9217499999999745	epochs															maze_stem	49.0
805.35825	19.192499999999995	trials	False	True	False	False	False	True	[0.8947071433067322, 0.10529282689094543, 0.5150693655014038, 0.4849306046962738]	0.37963777780532837	-0.4097765386104584	0.18981888890266418	0.204888254404068	0.8947071433067322	[4759, 4759, 4759, 4758, 4758]	[4842, 4842, 4842, 4841, 4841]		
813.27975	6.076999999999998	epochs															maze_arm	49.0
819.37475	5.156750000000102	epochs															feedback_and_iti	49.0
819.37475	0.9972500000000082	epochs															feedback_delay	49.0
820.39075	1.9697499999999764	epochs															feedback	49.0
822.5465	1.9850000000000136	epochs															iti	49.0
824.55075	10.932000000000016	epochs															maze	50.0
824.55075	8.886750000000006	epochs															maze_stem	50.0
824.572	16.115499999999997	trials	False	True	False	False	False	True	[0.9287861585617065, 0.07121382653713226, 0.4601631462574005, 0.5398368239402771]	0.46862300485372543	-0.38894932717084885	0.23431150615215302	0.19447465240955353	0.9287861585617065	[4874, 4874, 4874, 4874, 4873]	[4939, 4939, 4938, 4938, 4938]		
833.456	2.0267499999999927	epochs															maze_arm	50.0
835.4985	5.167749999999955	epochs															feedback_and_iti	50.0
835.4985	0.9947499999999536	epochs															feedback_delay	50.0
836.51275	1.9742499999999836	epochs															feedback	50.0
838.6745	1.9917500000000246	epochs															iti	50.0
840.6875	9.778999999999996	epochs															maze	51.0
840.6875	6.89224999999999	epochs															maze_stem	51.0
840.706	14.961500000000001	trials	True	True	False	False	False	True	[0.9338902831077576, 0.06610968708992004, 0.435930073261261, 0.564069926738739]	0.4979602247476578	-0.36982037127017975	0.2489801049232483	0.18491017818450928	0.9338902831077576	[4971, 4971, 4971, 4970, 4970]	[5029, 5028, 5028, 5028, 5028]		
847.599	2.86749999999995	epochs															maze_arm	51.0
850.4895	5.157500000000027	epochs															feedback_and_iti	51.0
850.4895	0.9972500000000082	epochs															feedback_delay	51.0
851.50875	1.97625000000005	epochs															feedback	51.0
853.665	1.9820000000000846	epochs															iti	51.0
855.6675	12.269249999999943	epochs															maze	52.0
855.6675	5.231999999999971	epochs															maze_stem	52.0
855.68775	17.480249999999955	trials	False	True	False	False	False	True	[0.9427005648612976, 0.057299405336380005, 0.4462469816207886, 0.5537530779838562]	0.4964536279439926	-0.388947531580925	0.24822679162025452	0.1944737732410431	0.9427005648612976	[5061, 5061, 5060, 5060, 5060]	[5133, 5133, 5133, 5133, 5133]		
860.91975	7.016999999999939	epochs															maze_arm	52.0
867.95325	5.183999999999969	epochs															feedback_and_iti	52.0
867.95325	0.9862499999999272	epochs															feedback_delay	52.0
868.95625	1.9904999999999973	epochs															feedback	52.0
871.162	1.97524999999996	epochs															iti	52.0
873.168	11.024999999999977	epochs															maze	53.0
873.168	8.671249999999986	epochs															maze_stem	53.0
873.1925	16.222999999999956	trials	False	True	False	False	False	True	[0.9349952340126038, 0.06500472128391266, 0.3969261348247528, 0.6030738949775696]	0.5380691364407539	-0.33192137628793716	0.2690345495939255	0.16596068441867828	0.9349952340126038	[5166, 5165, 5165, 5165, 5165]	[5231, 5231, 5230, 5230, 5230]		
881.85975	2.333250000000021	epochs															maze_arm	53.0
884.20875	5.18425000000002	epochs															feedback_and_iti	53.0
884.20875	0.99675000000002	epochs															feedback_delay	53.0
885.22375	1.9777500000000146	epochs															feedback	53.0
887.39775	1.9952500000000555	epochs															iti	53.0
889.4155	8.967000000000098	epochs															maze	54.0
889.4155	6.609750000000076	epochs															maze_stem	54.0
889.43675	16.00750000000005	trials	False	True	False	True	False	False	[0.9399795532226562, 0.060020413249731064, 0.3896467685699463, 0.6103532314300537]	0.5503328014165163	-0.3296263385564089	-0.275166392326355	0.16481316089630127	0.3896467685699463	[5263, 5263, 5263, 5262, 5262]	[5316, 5316, 5315, 5315, 5315]		
896.0455	2.3370000000001028	epochs															maze_arm	54.0
898.39875	7.024000000000001	epochs															feedback_and_iti	54.0
898.39875	0.9965000000000828	epochs															feedback_delay	54.0
899.41425	1.9767499999999245	epochs															feedback	54.0
901.44475	3.977999999999952	epochs															iti	54.0
905.44425	8.180749999999989	epochs															maze	55.0
905.44425	5.601750000000038	epochs															maze_stem	55.0
905.4645	13.335749999999962	trials	False	True	False	False	False	True	[0.8516637086868286, 0.14833636581897736, 0.6162320971488953, 0.38376790285110474]	0.23543157428503036	-0.4678957685828209	0.11771580576896667	0.23394790291786194	0.8516637086868286	[5359, 5359, 5359, 5359, 5358]	[5407, 5407, 5407, 5407, 5406]		
911.0665	2.558499999999981	epochs															maze_arm	55.0
913.64275	5.138000000000034	epochs															feedback_and_iti	55.0
913.64275	0.9982499999999845	epochs															feedback_delay	55.0
914.6575	1.9714999999999918	epochs															feedback	55.0
916.798	1.98275000000001	epochs															iti	55.0
918.80025	10.94500000000005	epochs															maze	56.0
918.80025	7.923249999999939	epochs															maze_stem	56.0
918.821	16.134500000000003	trials	False	True	False	False	False	True	[0.9537822008132935, 0.04621783643960953, 0.6285617351531982, 0.371438205242157]	0.32522041723132133	-0.5823439471423626	0.1626102328300476	0.29117196798324585	0.9537822008132935	[5439, 5439, 5439, 5439, 5438]	[5504, 5504, 5504, 5503, 5503]		
926.74375	3.001500000000078	epochs															maze_arm	56.0
929.76375	5.1720000000000255	epochs															feedback_and_iti	56.0
929.76375	0.9862500000000409	epochs															feedback_delay	56.0
930.76775	1.9957500000000437	epochs															feedback	56.0
932.96175	1.9739999999999327	epochs															iti	56.0
934.9555	11.336000000000013	epochs															maze	57.0
934.9555	9.464249999999993	epochs															maze_stem	57.0
934.97575	16.51225000000011	trials	False	True	False	False	False	True	[0.9461237788200378, 0.053876154124736786, 0.543600857257843, 0.456399142742157]	0.4025229550898075	-0.48972466960549355	0.2012614607810974	0.24486231803894043	0.9461237788200378	[5536, 5536, 5536, 5535, 5535]	[5603, 5603, 5603, 5603, 5602]		
944.44	1.8514999999999873	epochs															maze_arm	57.0
946.30775	5.159249999999929	epochs															feedback_and_iti	57.0
946.30775	0.9897499999999582	epochs															feedback_delay	57.0
947.31575	1.9855000000000018	epochs															feedback	57.0
949.487	1.9800000000000182	epochs															iti	57.0
951.488	12.452749999999924	epochs															maze	58.0
951.488	9.980249999999955	epochs															maze_stem	58.0
951.50725	17.642749999999978	trials	False	True	False	False	False	True	[0.9451947212219238, 0.05480527505278587, 0.5153271555900574, 0.48467281460762024]	0.4298675525933504	-0.46052189357578754	0.21493378281593323	0.2302609384059906	0.9451947212219238	[5635, 5635, 5635, 5635, 5634]	[5709, 5709, 5709, 5708, 5708]		
961.4915	2.4492500000000064	epochs															maze_arm	58.0
963.95625	5.172750000000065	epochs															feedback_and_iti	58.0
963.95625	0.9930000000000518	epochs															feedback_delay	58.0
964.96875	1.9805000000000064	epochs															feedback	58.0
967.14575	1.9832499999999982	epochs															iti	58.0
969.15	8.864750000000072	epochs															maze	59.0
969.15	6.5049999999999955	epochs															maze_stem	59.0
969.1705	15.902250000000095	trials	True	True	False	True	False	False	[0.945760190486908, 0.05423988774418831, 0.4877922236919403, 0.5122077465057373]	0.4579679127782583	-0.4335523899644613	-0.22898398339748383	0.21677620708942413	0.4877922236919403	[5741, 5741, 5741, 5741, 5740]	[5793, 5793, 5793, 5793, 5793]		
975.675	2.3397500000000946	epochs															maze_arm	59.0
978.037	7.014499999999998	epochs															feedback_and_iti	59.0
978.037	0.9977499999999964	epochs															feedback_delay	59.0
979.05375	1.9672499999999218	epochs															feedback	59.0
981.063	3.9885000000000446	epochs															iti	59.0
985.07275	7.544499999999971	epochs															maze	60.0
985.07275	4.348999999999933	epochs															maze_stem	60.0
985.09325	14.576000000000022	trials	False	True	False	True	False	False	[0.8758068680763245, 0.12419305741786957, 0.6635996103286743, 0.33640041947364807]	0.21220730990171432	-0.5394065007567406	-0.10610362887382507	0.2697032392024994	0.6635996103286743	[5837, 5836, 5836, 5836, 5836]	[5881, 5881, 5880, 5880, 5880]		
989.442	3.1752500000000055	epochs															maze_arm	60.0
992.63425	7.0125000000000455	epochs															feedback_and_iti	60.0
992.63425	0.9872500000000173	epochs															feedback_delay	60.0
993.63925	1.9782500000000027	epochs															feedback	60.0
995.654	3.992750000000001	epochs															iti	60.0
999.66925	6.264499999999998	epochs															maze	61.0
999.66925	4.291999999999916	epochs															maze_stem	61.0
999.68975	13.296749999999975	trials	False	True	False	True	False	False	[0.8595662117004395, 0.14043384790420532, 0.7176165580749512, 0.28238344192504883]	0.1419496238231659	-0.5771827399730682	-0.07097482681274414	0.2885913848876953	0.7176165580749512	[5924, 5924, 5924, 5923, 5923]	[5961, 5960, 5960, 5960, 5960]		
1003.981	1.9527500000000373	epochs															maze_arm	61.0
1005.95	7.015749999999912	epochs															feedback_and_iti	61.0
1005.95	0.9939999999999145	epochs															feedback_delay	61.0
1006.96175	1.9722499999999172	epochs															feedback	61.0
1008.97	3.99574999999993	epochs															iti	61.0
1012.9865	7.869750000000067	epochs															maze	62.0
1012.9865	5.44074999999998	epochs															maze_stem	62.0
1013.0055	14.901749999999993	trials	False	True	False	False	True	False	[0.8664723038673401, 0.1335277259349823, 0.7374959588050842, 0.26250407099723816]	0.12897634506225586	-0.6039682328701019	-0.06448817253112793	-0.30198410153388977	0.1335277259349823	[6004, 6004, 6004, 6003, 6003]	[6050, 6050, 6050, 6050, 6049]		
1018.44725	2.408999999999992	epochs															maze_arm	62.0
1020.8735	7.014250000000061	epochs															feedback_and_iti	62.0
1020.8735	0.9902499999999463	epochs															feedback_delay	62.0
1021.88175	1.9850000000000136	epochs															feedback	62.0
1023.90275	3.9850000000001273	epochs															iti	62.0
1027.90725	8.770500000000084	epochs															maze	63.0
1027.90725	4.9282499999999345	epochs															maze_stem	63.0
1027.92775	15.809999999999945	trials	False	True	False	True	False	False	[0.7336004376411438, 0.266399621963501, 0.5926823019981384, 0.4073176681995392]	0.1409180909395218	-0.32628272473812103	-0.07045906782150269	0.1631413698196411	0.5926823019981384	[6093, 6093, 6093, 6093, 6093]	[6145, 6145, 6145, 6144, 6144]		
1032.8545	3.8232500000001437	epochs															maze_arm	63.0
1036.69525	7.021750000000111	epochs															feedback_and_iti	63.0
1036.69525	0.9860000000001037	epochs															feedback_delay	63.0
1037.69875	1.9829999999999472	epochs															feedback	63.0
1039.71875	3.9982500000000982	epochs															iti	63.0
1043.73775	7.9780000000000655	epochs															maze	64.0
1043.73775	5.593499999999949	epochs															maze_stem	64.0
1043.756	13.180999999999813	trials	True	True	False	False	False	True	[0.8099231123924255, 0.19007688760757446, 0.700655996799469, 0.299344003200531]	0.10926711559295654	-0.5105791091918945	0.05463355779647827	0.25528955459594727	0.8099231123924255	[6188, 6188, 6188, 6188, 6187]	[6235, 6235, 6235, 6235, 6234]		
1049.34925	2.3665000000000873	epochs															maze_arm	64.0
1051.73575	5.174250000000029	epochs															feedback_and_iti	64.0
1051.73575	0.9862499999999272	epochs															feedback_delay	64.0
1052.743	1.9860000000001037	epochs															feedback	64.0
1054.9215	1.9885000000001583	epochs															iti	64.0
1056.937	9.59375	epochs															maze	65.0
1056.937	7.250250000000051	epochs															maze_stem	65.0
1056.9605	14.77475000000004	trials	False	True	False	True	True	True	[0.9417650103569031, 0.05823493376374245, 0.7654169797897339, 0.2345830202102661]	0.17634805850684643	-0.7071820180863142	0.08817404322326183	-0.3535910230129957	0.2345830202102661	[6267, 6267, 6267, 6267, 6267]	[6324, 6324, 6324, 6323, 6323]		
1064.2075	2.3232499999999163	epochs															maze_arm	65.0
1066.54725	5.167500000000018	epochs															feedback_and_iti	65.0
1066.54725	0.9997499999999491	epochs															feedback_delay	65.0
1067.565	1.9704999999999018	epochs															feedback	65.0
1069.746	1.96875	epochs															iti	65.0
1071.73525	18.134250000000065	epochs															maze	66.0
1071.73525	13.473500000000058	epochs															maze_stem	66.0
1071.754	25.17800000000011	trials	False	True	False	True	False	False	[0.86029052734375, 0.1397094577550888, 0.5216402411460876, 0.47835981845855713]	0.33865032345056534	-0.38193074613809586	-0.16932514309883118	0.19096538424491882	0.5216402411460876	[6356, 6356, 6356, 6356, 6355]	[6464, 6464, 6464, 6463, 6463]		
1085.22875	4.6407500000000255	epochs															maze_arm	66.0
1089.88725	7.024000000000115	epochs															feedback_and_iti	66.0
1089.88725	0.9877500000000055	epochs															feedback_delay	66.0
1090.8935	1.9715000000001055	epochs															feedback	66.0
1092.93925	3.9720000000002074	epochs															iti	66.0
1096.932	8.506000000000085	epochs															maze	67.0
1096.932	6.576749999999947	epochs															maze_stem	67.0
1096.95125	13.706249999999955	trials	False	True	False	False	False	True	[0.78672856092453, 0.21327140927314758, 0.6471486687660217, 0.35285136103630066]	0.1395799219608307	-0.43387722969055176	0.06978994607925415	0.21693861484527588	0.78672856092453	[6507, 6507, 6507, 6507, 6506]	[6557, 6557, 6557, 6557, 6556]		
1103.52825	1.909750000000031	epochs															maze_arm	67.0
1105.4545	5.183250000000044	epochs															feedback_and_iti	67.0
1105.4545	1.0	epochs															feedback_delay	67.0
1106.475	1.9682500000001255	epochs															feedback	67.0
1108.6495	1.9882500000001073	epochs															iti	67.0
1110.6575	10.61999999999989	epochs															maze	68.0
1110.6575	7.613000000000056	epochs															maze_stem	68.0
1110.6785	17.66924999999992	trials	True	True	False	True	False	False	[0.9354324340820312, 0.06456755101680756, 0.707650363445282, 0.29234957695007324]	0.22778204828500748	-0.6430828347802162	-0.11389103531837463	0.3215413987636566	0.707650363445282	[6590, 6589, 6589, 6589, 6589]	[6652, 6652, 6652, 6652, 6651]		
1118.29025	2.9872499999999036	epochs															maze_arm	68.0
1121.2995	7.028249999999844	epochs															feedback_and_iti	68.0
1121.2995	0.9990000000000236	epochs															feedback_delay	68.0
1122.319	1.9729999999999563	epochs															feedback	68.0
1124.328	3.999749999999949	epochs															iti	68.0
1128.34775	7.9375	epochs															maze	69.0
1128.34775	5.086000000000013	epochs															maze_stem	69.0
1128.36775	13.132000000000062	trials	True	True	False	False	False	True	[0.8284428119659424, 0.1715572327375412, 0.7327828407287598, 0.26721709966659546]	0.09565991908311844	-0.5612256601452827	0.04782998561859131	0.2806128263473511	0.8284428119659424	[6696, 6695, 6695, 6695, 6695]	[6742, 6742, 6742, 6742, 6741]		
1133.4515	2.833750000000009	epochs															maze_arm	69.0
1136.3045	5.173250000000053	epochs															feedback_and_iti	69.0
1136.3045	0.9822500000000218	epochs															feedback_delay	69.0
1137.307	1.9922500000000127	epochs															feedback	69.0
1139.504	1.9737500000001091	epochs															iti	69.0
1141.49975	14.163750000000164	epochs															maze	70.0
1141.49975	7.010250000000042	epochs															maze_stem	70.0
1141.522	21.200000000000045	trials	False	True	False	True	False	False	[0.9421560764312744, 0.057843953371047974, 0.7941552400588989, 0.20584478974342346]	0.1480008363723755	-0.736311286687851	-0.07400041818618774	0.36815565824508667	0.7941552400588989	[6774, 6774, 6774, 6774, 6774]	[6858, 6858, 6858, 6858, 6858]		
1148.53025	7.133250000000089	epochs															maze_arm	70.0
1155.681	7.020250000000033	epochs															feedback_and_iti	70.0
1155.681	0.9827499999998963	epochs															feedback_delay	70.0
1156.68275	1.996499999999969	epochs															feedback	70.0
1158.71975	3.9815000000000964	epochs															iti	70.0
1162.722	7.197750000000042	epochs															maze	71.0
1162.722	5.036250000000109	epochs															maze_stem	71.0
1162.742	12.38675000000012	trials	False	True	False	True	True	True	[0.8404326438903809, 0.15956734120845795, 0.7540396451950073, 0.24596038460731506]	0.08639302104711533	-0.5944722816348076	0.04319652169942856	-0.2972361370921135	0.24596038460731506	[6902, 6901, 6901, 6901, 6901]	[6944, 6944, 6943, 6943, 6943]		
1167.77925	2.1404999999999745	epochs															maze_arm	71.0
1169.93775	5.170499999999947	epochs															feedback_and_iti	71.0
1169.93775	0.9832499999999982	epochs															feedback_delay	71.0
1170.93925	1.99350000000004	epochs															feedback	71.0
1173.1295	1.978749999999991	epochs															iti	71.0
1175.12875	10.917249999999967	epochs															maze	72.0
1175.12875	8.924749999999904	epochs															maze_stem	72.0
1175.1495	16.104250000000093	trials	False	True	False	False	False	True	[0.8404428362846375, 0.15955717861652374, 0.5686054825782776, 0.4313944876194]	0.2718373313546181	-0.40904832631349564	0.13591867685317993	0.20452415943145752	0.8404428362846375	[6976, 6976, 6976, 6975, 6975]	[7041, 7040, 7040, 7040, 7040]		
1184.0735	1.9725000000000819	epochs															maze_arm	72.0
1186.06175	5.170499999999947	epochs															feedback_and_iti	72.0
1186.06175	0.9945000000000164	epochs															feedback_delay	72.0
1187.074	1.9745000000000346	epochs															feedback	72.0
1189.252	1.9802500000000691	epochs															iti	72.0
1191.25375	14.079749999999876	epochs															maze	73.0
1191.25375	6.785750000000007	epochs															maze_stem	73.0
1191.27375	21.125499999999874	trials	False	True	False	True	False	False	[0.9048739075660706, 0.09512610733509064, 0.5559742450714111, 0.44402575492858887]	0.3488996550440788	-0.4608481451869011	-0.1744498312473297	0.23042407631874084	0.5559742450714111	[7073, 7073, 7072, 7072, 7072]	[7156, 7156, 7156, 7156, 7155]		
1198.05825	7.2752499999999145	epochs															maze_arm	73.0
1205.35075	7.026499999999942	epochs															feedback_and_iti	73.0
1205.35075	0.9954999999999927	epochs															feedback_delay	73.0
1206.3655	1.9827499999998963	epochs															feedback	73.0
1208.38575	3.9915000000000873	epochs															iti	73.0
1212.39925	10.946249999999964	epochs															maze	74.0
1212.39925	6.580249999999978	epochs															maze_stem	74.0
1212.421	17.98849999999993	trials	False	True	False	True	False	False	[0.8024252653121948, 0.19757473468780518, 0.6826207041740417, 0.31737926602363586]	0.11980454623699188	-0.48504598438739777	-0.05990228056907654	0.2425229847431183	0.6826207041740417	[7199, 7199, 7199, 7199, 7199]	[7264, 7264, 7264, 7264, 7263]		
1218.9995	4.346000000000004	epochs															maze_arm	74.0
1223.3615	7.018000000000029	epochs															feedback_and_iti	74.0
1223.3615	0.9982500000000982	epochs															feedback_delay	74.0
1224.37775	1.9772499999999127	epochs															feedback	74.0
1226.39225	3.9872499999999036	epochs															iti	74.0
1230.4095	11.181749999999965	epochs															maze	75.0
1230.4095	6.082499999999982	epochs															maze_stem	75.0
1230.4355	16.361499999999978	trials	False	True	False	True	True	True	[0.8021658062934875, 0.19783422350883484, 0.732052743434906, 0.2679472267627716]	0.07011303305625916	-0.5342185497283936	0.035056501626968384	-0.2671092748641968	0.2679472267627716	[7307, 7307, 7307, 7307, 7307]	[7374, 7373, 7373, 7373, 7373]		
1236.51325	5.0779999999999745	epochs															maze_arm	75.0
1241.607	5.16924999999992	epochs															feedback_and_iti	75.0
1241.607	0.9890000000000327	epochs															feedback_delay	75.0
1242.61725	1.98824999999988	epochs															feedback	75.0
1244.80925	1.9669999999998709	epochs															iti	75.0
1246.797	18.168499999999995	epochs															maze	76.0
1246.797	16.004750000000058	epochs															maze_stem	76.0
1246.8175	23.347499999999854	trials	False	True	False	True	True	True	[0.8121336698532104, 0.18786630034446716, 0.5429436564445496, 0.45705631375312805]	0.2691900134086609	-0.3550773561000824	0.13459500670433044	-0.1775386929512024	0.45705631375312805	[7406, 7406, 7405, 7405, 7405]	[7514, 7513, 7513, 7513, 7513]		
1262.8225	2.143000000000029	epochs															maze_arm	76.0
1264.98225	5.162000000000035	epochs															feedback_and_iti	76.0
1264.98225	0.9972499999998945	epochs															feedback_delay	76.0
1265.99725	1.9677500000000236	epochs															feedback	76.0
1268.15725	1.98700000000008	epochs															iti	76.0
1270.165	12.030999999999949	epochs															maze	77.0
1270.165	8.600750000000062	epochs															maze_stem	77.0
1270.18625	19.077999999999975	trials	True	True	False	True	False	False	[0.7977829575538635, 0.20221704244613647, 0.3446204662322998, 0.6553795337677002]	0.4531624913215637	-0.14240342378616333	-0.22658124566078186	0.07120171189308167	0.3446204662322998	[7546, 7546, 7545, 7545, 7545]	[7617, 7617, 7617, 7616, 7616]		
1278.7855	3.4104999999999563	epochs															maze_arm	77.0
1282.217	7.026499999999942	epochs															feedback_and_iti	77.0
1282.217	0.991249999999809	epochs															feedback_delay	77.0
1283.22975	1.9792500000000928	epochs															feedback	77.0
1285.24625	3.997250000000122	epochs															iti	77.0
1289.26425	6.857999999999947	epochs															maze	78.0
1289.26425	4.275250000000142	epochs															maze_stem	78.0
1289.285	12.044499999999971	trials	True	True	False	True	True	True	[0.7418609261512756, 0.25813907384872437, 0.6451912522315979, 0.3548087179660797]	0.09666965901851654	-0.38705219328403473	0.04833482205867767	-0.19352610409259796	0.3548087179660797	[7660, 7660, 7660, 7660, 7660]	[7701, 7700, 7700, 7700, 7700]		
1293.5575	2.5647500000000036	epochs															maze_arm	78.0
1296.14425	5.163999999999987	epochs															feedback_and_iti	78.0
1296.14425	0.9822500000000218	epochs															feedback_delay	78.0
1297.148	1.9815000000000964	epochs															feedback	78.0
1299.316	1.9922500000000127	epochs															iti	78.0
1301.3295	12.17574999999988	epochs															maze	79.0
1301.3295	5.4347499999998945	epochs															maze_stem	79.0
1301.34925	17.38000000000011	trials	True	True	False	False	False	True	[0.7951315641403198, 0.2048683911561966, 0.6091709733009338, 0.39082905650138855]	0.18596062809228897	-0.40430254489183426	0.092980295419693	0.20215126872062683	0.7951315641403198	[7733, 7732, 7732, 7732, 7732]	[7805, 7805, 7804, 7804, 7804]		
1306.78375	6.721499999999878	epochs															maze_arm	79.0
1313.52675	5.181250000000091	epochs															feedback_and_iti	79.0
1313.52675	0.9822500000000218	epochs															feedback_delay	79.0
1314.52925	1.9954999999999927	epochs															feedback	79.0
1316.71325	1.9947500000000673	epochs															iti	79.0
1318.72925	8.21699999999987	epochs															maze	80.0
1318.72925	6.1502499999999145	epochs															maze_stem	80.0
1318.7495	15.262500000000045	trials	False	True	False	False	True	False	[0.8787719011306763, 0.12122810631990433, 0.5680583715438843, 0.4319416582584381]	0.3107135407626629	-0.44683025404810905	-0.1553567759692669	-0.22341511771082878	0.12122810631990433	[7837, 7837, 7837, 7836, 7836]	[7885, 7885, 7885, 7885, 7885]		
1324.89975	2.0464999999999236	epochs															maze_arm	80.0
1326.96975	7.023249999999962	epochs															feedback_and_iti	80.0
1326.96975	0.9874999999999545	epochs															feedback_delay	80.0
1327.97525	1.9882500000001073	epochs															feedback	80.0
1330.00025	3.9927499999998872	epochs															iti	80.0
1334.012	7.000999999999976	epochs															maze	81.0
1334.012	4.692500000000109	epochs															maze_stem	81.0
1334.033	14.046500000000151	trials	False	True	False	False	True	False	[0.5920324325561523, 0.40796753764152527, 0.42587682604789734, 0.574123203754425]	0.1661556363105774	-0.017909258604049683	-0.08307783305644989	-0.008954629302024841	0.40796753764152527	[7929, 7928, 7928, 7928, 7928]	[7970, 7969, 7969, 7969, 7969]		
1338.7265	2.2864999999999327	epochs															maze_arm	81.0
1341.0325	7.0252499999999145	epochs															feedback_and_iti	81.0
1341.0325	0.98824999999988	epochs															feedback_delay	81.0
1342.04	1.9864999999999782	epochs															feedback	81.0
1344.0625	3.995249999999942	epochs															iti	81.0
1348.0795	7.973500000000058	epochs															maze	82.0
1348.0795	5.217249999999922	epochs															maze_stem	82.0
1348.10075	15.045499999999947	trials	False	True	False	False	True	False	[0.5206553339958191, 0.4793446660041809, 0.4354940354824066, 0.564505934715271]	0.08516128361225128	0.0438506156206131	-0.042580634355545044	0.021925300359725952	0.4793446660041809	[8013, 8013, 8013, 8012, 8012]	[8060, 8060, 8059, 8059, 8059]		
1353.32175	2.7312500000000455	epochs															maze_arm	82.0
1356.07475	7.049749999999904	epochs															feedback_and_iti	82.0
1356.07475	0.9857500000000528	epochs															feedback_delay	82.0
1357.07825	1.9887499999999818	epochs															feedback	82.0
1359.11625	4.008249999999862	epochs															iti	82.0
1363.14625	8.25	epochs															maze	83.0
1363.14625	5.08075000000008	epochs															maze_stem	83.0
1363.1675	13.435500000000047	trials	False	True	False	True	True	True	[0.4755662679672241, 0.5244337320327759, 0.42667096853256226, 0.5733290910720825]	0.04889532923698425	0.09776279330253601	0.02444767951965332	0.0488814115524292	0.5733290910720825	[8103, 8103, 8103, 8103, 8102]	[8152, 8152, 8151, 8151, 8151]		
1368.247	3.149249999999938	epochs															maze_arm	83.0
1371.41275	5.169750000000022	epochs															feedback_and_iti	83.0
1371.41275	0.9962500000001455	epochs															feedback_delay	83.0
1372.42875	1.974999999999909	epochs															feedback	83.0
1374.6035	1.9790000000000418	epochs															iti	83.0
1376.603	9.276749999999993	epochs															maze	84.0
1376.603	6.950749999999971	epochs															maze_stem	84.0
1376.6235	14.477750000000015	trials	False	True	False	False	False	True	[0.5801956653594971, 0.41980433464050293, 0.34543514251708984, 0.6545648574829102]	0.23476052284240723	0.07436919212341309	0.11738026142120361	-0.03718459606170654	0.5801956653594971	[8184, 8184, 8184, 8183, 8183]	[8239, 8238, 8238, 8238, 8238]		
1383.575	2.3047500000000127	epochs															maze_arm	84.0
1385.8975	5.182000000000016	epochs															feedback_and_iti	84.0
1385.8975	0.9862499999999272	epochs															feedback_delay	84.0
1386.9	1.9942499999999654	epochs															feedback	84.0
1389.0865	1.9930000000001655	epochs															iti	84.0
1391.10125	10.69900000000007	epochs															maze	85.0
1391.10125	7.5402500000000146	epochs															maze_stem	85.0
1391.12175	15.888750000000073	trials	True	True	False	False	False	True	[0.7281157374382019, 0.27188432216644287, 0.4023694694042206, 0.597630500793457]	0.32574622333049774	-0.1304851919412613	0.16287313401699066	0.06524260342121124	0.7281157374382019	[8271, 8271, 8270, 8270, 8270]	[8334, 8334, 8334, 8333, 8333]		
1398.6595	3.1407500000000255	epochs															maze_arm	85.0
1401.821	5.170000000000073	epochs															feedback_and_iti	85.0
1401.821	0.9887499999999818	epochs															feedback_delay	85.0
1402.8315	1.9702500000000782	epochs															feedback	85.0
1405.008	1.9829999999999472	epochs															iti	85.0
1407.0105	7.891999999999825	epochs															maze	86.0
1407.0105	5.927500000000009	epochs															maze_stem	86.0
1407.031	13.070000000000164	trials	False	True	False	True	True	True	[0.8214391469955444, 0.17856083810329437, 0.4271099865436554, 0.572890043258667]	0.39432918280363083	-0.24854912608861923	0.1971646025776863	-0.12427455931901932	0.572890043258667	[8366, 8366, 8366, 8366, 8365]	[8413, 8412, 8412, 8412, 8412]		
1412.9595	1.9429999999999836	epochs															maze_arm	86.0
1414.92	5.160499999999956	epochs															feedback_and_iti	86.0
1414.92	0.9857499999998254	epochs															feedback_delay	86.0
1415.924	1.990000000000009	epochs															feedback	86.0
1418.1045	1.9760000000001128	epochs															iti	86.0
1420.101	15.280249999999796	epochs															maze	87.0
1420.101	7.48824999999988	epochs															maze_stem	87.0
1420.1235	20.471750000000156	trials	True	True	False	False	False	True	[0.7256297469139099, 0.2743702530860901, 0.2824839651584625, 0.7175160646438599]	0.4431457966566086	-0.008113697171211243	0.2215728908777237	0.004056856036186218	0.7256297469139099	[8445, 8445, 8444, 8444, 8444]	[8535, 8535, 8535, 8535, 8535]		
1427.607	7.774249999999938	epochs															maze_arm	87.0
1435.40175	5.172749999999951	epochs															feedback_and_iti	87.0
1435.40175	0.9980000000000473	epochs															feedback_delay	87.0
1436.421	1.9697499999999764	epochs															feedback	87.0
1438.58025	1.9942499999999654	epochs															iti	87.0
1440.59525	9.506750000000011	epochs															maze	88.0
1440.59525	6.617999999999938	epochs															maze_stem	88.0
1440.61575	16.538500000000113	trials	False	True	False	True	False	False	[0.844515323638916, 0.1554846167564392, 0.30844810605049133, 0.6915518641471863]	0.5360672324895859	-0.15296347439289093	-0.26803360879421234	0.07648171484470367	0.30844810605049133	[8568, 8567, 8567, 8567, 8567]	[8624, 8623, 8623, 8623, 8623]		
1447.23325	2.868750000000091	epochs															maze_arm	88.0
1450.12775	7.005249999999933	epochs															feedback_and_iti	88.0
1450.12775	0.9844999999997981	epochs															feedback_delay	88.0
1451.13025	1.97199999999998	epochs															feedback	88.0
1453.13975	3.993249999999989	epochs															iti	88.0
1457.15425	7.797249999999849	epochs															maze	89.0
1457.15425	5.940249999999878	epochs															maze_stem	89.0
1457.175	12.971500000000106	trials	False	True	False	False	False	True	[0.7120692729949951, 0.28793075680732727, 0.5793610215187073, 0.42063894867897034]	0.13270822167396545	-0.2914302945137024	0.06635412573814392	0.1457151472568512	0.7120692729949951	[8667, 8667, 8666, 8666, 8666]	[8713, 8712, 8712, 8712, 8712]		
1463.11325	1.838249999999789	epochs															maze_arm	89.0
1464.96875	5.156999999999925	epochs															feedback_and_iti	89.0
1464.96875	0.99025000000006	epochs															feedback_delay	89.0
1465.97875	1.9825000000000728	epochs															feedback	89.0
1468.14575	1.9800000000000182	epochs															iti	89.0
1470.1465	10.243999999999915	epochs															maze	90.0
1470.1465	7.310749999999871	epochs															maze_stem	90.0
1470.16675	15.427749999999833	trials	True	True	False	False	False	True	[0.8996696472167969, 0.10033034533262253, 0.6194572448730469, 0.3805428147315979]	0.2802124358713627	-0.5191268660128117	0.140106201171875	0.2595634460449219	0.8996696472167969	[8745, 8745, 8744, 8744, 8744]	[8805, 8805, 8805, 8805, 8804]		
1477.47675	2.9137499999999363	epochs															maze_arm	90.0
1480.4095	5.164250000000038	epochs															feedback_and_iti	90.0
1480.4095	0.9957500000000437	epochs															feedback_delay	90.0
1481.4265	1.9800000000000182	epochs															feedback	90.0
1483.58475	1.9890000000000327	epochs															iti	90.0
1485.5945	10.832000000000107	epochs															maze	91.0
1485.5945	8.597500000000082	epochs															maze_stem	91.0
1485.614	16.008499999999913	trials	False	True	False	False	False	True	[0.9158169031143188, 0.08418310433626175, 0.5711712837219238, 0.4288286864757538]	0.3446456007659435	-0.48698819801211357	0.1723228096961975	0.24349409341812134	0.9158169031143188	[8837, 8837, 8837, 8837, 8837]	[8901, 8901, 8901, 8901, 8901]		
1494.211	2.21550000000002	epochs															maze_arm	91.0
1496.44425	5.156999999999925	epochs															feedback_and_iti	91.0
1496.44425	0.9904999999998836	epochs															feedback_delay	91.0
1497.452	1.978249999999889	epochs															feedback	91.0
1499.624	1.9772499999999127	epochs															iti	91.0
1501.6225	8.667249999999967	epochs															maze	92.0
1501.6225	6.417750000000069	epochs															maze_stem	92.0
1501.6465	13.861499999999978	trials	False	True	False	True	True	True	[0.918706476688385, 0.08129344880580902, 0.5594180822372437, 0.44058194756507874]	0.35928844660520554	-0.47812458127737045	0.17964424937963486	-0.23906230181455612	0.44058194756507874	[8933, 8933, 8933, 8933, 8933]	[8985, 8984, 8984, 8984, 8984]		
1508.05975	2.230000000000018	epochs															maze_arm	92.0
1510.30575	5.1749999999999545	epochs															feedback_and_iti	92.0
1510.30575	0.9929999999999382	epochs															feedback_delay	92.0
1511.31675	1.9877500000000055	epochs															feedback	92.0
1513.49375	1.9869999999998527	epochs															iti	92.0
1515.508	8.769000000000005	epochs															maze	93.0
1515.508	6.569999999999936	epochs															maze_stem	93.0
1515.5295	13.946500000000015	trials	False	True	False	False	False	True	[0.8595412969589233, 0.14045871794223785, 0.3675987720489502, 0.6324012875556946]	0.49194254726171494	-0.22714003175497055	0.24597126245498657	0.11357003450393677	0.8595412969589233	[9017, 9017, 9016, 9016, 9016]	[9068, 9068, 9068, 9068, 9068]		
1522.09825	2.1787500000000364	epochs															maze_arm	93.0
1524.29625	5.159249999999929	epochs															feedback_and_iti	93.0
1524.29625	0.9929999999999382	epochs															feedback_delay	93.0
1525.30575	1.978749999999991	epochs															feedback	93.0
1527.4755	1.9800000000000182	epochs															iti	93.0
1529.476	10.605749999999944	epochs															maze	94.0
1529.476	8.617999999999938	epochs															maze_stem	94.0
1529.4965	15.779749999999922	trials	False	True	False	False	False	True	[0.9022334814071655, 0.09776647388935089, 0.35202524065971375, 0.6479747891426086]	0.5502082780003548	-0.25425872951745987	0.2751041203737259	0.12712936103343964	0.9022334814071655	[9100, 9100, 9100, 9100, 9100]	[9163, 9163, 9163, 9163, 9162]		
1538.113	1.96875	epochs															maze_arm	94.0
1540.09925	5.156500000000051	epochs															feedback_and_iti	94.0
1540.09925	0.9942499999999654	epochs															feedback_delay	94.0
1541.10925	1.9800000000000182	epochs															feedback	94.0
1543.275	1.9807499999999436	epochs															iti	94.0
1545.27625	10.834500000000162	epochs															maze	95.0
1545.27625	8.26150000000007	epochs															maze_stem	95.0
1545.29675	16.024000000000115	trials	True	True	False	False	False	True	[0.9165960550308228, 0.08340394496917725, 0.3498951494693756, 0.650104820728302]	0.566700890660286	-0.26649121940135956	0.28335045278072357	0.13324560225009918	0.9165960550308228	[9195, 9195, 9195, 9195, 9194]	[9259, 9259, 9259, 9259, 9258]		
1553.56725	2.5434999999999945	epochs															maze_arm	95.0
1556.13175	5.1622500000000855	epochs															feedback_and_iti	95.0
1556.13175	0.9909999999999854	epochs															feedback_delay	95.0
1557.144	1.978249999999889	epochs															feedback	95.0
1559.304	1.990000000000009	epochs															iti	95.0
1561.32075	12.87649999999985	epochs															maze	96.0
1561.32075	10.762249999999995	epochs															maze_stem	96.0
1561.34675	18.047000000000025	trials	False	True	False	False	False	True	[0.9312345385551453, 0.06876552104949951, 0.36543282866477966, 0.6345672011375427]	0.5658016949892044	-0.29666732251644135	0.2829008549451828	0.14833368360996246	0.9312345385551453	[9291, 9291, 9291, 9291, 9291]	[9368, 9367, 9367, 9367, 9367]		
1572.1025	2.0947499999999764	epochs															maze_arm	96.0
1574.21375	5.159250000000156	epochs															feedback_and_iti	96.0
1574.21375	0.9995000000001255	epochs															feedback_delay	96.0
1575.2325	1.9662499999999454	epochs															feedback	96.0
1577.39375	1.9792500000000928	epochs															iti	96.0
1579.39375	10.645750000000135	epochs															maze	97.0
1579.39375	8.515250000000151	epochs															maze_stem	97.0
1579.41275	15.848500000000058	trials	False	True	False	False	False	True	[0.9259488582611084, 0.0740511491894722, 0.33067041635513306, 0.6693295240402222]	0.5952784083783627	-0.25661930069327354	0.29763922095298767	0.12830963730812073	0.9259488582611084	[9400, 9400, 9399, 9399, 9399]	[9463, 9462, 9462, 9462, 9462]		
1587.93	2.1095000000000255	epochs															maze_arm	97.0
1590.0555	5.186750000000075	epochs															feedback_and_iti	97.0
1590.0555	0.9850000000001273	epochs															feedback_delay	97.0
1591.05775	1.9945000000000164	epochs															feedback	97.0
1593.26125	1.9809999999999945	epochs															iti	97.0
1595.26125	13.63650000000007	epochs															maze	98.0
1595.26125	5.995499999999993	epochs															maze_stem	98.0
1595.28175	18.818249999999807	trials	False	True	False	True	True	True	[0.9336830377578735, 0.06631698459386826, 0.33542904257774353, 0.6645709276199341]	0.5982539691030979	-0.26911208406090736	0.2991269715130329	-0.13455604389309883	0.6645709276199341	[9495, 9495, 9494, 9494, 9494]	[9576, 9575, 9575, 9575, 9575]		
1601.27875	7.619000000000142	epochs															maze_arm	98.0
1608.9145	5.163499999999885	epochs															feedback_and_iti	98.0
1608.9145	0.9934999999998126	epochs															feedback_delay	98.0
1609.92625	1.9727499999999054	epochs															feedback	98.0
1612.10125	1.9767500000000382	epochs															iti	98.0
1614.1	9.65825000000018	epochs															maze	99.0
1614.1	7.0122499999999945	epochs															maze_stem	99.0
1614.1215	16.70074999999997	trials	False	True	False	True	False	False	[0.9080803394317627, 0.09191963821649551, 0.256321519613266, 0.7436785101890564]	0.6517588458955288	-0.1644018553197384	-0.32587940990924835	0.08220092952251434	0.256321519613266	[9608, 9608, 9607, 9607, 9607]	[9665, 9665, 9664, 9664, 9664]		
1621.13275	2.625500000000102	epochs															maze_arm	99.0
1623.77575	7.020749999999907	epochs															feedback_and_iti	99.0
1623.77575	0.9849999999999	epochs															feedback_delay	99.0
1624.7785	1.98700000000008	epochs															feedback	99.0
1626.80675	3.989749999999958	epochs															iti	99.0
1630.82225	7.649000000000115	epochs															maze	100.0
1630.82225	5.310500000000047	epochs															maze_stem	100.0
1630.84375	14.686500000000024	trials	False	False	True	True	True	False	[0.8155546188354492, 0.18444541096687317, 0.547060489654541, 0.45293954014778137]	0.2684941291809082	-0.36261507868766785	0.1342470645904541	-0.18130752444267273	0.45293954014778137	[9708, 9708, 9708, 9707, 9707]	[9753, 9753, 9753, 9752, 9752]		
1636.15075	2.320500000000038	epochs															maze_arm	100.0
1638.48875	7.018000000000029	epochs															feedback_and_iti	100.0
1638.48875	0.9835000000000491	epochs															feedback_delay	100.0
1639.49025	1.9845000000000255	epochs															feedback	100.0
1641.50975	3.997000000000071	epochs															iti	100.0
1645.53025	9.243749999999864	epochs															maze	101.0
1645.53025	4.90949999999998	epochs															maze_stem	101.0
1645.5505	16.292999999999893	trials	True	False	False	True	True	False	[0.7205771803855896, 0.2794228196144104, 0.51744145154953, 0.4825584888458252]	0.20313569903373718	-0.23801866173744202	0.1015678346157074	-0.1190093457698822	0.4825584888458252	[9796, 9796, 9796, 9796, 9795]	[9851, 9851, 9850, 9850, 9850]		
1650.4585	4.315499999999929	epochs															maze_arm	101.0
1654.79625	7.026249999999891	epochs															feedback_and_iti	101.0
1654.79625	0.9989999999997963	epochs															feedback_delay	101.0
1655.815	1.9739999999999327	epochs															feedback	101.0
1657.824	3.998499999999922	epochs															iti	101.0
1661.8435	7.413750000000164	epochs															maze	102.0
1661.8435	5.258000000000038	epochs															maze_stem	102.0
1661.863	14.449249999999893	trials	False	False	False	False	False	False	[0.7242167592048645, 0.2757832407951355, 0.484395831823349, 0.5156041383743286]	0.2398209124803543	-0.2086126059293747	0.11991046369075775	0.10430629551410675	0.7242167592048645	[9894, 9894, 9894, 9893, 9893]	[9938, 9937, 9937, 9937, 9937]		
1667.12225	2.1350000000002183	epochs															maze_arm	102.0
1669.27925	7.014499999999998	epochs															feedback_and_iti	102.0
1669.27925	0.9977499999999964	epochs															feedback_delay	102.0
1670.29875	1.965249999999969	epochs															feedback	102.0
1672.30425	3.9895000000001346	epochs															iti	102.0
1676.31225	7.123000000000047	epochs															maze	103.0
1676.31225	4.5750000000000455	epochs															maze_stem	103.0
1676.33225	14.16800000000012	trials	True	False	False	True	True	False	[0.7191107869148254, 0.2808891832828522, 0.4738779664039612, 0.5261220335960388]	0.24523283541202545	-0.19298876821994781	0.12261642515659332	-0.0964943915605545	0.5261220335960388	[9981, 9981, 9980, 9980, 9980]	[10023, 10022, 10022, 10022, 10022]		
1680.905	2.5302500000000236	epochs															maze_arm	103.0
1683.456	7.020000000000209	epochs															feedback_and_iti	103.0
1683.456	0.9930000000001655	epochs															feedback_delay	103.0
1684.47375	1.9647499999998672	epochs															feedback	103.0
1686.47425	4.001750000000129	epochs															iti	103.0
1690.50025	7.294750000000022	epochs															maze	104.0
1690.50025	4.879500000000007	epochs															maze_stem	104.0
1690.52275	14.324749999999995	trials	True	False	False	False	False	False	[0.6848779320716858, 0.3151220679283142, 0.508299708366394, 0.49170029163360596]	0.17657822370529175	-0.19317764043807983	0.08828911185264587	0.09658882021903992	0.6848779320716858	[10066, 10066, 10065, 10065, 10065]	[10109, 10108, 10108, 10108, 10108]		
1695.399	2.3960000000001855	epochs															maze_arm	104.0
1697.81775	7.010250000000042	epochs															feedback_and_iti	104.0
1697.81775	0.9860000000001037	epochs															feedback_delay	104.0
1698.82475	1.9737500000001091	epochs															feedback	104.0
1700.836	3.991999999999962	epochs															iti	104.0
1704.8475	7.34375	epochs															maze	105.0
1704.8475	5.021250000000009	epochs															maze_stem	105.0
1704.86525	14.386749999999893	trials	False	False	False	True	True	False	[0.6473023891448975, 0.3526976406574249, 0.4995010495185852, 0.5004989504814148]	0.14780132472515106	-0.14680342376232147	0.07390065491199493	-0.07340170443058014	0.5004989504814148	[10152, 10152, 10152, 10151, 10151]	[10195, 10195, 10195, 10194, 10194]		
1709.8865	2.3047500000000127	epochs															maze_arm	105.0
1712.2065	7.0190000000000055	epochs															feedback_and_iti	105.0
1712.2065	0.9852499999999509	epochs															feedback_delay	105.0
1713.20825	1.9950000000001182	epochs															feedback	105.0
1715.24025	3.985249999999951	epochs															iti	105.0
1719.252	7.800500000000056	epochs															maze	106.0
1719.252	5.088750000000118	epochs															maze_stem	106.0
1719.2745	14.82725000000005	trials	False	False	False	True	True	False	[0.5747491121292114, 0.4252508878707886, 0.5052873492240906, 0.4947126507759094]	0.06946176290512085	-0.080036461353302	0.034730881452560425	-0.040018230676651	0.4947126507759094	[10238, 10238, 10238, 10238, 10237]	[10284, 10284, 10284, 10283, 10283]		
1724.3585	2.69399999999996	epochs															maze_arm	106.0
1727.07025	7.0122499999999945	epochs															feedback_and_iti	106.0
1727.07025	0.9835000000000491	epochs															feedback_delay	106.0
1728.07075	1.9859999999998763	epochs															feedback	106.0
1730.09475	3.9877500000000055	epochs															iti	106.0
1734.10175	8.010499999999865	epochs															maze	107.0
1734.10175	5.575249999999869	epochs															maze_stem	107.0
1734.1205	15.055000000000064	trials	False	False	False	True	True	False	[0.5504177808761597, 0.44958218932151794, 0.45550522208213806, 0.5444948077201843]	0.094912588596344	-0.0059230029582977295	0.04745630919933319	-0.0029615014791488647	0.5444948077201843	[10327, 10327, 10327, 10327, 10326]	[10374, 10374, 10374, 10374, 10374]		
1739.69475	2.417499999999791	epochs															maze_arm	107.0
1742.1295	7.024499999999989	epochs															feedback_and_iti	107.0
1742.1295	0.9907499999999345	epochs															feedback_delay	107.0
1743.138	1.9827500000001237	epochs															feedback	107.0
1745.1565	3.9974999999999454	epochs															iti	107.0
1749.1755	7.903249999999844	epochs															maze	108.0
1749.1755	5.857499999999845	epochs															maze_stem	108.0
1749.196	14.931500000000142	trials	False	False	False	False	False	False	[0.5342201590538025, 0.4657798111438751, 0.43193379044532776, 0.5680661797523499]	0.10228636860847473	0.03384602069854736	0.051143184304237366	-0.016923025250434875	0.5342201590538025	[10418, 10417, 10417, 10417, 10417]	[10464, 10464, 10464, 10464, 10463]		
1755.05275	2.02599999999984	epochs															maze_arm	108.0
1757.101	7.005749999999807	epochs															feedback_and_iti	108.0
1757.101	0.9897499999999582	epochs															feedback_delay	108.0
1758.11125	1.9647500000000946	epochs															feedback	108.0
1760.14	3.96674999999982	epochs															iti	108.0
1764.1275	9.440249999999878	epochs															maze	109.0
1764.1275	6.414999999999964	epochs															maze_stem	109.0
1764.14925	16.473250000000007	trials	False	False	False	False	False	False	[0.5658701658248901, 0.43412983417510986, 0.48991820216178894, 0.5100818276405334]	0.07595197856426239	-0.05578835308551788	0.0379759818315506	0.02789418399333954	0.5658701658248901	[10507, 10507, 10507, 10507, 10507]	[10563, 10563, 10563, 10562, 10562]		
1770.5605	3.0072499999998854	epochs															maze_arm	109.0
1773.5895	7.013500000000022	epochs															feedback_and_iti	109.0
1773.5895	0.9804999999998927	epochs															feedback_delay	109.0
1774.59225	1.9877500000000055	epochs															feedback	109.0
1776.62075	3.982250000000022	epochs															iti	109.0
1780.6225	10.636250000000018	epochs															maze	110.0
1780.6225	7.71550000000002	epochs															maze_stem	110.0
1780.642	17.668499999999995	trials	False	False	False	True	True	False	[0.6315739750862122, 0.36842602491378784, 0.5677361488342285, 0.4322638213634491]	0.06383781135082245	-0.19931013882160187	0.03191889822483063	-0.09965507686138153	0.4322638213634491	[10606, 10606, 10606, 10606, 10605]	[10669, 10669, 10669, 10668, 10668]		
1788.35575	2.90300000000002	epochs															maze_arm	110.0
1791.275	7.0154999999999745	epochs															feedback_and_iti	110.0
1791.275	0.9859999999998763	epochs															feedback_delay	110.0
1792.27775	1.9822500000000218	epochs															feedback	110.0
1794.2955	3.9950000000001182	epochs															iti	110.0
1798.3105	8.618249999999989	epochs															maze	111.0
1798.3105	6.189249999999902	epochs															maze_stem	111.0
1798.331	15.670250000000124	trials	True	False	False	False	False	False	[0.5649539828300476, 0.4350460171699524, 0.5301914215087891, 0.46980854868888855]	0.03476254642009735	-0.09514541923999786	0.017381280660629272	0.047572702169418335	0.5649539828300476	[10712, 10712, 10712, 10712, 10711]	[10763, 10763, 10763, 10762, 10762]		
1804.51925	2.40949999999998	epochs															maze_arm	111.0
1806.95	7.032500000000027	epochs															feedback_and_iti	111.0
1806.95	0.9837499999998727	epochs															feedback_delay	111.0
1807.95425	1.993750000000091	epochs															feedback	111.0
1809.987	3.9954999999999927	epochs															iti	111.0
1814.00125	7.725999999999885	epochs															maze	112.0
1814.00125	5.739749999999958	epochs															maze_stem	112.0
1814.01975	14.772000000000162	trials	False	False	False	True	True	False	[0.5659374594688416, 0.43406251072883606, 0.556696355342865, 0.4433036148548126]	0.009241104125976562	-0.12263384461402893	0.004620552062988281	-0.06131693720817566	0.4433036148548126	[10806, 10806, 10806, 10806, 10806]	[10852, 10851, 10851, 10851, 10851]		
1819.75825	1.9689999999998236	epochs															maze_arm	112.0
1821.744	7.026749999999993	epochs															feedback_and_iti	112.0
1821.744	0.9960000000000946	epochs															feedback_delay	112.0
1822.75725	1.978249999999889	epochs															feedback	112.0
1824.769	4.001749999999902	epochs															iti	112.0
1828.79175	9.333750000000009	epochs															maze	113.0
1828.79175	5.398249999999962	epochs															maze_stem	113.0
1828.81025	16.392749999999978	trials	False	False	False	False	False	False	[0.529231607913971, 0.47076842188835144, 0.52251136302948, 0.47748863697052]	0.006720229983329773	-0.051742956042289734	0.0033601224422454834	0.025871485471725464	0.529231607913971	[10895, 10895, 10895, 10894, 10894]	[10950, 10950, 10950, 10949, 10949]		
1834.2095	3.9160000000001673	epochs															maze_arm	113.0
1838.148	7.030500000000075	epochs															feedback_and_iti	113.0
1838.148	0.9887499999999818	epochs															feedback_delay	113.0
1839.15975	1.978749999999991	epochs															feedback	113.0
1841.1775	4.000999999999976	epochs															iti	113.0
1845.203	8.583250000000135	epochs															maze	114.0
1845.203	5.5437500000000455	epochs															maze_stem	114.0
1845.2255	13.77800000000002	trials	True	False	False	False	True	True	[0.5716861486434937, 0.42831385135650635, 0.572839617729187, 0.427160382270813]	-0.0011534690856933594	-0.14452576637268066	0.0005767345428466797	-0.07226288318634033	0.42831385135650635	[10993, 10993, 10993, 10993, 10993]	[11044, 11044, 11044, 11043, 11043]		
1850.76475	3.02150000000006	epochs															maze_arm	114.0
1853.80725	5.17574999999988	epochs															feedback_and_iti	114.0
1853.80725	0.9800000000000182	epochs															feedback_delay	114.0
1854.808	1.9927500000001146	epochs															feedback	114.0
1857.00475	1.978249999999889	epochs															iti	114.0
1859.0035	16.545499999999947	epochs															maze	115.0
1859.0035	10.42775000000006	epochs															maze_stem	115.0
1859.02325	23.59225000000015	trials	True	False	False	False	False	False	[0.5211883783340454, 0.4788115918636322, 0.5941928029060364, 0.4058072566986084]	-0.07300437986850739	-0.1153811663389206	-0.03650221228599548	0.057690590620040894	0.5211883783340454	[11076, 11076, 11076, 11076, 11075]	[11174, 11174, 11174, 11174, 11174]		
1869.45075	6.098250000000007	epochs															maze_arm	115.0
1875.5695	7.028249999999844	epochs															feedback_and_iti	115.0
1875.5695	0.9794999999999163	epochs															feedback_delay	115.0
1876.5705	1.9869999999998527	epochs															feedback	115.0
1878.595	4.002749999999878	epochs															iti	115.0
1882.6155	9.923749999999927	epochs															maze	116.0
1882.6155	6.018499999999904	epochs															maze_stem	116.0
1882.635	15.105749999999944	trials	False	False	False	True	False	True	[0.5267608761787415, 0.47323915362358093, 0.5691874027252197, 0.4308125972747803]	-0.042426541447639465	-0.09594826400279999	0.021213263273239136	0.04797413945198059	0.5691874027252197	[11218, 11217, 11217, 11217, 11217]	[11276, 11276, 11276, 11276, 11275]		
1888.6525	3.88675000000012	epochs															maze_arm	116.0
1892.5545	5.167000000000144	epochs															feedback_and_iti	116.0
1892.5545	0.9822500000000218	epochs															feedback_delay	116.0
1893.55625	1.9952499999999418	epochs															feedback	116.0
1895.74025	1.9812500000000455	epochs															iti	116.0
1897.74075	11.504750000000058	epochs															maze	117.0
1897.74075	9.452999999999975	epochs															maze_stem	117.0
1897.7585	16.682250000000067	trials	False	False	False	True	False	True	[0.7101212739944458, 0.2898786962032318, 0.8074740171432495, 0.1925259679555893]	-0.09735273569822311	-0.5175953134894371	0.048676371574401855	0.25879764556884766	0.8074740171432495	[11308, 11308, 11308, 11308, 11308]	[11376, 11376, 11376, 11376, 11376]		
1907.21125	2.034249999999929	epochs															maze_arm	117.0
1909.2615	5.158749999999827	epochs															feedback_and_iti	117.0
1909.2615	0.9984999999999218	epochs															feedback_delay	117.0
1910.27775	1.9760000000001128	epochs															feedback	117.0
1912.427	1.993249999999989	epochs															iti	117.0
1914.44075	12.663250000000062	epochs															maze	118.0
1914.44075	10.198750000000018	epochs															maze_stem	118.0
1914.4605	19.700250000000096	trials	False	False	False	False	False	False	[0.7536614537239075, 0.24633856117725372, 0.8389012217521667, 0.16109879314899445]	-0.08523976802825928	-0.592562660574913	-0.04261988401412964	0.2962813377380371	0.7536614537239075	[11408, 11408, 11408, 11408, 11408]	[11483, 11483, 11483, 11483, 11483]		
1924.658	2.44600000000014	epochs															maze_arm	118.0
1927.1255	7.017249999999876	epochs															feedback_and_iti	118.0
1927.1255	0.9849999999999	epochs															feedback_delay	118.0
1928.13225	1.9874999999999545	epochs															feedback	118.0
1930.15975	3.9829999999999472	epochs															iti	118.0
1934.16075	7.907999999999902	epochs															maze	119.0
1934.16075	4.624499999999898	epochs															maze_stem	119.0
1934.1795	14.939499999999953	trials	False	False	False	True	True	False	[0.6871317028999329, 0.3128683567047119, 0.7018957734107971, 0.2981041669845581]	-0.014764130115509033	-0.38902747631073	-0.007382094860076904	-0.194513738155365	0.2981041669845581	[11527, 11527, 11526, 11526, 11526]	[11573, 11573, 11573, 11573, 11572]		
1938.80375	3.2649999999998727	epochs															maze_arm	119.0
1942.086	7.0150000000001	epochs															feedback_and_iti	119.0
1942.086	0.9862499999999272	epochs															feedback_delay	119.0
1943.09	1.9864999999999782	epochs															feedback	119.0
1945.1105	3.990500000000111	epochs															iti	119.0
1949.119	8.52975000000015	epochs															maze	120.0
1949.119	5.947250000000167	epochs															maze_stem	120.0
1949.13875	13.707750000000033	trials	False	False	False	True	False	True	[0.5885846018791199, 0.41141533851623535, 0.5917295217514038, 0.4082704782485962]	-0.003144890069961548	-0.18031415343284607	0.0015724599361419678	0.09015706181526184	0.5917295217514038	[11616, 11616, 11616, 11616, 11616]	[11667, 11666, 11666, 11666, 11666]		
1955.085	2.5637500000000273	epochs															maze_arm	120.0
1957.6645	5.161749999999984	epochs															feedback_and_iti	120.0
1957.6645	0.9874999999999545	epochs															feedback_delay	120.0
1958.66775	1.9862499999999272	epochs															feedback	120.0
1960.85075	1.975500000000011	epochs															iti	120.0
1962.8465	15.888499999999794	epochs															maze	121.0
1962.8465	8.722749999999905	epochs															maze_stem	121.0
1962.86525	22.935249999999996	trials	True	False	False	False	False	False	[0.6924459338188171, 0.3075540363788605, 0.820865273475647, 0.17913469672203064]	-0.12841933965682983	-0.5133112370967865	-0.06420966982841492	0.25665560364723206	0.6924459338188171	[11699, 11699, 11698, 11698, 11698]	[11793, 11793, 11793, 11792, 11792]		
1971.59125	7.1437499999999545	epochs															maze_arm	121.0
1978.75625	7.022000000000162	epochs															feedback_and_iti	121.0
1978.75625	0.9852500000001783	epochs															feedback_delay	121.0
1979.76025	1.984749999999849	epochs															feedback	121.0
1981.78325	3.9950000000001182	epochs															iti	121.0
1985.8005	7.196999999999889	epochs															maze	122.0
1985.8005	5.036499999999933	epochs															maze_stem	122.0
1985.822	14.24850000000015	trials	True	False	False	False	False	False	[0.6551234126091003, 0.34487655758857727, 0.6531689167022705, 0.3468310236930847]	0.00195448100566864	-0.30829237401485443	0.000977247953414917	0.15414616465568542	0.6551234126091003	[11836, 11836, 11836, 11836, 11836]	[11879, 11878, 11878, 11878, 11878]		
1990.8575	2.1399999999998727	epochs															maze_arm	122.0
1993.0165	7.032000000000153	epochs															feedback_and_iti	122.0
1993.0165	0.9964999999999691	epochs															feedback_delay	122.0
1994.03375	1.981499999999869	epochs															feedback	122.0
1996.05325	3.995250000000169	epochs															iti	122.0
2000.0705	8.307000000000016	epochs															maze	123.0
2000.0705	5.414749999999913	epochs															maze_stem	123.0
2000.091	13.48350000000005	trials	True	False	False	True	False	True	[0.6953491568565369, 0.3046508729457855, 0.7225387096405029, 0.2774612605571747]	-0.027189582586288452	-0.4178878664970398	0.013594776391983032	0.2089439332485199	0.7225387096405029	[11922, 11922, 11921, 11921, 11921]	[11971, 11971, 11970, 11970, 11970]		
2005.505	2.8724999999999454	epochs															maze_arm	123.0
2008.40275	5.150250000000142	epochs															feedback_and_iti	123.0
2008.40275	0.9929999999999382	epochs															feedback_delay	123.0
2009.4155	1.9645000000000437	epochs															feedback	123.0
2011.581	1.9720000000002074	epochs															iti	123.0
2013.5745	11.182250000000067	epochs															maze	124.0
2013.5745	7.541750000000093	epochs															maze_stem	124.0
2013.59975	18.211499999999887	trials	False	False	False	True	True	False	[0.7812020182609558, 0.21879799664020538, 0.8297011256217957, 0.17029885947704315]	-0.04849912226200104	-0.6109031438827515	-0.024249568581581116	-0.30545157194137573	0.17029885947704315	[12003, 12003, 12002, 12002, 12002]	[12069, 12069, 12069, 12068, 12068]		
2021.13475	3.622000000000071	epochs															maze_arm	124.0
2024.775	7.014749999999822	epochs															feedback_and_iti	124.0
2024.775	0.9849999999999	epochs															feedback_delay	124.0
2025.78075	1.9855000000000018	epochs															feedback	124.0
2027.802	3.9877500000000055	epochs															iti	124.0
2031.81125	9.872250000000122	epochs															maze	125.0
2031.81125	4.973750000000109	epochs															maze_stem	125.0
2031.8315	15.04600000000005	trials	True	False	False	False	True	True	[0.6112416982650757, 0.38875827193260193, 0.6369110345840454, 0.3630889654159546]	-0.025669321417808533	-0.2481527477502823	0.01283465325832367	-0.12407638132572174	0.38875827193260193	[12112, 12112, 12112, 12112, 12111]	[12170, 12170, 12170, 12170, 12170]		
2036.806	4.877500000000055	epochs															maze_arm	125.0
2041.7045	5.152499999999918	epochs															feedback_and_iti	125.0
2041.7045	0.9809999999999945	epochs															feedback_delay	125.0
2042.70625	1.9880000000000564	epochs															feedback	125.0
2044.8755	1.981499999999869	epochs															iti	125.0
2046.8775	10.308250000000044	epochs															maze	126.0
2046.8775	6.238749999999982	epochs															maze_stem	126.0
2046.8975	15.50799999999981	trials	True	False	False	True	False	True	[0.4746496379375458, 0.5253503322601318, 0.6300698518753052, 0.3699301779270172]	-0.155420184135437	-0.10471948981285095	0.0777101069688797	0.052359744906425476	0.6300698518753052	[12203, 12202, 12202, 12202, 12202]	[12263, 12263, 12263, 12263, 12263]		
2053.13675	4.048999999999978	epochs															maze_arm	126.0
2057.2065	5.179000000000087	epochs															feedback_and_iti	126.0
2057.2065	0.9795000000003711	epochs															feedback_delay	126.0
2058.207	1.987500000000182	epochs															feedback	126.0
2060.39375	1.9917499999996835	epochs															iti	126.0
2062.4055	11.233750000000327	epochs															maze	127.0
2062.4055	8.471000000000004	epochs															maze_stem	127.0
2062.4315	16.41300000000001	trials	True	False	False	True	False	True	[0.6525420546531677, 0.3474579155445099, 0.7791178822517395, 0.2208821326494217]	-0.12657580524683	-0.4316599443554878	0.06328791379928589	0.2158299684524536	0.7791178822517395	[12296, 12295, 12295, 12295, 12295]	[12362, 12362, 12362, 12361, 12361]		
2070.89875	2.7405000000003383	epochs															maze_arm	127.0
2073.65975	5.162500000000364	epochs															feedback_and_iti	127.0
2073.65975	0.9945000000002437	epochs															feedback_delay	127.0
2074.67775	1.9729999999999563	epochs															feedback	127.0
2076.83775	1.9845000000000255	epochs															iti	127.0
2078.8445	8.058999999999742	epochs															maze	128.0
2078.8445	5.835999999999785	epochs															maze_stem	128.0
2078.86475	13.240999999999985	trials	False	False	False	False	True	True	[0.707754373550415, 0.29224565625190735, 0.8071994781494141, 0.19280053675174713]	-0.09944511204957962	-0.5149538293480873	0.04972255975008011	-0.25747690349817276	0.29224565625190735	[12394, 12394, 12394, 12394, 12393]	[12442, 12441, 12441, 12441, 12441]		
2084.70125	2.2022499999998217	epochs															maze_arm	128.0
2086.92675	5.158500000000004	epochs															feedback_and_iti	128.0
2086.92675	0.9877499999997781	epochs															feedback_delay	128.0
2087.93625	1.9692499999996471	epochs															feedback	128.0
2090.124	1.961250000000291	epochs															iti	128.0
2092.10575	12.129749999999603	epochs															maze	129.0
2092.10575	8.645499999999629	epochs															maze_stem	129.0
2092.12625	19.169250000000375	trials	False	False	False	False	False	False	[0.4076564311981201, 0.5923436284065247, 0.7073007225990295, 0.29269930720329285]	-0.2996443063020706	-0.11495710909366608	-0.1498221457004547	0.05747857689857483	0.4076564311981201	[12474, 12473, 12473, 12473, 12473]	[12545, 12545, 12545, 12545, 12545]		
2100.7705	3.4649999999996908	epochs															maze_arm	129.0
2104.25725	7.012249999999767	epochs															feedback_and_iti	129.0
2104.25725	0.9997499999999491	epochs															feedback_delay	129.0
2105.279	1.9589999999998327	epochs															feedback	129.0
2107.27875	3.9907499999999345	epochs															iti	129.0
2111.2955	14.643749999999727	epochs															maze	130.0
2111.2955	6.224249999999756	epochs															maze_stem	130.0
2111.32325	19.827749999999924	trials	True	False	False	True	False	True	[0.5469115972518921, 0.4530884325504303, 0.6938590407371521, 0.3061409294605255]	-0.1469474732875824	-0.2407706379890442	0.07347372174263	0.1203853189945221	0.6938590407371521	[12589, 12589, 12588, 12588, 12588]	[12676, 12675, 12675, 12675, 12675]		
2117.539	8.400249999999687	epochs															maze_arm	130.0
2125.96025	5.169499999999971	epochs															feedback_and_iti	130.0
2125.96025	0.9972499999998945	epochs															feedback_delay	130.0
2126.97975	1.96875	epochs															feedback	130.0
2129.1345	1.9952499999999418	epochs															iti	130.0
2131.151	12.759750000000167	epochs															maze	131.0
2131.151	8.657250000000204	epochs															maze_stem	131.0
2131.1705	19.805249999999887	trials	False	False	False	False	False	False	[0.5858162045478821, 0.4141837954521179, 0.8033715486526489, 0.19662843644618988]	-0.21755535155534744	-0.3891877606511116	-0.10877767205238342	0.1945938766002655	0.5858162045478821	[12708, 12708, 12707, 12707, 12707]	[12783, 12783, 12783, 12783, 12783]		
2139.828	4.082750000000033	epochs															maze_arm	131.0
2143.93275	7.01825000000008	epochs															feedback_and_iti	131.0
2143.93275	0.9997499999999491	epochs															feedback_delay	131.0
2144.955	1.9682499999998981	epochs															feedback	131.0
2146.96875	3.982250000000022	epochs															iti	131.0
2150.97575	8.166749999999865	epochs															maze	132.0
2150.97575	6.10550000000012	epochs															maze_stem	132.0
2151.001	13.336499999999887	trials	False	False	False	True	False	True	[0.6707640886306763, 0.32923591136932373, 0.7783418893814087, 0.2216581255197525]	-0.10757779330015182	-0.44910597056150436	0.05378890037536621	0.22455298900604248	0.7783418893814087	[12827, 12826, 12826, 12826, 12826]	[12875, 12874, 12874, 12874, 12874]		
2157.09925	2.0432499999997162	epochs															maze_arm	132.0
2159.15775	5.160000000000309	epochs															feedback_and_iti	132.0
2159.15775	0.98700000000008	epochs															feedback_delay	132.0
2160.16	1.9887499999999818	epochs															feedback	132.0
2162.338	1.9797499999999673	epochs															iti	132.0
2164.3375	9.129500000000007	epochs															maze	133.0
2164.3375	7.064499999999953	epochs															maze_stem	133.0
2164.35625	16.16175000000021	trials	False	False	False	True	True	False	[0.690008819103241, 0.3099912106990814, 0.8511661291122437, 0.14883391559123993]	-0.1611573025584221	-0.5411749109625816	-0.08057864755392075	-0.2705874368548393	0.14883391559123993	[12907, 12907, 12906, 12906, 12906]	[12961, 12960, 12960, 12960, 12960]		
2171.4245	2.042500000000018	epochs															maze_arm	133.0
2173.48375	7.0157500000000255	epochs															feedback_and_iti	133.0
2173.48375	0.9852500000001783	epochs															feedback_delay	133.0
2174.486	1.9880000000002838	epochs															feedback	133.0
2176.509	3.9904999999998836	epochs															iti	133.0
2180.518	7.930749999999989	epochs															maze	134.0
2180.518	4.748999999999796	epochs															maze_stem	134.0
2180.53675	13.106999999999971	trials	False	False	False	True	False	True	[0.5743706226348877, 0.4256294071674347, 0.6466683745384216, 0.35333162546157837]	-0.07229776680469513	-0.22103898227214813	0.03614887595176697	0.11051949858665466	0.6466683745384216	[13004, 13004, 13003, 13003, 13003]	[13050, 13050, 13050, 13050, 13050]		
2185.2855	3.163250000000062	epochs															maze_arm	134.0
2188.46475	5.160249999999905	epochs															feedback_and_iti	134.0
2188.46475	0.9839999999999236	epochs															feedback_delay	134.0
2189.466	1.9855000000002292	epochs															feedback	134.0
2191.64525	1.9797499999999673	epochs															iti	134.0
2193.64375	9.847749999999905	epochs															maze	135.0
2193.64375	7.5222499999999854	epochs															maze_stem	135.0
2193.66075	15.0300000000002	trials	False	False	False	True	False	True	[0.6143495440483093, 0.38565048575401306, 0.8408887982368469, 0.15911124646663666]	-0.226539246737957	-0.45523830503225327	0.1132696270942688	0.22761917114257812	0.8408887982368469	[13082, 13082, 13082, 13082, 13082]	[13141, 13140, 13140, 13140, 13140]		
2201.1845	2.3070000000002437	epochs															maze_arm	135.0
2203.50825	5.160750000000007	epochs															feedback_and_iti	135.0
2203.50825	0.9855000000002292	epochs															feedback_delay	135.0
2204.509	1.9897500000001855	epochs															feedback	135.0
2206.67575	1.993249999999989	epochs															iti	135.0
2208.69075	13.814249999999902	epochs															maze	136.0
2208.69075	7.118749999999636	epochs															maze_stem	136.0
2208.71075	19.00099999999975	trials	True	False	False	True	False	True	[0.6742903590202332, 0.32570964097976685, 0.8396620750427246, 0.1603379249572754]	-0.16537171602249146	-0.5139524340629578	0.08268585801124573	0.2569762170314789	0.8396620750427246	[13173, 13172, 13172, 13172, 13172]	[13255, 13254, 13254, 13254, 13254]		
2215.8305	6.67450000000008	epochs															maze_arm	136.0
2222.5295	5.160750000000007	epochs															feedback_and_iti	136.0
2222.5295	0.9902499999998327	epochs															feedback_delay	136.0
2223.54025	1.9692500000001019	epochs															feedback	136.0
2225.6955	1.9947500000002947	epochs															iti	136.0
2227.71175	10.295750000000226	epochs															maze	137.0
2227.71175	8.037000000000262	epochs															maze_stem	137.0
2227.7325	17.33824999999979	trials	False	False	False	False	False	False	[0.6676771640777588, 0.3323228359222412, 0.8143398761749268, 0.18566007912158966]	-0.14666273444890976	-0.48201706260442734	-0.07333135604858398	0.24100852012634277	0.6676771640777588	[13287, 13286, 13286, 13286, 13286]	[13347, 13347, 13347, 13347, 13347]		
2235.76725	2.2402500000002874	epochs															maze_arm	137.0
2238.0285	7.02475000000004	epochs															feedback_and_iti	137.0
2238.0285	0.98174999999992	epochs															feedback_delay	137.0
2239.033	1.9954999999999927	epochs															feedback	137.0
2241.0665	3.986750000000029	epochs															iti	137.0
2245.07075	9.759250000000065	epochs															maze	138.0
2245.07075	5.576250000000073	epochs															maze_stem	138.0
2245.09275	14.958250000000135	trials	False	False	False	True	False	True	[0.7052659392356873, 0.29473403096199036, 0.7824683785438538, 0.21753163635730743]	-0.07720241695642471	-0.4877343252301216	0.03860121965408325	0.2438671588897705	0.7824683785438538	[13391, 13391, 13390, 13390, 13390]	[13448, 13448, 13448, 13448, 13448]		
2250.6635	4.1664999999998145	epochs															maze_arm	138.0
2254.854	5.176500000000033	epochs															feedback_and_iti	138.0
2254.854	0.993750000000091	epochs															feedback_delay	138.0
2255.8645	1.9890000000000327	epochs															feedback	138.0
2258.0375	1.9929999999999382	epochs															iti	138.0
2260.051	11.19900000000007	epochs															maze	139.0
2260.051	7.762250000000222	epochs															maze_stem	139.0
2260.06875	18.237500000000182	trials	False	False	False	True	True	False	[0.725878894329071, 0.27412110567092896, 0.8523002862930298, 0.14769968390464783]	-0.12642140686511993	-0.578179195523262	-0.06321071088314056	-0.2890896052122116	0.14769968390464783	[13481, 13480, 13480, 13480, 13480]	[13547, 13547, 13546, 13546, 13546]		
2267.83625	3.4137500000001637	epochs															maze_arm	139.0
2271.26625	7.017499999999927	epochs															feedback_and_iti	139.0
2271.26625	0.9854999999997744	epochs															feedback_delay	139.0
2272.26825	1.9874999999997272	epochs															feedback	139.0
2274.289	3.99474999999984	epochs															iti	139.0
2278.30625	7.7289999999998145	epochs															maze	140.0
2278.30625	4.713249999999789	epochs															maze_stem	140.0
2278.33025	12.925499999999829	trials	True	False	False	False	True	True	[0.5932340025901794, 0.40676596760749817, 0.6475005149841309, 0.35249948501586914]	-0.05426649749279022	-0.2407345324754715	0.027133241295814514	-0.12036727368831635	0.40676596760749817	[13590, 13590, 13590, 13589, 13589]	[13635, 13635, 13635, 13635, 13635]		
2283.039	2.9962499999996908	epochs															maze_arm	140.0
2286.0575	5.176249999999982	epochs															feedback_and_iti	140.0
2286.0575	0.9960000000000946	epochs															feedback_delay	140.0
2287.075	1.9815000000003238	epochs															feedback	140.0
2289.24775	1.9859999999998763	epochs															iti	140.0
2291.25575	12.728750000000218	epochs															maze	141.0
2291.25575	6.305500000000393	epochs															maze_stem	141.0
2291.2775	17.91274999999996	trials	False	False	False	False	True	True	[0.4158901870250702, 0.5841098427772522, 0.6629283428192139, 0.3370716869831085]	-0.24703815579414368	-0.07881850004196167	0.12351907789707184	-0.03940923511981964	0.5841098427772522	[13668, 13667, 13667, 13667, 13667]	[13743, 13743, 13743, 13742, 13742]		
2297.58225	6.402250000000095	epochs															maze_arm	141.0
2304.006	5.1652500000000146	epochs															feedback_and_iti	141.0
2304.006	0.9830000000001746	epochs															feedback_delay	141.0
2305.0125	1.9840000000003783	epochs															feedback	141.0
2307.19	1.981249999999818	epochs															iti	141.0
2309.19025	15.475500000000011	epochs															maze	142.0
2309.19025	7.866500000000087	epochs															maze_stem	142.0
2309.20875	20.662250000000313	trials	False	False	False	True	False	True	[0.3329017758369446, 0.6670982241630554, 0.6165422797203064, 0.383457750082016]	-0.2836404889822006	0.05055595934391022	0.1418202519416809	-0.02527797222137451	0.6165422797203064	[13775, 13775, 13775, 13775, 13774]	[13867, 13867, 13867, 13866, 13866]		
2317.07525	7.590500000000247	epochs															maze_arm	142.0
2324.68525	5.164499999999862	epochs															feedback_and_iti	142.0
2324.68525	0.9825000000000728	epochs															feedback_delay	142.0
2325.68575	1.9862499999999272	epochs															feedback	142.0
2327.86475	1.9849999999996726	epochs															iti	142.0
2329.871	13.63000000000011	epochs															maze	143.0
2329.871	10.737999999999829	epochs															maze_stem	143.0
2329.89175	20.680500000000393	trials	False	False	False	False	False	False	[0.5088229775428772, 0.4911770224571228, 0.7901102304458618, 0.20988984405994415]	-0.28128721565008163	-0.29893317073583603	-0.1406436264514923	0.1494666039943695	0.5088229775428772	[13899, 13899, 13899, 13899, 13898]	[13980, 13980, 13980, 13979, 13979]		
2340.62875	2.8722500000003492	epochs															maze_arm	143.0
2343.52375	7.028500000000349	epochs															feedback_and_iti	143.0
2343.52375	0.9965000000001965	epochs															feedback_delay	143.0
2344.54325	1.975749999999607	epochs															feedback	143.0
2346.5585	3.993750000000091	epochs															iti	143.0
2350.57225	7.618999999999687	epochs															maze	144.0
2350.57225	4.991499999999633	epochs															maze_stem	144.0
2350.59275	14.66150000000016	trials	False	False	False	False	False	False	[0.6053034067153931, 0.3946966528892517, 0.7024332284927368, 0.29756680130958557]	-0.09712983667850494	-0.3077365905046463	-0.048564910888671875	0.15386831760406494	0.6053034067153931	[14023, 14023, 14023, 14023, 14022]	[14068, 14068, 14068, 14067, 14067]		
2355.58425	2.606999999999971	epochs															maze_arm	144.0
2358.21275	7.02074999999968	epochs															feedback_and_iti	144.0
2358.21275	0.9884999999999309	epochs															feedback_delay	144.0
2359.22425	1.9769999999998618	epochs															feedback	144.0
2361.2385	3.994999999999891	epochs															iti	144.0
2365.25425	7.495499999999993	epochs															maze	145.0
2365.25425	4.849749999999858	epochs															maze_stem	145.0
2365.275	14.546749999999975	trials	False	False	False	False	False	False	[0.6548568606376648, 0.34514307975769043, 0.7253152132034302, 0.2746847867965698]	-0.070458322763443	-0.38017210364341736	-0.03522917628288269	0.19008603692054749	0.6548568606376648	[14111, 14111, 14111, 14111, 14110]	[14155, 14155, 14155, 14155, 14154]		
2370.1225	2.6272500000000036	epochs															maze_arm	145.0
2372.76975	7.0222499999999854	epochs															feedback_and_iti	145.0
2372.76975	0.9839999999999236	epochs															feedback_delay	145.0
2373.77575	1.9880000000002838	epochs															feedback	145.0
2375.80425	3.987749999999778	epochs															iti	145.0
2379.82175	10.237250000000131	epochs															maze	146.0
2379.82175	6.8787499999998545	epochs															maze_stem	146.0
2379.84625	17.26474999999982	trials	False	False	False	False	False	False	[0.6955365538597107, 0.3044635057449341, 0.758522093296051, 0.24147796630859375]	-0.06298553943634033	-0.45405858755111694	-0.031492769718170166	0.22702932357788086	0.6955365538597107	[14199, 14198, 14198, 14198, 14198]	[14259, 14259, 14259, 14258, 14258]		
2386.72375	3.3352500000000873	epochs															maze_arm	146.0
2390.08075	7.009749999999713	epochs															feedback_and_iti	146.0
2390.08075	0.9832499999997708	epochs															feedback_delay	146.0
2391.087	1.981499999999869	epochs															feedback	146.0
2393.1075	3.98299999999972	epochs															iti	146.0
2397.111	7.2487500000002	epochs															maze	147.0
2397.111	4.542249999999967	epochs															maze_stem	147.0
2397.1315	14.286000000000058	trials	False	False	False	False	False	False	[0.726311206817627, 0.27368876338005066, 0.7803696990013123, 0.21963033080101013]	-0.054058462381362915	-0.5066809058189392	-0.02702924609184265	0.2533404529094696	0.726311206817627	[14302, 14302, 14302, 14302, 14301]	[14345, 14345, 14344, 14344, 14344]		
2401.67275	2.686999999999898	epochs															maze_arm	147.0
2404.3815	7.016999999999825	epochs															feedback_and_iti	147.0
2404.3815	0.9867500000000291	epochs															feedback_delay	147.0
2405.393	1.9727499999999054	epochs															feedback	147.0
2407.407	3.9914999999996326	epochs															iti	147.0
2411.4175	7.123250000000098	epochs															maze	148.0
2411.4175	4.16150000000016	epochs															maze_stem	148.0
2411.438	12.319500000000062	trials	False	False	False	False	True	True	[0.7521154880523682, 0.24788449704647064, 0.7991721630096436, 0.20082789659500122]	-0.047056637704372406	-0.5512876287102699	0.02352830022573471	-0.27564380317926407	0.24788449704647064	[14388, 14388, 14388, 14387, 14387]	[14430, 14430, 14429, 14429, 14429]		
2415.59975	2.9410000000002583	epochs															maze_arm	148.0
2418.56525	5.1717499999999745	epochs															feedback_and_iti	148.0
2418.56525	0.9842499999999745	epochs															feedback_delay	148.0
2419.5695	1.9797499999999673	epochs															feedback	148.0
2421.74975	1.987250000000131	epochs															iti	148.0
2423.7575	9.374249999999847	epochs															maze	149.0
2423.7575	6.607749999999669	epochs															maze_stem	149.0
2423.778	16.427250000000186	trials	False	False	False	False	False	False	[0.5366787314414978, 0.4633212685585022, 0.7362391948699951, 0.2637607455253601]	-0.1995604932308197	-0.2729179561138153	-0.09978023171424866	0.13645896315574646	0.5366787314414978	[14462, 14462, 14462, 14461, 14461]	[14517, 14517, 14517, 14517, 14517]		
2430.38875	2.742999999999938	epochs															maze_arm	149.0
2433.158	7.026749999999993	epochs															feedback_and_iti	149.0
2433.158	0.9967500000002474	epochs															feedback_delay	149.0
2434.1765	1.981999999999971	epochs															feedback	149.0
2436.19875	3.9859999999998763	epochs															iti	149.0
2440.20525	7.648000000000138	epochs															maze	150.0
2440.20525	4.599999999999909	epochs															maze_stem	150.0
2440.2265	12.844249999999647	trials	False	False	False	False	True	True	[0.6428142786026001, 0.3571857213973999, 0.7309896945953369, 0.2690103054046631]	-0.08817541599273682	-0.373803973197937	0.04408770799636841	-0.1869019865989685	0.3571857213973999	[14561, 14560, 14560, 14560, 14560]	[14606, 14605, 14605, 14605, 14605]		
2444.82625	3.0270000000000437	epochs															maze_arm	150.0
2447.87275	5.178750000000036	epochs															feedback_and_iti	150.0
2447.87275	0.9812499999998181	epochs															feedback_delay	150.0
2448.87575	1.9890000000000327	epochs															feedback	150.0
2451.0615	1.9900000000002365	epochs															iti	150.0
2453.07075	8.497749999999996	epochs															maze	151.0
2453.07075	6.19275000000016	epochs															maze_stem	151.0
2453.09125	15.531500000000051	trials	False	False	False	False	False	False	[0.440849632024765, 0.5591503977775574, 0.6962600946426392, 0.30373990535736084]	-0.25541047751903534	-0.13710971176624298	-0.12770523130893707	0.06855486333370209	0.440849632024765	[14638, 14638, 14637, 14637, 14637]	[14688, 14688, 14687, 14687, 14687]		
2459.284	2.2844999999997526	epochs															maze_arm	151.0
2461.59225	7.012249999999767	epochs															feedback_and_iti	151.0
2461.59225	0.9797499999999673	epochs															feedback_delay	151.0
2462.5945	1.9767499999998108	epochs															feedback	151.0
2464.611	3.99350000000004	epochs															iti	151.0
2468.62275	9.262499999999818	epochs															maze	152.0
2468.62275	6.922500000000127	epochs															maze_stem	152.0
2468.6415	16.293249999999716	trials	False	False	False	True	True	False	[0.6012048721313477, 0.39879509806632996, 0.7250881195068359, 0.27491191029548645]	-0.1238832175731659	-0.3262929916381836	-0.06194159388542175	-0.1631464958190918	0.27491191029548645	[14731, 14731, 14731, 14730, 14730]	[14786, 14785, 14785, 14785, 14785]		
2475.56175	2.3234999999999673	epochs															maze_arm	152.0
2477.90225	7.013750000000073	epochs															feedback_and_iti	152.0
2477.90225	0.9854999999997744	epochs															feedback_delay	152.0
2478.90425	1.993249999999989	epochs															feedback	152.0
2480.93175	3.9842499999999745	epochs															iti	152.0
2484.93475	10.851250000000164	epochs															maze	153.0
2484.93475	5.565500000000156	epochs															maze_stem	153.0
2484.95325	16.034000000000106	trials	False	False	False	True	False	True	[0.540695071220398, 0.45930492877960205, 0.6025875210762024, 0.39741241931915283]	-0.06189247965812683	-0.14328262209892273	0.03094622492790222	0.07164129614830017	0.6025875210762024	[14829, 14829, 14828, 14828, 14828]	[14893, 14893, 14893, 14892, 14892]		
2490.52925	5.256750000000011	epochs															maze_arm	153.0
2495.8025	5.163250000000062	epochs															feedback_and_iti	153.0
2495.8025	0.9950000000003456	epochs															feedback_delay	153.0
2496.8135	1.9779999999996107	epochs															feedback	153.0
2498.9885	1.9772499999999127	epochs															iti	153.0
2500.98725	15.074249999999665	epochs															maze	154.0
2500.98725	7.125749999999698	epochs															maze_stem	154.0
2501.00775	20.25949999999966	trials	True	False	False	True	False	True	[0.5827215313911438, 0.4172784686088562, 0.8334900140762329, 0.1665099859237671]	-0.2507684826850891	-0.4162115454673767	0.12538424134254456	0.20810577273368835	0.8334900140762329	[14925, 14925, 14925, 14924, 14924]	[15014, 15014, 15014, 15014, 15014]		
2508.13275	7.928749999999582	epochs															maze_arm	154.0
2516.0825	5.1664999999998145	epochs															feedback_and_iti	154.0
2516.0825	0.9909999999999854	epochs															feedback_delay	154.0
2517.094	1.9712500000000546	epochs															feedback	154.0
2519.257	1.9919999999997344	epochs															iti	154.0
2521.26725	9.850750000000062	epochs															maze	155.0
2521.26725	7.1957500000003165	epochs															maze_stem	155.0
2521.28775	15.045500000000175	trials	False	False	False	True	False	True	[0.6460052132606506, 0.3539947271347046, 0.8074014782905579, 0.19259856641292572]	-0.16139621287584305	-0.4534066990017891	0.08069813251495361	0.22670334577560425	0.8074014782905579	[15047, 15046, 15046, 15046, 15046]	[15105, 15105, 15104, 15104, 15104]		
2528.48125	2.63675000000012	epochs															maze_arm	155.0
2531.135	5.174499999999625	epochs															feedback_and_iti	155.0
2531.135	0.9847499999996217	epochs															feedback_delay	155.0
2532.1375	1.99225000000024	epochs															feedback	155.0
2534.3135	1.9959999999996398	epochs															iti	155.0
2536.33325	10.315000000000055	epochs															maze	156.0
2536.33325	7.730250000000069	epochs															maze_stem	156.0
2536.3555	15.52475000000004	trials	True	False	False	True	False	True	[0.6870672702789307, 0.31293267011642456, 0.8585320711135864, 0.1414678692817688]	-0.17146480083465576	-0.5455994009971619	0.08573240041732788	0.27279967069625854	0.8585320711135864	[15137, 15137, 15137, 15136, 15136]	[15198, 15198, 15197, 15197, 15197]		
2544.083	2.5652500000001055	epochs															maze_arm	156.0
2546.6675	5.1909999999998035	epochs															feedback_and_iti	156.0
2546.6675	0.9920000000001892	epochs															feedback_delay	156.0
2547.68025	1.98174999999992	epochs															feedback	156.0
2549.8765	1.981999999999971	epochs															iti	156.0
2551.88025	11.824749999999767	epochs															maze	157.0
2551.88025	8.481999999999971	epochs															maze_stem	157.0
2551.90225	17.014999999999873	trials	True	False	False	False	True	True	[0.6683627963066101, 0.3316371738910675, 0.8131024241447449, 0.18689754605293274]	-0.14473962783813477	-0.48146525025367737	0.07236981391906738	-0.24073264002799988	0.3316371738910675	[15230, 15230, 15230, 15230, 15229]	[15300, 15300, 15300, 15300, 15299]		
2560.38175	3.3232499999999163	epochs															maze_arm	157.0
2563.7265	5.171999999999571	epochs															feedback_and_iti	157.0
2563.7265	0.9809999999997672	epochs															feedback_delay	157.0
2564.73075	1.9822500000000218	epochs															feedback	157.0
2566.91275	1.9857499999998254	epochs															iti	157.0
2568.91725	9.244500000000244	epochs															maze	158.0
2568.91725	6.695000000000164	epochs															maze_stem	158.0
2568.9365	14.467750000000251	trials	False	False	False	True	False	True	[0.41072627902030945, 0.5892737507820129, 0.7542226910591125, 0.24577729403972626]	-0.3434964343905449	-0.1649489626288414	0.17174820601940155	0.082474485039711	0.7542226910591125	[15332, 15332, 15332, 15332, 15332]	[15387, 15387, 15386, 15386, 15386]		
2575.6305	2.53125	epochs															maze_arm	158.0
2578.17925	5.20174999999972	epochs															feedback_and_iti	158.0
2578.17925	0.9825000000000728	epochs															feedback_delay	158.0
2579.17925	1.993249999999989	epochs															feedback	158.0
2581.41525	1.9657499999998436	epochs															iti	158.0
2583.40425	9.734249999999975	epochs															maze	159.0
2583.40425	7.151749999999993	epochs															maze_stem	159.0
2583.427	14.925249999999778	trials	True	False	False	False	True	True	[0.585627555847168, 0.41437244415283203, 0.8178533911705017, 0.1821466088294983]	-0.23222583532333374	-0.4034809470176697	0.11611291766166687	-0.20174047350883484	0.41437244415283203	[15419, 15419, 15419, 15419, 15418]	[15477, 15476, 15476, 15476, 15476]		
2590.5745	2.563999999999851	epochs															maze_arm	159.0
2593.16	5.171250000000327	epochs															feedback_and_iti	159.0
2593.16	0.9909999999999854	epochs															feedback_delay	159.0
2594.17075	1.9874999999997272	epochs															feedback	159.0
2596.3385	1.992750000000342	epochs															iti	159.0
2598.35225	10.409500000000207	epochs															maze	160.0
2598.35225	7.817000000000007	epochs															maze_stem	160.0
2598.37125	15.608749999999873	trials	False	False	False	False	True	True	[0.3866026997566223, 0.6133973002433777, 0.693960428237915, 0.30603960156440735]	-0.30735771358013153	-0.08056311309337616	0.15367884933948517	-0.04028154909610748	0.6133973002433777	[15509, 15509, 15508, 15508, 15508]	[15570, 15570, 15570, 15570, 15569]		
2606.18925	2.5725000000002183	epochs															maze_arm	160.0
2608.7845	5.174999999999727	epochs															feedback_and_iti	160.0
2608.7845	0.9962499999996908	epochs															feedback_delay	160.0
2609.80275	1.9785000000001673	epochs															feedback	160.0
2611.96925	1.9902499999998327	epochs															iti	160.0
2613.98	9.620499999999993	epochs															maze	161.0
2613.98	7.135999999999967	epochs															maze_stem	161.0
2614.00075	14.806749999999738	trials	False	False	False	False	True	True	[0.2967914044857025, 0.7032086253166199, 0.6638664603233337, 0.33613353967666626]	-0.3670750707387924	0.03934215009212494	0.1835375428199768	0.019671082496643066	0.7032086253166199	[15602, 15602, 15602, 15602, 15602]	[15659, 15659, 15659, 15659, 15658]		
2621.13575	2.4647500000000946	epochs															maze_arm	161.0
2623.6215	5.164999999999964	epochs															feedback_and_iti	161.0
2623.6215	0.9904999999998836	epochs															feedback_delay	161.0
2624.63475	1.9837499999998727	epochs															feedback	161.0
2626.82475	1.9617499999999382	epochs															iti	161.0
2628.8075	11.914749999999913	epochs															maze	162.0
2628.8075	7.5590000000001965	epochs															maze_stem	162.0
2628.8285	17.09375	trials	False	False	False	False	True	True	[0.25304925441741943, 0.7469507455825806, 0.6523301601409912, 0.3476698696613312]	-0.3992808908224106	0.09462060034275055	0.1996404379606247	0.04731030762195587	0.7469507455825806	[15691, 15691, 15691, 15691, 15691]	[15762, 15762, 15761, 15761, 15761]		
2636.3865	4.335749999999734	epochs															maze_arm	162.0
2640.744	5.158999999999651	epochs															feedback_and_iti	162.0
2640.744	0.9994999999998981	epochs															feedback_delay	162.0
2641.76525	1.9647500000000946	epochs															feedback	162.0
2643.91725	1.9857499999998254	epochs															iti	162.0
2645.92225	10.335500000000138	epochs															maze	163.0
2645.92225	6.819999999999709	epochs															maze_stem	163.0
2645.9425	15.525249999999687	trials	False	False	False	False	True	True	[0.2232668697834015, 0.7767331600189209, 0.6485611796379089, 0.3514387905597687]	-0.42529433965682983	0.12817195057868958	0.2126471847295761	0.06408597528934479	0.7767331600189209	[15794, 15794, 15794, 15793, 15793]	[15855, 15855, 15855, 15854, 15854]		
2652.7625	3.4952500000003965	epochs															maze_arm	163.0
2656.281	5.167750000000069	epochs															feedback_and_iti	163.0
2656.281	0.9980000000000473	epochs															feedback_delay	163.0
2657.307	1.9632500000002437	epochs															feedback	163.0
2659.45875	1.9900000000002365	epochs															iti	163.0
2661.46775	9.59875000000011	epochs															maze	164.0
2661.46775	6.10550000000012	epochs															maze_stem	164.0
2661.488	16.647249999999985	trials	True	False	False	True	True	False	[0.2021608203649521, 0.7978391647338867, 0.649795413017273, 0.35020455718040466]	-0.44763460010290146	0.14804374426603317	-0.22381730377674103	0.07402186095714569	0.35020455718040466	[15887, 15887, 15887, 15887, 15886]	[15944, 15944, 15943, 15943, 15943]		
2667.597	3.469499999999698	epochs															maze_arm	164.0
2671.08775	7.014999999999873	epochs															feedback_and_iti	164.0
2671.08775	0.9947499999998399	epochs															feedback_delay	164.0
2672.106	1.9617499999999382	epochs															feedback	164.0
2674.107	3.9957500000000437	epochs															iti	164.0
2678.13525	9.736250000000382	epochs															maze	165.0
2678.13525	5.288750000000164	epochs															maze_stem	165.0
2678.15975	14.938750000000255	trials	True	False	False	False	True	True	[0.3605145812034607, 0.6394854187965393, 0.5207045078277588, 0.4792955219745636]	-0.1601899117231369	0.11878092586994171	0.08009494841098785	0.05939047038555145	0.6394854187965393	[15987, 15987, 15987, 15987, 15986]	[16045, 16044, 16044, 16044, 16044]		
2683.44375	4.427750000000287	epochs															maze_arm	165.0
2687.892	5.1862500000002	epochs															feedback_and_iti	165.0
2687.892	0.9947500000002947	epochs															feedback_delay	165.0
2688.90775	1.9825000000000728	epochs															feedback	165.0
2691.08475	1.99350000000004	epochs															iti	165.0
2693.0985	9.661999999999807	epochs															maze	166.0
2693.0985	6.937750000000051	epochs															maze_stem	166.0
2693.11725	14.837750000000142	trials	False	False	False	True	False	True	[0.19737526774406433, 0.8026247024536133, 0.6566020846366882, 0.3433978855609894]	-0.4592268168926239	0.14602261781692505	0.22961340844631195	-0.07301132380962372	0.6566020846366882	[16077, 16077, 16076, 16076, 16076]	[16134, 16134, 16133, 16133, 16133]		
2700.05425	2.706249999999727	epochs															maze_arm	166.0
2702.778	5.156500000000051	epochs															feedback_and_iti	166.0
2702.778	0.9987500000002001	epochs															feedback_delay	166.0
2703.796	1.9650000000001455	epochs															feedback	166.0
2705.956	1.9784999999997126	epochs															iti	166.0
2707.955	14.547000000000025	epochs															maze	167.0
2707.955	6.1407500000000255	epochs															maze_stem	167.0
2707.97375	19.734500000000025	trials	True	False	False	True	False	True	[0.2828086316585541, 0.7171913385391235, 0.8035721182823181, 0.1964278668165207]	-0.5207634791731834	-0.08638077229261398	0.260381743311882	0.043190374970436096	0.8035721182823181	[16166, 16166, 16166, 16165, 16165]	[16252, 16252, 16252, 16252, 16251]		
2714.11575	8.386250000000018	epochs															maze_arm	167.0
2722.52125	5.166250000000218	epochs															feedback_and_iti	167.0
2722.52125	0.999000000000251	epochs															feedback_delay	167.0
2723.54125	1.957749999999578	epochs															feedback	167.0
2725.70425	1.9832500000002256	epochs															iti	167.0
2727.70825	10.236750000000029	epochs															maze	168.0
2727.70825	6.9972499999998945	epochs															maze_stem	168.0
2727.7285	17.27749999999969	trials	True	False	False	True	True	False	[0.33313408493995667, 0.666865885257721, 0.7961826324462891, 0.20381738245487213]	-0.4630485251545906	-0.12931672483682632	-0.2315242514014244	-0.06465836614370346	0.20381738245487213	[16284, 16284, 16284, 16284, 16284]	[16345, 16345, 16344, 16344, 16344]		
2734.72525	3.2197500000002037	epochs															maze_arm	168.0
2737.9675	7.018999999999778	epochs															feedback_and_iti	168.0
2737.9675	1.0002499999995962	epochs															feedback_delay	168.0
2738.99025	1.9647500000000946	epochs															feedback	168.0
2740.991	3.9954999999999927	epochs															iti	168.0
2745.006	9.280250000000251	epochs															maze	169.0
2745.006	5.206000000000131	epochs															maze_stem	169.0
2745.023	14.479499999999916	trials	False	False	False	True	False	True	[0.427483469247818, 0.5725165009498596, 0.6226083040237427, 0.37739166617393494]	-0.19512483477592468	-0.05009180307388306	0.09756241738796234	0.025045886635780334	0.6226083040237427	[16388, 16388, 16388, 16387, 16387]	[16443, 16443, 16442, 16442, 16442]		
2750.23075	4.055499999999938	epochs															maze_arm	169.0
2754.30325	5.177999999999884	epochs															feedback_and_iti	169.0
2754.30325	1.0010000000002037	epochs															feedback_delay	169.0
2755.32175	1.9715000000001055	epochs															feedback	169.0
2757.49025	1.9909999999999854	epochs															iti	169.0
2759.5025	8.31899999999996	epochs															maze	170.0
2759.5025	5.904500000000098	epochs															maze_stem	170.0
2759.5215	15.361499999999978	trials	True	False	False	True	True	False	[0.3315163850784302, 0.6684836149215698, 0.8276305794715881, 0.17236937582492828]	-0.49611421674489975	-0.1591469869017601	-0.24805711954832077	-0.07957350462675095	0.17236937582492828	[16475, 16475, 16475, 16474, 16474]	[16524, 16524, 16523, 16523, 16523]		
2765.42525	2.3962500000002365	epochs															maze_arm	170.0
2767.8425	7.019249999999829	epochs															feedback_and_iti	170.0
2767.8425	0.9829999999997199	epochs															feedback_delay	170.0
2768.8465	1.98700000000008	epochs															feedback	170.0
2770.86975	3.992000000000189	epochs															iti	170.0
2774.883	17.014000000000124	epochs															maze	171.0
2774.883	14.518750000000182	epochs															maze_stem	171.0
2774.906	22.198499999999967	trials	False	False	False	False	True	True	[0.4161379337310791, 0.5838620662689209, 0.6275454163551331, 0.37245458364486694]	-0.21140748262405396	-0.04368335008621216	0.10570374131202698	-0.02184167504310608	0.5838620662689209	[16567, 16567, 16567, 16567, 16566]	[16668, 16668, 16668, 16668, 16667]		
2789.4205	2.47649999999976	epochs															maze_arm	171.0
2791.9185	5.166749999999865	epochs															feedback_and_iti	171.0
2791.9185	0.9832499999997708	epochs															feedback_delay	171.0
2792.9225	1.9862499999999272	epochs															feedback	171.0
2795.09975	1.9855000000002292	epochs															iti	171.0
2797.1045	18.646999999999935	epochs															maze	172.0
2797.1045	16.622249999999894	epochs															maze_stem	172.0
2797.12175	23.83750000000009	trials	False	False	False	True	False	True	[0.19954730570316315, 0.8004526495933533, 0.6871814727783203, 0.3128185272216797]	-0.4876341447234154	0.11327119916677475	0.24381708353757858	-0.05663561075925827	0.6871814727783203	[16700, 16700, 16700, 16700, 16700]	[16811, 16811, 16811, 16811, 16810]		
2813.745	2.00649999999996	epochs															maze_arm	172.0
2815.76675	5.171500000000378	epochs															feedback_and_iti	172.0
2815.76675	0.9860000000003311	epochs															feedback_delay	172.0
2816.76825	1.9967499999997926	epochs															feedback	172.0
2818.94625	1.9920000000001892	epochs															iti	172.0
2820.95925	12.836999999999989	epochs															maze	173.0
2820.95925	10.099999999999909	epochs															maze_stem	173.0
2820.98025	18.027000000000044	trials	False	False	False	False	True	True	[0.29114967584609985, 0.7088503241539001, 0.791840672492981, 0.20815937221050262]	-0.5006909742951393	-0.08299032598733902	0.25034547597169876	-0.041495151817798615	0.7088503241539001	[16843, 16843, 16843, 16843, 16843]	[16919, 16919, 16919, 16919, 16919]		
2831.07925	2.7170000000000982	epochs															maze_arm	173.0
2833.819	5.16800000000012	epochs															feedback_and_iti	173.0
2833.819	0.9967500000002474	epochs															feedback_delay	173.0
2834.838	1.968499999999949	epochs															feedback	173.0
2837.012	1.974999999999909	epochs															iti	173.0
2839.00725	8.219749999999749	epochs															maze	174.0
2839.00725	5.519249999999829	epochs															maze_stem	174.0
2839.025	13.396749999999884	trials	False	False	False	True	False	True	[0.21274922788143158, 0.7872507572174072, 0.7309268116950989, 0.2690732181072235]	-0.5181775614619255	0.05632396787405014	0.25908879190683365	-0.02816198021173477	0.7309268116950989	[16952, 16951, 16951, 16951, 16951]	[17000, 17000, 17000, 16999, 16999]		
2844.5455	2.681499999999687	epochs															maze_arm	174.0
2847.243	5.161000000000058	epochs															feedback_and_iti	174.0
2847.243	0.9947499999998399	epochs															feedback_delay	174.0
2848.25425	1.9780000000000655	epochs															feedback	174.0
2850.4145	1.9895000000001346	epochs															iti	174.0
2852.42175	8.471250000000055	epochs															maze	175.0
2852.42175	5.80600000000004	epochs															maze_stem	175.0
2852.44025	13.657999999999902	trials	False	False	False	True	False	True	[0.2594863176345825, 0.7405136227607727, 0.7876780033111572, 0.21232199668884277]	-0.5281916558742523	-0.047164350748062134	0.26409584283828735	0.023582160472869873	0.7876780033111572	[17032, 17032, 17032, 17031, 17031]	[17082, 17082, 17081, 17081, 17081]		
2858.24575	2.6472499999999854	epochs															maze_arm	175.0
2860.9095	5.168249999999716	epochs															feedback_and_iti	175.0
2860.9095	0.9842499999999745	epochs															feedback_delay	175.0
2861.9105	1.9987500000002	epochs															feedback	175.0
2864.09725	1.98050000000012	epochs															iti	175.0
2866.09825	9.601250000000164	epochs															maze	176.0
2866.09825	6.588000000000193	epochs															maze_stem	176.0
2866.118	14.798999999999978	trials	True	False	False	False	True	True	[0.3535407781600952, 0.6464592814445496, 0.8377330303192139, 0.16226692497730255]	-0.48419230431318283	-0.19127380102872849	0.2420961782336235	-0.09563689678907394	0.6464592814445496	[17114, 17114, 17114, 17113, 17113]	[17171, 17170, 17170, 17170, 17170]		
2872.706	2.99350000000004	epochs															maze_arm	176.0
2875.7315	5.164000000000215	epochs															feedback_and_iti	176.0
2875.7315	0.9850000000001273	epochs															feedback_delay	176.0
2876.74275	1.9675000000002	epochs															feedback	176.0
2878.90475	1.9907499999999345	epochs															iti	176.0
2880.917	8.027250000000095	epochs															maze	177.0
2880.917	5.349500000000262	epochs															maze_stem	177.0
2880.94375	13.191000000000258	trials	False	False	False	False	True	True	[0.25378140807151794, 0.7462185621261597, 0.810544490814209, 0.18945550918579102]	-0.5567630678415298	-0.06432591378688812	0.2783815264701843	-0.03216296434402466	0.7462185621261597	[17203, 17203, 17202, 17202, 17202]	[17250, 17250, 17250, 17249, 17249]		
2886.2865	2.657749999999851	epochs															maze_arm	177.0
2888.9655	5.148750000000291	epochs															feedback_and_iti	177.0
2888.9655	0.992750000000342	epochs															feedback_delay	177.0
2889.98125	1.967750000000251	epochs															feedback	177.0
2892.128	1.9862499999999272	epochs															iti	177.0
2894.13475	9.918749999999818	epochs															maze	178.0
2894.13475	5.599249999999756	epochs															maze_stem	178.0
2894.155	15.112249999999676	trials	True	False	False	True	False	True	[0.20066514611244202, 0.7993348240852356, 0.7769707441329956, 0.22302928566932678]	-0.5763055682182312	0.022364109754562378	0.2881527990102768	-0.011182054877281189	0.7769707441329956	[17282, 17282, 17282, 17282, 17281]	[17341, 17340, 17340, 17340, 17340]		
2899.75375	4.299750000000131	epochs															maze_arm	178.0
2904.07275	5.17325000000028	epochs															feedback_and_iti	178.0
2904.07275	0.993750000000091	epochs															feedback_delay	178.0
2905.08775	1.9825000000000728	epochs															feedback	178.0
2907.283	1.9630000000001928	epochs															iti	178.0
2909.26725	8.625	epochs															maze	179.0
2909.26725	6.784500000000207	epochs															maze_stem	179.0
2909.28825	13.824999999999818	trials	False	False	False	False	True	True	[0.23218655586242676, 0.767813503742218, 0.7676957845687866, 0.23230424523353577]	-0.5355092436075211	0.00011770427227020264	0.2677546292543411	5.887448787689209e-05	0.767813503742218	[17373, 17373, 17372, 17372, 17372]	[17424, 17423, 17423, 17423, 17423]		
2916.07025	1.8219999999996617	epochs															maze_arm	179.0
2917.9135	5.180499999999938	epochs															feedback_and_iti	179.0
2917.9135	0.9912500000000364	epochs															feedback_delay	179.0
2918.9255	1.98050000000012	epochs															feedback	179.0
2921.102	1.9920000000001892	epochs															iti	179.0
2923.11325	10.16274999999996	epochs															maze	180.0
2923.11325	6.2957500000002256	epochs															maze_stem	180.0
2923.13225	15.370249999999942	trials	False	False	False	True	False	True	[0.22916802763938904, 0.7708319425582886, 0.8138047456741333, 0.1861952543258667]	-0.5846367031335831	-0.04297278821468353	0.29231835901737213	0.02148638665676117	0.8138047456741333	[17456, 17456, 17455, 17455, 17455]	[17516, 17516, 17515, 17515, 17515]		
2929.4255	3.850500000000011	epochs															maze_arm	180.0
2933.29225	5.188750000000255	epochs															feedback_and_iti	180.0
2933.29225	1.0	epochs															feedback_delay	180.0
2934.316	1.9760000000001128	epochs															feedback	180.0
2936.49025	1.9907500000003893	epochs															iti	180.0
2938.5025	9.159499999999753	epochs															maze	181.0
2938.5025	6.1912499999998545	epochs															maze_stem	181.0
2938.5215	14.341249999999945	trials	True	False	False	True	False	True	[0.23902225494384766, 0.7609777450561523, 0.7992914915084839, 0.20070849359035492]	-0.5602692440152168	-0.03831375390291214	0.2801346182823181	0.01915687322616577	0.7992914915084839	[17548, 17548, 17548, 17548, 17547]	[17602, 17602, 17602, 17601, 17601]		
2944.71575	2.9462499999999636	epochs															maze_arm	181.0
2947.683	5.160750000000007	epochs															feedback_and_iti	181.0
2947.683	0.980750000000171	epochs															feedback_delay	181.0
2948.6845	1.9787500000002183	epochs															feedback	181.0
2950.859	1.9847500000000764	epochs															iti	181.0
2952.86275	9.662750000000415	epochs															maze	182.0
2952.86275	7.59375	epochs															maze_stem	182.0
2952.882	14.847249999999804	trials	False	False	False	True	False	True	[0.264525830745697, 0.735474169254303, 0.8001407384872437, 0.19985930621623993]	-0.5356148853898048	-0.06466654688119888	0.2678074538707733	0.03233328461647034	0.8001407384872437	[17634, 17634, 17634, 17634, 17633]	[17691, 17691, 17691, 17691, 17690]		
2960.47375	2.0517500000000837	epochs															maze_arm	182.0
2962.542	5.168250000000171	epochs															feedback_and_iti	182.0
2962.542	0.9845000000000255	epochs															feedback_delay	182.0
2963.54375	1.9852500000001783	epochs															feedback	182.0
2965.7295	1.980750000000171	epochs															iti	182.0
2967.72925	8.538000000000011	epochs															maze	183.0
2967.72925	6.278999999999996	epochs															maze_stem	183.0
2967.74875	13.734999999999673	trials	True	False	False	False	True	True	[0.3314306437969208, 0.6685693860054016, 0.8517215251922607, 0.14827843010425568]	-0.520290918648243	-0.18315217643976212	0.26014547795057297	-0.09157609194517136	0.6685693860054016	[17723, 17723, 17723, 17723, 17723]	[17774, 17773, 17773, 17773, 17773]		
2974.02625	2.2409999999999854	epochs															maze_arm	183.0
2976.2875	5.175250000000233	epochs															feedback_and_iti	183.0
2976.2875	0.9825000000000728	epochs															feedback_delay	183.0
2977.29175	1.99225000000024	epochs															feedback	183.0
2979.46875	1.9940000000001419	epochs															iti	183.0
2981.48375	8.286750000000211	epochs															maze	184.0
2981.48375	6.176249999999982	epochs															maze_stem	184.0
2981.505	13.492999999999938	trials	True	False	False	True	False	True	[0.2645653784275055, 0.7354346513748169, 0.8492513298988342, 0.15074871480464935]	-0.5846859440207481	-0.11381667107343674	0.29234297573566437	0.05690835416316986	0.8492513298988342	[17806, 17806, 17805, 17805, 17805]	[17855, 17854, 17854, 17854, 17854]		
2987.67825	2.092250000000149	epochs															maze_arm	184.0
2989.79125	5.185249999999996	epochs															feedback_and_iti	184.0
2989.79125	0.9837499999998727	epochs															feedback_delay	184.0
2990.7955	1.9909999999999854	epochs															feedback	184.0
2992.9935	1.9830000000001746	epochs															iti	184.0
2994.998	8.720749999999953	epochs															maze	185.0
2994.998	6.342250000000149	epochs															maze_stem	185.0
2995.0185	13.930249999999887	trials	False	False	False	False	True	True	[0.2268504649400711, 0.7731496095657349, 0.7680886387825012, 0.23191134631633759]	-0.5412382185459137	0.005060926079750061	0.27061913162469864	0.0025304779410362244	0.7731496095657349	[17887, 17887, 17886, 17886, 17886]	[17938, 17938, 17938, 17938, 17937]		
3001.36	2.3587499999998727	epochs															maze_arm	185.0
3003.7405	5.186500000000251	epochs															feedback_and_iti	185.0
3003.7405	0.9832500000002256	epochs															feedback_delay	185.0
3004.74625	1.9857499999998254	epochs															feedback	185.0
3006.94725	1.9797499999999673	epochs															iti	185.0
3008.94875	8.677499999999782	epochs															maze	186.0
3008.94875	6.195499999999811	epochs															maze_stem	186.0
3008.97025	13.859249999999975	trials	False	False	False	True	False	True	[0.24602699279785156, 0.7539730072021484, 0.8423819541931152, 0.15761809051036835]	-0.5963549390435219	-0.088408924639225	0.29817748069763184	0.0442044734954834	0.8423819541931152	[17970, 17970, 17970, 17970, 17970]	[18022, 18021, 18021, 18021, 18021]		
3015.16425	2.461999999999989	epochs															maze_arm	186.0
3017.643	5.166999999999916	epochs															feedback_and_iti	186.0
3017.643	0.9850000000001273	epochs															feedback_delay	186.0
3018.64625	1.9952500000003965	epochs															feedback	186.0
3020.813	1.9969999999998436	epochs															iti	186.0
3022.8295	9.805500000000393	epochs															maze	187.0
3022.8295	6.566250000000309	epochs															maze_stem	187.0
3022.85025	15.017249999999876	trials	False	False	False	False	True	True	[0.241546630859375, 0.758453369140625, 0.8054549098014832, 0.19454513490200043]	-0.5639082565903664	-0.047001518309116364	0.2819541171193123	-0.023500747978687286	0.758453369140625	[18054, 18053, 18053, 18053, 18053]	[18112, 18111, 18111, 18111, 18111]		
3029.41525	3.2197500000002037	epochs															maze_arm	187.0
3032.657	5.1875	epochs															feedback_and_iti	187.0
3032.657	0.9954999999999927	epochs															feedback_delay	187.0
3033.673	1.9825000000000728	epochs															feedback	187.0
3035.86675	1.9777500000000146	epochs															iti	187.0
3037.8675	7.9392500000003565	epochs															maze	188.0
3037.8675	5.244000000000142	epochs															maze_stem	188.0
3037.8895	13.136749999999665	trials	False	False	False	False	True	True	[0.23628531396389008, 0.7637147307395935, 0.8392166495323181, 0.1607833206653595]	-0.602931372821331	-0.0755019560456276	0.301465705037117	-0.0377509742975235	0.7637147307395935	[18144, 18144, 18143, 18143, 18143]	[18191, 18190, 18190, 18190, 18190]		
3043.1315	2.675250000000233	epochs															maze_arm	188.0
3045.82675	5.181999999999789	epochs															feedback_and_iti	188.0
3045.82675	0.9939999999996871	epochs															feedback_delay	188.0
3046.84275	1.97400000000016	epochs															feedback	188.0
3049.015	1.993750000000091	epochs															iti	188.0
3051.02625	9.139500000000226	epochs															maze	189.0
3051.02625	7.14200000000028	epochs															maze_stem	189.0
3051.04475	14.319750000000113	trials	False	False	False	True	False	True	[0.176372230052948, 0.8236278295516968, 0.7905125617980957, 0.20948739349842072]	-0.6141403838992119	0.033115215599536896	0.30707016587257385	-0.01655760407447815	0.7905125617980957	[18223, 18223, 18222, 18222, 18222]	[18277, 18276, 18276, 18276, 18276]		
3058.18625	1.9794999999999163	epochs															maze_arm	189.0
3060.18025	5.163250000000062	epochs															feedback_and_iti	189.0
3060.18025	0.9940000000001419	epochs															feedback_delay	189.0
3061.1925	1.9852499999997235	epochs															feedback	189.0
3063.35775	1.9857499999998254	epochs															iti	189.0
3065.3645	8.643999999999778	epochs															maze	190.0
3065.3645	6.25	epochs															maze_stem	190.0
3065.386	13.878749999999854	trials	False	False	False	False	True	True	[0.24552202224731445, 0.7544779777526855, 0.8267071843147278, 0.17329274117946625]	-0.5811851993203163	-0.07222924381494522	0.29059261828660965	-0.0361146405339241	0.7544779777526855	[18309, 18309, 18308, 18308, 18308]	[18360, 18359, 18359, 18359, 18359]		
3071.63475	2.3737499999997453	epochs															maze_arm	190.0
3074.02875	5.215500000000247	epochs															feedback_and_iti	190.0
3074.02875	0.9827500000001237	epochs															feedback_delay	190.0
3075.0335	1.9967499999997926	epochs															feedback	190.0
3077.23	2.0142500000001746	epochs															iti	190.0
3079.26475	7.618750000000091	epochs															maze	191.0
3079.26475	5.248250000000098	epochs															maze_stem	191.0
3079.28525	12.80099999999993	trials	True	False	False	False	True	True	[0.22165854275226593, 0.7783414721488953, 0.8302718997001648, 0.1697281450033188]	-0.6086133420467377	-0.05193041265010834	0.30430666357278824	-0.025965191423892975	0.7783414721488953	[18392, 18392, 18392, 18391, 18391]	[18437, 18437, 18436, 18436, 18436]		
3084.53325	2.35024999999996	epochs															maze_arm	191.0
3086.905	5.1609999999996035	epochs															feedback_and_iti	191.0
3086.905	0.9892499999996289	epochs															feedback_delay	191.0
3087.915	1.9802500000000691	epochs															feedback	191.0
3090.092	1.9739999999997053	epochs															iti	191.0
3092.08625	9.622749999999996	epochs															maze	192.0
3092.08625	7.909500000000207	epochs															maze_stem	192.0
3092.10625	14.829750000000331	trials	False	False	False	True	False	True	[0.23230746388435364, 0.7676925659179688, 0.8371139168739319, 0.16288605332374573]	-0.6048064827919006	-0.06942138075828552	0.3024032264947891	0.03471069037914276	0.8371139168739319	[18469, 18469, 18469, 18468, 18468]	[18526, 18525, 18525, 18525, 18525]		
3100.016	1.6929999999997563	epochs															maze_arm	192.0
3101.72375	5.186749999999847	epochs															feedback_and_iti	192.0
3101.72375	0.9997499999999491	epochs															feedback_delay	192.0
3102.74125	1.9822500000000218	epochs															feedback	192.0
3104.91725	1.993249999999989	epochs															iti	192.0
3106.936	8.01424999999972	epochs															maze	193.0
3106.936	5.53774999999996	epochs															maze_stem	193.0
3106.96175	13.19900000000007	trials	False	False	False	False	True	True	[0.2549430727958679, 0.7450569272041321, 0.8284896612167358, 0.17151033878326416]	-0.5735465884208679	-0.08343273401260376	0.28677329421043396	-0.04171636700630188	0.7450569272041321	[18558, 18558, 18558, 18557, 18557]	[18605, 18605, 18605, 18604, 18604]		
3112.495	2.455249999999978	epochs															maze_arm	193.0
3114.972	5.169749999999567	epochs															feedback_and_iti	193.0
3114.972	0.981499999999869	epochs															feedback_delay	193.0
3115.974	1.987749999999778	epochs															feedback	193.0
3118.1665	1.97524999999996	epochs															iti	193.0
3120.16075	8.423999999999978	epochs															maze	194.0
3120.16075	6.586249999999836	epochs															maze_stem	194.0
3120.178	13.619500000000244	trials	False	False	False	True	False	True	[0.23033985495567322, 0.7696601152420044, 0.841052770614624, 0.15894725918769836]	-0.6107128858566284	-0.07139262557029724	0.3053564578294754	0.03569631278514862	0.841052770614624	[18637, 18637, 18637, 18637, 18636]	[18687, 18687, 18686, 18686, 18686]		
3126.76625	1.8184999999998581	epochs															maze_arm	194.0
3128.60175	5.175250000000233	epochs															feedback_and_iti	194.0
3128.60175	0.9892500000000837	epochs															feedback_delay	194.0
3129.608	1.9832499999997708	epochs															feedback	194.0
3131.7825	1.9945000000002437	epochs															iti	194.0
3133.7975	12.008499999999913	epochs															maze	195.0
3133.7975	9.561249999999745	epochs															maze_stem	195.0
3133.81775	17.209249999999884	trials	True	False	False	False	True	True	[0.23283164203166962, 0.767168402671814, 0.8123161196708679, 0.18768392503261566]	-0.5794844776391983	-0.045147716999053955	0.28974223881959915	-0.022573836147785187	0.767168402671814	[18719, 18719, 18719, 18718, 18718]	[18790, 18790, 18790, 18789, 18789]		
3143.37625	2.42975000000024	epochs															maze_arm	195.0
3145.825	5.175000000000182	epochs															feedback_and_iti	195.0
3145.825	0.9915000000000873	epochs															feedback_delay	195.0
3146.83925	1.9675000000002	epochs															feedback	195.0
3148.997	2.0030000000001564	epochs															iti	195.0
3151.027	6.918250000000171	epochs															maze	196.0
3151.027	5.0154999999999745	epochs															maze_stem	196.0
3151.0515	13.95699999999988	trials	False	False	False	False	False	False	[0.2691091001033783, 0.7308908700942993, 0.8682618737220764, 0.1317381113767624]	-0.5991527661681175	-0.1373709961771965	-0.29957638680934906	0.06868548691272736	0.2691091001033783	[18822, 18822, 18822, 18822, 18821]	[18823, 18823, 18823, 18823, 18823]		
3156.06275	1.8825000000001637	epochs															maze_arm	196.0
3157.96675	7.020750000000135	epochs															feedback_and_iti	196.0
3157.96675	0.99350000000004	epochs															feedback_delay	196.0
3158.982	1.9692500000001019	epochs															feedback	196.0
3160.991	3.9965000000001965	epochs															iti	196.0
3165.0085	9.452250000000276	epochs															maze	197.0
3165.0085	6.58600000000024	epochs															maze_stem	197.0
3165.0275	14.63949999999977	trials	True	False	False	False	True	True	[0.4671986997127533, 0.5328012704849243, 0.7910683751106262, 0.2089315503835678]	-0.3238696977496147	-0.2582671269774437	0.16193486005067825	-0.12913358956575394	0.5328012704849243	[-2147483648, -2147483648, -2147483648, -2147483648, -2147483648]	[-2147483648, -2147483648, -2147483648, -2147483648, -2147483648]		
3171.6155	2.8452500000003056	epochs															maze_arm	197.0
3174.4805	5.167249999999967	epochs															feedback_and_iti	197.0
3174.4805	0.9837499999998727	epochs															feedback_delay	197.0
3175.48525	1.9909999999999854	epochs															feedback	197.0
3177.6585	1.9892500000000837	epochs															iti	197.0
3179.667	9.612750000000233	epochs															maze	198.0
3179.667	6.847250000000258	epochs															maze_stem	198.0
3179.68575	14.814499999999953	trials	False	False	False	True	False	True	[0.33250612020492554, 0.6674938797950745, 0.874519407749176, 0.12548057734966278]	-0.5420132949948311	-0.20702553540468216	0.27100664377212524	0.10351276397705078	0.874519407749176	[-2147483648, -2147483648, -2147483648, -2147483648, -2147483648]	[-2147483648, -2147483648, -2147483648, -2147483648, -2147483648]		
3186.53125	2.748500000000149	epochs															maze_arm	198.0
3189.29725	5.182749999999942	epochs															feedback_and_iti	198.0
3189.29725	0.9845000000000255	epochs															feedback_delay	198.0
3190.29925	1.9909999999999854	epochs															feedback	198.0
3192.488	1.9920000000001892	epochs															iti	198.0
3194.50025	7.873749999999745	epochs															maze	199.0
3194.50025	6.126499999999851	epochs															maze_stem	199.0
3194.519	13.059250000000247	trials	False	False	False	True	False	True	[0.26031509041786194, 0.7396848797798157, 0.8239191770553589, 0.17608076333999634]	-0.5636041015386581	-0.0842343121767044	0.2818020433187485	0.04211713373661041	0.8239191770553589	[-2147483648, -2147483648, -2147483648, -2147483648, -2147483648]	[-2147483648, -2147483648, -2147483648, -2147483648, -2147483648]		
3200.6455	1.7284999999997126	epochs															maze_arm	199.0
3202.39175	5.166500000000269	epochs															feedback_and_iti	199.0
3202.39175	0.9840000000003783	epochs															feedback_delay	199.0
3203.393	1.9854999999997744	epochs															feedback	199.0
3205.58225	1.9760000000001128	epochs															iti	199.0
3207.57825	8.71725000000015	epochs															maze	200.0
3207.57825	6.017749999999978	epochs															maze_stem	200.0
3207.5985	13.880749999999807	trials	True	False	False	True	False	True	[0.32402700185775757, 0.6759729385375977, 0.8576699495315552, 0.14233005046844482]	-0.5336429178714752	-0.18169698119163513	0.2668214738368988	0.09084847569465637	0.8576699495315552	[-2147483648, -2147483648, -2147483648, -2147483648, -2147483648]	[-2147483648, -2147483648, -2147483648, -2147483648, -2147483648]		
3213.6155	2.680000000000291	epochs															maze_arm	200.0
3216.31675	5.145250000000033	epochs															feedback_and_iti	200.0
3216.31675	0.9902499999998327	epochs															feedback_delay	200.0
3217.32625	1.9712500000000546	epochs															feedback	200.0
3219.48625	1.9757500000000618	epochs															iti	200.0
3221.47925	8.611750000000029	epochs															maze	201.0
3221.47925	6.7517500000003565	epochs															maze_stem	201.0
3221.49775	13.797500000000127	trials	False	False	False	True	False	True	[0.25820085406303406, 0.7417991757392883, 0.8038504123687744, 0.19614958763122559]	-0.5456495732069016	-0.06205125153064728	0.2728247791528702	0.031025633215904236	0.8038504123687744	[-2147483648, -2147483648, -2147483648, -2147483648, -2147483648]	[-2147483648, -2147483648, -2147483648, -2147483648, -2147483648]		
3228.252	1.8389999999999418	epochs															maze_arm	201.0
3230.10775	5.1662499999997635	epochs															feedback_and_iti	201.0
3230.10775	0.9884999999999309	epochs															feedback_delay	201.0
3231.1135	1.98174999999992	epochs															feedback	201.0
3233.29175	1.9822500000000218	epochs															iti	201.0
3235.29525	7.934999999999945	epochs															maze	202.0
3235.29525	5.574249999999665	epochs															maze_stem	202.0
3235.316	13.134500000000116	trials	True	False	False	False	True	True	[0.34057366847991943, 0.6594263315200806, 0.8688945770263672, 0.131105437874794]	-0.5283209010958672	-0.20946823805570602	0.2641604468226433	-0.10473411530256271	0.6594263315200806	[18835, 18835, 18835, 18835, 18835]	[18882, 18882, 18882, 18881, 18881]		
3240.88875	2.3414999999999964	epochs															maze_arm	202.0
3243.251	5.175499999999829	epochs															feedback_and_iti	202.0
3243.251	0.9832499999997708	epochs															feedback_delay	202.0
3244.25525	1.9857499999998254	epochs															feedback	202.0
3246.44225	1.9842499999999745	epochs															iti	202.0
3248.4505	11.435500000000047	epochs															maze	203.0
3248.4505	5.245750000000044	epochs															maze_stem	203.0
3248.474	16.622499999999945	trials	False	False	False	False	True	True	[0.297560453414917, 0.702439546585083, 0.8803058862686157, 0.11969412118196487]	-0.5827454291284084	-0.17786633595824242	0.29137271270155907	-0.08893316611647606	0.702439546585083	[18914, 18914, 18914, 18914, 18913]	[18982, 18982, 18981, 18981, 18981]		
3253.7165	6.169499999999971	epochs															maze_arm	203.0
3259.9075	5.168250000000171	epochs															feedback_and_iti	203.0
3259.9075	0.9897500000001855	epochs															feedback_delay	203.0
3260.91925	1.975500000000011	epochs															feedback	203.0
3263.082	1.993750000000091	epochs															iti	203.0
3265.0965	7.6875	epochs															maze	204.0
3265.0965	5.55074999999988	epochs															maze_stem	204.0
3265.11675	12.887499999999818	trials	True	False	False	True	False	True	[0.1964973509311676, 0.8035026788711548, 0.816490650177002, 0.18350936472415924]	-0.619993306696415	-0.012987978756427765	0.3099966496229172	0.006494000554084778	0.816490650177002	[19014, 19014, 19014, 19013, 19013]	[19059, 19059, 19059, 19059, 19058]		
3270.6665	2.117500000000291	epochs															maze_arm	204.0
3272.805	5.174750000000131	epochs															feedback_and_iti	204.0
3272.805	0.9905000000003383	epochs															feedback_delay	204.0
3273.8165	1.9785000000001673	epochs															feedback	204.0
3275.98375	1.9960000000000946	epochs															iti	204.0
3278.00425	8.188500000000204	epochs															maze	205.0
3278.00425	4.744500000000244	epochs															maze_stem	205.0
3278.03325	13.378999999999905	trials	False	False	False	False	True	True	[0.20413048565387726, 0.7958695292472839, 0.7716330289840698, 0.2283669412136078]	-0.5675025656819344	0.02423647791147232	0.2837512940168381	0.012118235230445862	0.7958695292472839	[19091, 19091, 19091, 19091, 19091]	[19140, 19139, 19139, 19139, 19139]		
3282.76925	3.423500000000331	epochs															maze_arm	205.0
3286.2145	5.176750000000084	epochs															feedback_and_iti	205.0
3286.2145	0.9909999999999854	epochs															feedback_delay	205.0
3287.22575	1.9864999999999782	epochs															feedback	205.0
3289.40225	1.9890000000000327	epochs															iti	205.0
3291.41225	8.864000000000033	epochs															maze	206.0
3291.41225	5.088250000000244	epochs															maze_stem	206.0
3291.431	14.057999999999993	trials	False	False	False	False	True	True	[0.2497139871120453, 0.7502859830856323, 0.8566662669181824, 0.14333368837833405]	-0.6069522872567177	-0.10638029128313065	0.30347614735364914	-0.053190164268016815	0.7502859830856323	[19172, 19172, 19171, 19171, 19171]	[19224, 19224, 19224, 19223, 19223]		
3296.521	3.7552499999997053	epochs															maze_arm	206.0
3300.29775	5.169750000000022	epochs															feedback_and_iti	206.0
3300.29775	0.9892499999996289	epochs															feedback_delay	206.0
3301.31	1.97400000000016	epochs															feedback	206.0
3303.4725	1.9950000000003456	epochs															iti	206.0
3305.489	6.6909999999998035	epochs															maze	207.0
3305.489	4.3527500000000146	epochs															maze_stem	207.0
3305.51125	11.86850000000004	trials	False	False	False	False	True	True	[0.17835593223571777, 0.8216440677642822, 0.7978374361991882, 0.20216256380081177]	-0.6194815039634705	0.023806631565093994	0.30974075198173523	0.011903315782546997	0.8216440677642822	[19256, 19256, 19256, 19256, 19255]	[19295, 19295, 19295, 19295, 19295]		
3309.8615	2.318499999999858	epochs															maze_arm	207.0
3312.20125	5.1590000000001055	epochs															feedback_and_iti	207.0
3312.20125	0.9922499999997854	epochs															feedback_delay	207.0
3313.21675	1.969000000000051	epochs															feedback	207.0
3315.38175	1.9785000000001673	epochs															iti	207.0
3317.37975	8.478999999999814	epochs															maze	208.0
3317.37975	5.426500000000033	epochs															maze_stem	208.0
3317.40025	13.667999999999665	trials	False	False	False	False	True	True	[0.20915861427783966, 0.7908414006233215, 0.8257614970207214, 0.17423847317695618]	-0.6166029050946236	-0.03492011874914169	0.3083014637231827	-0.017460063099861145	0.7908414006233215	[19328, 19327, 19327, 19327, 19327]	[19377, 19377, 19377, 19377, 19377]		
3322.82525	3.0335000000000036	epochs															maze_arm	208.0
3325.87975	5.167750000000069	epochs															feedback_and_iti	208.0
3325.87975	0.98700000000008	epochs															feedback_delay	208.0
3326.88875	1.9797499999999673	epochs															feedback	208.0
3329.05875	1.9887499999999818	epochs															iti	208.0
3331.06825	7.3737500000002	epochs															maze	209.0
3331.06825	5.152000000000044	epochs															maze_stem	209.0
3331.089	12.542500000000018	trials	False	False	False	False	True	True	[0.19270269572734833, 0.8072973489761353, 0.8074058890342712, 0.19259414076805115]	-0.6147032007575035	-0.00010854750871658325	0.30735160410404205	-5.4255127906799316e-05	0.8072973489761353	[19410, 19409, 19409, 19409, 19409]	[19453, 19453, 19452, 19452, 19452]		
3336.24025	2.2017500000001746	epochs															maze_arm	209.0
3338.4635	5.149000000000342	epochs															feedback_and_iti	209.0
3338.4635	0.98050000000012	epochs															feedback_delay	209.0
3339.46575	1.981000000000222	epochs															feedback	209.0
3341.63025	1.9822500000000218	epochs															iti	209.0
3343.6315	7.536000000000058	epochs															maze	210.0
3343.6315	4.94925000000012	epochs															maze_stem	210.0
3343.65175	12.728250000000116	trials	True	False	False	False	True	True	[0.19707776606082916, 0.802922248840332, 0.8107326626777649, 0.18926730751991272]	-0.6136549189686775	-0.007810436189174652	0.30682747066020966	-0.0039052218198776245	0.802922248840332	[19485, 19485, 19484, 19484, 19484]	[19529, 19529, 19529, 19529, 19528]		
3348.6015	2.5659999999998035	epochs															maze_arm	210.0
3351.18825	5.173999999999978	epochs															feedback_and_iti	210.0
3351.18825	1.000999999999749	epochs															feedback_delay	210.0
3352.215	1.9679999999998472	epochs															feedback	210.0
3354.37625	1.986000000000331	epochs															iti	210.0
3356.38	8.16274999999996	epochs															maze	211.0
3356.38	6.037249999999858	epochs															maze_stem	211.0
3356.39875	13.345749999999953	trials	False	False	False	True	False	True	[0.2454500049352646, 0.7545499801635742, 0.8413863182067871, 0.1586136668920517]	-0.5959363132715225	-0.08683633804321289	0.29796815663576126	0.04341816157102585	0.8413863182067871	[19561, 19561, 19561, 19561, 19561]	[19609, 19609, 19609, 19609, 19609]		
3362.43425	2.1085000000002765	epochs															maze_arm	211.0
3364.559	5.16399999999976	epochs															feedback_and_iti	211.0
3364.559	0.9862499999999272	epochs															feedback_delay	211.0
3365.56275	1.987250000000131	epochs															feedback	211.0
3367.72475	1.9982500000000982	epochs															iti	211.0
3369.7445	7.445000000000164	epochs															maze	212.0
3369.7445	4.944000000000415	epochs															maze_stem	212.0
3369.7665	12.634000000000015	trials	True	False	False	False	True	True	[0.2662043273448944, 0.7337956428527832, 0.8331341743469238, 0.16686582565307617]	-0.5669298321008682	-0.09933851659297943	0.2834649085998535	-0.04966926574707031	0.7337956428527832	[19641, 19641, 19641, 19641, 19641]	[19685, 19685, 19685, 19685, 19684]		
3374.7085	2.480999999999767	epochs															maze_arm	212.0
3377.21075	5.168999999999869	epochs															feedback_and_iti	212.0
3377.21075	0.9802499999996144	epochs															feedback_delay	212.0
3378.2135	1.9780000000000655	epochs															feedback	212.0
3380.383	1.9967500000002474	epochs															iti	212.0
3382.4005	6.870249999999942	epochs															maze	213.0
3382.4005	4.994999999999891	epochs															maze_stem	213.0
3382.42125	12.044000000000324	trials	False	False	False	False	True	True	[0.2799234688282013, 0.7200765609741211, 0.8747283220291138, 0.1252717226743698]	-0.5948048457503319	-0.15465175360441208	0.29740241914987564	-0.07732585817575455	0.7200765609741211	[19717, 19717, 19717, 19717, 19717]	[19758, 19757, 19757, 19757, 19757]		
3387.41575	1.8550000000000182	epochs															maze_arm	213.0
3389.29275	5.152749999999742	epochs															feedback_and_iti	213.0
3389.29275	0.9997499999999491	epochs															feedback_delay	213.0
3390.31475	1.9594999999999345	epochs															feedback	213.0
3392.45425	1.9912500000000364	epochs															iti	213.0
3394.46525	10.192000000000007	epochs															maze	214.0
3394.46525	4.629249999999956	epochs															maze_stem	214.0
3394.48225	17.235000000000127	trials	False	False	False	True	True	False	[0.18400144577026367, 0.8159985542297363, 0.8031322360038757, 0.19686774909496307]	-0.6191307976841927	0.012866310775279999	-0.3095654025673866	0.006433151662349701	0.19686774909496307	[19790, 19789, 19789, 19789, 19789]	[19850, 19850, 19849, 19849, 19849]		
3399.11275	5.544500000000426	epochs															maze_arm	214.0
3404.67325	7.024000000000342	epochs															feedback_and_iti	214.0
3404.67325	0.9977499999999964	epochs															feedback_delay	214.0
3405.68875	1.9762500000001637	epochs															feedback	214.0
3407.698	3.999250000000302	epochs															iti	214.0
3411.71725	7.696999999999662	epochs															maze	215.0
3411.71725	5.762249999999767	epochs															maze_stem	215.0
3411.73425	12.88675000000012	trials	False	False	False	True	False	True	[0.3943830132484436, 0.6056169867515564, 0.5922852754592896, 0.40771472454071045]	-0.19790226221084595	0.013331711292266846	0.09895113110542297	-0.006665855646133423	0.5922852754592896	[19893, 19893, 19893, 19892, 19892]	[19938, 19938, 19938, 19938, 19937]		
3417.498	1.9162499999997635	epochs															maze_arm	215.0
3419.42875	5.1652500000000146	epochs															feedback_and_iti	215.0
3419.42875	0.9992499999998472	epochs															feedback_delay	215.0
3420.446	1.969000000000051	epochs															feedback	215.0
3422.5985	1.9954999999999927	epochs															iti	215.0
3424.621	8.199749999999767	epochs															maze	216.0
3424.621	5.310999999999694	epochs															maze_stem	216.0
3424.6435	13.371000000000095	trials	False	False	False	True	False	True	[0.21814092993736267, 0.7818590402603149, 0.8360042572021484, 0.16399575769901276]	-0.617863304913044	-0.054145194590091705	0.3089316636323929	0.027072593569755554	0.8360042572021484	[19970, 19970, 19970, 19970, 19970]	[20019, 20018, 20018, 20018, 20018]		
3429.9505	2.870249999999942	epochs															maze_arm	216.0
3432.83875	5.157000000000153	epochs															feedback_and_iti	216.0
3432.83875	0.9819999999999709	epochs															feedback_delay	216.0
3433.83875	1.986750000000029	epochs															feedback	216.0
3436.0285	1.9672500000001492	epochs															iti	216.0
3438.0145	7.4604999999996835	epochs															maze	217.0
3438.0145	4.731499999999869	epochs															maze_stem	217.0
3438.0315	12.674999999999727	trials	False	False	False	True	False	True	[0.2827622890472412, 0.7172377109527588, 0.8334555625915527, 0.16654440760612488]	-0.5506932884454727	-0.11621786653995514	0.27534663677215576	0.05810892581939697	0.8334555625915527	[20051, 20051, 20050, 20050, 20050]	[20095, 20094, 20094, 20094, 20094]		
3442.7645	2.7104999999996835	epochs															maze_arm	217.0
3445.49275	5.19399999999996	epochs															feedback_and_iti	217.0
3445.49275	0.9847500000000764	epochs															feedback_delay	217.0
3446.49525	1.99474999999984	epochs															feedback	217.0
3448.69675	1.9899999999997817	epochs															iti	217.0
3450.7065	8.414000000000215	epochs															maze	218.0
3450.7065	5.293500000000222	epochs															maze_stem	218.0
3450.72375	13.594250000000102	trials	False	False	False	True	False	True	[0.29714661836624146, 0.7028533816337585, 0.8422059416770935, 0.1577940583229065]	-0.545059323310852	-0.13935256004333496	0.272529661655426	0.06967628002166748	0.8422059416770935	[20127, 20127, 20126, 20126, 20126]	[20176, 20176, 20176, 20176, 20176]		
3456.01825	3.1022499999999127	epochs															maze_arm	218.0
3459.13825	5.157999999999902	epochs															feedback_and_iti	218.0
3459.13825	0.9827500000001237	epochs															feedback_delay	218.0
3460.13875	1.9845000000000255	epochs															feedback	218.0
3462.30775	1.9884999999999309	epochs															iti	218.0
3464.318	6.520249999999578	epochs															maze	219.0
3464.318	4.865499999999884	epochs															maze_stem	219.0
3464.3385	11.709000000000287	trials	False	False	False	False	True	True	[0.30040162801742554, 0.6995983123779297, 0.842571496963501, 0.15742848813533783]	-0.5421698465943336	-0.1429731622338295	0.27108491212129593	-0.07148659974336624	0.6995983123779297	[20208, 20208, 20208, 20208, 20208]	[20247, 20246, 20246, 20246, 20246]		
3469.204	1.6342499999996107	epochs															maze_arm	219.0
3470.86	5.167500000000018	epochs															feedback_and_iti	219.0
3470.86	0.9794999999999163	epochs															feedback_delay	219.0
3471.8625	1.9964999999997417	epochs															feedback	219.0
3474.04225	1.9852500000001783	epochs															iti	219.0
3476.0475	8.357749999999669	epochs															maze	220.0
3476.0475	6.081499999999778	epochs															maze_stem	220.0
3476.066	13.541250000000218	trials	False	False	False	True	False	True	[0.23523078858852386, 0.7647691965103149, 0.8497286438941956, 0.15027131140232086]	-0.6144978702068329	-0.08495946228504181	0.30724892765283585	0.04247971624135971	0.8497286438941956	[20279, 20279, 20278, 20278, 20278]	[20328, 20328, 20328, 20327, 20327]		
3482.1475	2.25774999999976	epochs															maze_arm	220.0
3484.42075	5.167999999999665	epochs															feedback_and_iti	220.0
3484.42075	0.9954999999999927	epochs															feedback_delay	220.0
3485.4325	1.9732500000000073	epochs															feedback	220.0
3487.6	1.9887499999999818	epochs															iti	220.0
3489.60725	7.9650000000001455	epochs															maze	221.0
3489.60725	4.403749999999945	epochs															maze_stem	221.0
3489.62425	13.145500000000084	trials	False	False	False	True	False	True	[0.24052630364894867, 0.7594736814498901, 0.813383936882019, 0.18661610782146454]	-0.572857603430748	-0.05391022562980652	0.2864288166165352	0.026955120265483856	0.813383936882019	[20360, 20360, 20360, 20359, 20359]	[20407, 20407, 20406, 20406, 20406]		
3494.02825	3.544000000000324	epochs															maze_arm	221.0
3497.5915	5.158249999999953	epochs															feedback_and_iti	221.0
3497.5915	0.9822500000000218	epochs															feedback_delay	221.0
3498.592	1.9854999999997744	epochs															feedback	221.0
3500.772	1.9777500000000146	epochs															iti	221.0
3502.76975	7.485250000000178	epochs															maze	222.0
3502.76975	5.42574999999988	epochs															maze_stem	222.0
3502.78975	12.672500000000127	trials	False	False	False	True	False	True	[0.3051140308380127, 0.6948859691619873, 0.8493898510932922, 0.15061017870903015]	-0.5442758053541183	-0.15450386703014374	0.27213791012763977	0.07725194096565247	0.8493898510932922	[20439, 20439, 20439, 20438, 20438]	[20483, 20483, 20483, 20482, 20482]		
3508.21375	2.0412500000002183	epochs															maze_arm	222.0
3510.27025	5.171499999999924	epochs															feedback_and_iti	222.0
3510.27025	0.9850000000001273	epochs															feedback_delay	222.0
3511.2705	2.0	epochs															feedback	222.0
3513.451	1.9907499999999345	epochs															iti	222.0
3515.46225	8.344000000000051	epochs															maze	223.0
3515.46225	6.006750000000011	epochs															maze_stem	223.0
3515.4795	15.378500000000258	trials	False	False	False	True	True	False	[0.2972959280014038, 0.7027040719985962, 0.8398066759109497, 0.1601932942867279]	-0.5425107628107071	-0.1371026188135147	-0.27125538885593414	-0.06855131685733795	0.1601932942867279	[20515, 20515, 20515, 20514, 20514]	[20564, 20564, 20564, 20564, 20563]		
3521.49	2.3162500000003092	epochs															maze_arm	223.0
3523.82125	7.015249999999924	epochs															feedback_and_iti	223.0
3523.82125	0.9927499999998872	epochs															feedback_delay	223.0
3524.83025	1.9825000000000728	epochs															feedback	223.0
3526.847	3.98949999999968	epochs															iti	223.0
3530.858	5.863749999999982	epochs															maze	224.0
3530.858	4.188999999999851	epochs															maze_stem	224.0
3530.877	11.068499999999858	trials	False	False	False	False	True	True	[0.4367181360721588, 0.5632818341255188, 0.6453034281730652, 0.35469651222229004]	-0.20858530700206757	-0.08202160894870758	0.10429266095161438	-0.04101082682609558	0.5632818341255188	[20607, 20607, 20607, 20607, 20607]	[20642, 20641, 20641, 20641, 20641]		
3535.06725	1.6545000000000982	epochs															maze_arm	224.0
3536.74275	5.18100000000004	epochs															feedback_and_iti	224.0
3536.74275	0.9850000000001273	epochs															feedback_delay	224.0
3537.74975	1.9915000000000873	epochs															feedback	224.0
3539.94375	1.9800000000000182	epochs															iti	224.0
3541.9455	7.534750000000258	epochs															maze	225.0
3541.9455	5.8960000000001855	epochs															maze_stem	225.0
3541.96725	14.578250000000025	trials	True	False	False	False	False	False	[0.18610695004463196, 0.8138930797576904, 0.7381110191345215, 0.2618889808654785]	-0.5520040839910507	0.07578204572200775	-0.27600203454494476	-0.03789101541042328	0.18610695004463196	[20674, 20674, 20673, 20673, 20673]	[20718, 20718, 20718, 20717, 20717]		
3547.86325	1.6170000000001892	epochs															maze_arm	225.0
3549.50175	7.020750000000135	epochs															feedback_and_iti	225.0
3549.50175	0.9862499999999272	epochs															feedback_delay	225.0
3550.50875	1.9877500000002328	epochs															feedback	225.0
3552.532	3.9904999999998836	epochs															iti	225.0
3556.5455	7.066499999999905	epochs															maze	226.0
3556.5455	5.052499999999782	epochs															maze_stem	226.0
3556.56875	12.241250000000036	trials	False	False	False	False	True	True	[0.6577344536781311, 0.3422655165195465, 0.8645713329315186, 0.13542865216732025]	-0.20683687180280685	-0.5223058089613914	0.10341843217611313	-0.2611529156565666	0.3422655165195465	[20761, 20761, 20761, 20761, 20761]	[20803, 20803, 20802, 20802, 20802]		
3561.618	1.9940000000001419	epochs															maze_arm	226.0
3563.63325	5.157750000000306	epochs															feedback_and_iti	226.0
3563.63325	0.9884999999999309	epochs															feedback_delay	226.0
3564.644	1.9717500000001564	epochs															feedback	226.0
3566.80125	1.9897500000001855	epochs															iti	226.0
3568.81	7.443499999999858	epochs															maze	227.0
3568.81	5.0902500000001965	epochs															maze_stem	227.0
3568.82725	12.624250000000302	trials	False	False	False	True	False	True	[0.24726025760173798, 0.7527397871017456, 0.8256211280822754, 0.17437884211540222]	-0.5783609077334404	-0.07288137823343277	0.2891804352402687	0.03644069284200668	0.8256211280822754	[20835, 20835, 20835, 20834, 20834]	[20879, 20878, 20878, 20878, 20878]		
3573.91875	2.3347499999999854	epochs															maze_arm	227.0
3576.27	5.160249999999905	epochs															feedback_and_iti	227.0
3576.27	0.9890000000000327	epochs															feedback_delay	227.0
3577.274	1.986000000000331	epochs															feedback	227.0
3579.4415	1.9887499999999818	epochs															iti	227.0
3581.4515	10.529749999999694	epochs															maze	228.0
3581.4515	4.096000000000004	epochs															maze_stem	228.0
3581.4725	15.709000000000287	trials	True	False	False	False	True	True	[0.2908165752887726, 0.709183394908905, 0.8489205241203308, 0.1510794758796692]	-0.558103933930397	-0.1397371143102646	0.2790519595146179	-0.06986856460571289	0.709183394908905	[20911, 20911, 20910, 20910, 20910]	[20973, 20973, 20973, 20972, 20972]		
3585.56675	6.414499999999862	epochs															maze_arm	228.0
3592.003	5.159499999999753	epochs															feedback_and_iti	228.0
3592.003	0.9922499999997854	epochs															feedback_delay	228.0
3593.016	1.97649999999976	epochs															feedback	228.0
3595.1795	1.9829999999997199	epochs															iti	228.0
3597.1815	7.987999999999829	epochs															maze	229.0
3597.1815	5.58849999999984	epochs															maze_stem	229.0
3597.2015	13.171749999999975	trials	True	False	False	True	False	True	[0.2936784327030182, 0.7063215970993042, 0.8787456750869751, 0.12125430256128311]	-0.585067268460989	-0.172424104064703	0.29253362119197845	0.08621205389499664	0.8787456750869751	[21005, 21005, 21005, 21004, 21004]	[21052, 21052, 21052, 21051, 21051]		
3602.79125	2.3782499999997526	epochs															maze_arm	229.0
3605.19025	5.16274999999996	epochs															feedback_and_iti	229.0
3605.19025	0.9812499999998181	epochs															feedback_delay	229.0
3606.1925	1.9772499999999127	epochs															feedback	229.0
3608.36075	1.99225000000024	epochs															iti	229.0
3610.37325	8.246000000000095	epochs															maze	230.0
3610.37325	6.648499999999785	epochs															maze_stem	230.0
3610.392	13.422000000000025	trials	False	False	False	True	False	True	[0.21547694504261017, 0.784523069858551, 0.7743154168128967, 0.22568456828594208]	-0.5588384866714478	0.010207638144493103	0.2794192358851433	-0.0051038190722465515	0.7743154168128967	[21084, 21084, 21084, 21084, 21083]	[21133, 21132, 21132, 21132, 21132]		
3617.04	1.5792500000002292	epochs															maze_arm	230.0
3618.6355	5.159500000000207	epochs															feedback_and_iti	230.0
3618.6355	0.9839999999999236	epochs															feedback_delay	230.0
3619.6355	1.9862499999999272	epochs															feedback	230.0
3621.8075	1.987500000000182	epochs															iti	230.0
3623.814	7.99350000000004	epochs															maze	231.0
3623.814	4.882000000000062	epochs															maze_stem	231.0
3623.8315	13.19775000000027	trials	False	False	False	True	False	True	[0.3316402733325958, 0.6683596968650818, 0.8679245710372925, 0.1320754885673523]	-0.5362842530012131	-0.1995648294687271	0.2681421488523483	0.09978242218494415	0.8679245710372925	[21165, 21164, 21164, 21164, 21164]	[21212, 21211, 21211, 21211, 21211]		
3628.7145	3.092999999999847	epochs															maze_arm	231.0
3631.82275	5.1862500000002	epochs															feedback_and_iti	231.0
3631.82275	0.9867500000000291	epochs															feedback_delay	231.0
3632.82475	1.994249999999738	epochs															feedback	231.0
3635.022	1.98700000000008	epochs															iti	231.0
3637.02925	7.286749999999756	epochs															maze	232.0
3637.02925	4.48174999999992	epochs															maze_stem	232.0
3637.05025	12.47900000000027	trials	False	False	False	False	True	True	[0.314109206199646, 0.685890793800354, 0.8450176119804382, 0.15498243272304535]	-0.5309083834290504	-0.15912679582834244	0.2654541805386543	-0.07956338673830032	0.685890793800354	[21244, 21244, 21244, 21243, 21243]	[21287, 21286, 21286, 21286, 21286]		
3641.53125	2.7847499999998035	epochs															maze_arm	232.0
3644.3375	5.174250000000029	epochs															feedback_and_iti	232.0
3644.3375	0.9939999999996871	epochs															feedback_delay	232.0
3645.35325	1.9707499999999527	epochs															feedback	232.0
3647.51925	1.992500000000291	epochs															iti	232.0
3649.52925	8.629750000000058	epochs															maze	233.0
3649.52925	5.3137499999998	epochs															maze_stem	233.0
3649.54775	13.80724999999984	trials	False	False	False	True	False	True	[0.24719026684761047, 0.7528097629547119, 0.8588380813598633, 0.1411619335412979]	-0.6116478219628334	-0.10602832585573196	0.3058239072561264	0.05301417410373688	0.8588380813598633	[21319, 21319, 21318, 21318, 21318]	[21370, 21369, 21369, 21369, 21369]		
3654.862	3.2970000000000255	epochs															maze_arm	233.0
3658.17425	5.16150000000016	epochs															feedback_and_iti	233.0
3658.17425	0.9857499999998254	epochs															feedback_delay	233.0
3659.17525	1.98700000000008	epochs															feedback	233.0
3661.3505	1.9852500000001783	epochs															iti	233.0
3663.355	7.8472499999998035	epochs															maze	234.0
3663.355	4.623500000000149	epochs															maze_stem	234.0
3663.37375	13.039999999999964	trials	False	False	False	True	False	True	[0.24778373539447784, 0.7522163391113281, 0.8169577717781067, 0.18304221332073212]	-0.5691740810871124	-0.06474147737026215	0.2845870181918144	0.03237075358629227	0.8169577717781067	[21402, 21402, 21401, 21401, 21401]	[21448, 21448, 21447, 21447, 21447]		
3667.99675	3.205500000000029	epochs															maze_arm	234.0
3671.21875	5.173749999999927	epochs															feedback_and_iti	234.0
3671.21875	0.9997499999999491	epochs															feedback_delay	234.0
3672.235	1.9837499999998727	epochs															feedback	234.0
3674.41575	1.9767499999998108	epochs															iti	234.0
3676.41375	8.863749999999982	epochs															maze	235.0
3676.41375	4.415749999999662	epochs															maze_stem	235.0
3676.43275	14.060500000000047	trials	False	False	False	False	True	True	[0.3128319978713989, 0.6871680617332458, 0.8516568541526794, 0.14834317564964294]	-0.5388248711824417	-0.1644888073205948	0.26941244304180145	-0.0822443813085556	0.6871680617332458	[21480, 21480, 21480, 21479, 21479]	[21532, 21532, 21532, 21532, 21531]		
3680.85	4.4275000000002365	epochs															maze_arm	235.0
3685.29875	5.17325000000028	epochs															feedback_and_iti	235.0
3685.29875	0.9794999999999163	epochs															feedback_delay	235.0
3686.30375	1.994249999999738	epochs															feedback	235.0
3688.49475	1.9772500000003674	epochs															iti	235.0
3690.49325	9.659250000000156	epochs															maze	236.0
3690.49325	6.586999999999989	epochs															maze_stem	236.0
3690.517	14.845000000000255	trials	True	False	False	True	False	True	[0.2348935902118683, 0.7651063799858093, 0.84920334815979, 0.15079668164253235]	-0.6143097281455994	-0.08409693837165833	0.3071548789739609	0.04204846918582916	0.84920334815979	[21564, 21564, 21564, 21564, 21564]	[21621, 21621, 21621, 21621, 21621]		
3697.1	3.0525000000002365	epochs															maze_arm	236.0
3700.17325	5.168750000000273	epochs															feedback_and_iti	236.0
3700.17325	0.9965000000001965	epochs															feedback_delay	236.0
3701.1905	1.9787499999997635	epochs															feedback	236.0
3703.353	1.9890000000000327	epochs															iti	236.0
3705.362	8.383249999999862	epochs															maze	237.0
3705.362	6.271749999999884	epochs															maze_stem	237.0
3705.38025	13.570999999999913	trials	True	False	False	True	False	True	[0.20693644881248474, 0.7930635809898376, 0.77329421043396, 0.22670583426952362]	-0.5663577541708946	0.019769378006458282	0.2831788808107376	-0.009884670376777649	0.77329421043396	[21654, 21653, 21653, 21653, 21653]	[21703, 21703, 21703, 21702, 21702]		
3711.6535	2.0917500000000473	epochs															maze_arm	237.0
3713.7655	5.160499999999956	epochs															feedback_and_iti	237.0
3713.7655	0.980750000000171	epochs															feedback_delay	237.0
3714.76925	1.9837500000003274	epochs															feedback	237.0
3716.9355	1.9904999999998836	epochs															iti	237.0
3718.95125	8.20174999999972	epochs															maze	238.0
3718.95125	6.567000000000007	epochs															maze_stem	238.0
3718.97025	13.385999999999967	trials	False	False	False	True	False	True	[0.24928449094295502, 0.7507155537605286, 0.8111147284507751, 0.18888522684574127]	-0.5618302822113037	-0.060399219393730164	0.28091511875391006	0.030199609696865082	0.8111147284507751	[21735, 21735, 21735, 21734, 21734]	[21783, 21783, 21783, 21783, 21782]		
3725.53575	1.6172499999997854	epochs															maze_arm	238.0
3727.1695	5.1664999999998145	epochs															feedback_and_iti	238.0
3727.1695	0.9997499999999491	epochs															feedback_delay	238.0
3728.18575	1.9767499999998108	epochs															feedback	238.0
3730.35225	1.9837499999998727	epochs															iti	238.0
3732.35625	8.013750000000073	epochs															maze	239.0
3732.35625	5.228500000000167	epochs															maze_stem	239.0
3732.37625	13.198250000000371	trials	True	False	False	True	False	True	[0.3160034418106079, 0.6839965581893921, 0.8545318841934204, 0.14546805620193481]	-0.5385284721851349	-0.1705353558063507	0.26926422119140625	0.08526766300201416	0.8545318841934204	[21815, 21815, 21815, 21815, 21815]	[21863, 21862, 21862, 21862, 21862]		
3737.6055	2.764499999999771	epochs															maze_arm	239.0
3740.392	5.162250000000313	epochs															feedback_and_iti	239.0
3740.392	0.9947500000002947	epochs															feedback_delay	239.0
3741.4075	1.9647500000000946	epochs															feedback	239.0
3743.5735	1.980750000000171	epochs															iti	239.0
3745.5745	6.841750000000047	epochs															maze	240.0
3745.5745	4.321249999999964	epochs															maze_stem	240.0
3745.59425	12.034999999999854	trials	True	False	False	False	True	True	[0.2425670027732849, 0.7574329972267151, 0.7951213121414185, 0.20487871766090393]	-0.5525542944669724	-0.037688300013542175	0.2762771397829056	-0.01884414255619049	0.7574329972267151	[21895, 21894, 21894, 21894, 21894]	[21935, 21935, 21934, 21934, 21934]		
3749.91775	2.498500000000149	epochs															maze_arm	240.0
3752.44125	5.169499999999971	epochs															feedback_and_iti	240.0
3752.44125	0.9792500000003201	epochs															feedback_delay	240.0
3753.44075	1.987749999999778	epochs															feedback	240.0
3755.6255	1.9852499999997235	epochs															iti	240.0
3757.62925	7.440000000000055	epochs															maze	241.0
3757.62925	5.8215000000000146	epochs															maze_stem	241.0
3757.6495	12.646250000000236	trials	True	False	False	True	False	True	[0.31952527165412903, 0.6804746985435486, 0.8929451704025269, 0.10705489665269852]	-0.573419850319624	-0.2124704234302044	0.2867099493741989	0.10623522102832794	0.8929451704025269	[21967, 21967, 21967, 21966, 21966]	[22011, 22010, 22010, 22010, 22010]		
3763.47075	1.5985000000000582	epochs															maze_arm	241.0
3765.0895	5.182999999999993	epochs															feedback_and_iti	241.0
3765.0895	0.9867500000000291	epochs															feedback_delay	241.0
3766.099	1.986750000000029	epochs															feedback	241.0
3768.27625	1.9962500000001455	epochs															iti	241.0
3770.29575	7.055749999999989	epochs															maze	242.0
3770.29575	4.416999999999916	epochs															maze_stem	242.0
3770.3175	12.22524999999996	trials	False	False	False	False	True	True	[0.22048459947109222, 0.7795153856277466, 0.777660608291626, 0.22233933210372925]	-0.5571760311722755	0.0018547549843788147	0.27858802676200867	0.000927358865737915	0.7795153856277466	[22043, 22043, 22042, 22042, 22042]	[22084, 22084, 22084, 22084, 22083]		
3774.7315	2.6200000000003456	epochs															maze_arm	242.0
3777.37275	5.15099999999984	epochs															feedback_and_iti	242.0
3777.37275	0.9832500000002256	epochs															feedback_delay	242.0
3778.37925	1.9737500000001091	epochs															feedback	242.0
3780.55475	1.969000000000051	epochs															iti	242.0
3782.54275	7.3087500000001455	epochs															maze	243.0
3782.54275	4.399249999999938	epochs															maze_stem	243.0
3782.561	12.50774999999976	trials	False	False	False	True	False	True	[0.2644241154193878, 0.7355758547782898, 0.868340790271759, 0.13165922462940216]	-0.6039166525006294	-0.13276491314172745	0.3019583374261856	0.06638245284557343	0.868340790271759	[22116, 22116, 22116, 22116, 22116]	[22159, 22159, 22159, 22159, 22158]		
3786.9635	2.8880000000003747	epochs															maze_arm	243.0
3789.86825	5.178750000000036	epochs															feedback_and_iti	243.0
3789.86825	0.9850000000001273	epochs															feedback_delay	243.0
3790.87075	1.987500000000182	epochs															feedback	243.0
3793.058	1.9890000000000327	epochs															iti	243.0
3795.06875	7.447250000000167	epochs															maze	244.0
3795.06875	4.7400000000002365	epochs															maze_stem	244.0
3795.08975	12.639999999999873	trials	False	False	False	False	True	True	[0.2408343404531479, 0.7591656446456909, 0.8111516237258911, 0.18884840607643127]	-0.5703172609210014	-0.051985956728458405	0.2851586192846298	-0.025992974638938904	0.7591656446456909	[22191, 22191, 22191, 22191, 22191]	[22235, 22235, 22235, 22235, 22234]		
3799.82975	2.6862500000002	epochs															maze_arm	244.0
3802.53575	5.170000000000073	epochs															feedback_and_iti	244.0
3802.53575	0.9834999999998217	epochs															feedback_delay	244.0
3803.54125	1.988999999999578	epochs															feedback	244.0
3805.718	1.9877500000002328	epochs															iti	244.0
3807.72975	8.535750000000007	epochs															maze	245.0
3807.72975	5.909750000000258	epochs															maze_stem	245.0
3807.75375	13.72375000000011	trials	True	False	False	True	False	True	[0.24986356496810913, 0.7501364350318909, 0.8600960373878479, 0.1399039626121521]	-0.6102324724197388	-0.10995960235595703	0.3051162362098694	0.054979801177978516	0.8600960373878479	[22267, 22267, 22267, 22267, 22267]	[22318, 22317, 22317, 22317, 22317]		
3813.66275	2.6027500000000146	epochs															maze_arm	245.0
3816.285	5.169750000000022	epochs															feedback_and_iti	245.0
3816.285	0.9850000000001273	epochs															feedback_delay	245.0
3817.29125	1.9747499999998581	epochs															feedback	245.0
3819.46975	1.9849999999996726	epochs															iti	245.0
3821.4775	6.531500000000051	epochs															maze	246.0
3821.4775	4.23050000000012	epochs															maze_stem	246.0
3821.49875	11.71474999999964	trials	False	False	False	False	True	True	[0.20632196962833405, 0.7936779856681824, 0.7737805247306824, 0.22621947526931763]	-0.5674585327506065	0.01989748328924179	0.2837292551994324	0.00994873046875	0.7936779856681824	[22350, 22350, 22349, 22349, 22349]	[22388, 22388, 22388, 22387, 22387]		
3825.728	2.280999999999949	epochs															maze_arm	246.0
3828.03075	5.1590000000001055	epochs															feedback_and_iti	246.0
3828.03075	0.9880000000002838	epochs															feedback_delay	246.0
3829.0405	1.9737500000001091	epochs															feedback	246.0
3831.18825	2.001499999999851	epochs															iti	246.0
3833.2135	7.288250000000062	epochs															maze	247.0
3833.2135	4.780500000000302	epochs															maze_stem	247.0
3833.233	12.45724999999993	trials	False	False	False	True	False	True	[0.2567039132118225, 0.7432960867881775, 0.8646193742752075, 0.1353805810213089]	-0.6079154834151268	-0.12132330983877182	0.3039577305316925	0.060661643743515015	0.8646193742752075	[22420, 22420, 22420, 22420, 22419]	[22463, 22463, 22462, 22462, 22462]		
3838.01375	2.487999999999829	epochs															maze_arm	247.0
3840.519	5.14975000000004	epochs															feedback_and_iti	247.0
3840.519	0.999000000000251	epochs															feedback_delay	247.0
3841.53375	1.9695000000001528	epochs															feedback	247.0
3843.682	1.986750000000029	epochs															iti	247.0
3845.69025	7.424749999999676	epochs															maze	248.0
3845.69025	4.833749999999782	epochs															maze_stem	248.0
3845.71325	12.609500000000025	trials	True	False	False	True	False	True	[0.2381719946861267, 0.7618280053138733, 0.808875560760498, 0.19112442433834076]	-0.5707035735249519	-0.04704756289720535	0.28535178303718567	0.023523777723312378	0.808875560760498	[22495, 22495, 22495, 22494, 22494]	[22538, 22538, 22538, 22538, 22538]		
3850.54375	2.5712499999999636	epochs															maze_arm	248.0
3853.1345	5.167999999999665	epochs															feedback_and_iti	248.0
3853.1345	0.9859999999998763	epochs															feedback_delay	248.0
3854.14175	1.9802500000000691	epochs															feedback	248.0
3856.30275	1.999749999999949	epochs															iti	248.0
3858.32275	7.3702500000003965	epochs															maze	249.0
3858.32275	4.996000000000095	epochs															maze_stem	249.0
3858.34725	12.579750000000331	trials	True	False	False	False	True	True	[0.23634003102779388, 0.7636600136756897, 0.7980993390083313, 0.20190070569515228]	-0.5617593079805374	-0.0344393253326416	0.2808796539902687	-0.01721964031457901	0.7636600136756897	[22571, 22570, 22570, 22570, 22570]	[22614, 22614, 22613, 22613, 22613]		
3863.3365	2.356500000000324	epochs															maze_arm	249.0
3865.71375	5.192000000000007	epochs															feedback_and_iti	249.0
3865.71375	0.9850000000001273	epochs															feedback_delay	249.0
3866.7195	1.986750000000029	epochs															feedback	249.0
3868.91725	1.9884999999999309	epochs															iti	249.0
3870.927	7.1967500000000655	epochs															maze	250.0
3870.927	4.693249999999807	epochs															maze_stem	250.0
3870.95	14.238250000000335	trials	False	True	True	False	True	False	[0.31058213114738464, 0.689417839050293, 0.8888211846351624, 0.11117885261774063]	-0.578239019960165	-0.1994033120572567	0.28911949321627617	-0.0997016541659832	0.689417839050293	[22646, 22646, 22646, 22646, 22645]	[22688, 22688, 22688, 22688, 22688]		
3875.639	2.4847500000000764	epochs															maze_arm	250.0
3878.13925	7.029999999999745	epochs															feedback_and_iti	250.0
3878.13925	0.9837499999998727	epochs															feedback_delay	250.0
3879.1415	1.9964999999997417	epochs															feedback	250.0
3881.176	3.993249999999989	epochs															iti	250.0
3885.18825	6.492749999999887	epochs															maze	251.0
3885.18825	4.203749999999673	epochs															maze_stem	251.0
3885.2095	13.534000000000106	trials	False	True	False	False	True	False	[0.3682730495929718, 0.6317269802093506, 0.7524917721748352, 0.2475081980228424]	-0.3842187523841858	-0.120764821767807	0.1921093910932541	-0.0603824108839035	0.6317269802093506	[22732, 22732, 22731, 22731, 22731]	[22770, 22769, 22769, 22769, 22769]		
3889.412	2.269000000000233	epochs															maze_arm	251.0
3891.6985	7.024499999999989	epochs															feedback_and_iti	251.0
3891.6985	0.9847500000000764	epochs															feedback_delay	251.0
3892.70175	1.9849999999996726	epochs															feedback	251.0
3894.72575	3.9972499999998945	epochs															iti	251.0
3898.7435	7.163000000000011	epochs															maze	252.0
3898.7435	4.670000000000073	epochs															maze_stem	252.0
3898.764	12.361249999999927	trials	True	True	False	True	True	True	[0.424019455909729, 0.575980544090271, 0.7413917183876038, 0.25860825181007385]	-0.31737227737903595	-0.16541118919849396	-0.15868614614009857	-0.08270560204982758	0.25860825181007385	[22813, 22813, 22813, 22812, 22812]	[22855, 22855, 22855, 22854, 22854]		
3903.432	2.474500000000262	epochs															maze_arm	252.0
3905.92725	5.17574999999988	epochs															feedback_and_iti	252.0
3905.92725	0.9952499999999418	epochs															feedback_delay	252.0
3906.945	1.975500000000011	epochs															feedback	252.0
3909.124	1.9790000000002692	epochs															iti	252.0
3911.12525	6.520999999999731	epochs															maze	253.0
3911.12525	4.589249999999993	epochs															maze_stem	253.0
3911.14775	11.707499999999982	trials	False	True	False	True	True	True	[0.22675715386867523, 0.7732427716255188, 0.6889404654502869, 0.31105953454971313]	-0.46218327432870865	0.08430234342813492	-0.23109161853790283	0.04215115308761597	0.31105953454971313	[22887, 22887, 22887, 22887, 22886]	[22925, 22925, 22925, 22925, 22925]		
3915.733	1.913249999999607	epochs															maze_arm	253.0
3917.66375	5.170749999999771	epochs															feedback_and_iti	253.0
3917.66375	0.9884999999999309	epochs															feedback_delay	253.0
3918.6715	1.9845000000000255	epochs															feedback	253.0
3920.848	1.9864999999999782	epochs															iti	253.0
3922.85525	7.287499999999909	epochs															maze	254.0
3922.85525	4.621999999999844	epochs															maze_stem	254.0
3922.87575	14.323499999999967	trials	False	True	False	True	False	False	[0.14905068278312683, 0.8509492874145508, 0.43051546812057495, 0.5694845914840698]	-0.28146474063396454	0.4204338639974594	0.14073239266872406	-0.2102169245481491	0.43051546812057495	[22958, 22957, 22957, 22957, 22957]	[23000, 23000, 23000, 23000, 23000]		
3927.4995	2.64325000000008	epochs															maze_arm	254.0
3930.16425	7.013500000000022	epochs															feedback_and_iti	254.0
3930.16425	0.9847500000000764	epochs															feedback_delay	254.0
3931.167	1.9907499999999345	epochs															feedback	254.0
3933.194	3.9837499999998727	epochs															iti	254.0
3937.19925	9.572499999999764	epochs															maze	255.0
3937.19925	7.606999999999971	epochs															maze_stem	255.0
3937.22	14.749750000000404	trials	False	True	False	True	True	True	[0.35227030515670776, 0.647729754447937, 0.658165693283081, 0.34183430671691895]	-0.3058954179286957	-0.01043596863746643	-0.15294772386550903	-0.0052179694175720215	0.34183430671691895	[23044, 23043, 23043, 23043, 23043]	[23100, 23100, 23100, 23099, 23099]		
3944.83	1.9417499999999563	epochs															maze_arm	255.0
3946.78725	5.161250000000109	epochs															feedback_and_iti	255.0
3946.78725	0.9882500000003347	epochs															feedback_delay	255.0
3947.79425	1.9800000000000182	epochs															feedback	255.0
3949.95675	1.9917500000001382	epochs															iti	255.0
3951.96975	13.149499999999989	epochs															maze	256.0
3951.96975	10.04424999999992	epochs															maze_stem	256.0
3951.99125	20.190500000000156	trials	False	True	False	False	True	False	[0.1564447581768036, 0.843555212020874, 0.4879215955734253, 0.5120784044265747]	-0.3314768224954605	0.3556336313486099	0.16573840379714966	0.17781680822372437	0.843555212020874	[23132, 23132, 23132, 23131, 23131]	[23210, 23210, 23210, 23209, 23209]		
3962.033	3.086250000000291	epochs															maze_arm	256.0
3965.13525	7.0275000000001455	epochs															feedback_and_iti	256.0
3965.13525	0.9819999999999709	epochs															feedback_delay	256.0
3966.137	1.9914999999996326	epochs															feedback	256.0
3968.16825	3.994499999999789	epochs															iti	256.0
3972.18175	5.814249999999902	epochs															maze	257.0
3972.18175	4.218499999999949	epochs															maze_stem	257.0
3972.20225	12.841750000000047	trials	False	True	False	True	False	False	[0.3397201597690582, 0.6602798104286194, 0.679291307926178, 0.32070866227149963]	-0.33957114815711975	-0.019011497497558594	0.16978557407855988	0.009505733847618103	0.679291307926178	[23253, 23253, 23253, 23253, 23252]	[23287, 23287, 23287, 23287, 23286]		
3976.42125	1.574750000000222	epochs															maze_arm	257.0
3978.01525	7.007500000000164	epochs															feedback_and_iti	257.0
3978.01525	0.9852500000001783	epochs															feedback_delay	257.0
3979.01825	1.9842499999999745	epochs															feedback	257.0
3981.039	3.9837499999998727	epochs															iti	257.0
3985.044	6.206250000000182	epochs															maze	258.0
3985.044	4.506750000000011	epochs															maze_stem	258.0
3985.06475	11.407999999999902	trials	False	True	False	False	False	True	[0.4857220947742462, 0.5142778754234314, 0.723726212978363, 0.27627378702163696]	-0.23800410330295563	-0.20944832265377045	-0.11900205910205841	0.10472415387630463	0.4857220947742462	[23330, 23330, 23330, 23330, 23330]	[23367, 23366, 23366, 23366, 23366]		
3989.571	1.6792500000001382	epochs															maze_arm	258.0
3991.26775	5.1840000000001965	epochs															feedback_and_iti	258.0
3991.26775	0.9827500000001237	epochs															feedback_delay	258.0
3992.269	1.9955000000004475	epochs															feedback	258.0
3994.449	2.0027500000001055	epochs															iti	258.0
3996.47275	7.949500000000171	epochs															maze	259.0
3996.47275	5.916250000000218	epochs															maze_stem	259.0
3996.49325	15.002750000000106	trials	False	True	False	True	False	False	[0.4260571599006653, 0.5739428400993347, 0.8591079115867615, 0.14089210331439972]	-0.4330507442355156	-0.28516506403684616	0.2165253758430481	0.14258253574371338	0.8591079115867615	[23399, 23399, 23399, 23398, 23398]	[23446, 23445, 23445, 23445, 23445]		
4002.40925	2.01299999999992	epochs															maze_arm	259.0
4004.43825	7.034499999999753	epochs															feedback_and_iti	259.0
4004.43825	0.9954999999999927	epochs															feedback_delay	259.0
4005.45175	1.9802499999996144	epochs															feedback	259.0
4007.4705	4.002250000000004	epochs															iti	259.0
4011.496	6.91924999999992	epochs															maze	260.0
4011.496	4.3840000000000146	epochs															maze_stem	260.0
4011.518	13.95575000000008	trials	False	True	False	False	True	False	[0.5087882280349731, 0.49121177196502686, 0.7486007809638977, 0.2513992190361023]	-0.23981255292892456	-0.25738900899887085	0.11990627646446228	-0.12869450449943542	0.49121177196502686	[23489, 23489, 23489, 23488, 23488]	[23530, 23529, 23529, 23529, 23529]		
4015.90075	2.5145000000002256	epochs															maze_arm	260.0
4018.43175	7.019749999999931	epochs															feedback_and_iti	260.0
4018.43175	0.9977499999999964	epochs															feedback_delay	260.0
4019.448	1.9825000000000728	epochs															feedback	260.0
4021.46725	3.9842499999999745	epochs															iti	260.0
4025.47375	7.646499999999833	epochs															maze	261.0
4025.47375	5.365249999999833	epochs															maze_stem	261.0
4025.4955	14.681750000000193	trials	False	True	False	False	True	False	[0.449798583984375, 0.5502013564109802, 0.7385029792785645, 0.26149702072143555]	-0.28870436549186707	-0.18830159306526184	0.14435216784477234	-0.09415081143379211	0.5502013564109802	[23573, 23573, 23572, 23572, 23572]	[23618, 23617, 23617, 23617, 23617]		
4030.85925	2.2609999999999673	epochs															maze_arm	261.0
4033.137	7.0167499999997744	epochs															feedback_and_iti	261.0
4033.137	0.9959999999996398	epochs															feedback_delay	261.0
4034.151	1.9790000000002692	epochs															feedback	261.0
4036.16775	3.9859999999998763	epochs															iti	261.0
4040.17725	8.530999999999949	epochs															maze	262.0
4040.17725	4.597999999999956	epochs															maze_stem	262.0
4040.2005	15.571750000000065	trials	False	True	False	False	True	False	[0.4159645736217499, 0.5840353965759277, 0.6996471881866455, 0.3003528118133545]	-0.28368259966373444	-0.11561177670955658	0.14184129238128662	-0.05780589580535889	0.5840353965759277	[23661, 23661, 23661, 23660, 23660]	[23711, 23711, 23711, 23711, 23710]		
4044.79925	3.9090000000001055	epochs															maze_arm	262.0
4048.7255	7.025749999999789	epochs															feedback_and_iti	262.0
4048.7255	0.9994999999998981	epochs															feedback_delay	262.0
4049.7415	1.9809999999997672	epochs															feedback	262.0
4051.75825	3.992999999999938	epochs															iti	262.0
4055.77225	7.332499999999982	epochs															maze	263.0
4055.77225	4.9164999999998145	epochs															maze_stem	263.0
4055.7935	14.362999999999829	trials	False	True	False	False	True	False	[0.42150354385375977, 0.5784964561462402, 0.692168116569519, 0.30783191323280334]	-0.2706645578145981	-0.11367164552211761	0.13533227145671844	-0.05683581531047821	0.5784964561462402	[23754, 23754, 23754, 23754, 23754]	[23797, 23797, 23797, 23797, 23797]		
4060.71075	2.393999999999778	epochs															maze_arm	263.0
4063.12225	7.013249999999971	epochs															feedback_and_iti	263.0
4063.12225	0.9952499999999418	epochs															feedback_delay	263.0
4064.135	1.976249999999709	epochs															feedback	263.0
4066.1475	3.987999999999829	epochs															iti	263.0
4070.1565	7.393999999999778	epochs															maze	264.0
4070.1565	4.632500000000164	epochs															maze_stem	264.0
4070.1775	12.575750000000426	trials	False	True	False	True	True	True	[0.4240572452545166, 0.5759427547454834, 0.6788419485092163, 0.3211580812931061]	-0.2547846883535385	-0.10289917886257172	-0.12739233672618866	-0.05144958198070526	0.3211580812931061	[23841, 23840, 23840, 23840, 23840]	[23884, 23884, 23884, 23883, 23883]		
4074.8095	2.7409999999999854	epochs															maze_arm	264.0
4077.56725	5.165750000000116	epochs															feedback_and_iti	264.0
4077.56725	0.9977499999999964	epochs															feedback_delay	264.0
4078.5825	1.9702499999998508	epochs															feedback	264.0
4080.74125	1.9917500000001382	epochs															iti	264.0
4082.75325	9.553749999999582	epochs															maze	265.0
4082.75325	7.314499999999953	epochs															maze_stem	265.0
4082.773	14.743999999999687	trials	True	True	False	False	False	True	[0.29351669549942017, 0.7064833641052246, 0.5056904554367065, 0.49430951476097107]	-0.21217380464076996	0.20079286396503448	-0.10608687996864319	-0.10039642453193665	0.29351669549942017	[23916, 23916, 23916, 23916, 23915]	[23973, 23972, 23972, 23972, 23972]		
4090.08625	2.2207499999999527	epochs															maze_arm	265.0
4092.32825	5.1662499999997635	epochs															feedback_and_iti	265.0
4092.32825	0.9940000000001419	epochs															feedback_delay	265.0
4093.343	1.9702500000003056	epochs															feedback	265.0
4095.50825	1.9862499999999272	epochs															iti	265.0
4097.517	7.986249999999927	epochs															maze	266.0
4097.517	5.357750000000124	epochs															maze_stem	266.0
4097.53775	15.066499999999905	trials	False	True	False	True	False	False	[0.4284874498844147, 0.5715125799179077, 0.6411156058311462, 0.35888442397117615]	-0.21262815594673157	-0.06960302591323853	0.10631407797336578	0.03480152785778046	0.6411156058311462	[24005, 24004, 24004, 24004, 24004]	[24052, 24051, 24051, 24051, 24051]		
4102.89475	2.608499999999367	epochs															maze_arm	266.0
4105.52025	7.053250000000844	epochs															feedback_and_iti	266.0
4105.52025	0.9930000000003929	epochs															feedback_delay	266.0
4106.53025	1.993000000000393	epochs															feedback	266.0
4108.56875	4.004750000000058	epochs															iti	266.0
4112.60425	6.3530000000000655	epochs															maze	267.0
4112.60425	4.470749999999498	epochs															maze_stem	267.0
4112.6285	13.373999999999796	trials	False	True	False	True	False	False	[0.5469409823417664, 0.45305901765823364, 0.7017074227333069, 0.29829251766204834]	-0.15476647019386292	-0.24864843487739563	0.07738322019577026	0.12432420253753662	0.7017074227333069	[24095, 24095, 24095, 24095, 24094]	[24132, 24132, 24132, 24132, 24131]		
4117.09575	1.8614999999999782	epochs															maze_arm	267.0
4118.97475	7.007499999999709	epochs															feedback_and_iti	267.0
4118.97475	0.9960000000000946	epochs															feedback_delay	267.0
4119.987	1.975999999999658	epochs															feedback	267.0
4121.99925	3.9830000000001746	epochs															iti	267.0
4126.0025	7.0457500000002256	epochs															maze	268.0
4126.0025	4.9082500000004075	epochs															maze_stem	268.0
4126.0225	14.087249999999585	trials	True	True	False	True	False	False	[0.6128631234169006, 0.387136846780777, 0.7413670420646667, 0.25863295793533325]	-0.12850390374660492	-0.3542301803827286	0.06425195932388306	0.1771150827407837	0.7413670420646667	[24175, 24175, 24175, 24175, 24175]	[24217, 24217, 24216, 24216, 24216]		
4130.93025	2.1179999999994834	epochs															maze_arm	268.0
4133.069	7.019999999999527	epochs															feedback_and_iti	268.0
4133.069	0.9987499999997453	epochs															feedback_delay	268.0
4134.0865	1.9789999999993597	epochs															feedback	268.0
4136.103	3.9859999999998763	epochs															iti	268.0
4140.10975	7.7462500000001455	epochs															maze	269.0
4140.10975	6.162250000000313	epochs															maze_stem	269.0
4140.13025	12.94275000000016	trials	False	True	False	False	False	True	[0.7080069780349731, 0.29199302196502686, 0.7948720455169678, 0.20512796938419342]	-0.08686506003141403	-0.5028790161013603	-0.043432533740997314	0.25143951177597046	0.7080069780349731	[24260, 24260, 24260, 24259, 24259]	[24306, 24305, 24305, 24305, 24305]		
4146.29	1.5659999999998035	epochs															maze_arm	269.0
4147.8735	5.176750000000538	epochs															feedback_and_iti	269.0
4147.8735	0.985250000000633	epochs															feedback_delay	269.0
4148.87725	1.9912500000000364	epochs															feedback	269.0
4151.06125	1.9890000000004875	epochs															iti	269.0
4153.073	8.894999999999527	epochs															maze	270.0
4153.073	6.448249999999462	epochs															maze_stem	270.0
4153.09525	14.082999999999629	trials	True	True	False	True	True	True	[0.7756022214889526, 0.22439777851104736, 0.8850107192993164, 0.1149892657995224]	-0.10940850526094437	-0.6606129482388496	-0.05470425635576248	-0.3303064778447151	0.1149892657995224	[24338, 24338, 24337, 24337, 24337]	[24390, 24390, 24390, 24390, 24389]		
4159.53875	2.4292500000001382	epochs															maze_arm	270.0
4161.9875	5.170250000000124	epochs															feedback_and_iti	270.0
4161.9875	0.9929999999994834	epochs															feedback_delay	270.0
4163.002	1.9724999999998545	epochs															feedback	270.0
4165.1785	1.9792500000003201	epochs															iti	270.0
4167.17825	7.3087500000001455	epochs															maze	271.0
4167.17825	5.229750000000422	epochs															maze_stem	271.0
4167.19875	12.472250000000713	trials	False	True	False	True	True	True	[0.5066627860069275, 0.4933371841907501, 0.7207559943199158, 0.2792440354824066]	-0.2140931785106659	-0.22741878032684326	-0.10704657435417175	-0.11370939016342163	0.2792440354824066	[24422, 24422, 24422, 24422, 24422]	[24465, 24465, 24465, 24465, 24464]		
4172.42825	2.0587500000001455	epochs															maze_arm	271.0
4174.50525	5.144999999999527	epochs															feedback_and_iti	271.0
4174.50525	0.9979999999995925	epochs															feedback_delay	271.0
4175.5215	1.9662500000004002	epochs															feedback	271.0
4177.6855	1.9647500000000946	epochs															iti	271.0
4179.671	7.229999999999563	epochs															maze	272.0
4179.671	4.950749999999971	epochs															maze_stem	272.0
4179.6905	12.418999999999869	trials	False	True	False	True	True	True	[0.386711061000824, 0.613288938999176, 0.42778900265693665, 0.572210967540741]	-0.041077956557273865	0.18549992144107819	-0.02053898572921753	0.0927499532699585	0.572210967540741	[24497, 24497, 24497, 24497, 24496]	[24540, 24539, 24539, 24539, 24539]		
4184.6405	2.2604999999994106	epochs															maze_arm	272.0
4186.91975	5.167749999999614	epochs															feedback_and_iti	272.0
4186.91975	0.9967500000002474	epochs															feedback_delay	272.0
4187.93275	1.9717499999997017	epochs															feedback	272.0
4190.11725	1.970249999999396	epochs															iti	272.0
4192.1095	7.274750000000495	epochs															maze	273.0
4192.1095	4.407750000000306	epochs															maze_stem	273.0
4192.1305	12.472499999999854	trials	True	True	False	True	True	True	[0.34874945878982544, 0.6512504816055298, 0.2921641767024994, 0.7078357934951782]	0.056585296988487244	0.3590863198041916	0.02829265594482422	0.179543137550354	0.7078357934951782	[24572, 24572, 24571, 24571, 24571]	[24614, 24614, 24614, 24614, 24614]		
4196.53525	2.84900000000016	epochs															maze_arm	273.0
4199.4065	5.173499999999876	epochs															feedback_and_iti	273.0
4199.4065	0.9799999999995634	epochs															feedback_delay	273.0
4200.40775	1.9927499999994325	epochs															feedback	273.0
4202.5765	2.0034999999998035	epochs															iti	273.0
4204.603	6.464500000000044	epochs															maze	274.0
4204.603	4.282000000000153	epochs															maze_stem	274.0
4204.624	13.5	trials	False	True	False	True	False	False	[0.338024377822876, 0.661975622177124, 0.3456760346889496, 0.6543239951133728]	-0.0076516419649124146	0.31629960238933563	0.003825828433036804	-0.15814979374408722	0.3456760346889496	[24647, 24647, 24646, 24646, 24646]	[24685, 24684, 24684, 24684, 24684]		
4208.90475	2.1627500000004147	epochs															maze_arm	274.0
4211.0835	7.020000000000437	epochs															feedback_and_iti	274.0
4211.0835	0.9930000000003929	epochs															feedback_delay	274.0
4212.095	1.9744999999993524	epochs															feedback	274.0
4214.1055	3.998000000000502	epochs															iti	274.0
4218.124	5.4962500000001455	epochs															maze	275.0
4218.124	4.100500000000466	epochs															maze_stem	275.0
4218.1445	12.547749999999724	trials	False	True	False	True	False	False	[0.4980810582637787, 0.5019189119338989, 0.6396316885948181, 0.3603682816028595]	-0.14155063033103943	-0.1377127766609192	0.07077531516551971	0.0688563734292984	0.6396316885948181	[24728, 24728, 24727, 24727, 24727]	[24760, 24760, 24759, 24759, 24759]		
4222.24475	1.3755000000001019	epochs															maze_arm	275.0
4223.63825	7.024999999999636	epochs															feedback_and_iti	275.0
4223.63825	0.9984999999996944	epochs															feedback_delay	275.0
4224.655	1.97400000000016	epochs															feedback	275.0
4226.67025	3.9929999999994834	epochs															iti	275.0
4230.69225	7.629750000000058	epochs															maze	276.0
4230.69225	4.525249999999687	epochs															maze_stem	276.0
4230.7155	14.65899999999965	trials	False	True	False	False	True	False	[0.6177700757980347, 0.38222992420196533, 0.7137840390205383, 0.2862159311771393]	-0.09601397812366486	-0.3315541297197342	0.048006996512413025	-0.1657770723104477	0.38222992420196533	[24803, 24803, 24803, 24803, 24802]	[24848, 24848, 24848, 24847, 24847]		
4235.2355	3.086500000000342	epochs															maze_arm	276.0
4238.3385	7.015250000000378	epochs															feedback_and_iti	276.0
4238.3385	0.9975000000004002	epochs															feedback_delay	276.0
4239.354	1.96875	epochs															feedback	276.0
4241.35875	3.994999999999891	epochs															iti	276.0
4245.3745	6.545250000000124	epochs															maze	277.0
4245.3745	4.17975000000024	epochs															maze_stem	277.0
4245.39275	11.74474999999984	trials	True	True	False	False	False	True	[0.5069696307182312, 0.4930303692817688, 0.6488920450210571, 0.35110798478126526]	-0.14192239940166473	-0.15586166083812714	-0.07096120715141296	0.07793083786964417	0.5069696307182312	[24891, 24891, 24891, 24891, 24890]	[24929, 24929, 24929, 24929, 24929]		
4249.5745	2.3452500000003056	epochs															maze_arm	277.0
4251.9395	5.1782499999999345	epochs															feedback_and_iti	277.0
4251.9395	0.9839999999994689	epochs															feedback_delay	277.0
4252.94425	1.9882500000003347	epochs															feedback	277.0
4255.1315	1.9862499999999272	epochs															iti	277.0
4257.1375	8.266250000000582	epochs															maze	278.0
4257.1375	6.899500000000444	epochs															maze_stem	278.0
4257.158	15.306999999999789	trials	False	True	False	True	False	False	[0.577812135219574, 0.422187864780426, 0.7321557402610779, 0.2678442597389221]	-0.1543436050415039	-0.30996787548065186	0.07717180252075195	0.15498393774032593	0.7321557402610779	[24962, 24961, 24961, 24961, 24961]	[25010, 25010, 25010, 25010, 25009]		
4264.0575	1.3462500000005093	epochs															maze_arm	278.0
4265.42125	7.022500000000036	epochs															feedback_and_iti	278.0
4265.42125	0.9922499999993306	epochs															feedback_delay	278.0
4266.43025	1.9879999999993743	epochs															feedback	278.0
4268.45575	3.9880000000002838	epochs															iti	278.0
4272.465	7.405749999999898	epochs															maze	279.0
4272.465	5.148000000000138	epochs															maze_stem	279.0
4272.484	14.45324999999957	trials	False	True	False	False	True	False	[0.630803644657135, 0.369196355342865, 0.7259656190872192, 0.2740343511104584]	-0.09516198933124542	-0.35676927864551544	0.04758100211620331	-0.17838464677333832	0.369196355342865	[25054, 25053, 25053, 25053, 25053]	[25097, 25097, 25097, 25096, 25096]		
4277.63775	2.2330000000001746	epochs															maze_arm	279.0
4279.88625	7.03125	epochs															feedback_and_iti	279.0
4279.88625	0.9895000000005894	epochs															feedback_delay	279.0
4280.89375	1.986750000000029	epochs															feedback	279.0
4282.91975	3.9977499999995416	epochs															iti	279.0
4286.93725	7.069749999999658	epochs															maze	280.0
4286.93725	5.478750000000218	epochs															maze_stem	280.0
4286.958	12.251750000000357	trials	False	True	False	False	False	True	[0.5173527002334595, 0.48264726996421814, 0.6698952913284302, 0.3301047384738922]	-0.15254256129264832	-0.18724799156188965	-0.07627129554748535	0.09362399578094482	0.5173527002334595	[25140, 25140, 25140, 25140, 25140]	[25182, 25182, 25181, 25181, 25181]		
4292.43775	1.5692499999995562	epochs															maze_arm	280.0
4294.02475	5.164500000000771	epochs															feedback_and_iti	280.0
4294.02475	0.9985000000006039	epochs															feedback_delay	280.0
4295.04	1.9717499999997017	epochs															feedback	280.0
4297.21525	1.97400000000016	epochs															iti	280.0
4299.20975	7.654000000000451	epochs															maze	281.0
4299.20975	5.319749999999658	epochs															maze_stem	281.0
4299.23025	12.839249999999993	trials	False	True	False	True	True	True	[0.6767244935035706, 0.32327547669410706, 0.819076657295227, 0.18092329800128937]	-0.1423521712422371	-0.4958011880517006	-0.07117608934640884	-0.2479006126523018	0.18092329800128937	[25214, 25214, 25214, 25213, 25213]	[25259, 25259, 25258, 25258, 25258]		
4304.54975	2.3140000000003056	epochs															maze_arm	281.0
4306.87975	5.16924999999992	epochs															feedback_and_iti	281.0
4306.87975	0.9847499999996217	epochs															feedback_delay	281.0
4307.88175	1.9830000000001746	epochs															feedback	281.0
4310.061	1.9880000000002838	epochs															iti	281.0
4312.0695	6.166500000000269	epochs															maze	282.0
4312.0695	4.553000000000793	epochs															maze_stem	282.0
4312.089	11.347999999999956	trials	False	True	False	True	True	True	[0.4332224130630493, 0.5667775869369507, 0.5537803769111633, 0.4462195932865143]	-0.12055797874927521	0.01299719512462616	-0.0602789968252182	0.006498590111732483	0.4462195932865143	[25291, 25291, 25291, 25290, 25290]	[25327, 25327, 25327, 25326, 25326]		
4316.64075	1.5952500000003056	epochs															maze_arm	282.0
4318.2545	5.162999999999556	epochs															feedback_and_iti	282.0
4318.2545	0.9962500000001455	epochs															feedback_delay	282.0
4319.269	1.9744999999993524	epochs															feedback	282.0
4321.42875	1.988749999999527	epochs															iti	282.0
4323.437	6.788250000000517	epochs															maze	283.0
4323.437	5.069999999999709	epochs															maze_stem	283.0
4323.45775	11.952000000000226	trials	False	True	False	False	False	True	[0.3868400752544403, 0.6131599545478821, 0.353041410446167, 0.646958589553833]	0.03379864990711212	0.2601185292005539	0.016899332404136658	-0.13005925714969635	0.3868400752544403	[25359, 25359, 25359, 25359, 25358]	[25399, 25399, 25399, 25398, 25398]		
4328.52675	1.698500000000422	epochs															maze_arm	283.0
4330.24175	5.1469999999999345	epochs															feedback_and_iti	283.0
4330.24175	0.9989999999997963	epochs															feedback_delay	283.0
4331.259	1.9677499999997963	epochs															feedback	283.0
4333.405	1.9837500000003274	epochs															iti	283.0
4335.40975	9.288750000000618	epochs															maze	284.0
4335.40975	5.918250000000626	epochs															maze_stem	284.0
4335.43025	14.47899999999936	trials	False	True	False	True	True	True	[0.6257465481758118, 0.37425345182418823, 0.6729355454444885, 0.3270644545555115]	-0.04718899726867676	-0.2986820936203003	-0.02359449863433838	-0.14934104681015015	0.3270644545555115	[25431, 25431, 25431, 25430, 25430]	[25486, 25485, 25485, 25485, 25485]		
4341.34825	3.3502500000004147	epochs															maze_arm	284.0
4344.716	5.17174999999952	epochs															feedback_and_iti	284.0
4344.716	0.9982499999996435	epochs															feedback_delay	284.0
4345.73525	1.967250000000604	epochs															feedback	284.0
4347.9015	1.9862499999999272	epochs															iti	284.0
4349.90925	12.885750000000371	epochs															maze	285.0
4349.90925	8.519250000000284	epochs															maze_stem	285.0
4349.9295	18.076750000000175	trials	True	True	False	True	True	True	[0.4322935938835144, 0.5677064061164856, 0.41415733098983765, 0.5858427286148071]	0.018136292695999146	0.15354910492897034	0.009068161249160767	0.07677456736564636	0.5858427286148071	[25518, 25518, 25517, 25517, 25517]	[25594, 25594, 25594, 25594, 25593]		
4358.44825	4.346749999999702	epochs															maze_arm	285.0
4362.8165	5.168499999999767	epochs															feedback_and_iti	285.0
4362.8165	0.9909999999999854	epochs															feedback_delay	285.0
4363.82825	1.979500000000371	epochs															feedback	285.0
4365.9885	1.996499999999287	epochs															iti	285.0
4368.00625	8.298999999999978	epochs															maze	286.0
4368.00625	4.326499999999214	epochs															maze_stem	286.0
4368.02675	13.506999999999607	trials	False	True	False	False	False	True	[0.3978249430656433, 0.6021750569343567, 0.4106435477733612, 0.5893564224243164]	-0.01281861960887909	0.1915314942598343	-0.006409302353858948	-0.09576575458049774	0.3978249430656433	[25626, 25626, 25626, 25626, 25626]	[25675, 25675, 25675, 25675, 25674]		
4372.353	3.9522500000002765	epochs															maze_arm	286.0
4376.33175	5.173499999999876	epochs															feedback_and_iti	286.0
4376.33175	0.9969999999993888	epochs															feedback_delay	286.0
4377.347	1.9830000000001746	epochs															feedback	286.0
4379.51875	1.9864999999999782	epochs															iti	286.0
4381.53375	9.185250000000451	epochs															maze	287.0
4381.53375	5.740750000000844	epochs															maze_stem	287.0
4381.5595	16.21574999999939	trials	False	True	False	False	True	False	[0.603830099105835, 0.3961699604988098, 0.6476413011550903, 0.3523586392402649]	-0.043811261653900146	-0.2514714002609253	0.02190566062927246	-0.12573570013046265	0.3961699604988098	[25707, 25707, 25707, 25707, 25707]	[25762, 25761, 25761, 25761, 25761]		
4387.2965	3.4224999999996726	epochs															maze_arm	287.0
4390.73625	7.018500000000131	epochs															feedback_and_iti	287.0
4390.73625	0.9947499999998399	epochs															feedback_delay	287.0
4391.74925	1.9750000000003638	epochs															feedback	287.0
4393.75975	3.994999999999891	epochs															iti	287.0
4397.77525	8.088000000000648	epochs															maze	288.0
4397.77525	4.847000000000662	epochs															maze_stem	288.0
4397.79575	13.30974999999944	trials	False	True	False	True	True	True	[0.5023186206817627, 0.4976813793182373, 0.5078446865081787, 0.4921553432941437]	-0.005526050925254822	-0.010163292288780212	-0.002763018012046814	-0.005081638693809509	0.4921553432941437	[25805, 25805, 25804, 25804, 25804]	[25852, 25852, 25852, 25852, 25852]		
4402.641	3.222250000000713	epochs															maze_arm	288.0
4405.88075	5.199999999999818	epochs															feedback_and_iti	288.0
4405.88075	0.9952499999999418	epochs															feedback_delay	288.0
4406.89225	1.9899999999997817	epochs															feedback	288.0
4409.08325	1.9975000000004002	epochs															iti	288.0
4411.1055	9.644500000000335	epochs															maze	289.0
4411.1055	6.16150000000016	epochs															maze_stem	289.0
4411.13	14.829749999999876	trials	True	True	False	True	True	True	[0.4751462936401367, 0.5248537063598633, 0.3653596341609955, 0.6346403956413269]	0.10978667438030243	0.159494087100029	0.05489334464073181	0.07974705100059509	0.6346403956413269	[25885, 25885, 25884, 25884, 25884]	[25942, 25941, 25941, 25941, 25941]		
4417.29275	3.4572500000003856	epochs															maze_arm	289.0
4420.7705	5.168750000000728	epochs															feedback_and_iti	289.0
4420.7705	0.9875000000001819	epochs															feedback_delay	289.0
4421.7795	1.9787500000002183	epochs															feedback	289.0
4423.969	1.9702500000003056	epochs															iti	289.0
4425.95975	9.32049999999981	epochs															maze	290.0
4425.95975	5.800000000000182	epochs															maze_stem	290.0
4425.9795	14.514749999999367	trials	True	True	False	False	False	True	[0.44480741024017334, 0.5551925897598267, 0.3609594702720642, 0.6390405297279358]	0.08384793996810913	0.19423311948776245	0.041923969984054565	-0.09711655974388123	0.44480741024017334	[25974, 25974, 25973, 25973, 25973]	[26029, 26029, 26028, 26028, 26028]		
4431.779	3.501249999999345	epochs															maze_arm	290.0
4435.302	5.170250000000124	epochs															feedback_and_iti	290.0
4435.302	0.9857500000007349	epochs															feedback_delay	290.0
4436.30925	1.9717499999997017	epochs															feedback	290.0
4438.47025	2.001999999999498	epochs															iti	290.0
4440.49425	7.572000000000116	epochs															maze	291.0
4440.49425	5.382750000000669	epochs															maze_stem	291.0
4440.51475	14.605499999999665	trials	False	True	False	True	False	False	[0.5995128750801086, 0.40048709511756897, 0.41860607266426086, 0.5813938975334167]	0.18090680241584778	-0.018118977546691895	-0.09045340120792389	0.009059473872184753	0.41860607266426086	[26061, 26061, 26061, 26060, 26060]	[26105, 26105, 26105, 26105, 26105]		
4445.897	2.16924999999992	epochs															maze_arm	291.0
4448.08225	7.0167499999997744	epochs															feedback_and_iti	291.0
4448.08225	0.9874999999992724	epochs															feedback_delay	291.0
4449.08725	1.9890000000004875	epochs															feedback	291.0
4451.112	3.98700000000008	epochs															iti	291.0
4455.12025	7.371750000000247	epochs															maze	292.0
4455.12025	3.7984999999998763	epochs															maze_stem	292.0
4455.13875	12.569999999999709	trials	True	True	False	True	True	True	[0.6012358069419861, 0.3987641930580139, 0.6448864340782166, 0.35511359572410583]	-0.043650612235069275	-0.24612222611904144	-0.02182529866695404	-0.12306110560894012	0.35511359572410583	[26149, 26148, 26148, 26148, 26148]	[26192, 26192, 26192, 26191, 26191]		
4458.93725	3.55475000000024	epochs															maze_arm	292.0
4462.51325	5.173249999999825	epochs															feedback_and_iti	292.0
4462.51325	0.9979999999995925	epochs															feedback_delay	292.0
4463.53325	1.9667499999995925	epochs															feedback	292.0
4465.69925	1.987250000000131	epochs															iti	292.0
4467.70875	6.731999999999971	epochs															maze	293.0
4467.70875	4.3215000000000146	epochs															maze_stem	293.0
4467.72975	11.910499999999956	trials	False	True	False	True	True	True	[0.5901593565940857, 0.4098406732082367, 0.6128732562065125, 0.38712671399116516]	-0.022713929414749146	-0.20303261280059814	-0.011356979608535767	-0.10151630640029907	0.38712671399116516	[26224, 26224, 26224, 26224, 26223]	[26264, 26263, 26263, 26263, 26263]		
4472.0515	2.3892500000001746	epochs															maze_arm	293.0
4474.45825	5.1582500000004075	epochs															feedback_and_iti	293.0
4474.45825	0.985250000000633	epochs															feedback_delay	293.0
4475.4615	1.9809999999997672	epochs															feedback	293.0
4477.632	1.9845000000004802	epochs															iti	293.0
4479.64025	7.067749999999251	epochs															maze	294.0
4479.64025	4.525749999999789	epochs															maze_stem	294.0
4479.6625	12.267499999999927	trials	True	True	False	True	True	True	[0.519830584526062, 0.480169415473938, 0.3764130771160126, 0.6235869526863098]	0.14341752231121063	0.10375635325908661	0.07170876860618591	0.0518781840801239	0.6235869526863098	[26296, 26295, 26295, 26295, 26295]	[26337, 26337, 26337, 26337, 26336]		
4484.18775	2.520249999999578	epochs															maze_arm	294.0
4486.7345	5.168500000000677	epochs															feedback_and_iti	294.0
4486.7345	0.9885000000003856	epochs															feedback_delay	294.0
4487.743	1.975999999999658	epochs															feedback	294.0
4489.91325	1.9897500000006403	epochs															iti	294.0
4491.93	7.471999999999753	epochs															maze	295.0
4491.93	5.547249999999622	epochs															maze_stem	295.0
4491.954	12.638500000000022	trials	False	True	False	True	True	True	[0.4830883741378784, 0.5169116258621216, 0.3722042143344879, 0.6277958154678345]	0.1108841747045517	0.14470742642879486	0.055442094802856445	0.07235372066497803	0.6277958154678345	[26369, 26369, 26369, 26369, 26369]	[26413, 26413, 26413, 26413, 26412]		
4497.4985	1.9035000000003492	epochs															maze_arm	295.0
4499.41975	5.1527500000001965	epochs															feedback_and_iti	295.0
4499.41975	0.9977499999995416	epochs															feedback_delay	295.0
4500.434	1.9724999999998545	epochs															feedback	295.0
4502.58225	1.9902499999998327	epochs															iti	295.0
4504.5925	7.8712500000001455	epochs															maze	296.0
4504.5925	5.257999999999811	epochs															maze_stem	296.0
4504.61675	13.05450000000019	trials	False	True	False	True	True	True	[0.4670694172382355, 0.5329305529594421, 0.25458866357803345, 0.7454113364219666]	0.21248076856136322	0.2783419042825699	0.10624039173126221	0.13917094469070435	0.7454113364219666	[26445, 26445, 26445, 26445, 26444]	[26491, 26491, 26491, 26491, 26491]		
4509.8705	2.593249999999898	epochs															maze_arm	296.0
4512.481	5.169750000000022	epochs															feedback_and_iti	296.0
4512.481	0.9932500000004438	epochs															feedback_delay	296.0
4513.4965	1.9727499999999054	epochs															feedback	296.0
4515.663	1.9877500000002328	epochs															iti	296.0
4517.67125	7.433999999999287	epochs															maze	297.0
4517.67125	5.576250000000073	epochs															maze_stem	297.0
4517.69175	12.614249999999629	trials	False	True	False	False	False	True	[0.4754900336265564, 0.5245099663734436, 0.21010088920593262, 0.7898991107940674]	0.2653891444206238	0.314409077167511	0.1326945722103119	-0.1572045385837555	0.4754900336265564	[26524, 26523, 26523, 26523, 26523]	[26567, 26567, 26567, 26567, 26566]		
4523.268	1.8372499999995853	epochs															maze_arm	297.0
4525.12275	5.162499999999454	epochs															feedback_and_iti	297.0
4525.12275	0.988999999999578	epochs															feedback_delay	297.0
4526.12975	1.989249999999629	epochs															feedback	297.0
4528.307	1.9782500000001164	epochs															iti	297.0
4530.306	6.828500000000531	epochs															maze	298.0
4530.306	4.888500000000022	epochs															maze_stem	298.0
4530.326	12.008499999999913	trials	True	True	False	False	False	True	[0.6343275904655457, 0.3656724691390991, 0.3227359652519226, 0.6772639751434326]	0.31159156560897827	0.04293644428253174	0.15579581260681152	-0.02146822214126587	0.6343275904655457	[26599, 26599, 26599, 26599, 26599]	[26639, 26639, 26639, 26639, 26639]		
4535.21425	1.9202500000001237	epochs															maze_arm	298.0
4537.1555	5.157750000000306	epochs															feedback_and_iti	298.0
4537.1555	0.9842500000004293	epochs															feedback_delay	298.0
4538.1605	1.9767499999998108	epochs															feedback	298.0
4540.32875	1.9845000000004802	epochs															iti	298.0
4542.3345	10.123749999999745	epochs															maze	299.0
4542.3345	5.6215000000001965	epochs															maze_stem	299.0
4542.3585	15.31750000000011	trials	True	True	False	True	True	True	[0.7471749186515808, 0.25282514095306396, 0.3267419934272766, 0.6732580661773682]	0.4204329252243042	-0.07391685247421265	0.2102164626121521	-0.036958396434783936	0.6732580661773682	[26672, 26671, 26671, 26671, 26671]	[26731, 26731, 26731, 26731, 26730]		
4547.9765	4.48174999999992	epochs															maze_arm	299.0
4552.48325	5.170250000000124	epochs															feedback_and_iti	299.0
4552.48325	0.9912500000000364	epochs															feedback_delay	299.0
4553.49425	1.9760000000005675	epochs															feedback	299.0
4555.658	1.9954999999999927	epochs															iti	299.0
4557.676	6.814749999999549	epochs															maze	300.0
4557.676	4.937249999999949	epochs															maze_stem	300.0
4557.698	12.003499999999804	trials	False	True	False	False	False	True	[0.6815248131752014, 0.31847521662712097, 0.32384851574897766, 0.6761515140533447]	0.35767629742622375	-0.0053732991218566895	0.17883814871311188	0.0026866644620895386	0.6815248131752014	[26764, 26763, 26763, 26763, 26763]	[26803, 26803, 26803, 26803, 26803]		
4562.63375	1.856999999999971	epochs															maze_arm	300.0
4564.5085	5.171500000000378	epochs															feedback_and_iti	300.0
4564.5085	0.9954999999999927	epochs															feedback_delay	300.0
4565.52225	1.9780000000000655	epochs															feedback	300.0
4567.684	1.9960000000000946	epochs															iti	300.0
4569.7015	8.574249999999665	epochs															maze	301.0
4569.7015	7.065749999999753	epochs															maze_stem	301.0
4569.7235	13.772500000000036	trials	False	True	False	True	True	True	[0.7779940366744995, 0.22200597822666168, 0.3514811098575592, 0.6485188603401184]	0.4265129044651985	-0.1294751539826393	0.21325644105672836	-0.06473758071660995	0.6485188603401184	[26836, 26835, 26835, 26835, 26835]	[26886, 26886, 26886, 26885, 26885]		
4576.7895	1.4862499999999272	epochs															maze_arm	301.0
4578.2915	5.184499999999389	epochs															feedback_and_iti	301.0
4578.2915	0.9875000000001819	epochs															feedback_delay	301.0
4579.296	1.983249999999316	epochs															feedback	301.0
4581.47825	1.9977499999995416	epochs															iti	301.0
4583.496	7.39325000000008	epochs															maze	302.0
4583.496	4.720250000000306	epochs															maze_stem	302.0
4583.5175	12.582250000000386	trials	False	True	False	True	True	True	[0.6832007169723511, 0.3167993128299713, 0.2642090320587158, 0.7357909679412842]	0.41899167001247406	0.0525902658700943	0.20949582755565643	0.026295140385627747	0.7357909679412842	[26918, 26918, 26918, 26918, 26918]	[26962, 26961, 26961, 26961, 26961]		
4588.23675	2.6525000000001455	epochs															maze_arm	302.0
4590.907	5.171999999999571	epochs															feedback_and_iti	302.0
4590.907	0.9994999999998981	epochs															feedback_delay	302.0
4591.92425	1.9714999999996508	epochs															feedback	302.0
4594.08225	1.9967499999993379	epochs															iti	302.0
4596.09975	7.956999999999425	epochs															maze	303.0
4596.09975	4.356499999999869	epochs															maze_stem	303.0
4596.121	13.1587499999996	trials	False	True	False	True	True	True	[0.6522616147994995, 0.3477383852005005, 0.2128422111272812, 0.7871577739715576]	0.4394193962216377	0.1348961666226387	0.21970969438552856	0.06744807958602905	0.7871577739715576	[26994, 26994, 26993, 26993, 26993]	[27041, 27040, 27040, 27040, 27040]		
4600.4765	3.580249999999978	epochs															maze_arm	303.0
4604.07425	5.1850000000004	epochs															feedback_and_iti	303.0
4604.07425	0.9904999999998836	epochs															feedback_delay	303.0
4605.083	1.9900000000006912	epochs															feedback	303.0
4607.26375	1.9954999999999927	epochs															iti	303.0
4609.27975	10.108250000000226	epochs															maze	304.0
4609.27975	5.66425000000072	epochs															maze_stem	304.0
4609.2995	15.301249999999527	trials	True	True	False	False	False	True	[0.6442418694496155, 0.35575810074806213, 0.19196002185344696, 0.8080399632453918]	0.4522818550467491	0.16379808634519577	0.22614092379808426	-0.08189905434846878	0.6442418694496155	[27073, 27073, 27072, 27072, 27072]	[27133, 27132, 27132, 27132, 27132]		
4614.9635	4.42450000000008	epochs															maze_arm	304.0
4619.41	5.170000000000073	epochs															feedback_and_iti	304.0
4619.41	0.9975000000004002	epochs															feedback_delay	304.0
4620.43	1.9732500000000073	epochs															feedback	304.0
4622.5815	1.9984999999996944	epochs															iti	304.0
4624.60075	7.703000000000429	epochs															maze	305.0
4624.60075	4.772750000000087	epochs															maze_stem	305.0
4624.62125	14.748499999999694	trials	False	True	False	True	False	False	[0.7706576585769653, 0.2293422967195511, 0.22285354137420654, 0.7771464586257935]	0.5478041395545006	0.006488777697086334	-0.2739020586013794	-0.0032444000244140625	0.22285354137420654	[27165, 27165, 27164, 27164, 27164]	[27210, 27210, 27210, 27209, 27209]		
4629.39225	2.91150000000016	epochs															maze_arm	305.0
4632.32075	7.0275000000001455	epochs															feedback_and_iti	305.0
4632.32075	0.9987499999997453	epochs															feedback_delay	305.0
4633.336	1.9754999999995562	epochs															feedback	305.0
4635.358	3.9902499999998327	epochs															iti	305.0
4639.36975	17.433250000000044	epochs															maze	306.0
4639.36975	14.310500000000502	epochs															maze_stem	306.0
4639.38825	24.469750000000204	trials	True	True	False	False	True	False	[0.65427565574646, 0.3457243740558624, 0.5506526827812195, 0.44934725761413574]	0.1036229282617569	-0.20492835342884064	-0.05181144177913666	-0.10246418416500092	0.3457243740558624	[27253, 27253, 27253, 27253, 27252]	[27357, 27357, 27356, 27356, 27356]		
4653.7005	3.1024999999999636	epochs															maze_arm	306.0
4656.82375	7.011500000000524	epochs															feedback_and_iti	306.0
4656.82375	0.9805000000005748	epochs															feedback_delay	306.0
4657.8245	1.9882500000003347	epochs															feedback	306.0
4659.851	3.9842500000004293	epochs															iti	306.0
4663.858	6.645999999999731	epochs															maze	307.0
4663.858	3.7247499999994034	epochs															maze_stem	307.0
4663.87975	11.844500000000153	trials	False	True	False	True	True	True	[0.5416259169578552, 0.45837411284446716, 0.33710217475891113, 0.6628978252410889]	0.2045237272977829	0.12127192318439484	0.10226185619831085	0.060635969042778015	0.6628978252410889	[27400, 27400, 27400, 27399, 27399]	[27439, 27439, 27439, 27438, 27438]		
4667.60425	2.8997499999995853	epochs															maze_arm	307.0
4670.5215	5.179000000000087	epochs															feedback_and_iti	307.0
4670.5215	0.9887500000004366	epochs															feedback_delay	307.0
4671.528	1.9827500000001237	epochs															feedback	307.0
4673.707	1.9934999999995853	epochs															iti	307.0
4675.72425	6.812249999999949	epochs															maze	308.0
4675.72425	5.412249999999403	epochs															maze_stem	308.0
4675.744	13.845250000000306	trials	False	True	False	True	False	False	[0.6230957508087158, 0.3769042491912842, 0.2762952148914337, 0.7237047553062439]	0.3468005210161209	0.10060901939868927	-0.17340026795864105	-0.05030451714992523	0.2762952148914337	[27471, 27471, 27471, 27471, 27470]	[27511, 27511, 27511, 27511, 27510]		
4681.1565	1.3800000000001091	epochs															maze_arm	308.0
4682.5545	7.012749999999869	epochs															feedback_and_iti	308.0
4682.5545	0.9894999999996799	epochs															feedback_delay	308.0
4683.562	1.9792500000003201	epochs															feedback	308.0
4685.5825	3.9847499999996217	epochs															iti	308.0
4689.58925	7.162250000000313	epochs															maze	309.0
4689.58925	4.0770000000002256	epochs															maze_stem	309.0
4689.6115	14.188500000000204	trials	False	True	False	False	True	False	[0.6006108522415161, 0.3993891775608063, 0.5562859177589417, 0.44371405243873596]	0.044324904680252075	-0.15689677000045776	-0.022162437438964844	-0.07844838500022888	0.3993891775608063	[27554, 27554, 27554, 27554, 27554]	[27596, 27596, 27596, 27596, 27596]		
4693.687	3.0645000000004075	epochs															maze_arm	309.0
4696.76925	7.009999999999309	epochs															feedback_and_iti	309.0
4696.76925	0.9827500000001237	epochs															feedback_delay	309.0
4697.77075	1.9842500000004293	epochs															feedback	309.0
4699.795	3.98424999999952	epochs															iti	309.0
4703.8	7.142749999999978	epochs															maze	310.0
4703.8	3.6469999999999345	epochs															maze_stem	310.0
4703.8205	12.317000000000007	trials	False	True	False	True	True	True	[0.522869348526001, 0.4771306812763214, 0.42547571659088135, 0.5745242834091187]	0.09739361703395844	0.05165494978427887	0.04869680106639862	0.025827482342720032	0.5745242834091187	[27640, 27639, 27639, 27639, 27639]	[27681, 27681, 27681, 27681, 27681]		
4707.46875	3.47400000000016	epochs															maze_arm	310.0
4710.96	5.155999999999949	epochs															feedback_and_iti	310.0
4710.96	0.9997499999999491	epochs															feedback_delay	310.0
4711.97775	1.9679999999998472	epochs															feedback	310.0
4714.12425	1.9917500000001382	epochs															iti	310.0
4716.1375	8.004500000000007	epochs															maze	311.0
4716.1375	5.585750000000189	epochs															maze_stem	311.0
4716.1585	13.215000000000146	trials	True	True	False	False	False	True	[0.5650657415390015, 0.43493419885635376, 0.32796305418014526, 0.67203688621521]	0.2371026873588562	0.1069711446762085	0.1185513436794281	-0.053485602140426636	0.5650657415390015	[27714, 27713, 27713, 27713, 27713]	[27761, 27760, 27760, 27760, 27760]		
4721.74175	2.400249999999687	epochs															maze_arm	311.0
4724.165	5.1837500000001455	epochs															feedback_and_iti	311.0
4724.165	0.9932500000004438	epochs															feedback_delay	311.0
4725.1805	1.98174999999992	epochs															feedback	311.0
4727.347	2.0017500000003565	epochs															iti	311.0
4729.3735	7.269250000000284	epochs															maze	312.0
4729.3735	5.53650000000016	epochs															maze_stem	312.0
4729.3955	12.472250000000713	trials	False	True	False	False	False	True	[0.7500850558280945, 0.24991491436958313, 0.3696562349796295, 0.6303437948226929]	0.38042885065078735	-0.119741290807724	0.19021441042423248	0.059870645403862	0.7500850558280945	[27793, 27793, 27792, 27792, 27792]	[27836, 27835, 27835, 27835, 27835]		
4734.931	1.711750000000393	epochs															maze_arm	312.0
4736.66	5.186749999999847	epochs															feedback_and_iti	312.0
4736.66	0.9957500000000437	epochs															feedback_delay	312.0
4737.676	1.9747499999994034	epochs															feedback	312.0
4739.85375	1.9929999999994834	epochs															iti	312.0
4741.86775	8.160499999999956	epochs															maze	313.0
4741.86775	5.2867499999993015	epochs															maze_stem	313.0
4741.888	13.380750000000262	trials	True	True	False	True	True	True	[0.821671187877655, 0.17832878232002258, 0.3984757363796234, 0.6015242338180542]	0.4231954514980316	-0.22014695405960083	0.2115977257490158	-0.11007349193096161	0.6015242338180542	[27868, 27868, 27867, 27867, 27867]	[27916, 27916, 27915, 27915, 27915]		
4747.17425	2.854000000000269	epochs															maze_arm	313.0
4750.0475	5.197000000000116	epochs															feedback_and_iti	313.0
4750.0475	0.9882500000003347	epochs															feedback_delay	313.0
4751.05725	1.9809999999997672	epochs															feedback	313.0
4753.249	1.9954999999999927	epochs															iti	313.0
4755.26875	6.514250000000175	epochs															maze	314.0
4755.26875	4.412000000000262	epochs															maze_stem	314.0
4755.2915	11.6899999999996	trials	True	True	False	False	False	True	[0.7178528904914856, 0.2821471393108368, 0.3490520119667053, 0.6509479880332947]	0.3688008636236191	-0.06690488755702972	0.18440043926239014	0.03345245122909546	0.7178528904914856	[27948, 27948, 27948, 27948, 27947]	[27986, 27986, 27986, 27986, 27985]		
4759.69825	2.0847499999999854	epochs															maze_arm	314.0
4761.804	5.157250000000204	epochs															feedback_and_iti	314.0
4761.804	0.9827500000001237	epochs															feedback_delay	314.0
4762.8075	1.9892500000005384	epochs															feedback	314.0
4764.9765	1.9847500000005311	epochs															iti	314.0
4766.9815	8.174250000000029	epochs															maze	315.0
4766.9815	5.383499999999913	epochs															maze_stem	315.0
4767.0015	13.371999999999389	trials	True	True	False	True	True	True	[0.8276104927062988, 0.1723894625902176, 0.35479992628097534, 0.6452000737190247]	0.4728105887770653	-0.18241044133901596	0.23640530556440353	-0.09120523184537888	0.6452000737190247	[28018, 28018, 28018, 28018, 28018]	[28066, 28066, 28066, 28066, 28066]		
4772.38525	2.770499999999629	epochs															maze_arm	315.0
4775.17975	5.173249999999825	epochs															feedback_and_iti	315.0
4775.17975	0.987250000000131	epochs															feedback_delay	315.0
4776.18975	1.9840000000003783	epochs															feedback	315.0
4778.36725	1.9857499999998254	epochs															iti	315.0
4780.3735	6.625250000000051	epochs															maze	316.0
4780.3735	4.423499999999876	epochs															maze_stem	316.0
4780.39225	13.684500000000298	trials	False	True	False	False	True	False	[0.7368950247764587, 0.26310497522354126, 0.3134898245334625, 0.6865102052688599]	0.4234052151441574	-0.05038483440876007	-0.2117026150226593	-0.02519240975379944	0.26310497522354126	[28099, 28098, 28098, 28098, 28098]	[28137, 28137, 28137, 28137, 28137]		
4784.81675	2.181999999999789	epochs															maze_arm	316.0
4787.01625	7.0330000000003565	epochs															feedback_and_iti	316.0
4787.01625	0.9957500000000437	epochs															feedback_delay	316.0
4788.0305	1.9807499999997162	epochs															feedback	316.0
4790.0475	4.0017500000003565	epochs															iti	316.0
4794.07675	7.234999999999673	epochs															maze	317.0
4794.07675	4.902250000000095	epochs															maze_stem	317.0
4794.10275	12.423499999999876	trials	False	True	False	True	True	True	[0.4824155867099762, 0.5175843834877014, 0.23118872940540314, 0.7688112258911133]	0.25122684985399246	0.2863956466317177	0.12561342120170593	0.14319780468940735	0.7688112258911133	[28181, 28181, 28180, 28180, 28180]	[28223, 28223, 28223, 28223, 28222]		
4798.99975	2.311999999999898	epochs															maze_arm	317.0
4801.3295	5.175750000000335	epochs															feedback_and_iti	317.0
4801.3295	0.9899999999997817	epochs															feedback_delay	317.0
4802.3385	1.9805000000005748	epochs															feedback	317.0
4804.51075	1.994499999999789	epochs															iti	317.0
4806.52625	6.593249999999898	epochs															maze	318.0
4806.52625	4.500500000000102	epochs															maze_stem	318.0
4806.54575	13.622999999999593	trials	False	True	False	False	True	False	[0.6030970215797424, 0.39690297842025757, 0.22170031070709229, 0.7782997488975525]	0.38139674067497253	0.17520269751548767	-0.19069838523864746	0.08760136365890503	0.39690297842025757	[28255, 28255, 28255, 28255, 28255]	[28294, 28294, 28294, 28293, 28293]		
4811.045	2.0744999999997162	epochs															maze_arm	318.0
4813.1365	7.007750000000669	epochs															feedback_and_iti	318.0
4813.1365	0.9897500000006403	epochs															feedback_delay	318.0
4814.143	1.9777500000000146	epochs															feedback	318.0
4816.161	3.9832500000002256	epochs															iti	318.0
4820.16875	6.238750000000437	epochs															maze	319.0
4820.16875	3.7730000000001382	epochs															maze_stem	319.0
4820.192	11.424750000000131	trials	False	True	False	True	True	True	[0.42166438698768616, 0.5783356428146362, 0.17996878921985626, 0.8200312256813049]	0.2416955903172493	0.39836684614419937	0.12084779143333435	0.19918343424797058	0.8200312256813049	[28337, 28337, 28337, 28337, 28336]	[28374, 28373, 28373, 28373, 28373]		
4823.9625	2.4450000000006185	epochs															maze_arm	319.0
4826.43375	5.162499999999454	epochs															feedback_and_iti	319.0
4826.43375	0.9780000000000655	epochs															feedback_delay	319.0
4827.43325	1.98174999999992	epochs															feedback	319.0
4829.60675	1.9894999999996799	epochs															iti	319.0
4831.61675	7.177999999999884	epochs															maze	320.0
4831.61675	4.973750000000109	epochs															maze_stem	320.0
4831.6395	12.38274999999976	trials	False	True	False	True	True	True	[0.53943932056427, 0.46056070923805237, 0.19026583433151245, 0.8097341656684875]	0.3491734713315964	0.2702948600053787	0.1745867282152176	0.13514743745326996	0.8097341656684875	[28406, 28406, 28405, 28405, 28405]	[28448, 28448, 28448, 28447, 28447]		
4836.616	2.1787500000000364	epochs															maze_arm	320.0
4838.8125	5.1854999999995925	epochs															feedback_and_iti	320.0
4838.8125	0.9854999999997744	epochs															feedback_delay	320.0
4839.81675	1.994499999999789	epochs															feedback	320.0
4841.9965	2.001499999999396	epochs															iti	320.0
4844.02225	10.688750000000255	epochs															maze	321.0
4844.02225	8.334249999999884	epochs															maze_stem	321.0
4844.0445	17.725250000000415	trials	False	True	False	False	True	False	[0.5271085500717163, 0.4728914797306061, 0.16728731989860535, 0.832712709903717]	0.35982123017311096	0.30560415983200073	-0.17991061508655548	0.15280209481716156	0.4728914797306061	[28480, 28480, 28480, 28480, 28479]	[28543, 28543, 28543, 28543, 28543]		
4852.376	2.3350000000000364	epochs															maze_arm	321.0
4854.72825	7.020249999999578	epochs															feedback_and_iti	321.0
4854.72825	0.994499999999789	epochs															feedback_delay	321.0
4855.74125	1.981499999999869	epochs															feedback	321.0
4857.75925	3.989249999999629	epochs															iti	321.0
4861.76975	6.951000000000022	epochs															maze	322.0
4861.76975	4.499499999999898	epochs															maze_stem	322.0
4861.7905	13.995750000000044	trials	False	True	False	False	True	False	[0.3903326988220215, 0.6096673607826233, 0.1492236852645874, 0.8507762551307678]	0.2411089539527893	0.4604436159133911	-0.12055444717407227	0.23022180795669556	0.6096673607826233	[28587, 28586, 28586, 28586, 28586]	[28627, 28627, 28627, 28627, 28627]		
4866.29025	2.430500000000393	epochs															maze_arm	322.0
4868.73675	7.0277500000001965	epochs															feedback_and_iti	322.0
4868.73675	0.987250000000131	epochs															feedback_delay	322.0
4869.74225	1.9907499999999345	epochs															feedback	322.0
4871.7745	3.9899999999997817	epochs															iti	322.0
4875.78625	6.578499999999622	epochs															maze	323.0
4875.78625	4.824249999999665	epochs															maze_stem	323.0
4875.80675	11.774750000000495	trials	False	True	False	False	False	True	[0.38778865337371826, 0.6122113466262817, 0.1823640912771225, 0.8176358938217163]	0.20542455464601517	0.42984724789857864	0.10271228104829788	-0.21492362767457962	0.38778865337371826	[28671, 28670, 28670, 28670, 28670]	[28709, 28709, 28709, 28709, 28708]		
4880.63075	1.7339999999994689	epochs															maze_arm	323.0
4882.3825	5.1784999999999854	epochs															feedback_and_iti	323.0
4882.3825	0.9837500000003274	epochs															feedback_delay	323.0
4883.38625	1.979500000000371	epochs															feedback	323.0
4885.5815	1.9794999999994616	epochs															iti	323.0
4887.5815	7.61200000000008	epochs															maze	324.0
4887.5815	5.394999999999527	epochs															maze_stem	324.0
4887.6015	12.798749999999927	trials	True	True	False	False	False	True	[0.5753381848335266, 0.4246618151664734, 0.24390210211277008, 0.7560978531837463]	0.33143606036901474	0.18075969070196152	0.16571804136037827	-0.09037985652685165	0.5753381848335266	[28741, 28741, 28741, 28741, 28741]	[28786, 28786, 28786, 28785, 28785]		
4892.995	2.198500000000422	epochs															maze_arm	324.0
4895.21575	5.162499999999454	epochs															feedback_and_iti	324.0
4895.21575	0.9979999999995925	epochs															feedback_delay	324.0
4896.23525	1.9710000000004584	epochs															feedback	324.0
4898.391	1.987250000000131	epochs															iti	324.0
4900.40025	8.97900000000027	epochs															maze	325.0
4900.40025	5.776000000000749	epochs															maze_stem	325.0
4900.4215	14.181499999999687	trials	False	True	False	True	True	True	[0.7037215232849121, 0.2962784469127655, 0.24663500487804413, 0.7533650398254395]	0.45708655565977097	0.04964347928762436	0.22854329645633698	0.024821743369102478	0.7533650398254395	[28818, 28818, 28818, 28818, 28817]	[28871, 28871, 28871, 28871, 28870]		
4906.19575	3.1835000000000946	epochs															maze_arm	325.0
4909.39525	5.184500000000298	epochs															feedback_and_iti	325.0
4909.39525	0.9850000000005821	epochs															feedback_delay	325.0
4910.39675	1.9912500000000364	epochs															feedback	325.0
4912.5905	1.989249999999629	epochs															iti	325.0
4914.603	8.122000000000298	epochs															maze	326.0
4914.603	6.295250000000124	epochs															maze_stem	326.0
4914.62425	13.3100000000004	trials	False	True	False	False	False	True	[0.6151943206787109, 0.38480570912361145, 0.1973351687192917, 0.8026648163795471]	0.41785912960767746	0.18747051805257797	0.20892957597970963	-0.09373525530099869	0.6151943206787109	[28903, 28903, 28903, 28903, 28903]	[28951, 28951, 28951, 28951, 28950]		
4920.91825	1.8067500000006476	epochs															maze_arm	326.0
4922.74175	5.1710000000002765	epochs															feedback_and_iti	326.0
4922.74175	0.9894999999996799	epochs															feedback_delay	326.0
4923.74775	1.988749999999527	epochs															feedback	326.0
4925.933	1.979750000000422	epochs															iti	326.0
4927.93425	6.737250000000131	epochs															maze	327.0
4927.93425	4.85149999999976	epochs															maze_stem	327.0
4927.9545	13.777750000000196	trials	False	True	False	True	False	False	[0.7399657964706421, 0.2600342035293579, 0.21877260506153107, 0.7812274098396301]	0.5211931988596916	0.04126160591840744	-0.2605965957045555	-0.02063079923391342	0.21877260506153107	[28983, 28983, 28983, 28983, 28983]	[29023, 29023, 29022, 29022, 29022]		
4932.80575	1.8657499999999345	epochs															maze_arm	327.0
4934.6875	7.024000000000342	epochs															feedback_and_iti	327.0
4934.6875	0.9909999999999854	epochs															feedback_delay	327.0
4935.696	1.9832500000002256	epochs															feedback	327.0
4937.715	3.9965000000001965	epochs															iti	327.0
4941.73225	6.3457500000004075	epochs															maze	328.0
4941.73225	4.854999999999563	epochs															maze_stem	328.0
4941.75275	11.552500000000691	trials	False	True	False	False	False	True	[0.6242508292198181, 0.3757492005825043, 0.5328145623207092, 0.46718543767929077]	0.09143625199794769	-0.15706537663936615	0.04571813344955444	0.07853269577026367	0.6242508292198181	[29066, 29066, 29066, 29065, 29065]	[29103, 29103, 29103, 29103, 29102]		
4946.608	1.4700000000002547	epochs															maze_arm	328.0
4948.094	5.1854999999995925	epochs															feedback_and_iti	328.0
4948.094	0.9849999999996726	epochs															feedback_delay	328.0
4949.10025	1.9847499999996217	epochs															feedback	328.0
4951.28275	1.9967499999993379	epochs															iti	328.0
4953.30525	12.271999999999935	epochs															maze	329.0
4953.30525	9.020249999999578	epochs															maze_stem	329.0
4953.32925	17.451500000000124	trials	False	True	False	True	True	True	[0.8477261662483215, 0.15227386355400085, 0.5542738437652588, 0.4457261264324188]	0.29345229268074036	-0.4020000100135803	0.14672613143920898	-0.20100000500679016	0.4457261264324188	[29135, 29135, 29135, 29135, 29135]	[29208, 29208, 29208, 29207, 29207]		
4962.34425	3.2330000000001746	epochs															maze_arm	329.0
4965.59325	5.166250000000218	epochs															feedback_and_iti	329.0
4965.59325	0.9877500000002328	epochs															feedback_delay	329.0
4966.59825	1.9822500000000218	epochs															feedback	329.0
4968.79575	1.9637499999998909	epochs															iti	329.0
4970.78075	8.309500000000298	epochs															maze	330.0
4970.78075	6.436749999999847	epochs															maze_stem	330.0
4970.802	13.501500000000306	trials	False	True	False	False	False	True	[0.6718172430992126, 0.32818272709846497, 0.32018768787384033, 0.6798123121261597]	0.3516295701265335	0.007995054125785828	0.17581477761268616	-0.003997534513473511	0.6718172430992126	[29240, 29240, 29240, 29240, 29239]	[29289, 29289, 29289, 29288, 29288]		
4977.23725	1.8530000000000655	epochs															maze_arm	330.0
4979.10825	5.174250000000029	epochs															feedback_and_iti	330.0
4979.10825	0.9979999999995925	epochs															feedback_delay	330.0
4980.1245	1.9772499999999127	epochs															feedback	330.0
4982.2865	1.9960000000000946	epochs															iti	330.0
4984.3035	6.850000000000364	epochs															maze	331.0
4984.3035	5.0167499999997744	epochs															maze_stem	331.0
4984.32425	12.039749999999913	trials	False	True	False	False	False	True	[0.8035310506820679, 0.19646894931793213, 0.35926100611686707, 0.6407390236854553]	0.444270059466362	-0.16279204189777374	0.2221350222826004	0.08139602839946747	0.8035310506820679	[29321, 29321, 29321, 29321, 29320]	[29361, 29361, 29361, 29361, 29361]		
4989.3415	1.8119999999998981	epochs															maze_arm	331.0
4991.17125	5.171499999999469	epochs															feedback_and_iti	331.0
4991.17125	0.9839999999994689	epochs															feedback_delay	331.0
4992.1745	1.988749999999527	epochs															feedback	331.0
4994.34825	1.994499999999789	epochs															iti	331.0
4996.364	8.917500000000473	epochs															maze	332.0
4996.364	6.502500000000509	epochs															maze_stem	332.0
4996.38425	14.111750000000029	trials	True	True	False	False	False	True	[0.8539904952049255, 0.14600951969623566, 0.34768250584602356, 0.6523175239562988]	0.5063079968094826	-0.2016729786992073	0.253153994679451	0.10083650052547455	0.8539904952049255	[29394, 29393, 29393, 29393, 29393]	[29446, 29446, 29446, 29446, 29445]		
5002.8865	2.3950000000004366	epochs															maze_arm	332.0
5005.30025	5.175749999999425	epochs															feedback_and_iti	332.0
5005.30025	0.9942499999997381	epochs															feedback_delay	332.0
5006.3155	1.9765000000006694	epochs															feedback	332.0
5008.4935	1.9825000000000728	epochs															iti	332.0
5010.496	7.250750000000153	epochs															maze	333.0
5010.496	5.08600000000024	epochs															maze_stem	333.0
5010.51675	12.445000000000618	trials	False	True	False	False	False	True	[0.8948010802268982, 0.10519890487194061, 0.3597108721733093, 0.6402890682220459]	0.5350901857018471	-0.2545119896531105	0.26754510402679443	0.12725597620010376	0.8948010802268982	[29478, 29478, 29478, 29478, 29478]	[29521, 29521, 29520, 29520, 29520]		
5015.6	2.1467499999998836	epochs															maze_arm	333.0
5017.7665	5.174750000000131	epochs															feedback_and_iti	333.0
5017.7665	0.9885000000003856	epochs															feedback_delay	333.0
5018.77475	1.9862500000008367	epochs															feedback	333.0
5020.96075	1.9804999999996653	epochs															iti	333.0
5022.96175	7.030749999999898	epochs															maze	334.0
5022.96175	5.412499999999454	epochs															maze_stem	334.0
5022.983	12.2212499999996	trials	False	True	False	True	True	True	[0.9019275307655334, 0.09807240217924118, 0.33415549993515015, 0.6658445000648499]	0.567772064357996	-0.23608306422829628	0.28388604894280434	-0.11804154887795448	0.6658445000648499	[29553, 29553, 29553, 29552, 29552]	[29594, 29594, 29594, 29594, 29593]		
5028.39325	1.599250000000211	epochs															maze_arm	334.0
5030.0105	5.173249999999825	epochs															feedback_and_iti	334.0
5030.0105	0.9974999999994907	epochs															feedback_delay	334.0
5031.02625	1.9840000000003783	epochs															feedback	334.0
5033.20475	1.9790000000002692	epochs															iti	334.0
5035.20425	9.050750000000335	epochs															maze	335.0
5035.20425	7.010750000000371	epochs															maze_stem	335.0
5035.2245	14.238999999999578	trials	False	True	False	False	False	True	[0.8558130264282227, 0.14418703317642212, 0.2521698772907257, 0.7478301525115967]	0.6036431342363358	-0.10798285901546478	0.3018215745687485	0.05399145185947418	0.8558130264282227	[29626, 29626, 29626, 29626, 29626]	[29680, 29680, 29679, 29679, 29679]		
5042.2345	2.0205000000005384	epochs															maze_arm	335.0
5044.2725	5.170250000000124	epochs															feedback_and_iti	335.0
5044.2725	0.9937499999996362	epochs															feedback_delay	335.0
5045.2845	1.9737500000001091	epochs															feedback	335.0
5047.46275	1.980000000000473	epochs															iti	335.0
5049.4635	6.8604999999997744	epochs															maze	336.0
5049.4635	4.479750000000422	epochs															maze_stem	336.0
5049.48425	12.032249999999294	trials	False	True	False	False	False	True	[0.8917360901832581, 0.10826388001441956, 0.25339552760124207, 0.7466045022010803]	0.6383405923843384	-0.14513161778450012	0.319170281291008	0.07256580889225006	0.8917360901832581	[29712, 29712, 29712, 29711, 29711]	[29752, 29752, 29752, 29752, 29751]		
5053.96425	2.3597499999996217	epochs															maze_arm	336.0
5056.34	5.1527500000001965	epochs															feedback_and_iti	336.0
5056.34	0.9842499999995198	epochs															feedback_delay	336.0
5057.34075	1.987250000000131	epochs															feedback	336.0
5059.51125	1.9815000000007785	epochs															iti	336.0
5061.5165	7.645750000000589	epochs															maze	337.0
5061.5165	4.062750000000051	epochs															maze_stem	337.0
5061.5395	14.692000000000007	trials	False	True	False	True	False	False	[0.9103268980979919, 0.08967310190200806, 0.2657233774662018, 0.7342765927314758]	0.644603505730629	-0.17605029046535492	-0.3223017603158951	0.08802513778209686	0.2657233774662018	[29784, 29784, 29784, 29784, 29783]	[29829, 29829, 29829, 29828, 29828]		
5065.598	3.5642500000003565	epochs															maze_arm	337.0
5069.1805	7.029749999999694	epochs															feedback_and_iti	337.0
5069.1805	0.9872499999992215	epochs															feedback_delay	337.0
5070.18775	1.9894999999996799	epochs															feedback	337.0
5072.2125	3.997750000000451	epochs															iti	337.0
5076.2315	8.109000000000378	epochs															maze	338.0
5076.2315	4.507999999999811	epochs															maze_stem	338.0
5076.24975	13.30450000000019	trials	True	True	False	True	True	True	[0.7910656332969666, 0.20893438160419464, 0.5438024997711182, 0.45619747042655945]	0.2472631111741066	-0.3348681405186653	0.1236315444111824	-0.16743407398462296	0.45619747042655945	[29872, 29872, 29872, 29872, 29872]	[29920, 29920, 29920, 29919, 29919]		
5080.7605	3.5799999999999272	epochs															maze_arm	338.0
5084.36175	5.170250000000124	epochs															feedback_and_iti	338.0
5084.36175	0.9882500000003347	epochs															feedback_delay	338.0
5085.37125	1.9827500000001237	epochs															feedback	338.0
5087.552	1.980000000000473	epochs															iti	338.0
5089.55425	8.090000000000146	epochs															maze	339.0
5089.55425	5.537999999999556	epochs															maze_stem	339.0
5089.57675	13.254249999999956	trials	False	True	False	False	False	True	[0.8779277205467224, 0.1220722422003746, 0.5286360383033752, 0.47136393189430237]	0.34929168596863747	-0.40656379237771034	0.17464584112167358	0.20328187942504883	0.8779277205467224	[29952, 29952, 29952, 29952, 29951]	[30000, 30000, 29999, 29999, 29999]		
5095.11225	2.532000000000153	epochs															maze_arm	339.0
5097.665	5.1452500000004875	epochs															feedback_and_iti	339.0
5097.665	0.9804999999996653	epochs															feedback_delay	339.0
5098.664	1.979750000000422	epochs															feedback	339.0
5100.82425	1.9860000000007858	epochs															iti	339.0
5102.831	7.883749999999964	epochs															maze	340.0
5102.831	4.902000000000044	epochs															maze_stem	340.0
5102.853	13.063250000000153	trials	False	True	False	False	False	True	[0.9133304953575134, 0.08666954934597015, 0.4767504930496216, 0.5232495665550232]	0.43658000975847244	-0.39008093625307083	0.21829000115394592	0.1950404942035675	0.9133304953575134	[30032, 30032, 30031, 30031, 30031]	[30078, 30078, 30078, 30078, 30077]		
5107.7545	2.9602500000000873	epochs															maze_arm	340.0
5110.73325	5.162749999999505	epochs															feedback_and_iti	340.0
5110.73325	0.9949999999998909	epochs															feedback_delay	340.0
5111.745	1.9747500000003129	epochs															feedback	340.0
5113.90575	1.9902499999998327	epochs															iti	340.0
5115.91625	7.100749999999607	epochs															maze	341.0
5115.91625	4.204999999999927	epochs															maze_stem	341.0
5115.936	14.143750000000182	trials	True	True	False	True	False	False	[0.9208234548568726, 0.07917654514312744, 0.43149131536483765, 0.5685086846351624]	0.4893321394920349	-0.3523147702217102	-0.24466606974601746	0.1761573851108551	0.43149131536483765	[30110, 30110, 30110, 30110, 30110]	[30152, 30152, 30152, 30151, 30151]		
5120.14375	2.8732499999996435	epochs															maze_arm	341.0
5123.038	7.020750000000589	epochs															feedback_and_iti	341.0
5123.038	0.9972500000003492	epochs															feedback_delay	341.0
5124.05925	1.9672499999996944	epochs															feedback	341.0
5126.0625	3.9962500000001455	epochs															iti	341.0
5130.07975	6.465750000000298	epochs															maze	342.0
5130.07975	3.8947500000003856	epochs															maze_stem	342.0
5130.09875	11.648750000000291	trials	False	True	False	True	True	True	[0.8285607099533081, 0.1714392900466919, 0.6157897114753723, 0.3842102587223053]	0.2127709835767746	-0.4443504363298416	0.1063854843378067	-0.2221752256155014	0.3842102587223053	[30195, 30195, 30195, 30195, 30194]	[30233, 30233, 30233, 30232, 30232]		
5133.99325	2.552249999999731	epochs															maze_arm	342.0
5136.56325	5.164999999999964	epochs															feedback_and_iti	342.0
5136.56325	0.9992499999998472	epochs															feedback_delay	342.0
5137.581	1.9714999999996508	epochs															feedback	342.0
5139.74325	1.9849999999996726	epochs															iti	342.0
5141.7475	7.838249999999789	epochs															maze	343.0
5141.7475	5.4907499999999345	epochs															maze_stem	343.0
5141.768	14.891249999999673	trials	False	True	False	True	False	False	[0.8546422123908997, 0.14535780251026154, 0.45748621225357056, 0.5425137877464294]	0.3971559926867485	-0.3121284171938896	-0.19857800006866455	0.1560642123222351	0.45748621225357056	[30265, 30265, 30265, 30265, 30264]	[30311, 30311, 30311, 30311, 30310]		
5147.25875	2.3270000000002256	epochs															maze_arm	343.0
5149.60125	7.030000000000655	epochs															feedback_and_iti	343.0
5149.60125	0.9949999999998909	epochs															feedback_delay	343.0
5150.6155	1.9847500000005311	epochs															feedback	343.0
5152.64075	3.990500000000793	epochs															iti	343.0
5156.65925	7.954000000000633	epochs															maze	344.0
5156.65925	4.279250000000502	epochs															maze_stem	344.0
5156.683	14.985749999999825	trials	False	True	False	True	False	False	[0.7890007495880127, 0.21099920570850372, 0.6023738980293274, 0.3976261615753174]	0.18662690371274948	-0.3913746401667595	-0.09331342577934265	0.19568732380867004	0.6023738980293274	[30355, 30354, 30354, 30354, 30354]	[30401, 30401, 30401, 30401, 30401]		
5160.96175	3.651499999999942	epochs															maze_arm	344.0
5164.6305	7.017499999999927	epochs															feedback_and_iti	344.0
5164.6305	0.9989999999997963	epochs															feedback_delay	344.0
5165.64675	1.9804999999996653	epochs															feedback	344.0
5167.66225	3.9857499999998254	epochs															iti	344.0
5171.66875	6.910499999999956	epochs															maze	345.0
5171.66875	4.233750000000327	epochs															maze_stem	345.0
5171.6895	12.105499999999665	trials	False	True	False	True	True	True	[0.7872987985610962, 0.2127012014389038, 0.6682853102684021, 0.3317146897315979]	0.11901348829269409	-0.4555841088294983	0.059506744146347046	-0.22779205441474915	0.3317146897315979	[30445, 30444, 30444, 30444, 30444]	[30485, 30485, 30485, 30484, 30484]		
5175.922	2.6572500000002037	epochs															maze_arm	345.0
5178.59475	5.178750000000036	epochs															feedback_and_iti	345.0
5178.59475	0.9899999999997817	epochs															feedback_delay	345.0
5179.60425	1.989249999999629	epochs															feedback	345.0
5181.79775	1.9757500000005166	epochs															iti	345.0
5183.795	7.5972499999998035	epochs															maze	346.0
5183.795	5.741750000000138	epochs															maze_stem	346.0
5183.81575	12.767499999999927	trials	False	True	False	False	False	True	[0.8274213075637817, 0.17257870733737946, 0.49337759613990784, 0.5066223740577698]	0.3340436890721321	-0.32079891115427017	0.16702185571193695	0.1603994518518448	0.8274213075637817	[30517, 30517, 30517, 30517, 30516]	[30562, 30562, 30561, 30561, 30561]		
5189.55725	1.8350000000000364	epochs															maze_arm	346.0
5191.40975	5.1527500000001965	epochs															feedback_and_iti	346.0
5191.40975	0.9887500000004366	epochs															feedback_delay	346.0
5192.4185	1.9752500000004147	epochs															feedback	346.0
5194.5765	1.9859999999998763	epochs															iti	346.0
5196.58325	8.10674999999992	epochs															maze	347.0
5196.58325	5.85950000000048	epochs															maze_stem	347.0
5196.602	13.29675000000043	trials	False	True	False	False	False	True	[0.8954215049743652, 0.10457850992679596, 0.4624863862991333, 0.5375136733055115]	0.4329351410269737	-0.35790785402059555	0.21646755933761597	0.17895394563674927	0.8954215049743652	[30594, 30594, 30594, 30593, 30593]	[30642, 30641, 30641, 30641, 30641]		
5202.4635	2.22649999999976	epochs															maze_arm	347.0
5204.70725	5.172249999999622	epochs															feedback_and_iti	347.0
5204.70725	0.9892499999996289	epochs															feedback_delay	347.0
5205.7145	1.989249999999629	epochs															feedback	347.0
5207.90825	1.9712499999995998	epochs															iti	347.0
5209.89875	7.184999999999491	epochs															maze	348.0
5209.89875	4.453749999999673	epochs															maze_stem	348.0
5209.9195	14.21600000000035	trials	False	True	False	False	True	False	[0.9098688960075378, 0.09013108909130096, 0.42640575766563416, 0.5735942125320435]	0.4834631308913231	-0.3362746760249138	-0.24173156172037125	-0.1681373491883278	0.09013108909130096	[30674, 30674, 30673, 30673, 30673]	[30716, 30716, 30716, 30715, 30715]		
5214.3725	2.7112499999993815	epochs															maze_arm	348.0
5217.10025	7.013999999999214	epochs															feedback_and_iti	348.0
5217.10025	0.9954999999999927	epochs															feedback_delay	348.0
5218.114	1.9755000000004657	epochs															feedback	348.0
5220.12725	3.98700000000008	epochs															iti	348.0
5224.1355	7.800249999999323	epochs															maze	349.0
5224.1355	4.608499999999367	epochs															maze_stem	349.0
5224.1555	12.988500000000386	trials	True	True	False	True	True	True	[0.629227340221405, 0.37077265977859497, 0.3147919178009033, 0.6852080821990967]	0.3144354224205017	0.05598074197769165	0.15721771121025085	0.027990370988845825	0.6852080821990967	[30759, 30759, 30759, 30759, 30758]	[30805, 30805, 30805, 30804, 30804]		
5228.7635	3.1722499999996217	epochs															maze_arm	349.0
5231.95625	5.168999999999869	epochs															feedback_and_iti	349.0
5231.95625	0.9992499999998472	epochs															feedback_delay	349.0
5232.97625	1.9750000000003638	epochs															feedback	349.0
5235.13625	1.9890000000004875	epochs															iti	349.0
5237.144	7.671999999999571	epochs															maze	350.0
5237.144	5.947000000000116	epochs															maze_stem	350.0
5237.16475	14.71875	trials	True	True	False	True	False	False	[0.7602174282073975, 0.23978255689144135, 0.32987698912620544, 0.6701230406761169]	0.4303404614329338	-0.09009440988302231	-0.215170219540596	0.04504720866680145	0.32987698912620544	[30837, 30837, 30837, 30837, 30836]	[30882, 30882, 30882, 30882, 30881]		
5243.1105	1.705500000000029	epochs															maze_arm	350.0
5244.837	7.025499999999738	epochs															feedback_and_iti	350.0
5244.837	0.9804999999996653	epochs															feedback_delay	350.0
5245.838	1.9967500000002474	epochs															feedback	350.0
5247.8705	3.992000000000189	epochs															iti	350.0
5251.8835	7.573250000000371	epochs															maze	351.0
5251.8835	5.518750000000182	epochs															maze_stem	351.0
5251.90525	12.77850000000035	trials	False	True	False	False	False	True	[0.6783784627914429, 0.3216215670108795, 0.5702652335166931, 0.4297347664833069]	0.10811321437358856	-0.2486436814069748	0.05405661463737488	0.124321848154068	0.6783784627914429	[30926, 30925, 30925, 30925, 30925]	[30970, 30970, 30970, 30969, 30969]		
5257.42275	2.0340000000005602	epochs															maze_arm	351.0
5259.47525	5.1857499999996435	epochs															feedback_and_iti	351.0
5259.47525	0.9912500000000364	epochs															feedback_delay	351.0
5260.48475	1.9792500000003201	epochs															feedback	351.0
5262.66575	1.9952499999999418	epochs															iti	351.0
5264.68375	7.4399999999996	epochs															maze	352.0
5264.68375	5.1027500000000146	epochs															maze_stem	352.0
5264.70225	12.61474999999973	trials	True	True	False	True	True	True	[0.8850797414779663, 0.1149202212691307, 0.6484953761100769, 0.3515045940876007]	0.2365843690931797	-0.5335751511156559	0.118292186409235	-0.2667875923216343	0.3515045940876007	[31002, 31002, 31002, 31002, 31001]	[31046, 31046, 31046, 31045, 31045]		
5269.80675	2.3170000000000073	epochs															maze_arm	352.0
5272.14425	5.151749999999993	epochs															feedback_and_iti	352.0
5272.14425	0.9907499999999345	epochs															feedback_delay	352.0
5273.15575	1.9697500000002037	epochs															feedback	352.0
5275.30925	1.986750000000029	epochs															iti	352.0
5277.317	6.39574999999968	epochs															maze	353.0
5277.317	4.13550000000032	epochs															maze_stem	353.0
5277.3375	11.602750000000015	trials	False	True	False	True	True	True	[0.7643086314201355, 0.2356913685798645, 0.47475793957710266, 0.5252420902252197]	0.28955070674419403	-0.23906655609607697	0.1447753608226776	-0.11953327059745789	0.5252420902252197	[31078, 31078, 31078, 31077, 31077]	[31115, 31115, 31115, 31115, 31115]		
5281.4725	2.2402499999998327	epochs															maze_arm	353.0
5283.732	5.186249999999745	epochs															feedback_and_iti	353.0
5283.732	0.9902499999998327	epochs															feedback_delay	353.0
5284.741	1.9785000000001673	epochs															feedback	353.0
5286.93775	1.9804999999996653	epochs															iti	353.0
5288.94025	6.942250000000058	epochs															maze	354.0
5288.94025	4.423999999999978	epochs															maze_stem	354.0
5288.966	12.131499999999505	trials	False	True	False	True	True	True	[0.7262302041053772, 0.2737698554992676, 0.2975636422634125, 0.7024363279342651]	0.42866651713848114	-0.02379383146762848	0.21433323621749878	-0.011896908283233643	0.7024363279342651	[31148, 31147, 31147, 31147, 31147]	[31188, 31188, 31188, 31188, 31188]		
5293.3855	2.496999999999389	epochs															maze_arm	354.0
5295.90075	5.174750000000131	epochs															feedback_and_iti	354.0
5295.90075	0.9989999999997963	epochs															feedback_delay	354.0
5296.91775	1.9832500000002256	epochs															feedback	354.0
5299.08675	1.988749999999527	epochs															iti	354.0
5301.0975	6.471000000000458	epochs															maze	355.0
5301.0975	3.9645000000000437	epochs															maze_stem	355.0
5301.118	11.663499999999658	trials	False	True	False	True	True	True	[0.7294914722442627, 0.27050846815109253, 0.22732150554656982, 0.7726784944534302]	0.5021699965000153	0.04318699240684509	0.2510850131511688	0.021593481302261353	0.7726784944534302	[31221, 31220, 31220, 31220, 31220]	[31258, 31258, 31258, 31258, 31258]		
5305.08225	2.4862499999999272	epochs															maze_arm	355.0
5307.58575	5.168999999999869	epochs															feedback_and_iti	355.0
5307.58575	0.98700000000008	epochs															feedback_delay	355.0
5308.59125	1.9849999999996726	epochs															feedback	355.0
5310.76575	1.9890000000004875	epochs															iti	355.0
5312.7815	6.802499999999782	epochs															maze	356.0
5312.7815	4.078249999999571	epochs															maze_stem	356.0
5312.80125	13.849499999999352	trials	False	True	False	False	True	False	[0.7181528210639954, 0.2818472385406494, 0.19486474990844727, 0.805135190486908]	0.5232880115509033	0.08698242902755737	-0.2616439759731293	0.043491214513778687	0.2818472385406494	[31291, 31290, 31290, 31290, 31290]	[31330, 31330, 31330, 31330, 31330]		
5316.8815	2.702499999999418	epochs															maze_arm	356.0
5319.60025	7.026749999999993	epochs															feedback_and_iti	356.0
5319.60025	0.9939999999996871	epochs															feedback_delay	356.0
5320.61275	1.9825000000000728	epochs															feedback	356.0
5322.6325	3.9945000000006985	epochs															iti	356.0
5326.65075	5.998500000000604	epochs															maze	357.0
5326.65075	4.1895000000004075	epochs															maze_stem	357.0
5326.6715	13.03899999999976	trials	False	True	False	True	False	False	[0.4492189288139343, 0.5507810711860657, 0.1605108231306076, 0.8394891619682312]	0.2887080982327461	0.39027024060487747	-0.14435405284166336	-0.19513512402772903	0.1605108231306076	[31374, 31374, 31373, 31373, 31373]	[31409, 31409, 31408, 31408, 31408]		
5330.8605	1.7887500000006185	epochs															maze_arm	357.0
5332.66675	7.022750000000087	epochs															feedback_and_iti	357.0
5332.66675	0.9987499999997453	epochs															feedback_delay	357.0
5333.68325	1.9827500000001237	epochs															feedback	357.0
5335.704	3.985500000000684	epochs															iti	357.0
5339.7105	6.4210000000002765	epochs															maze	358.0
5339.7105	4.623749999999745	epochs															maze_stem	358.0
5339.7305	11.61450000000059	trials	False	True	False	False	False	True	[0.5607118606567383, 0.4392881393432617, 0.5273045301437378, 0.472695529460907]	0.033407360315322876	-0.08801636099815369	0.016703665256500244	0.04400819540023804	0.5607118606567383	[31452, 31452, 31452, 31451, 31451]	[31490, 31489, 31489, 31489, 31489]		
5344.35325	1.7782500000002983	epochs															maze_arm	358.0
5346.14875	5.175249999999323	epochs															feedback_and_iti	358.0
5346.14875	0.9982499999996435	epochs															feedback_delay	358.0
5347.16525	1.9735000000000582	epochs															feedback	358.0
5349.3375	1.9864999999999782	epochs															iti	358.0
5351.345	11.543999999999869	epochs															maze	359.0
5351.345	6.076000000000022	epochs															maze_stem	359.0
5351.366	16.73999999999978	trials	False	True	False	True	True	True	[0.8053543567657471, 0.19464564323425293, 0.526387631893158, 0.47361233830451965]	0.2789667099714279	-0.3317420035600662	0.13948334753513336	-0.1658710092306137	0.47361233830451965	[31522, 31522, 31521, 31521, 31521]	[31590, 31590, 31590, 31589, 31589]		
5357.44325	5.445749999999862	epochs															maze_arm	359.0
5362.90475	5.172250000000531	epochs															feedback_and_iti	359.0
5362.90475	0.9970000000002983	epochs															feedback_delay	359.0
5363.9205	1.9790000000002692	epochs															feedback	359.0
5366.09125	1.9857499999998254	epochs															iti	359.0
5368.106	16.162500000000364	epochs															maze	360.0
5368.106	12.570749999999862	epochs															maze_stem	360.0
5368.12925	23.203749999999673	trials	False	True	False	False	True	False	[0.643020749092102, 0.3569793105125427, 0.31715890765190125, 0.6828411221504211]	0.3258618265390396	0.039820387959480286	-0.1629309058189392	0.019910216331481934	0.3569793105125427	[31622, 31622, 31622, 31622, 31621]	[31718, 31718, 31718, 31718, 31717]		
5380.6955	3.57300000000032	epochs															maze_arm	360.0
5384.28675	7.024999999999636	epochs															feedback_and_iti	360.0
5384.28675	0.9977499999995416	epochs															feedback_delay	360.0
5385.30125	1.9784999999992579	epochs															feedback	360.0
5387.31675	3.994999999999891	epochs															iti	360.0
5391.333	7.289500000000771	epochs															maze	361.0
5391.333	3.848750000000109	epochs															maze_stem	361.0
5391.352	12.507000000000517	trials	True	True	False	True	True	True	[0.43508511781692505, 0.5649148225784302, 0.22754940390586853, 0.7724505662918091]	0.2075357288122177	0.33736543357372284	0.10376787185668945	0.16868269443511963	0.7724505662918091	[31762, 31761, 31761, 31761, 31761]	[31804, 31804, 31804, 31804, 31804]		
5395.1995	3.423000000000684	epochs															maze_arm	361.0
5398.6435	5.194749999999658	epochs															feedback_and_iti	361.0
5398.6435	0.992500000000291	epochs															feedback_delay	361.0
5399.65825	1.9854999999997744	epochs															feedback	361.0
5401.85175	1.9864999999999782	epochs															iti	361.0
5403.859	7.7867499999993015	epochs															maze	362.0
5403.859	6.145249999999578	epochs															maze_stem	362.0
5403.8795	12.970250000000306	trials	False	True	False	True	True	True	[0.5616858005523682, 0.43831413984298706, 0.28816989064216614, 0.7118301391601562]	0.2735159546136856	0.1501442939043045	0.1367579996585846	0.07507213950157166	0.7118301391601562	[31837, 31836, 31836, 31836, 31836]	[31882, 31882, 31882, 31882, 31882]		
5410.0245	1.621249999999236	epochs															maze_arm	362.0
5411.66325	5.162750000000415	epochs															feedback_and_iti	362.0
5411.66325	0.9895000000005894	epochs															feedback_delay	362.0
5412.67175	1.981249999999818	epochs															feedback	362.0
5414.8435	1.9825000000000728	epochs															iti	362.0
5416.84975	7.099999999999454	epochs															maze	363.0
5416.84975	5.484749999999622	epochs															maze_stem	363.0
5416.87075	14.14599999999973	trials	False	True	False	False	True	False	[0.5084895491600037, 0.49151042103767395, 0.1909494251012802, 0.8090505003929138]	0.31754010170698166	0.30056097358465195	-0.15877003967761993	0.15028046071529388	0.49151042103767395	[31915, 31914, 31914, 31914, 31914]	[31956, 31956, 31956, 31956, 31955]		
5422.35275	1.5969999999997526	epochs															maze_arm	363.0
5423.96725	7.023000000000138	epochs															feedback_and_iti	363.0
5423.96725	0.9960000000000946	epochs															feedback_delay	363.0
5424.9825	1.970749999999498	epochs															feedback	363.0
5426.9905	3.999749999999949	epochs															iti	363.0
5431.01675	5.515000000000327	epochs															maze	364.0
5431.01675	3.9937500000005457	epochs															maze_stem	364.0
5431.042	10.700749999999971	trials	False	True	False	False	False	True	[0.3881068825721741, 0.6118931174278259, 0.16260242462158203, 0.8373975157737732]	0.22550442814826965	0.4492906630039215	0.11275222897529602	-0.22464534640312195	0.3881068825721741	[31999, 31999, 31999, 31999, 31999]	[32032, 32031, 32031, 32031, 32031]		
5435.03075	1.5010000000002037	epochs															maze_arm	364.0
5436.5485	5.173749999999927	epochs															feedback_and_iti	364.0
5436.5485	0.9840000000003783	epochs															feedback_delay	364.0
5437.549	1.9957500000000437	epochs															feedback	364.0
5439.73975	1.9825000000000728	epochs															iti	364.0
5441.74275	7.1489999999994325	epochs															maze	365.0
5441.74275	5.226749999999811	epochs															maze_stem	365.0
5441.76725	14.184000000000196	trials	False	True	False	False	True	False	[0.617351770401001, 0.3826482594013214, 0.2701491117477417, 0.7298508882522583]	0.3472026437520981	0.11249913275241852	-0.17360131442546844	0.056249573826789856	0.3826482594013214	[32064, 32064, 32063, 32063, 32063]	[32106, 32105, 32105, 32105, 32105]		
5446.9895	1.9022500000000946	epochs															maze_arm	365.0
5448.912	7.019749999999476	epochs															feedback_and_iti	365.0
5448.912	0.9972499999994398	epochs															feedback_delay	365.0
5449.92725	1.9710000000004584	epochs															feedback	365.0
5451.93675	3.994999999999891	epochs															iti	365.0
5455.95125	6.380500000000211	epochs															maze	366.0
5455.95125	4.157500000000255	epochs															maze_stem	366.0
5455.9715	13.436250000000655	trials	False	True	False	False	True	False	[0.4349265992641449, 0.5650734305381775, 0.19863633811473846, 0.8013636469841003]	0.23629023879766464	0.36643707007169724	-0.11814510822296143	0.18321853876113892	0.5650734305381775	[32149, 32149, 32149, 32148, 32148]	[32186, 32186, 32186, 32186, 32185]		
5460.12925	2.2025000000003274	epochs															maze_arm	366.0
5462.34775	7.030999999999949	epochs															feedback_and_iti	366.0
5462.34775	0.9899999999997817	epochs															feedback_delay	366.0
5463.354	1.9919999999992797	epochs															feedback	366.0
5465.3835	3.995249999999942	epochs															iti	366.0
5469.40775	7.501749999999447	epochs															maze	367.0
5469.40775	4.410249999999905	epochs															maze_stem	367.0
5469.433	12.67975000000024	trials	True	True	False	True	True	True	[0.39471670985221863, 0.6052833199501038, 0.20889367163181305, 0.7911062836647034]	0.1858230009675026	0.3963896110653877	0.0929114818572998	0.19819480180740356	0.7911062836647034	[32230, 32229, 32229, 32229, 32229]	[32274, 32273, 32273, 32273, 32273]		
5473.83775	3.0717500000000655	epochs															maze_arm	367.0
5476.9335	5.156750000000102	epochs															feedback_and_iti	367.0
5476.9335	0.9880000000002838	epochs															feedback_delay	367.0
5477.94225	1.9695000000001528	epochs															feedback	367.0
5480.1055	1.9847500000005311	epochs															iti	367.0
5482.11275	7.2534999999998035	epochs															maze	368.0
5482.11275	5.733999999999469	epochs															maze_stem	368.0
5482.133	14.293749999999818	trials	False	True	False	False	True	False	[0.49363797903060913, 0.5063620209693909, 0.2522045373916626, 0.7477954626083374]	0.24143344163894653	0.25415748357772827	-0.12071672081947327	0.12707874178886414	0.5063620209693909	[32306, 32306, 32305, 32305, 32305]	[32348, 32348, 32348, 32348, 32348]		
5487.86725	1.4989999999997963	epochs															maze_arm	368.0
5489.38425	7.019999999999527	epochs															feedback_and_iti	368.0
5489.38425	0.9929999999994834	epochs															feedback_delay	368.0
5490.394	1.9899999999997817	epochs															feedback	368.0
5492.42075	3.983499999999367	epochs															iti	368.0
5496.42675	6.984750000000531	epochs															maze	369.0
5496.42675	5.248500000000604	epochs															maze_stem	369.0
5496.45025	12.164999999999964	trials	False	True	False	False	False	True	[0.33055558800697327, 0.6694443821907043, 0.15804772078990936, 0.8419522643089294]	0.1725078746676445	0.5113966688513756	0.08625393360853195	-0.2556983456015587	0.33055558800697327	[32392, 32391, 32391, 32391, 32391]	[32433, 32432, 32432, 32432, 32432]		
5501.696	1.7155000000002474	epochs															maze_arm	369.0
5503.42925	5.1652500000000146	epochs															feedback_and_iti	369.0
5503.42925	0.9960000000000946	epochs															feedback_delay	369.0
5504.4455	1.9774999999999636	epochs															feedback	369.0
5506.60775	1.986750000000029	epochs															iti	369.0
5508.61525	8.605000000000473	epochs															maze	370.0
5508.61525	5.798249999999825	epochs															maze_stem	370.0
5508.636	13.805749999999534	trials	False	True	False	True	True	True	[0.5652875900268555, 0.43471240997314453, 0.3112092614173889, 0.6887907981872559]	0.25407835841178894	0.123503178358078	0.12703919410705566	0.061751604080200195	0.6887907981872559	[32465, 32464, 32464, 32464, 32464]	[32515, 32515, 32515, 32515, 32515]		
5514.43425	2.786000000000058	epochs															maze_arm	370.0
5517.238	5.1727499999997235	epochs															feedback_and_iti	370.0
5517.238	0.9974999999994907	epochs															feedback_delay	370.0
5518.25425	1.9785000000001673	epochs															feedback	370.0
5520.41425	1.9965000000001965	epochs															iti	370.0
5522.44175	10.188250000000153	epochs															maze	371.0
5522.44175	7.492750000000342	epochs															maze_stem	371.0
5522.4675	15.40625	trials	False	True	False	True	True	True	[0.46871623396873474, 0.5312837958335876, 0.21450625360012054, 0.7854937314987183]	0.2542099580168724	0.3167775198817253	0.1271049678325653	0.15838876366615295	0.7854937314987183	[32548, 32547, 32547, 32547, 32547]	[32608, 32608, 32607, 32607, 32607]		
5529.95325	2.6767500000005384	epochs															maze_arm	371.0
5532.64625	5.206750000000284	epochs															feedback_and_iti	371.0
5532.64625	0.9932500000004438	epochs															feedback_delay	371.0
5533.65925	1.9859999999998763	epochs															feedback	371.0
5535.865	1.9880000000002838	epochs															iti	371.0
5537.87375	6.357750000000124	epochs															maze	372.0
5537.87375	4.892249999999876	epochs															maze_stem	372.0
5537.89475	11.548249999999825	trials	False	True	False	False	False	True	[0.4610476791858673, 0.5389522910118103, 0.17688436806201935, 0.8231155872344971]	0.28416330367326736	0.36206791549921036	0.14208165556192398	-0.18103397637605667	0.4610476791858673	[32640, 32640, 32640, 32640, 32639]	[32677, 32677, 32677, 32677, 32676]		
5542.78625	1.44524999999976	epochs															maze_arm	372.0
5544.2475	5.1744999999991705	epochs															feedback_and_iti	372.0
5544.2475	0.9957500000000437	epochs															feedback_delay	372.0
5545.26125	1.9822500000000218	epochs															feedback	372.0
5547.43375	1.9882499999994252	epochs															iti	372.0
5549.443	7.456749999999374	epochs															maze	373.0
5549.443	4.649499999999534	epochs															maze_stem	373.0
5549.4635	12.636250000000473	trials	False	True	False	True	True	True	[0.6227520108222961, 0.37724798917770386, 0.22022749483585358, 0.7797725200653076]	0.40252452343702316	0.15702050179243088	0.20126226544380188	0.07851025462150574	0.7797725200653076	[32709, 32709, 32709, 32709, 32709]	[32753, 32753, 32753, 32753, 32752]		
5554.1165	2.783249999999498	epochs															maze_arm	373.0
5556.91725	5.162249999999403	epochs															feedback_and_iti	373.0
5556.91725	0.9854999999997744	epochs															feedback_delay	373.0
5557.92275	1.9774999999999636	epochs															feedback	373.0
5560.08875	1.9907499999999345	epochs															iti	373.0
5562.09975	10.63549999999941	epochs															maze	374.0
5562.09975	4.659499999999753	epochs															maze_stem	374.0
5562.12075	17.681499999999687	trials	False	True	False	True	False	False	[0.5381340980529785, 0.4618659019470215, 0.19265104830265045, 0.8073490262031555]	0.34548308700323105	0.269214890897274	-0.17274152487516403	-0.13460742682218552	0.19265104830265045	[32785, 32785, 32785, 32785, 32785]	[32848, 32848, 32848, 32848, 32847]		
5566.77875	5.956499999999323	epochs															maze_arm	374.0
5572.75175	7.028999999999542	epochs															feedback_and_iti	374.0
5572.75175	0.9960000000000946	epochs															feedback_delay	374.0
5573.768	1.9830000000001746	epochs															feedback	374.0
5575.7905	3.9902499999998327	epochs															iti	374.0
5579.80225	7.380000000000109	epochs															maze	375.0
5579.80225	4.347999999999956	epochs															maze_stem	375.0
5579.82275	14.421249999999418	trials	False	True	False	False	True	False	[0.4900680184364319, 0.5099320411682129, 0.4760618209838867, 0.5239381790161133]	0.014006167650222778	0.033870190382003784	-0.007003068923950195	0.016935110092163086	0.5099320411682129	[32891, 32891, 32891, 32891, 32891]	[32935, 32935, 32934, 32934, 32934]		
5584.17025	3.0119999999997162	epochs															maze_arm	375.0
5587.20025	7.021749999999884	epochs															feedback_and_iti	375.0
5587.20025	0.9842500000004293	epochs															feedback_delay	375.0
5588.205	1.99474999999984	epochs															feedback	375.0
5590.2375	3.9844999999995707	epochs															iti	375.0
5594.244	7.941749999999956	epochs															maze	376.0
5594.244	4.141750000000684	epochs															maze_stem	376.0
5594.266	14.977000000000771	trials	False	True	False	True	False	False	[0.46073803305625916, 0.5392619371414185, 0.33059683442115784, 0.6694031357765198]	0.13014119863510132	0.20866510272026062	-0.06507059931755066	-0.1043325662612915	0.33059683442115784	[32978, 32978, 32978, 32977, 32977]	[33025, 33025, 33024, 33024, 33024]		
5598.40425	3.781500000000051	epochs															maze_arm	376.0
5602.2025	7.018749999999272	epochs															feedback_and_iti	376.0
5602.2025	0.9922499999993306	epochs															feedback_delay	376.0
5603.213	1.9802500000005239	epochs															feedback	376.0
5605.23075	3.9904999999998836	epochs															iti	376.0
5609.243	7.299250000000029	epochs															maze	377.0
5609.243	4.960499999999229	epochs															maze_stem	377.0
5609.264	12.511749999999665	trials	True	True	False	False	False	True	[0.5736826658248901, 0.4263173043727875, 0.5877158641815186, 0.41228413581848145]	-0.014033183455467224	-0.16139854490756989	-0.007016599178314209	0.08069926500320435	0.5736826658248901	[33068, 33068, 33068, 33067, 33067]	[33111, 33111, 33110, 33110, 33110]		
5614.223	2.3192500000004657	epochs															maze_arm	377.0
5616.56275	5.192000000000007	epochs															feedback_and_iti	377.0
5616.56275	0.9894999999996799	epochs															feedback_delay	377.0
5617.57325	1.9874999999992724	epochs															feedback	377.0
5619.75875	1.9960000000000946	epochs															iti	377.0
5621.77575	8.004249999999956	epochs															maze	378.0
5621.77575	5.622750000000451	epochs															maze_stem	378.0
5621.796	13.17974999999933	trials	False	True	False	False	False	True	[0.7611137628555298, 0.23888620734214783, 0.6550758481025696, 0.3449241816997528]	0.10603794455528259	-0.41618961095809937	0.0530189573764801	0.20809480547904968	0.7611137628555298	[33143, 33143, 33143, 33143, 33142]	[33190, 33190, 33190, 33190, 33189]		
5627.4195	2.3604999999997744	epochs															maze_arm	378.0
5629.79725	5.157750000000306	epochs															feedback_and_iti	378.0
5629.79725	0.9840000000003783	epochs															feedback_delay	378.0
5630.8	1.9827500000001237	epochs															feedback	378.0
5632.974	1.9809999999997672	epochs															iti	378.0
5634.97575	8.011750000000575	epochs															maze	379.0
5634.97575	4.709500000000844	epochs															maze_stem	379.0
5634.9965	13.185249999999542	trials	False	True	False	True	True	True	[0.8258550763130188, 0.17414496839046478, 0.6489695310592651, 0.35103046894073486]	0.17688552290201187	-0.47482458502054214	0.08844275027513504	-0.23741228133440018	0.35103046894073486	[33222, 33222, 33222, 33222, 33221]	[33269, 33269, 33269, 33269, 33269]		
5639.704	3.2835000000004584	epochs															maze_arm	379.0
5643.00325	5.157500000000255	epochs															feedback_and_iti	379.0
5643.00325	0.9962500000001455	epochs															feedback_delay	379.0
5644.0175	1.9707500000004075	epochs															feedback	379.0
5646.169	1.9917500000001382	epochs															iti	379.0
5648.18175	6.9907499999999345	epochs															maze	380.0
5648.18175	3.8977500000000873	epochs															maze_stem	380.0
5648.20075	14.026499999999942	trials	False	True	False	False	True	False	[0.6484281420707703, 0.35157185792922974, 0.38193532824516296, 0.6180646419525146]	0.2664927989244461	-0.03036348521709442	-0.13324639201164246	-0.015181750059127808	0.35157185792922974	[33301, 33301, 33301, 33301, 33301]	[33342, 33342, 33342, 33342, 33342]		
5652.0985	3.0739999999996144	epochs															maze_arm	380.0
5655.19025	7.016500000000633	epochs															feedback_and_iti	380.0
5655.19025	0.9952499999999418	epochs															feedback_delay	380.0
5656.2025	1.9714999999996508	epochs															feedback	380.0
5658.212	3.99474999999984	epochs															iti	380.0
5662.22725	8.495750000000044	epochs															maze	381.0
5662.22725	4.039499999999862	epochs															maze_stem	381.0
5662.248	11.579750000000786	trials	False	True	False	True	True	True	[0.44370120763778687, 0.5562987327575684, 0.2669132351875305, 0.7330867648124695]	0.17678800225257874	0.28938552737236023	0.08839401602745056	0.14469274878501892	0.7330867648124695	[33386, 33385, 33385, 33385, 33385]	[33436, 33435, 33435, 33435, 33435]		
5666.28725	4.4357499999996435	epochs															maze_arm	381.0
5670.7405	3.0872500000004948	epochs															feedback_and_iti	381.0
5670.7405	0.9892500000005384	epochs															feedback_delay	381.0
5671.74675	1.9902499999998327	epochs															feedback	381.0
