onset	duration	nwb_table	is_vis	is_ruleA	is_switch	is_cueB	is_choL	is_correct	association_mat	rule_belief	signed_bias	rule_following	bias_following	prob_actual_cho	trial_onset_plane_frame_idx	trial_offset_plane_frame_idx	epoch_type	trial_id
38.76325	8.671750000000003	epochs															maze	0.0
38.76325	6.250500000000002	epochs															maze_stem	0.0
38.79425	15.690750000000001	trials	False	True	False	True	False	False	[0.25529396533966064, 0.7447059750556946, 0.29480841755867004, 0.7051916122436523]	-0.03951440751552582	0.4498976022005081	0.0197572261095047	-0.22494880855083466	0.29480841755867004	[174, 174, 174, 174, 173]	[225, 225, 225, 225, 225]		
45.03625	2.3987499999999997	epochs															maze_arm	0.0
47.45025	7.014250000000004	epochs															feedback_and_iti	0.0
47.45025	0.9890000000000043	epochs															feedback_delay	0.0
48.45625	1.984250000000003	epochs															feedback	0.0
50.47675	3.9877499999999984	epochs															iti	0.0
54.485	8.59825	epochs															maze	1.0
54.485	6.188000000000002	epochs															maze_stem	1.0
54.50625	13.808249999999994	trials	False	True	False	True	True	True	[0.4634999632835388, 0.5365000367164612, 0.3419317901134491, 0.6580682396888733]	0.12156818807125092	0.19456826150417328	0.060784101486206055	0.09728413820266724	0.6580682396888733	[269, 268, 268, 268, 268]	[319, 319, 319, 319, 318]		
60.69325	2.3900000000000006	epochs															maze_arm	1.0
63.0995	5.194750000000006	epochs															feedback_and_iti	1.0
63.0995	0.9960000000000022	epochs															feedback_delay	1.0
64.1135	1.9804999999999922	epochs															feedback	1.0
66.315	1.9792500000000075	epochs															iti	1.0
68.3145	12.654499999999999	epochs															maze	2.0
68.3145	9.817750000000004	epochs															maze_stem	2.0
68.33475	19.698499999999996	trials	False	True	False	True	False	False	[0.5517102479934692, 0.44828975200653076, 0.28674808144569397, 0.7132518887519836]	0.2649621516466141	0.1615416556596756	-0.13248108327388763	-0.0807708352804184	0.28674808144569397	[351, 351, 351, 351, 351]	[426, 426, 426, 426, 426]		
78.15	2.8189999999999884	epochs															maze_arm	2.0
80.9865	7.025999999999996	epochs															feedback_and_iti	2.0
80.9865	0.9879999999999995	epochs															feedback_delay	2.0
81.99275	1.9879999999999995	epochs															feedback	2.0
84.081	3.9314999999999998	epochs															iti	2.0
88.03325	11.075000000000003	epochs															maze	3.0
88.03325	7.549500000000009	epochs															maze_stem	3.0
88.0535	16.282750000000007	trials	False	True	False	True	True	True	[0.4199008047580719, 0.5800992250442505, 0.3652322292327881, 0.6347677111625671]	0.05466853082180023	0.21486695110797882	0.027334243059158325	0.10743346810340881	0.6347677111625671	[470, 469, 469, 469, 469]	[535, 535, 535, 535, 534]		
95.60225	3.5060000000000002	epochs															maze_arm	3.0
99.12525	5.186500000000009	epochs															feedback_and_iti	3.0
99.12525	0.9992500000000035	epochs															feedback_delay	3.0
100.142	1.9762500000000074	epochs															feedback	3.0
102.3125	1.9992500000000035	epochs															iti	3.0
104.33625	11.269749999999988	epochs															maze	4.0
104.33625	9.584249999999997	epochs															maze_stem	4.0
104.35925	16.46575	trials	True	True	False	False	False	True	[0.53788822889328, 0.46211177110671997, 0.2964572012424469, 0.7035427689552307]	0.24143101274967194	0.16565455496311188	0.12071551382541656	-0.08282728493213654	0.53788822889328	[567, 567, 567, 567, 567]	[634, 634, 634, 633, 633]		
113.94	1.6659999999999968	epochs															maze_arm	4.0
115.62675	5.177250000000001	epochs															feedback_and_iti	4.0
115.62675	0.9825000000000017	epochs															feedback_delay	4.0
116.63225	1.9917499999999961	epochs															feedback	4.0
118.81075	1.9932500000000033	epochs															iti	4.0
120.825	10.577999999999989	epochs															maze	5.0
120.825	8.575499999999991	epochs															maze_stem	5.0
120.84525	17.620000000000005	trials	False	True	False	True	False	False	[0.6814400553703308, 0.3185599744319916, 0.400306761264801, 0.5996932983398438]	0.281133309006691	-0.08174677193164825	-0.1405666470527649	0.04087340831756592	0.400306761264801	[666, 666, 666, 666, 666]	[729, 729, 728, 728, 728]		
129.42075	1.9822499999999934	epochs															maze_arm	5.0
131.42025	7.024499999999989	epochs															feedback_and_iti	5.0
131.42025	0.98599999999999	epochs															feedback_delay	5.0
132.42425	1.9952499999999986	epochs															feedback	5.0
134.45625	3.9884999999999877	epochs															iti	5.0
138.46525	9.051500000000004	epochs															maze	6.0
138.46525	6.361500000000007	epochs															maze_stem	6.0
138.48575	14.260500000000008	trials	False	True	False	False	False	True	[0.4588484764099121, 0.5411515235900879, 0.35034871101379395, 0.649651288986206]	0.10849976539611816	0.19080281257629395	0.05424988269805908	-0.09540140628814697	0.4588484764099121	[772, 772, 772, 771, 771]	[825, 825, 825, 825, 825]		
144.848	2.6687499999999886	epochs															maze_arm	6.0
147.53375	5.184750000000008	epochs															feedback_and_iti	6.0
147.53375	0.9997500000000059	epochs															feedback_delay	6.0
148.5505	1.9692499999999882	epochs															feedback	6.0
150.72025	1.998250000000013	epochs															iti	6.0
152.74625	9.865749999999991	epochs															maze	7.0
152.74625	7.882249999999999	epochs															maze_stem	7.0
152.773	15.057500000000005	trials	True	True	False	False	False	True	[0.8000094890594482, 0.19999054074287415, 0.6088088750839233, 0.3911910951137543]	0.19120058417320251	-0.4088183641433716	0.09560030698776245	0.2044091820716858	0.8000094890594482	[858, 858, 857, 857, 857]	[916, 916, 916, 915, 915]		
160.64775	1.9642499999999927	epochs															maze_arm	7.0
162.632	5.177999999999997	epochs															feedback_and_iti	7.0
162.632	0.9977499999999964	epochs															feedback_delay	7.0
163.65025	1.974250000000012	epochs															feedback	7.0
165.821	1.9890000000000043	epochs															iti	7.0
167.8305	9.316249999999997	epochs															maze	8.0
167.8305	7.218999999999994	epochs															maze_stem	8.0
167.852	16.346749999999986	trials	False	True	False	True	False	False	[0.8217580318450928, 0.17824195325374603, 0.5765489339828491, 0.42345109581947327]	0.24520912021398544	-0.3983069583773613	-0.12260454893112183	0.19915348291397095	0.5765489339828491	[948, 948, 948, 948, 947]	[1003, 1003, 1003, 1002, 1002]		
175.0695	2.0772499999999923	epochs															maze_arm	8.0
177.164	7.014250000000004	epochs															feedback_and_iti	8.0
177.164	0.9995000000000118	epochs															feedback_delay	8.0
178.181	1.9669999999999845	epochs															feedback	8.0
180.185	3.993249999999989	epochs															iti	8.0
184.19875	8.995500000000021	epochs															maze	9.0
184.19875	5.885250000000013	epochs															maze_stem	9.0
184.21925	16.037000000000006	trials	False	True	False	False	True	False	[0.494471937417984, 0.5055280327796936, 0.37735414505004883, 0.6226458549499512]	0.11711780726909637	0.12817390263080597	-0.058558911085128784	0.06408694386482239	0.5055280327796936	[1046, 1046, 1046, 1046, 1046]	[1099, 1099, 1099, 1099, 1099]		
190.1025	3.091750000000019	epochs															maze_arm	9.0
193.21	7.0192499999999995	epochs															feedback_and_iti	9.0
193.21	0.9864999999999782	epochs															feedback_delay	9.0
194.21425	1.9807500000000005	epochs															feedback	9.0
196.2325	3.99675000000002	epochs															iti	9.0
200.25625	8.991000000000014	epochs															maze	10.0
200.25625	6.762750000000011	epochs															maze_stem	10.0
200.279	14.172500000000014	trials	False	True	False	True	True	True	[0.4628047049045563, 0.5371952652931213, 0.36789295077323914, 0.6321070790290833]	0.09491178393363953	0.1693023443222046	0.04745590686798096	0.0846511721611023	0.6321070790290833	[1143, 1142, 1142, 1142, 1142]	[1196, 1195, 1195, 1195, 1195]		
207.0395	2.2077500000000043	epochs															maze_arm	10.0
209.2655	5.167249999999996	epochs															feedback_and_iti	10.0
209.2655	0.9840000000000089	epochs															feedback_delay	10.0
210.27025	1.9847499999999911	epochs															feedback	10.0
212.4505	1.9822499999999934	epochs															iti	10.0
214.4515	10.722250000000003	epochs															maze	11.0
214.4515	7.149499999999989	epochs															maze_stem	11.0
214.4735	15.924499999999995	trials	True	True	False	True	True	True	[0.39423033595085144, 0.605769693851471, 0.3591307997703552, 0.6408692598342896]	0.03509955108165741	0.24663890898227692	0.017549782991409302	0.12331947684288025	0.6408692598342896	[1228, 1228, 1227, 1227, 1227]	[1291, 1291, 1291, 1290, 1290]		
221.62075	3.5530000000000257	epochs															maze_arm	11.0
225.19625	5.1815	epochs															feedback_and_iti	11.0
225.19625	0.9790000000000134	epochs															feedback_delay	11.0
226.1965	1.998500000000007	epochs															feedback	11.0
228.38925	1.9884999999999877	epochs															iti	11.0
230.398	10.888499999999993	epochs															maze	12.0
230.398	8.90424999999999	epochs															maze_stem	12.0
230.41825	16.082750000000004	trials	True	True	False	False	False	True	[0.25395500659942627, 0.7460450530052185, 0.3172503709793091, 0.6827496886253357]	-0.06329536437988281	0.4287946820259094	-0.031647682189941406	-0.21439731121063232	0.25395500659942627	[1323, 1323, 1323, 1323, 1323]	[1388, 1387, 1387, 1387, 1387]		
239.322	1.9644999999999868	epochs															maze_arm	12.0
241.3075	5.171249999999986	epochs															feedback_and_iti	12.0
241.3075	0.9855000000000018	epochs															feedback_delay	12.0
242.3135	1.9729999999999848	epochs															feedback	12.0
244.493	1.985749999999996	epochs															iti	12.0
246.501	9.192499999999995	epochs															maze	13.0
246.501	7.340499999999992	epochs															maze_stem	13.0
246.52225	14.384749999999968	trials	False	True	False	False	False	True	[0.5909804105758667, 0.4090195894241333, 0.4456821382045746, 0.554317831993103]	0.14529825747013092	-0.03666256368160248	0.07264913618564606	0.018331274390220642	0.5909804105758667	[1420, 1420, 1419, 1419, 1419]	[1474, 1474, 1474, 1473, 1473]		
253.86	1.8334999999999866	epochs															maze_arm	13.0
255.7095	5.177250000000015	epochs															feedback_and_iti	13.0
255.7095	0.9884999999999877	epochs															feedback_delay	13.0
256.716	1.989499999999964	epochs															feedback	13.0
258.8935	1.993249999999989	epochs															iti	13.0
260.907	13.336000000000013	epochs															maze	14.0
260.907	8.549500000000023	epochs															maze_stem	14.0
260.92725	18.528999999999996	trials	True	True	False	True	True	True	[0.819905698299408, 0.18009431660175323, 0.6194791793823242, 0.3805207908153534]	0.20042649656534195	-0.4393848851323128	0.10021323710680008	-0.21969244629144669	0.3805207908153534	[1506, 1506, 1506, 1506, 1505]	[1585, 1585, 1585, 1585, 1584]		
269.47625	4.766750000000002	epochs															maze_arm	14.0
274.2635	5.1682500000000005	epochs															feedback_and_iti	14.0
274.2635	0.9947499999999536	epochs															feedback_delay	14.0
275.27875	1.9775000000000205	epochs															feedback	14.0
277.43425	1.9975000000000023	epochs															iti	14.0
279.45625	10.554499999999962	epochs															maze	15.0
279.45625	8.385749999999973	epochs															maze_stem	15.0
279.4765	15.738249999999994	trials	False	True	False	False	False	True	[0.4674312472343445, 0.5325687527656555, 0.37361758947372437, 0.6263823509216309]	0.09381362795829773	0.15895113348960876	0.04690682888031006	-0.07947558164596558	0.4674312472343445	[1617, 1617, 1617, 1617, 1617]	[1680, 1680, 1679, 1679, 1679]		
287.86025	2.1504999999999654	epochs															maze_arm	15.0
290.02875	5.166249999999991	epochs															feedback_and_iti	15.0
290.02875	0.9979999999999905	epochs															feedback_delay	15.0
291.045	1.9817499999999768	epochs															feedback	15.0
293.2095	1.9855000000000018	epochs															iti	15.0
295.21475	9.995499999999993	epochs															maze	16.0
295.21475	8.073000000000036	epochs															maze_stem	16.0
295.23475	15.179749999999956	trials	True	True	False	False	False	True	[0.7361612319946289, 0.2638387978076935, 0.44582599401474, 0.5541740655899048]	0.2903352528810501	-0.18198718130588531	0.14516761898994446	0.09099361300468445	0.7361612319946289	[1712, 1712, 1712, 1711, 1711]	[1771, 1771, 1771, 1770, 1770]		
303.3055	1.9047499999999786	epochs															maze_arm	16.0
305.23125	5.162250000000029	epochs															feedback_and_iti	16.0
305.23125	0.9970000000000141	epochs															feedback_delay	16.0
306.2485	1.9712499999999977	epochs															feedback	16.0
308.398	1.9954999999999927	epochs															iti	16.0
310.4145	13.180500000000052	epochs															maze	17.0
310.4145	8.743750000000034	epochs															maze_stem	17.0
310.43525	18.368499999999983	trials	False	True	False	True	True	True	[0.791902482509613, 0.20809751749038696, 0.4636252224445343, 0.5363748073577881]	0.32827727496623993	-0.25552769005298615	0.16413864493370056	-0.12776383757591248	0.5363748073577881	[1803, 1803, 1803, 1802, 1802]	[1881, 1881, 1881, 1881, 1880]		
319.17775	4.417250000000024	epochs															maze_arm	17.0
323.61075	5.169249999999977	epochs															feedback_and_iti	17.0
323.61075	0.9995000000000118	epochs															feedback_delay	17.0
324.62825	1.9700000000000273	epochs															feedback	17.0
326.80625	1.9737499999999955	epochs															iti	17.0
328.80375	12.097750000000019	epochs															maze	18.0
328.80375	7.706999999999994	epochs															maze_stem	18.0
328.8235	17.290249999999958	trials	False	True	False	True	True	True	[0.6243528723716736, 0.37564706802368164, 0.3019436299800873, 0.6980563402175903]	0.3224092572927475	0.07370345294475555	0.16120463609695435	0.036851704120635986	0.6980563402175903	[1913, 1913, 1913, 1913, 1913]	[1985, 1985, 1985, 1984, 1984]		
336.532	4.369500000000016	epochs															maze_arm	18.0
340.91875	5.175000000000011	epochs															feedback_and_iti	18.0
340.91875	0.9902500000000032	epochs															feedback_delay	18.0
341.92675	1.9817499999999768	epochs															feedback	18.0
344.10225	1.9914999999999736	epochs															iti	18.0
346.11375	12.625750000000039	epochs															maze	19.0
346.11375	7.958500000000015	epochs															maze_stem	19.0
346.134	17.822749999999985	trials	True	True	False	True	True	True	[0.6320239901542664, 0.36797603964805603, 0.25839757919311523, 0.7416024804115295]	0.3736264258623123	0.10957847535610199	0.18681322038173676	0.054789260029792786	0.7416024804115295	[2017, 2017, 2017, 2017, 2016]	[2092, 2092, 2092, 2091, 2091]		
354.0915	4.648000000000025	epochs															maze_arm	19.0
358.75875	5.1714999999999804	epochs															feedback_and_iti	19.0
358.75875	0.9927500000000009	epochs															feedback_delay	19.0
359.7725	1.9780000000000086	epochs															feedback	19.0
361.94125	1.988999999999976	epochs															iti	19.0
363.95675	10.150500000000022	epochs															maze	20.0
363.95675	8.064750000000004	epochs															maze_stem	20.0
363.9795	15.336250000000007	trials	True	True	False	False	False	True	[0.5329157114028931, 0.4670843183994293, 0.22342295944690704, 0.7765770554542542]	0.3094927445054054	0.24366135150194168	0.154746375977993	-0.12183066457509995	0.5329157114028931	[2124, 2124, 2124, 2124, 2123]	[2184, 2184, 2184, 2183, 2183]		
372.041	2.066250000000025	epochs															maze_arm	20.0
374.12825	5.168000000000006	epochs															feedback_and_iti	20.0
374.12825	0.9809999999999945	epochs															feedback_delay	20.0
375.13	1.9847500000000196	epochs															feedback	20.0
377.301	1.9952499999999986	epochs															iti	20.0
379.31575	13.167250000000024	epochs															maze	21.0
379.31575	8.454750000000047	epochs															maze_stem	21.0
379.3365	18.35899999999998	trials	True	True	False	True	True	True	[0.7074624300003052, 0.2925375699996948, 0.289855420589447, 0.7101445198059082]	0.41760697960853577	0.002682119607925415	0.2088034749031067	0.0013410449028015137	0.7101445198059082	[2216, 2216, 2216, 2216, 2215]	[2294, 2294, 2294, 2294, 2293]		
387.7895	4.693500000000029	epochs															maze_arm	21.0
392.50425	5.1714999999999804	epochs															feedback_and_iti	21.0
392.50425	0.9814999999999827	epochs															feedback_delay	21.0
393.50475	1.9925000000000068	epochs															feedback	21.0
395.6845	1.9912499999999795	epochs															iti	21.0
397.6955	10.749250000000018	epochs															maze	22.0
397.6955	8.856750000000034	epochs															maze_stem	22.0
397.71525	15.933249999999987	trials	True	True	False	False	False	True	[0.539526104927063, 0.460473895072937, 0.2090955376625061, 0.7909044623374939]	0.3304305672645569	0.2513783574104309	0.16521528363227844	-0.12568917870521545	0.539526104927063	[2326, 2326, 2326, 2326, 2326]	[2390, 2390, 2390, 2389, 2389]		
406.57275	1.872000000000014	epochs															maze_arm	22.0
408.46575	5.160750000000007	epochs															feedback_and_iti	22.0
408.46575	0.9824999999999591	epochs															feedback_delay	22.0
409.46925	1.9879999999999995	epochs															feedback	22.0
411.6485	1.9780000000000086	epochs															iti	22.0
413.6485	10.043749999999989	epochs															maze	23.0
413.6485	7.731749999999977	epochs															maze_stem	23.0
413.671	15.237500000000011	trials	False	True	False	False	False	True	[0.7317380309104919, 0.26826199889183044, 0.2830387353897095, 0.7169612646102905]	0.4486992806196213	-0.014776751399040222	0.22434964776039124	0.007388383150100708	0.7317380309104919	[2422, 2422, 2422, 2421, 2421]	[2481, 2481, 2481, 2481, 2481]		
421.4	2.292250000000024	epochs															maze_arm	23.0
423.708	5.1754999999999995	epochs															feedback_and_iti	23.0
423.708	0.9857499999999959	epochs															feedback_delay	23.0
424.7105	1.992750000000001	epochs															feedback	23.0
426.90225	1.9812500000000455	epochs															iti	23.0
428.9085	11.611249999999984	epochs															maze	24.0
428.9085	7.928999999999974	epochs															maze_stem	24.0
428.9315	16.79774999999995	trials	False	True	False	True	True	True	[0.8496107459068298, 0.15038926899433136, 0.35206714272499084, 0.6479328870773315]	0.4975436106324196	-0.2016778662800789	0.2487718090415001	-0.10083892196416855	0.6479328870773315	[2514, 2513, 2513, 2513, 2513]	[2582, 2582, 2582, 2582, 2581]		
436.85625	3.663499999999999	epochs															maze_arm	24.0
440.53725	5.171750000000031	epochs															feedback_and_iti	24.0
440.53725	0.9932500000000459	epochs															feedback_delay	24.0
441.5485	1.9834999999999923	epochs															feedback	24.0
443.714	1.9950000000000045	epochs															iti	24.0
445.72925	9.970000000000027	epochs															maze	25.0
445.72925	8.091499999999996	epochs															maze_stem	25.0
445.749	15.172249999999963	trials	True	True	False	False	False	True	[0.7910740971565247, 0.20892588794231415, 0.23217520117759705, 0.7678247690200806]	0.558898888528347	-0.023249320685863495	0.2794494479894638	0.011624649167060852	0.7910740971565247	[2614, 2614, 2614, 2614, 2614]	[2673, 2673, 2673, 2673, 2672]		
453.8405	1.8587499999999864	epochs															maze_arm	25.0
455.7195	5.176250000000039	epochs															feedback_and_iti	25.0
455.7195	0.989750000000015	epochs															feedback_delay	25.0
456.7295	1.975750000000005	epochs															feedback	25.0
458.89925	1.996500000000026	epochs															iti	25.0
460.92125	8.854250000000036	epochs															maze	26.0
460.92125	6.409249999999986	epochs															maze_stem	26.0
460.9415	14.026999999999987	trials	False	True	False	False	False	True	[0.8036105632781982, 0.19638943672180176, 0.2953292727470398, 0.704670786857605]	0.5082813203334808	-0.09893980622291565	0.2541406452655792	0.04946991801261902	0.8036105632781982	[2706, 2705, 2705, 2705, 2705]	[2758, 2757, 2757, 2757, 2757]		
467.35075	2.4247500000000173	epochs															maze_arm	26.0
469.79275	5.154999999999973	epochs															feedback_and_iti	26.0
469.79275	0.9925000000000068	epochs															feedback_delay	26.0
470.8015	1.98275000000001	epochs															feedback	26.0
472.9675	1.9802500000000123	epochs															iti	26.0
474.9685	16.811249999999973	epochs															maze	27.0
474.9685	14.668499999999995	epochs															maze_stem	27.0
474.98875	22.01075000000003	trials	True	True	False	False	False	True	[0.8619959950447083, 0.13800399005413055, 0.3195302188396454, 0.6804697513580322]	0.5424657687544823	-0.18152623623609543	0.27123288810253143	0.09076310694217682	0.8619959950447083	[2790, 2790, 2789, 2789, 2789]	[2890, 2889, 2889, 2889, 2889]		
489.65525	2.124499999999955	epochs															maze_arm	27.0
491.80025	5.1752500000000055	epochs															feedback_and_iti	27.0
491.80025	0.9987499999999727	epochs															feedback_delay	27.0
492.821	1.9727499999999623	epochs															feedback	27.0
494.9835	1.9920000000000186	epochs															iti	27.0
496.9995	10.260499999999979	epochs															maze	28.0
496.9995	8.418999999999983	epochs															maze_stem	28.0
497.02625	17.28374999999994	trials	False	True	False	True	False	False	[0.7974976301193237, 0.20250235497951508, 0.3230828046798706, 0.6769171953201294]	0.4744148328900337	-0.12058044224977493	-0.23720741271972656	0.06029021739959717	0.3230828046798706	[2922, 2922, 2921, 2921, 2921]	[2982, 2982, 2982, 2982, 2982]		
505.43775	1.8222499999999968	epochs															maze_arm	28.0
507.278	7.013249999999971	epochs															feedback_and_iti	28.0
507.278	0.9857499999999959	epochs															feedback_delay	28.0
508.28175	1.9845000000000255	epochs															feedback	28.0
510.3025	3.988749999999982	epochs															iti	28.0
514.31	8.74675000000002	epochs															maze	29.0
514.31	5.944749999999999	epochs															maze_stem	29.0
514.33	13.921749999999975	trials	False	True	False	True	True	True	[0.7248835563659668, 0.2751164138317108, 0.23084941506385803, 0.7691506147384644]	0.49403417110443115	0.04426702857017517	0.24701710045337677	0.022133514285087585	0.7691506147384644	[3026, 3025, 3025, 3025, 3025]	[3077, 3077, 3077, 3077, 3076]		
520.2745	2.7822499999999764	epochs															maze_arm	29.0
523.07475	5.156749999999988	epochs															feedback_and_iti	29.0
523.07475	0.9980000000000473	epochs															feedback_delay	29.0
524.091	1.9682500000000118	epochs															feedback	29.0
526.246	1.9855000000000018	epochs															iti	29.0
528.25175	8.042749999999955	epochs															maze	30.0
528.25175	5.424499999999966	epochs															maze_stem	30.0
528.27175	15.081249999999955	trials	False	True	False	False	True	False	[0.7994471192359924, 0.20055295526981354, 0.2610839903354645, 0.7389160394668579]	0.5383631065487862	-0.06053105741739273	-0.2691815420985222	-0.030265502631664276	0.20055295526981354	[3109, 3109, 3109, 3109, 3108]	[3157, 3156, 3156, 3156, 3156]		
533.6965	2.5979999999999563	epochs															maze_arm	30.0
536.31075	7.020750000000021	epochs															feedback_and_iti	30.0
536.31075	0.9869999999999663	epochs															feedback_delay	30.0
537.314	1.9865000000000919	epochs															feedback	30.0
539.33875	3.992750000000001	epochs															iti	30.0
543.353	7.992750000000001	epochs															maze	31.0
543.353	5.269750000000045	epochs															maze_stem	31.0
543.37325	13.1875	trials	True	True	False	False	False	True	[0.48888909816741943, 0.5111109018325806, 0.23308448493480682, 0.7669155597686768]	0.2558046355843544	0.27802643924951553	0.1279023066163063	-0.13901320844888687	0.48888909816741943	[3200, 3200, 3199, 3199, 3199]	[3247, 3247, 3246, 3246, 3246]		
548.642	2.7037499999999	epochs															maze_arm	31.0
551.36675	5.174499999999966	epochs															feedback_and_iti	31.0
551.36675	0.988999999999919	epochs															feedback_delay	31.0
552.3765	1.99025000000006	epochs															feedback	31.0
554.55025	1.9909999999999854	epochs															iti	31.0
556.56075	8.706500000000005	epochs															maze	32.0
556.56075	6.347499999999968	epochs															maze_stem	32.0
556.58525	13.899999999999977	trials	False	True	False	False	False	True	[0.6289497017860413, 0.37105029821395874, 0.23287393152713776, 0.7671260833740234]	0.3960757777094841	0.13817637413740158	0.19803788512945175	-0.06908818334341049	0.6289497017860413	[3279, 3279, 3279, 3278, 3278]	[3330, 3330, 3330, 3330, 3329]		
562.9285	2.3387500000000045	epochs															maze_arm	32.0
565.2845	5.178999999999974	epochs															feedback_and_iti	32.0
565.2845	0.98599999999999	epochs															feedback_delay	32.0
566.2885	1.9917500000000246	epochs															feedback	32.0
568.47275	1.9907499999999345	epochs															iti	32.0
570.48525	7.9565000000000055	epochs															maze	33.0
570.48525	5.606500000000096	epochs															maze_stem	33.0
570.50325	14.995250000000055	trials	False	True	False	False	True	False	[0.8339881300926208, 0.16601186990737915, 0.3482137620449066, 0.6517862677574158]	0.4857743829488754	-0.18220187723636627	-0.2428871989250183	-0.09110093116760254	0.16601186990737915	[3362, 3362, 3362, 3362, 3362]	[3409, 3409, 3409, 3409, 3408]		
576.1095	2.332249999999931	epochs															maze_arm	33.0
578.45775	7.020249999999919	epochs															feedback_and_iti	33.0
578.45775	0.9945000000000164	epochs															feedback_delay	33.0
579.46975	1.9864999999999782	epochs															feedback	33.0
581.49225	3.985749999999939	epochs															iti	33.0
585.4985	8.507999999999925	epochs															maze	34.0
585.4985	5.8940000000000055	epochs															maze_stem	34.0
585.519	15.540250000000015	trials	False	True	False	False	True	False	[0.5576472878456116, 0.4423527121543884, 0.19891215860843658, 0.8010878562927246]	0.3587351366877556	0.24344056099653244	-0.1793675720691681	0.12172028422355652	0.4423527121543884	[3452, 3452, 3452, 3452, 3452]	[3503, 3502, 3502, 3502, 3502]		
591.411	2.5955000000000155	epochs															maze_arm	34.0
594.02425	7.0154999999999745	epochs															feedback_and_iti	34.0
594.02425	0.9822499999999081	epochs															feedback_delay	34.0
595.0255	1.992750000000001	epochs															feedback	34.0
597.05575	3.9840000000000373	epochs															iti	34.0
601.05925	9.526250000000005	epochs															maze	35.0
601.05925	7.346749999999929	epochs															maze_stem	35.0
601.08	14.71875	trials	False	True	False	False	False	True	[0.41199788451194763, 0.5880021452903748, 0.17713558673858643, 0.8228644132614136]	0.2348622828722	0.41086654365062714	0.1174311488866806	-0.20543326437473297	0.41199788451194763	[3546, 3546, 3545, 3545, 3545]	[3602, 3602, 3602, 3601, 3601]		
608.42625	2.1592500000000427	epochs															maze_arm	35.0
610.60175	5.167500000000018	epochs															feedback_and_iti	35.0
610.60175	0.9862499999999272	epochs															feedback_delay	35.0
611.60425	1.9842499999999745	epochs															feedback	35.0
613.78625	1.983000000000061	epochs															iti	35.0
615.79875	9.924249999999915	epochs															maze	36.0
615.79875	6.505999999999972	epochs															maze_stem	36.0
615.8215	15.112499999999955	trials	False	True	False	True	True	True	[0.6792955994606018, 0.3207043409347534, 0.28522640466690063, 0.7147735953330994]	0.39406922459602356	0.03547796607017517	0.19703462719917297	0.01773896813392639	0.7147735953330994	[3634, 3634, 3634, 3634, 3633]	[3693, 3693, 3692, 3692, 3692]		
622.32425	3.39874999999995	epochs															maze_arm	36.0
625.741	5.17025000000001	epochs															feedback_and_iti	36.0
625.741	0.9850000000000136	epochs															feedback_delay	36.0
626.7435	1.9947499999999536	epochs															feedback	36.0
628.9475	1.9637500000000045	epochs															iti	36.0
630.934	10.208000000000084	epochs															maze	37.0
630.934	8.10775000000001	epochs															maze_stem	37.0
630.9535	15.422750000000065	trials	True	True	False	False	False	True	[0.6593372225761414, 0.34066271781921387, 0.1956215351819992, 0.8043784499168396]	0.46371570974588394	0.14504120498895645	0.23185784369707108	-0.07252062112092972	0.6593372225761414	[3725, 3725, 3725, 3724, 3724]	[3785, 3785, 3785, 3785, 3784]		
639.0595	2.0825000000000955	epochs															maze_arm	37.0
641.16125	5.1860000000000355	epochs															feedback_and_iti	37.0
641.16125	0.9945000000000164	epochs															feedback_delay	37.0
642.17675	1.9842499999999745	epochs															feedback	37.0
644.35325	1.9940000000000282	epochs															iti	37.0
646.37625	11.021499999999946	epochs															maze	38.0
646.37625	7.675999999999931	epochs															maze_stem	38.0
646.4005	16.211750000000052	trials	False	True	False	True	True	True	[0.7524535655975342, 0.2475464940071106, 0.28516247868537903, 0.7148375511169434]	0.46729107201099396	-0.037615999579429626	0.23364552855491638	-0.018807977437973022	0.7148375511169434	[3817, 3817, 3817, 3817, 3817]	[3883, 3882, 3882, 3882, 3882]		
654.0725	3.3252499999999827	epochs															maze_arm	38.0
657.41325	5.17775000000006	epochs															feedback_and_iti	38.0
657.41325	0.99675000000002	epochs															feedback_delay	38.0
658.42825	1.982499999999959	epochs															feedback	38.0
660.593	1.9980000000000473	epochs															iti	38.0
662.61225	11.446249999999964	epochs															maze	39.0
662.61225	8.196000000000026	epochs															maze_stem	39.0
662.6335	16.638500000000022	trials	False	True	False	True	True	True	[0.6638085246086121, 0.33619147539138794, 0.18852613866329193, 0.8114739060401917]	0.4752824082970619	0.1476653590798378	0.23764121532440186	0.0738326907157898	0.8114739060401917	[3915, 3915, 3914, 3914, 3914]	[3983, 3982, 3982, 3982, 3982]		
670.82825	3.2302499999999554	epochs															maze_arm	39.0
674.07575	5.172250000000076	epochs															feedback_and_iti	39.0
674.07575	0.9897500000000719	epochs															feedback_delay	39.0
675.084	1.9817500000000337	epochs															feedback	39.0
677.25225	1.9957500000000437	epochs															iti	39.0
679.272	10.854999999999905	epochs															maze	40.0
679.272	7.5877499999999145	epochs															maze_stem	40.0
679.29325	16.041750000000093	trials	False	True	False	True	True	True	[0.7081286311149597, 0.29187139868736267, 0.18872463703155518, 0.8112753033638]	0.519403949379921	0.10314671695232391	0.2597019523382187	0.05157335102558136	0.8112753033638	[4015, 4015, 4014, 4014, 4014]	[4079, 4079, 4078, 4078, 4078]		
686.8805	3.246499999999969	epochs															maze_arm	40.0
690.145	5.168250000000057	epochs															feedback_and_iti	40.0
690.145	0.9932499999999891	epochs															feedback_delay	40.0
691.15475	1.982499999999959	epochs															feedback	40.0
693.31575	1.9975000000000591	epochs															iti	40.0
695.335	9.180749999999989	epochs															maze	41.0
695.335	6.866749999999911	epochs															maze_stem	41.0
695.35575	14.373500000000035	trials	False	True	False	False	False	True	[0.6646906137466431, 0.33530935645103455, 0.148210346698761, 0.8517897129058838]	0.5164803117513657	0.18709905445575714	0.25824013352394104	-0.09354951977729797	0.6646906137466431	[4111, 4111, 4111, 4110, 4110]	[4165, 4165, 4165, 4165, 4164]		
702.221	2.294750000000022	epochs															maze_arm	41.0
704.533	5.173000000000002	epochs															feedback_and_iti	41.0
704.533	0.9840000000000373	epochs															feedback_delay	41.0
705.535	1.9875000000000682	epochs															feedback	41.0
707.71475	1.9912500000000364	epochs															iti	41.0
709.72925	8.768249999999966	epochs															maze	42.0
709.72925	6.962499999999977	epochs															maze_stem	42.0
709.7525	13.957749999999919	trials	True	True	False	False	False	True	[0.7593721747398376, 0.24062782526016235, 0.22638674080371857, 0.7736132740974426]	0.5329854413866997	0.014241091907024384	0.26649271696805954	-0.007120542228221893	0.7593721747398376	[4197, 4197, 4197, 4197, 4197]	[4249, 4249, 4249, 4248, 4248]		
716.70975	1.78774999999996	epochs															maze_arm	42.0
718.5195	5.171249999999986	epochs															feedback_and_iti	42.0
718.5195	0.9840000000000373	epochs															feedback_delay	42.0
719.52375	1.9880000000000564	epochs															feedback	42.0
721.69125	1.9995000000000118	epochs															iti	42.0
723.71025	8.980000000000018	epochs															maze	43.0
723.71025	7.24025000000006	epochs															maze_stem	43.0
723.73075	14.16775000000007	trials	True	True	False	False	False	True	[0.8150203824043274, 0.184979647397995, 0.2936800420284271, 0.7063199877738953]	0.5213403403759003	-0.10870039463043213	0.26067017018795013	0.05435021221637726	0.8150203824043274	[4281, 4281, 4281, 4281, 4280]	[4334, 4334, 4334, 4333, 4333]		
730.96975	1.7205000000000155	epochs															maze_arm	43.0
732.70925	5.1684999999999945	epochs															feedback_and_iti	43.0
732.70925	0.9980000000000473	epochs															feedback_delay	43.0
733.7275	1.97950000000003	epochs															feedback	43.0
735.88775	1.990000000000009	epochs															iti	43.0
737.8985	8.574749999999995	epochs															maze	44.0
737.8985	6.032249999999976	epochs															maze_stem	44.0
737.919	13.759999999999991	trials	False	True	False	False	False	True	[0.8347378373146057, 0.16526217758655548, 0.3116385042667389, 0.6883615255355835]	0.5230993404984474	-0.1463763192296028	0.2615496665239334	0.0731881707906723	0.8347378373146057	[4366, 4366, 4366, 4366, 4365]	[4417, 4417, 4416, 4416, 4416]		
743.95125	2.522000000000048	epochs															maze_arm	44.0
746.49075	5.164999999999964	epochs															feedback_and_iti	44.0
746.49075	0.98599999999999	epochs															feedback_delay	44.0
747.4945	1.9829999999999472	epochs															feedback	44.0
749.67575	1.9800000000000182	epochs															iti	44.0
751.679	9.334500000000048	epochs															maze	45.0
751.679	6.432000000000016	epochs															maze_stem	45.0
751.70125	14.513750000000073	trials	False	True	False	False	False	True	[0.8751769065856934, 0.12482308596372604, 0.3197616934776306, 0.6802383065223694]	0.555415216833353	-0.19493860378861427	0.27770760655403137	0.09746930003166199	0.8751769065856934	[4449, 4449, 4448, 4448, 4448]	[4504, 4504, 4504, 4503, 4503]		
758.13075	2.8827499999999873	epochs															maze_arm	45.0
761.03125	5.164499999999975	epochs															feedback_and_iti	45.0
761.03125	0.99350000000004	epochs															feedback_delay	45.0
762.0425	1.9817500000000337	epochs															feedback	45.0
764.20725	1.9884999999999309	epochs															iti	45.0
766.215	12.185499999999934	epochs															maze	46.0
766.215	8.671249999999986	epochs															maze_stem	46.0
766.23775	17.365999999999985	trials	False	True	False	True	True	True	[0.8865740895271301, 0.11342591047286987, 0.3230777084827423, 0.6769223213195801]	0.563496395945549	-0.20965178310871124	0.2817482054233551	-0.10482588410377502	0.6769223213195801	[4536, 4536, 4536, 4535, 4535]	[4608, 4608, 4608, 4608, 4607]		
774.90625	3.4942499999999654	epochs															maze_arm	46.0
778.416	5.166249999999991	epochs															feedback_and_iti	46.0
778.416	0.9984999999999218	epochs															feedback_delay	46.0
779.434	1.9692499999999882	epochs															feedback	46.0
781.5965	1.9857500000000528	epochs															iti	46.0
783.60375	8.596250000000055	epochs															maze	47.0
783.60375	5.820500000000038	epochs															maze_stem	47.0
783.624	15.622749999999996	trials	False	True	False	False	True	False	[0.8056737184524536, 0.194326251745224, 0.1968592256307602, 0.8031408190727234]	0.6088145300745964	-0.0025329366326332092	-0.3044072836637497	-0.0012664645910263062	0.194326251745224	[4640, 4640, 4640, 4640, 4639]	[4691, 4691, 4690, 4690, 4690]		
789.445	2.7549999999999955	epochs															maze_arm	47.0
792.216	7.009999999999991	epochs															feedback_and_iti	47.0
792.216	0.99249999999995	epochs															feedback_delay	47.0
793.226	1.9745000000000346	epochs															feedback	47.0
795.24025	3.9857500000000528	epochs															iti	47.0
799.24675	8.480749999999944	epochs															maze	48.0
799.24675	6.6159999999999854	epochs															maze_stem	48.0
799.2655	13.659750000000031	trials	False	True	False	False	False	True	[0.5688515305519104, 0.4311484098434448, 0.2565214931964874, 0.7434784770011902]	0.31233005225658417	0.1746269315481186	0.1561650186777115	-0.08731348812580109	0.5688515305519104	[4734, 4734, 4734, 4733, 4733]	[4784, 4784, 4784, 4783, 4783]		
805.88275	1.8447499999999764	epochs															maze_arm	48.0
807.74425	5.160250000000019	epochs															feedback_and_iti	48.0
807.74425	0.9945000000000164	epochs															feedback_delay	48.0
808.755	1.9732500000000073	epochs															feedback	48.0
810.909	1.9954999999999927	epochs															iti	48.0
812.92525	9.303750000000036	epochs															maze	49.0
812.92525	7.5437500000000455	epochs															maze_stem	49.0
812.94575	14.500250000000051	trials	False	True	False	False	False	True	[0.7223706841468811, 0.2776293456554413, 0.23715262115001678, 0.7628474235534668]	0.4852180704474449	0.040476731956005096	0.24260903149843216	-0.020238347351551056	0.7223706841468811	[4816, 4816, 4816, 4816, 4815]	[4871, 4871, 4871, 4870, 4870]		
820.49025	1.7387500000000955	epochs															maze_arm	49.0
822.246	5.178250000000048	epochs															feedback_and_iti	49.0
822.246	0.9964999999999691	epochs															feedback_delay	49.0
823.25875	1.9852500000000646	epochs															feedback	49.0
825.44125	1.983000000000061	epochs															iti	49.0
827.446	8.552000000000021	epochs															maze	50.0
827.446	6.63900000000001	epochs															maze_stem	50.0
827.46475	13.754500000000007	trials	False	True	False	False	False	True	[0.8563437461853027, 0.14365629851818085, 0.28084760904312134, 0.7191523909568787]	0.5754961147904396	-0.13719133287668228	0.2877480685710907	0.06859567761421204	0.8563437461853027	[4903, 4903, 4903, 4903, 4902]	[4953, 4953, 4953, 4953, 4953]		
834.1045	1.8935000000000173	epochs															maze_arm	50.0
836.0135	5.180749999999989	epochs															feedback_and_iti	50.0
836.0135	0.9954999999999927	epochs															feedback_delay	50.0
837.02675	1.9790000000000418	epochs															feedback	50.0
839.194	2.000250000000051	epochs															iti	50.0
841.21925	12.073999999999955	epochs															maze	51.0
841.21925	8.810249999999996	epochs															maze_stem	51.0
841.24525	17.269249999999943	trials	False	True	False	True	True	True	[0.8727115392684937, 0.12728849053382874, 0.30265820026397705, 0.6973418593406677]	0.5700533539056778	-0.17536969482898712	0.2850266844034195	-0.08768482506275177	0.6973418593406677	[4986, 4986, 4985, 4985, 4985]	[5057, 5057, 5057, 5057, 5056]		
850.0505	3.2427499999998872	epochs															maze_arm	51.0
853.30875	5.178749999999923	epochs															feedback_and_iti	51.0
853.30875	0.9862499999999272	epochs															feedback_delay	51.0
854.3115	1.9934999999999263	epochs															feedback	51.0
856.49425	1.993249999999989	epochs															iti	51.0
858.5145	11.950249999999983	epochs															maze	52.0
858.5145	7.1372499999999945	epochs															maze_stem	52.0
858.536	17.137750000000096	trials	True	True	False	True	True	True	[0.8044797778129578, 0.19552026689052582, 0.18934722244739532, 0.8106527328491211]	0.6151325106620789	0.006172999739646912	0.30756623297929764	0.003086499869823456	0.8106527328491211	[5089, 5089, 5089, 5089, 5089]	[5160, 5160, 5160, 5160, 5159]		
865.67225	4.792500000000018	epochs															maze_arm	52.0
870.4855	5.168000000000006	epochs															feedback_and_iti	52.0
870.4855	0.99675000000002	epochs															feedback_delay	52.0
871.5025	1.971749999999929	epochs															feedback	52.0
873.67325	1.9802499999999554	epochs															iti	52.0
875.67375	10.516750000000002	epochs															maze	53.0
875.67375	7.263749999999959	epochs															maze_stem	53.0
875.6945	15.70150000000001	trials	False	True	False	True	True	True	[0.8407398462295532, 0.15926015377044678, 0.23165661096572876, 0.7683433890342712]	0.6090832352638245	-0.07239645719528198	0.30454161763191223	-0.03619822859764099	0.7683433890342712	[5192, 5192, 5192, 5192, 5192]	[5254, 5254, 5254, 5254, 5254]		
882.958	3.2325000000000728	epochs															maze_arm	53.0
886.206	5.169499999999971	epochs															feedback_and_iti	53.0
886.206	1.0	epochs															feedback_delay	53.0
887.224	1.9727499999999054	epochs															feedback	53.0
889.379	1.996499999999969	epochs															iti	53.0
891.396	9.657750000000078	epochs															maze	54.0
891.396	7.895500000000084	epochs															maze_stem	54.0
891.421	14.837749999999915	trials	False	True	False	False	False	True	[0.7465274930000305, 0.2534725069999695, 0.15535211563110352, 0.8446478843688965]	0.591175377368927	0.09812039136886597	0.2955876886844635	-0.04906019568443298	0.7465274930000305	[5287, 5286, 5286, 5286, 5286]	[5344, 5343, 5343, 5343, 5343]		
899.31	1.743750000000091	epochs															maze_arm	54.0
901.07125	5.16700000000003	epochs															feedback_and_iti	54.0
901.07125	0.98599999999999	epochs															feedback_delay	54.0
902.07525	1.9825000000000728	epochs															feedback	54.0
904.4205	1.8177500000000464	epochs															iti	54.0
906.25875	9.440249999999992	epochs															maze	55.0
906.25875	7.667500000000018	epochs															maze_stem	55.0
906.2785	14.624249999999961	trials	False	True	False	False	False	True	[0.7973697185516357, 0.20263023674488068, 0.2014485001564026, 0.7985514998435974]	0.595921240746975	0.0011817589402198792	0.2979606091976166	-0.000590890645980835	0.7973697185516357	[5376, 5376, 5375, 5375, 5375]	[5431, 5431, 5431, 5431, 5431]		
913.946	1.752999999999929	epochs															maze_arm	55.0
915.71525	5.166000000000054	epochs															feedback_and_iti	55.0
915.71525	0.9954999999999927	epochs															feedback_delay	55.0
916.72875	1.9710000000000036	epochs															feedback	55.0
918.894	1.9872500000000173	epochs															iti	55.0
920.90275	8.538999999999987	epochs															maze	56.0
920.90275	6.819749999999999	epochs															maze_stem	56.0
920.9245	13.736750000000029	trials	False	True	False	False	False	True	[0.8568062782287598, 0.14319367706775665, 0.2478528618812561, 0.7521471381187439]	0.6089534386992455	-0.10465916246175766	0.30447670817375183	0.052329570055007935	0.8568062782287598	[5464, 5463, 5463, 5463, 5463]	[5514, 5514, 5513, 5513, 5513]		
927.74325	1.6984999999999673	epochs															maze_arm	56.0
929.45825	5.183999999999969	epochs															feedback_and_iti	56.0
929.45825	0.9919999999999618	epochs															feedback_delay	56.0
930.46675	1.988999999999919	epochs															feedback	56.0
932.65375	1.9885000000000446	epochs															iti	56.0
934.66125	8.911749999999984	epochs															maze	57.0
934.66125	7.0922500000000355	epochs															maze_stem	57.0
934.6815	14.095000000000027	trials	False	True	False	False	False	True	[0.8770859837532043, 0.12291400134563446, 0.2681710124015808, 0.7318289875984192]	0.6089149788022041	-0.14525700360536575	0.30445748567581177	0.07262849807739258	0.8770859837532043	[5546, 5546, 5546, 5545, 5545]	[5599, 5598, 5598, 5598, 5598]		
941.7745	1.79849999999999	epochs															maze_arm	57.0
943.59225	5.163749999999936	epochs															feedback_and_iti	57.0
943.59225	0.9947499999999536	epochs															feedback_delay	57.0
944.6055	1.9697499999999764	epochs															feedback	57.0
946.777	1.9789999999999281	epochs															iti	57.0
948.7765	9.015249999999924	epochs															maze	58.0
948.7765	7.196999999999889	epochs															maze_stem	58.0
948.79725	14.198500000000081	trials	False	True	False	False	False	True	[0.8756977319717407, 0.12430229783058167, 0.2665228843688965, 0.7334771752357483]	0.6091748625040054	-0.14222057163715363	0.3045874238014221	0.0711103081703186	0.8756977319717407	[5631, 5630, 5630, 5630, 5630]	[5684, 5684, 5683, 5683, 5683]		
955.99325	1.79849999999999	epochs															maze_arm	58.0
957.808	5.167749999999955	epochs															feedback_and_iti	58.0
957.808	0.9912500000000364	epochs															feedback_delay	58.0
958.81625	1.978749999999991	epochs															feedback	58.0
960.98025	1.9954999999999927	epochs															iti	58.0
962.99575	12.37749999999994	epochs															maze	59.0
962.99575	8.226499999999987	epochs															maze_stem	59.0
963.01375	17.561000000000035	trials	True	True	False	True	True	True	[0.8763247132301331, 0.12367526441812515, 0.266152024269104, 0.7338480353355408]	0.6101727299392223	-0.14247671887278557	0.3050863854587078	-0.07123835012316704	0.7338480353355408	[5716, 5716, 5716, 5715, 5715]	[5789, 5789, 5789, 5789, 5788]		
971.24225	4.130999999999972	epochs															maze_arm	59.0
975.3935	5.160250000000019	epochs															feedback_and_iti	59.0
975.3935	0.9787499999999909	epochs															feedback_delay	59.0
976.3935	1.9845000000000255	epochs															feedback	59.0
978.5575	1.9962500000000318	epochs															iti	59.0
980.57475	9.41274999999996	epochs															maze	60.0
980.57475	7.363500000000045	epochs															maze_stem	60.0
980.59575	14.612750000000005	trials	False	True	False	False	False	True	[0.8639319539070129, 0.13606804609298706, 0.2447337508201599, 0.7552662491798401]	0.619198203086853	-0.10866570472717285	0.3095991015434265	0.054332852363586426	0.8639319539070129	[5821, 5821, 5821, 5821, 5821]	[5877, 5877, 5876, 5876, 5876]		
987.959	2.028500000000008	epochs															maze_arm	60.0
990.0055	5.172750000000065	epochs															feedback_and_iti	60.0
990.0055	0.9959999999999809	epochs															feedback_delay	60.0
991.01875	1.9757500000000618	epochs															feedback	60.0
993.178	2.000250000000051	epochs															iti	60.0
995.2085	9.252250000000004	epochs															maze	61.0
995.2085	7.258750000000077	epochs															maze_stem	61.0
995.23175	14.442000000000007	trials	False	True	False	False	False	True	[0.8087986707687378, 0.191201314330101, 0.21488144993782043, 0.785118579864502]	0.5939172431826591	-0.02368011325597763	0.2969586104154587	0.011840060353279114	0.8087986707687378	[5909, 5909, 5909, 5908, 5908]	[5964, 5963, 5963, 5963, 5963]		
1002.487	1.9737499999999955	epochs															maze_arm	61.0
1004.47825	5.174750000000017	epochs															feedback_and_iti	61.0
1004.47825	0.9952499999999418	epochs															feedback_delay	61.0
1005.491	1.9837499999999864	epochs															feedback	61.0
1007.66775	1.9852500000000646	epochs															iti	61.0
1009.67375	11.780499999999961	epochs															maze	62.0
1009.67375	7.731499999999983	epochs															maze_stem	62.0
1009.69375	16.980249999999955	trials	True	True	False	True	True	True	[0.8538592457771301, 0.1461406946182251, 0.22883392870426178, 0.7711660861968994]	0.6250253543257713	-0.0826931968331337	0.31251269578933716	-0.041346609592437744	0.7711660861968994	[5996, 5996, 5995, 5995, 5995]	[6065, 6065, 6065, 6065, 6065]		
1017.425	4.029250000000047	epochs															maze_arm	62.0
1021.475	5.177749999999946	epochs															feedback_and_iti	62.0
1021.475	0.9867500000000291	epochs															feedback_delay	62.0
1022.48225	1.9864999999999782	epochs															feedback	62.0
1024.66	1.9927499999998872	epochs															iti	62.0
1026.674	9.571750000000065	epochs															maze	63.0
1026.674	7.70900000000006	epochs															maze_stem	63.0
1026.6945	14.750250000000051	trials	False	True	False	False	False	True	[0.8716959357261658, 0.1283041089773178, 0.26388272643089294, 0.7361172437667847]	0.6078131720423698	-0.13557865470647812	0.3039066046476364	0.06778933107852936	0.8716959357261658	[6098, 6098, 6097, 6097, 6097]	[6154, 6154, 6154, 6154, 6153]		
1034.40375	1.8420000000000982	epochs															maze_arm	63.0
1036.26225	5.161499999999933	epochs															feedback_and_iti	63.0
1036.26225	0.9907499999999345	epochs															feedback_delay	63.0
1037.26975	1.9857500000000528	epochs															feedback	63.0
1039.43075	1.9929999999999382	epochs															iti	63.0
1041.44475	11.952749999999924	epochs															maze	64.0
1041.44475	8.234749999999849	epochs															maze_stem	64.0
1041.4635	17.145749999999907	trials	False	True	False	True	True	True	[0.8074097633361816, 0.19259019196033478, 0.20550870895385742, 0.7944912910461426]	0.601901076734066	-0.012918494641780853	0.3009505495429039	-0.006459258496761322	0.7944912910461426	[6186, 6186, 6186, 6186, 6185]	[6257, 6257, 6257, 6256, 6256]		
1049.70075	3.6967500000000655	epochs															maze_arm	64.0
1053.4125	5.175500000000056	epochs															feedback_and_iti	64.0
1053.4125	0.9954999999999927	epochs															feedback_delay	64.0
1054.426	1.9792500000000928	epochs															feedback	64.0
1056.6015	1.9864999999999782	epochs															iti	64.0
1058.60925	9.848250000000007	epochs															maze	65.0
1058.60925	7.8842500000000655	epochs															maze_stem	65.0
1058.6295	15.054000000000087	trials	True	True	False	False	False	True	[0.7520731687545776, 0.24792687594890594, 0.13350366055965424, 0.8664963245391846]	0.618569478392601	0.11442318558692932	0.3092847540974617	-0.057211585342884064	0.7520731687545776	[6289, 6289, 6289, 6289, 6288]	[6347, 6347, 6347, 6347, 6346]		
1066.51125	1.9462499999999636	epochs															maze_arm	65.0
1068.4785	5.179499999999962	epochs															feedback_and_iti	65.0
1068.4785	0.9877500000000055	epochs															feedback_delay	65.0
1069.48725	1.9797500000001946	epochs															feedback	65.0
1071.67625	1.98174999999992	epochs															iti	65.0
1073.6835	17.17224999999985	epochs															maze	66.0
1073.6835	15.501999999999953	epochs															maze_stem	66.0
1073.709	22.357999999999947	trials	False	True	False	False	False	True	[0.7992316484451294, 0.20076841115951538, 0.21201063692569733, 0.7879893183708191]	0.5872209593653679	-0.011242277920246124	0.29361050575971603	0.005621142685413361	0.7992316484451294	[6380, 6379, 6379, 6379, 6379]	[6482, 6481, 6481, 6481, 6481]		
1089.20625	1.649499999999989	epochs															maze_arm	66.0
1090.873	5.174250000000029	epochs															feedback_and_iti	66.0
1090.873	0.9894999999999072	epochs															feedback_delay	66.0
1091.881	1.9887499999999818	epochs															feedback	66.0
1094.05725	1.990000000000009	epochs															iti	66.0
1096.067	9.910750000000007	epochs															maze	67.0
1096.067	7.8217500000000655	epochs															maze_stem	67.0
1096.09	16.9525000000001	trials	False	True	False	True	False	False	[0.8513032793998718, 0.1486966758966446, 0.21753130853176117, 0.7824686765670776]	0.6337719857692719	-0.06883461773395538	-0.31688598543405533	0.0344172939658165	0.21753130853176117	[6514, 6514, 6513, 6513, 6513]	[6572, 6572, 6572, 6572, 6571]		
1103.90975	2.0679999999999836	epochs															maze_arm	67.0
1105.99525	7.027000000000044	epochs															feedback_and_iti	67.0
1105.99525	0.9957500000000437	epochs															feedback_delay	67.0
1107.007	1.9794999999999163	epochs															feedback	67.0
1109.0255	3.99675000000002	epochs															iti	67.0
1113.0425	6.366500000000087	epochs															maze	68.0
1113.0425	4.78449999999998	epochs															maze_stem	68.0
1113.061	13.397500000000036	trials	False	True	False	True	False	False	[0.8426560163497925, 0.15734395384788513, 0.20208419859409332, 0.7979158163070679]	0.640571840107441	-0.0447402223944664	-0.3202859088778496	0.0223701074719429	0.20208419859409332	[6616, 6615, 6615, 6615, 6615]	[6653, 6653, 6652, 6652, 6652]		
1117.847	1.5620000000001255	epochs															maze_arm	68.0
1119.4265	7.010749999999916	epochs															feedback_and_iti	68.0
1119.4265	0.9980000000000473	epochs															feedback_delay	68.0
1120.442	1.9700000000000273	epochs															feedback	68.0
1122.45075	3.986499999999978	epochs															iti	68.0
1126.4585	8.53449999999998	epochs															maze	69.0
1126.4585	5.241750000000138	epochs															maze_stem	69.0
1126.47925	13.715999999999894	trials	False	True	False	True	True	True	[0.8117021322250366, 0.188297837972641, 0.2360612452030182, 0.7639387249946594]	0.5756408870220184	-0.0477634072303772	0.2878204435110092	-0.023881718516349792	0.7639387249946594	[6696, 6696, 6696, 6695, 6695]	[6746, 6746, 6746, 6746, 6745]		
1131.7215	3.2714999999998327	epochs															maze_arm	69.0
1135.00925	5.164999999999964	epochs															feedback_and_iti	69.0
1135.00925	0.9959999999998672	epochs															feedback_delay	69.0
1136.02425	1.9792500000000928	epochs															feedback	69.0
1138.1845	1.9897499999999582	epochs															iti	69.0
1140.19525	7.930000000000064	epochs															maze	70.0
1140.19525	6.504249999999956	epochs															maze_stem	70.0
1140.21525	13.107500000000073	trials	False	True	False	False	False	True	[0.7899532318115234, 0.21004681289196014, 0.1977522224187851, 0.8022477626800537]	0.592200979590416	0.012294560670852661	0.29610050469636917	-0.006147272884845734	0.7899532318115234	[6778, 6778, 6778, 6778, 6778]	[6825, 6825, 6825, 6824, 6824]		
1146.718	1.4072499999999764	epochs															maze_arm	70.0
1148.14325	5.158500000000004	epochs															feedback_and_iti	70.0
1148.14325	0.9842499999999745	epochs															feedback_delay	70.0
1149.1455	1.9862499999999272	epochs															feedback	70.0
1151.3165	1.9852500000001783	epochs															iti	70.0
1153.32275	8.391750000000002	epochs															maze	71.0
1153.32275	6.361499999999978	epochs															maze_stem	71.0
1153.34325	13.574500000000171	trials	False	True	False	True	True	True	[0.8064565658569336, 0.1935434341430664, 0.21787390112876892, 0.7821261286735535]	0.5885826796293259	-0.02433045208454132	0.29429134726524353	-0.012165218591690063	0.7821261286735535	[6857, 6857, 6857, 6856, 6856]	[6906, 6906, 6906, 6906, 6906]		
1159.707	2.0074999999999363	epochs															maze_arm	71.0
1161.7315	5.166999999999916	epochs															feedback_and_iti	71.0
1161.7315	0.9922500000000127	epochs															feedback_delay	71.0
1162.74125	1.9767500000000382	epochs															feedback	71.0
1164.91225	1.9862499999999272	epochs															iti	71.0
1166.91775	8.699999999999818	epochs															maze	72.0
1166.91775	6.791999999999916	epochs															maze_stem	72.0
1166.939	13.896749999999884	trials	True	True	False	False	False	True	[0.7634525299072266, 0.23654744029045105, 0.15995542705059052, 0.8400446176528931]	0.603497140109539	0.07659205049276352	0.301748551428318	-0.03829602152109146	0.7634525299072266	[6939, 6938, 6938, 6938, 6938]	[6990, 6990, 6989, 6989, 6989]		
1173.72925	1.8884999999997945	epochs															maze_arm	72.0
1175.63775	5.168999999999869	epochs															feedback_and_iti	72.0
1175.63775	0.9907499999999345	epochs															feedback_delay	72.0
1176.64925	1.9712500000000546	epochs															feedback	72.0
1178.84325	1.9635000000000673	epochs															iti	72.0
1180.83575	8.019999999999982	epochs															maze	73.0
1180.83575	6.6027500000000146	epochs															maze_stem	73.0
1180.85925	13.206750000000056	trials	False	True	False	False	False	True	[0.7954553365707397, 0.20454463362693787, 0.23747321963310242, 0.76252681016922]	0.5579821467399597	-0.03292855620384216	0.27899105846881866	0.01646427810192108	0.7954553365707397	[7022, 7022, 7022, 7021, 7021]	[7069, 7069, 7069, 7069, 7068]		
1187.45875	1.3969999999999345	epochs															maze_arm	73.0
1188.8715	5.173749999999927	epochs															feedback_and_iti	73.0
1188.8715	1.0027500000001055	epochs															feedback_delay	73.0
1189.90175	1.9659999999998945	epochs															feedback	73.0
1192.052	1.993249999999989	epochs															iti	73.0
1194.066	8.127749999999878	epochs															maze	74.0
1194.066	5.936999999999898	epochs															maze_stem	74.0
1194.09075	13.330999999999904	trials	False	True	False	True	True	True	[0.8557193279266357, 0.14428068697452545, 0.2508690357208252, 0.7491309642791748]	0.60485028475523	-0.10658835619688034	0.3024251386523247	-0.05329417437314987	0.7491309642791748	[7101, 7101, 7101, 7101, 7101]	[7149, 7149, 7149, 7149, 7148]		
1200.0235	2.1702499999998963	epochs															maze_arm	74.0
1202.20925	5.18224999999984	epochs															feedback_and_iti	74.0
1202.20925	0.9964999999999691	epochs															feedback_delay	74.0
1203.22375	1.9654999999997926	epochs															feedback	74.0
1205.38625	2.0052499999999327	epochs															iti	74.0
1207.42175	8.463999999999942	epochs															maze	75.0
1207.42175	7.106500000000096	epochs															maze_stem	75.0
1207.44425	13.651000000000067	trials	False	True	False	False	False	True	[0.8321580290794373, 0.16784201562404633, 0.197079136967659, 0.8029208779335022]	0.6350788772106171	-0.029237136244773865	0.31753944605588913	0.014618583023548126	0.8321580290794373	[7181, 7181, 7181, 7181, 7181]	[7231, 7231, 7231, 7231, 7230]		
1214.5485	1.3372499999998126	epochs															maze_arm	75.0
1215.90325	5.171249999999873	epochs															feedback_and_iti	75.0
1215.90325	0.987999999999829	epochs															feedback_delay	75.0
1216.908	1.990000000000009	epochs															feedback	75.0
1219.105	1.9694999999999254	epochs															iti	75.0
1221.09525	7.967499999999973	epochs															maze	76.0
1221.09525	6.6099999999999	epochs															maze_stem	76.0
1221.1135	13.15949999999998	trials	False	True	False	False	False	True	[0.8227091431617737, 0.1772908717393875, 0.22677665948867798, 0.773223340511322]	0.5959324762225151	-0.04948579519987106	0.29796624183654785	0.02474290132522583	0.8227091431617737	[7263, 7263, 7263, 7263, 7263]	[7310, 7310, 7310, 7310, 7309]		
1227.72675	1.3360000000000127	epochs															maze_arm	76.0
1229.08825	5.164500000000089	epochs															feedback_and_iti	76.0
1229.08825	0.9855000000000018	epochs															feedback_delay	76.0
1230.0925	1.9877500000000055	epochs															feedback	76.0
1232.2695	1.9832499999999982	epochs															iti	76.0
1234.273	8.41150000000016	epochs															maze	77.0
1234.273	6.779500000000098	epochs															maze_stem	77.0
1234.2935	13.602499999999964	trials	False	True	False	False	False	True	[0.8576686382293701, 0.14233143627643585, 0.24431321024894714, 0.7556868195533752]	0.6133554056286812	-0.10198179632425308	0.3066777139902115	0.05099092423915863	0.8576686382293701	[7342, 7342, 7342, 7342, 7342]	[7392, 7392, 7392, 7391, 7391]		
1241.07075	1.6137499999999818	epochs															maze_arm	77.0
1242.70225	5.1724999999999	epochs															feedback_and_iti	77.0
1242.70225	0.9845000000000255	epochs															feedback_delay	77.0
1243.705	1.9927500000001146	epochs															feedback	77.0
1245.883	1.9917499999999109	epochs															iti	77.0
1247.896	9.319500000000062	epochs															maze	78.0
1247.896	6.7560000000000855	epochs															maze_stem	78.0
1247.91475	16.371500000000196	trials	False	True	False	True	False	False	[0.8798821568489075, 0.12011785060167313, 0.2665145695209503, 0.7334854602813721]	0.613367598503828	-0.1463967077434063	-0.3066837936639786	0.0731983631849289	0.2665145695209503	[7424, 7424, 7424, 7424, 7423]	[7479, 7479, 7479, 7478, 7478]		
1254.67075	2.544750000000022	epochs															maze_arm	78.0
1257.2335	7.021749999999884	epochs															feedback_and_iti	78.0
1257.2335	0.9949999999998909	epochs															feedback_delay	78.0
1258.24675	1.975500000000011	epochs															feedback	78.0
1260.2615	3.9937499999998636	epochs															iti	78.0
1264.28625	6.775499999999965	epochs															maze	79.0
1264.28625	4.9217499999999745	epochs															maze_stem	79.0
1264.309	11.956000000000131	trials	False	True	False	True	True	True	[0.8255955576896667, 0.17440448701381683, 0.22065700590610504, 0.7793430089950562]	0.6049385368824005	-0.0462525337934494	0.30246926099061966	-0.023126251995563507	0.7793430089950562	[7522, 7522, 7522, 7522, 7522]	[7562, 7562, 7562, 7561, 7561]		
1269.22825	1.8335000000001855	epochs															maze_arm	79.0
1271.07875	5.167000000000144	epochs															feedback_and_iti	79.0
1271.07875	0.98700000000008	epochs															feedback_delay	79.0
1272.08575	1.990000000000009	epochs															feedback	79.0
1274.2635	1.9822500000000218	epochs															iti	79.0
1276.265	8.200999999999794	epochs															maze	80.0
1276.265	6.691499999999905	epochs															maze_stem	80.0
1276.2855	13.384999999999991	trials	False	True	False	False	False	True	[0.8313816785812378, 0.168618306517601, 0.2279277741909027, 0.7720722556114197]	0.6034539267420769	-0.059309445321559906	0.30172695219516754	0.02965472638607025	0.8313816785812378	[7594, 7594, 7594, 7594, 7593]	[7642, 7642, 7642, 7642, 7642]		
1282.97725	1.4887499999999818	epochs															maze_arm	80.0
1284.48375	5.167749999999842	epochs															feedback_and_iti	80.0
1284.48375	0.9932499999999891	epochs															feedback_delay	80.0
1285.4955	1.98174999999992	epochs															feedback	80.0
1287.6595	1.9919999999999618	epochs															iti	80.0
1289.6705	8.058999999999969	epochs															maze	81.0
1289.6705	6.537500000000136	epochs															maze_stem	81.0
1289.69125	13.238999999999805	trials	False	True	False	False	False	True	[0.8054871559143066, 0.19451284408569336, 0.21772819757461548, 0.7822718024253845]	0.5877589583396912	-0.02321535348892212	0.2938794791698456	0.01160767674446106	0.8054871559143066	[7675, 7674, 7674, 7674, 7674]	[7722, 7722, 7722, 7721, 7721]		
1296.228	1.5014999999998508	epochs															maze_arm	81.0
1297.74725	5.162500000000136	epochs															feedback_and_iti	81.0
1297.74725	0.9987500000002001	epochs															feedback_delay	81.0
1298.76325	1.9710000000000036	epochs															feedback	81.0
1300.91925	1.990500000000111	epochs															iti	81.0
1302.93025	7.265250000000151	epochs															maze	82.0
1302.93025	5.395000000000209	epochs															maze_stem	82.0
1302.9505	14.315000000000055	trials	False	True	False	True	False	False	[0.8589807748794556, 0.14101924002170563, 0.2610897719860077, 0.7389101982116699]	0.5978909805417061	-0.12007055431604385	-0.29894550144672394	0.06003527343273163	0.2610897719860077	[7754, 7754, 7754, 7753, 7753]	[7797, 7797, 7796, 7796, 7796]		
1308.34625	1.8492499999999836	epochs															maze_arm	82.0
1310.2115	7.029500000000098	epochs															feedback_and_iti	82.0
1310.2115	0.9997500000001764	epochs															feedback_delay	82.0
1311.23	1.9777500000000146	epochs															feedback	82.0
1313.2445	3.996499999999969	epochs															iti	82.0
1317.2655	8.67274999999995	epochs															maze	83.0
1317.2655	5.319500000000062	epochs															maze_stem	83.0
1317.28775	13.877500000000055	trials	True	True	False	True	True	True	[0.8234918713569641, 0.17650814354419708, 0.23200443387031555, 0.7679955363273621]	0.5914874151349068	-0.05549631267786026	0.2957436963915825	-0.02774816006422043	0.7679955363273621	[7840, 7840, 7840, 7839, 7839]	[7891, 7891, 7891, 7891, 7890]		
1322.6055	3.3327500000000327	epochs															maze_arm	83.0
1325.959	5.179999999999836	epochs															feedback_and_iti	83.0
1325.959	0.9807499999999436	epochs															feedback_delay	83.0
1326.96075	1.9812500000000455	epochs															feedback	83.0
1329.13725	2.0017499999999018	epochs															iti	83.0
1331.16525	8.621000000000095	epochs															maze	84.0
1331.16525	6.088749999999891	epochs															maze_stem	84.0
1331.1885	13.814000000000078	trials	False	True	False	True	True	True	[0.8800197839736938, 0.11998022347688675, 0.29111993312835693, 0.7088800668716431]	0.5888998471200466	-0.17113971337676048	0.29444992169737816	-0.08556985482573509	0.7088800668716431	[7923, 7923, 7923, 7923, 7923]	[7974, 7974, 7974, 7974, 7973]		
1337.2755	2.5107500000001437	epochs															maze_arm	84.0
1339.80425	5.172500000000127	epochs															feedback_and_iti	84.0
1339.80425	0.990500000000111	epochs															feedback_delay	84.0
1340.81175	1.9800000000000182	epochs															feedback	84.0
1342.98075	1.9960000000000946	epochs															iti	84.0
1345.0025	11.301749999999856	epochs															maze	85.0
1345.0025	5.8194999999998345	epochs															maze_stem	85.0
1345.02125	16.485750000000053	trials	True	True	False	True	True	True	[0.7412580251693726, 0.25874197483062744, 0.1472862958908081, 0.8527137041091919]	0.5939717292785645	0.11145567893981934	0.2969858646392822	0.05572783946990967	0.8527137041091919	[8006, 8006, 8006, 8006, 8006]	[8073, 8073, 8073, 8073, 8072]		
1350.84225	5.461999999999989	epochs															maze_arm	85.0
1356.32475	5.162499999999909	epochs															feedback_and_iti	85.0
1356.32475	0.9925000000000637	epochs															feedback_delay	85.0
1357.3395	1.9662499999999454	epochs															feedback	85.0
1359.4995	1.9877500000000055	epochs															iti	85.0
1361.507	8.678249999999935	epochs															maze	86.0
1361.507	6.914749999999913	epochs															maze_stem	86.0
1361.5265	13.859750000000076	trials	True	True	False	False	False	True	[0.7967625856399536, 0.20323742926120758, 0.16975297033786774, 0.8302469849586487]	0.6270095854997635	0.033484429121017456	0.31350480765104294	-0.016742222011089325	0.7967625856399536	[8105, 8105, 8105, 8105, 8105]	[8156, 8156, 8156, 8156, 8156]		
1368.44225	1.7429999999999382	epochs															maze_arm	86.0
1370.20575	5.159750000000031	epochs															feedback_and_iti	86.0
1370.20575	0.99675000000002	epochs															feedback_delay	86.0
1371.224	1.9610000000000127	epochs															feedback	86.0
1373.36875	1.99675000000002	epochs															iti	86.0
1375.38625	8.813249999999925	epochs															maze	87.0
1375.38625	7.163999999999987	epochs															maze_stem	87.0
1375.40675	13.991249999999809	trials	False	True	False	False	False	True	[0.7818968296051025, 0.21810315549373627, 0.20474031567573547, 0.7952596545219421]	0.5771565064787865	0.013362832367420197	0.28857825696468353	-0.006681427359580994	0.7818968296051025	[8189, 8188, 8188, 8188, 8188]	[8240, 8240, 8240, 8240, 8240]		
1382.56925	1.6302499999999327	epochs															maze_arm	87.0
1384.215	5.160750000000007	epochs															feedback_and_iti	87.0
1384.215	0.99675000000002	epochs															feedback_delay	87.0
1385.23	1.9762499999999363	epochs															feedback	87.0
1387.3925	1.9832499999999982	epochs															iti	87.0
1389.398	8.259250000000065	epochs															maze	88.0
1389.398	6.52150000000006	epochs															maze_stem	88.0
1389.41775	13.42899999999986	trials	False	True	False	False	False	True	[0.8506203889846802, 0.14937962591648102, 0.23027704656124115, 0.7697228789329529]	0.6203432977199554	-0.08089746534824371	0.3101716712117195	0.04044871777296066	0.8506203889846802	[8273, 8272, 8272, 8272, 8272]	[8321, 8321, 8321, 8321, 8320]		
1395.9395	1.7177500000000236	epochs															maze_arm	88.0
1397.673	5.1534999999998945	epochs															feedback_and_iti	88.0
1397.673	0.9887499999999818	epochs															feedback_delay	88.0
1398.6795	1.9790000000000418	epochs															feedback	88.0
1400.83625	1.9902499999998327	epochs															iti	88.0
1402.84675	8.820500000000038	epochs															maze	89.0
1402.84675	6.871499999999969	epochs															maze_stem	89.0
1402.86725	14.008749999999964	trials	True	True	False	False	False	True	[0.8800522685050964, 0.11994770169258118, 0.2578204870223999, 0.7421795129776001]	0.6222317963838577	-0.13787277042865753	0.31111589074134827	0.06893637776374817	0.8800522685050964	[8353, 8353, 8353, 8353, 8352]	[8405, 8405, 8405, 8405, 8404]		
1409.73825	1.92899999999986	epochs															maze_arm	89.0
1411.68875	5.166500000000042	epochs															feedback_and_iti	89.0
1411.68875	0.9872499999999036	epochs															feedback_delay	89.0
1412.697	1.9802500000000691	epochs															feedback	89.0
1414.858	1.9972500000001219	epochs															iti	89.0
1416.876	9.115999999999985	epochs															maze	90.0
1416.876	6.356500000000096	epochs															maze_stem	90.0
1416.8955	14.307749999999942	trials	False	True	False	True	True	True	[0.824205756187439, 0.17579427361488342, 0.2530481219291687, 0.7469518780708313]	0.5711576193571091	-0.07725386321544647	0.28557880222797394	-0.03862692415714264	0.7469518780708313	[8437, 8437, 8437, 8437, 8436]	[8491, 8491, 8491, 8490, 8490]		
1423.25375	2.73824999999988	epochs															maze_arm	90.0
1426.01075	5.172500000000127	epochs															feedback_and_iti	90.0
1426.01075	0.9895000000001346	epochs															feedback_delay	90.0
1427.01725	1.990000000000009	epochs															feedback	90.0
1429.18975	1.99350000000004	epochs															iti	90.0
1431.20325	10.462499999999864	epochs															maze	91.0
1431.20325	6.950249999999869	epochs															maze_stem	91.0
1431.2215	15.663749999999936	trials	True	True	False	True	True	True	[0.7687073945999146, 0.23129262030124664, 0.14907950162887573, 0.8509204983711243]	0.6196278855204582	0.08221311122179031	0.3098139390349388	0.041106559336185455	0.8509204983711243	[8523, 8523, 8523, 8523, 8522]	[8585, 8585, 8585, 8584, 8584]		
1438.17175	3.4939999999999145	epochs															maze_arm	91.0
1441.688	5.177249999999958	epochs															feedback_and_iti	91.0
1441.688	0.9792499999998654	epochs															feedback_delay	91.0
1442.688	1.9904999999998836	epochs															feedback	91.0
1444.88275	1.9825000000000728	epochs															iti	91.0
1446.88525	9.423000000000002	epochs															maze	92.0
1446.88525	7.5715000000000146	epochs															maze_stem	92.0
1446.90475	14.609249999999975	trials	True	True	False	False	False	True	[0.8569861650466919, 0.1430138349533081, 0.22971399128437042, 0.7702860236167908]	0.6272721812129021	-0.08670014888048172	0.31363608688116074	0.04335007816553116	0.8569861650466919	[8617, 8617, 8617, 8617, 8616]	[8673, 8673, 8672, 8672, 8672]		
1454.4765	1.8317500000000564	epochs															maze_arm	92.0
1456.32875	5.164500000000089	epochs															feedback_and_iti	92.0
1456.32875	0.9927500000001146	epochs															feedback_delay	92.0
1457.3425	1.9750000000001364	epochs															feedback	92.0
1459.50775	1.9855000000000018	epochs															iti	92.0
1461.514	10.95750000000021	epochs															maze	93.0
1461.514	7.589500000000044	epochs															maze_stem	93.0
1461.53375	16.15949999999998	trials	True	True	False	True	True	True	[0.8138481378555298, 0.18615180253982544, 0.21240778267383575, 0.7875921726226807]	0.6014403626322746	-0.026255972683429718	0.3007201850414276	-0.013128012418746948	0.7875921726226807	[8705, 8705, 8705, 8704, 8704]	[8770, 8769, 8769, 8769, 8769]		
1469.1215	3.3500000000001364	epochs															maze_arm	93.0
1472.4925	5.1782499999999345	epochs															feedback_and_iti	93.0
1472.4925	0.9954999999999927	epochs															feedback_delay	93.0
1473.51	1.9800000000000182	epochs															feedback	93.0
1475.674	1.99675000000002	epochs															iti	93.0
1477.69325	9.445999999999913	epochs															maze	94.0
1477.69325	7.654499999999871	epochs															maze_stem	94.0
1477.7145	14.638249999999971	trials	False	True	False	False	False	True	[0.7757236957550049, 0.2242763340473175, 0.15299367904663086, 0.8470062613487244]	0.6227299720048904	0.07128261029720306	0.311365008354187	-0.03564131259918213	0.7757236957550049	[8802, 8802, 8802, 8801, 8801]	[8858, 8857, 8857, 8857, 8857]		
1485.36575	1.7735000000000127	epochs															maze_arm	94.0
1487.15625	5.170499999999947	epochs															feedback_and_iti	94.0
1487.15625	0.9845000000000255	epochs															feedback_delay	94.0
1488.1585	1.9954999999999927	epochs															feedback	94.0
1490.34	1.986750000000029	epochs															iti	94.0
1492.35275	10.735750000000053	epochs															maze	95.0
1492.35275	5.871499999999969	epochs															maze_stem	95.0
1492.37825	15.92599999999993	trials	True	True	False	True	True	True	[0.8026870489120483, 0.19731295108795166, 0.19451452791690826, 0.8054854273796082]	0.6081724986433983	0.0027984008193016052	0.30408623814582825	0.0013991892337799072	0.8054854273796082	[8890, 8890, 8889, 8889, 8889]	[8953, 8953, 8953, 8953, 8952]		
1498.2445	4.844000000000051	epochs															maze_arm	95.0
1503.1095	5.170749999999998	epochs															feedback_and_iti	95.0
1503.1095	1.0	epochs															feedback_delay	95.0
1504.131	1.961999999999989	epochs															feedback	95.0
1506.2855	1.9947500000000673	epochs															iti	95.0
1508.30425	8.758000000000038	epochs															maze	96.0
1508.30425	6.261500000000069	epochs															maze_stem	96.0
1508.323	13.947749999999814	trials	False	True	False	True	True	True	[0.7547297477722168, 0.245270237326622, 0.14784882962703705, 0.8521512150764465]	0.6068809479475021	0.09742143750190735	0.30344048887491226	0.04871072620153427	0.8521512150764465	[8985, 8985, 8985, 8985, 8985]	[9037, 9037, 9037, 9036, 9036]		
1514.58575	2.4764999999999873	epochs															maze_arm	96.0
1517.08	5.1717499999999745	epochs															feedback_and_iti	96.0
1517.08	0.9975000000001728	epochs															feedback_delay	96.0
1518.0955	1.969000000000051	epochs															feedback	96.0
1520.26275	1.9889999999998054	epochs															iti	96.0
1522.27075	9.031750000000102	epochs															maze	97.0
1522.27075	5.636000000000195	epochs															maze_stem	97.0
1522.29075	14.21400000000017	trials	False	True	False	True	True	True	[0.7797020673751831, 0.2202979326248169, 0.1713826209306717, 0.8286173343658447]	0.6083194240927696	0.04891528934240341	0.3041597008705139	0.02445763349533081	0.8286173343658447	[9069, 9069, 9069, 9069, 9068]	[9122, 9122, 9122, 9122, 9122]		
1527.9275	3.375	epochs															maze_arm	97.0
1531.318	5.166249999999991	epochs															feedback_and_iti	97.0
1531.318	0.9867500000000291	epochs															feedback_delay	97.0
1532.322	1.9892500000000837	epochs															feedback	97.0
1534.5	1.9842499999999745	epochs															iti	97.0
1536.50475	8.247249999999894	epochs															maze	98.0
1536.50475	6.464999999999918	epochs															maze_stem	98.0
1536.524	13.437000000000126	trials	False	True	False	False	False	True	[0.7699660062789917, 0.2300339639186859, 0.1370101273059845, 0.8629898428916931]	0.6329558789730072	0.09302383661270142	0.3164779394865036	-0.0465119332075119	0.7699660062789917	[9155, 9154, 9154, 9154, 9154]	[9203, 9203, 9203, 9202, 9202]		
1542.9895	1.7625000000000455	epochs															maze_arm	98.0
1544.76775	5.167500000000018	epochs															feedback_and_iti	98.0
1544.76775	0.9997499999999491	epochs															feedback_delay	98.0
1545.78525	1.9742499999999836	epochs															feedback	98.0
1547.951	1.9842499999999745	epochs															iti	98.0
1549.961	15.440249999999878	epochs															maze	99.0
1549.961	12.995249999999942	epochs															maze_stem	99.0
1549.9855	20.62850000000003	trials	False	True	False	False	False	True	[0.8002461194992065, 0.19975386559963226, 0.1851823776960373, 0.8148176670074463]	0.6150637716054916	0.014571517705917358	0.3075318709015846	-0.007285751402378082	0.8002461194992065	[9235, 9235, 9235, 9235, 9234]	[9327, 9327, 9326, 9326, 9326]		
1562.97425	2.4269999999999072	epochs															maze_arm	99.0
1565.41725	5.175999999999931	epochs															feedback_and_iti	99.0
1565.41725	0.9964999999999691	epochs															feedback_delay	99.0
1566.432	1.9777500000000146	epochs															feedback	99.0
1568.6035	1.9897499999999582	epochs															iti	99.0
1570.614	7.458249999999907	epochs															maze	100.0
1570.614	5.478749999999991	epochs															maze_stem	100.0
1570.63525	14.504999999999882	trials	False	True	False	True	False	False	[0.8518425226211548, 0.14815743267536163, 0.21658749878406525, 0.783412516117096]	0.6352550536394119	-0.06843003630638123	-0.31762751191854477	0.034215010702610016	0.21658749878406525	[9359, 9359, 9359, 9358, 9358]	[9403, 9403, 9402, 9402, 9402]		
1576.11325	1.9589999999998327	epochs															maze_arm	100.0
1578.08975	7.02924999999982	epochs															feedback_and_iti	100.0
1578.08975	0.9914999999998599	epochs															feedback_delay	100.0
1579.09925	1.986750000000029	epochs															feedback	100.0
1581.123	3.995999999999867	epochs															iti	100.0
1585.14025	7.5092500000000655	epochs															maze	101.0
1585.14025	5.196249999999964	epochs															maze_stem	101.0
1585.1625	14.55775000000017	trials	False	True	False	True	False	False	[0.8350706100463867, 0.16492943465709686, 0.19525301456451416, 0.8047469258308411]	0.6398175433278084	-0.030323632061481476	-0.3199087977409363	0.01516181230545044	0.19525301456451416	[9446, 9446, 9446, 9446, 9445]	[9490, 9490, 9490, 9490, 9489]		
1590.357	2.292500000000018	epochs															maze_arm	101.0
1592.666	7.029500000000098	epochs															feedback_and_iti	101.0
1592.666	0.984000000000151	epochs															feedback_delay	101.0
1593.66675	1.991249999999809	epochs															feedback	101.0
1595.696	3.9995000000001255	epochs															iti	101.0
1599.72025	8.265750000000025	epochs															maze	102.0
1599.72025	5.5474999999999	epochs															maze_stem	102.0
1599.74375	13.4537499999999	trials	False	True	False	True	True	True	[0.8146742582321167, 0.1853257417678833, 0.2295324206352234, 0.7704675793647766]	0.5851418375968933	-0.04420667886734009	0.29257091879844666	-0.022103339433670044	0.7704675793647766	[9534, 9533, 9533, 9533, 9533]	[9582, 9582, 9582, 9582, 9581]		
1605.29225	2.6937500000001364	epochs															maze_arm	102.0
1608.00375	5.1720000000000255	epochs															feedback_and_iti	102.0
1608.00375	0.987999999999829	epochs															feedback_delay	102.0
1609.00975	1.9940000000001419	epochs															feedback	102.0
1611.18675	1.9890000000000327	epochs															iti	102.0
1613.1975	9.73025000000007	epochs															maze	103.0
1613.1975	5.789500000000089	epochs															maze_stem	103.0
1613.2165	14.942250000000058	trials	True	True	False	True	True	True	[0.7899346947669983, 0.2100653350353241, 0.18847426772117615, 0.8115257024765015]	0.6014603972434998	0.02159103751182556	0.3007301837205887	0.01079551875591278	0.8115257024765015	[9614, 9614, 9614, 9614, 9614]	[9672, 9672, 9671, 9671, 9671]		
1619.00675	3.921000000000049	epochs															maze_arm	103.0
1622.9485	5.183500000000095	epochs															feedback_and_iti	103.0
1622.9485	0.9862499999999272	epochs															feedback_delay	103.0
1623.955	1.9845000000000255	epochs															feedback	103.0
1626.1325	1.9995000000001255	epochs															iti	103.0
1628.15875	8.009000000000015	epochs															maze	104.0
1628.15875	6.402000000000044	epochs															maze_stem	104.0
1628.17975	13.188499999999976	trials	False	True	False	False	False	True	[0.7921074032783508, 0.20789259672164917, 0.17338968813419342, 0.8266103267669678]	0.618717722594738	0.034502916038036346	0.3093588575720787	-0.017251454293727875	0.7921074032783508	[9704, 9704, 9704, 9704, 9703]	[9751, 9751, 9751, 9751, 9750]		
1634.58075	1.586999999999989	epochs															maze_arm	104.0
1636.18525	5.164250000000038	epochs															feedback_and_iti	104.0
1636.18525	0.9947500000000673	epochs															feedback_delay	104.0
1637.19825	1.984000000000151	epochs															feedback	104.0
1639.367	1.9825000000000728	epochs															iti	104.0
1641.36825	10.001250000000027	epochs															maze	105.0
1641.36825	8.284000000000106	epochs															maze_stem	105.0
1641.388	15.201000000000022	trials	True	True	False	False	False	True	[0.7928546667098999, 0.20714528858661652, 0.20203641057014465, 0.797963559627533]	0.5908182635903358	0.00510888546705246	0.2954091280698776	-0.002554461359977722	0.7928546667098999	[9783, 9783, 9783, 9783, 9783]	[9842, 9842, 9842, 9842, 9842]		
1649.6705	1.6990000000000691	epochs															maze_arm	105.0
1651.3905	5.171499999999924	epochs															feedback_and_iti	105.0
1651.3905	0.9794999999999163	epochs															feedback_delay	105.0
1652.391	1.9892499999998563	epochs															feedback	105.0
1654.5665	1.9954999999999927	epochs															iti	105.0
1656.589	8.65150000000017	epochs															maze	106.0
1656.589	6.653500000000122	epochs															maze_stem	106.0
1656.613	15.70699999999988	trials	False	True	False	True	False	False	[0.822909414768219, 0.177090585231781, 0.24596816301345825, 0.7540318369865417]	0.5769412517547607	-0.06887757778167725	-0.28847062587738037	0.03443878889083862	0.24596816301345825	[9875, 9874, 9874, 9874, 9874]	[9925, 9925, 9925, 9925, 9925]		
1663.262	1.9785000000001673	epochs															maze_arm	106.0
1665.25825	7.0324999999998	epochs															feedback_and_iti	106.0
1665.25825	0.9947499999998399	epochs															feedback_delay	106.0
1666.27025	1.9877500000000055	epochs															feedback	106.0
1668.29675	3.9939999999999145	epochs															iti	106.0
1672.32	8.81425000000013	epochs															maze	107.0
1672.32	5.442999999999984	epochs															maze_stem	107.0
1672.34375	14.007250000000113	trials	False	True	False	True	True	True	[0.7744359970092773, 0.22556397318840027, 0.20023228228092194, 0.7997676730155945]	0.5742037072777748	0.025331683456897736	0.2871018499135971	0.012665823101997375	0.7997676730155945	[9969, 9969, 9968, 9968, 9968]	[10021, 10021, 10020, 10020, 10020]		
1677.78325	3.3510000000001128	epochs															maze_arm	107.0
1681.15225	5.1784999999999854	epochs															feedback_and_iti	107.0
1681.15225	0.9972499999998945	epochs															feedback_delay	107.0
1682.16625	1.9832499999999982	epochs															feedback	107.0
1684.33475	1.9960000000000946	epochs															iti	107.0
1686.351	7.464999999999918	epochs															maze	108.0
1686.351	5.196499999999787	epochs															maze_stem	108.0
1686.36925	14.504500000000007	trials	False	True	False	False	True	False	[0.8400293588638306, 0.15997059643268585, 0.243246927857399, 0.7567530870437622]	0.596782460808754	-0.08327630162239075	-0.2983912453055382	-0.04163815826177597	0.15997059643268585	[10053, 10053, 10053, 10052, 10052]	[10097, 10097, 10096, 10096, 10096]		
1691.56575	2.250250000000051	epochs															maze_arm	108.0
1693.83375	7.020500000000084	epochs															feedback_and_iti	108.0
1693.83375	0.9849999999999	epochs															feedback_delay	108.0
1694.83775	1.986750000000029	epochs															feedback	108.0
1696.87975	3.9745000000000346	epochs															iti	108.0
1700.87375	7.7622499999999945	epochs															maze	109.0
1700.87375	5.469749999999976	epochs															maze_stem	109.0
1700.89425	14.811500000000024	trials	False	True	False	False	True	False	[0.5404185056686401, 0.45958155393600464, 0.23161941766738892, 0.7683805823326111]	0.30879905819892883	0.22796210646629333	-0.15439951419830322	0.11398106813430786	0.45958155393600464	[10140, 10140, 10140, 10139, 10139]	[10186, 10185, 10185, 10185, 10185]		
1706.36475	2.271250000000009	epochs															maze_arm	109.0
1708.653	7.029749999999922	epochs															feedback_and_iti	109.0
1708.653	0.9957500000000437	epochs															feedback_delay	109.0
1709.66575	1.9812500000000455	epochs															feedback	109.0
1711.6835	3.999249999999847	epochs															iti	109.0
1715.70575	9.048000000000002	epochs															maze	110.0
1715.70575	6.430999999999813	epochs															maze_stem	110.0
1715.725	16.093000000000075	trials	False	True	False	False	True	False	[0.3756483793258667, 0.6243516802787781, 0.13592080771923065, 0.8640792369842529]	0.23972756415605545	0.4884308651089668	-0.11986377835273743	0.2442154586315155	0.6243516802787781	[10229, 10229, 10229, 10228, 10228]	[10282, 10282, 10282, 10282, 10282]		
1722.15675	2.59699999999998	epochs															maze_arm	110.0
1724.76975	7.029500000000098	epochs															feedback_and_iti	110.0
1724.76975	0.9962500000001455	epochs															feedback_delay	110.0
1725.78425	1.981999999999971	epochs															feedback	110.0
1727.8375	3.961749999999938	epochs															iti	110.0
1731.818	7.90625	epochs															maze	111.0
1731.818	6.094499999999925	epochs															maze_stem	111.0
1731.83825	13.102750000000015	trials	False	True	False	False	False	True	[0.3505033850669861, 0.6494966149330139, 0.1351533979177475, 0.8648465871810913]	0.215349979698658	0.5143432095646858	0.1076749935746193	-0.2571716085076332	0.3505033850669861	[10326, 10325, 10325, 10325, 10325]	[10372, 10372, 10372, 10371, 10371]		
1737.932	1.7922499999999673	epochs															maze_arm	111.0
1739.74325	5.17450000000008	epochs															feedback_and_iti	111.0
1739.74325	0.9942499999999654	epochs															feedback_delay	111.0
1740.75575	1.9849999999999	epochs															feedback	111.0
1742.9385	1.9792500000000928	epochs															iti	111.0
1744.941	8.507000000000062	epochs															maze	112.0
1744.941	5.662000000000035	epochs															maze_stem	112.0
1744.963	13.689750000000004	trials	False	True	False	True	True	True	[0.581209659576416, 0.4187903106212616, 0.20359376072883606, 0.7964062690734863]	0.37761592864990234	0.21519657969474792	0.18880797922611237	0.10759828984737396	0.7964062690734863	[10404, 10404, 10404, 10404, 10404]	[10454, 10454, 10454, 10454, 10454]		
1750.6215	2.8265000000001237	epochs															maze_arm	112.0
1753.464	5.167249999999967	epochs															feedback_and_iti	112.0
1753.464	0.9970000000000709	epochs															feedback_delay	112.0
1754.47975	1.9800000000000182	epochs															feedback	112.0
1756.65	1.981249999999818	epochs															iti	112.0
1758.65275	14.064750000000004	epochs															maze	113.0
1758.65275	12.178750000000036	epochs															maze_stem	113.0
1758.6705	19.26324999999997	trials	True	True	False	False	False	True	[0.6765220165252686, 0.32347798347473145, 0.16161535680294037, 0.8383845686912537]	0.5149066224694252	0.1618625894188881	0.2574533298611641	-0.08093131333589554	0.6765220165252686	[10487, 10486, 10486, 10486, 10486]	[10570, 10570, 10570, 10569, 10569]		
1770.85125	1.8662500000000364	epochs															maze_arm	113.0
1772.73825	5.1749999999999545	epochs															feedback_and_iti	113.0
1772.73825	0.9794999999999163	epochs															feedback_delay	113.0
1773.739	1.9982499999998709	epochs															feedback	113.0
1775.92025	1.9930000000001655	epochs															iti	113.0
1777.93375	10.668250000000171	epochs															maze	114.0
1777.93375	7.3055000000001655	epochs															maze_stem	114.0
1777.954	15.850500000000011	trials	False	True	False	True	True	True	[0.7516601085662842, 0.24833986163139343, 0.23949559032917023, 0.760504424571991]	0.5121645405888557	0.008844293653964996	0.25608228147029877	0.0044221431016922	0.760504424571991	[10602, 10602, 10602, 10602, 10601]	[10665, 10665, 10665, 10665, 10664]		
1785.26025	3.3417500000000473	epochs															maze_arm	114.0
1788.61725	5.164500000000089	epochs															feedback_and_iti	114.0
1788.61725	0.9915000000000873	epochs															feedback_delay	114.0
1789.625	1.97849999999994	epochs															feedback	114.0
1791.7885	1.993249999999989	epochs															iti	114.0
1793.8045	10.271250000000009	epochs															maze	115.0
1793.8045	8.609750000000076	epochs															maze_stem	115.0
1793.82575	15.459499999999935	trials	False	True	False	False	False	True	[0.69474858045578, 0.30525144934654236, 0.16087256371974945, 0.8391274809837341]	0.5338760241866112	0.1443788930773735	0.2669380083680153	-0.07218942791223526	0.69474858045578	[10697, 10697, 10697, 10697, 10696]	[10758, 10758, 10758, 10757, 10757]		
1802.43475	1.6410000000000764	epochs															maze_arm	115.0
1804.09375	5.1684999999999945	epochs															feedback_and_iti	115.0
1804.09375	0.9972499999998945	epochs															feedback_delay	115.0
1805.10975	1.9689999999998236	epochs															feedback	115.0
1807.26425	1.9980000000000473	epochs															iti	115.0
1809.28525	9.017000000000053	epochs															maze	116.0
1809.28525	7.304750000000013	epochs															maze_stem	116.0
1809.30925	14.197499999999991	trials	True	True	False	False	False	True	[0.8047071099281311, 0.19529291987419128, 0.24112538993358612, 0.7588746547698975]	0.5635817274451256	-0.04583246260881424	0.2817908599972725	0.022916249930858612	0.8047071099281311	[10790, 10790, 10790, 10789, 10789]	[10843, 10843, 10843, 10843, 10842]		
1816.609	1.6932500000000346	epochs															maze_arm	116.0
1818.32175	5.164999999999964	epochs															feedback_and_iti	116.0
1818.32175	0.9932499999999891	epochs															feedback_delay	116.0
1819.33675	1.972250000000031	epochs															feedback	116.0
1821.4935	1.993249999999989	epochs															iti	116.0
1823.50675	10.911499999999933	epochs															maze	117.0
1823.50675	7.602249999999913	epochs															maze_stem	117.0
1823.52525	16.094749999999976	trials	False	True	False	True	True	True	[0.8222619891166687, 0.1777380257844925, 0.27469557523727417, 0.725304365158081]	0.5475663766264915	-0.09695758670568466	0.2737831696867943	-0.048478804528713226	0.725304365158081	[10875, 10875, 10875, 10875, 10875]	[10940, 10940, 10939, 10939, 10939]		
1831.1295	3.2887499999999363	epochs															maze_arm	117.0
1834.43525	5.161000000000058	epochs															feedback_and_iti	117.0
1834.43525	0.9960000000000946	epochs															feedback_delay	117.0
1835.449	1.9742499999999836	epochs															feedback	117.0
1837.61325	1.9829999999999472	epochs															iti	117.0
1839.62	8.942250000000058	epochs															maze	118.0
1839.62	7.338250000000016	epochs															maze_stem	118.0
1839.64325	14.123749999999973	trials	False	True	False	False	False	True	[0.7596828937530518, 0.24031710624694824, 0.17866188287734985, 0.8213381171226501]	0.5810210108757019	0.06165522336959839	0.29051050543785095	-0.030827611684799194	0.7596828937530518	[10972, 10972, 10972, 10971, 10971]	[11025, 11024, 11024, 11024, 11024]		
1846.9765	1.5857499999999618	epochs															maze_arm	118.0
1848.57825	5.167999999999893	epochs															feedback_and_iti	118.0
1848.57825	0.9939999999999145	epochs															feedback_delay	118.0
1849.59125	1.9817500000001473	epochs															feedback	118.0
1851.7625	1.9837499999998727	epochs															iti	118.0
1853.767	8.99350000000004	epochs															maze	119.0
1853.767	7.382749999999987	epochs															maze_stem	119.0
1853.7875	14.181750000000193	trials	False	True	False	False	False	True	[0.8276553153991699, 0.1723446398973465, 0.24505750834941864, 0.7549424767494202]	0.5825978219509125	-0.07271285355091095	0.29129890352487564	0.03635641187429428	0.8276553153991699	[11057, 11057, 11056, 11056, 11056]	[11110, 11110, 11109, 11109, 11109]		
1861.1685	1.5920000000000982	epochs															maze_arm	119.0
1862.77675	5.171499999999924	epochs															feedback_and_iti	119.0
1862.77675	0.99025000000006	epochs															feedback_delay	119.0
1863.78525	1.9835000000000491	epochs															feedback	119.0
1865.9585	1.9897499999999582	epochs															iti	119.0
1867.96925	11.202249999999822	epochs															maze	120.0
1867.96925	7.717499999999973	epochs															maze_stem	120.0
1867.98975	16.41800000000012	trials	False	True	False	True	True	True	[0.8619081377983093, 0.13809190690517426, 0.26727497577667236, 0.7327250242233276]	0.5946331396698952	-0.1291830912232399	0.2973165586590767	-0.06459153443574905	0.7327250242233276	[11142, 11142, 11142, 11141, 11141]	[11208, 11208, 11208, 11208, 11207]		
1875.70725	3.4642499999999927	epochs															maze_arm	120.0
1879.18875	5.192999999999984	epochs															feedback_and_iti	120.0
1879.18875	0.9852499999999509	epochs															feedback_delay	120.0
1880.19525	1.993249999999989	epochs															feedback	120.0
1882.38425	1.9974999999999454	epochs															iti	120.0
1884.40775	10.693749999999909	epochs															maze	121.0
1884.40775	6.719749999999976	epochs															maze_stem	121.0
1884.4315	15.874250000000075	trials	False	True	False	True	True	True	[0.8248720169067383, 0.17512798309326172, 0.1980653703212738, 0.8019345998764038]	0.6268066316843033	-0.02293740212917328	0.31340330839157104	-0.011468708515167236	0.8019345998764038	[11241, 11240, 11240, 11240, 11240]	[11304, 11303, 11303, 11303, 11303]		
1891.149	3.9525000000001	epochs															maze_arm	121.0
1895.1175	5.165749999999889	epochs															feedback_and_iti	121.0
1895.1175	0.9864999999999782	epochs															feedback_delay	121.0
1896.12025	1.9845000000000255	epochs															feedback	121.0
1898.2905	1.9927499999998872	epochs															iti	121.0
1900.30575	10.046749999999975	epochs															maze	122.0
1900.30575	6.207000000000107	epochs															maze_stem	122.0
1900.32825	15.24174999999991	trials	True	True	False	True	True	True	[0.7819675207138062, 0.21803244948387146, 0.17699119448661804, 0.8230088353157043]	0.6049763560295105	0.041041284799575806	0.30248819291591644	0.020520642399787903	0.8230088353157043	[11336, 11336, 11335, 11335, 11335]	[11395, 11395, 11395, 11395, 11394]		
1906.53325	3.819250000000011	epochs															maze_arm	122.0
1910.37175	5.176500000000033	epochs															feedback_and_iti	122.0
1910.37175	0.9904999999998836	epochs															feedback_delay	122.0
1911.3835	1.97725000000014	epochs															feedback	122.0
1913.5445	2.003750000000082	epochs															iti	122.0
1915.57	10.619750000000067	epochs															maze	123.0
1915.57	6.438750000000027	epochs															maze_stem	123.0
1915.59025	15.804000000000087	trials	False	True	False	True	True	True	[0.8050743341445923, 0.1949257105588913, 0.18051788210868835, 0.8194820880889893]	0.624556414783001	0.014407791197299957	0.312278188765049	0.007203899323940277	0.8194820880889893	[11427, 11427, 11427, 11427, 11427]	[11490, 11490, 11490, 11489, 11489]		
1922.0275	4.1622500000000855	epochs															maze_arm	123.0
1926.207	5.16599999999994	epochs															feedback_and_iti	123.0
1926.207	0.9877500000000055	epochs															feedback_delay	123.0
1927.2125	1.9902499999998327	epochs															feedback	123.0
1929.38775	1.9852499999999509	epochs															iti	123.0
1931.39425	9.946500000000015	epochs															maze	124.0
1931.39425	6.182499999999891	epochs															maze_stem	124.0
1931.422	15.136749999999893	trials	False	True	False	True	True	True	[0.7397404313087463, 0.2602595090866089, 0.14359338581562042, 0.8564066290855408]	0.5961470827460289	0.11666616052389145	0.29807355999946594	0.05833306908607483	0.8564066290855408	[11522, 11522, 11522, 11522, 11521]	[11581, 11581, 11581, 11580, 11580]		
1937.59675	3.744000000000142	epochs															maze_arm	124.0
1941.3595	5.174250000000029	epochs															feedback_and_iti	124.0
1941.3595	0.9957500000000437	epochs															feedback_delay	124.0
1942.3725	1.9712500000000546	epochs															feedback	124.0
1944.53325	2.000500000000102	epochs															iti	124.0
1946.55875	8.65300000000002	epochs															maze	125.0
1946.55875	6.3002500000000055	epochs															maze_stem	125.0
1946.5815	15.684500000000071	trials	False	False	True	False	False	False	[0.7247334718704224, 0.27526652812957764, 0.1253669708967209, 0.8746330142021179]	0.5993664935231209	0.14989954978227615	0.29968325048685074	-0.07494977861642838	0.7247334718704224	[11613, 11613, 11613, 11613, 11612]	[11664, 11664, 11664, 11663, 11663]		
1952.87725	2.3344999999999345	epochs															maze_arm	125.0
1955.23375	7.011499999999842	epochs															feedback_and_iti	125.0
1955.23375	0.9934999999998126	epochs															feedback_delay	125.0
1956.24875	1.962500000000091	epochs															feedback	125.0
1958.2525	3.9927499999998872	epochs															iti	125.0
1962.266	7.904999999999973	epochs															maze	126.0
1962.266	5.984749999999849	epochs															maze_stem	126.0
1962.287	14.959249999999884	trials	False	False	False	False	False	False	[0.6516366004943848, 0.3483634293079376, 0.2546595633029938, 0.7453404664993286]	0.396977037191391	0.09370386600494385	0.1984885185956955	-0.04685191810131073	0.6516366004943848	[11707, 11707, 11707, 11707, 11707]	[11754, 11754, 11753, 11753, 11753]		
1968.27	1.9010000000000673	epochs															maze_arm	126.0
1970.1925	7.028999999999996	epochs															feedback_and_iti	126.0
1970.1925	0.9932499999999891	epochs															feedback_delay	126.0
1971.20875	1.9762499999999363	epochs															feedback	126.0
1973.222	3.9995000000001255	epochs															iti	126.0
1977.24625	6.748500000000149	epochs															maze	127.0
1977.24625	5.1652500000000146	epochs															maze_stem	127.0
1977.267	13.801999999999907	trials	False	False	False	False	False	False	[0.6252546906471252, 0.37474527955055237, 0.21446539461612701, 0.7855346202850342]	0.41078931838274	0.16027990728616714	0.20539464801549911	-0.08013995736837387	0.6252546906471252	[11797, 11797, 11797, 11797, 11796]	[11837, 11836, 11836, 11836, 11836]		
1982.4315	1.5632500000001528	epochs															maze_arm	127.0
1984.01575	7.029999999999973	epochs															feedback_and_iti	127.0
1984.01575	0.9897499999999582	epochs															feedback_delay	127.0
1985.02575	1.9864999999999782	epochs															feedback	127.0
1987.052	3.993750000000091	epochs															iti	127.0
1991.069	10.614000000000033	epochs															maze	128.0
1991.069	6.855000000000018	epochs															maze_stem	128.0
1991.09075	15.805749999999989	trials	False	False	False	False	True	True	[0.677958607673645, 0.322041392326355, 0.24215148389339447, 0.7578485608100891]	0.43580714613199234	0.0798899307847023	-0.21790358424186707	0.039944976568222046	0.322041392326355	[11880, 11880, 11880, 11879, 11879]	[11943, 11943, 11942, 11942, 11942]		
1997.94425	3.738749999999982	epochs															maze_arm	128.0
2001.70525	5.1712500000001	epochs															feedback_and_iti	128.0
2001.70525	0.9815000000000964	epochs															feedback_delay	128.0
2002.70875	1.9942499999999654	epochs															feedback	128.0
2004.9145	1.961999999999989	epochs															iti	128.0
2006.8965	7.778749999999945	epochs															maze	129.0
2006.8965	6.125999999999976	epochs															maze_stem	129.0
2006.916	12.958000000000084	trials	False	False	False	True	False	True	[0.5456740856170654, 0.45432591438293457, 0.20113125443458557, 0.7988687753677368]	0.34454284608364105	0.2531946748495102	-0.17227141559123993	-0.1265973299741745	0.20113125443458557	[11975, 11975, 11975, 11974, 11974]	[12021, 12020, 12020, 12020, 12020]		
2013.04125	1.6340000000000146	epochs															maze_arm	129.0
2014.69225	5.164250000000038	epochs															feedback_and_iti	129.0
2014.69225	1.0	epochs															feedback_delay	129.0
2015.709	1.9662499999999454	epochs															feedback	129.0
2017.86975	1.986750000000029	epochs															iti	129.0
2019.874	7.953500000000076	epochs															maze	130.0
2019.874	6.323249999999916	epochs															maze_stem	130.0
2019.89225	13.146250000000009	trials	False	False	False	True	False	True	[0.7126108407974243, 0.28738918900489807, 0.32109013199806213, 0.6789098381996155]	0.3915206789970398	-0.03370097279548645	-0.1957603543996811	0.016850486397743225	0.32109013199806213	[12053, 12053, 12052, 12052, 12052]	[12099, 12099, 12099, 12099, 12099]		
2026.21575	1.611750000000029	epochs															maze_arm	130.0
2027.84375	5.16924999999992	epochs															feedback_and_iti	130.0
2027.84375	0.9849999999999	epochs															feedback_delay	130.0
2028.84675	1.9880000000000564	epochs															feedback	130.0
2031.01775	1.9952499999999418	epochs															iti	130.0
2033.0385	8.631999999999834	epochs															maze	131.0
2033.0385	7.046499999999924	epochs															maze_stem	131.0
2033.06275	13.80925000000002	trials	False	False	False	True	False	True	[0.7843791842460632, 0.21562086045742035, 0.4306532144546509, 0.5693467259407043]	0.3537259176373482	-0.2150324061512947	-0.17686298489570618	0.10751619935035706	0.4306532144546509	[12132, 12131, 12131, 12131, 12131]	[12182, 12182, 12182, 12182, 12182]		
2040.1035	1.5670000000000073	epochs															maze_arm	131.0
2041.688	5.161999999999807	epochs															feedback_and_iti	131.0
2041.688	0.9869999999998527	epochs															feedback_delay	131.0
2042.69275	1.9822500000000218	epochs															feedback	131.0
2044.85525	1.99474999999984	epochs															iti	131.0
2046.872	8.463750000000118	epochs															maze	132.0
2046.872	6.440249999999878	epochs															maze_stem	132.0
2046.89275	13.653249999999844	trials	True	False	False	True	False	True	[0.7421160340309143, 0.2578839659690857, 0.5226389169692993, 0.4773610830307007]	0.219477117061615	-0.2647549510002136	-0.1097385585308075	0.1323774755001068	0.5226389169692993	[12215, 12214, 12214, 12214, 12214]	[12264, 12264, 12264, 12264, 12264]		
2053.334	2.0017500000003565	epochs															maze_arm	132.0
2055.35775	5.168249999999716	epochs															feedback_and_iti	132.0
2055.35775	0.9887499999999818	epochs															feedback_delay	132.0
2056.36775	1.9702500000003056	epochs															feedback	132.0
2058.53975	1.9862499999999272	epochs															iti	132.0
2060.546	8.541000000000167	epochs															maze	133.0
2060.546	6.539750000000367	epochs															maze_stem	133.0
2060.56525	15.578749999999673	trials	True	False	False	False	False	False	[0.4646703600883484, 0.5353296399116516, 0.4194558262825012, 0.5805441737174988]	0.04521453380584717	0.11587381362915039	0.022607266902923584	-0.057936906814575195	0.4646703600883484	[12297, 12296, 12296, 12296, 12296]	[12347, 12347, 12346, 12346, 12346]		
2067.10525	1.98174999999992	epochs															maze_arm	133.0
2069.10775	7.013249999999971	epochs															feedback_and_iti	133.0
2069.10775	0.9892500000000837	epochs															feedback_delay	133.0
2070.1185	1.9712500000000546	epochs															feedback	133.0
2072.1265	3.9945000000002437	epochs															iti	133.0
2076.144	9.14850000000024	epochs															maze	134.0
2076.144	4.835750000000189	epochs															maze_stem	134.0
2076.165	14.353999999999814	trials	True	False	False	False	True	True	[0.6469393968582153, 0.35306066274642944, 0.29025211930274963, 0.709747850894928]	0.3566872328519821	0.06280849874019623	-0.17834359407424927	0.03140425682067871	0.35306066274642944	[12390, 12390, 12390, 12390, 12389]	[12444, 12444, 12444, 12443, 12443]		
2080.999	4.293500000000222	epochs															maze_arm	134.0
2085.314	5.183500000000095	epochs															feedback_and_iti	134.0
2085.314	0.980750000000171	epochs															feedback_delay	134.0
2086.316	1.9962500000001455	epochs															feedback	134.0
2088.507	1.9904999999998836	epochs															iti	134.0
2090.519	8.936500000000251	epochs															maze	135.0
2090.519	7.044500000000426	epochs															maze_stem	135.0
2090.53875	15.973749999999654	trials	False	False	False	False	False	False	[0.6251055598258972, 0.37489446997642517, 0.3502417802810669, 0.6497581601142883]	0.27486373484134674	0.024652644991874695	0.13743188977241516	-0.012326329946517944	0.6251055598258972	[12476, 12476, 12476, 12476, 12476]	[12529, 12529, 12529, 12528, 12528]		
2097.58425	1.8712500000001455	epochs															maze_arm	135.0
2099.47475	7.018500000000131	epochs															feedback_and_iti	135.0
2099.47475	0.9970000000002983	epochs															feedback_delay	135.0
2100.4955	1.9735000000000582	epochs															feedback	135.0
2102.5105	3.9827500000001237	epochs															iti	135.0
2106.5125	8.245499999999993	epochs															maze	136.0
2106.5125	6.456750000000284	epochs															maze_stem	136.0
2106.52975	13.431249999999636	trials	False	False	False	True	False	True	[0.6006928086280823, 0.3993071913719177, 0.33264923095703125, 0.667350709438324]	0.26804354786872864	0.06665793061256409	-0.1340217888355255	-0.03332898020744324	0.33264923095703125	[12572, 12572, 12572, 12572, 12571]	[12621, 12620, 12620, 12620, 12620]		
2112.989	1.768999999999778	epochs															maze_arm	136.0
2114.77425	5.164000000000215	epochs															feedback_and_iti	136.0
2114.77425	0.9895000000001346	epochs															feedback_delay	136.0
2115.779	1.9832500000002256	epochs															feedback	136.0
2117.94275	1.9954999999999927	epochs															iti	136.0
2119.961	9.131500000000415	epochs															maze	137.0
2119.961	7.368000000000393	epochs															maze_stem	137.0
2119.9775	14.33849999999984	trials	False	False	False	True	False	True	[0.7379973530769348, 0.2620025873184204, 0.5528930425643921, 0.4471069872379303]	0.1851043552160263	-0.2908904105424881	-0.09255215525627136	0.14544519782066345	0.5528930425643921	[12653, 12653, 12652, 12652, 12652]	[12707, 12706, 12706, 12706, 12706]		
2127.3475	1.7450000000003456	epochs															maze_arm	137.0
2129.10925	5.185750000000098	epochs															feedback_and_iti	137.0
2129.10925	0.999000000000251	epochs															feedback_delay	137.0
2130.124	1.9845000000000255	epochs															feedback	137.0
2132.2985	1.9965000000001965	epochs															iti	137.0
2134.316	8.941000000000258	epochs															maze	138.0
2134.316	4.789750000000367	epochs															maze_stem	138.0
2134.337	14.134750000000167	trials	True	False	False	False	True	True	[0.6468193531036377, 0.3531806468963623, 0.6030327081680298, 0.3969672620296478]	0.043786630034446716	-0.24985207617282867	-0.02189330756664276	-0.12492604553699493	0.3531806468963623	[12739, 12739, 12739, 12738, 12738]	[12792, 12791, 12791, 12791, 12791]		
2139.12325	4.133749999999964	epochs															maze_arm	138.0
2143.276	5.168750000000273	epochs															feedback_and_iti	138.0
2143.276	0.9880000000002838	epochs															feedback_delay	138.0
2144.2845	1.976249999999709	epochs															feedback	138.0
2146.449	1.9957500000000437	epochs															iti	138.0
2148.47175	9.10824999999977	epochs															maze	139.0
2148.47175	5.414249999999811	epochs															maze_stem	139.0
2148.49225	14.319250000000011	trials	False	False	False	False	True	True	[0.37301114201545715, 0.6269888281822205, 0.522591233253479, 0.4774087965488434]	-0.14958006143569946	0.10439762473106384	0.07479001581668854	0.05219881236553192	0.6269888281822205	[12824, 12824, 12823, 12823, 12823]	[12877, 12877, 12877, 12877, 12877]		
2153.907	3.6729999999997744	epochs															maze_arm	139.0
2157.60125	5.188249999999698	epochs															feedback_and_iti	139.0
2157.60125	0.9907499999999345	epochs															feedback_delay	139.0
2158.614	1.986750000000029	epochs															feedback	139.0
2160.7955	1.9939999999996871	epochs															iti	139.0
2162.8115	8.083500000000186	epochs															maze	140.0
2162.8115	5.3972499999999854	epochs															maze_stem	140.0
2162.83025	13.28274999999985	trials	True	False	False	True	False	True	[0.14586453139781952, 0.8541354537010193, 0.45290207862854004, 0.54709792137146]	-0.3070375397801399	0.40123338252305984	0.15351877361536026	-0.20061669498682022	0.45290207862854004	[12910, 12910, 12909, 12909, 12909]	[12957, 12957, 12957, 12957, 12956]		
2168.227	2.66800000000012	epochs															maze_arm	140.0
2170.91525	5.1784999999999854	epochs															feedback_and_iti	140.0
2170.91525	0.9997499999999491	epochs															feedback_delay	140.0
2171.93625	1.9727499999999054	epochs															feedback	140.0
2174.097	1.9967499999997926	epochs															iti	140.0
2176.113	9.327999999999975	epochs															maze	141.0
2176.113	6.564499999999953	epochs															maze_stem	141.0
2176.1295	16.359500000000025	trials	False	False	False	True	True	False	[0.30410951375961304, 0.6958904266357422, 0.6001628637313843, 0.39983710646629333]	-0.29605333507061005	0.0957275778055191	-0.14802666008472443	0.04786376655101776	0.39983710646629333	[12990, 12989, 12989, 12989, 12989]	[13044, 13044, 13044, 13044, 13044]		
2182.69725	2.743749999999636	epochs															maze_arm	141.0
2185.45775	7.01175000000012	epochs															feedback_and_iti	141.0
2185.45775	0.9832499999997708	epochs															feedback_delay	141.0
2186.45775	1.9862499999999272	epochs															feedback	141.0
2188.4785	3.9909999999999854	epochs															iti	141.0
2192.489	7.662249999999858	epochs															maze	142.0
2192.489	5.998749999999745	epochs															maze_stem	142.0
2192.51025	12.839500000000044	trials	False	False	False	True	False	True	[0.2618197500705719, 0.7381802201271057, 0.34458526968955994, 0.6554147601127625]	-0.08276548981666565	0.39359498023986816	0.04138275980949402	-0.19679749011993408	0.34458526968955994	[13088, 13087, 13087, 13087, 13087]	[13133, 13132, 13132, 13132, 13132]		
2198.50675	1.64449999999988	epochs															maze_arm	142.0
2200.1665	5.159750000000258	epochs															feedback_and_iti	142.0
2200.1665	0.9952500000003965	epochs															feedback_delay	142.0
2201.1775	1.98050000000012	epochs															feedback	142.0
2203.3375	1.9887499999999818	epochs															iti	142.0
2205.34975	7.163250000000062	epochs															maze	143.0
2205.34975	5.498500000000149	epochs															maze_stem	143.0
2205.3725	12.351999999999862	trials	True	False	False	True	False	True	[0.44968903064727783, 0.5503109693527222, 0.6646041870117188, 0.33539581298828125]	-0.21491515636444092	-0.11429321765899658	0.10745757818222046	0.05714660882949829	0.6646041870117188	[13165, 13165, 13164, 13164, 13164]	[13207, 13207, 13206, 13206, 13206]		
2210.86825	1.6447499999999309	epochs															maze_arm	143.0
2212.5345	5.171249999999873	epochs															feedback_and_iti	143.0
2212.5345	0.98174999999992	epochs															feedback_delay	143.0
2213.5375	1.9855000000002292	epochs															feedback	143.0
2215.71825	1.987500000000182	epochs															iti	143.0
2217.7245	7.906750000000102	epochs															maze	144.0
2217.7245	6.350500000000011	epochs															maze_stem	144.0
2217.7445	13.111250000000382	trials	True	False	False	True	False	True	[0.3127487897872925, 0.6872512698173523, 0.6034438014030457, 0.39655619859695435]	-0.29069504141807556	0.08380743861198425	0.1453475058078766	-0.04190370440483093	0.6034438014030457	[13239, 13239, 13239, 13238, 13238]	[13285, 13285, 13285, 13285, 13285]		
2224.09825	1.5329999999999018	epochs															maze_arm	144.0
2225.6525	5.178999999999633	epochs															feedback_and_iti	144.0
2225.6525	0.9809999999997672	epochs															feedback_delay	144.0
2226.65475	1.9952499999999418	epochs															feedback	144.0
2228.8405	1.9909999999999854	epochs															iti	144.0
2230.85575	8.417749999999614	epochs															maze	145.0
2230.85575	6.70824999999968	epochs															maze_stem	145.0
2230.8745	15.453750000000127	trials	False	False	False	False	False	False	[0.3576931655406952, 0.6423068046569824, 0.6714625358581543, 0.3285374641418457]	-0.3137693554162979	-0.02915571630001068	-0.15688468515872955	0.014577850699424744	0.3576931655406952	[13318, 13318, 13317, 13317, 13317]	[13367, 13367, 13367, 13367, 13366]		
2237.58375	1.6897500000000036	epochs															maze_arm	145.0
2239.29675	7.01175000000012	epochs															feedback_and_iti	145.0
2239.29675	0.9900000000002365	epochs															feedback_delay	145.0
2240.309	1.9707499999999527	epochs															feedback	145.0
2242.32	3.988499999999931	epochs															iti	145.0
2246.32825	6.9347499999998945	epochs															maze	146.0
2246.32825	5.085999999999785	epochs															maze_stem	146.0
2246.349	13.975999999999658	trials	False	False	False	False	False	False	[0.5195208191871643, 0.4804791510105133, 0.6378389596939087, 0.3621610403060913]	-0.11831812560558319	-0.1573597937822342	-0.05915907025337219	0.0786798894405365	0.5195208191871643	[13410, 13410, 13410, 13410, 13410]	[13451, 13451, 13451, 13451, 13450]		
2251.43425	1.8287500000001273	epochs															maze_arm	146.0
2253.28475	7.020750000000135	epochs															feedback_and_iti	146.0
2253.28475	0.9954999999999927	epochs															feedback_delay	146.0
2254.3025	1.9815000000003238	epochs															feedback	146.0
2256.3215	3.9839999999999236	epochs															iti	146.0
2260.325	6.360500000000229	epochs															maze	147.0
2260.325	5.021750000000338	epochs															maze_stem	147.0
2260.34525	13.390499999999975	trials	False	False	False	False	False	False	[0.6158696413040161, 0.3841303884983063, 0.5406500101089478, 0.45934996008872986]	0.07521960139274597	-0.15651965141296387	0.03760981559753418	0.07825982570648193	0.6158696413040161	[13494, 13494, 13494, 13494, 13494]	[13532, 13531, 13531, 13531, 13531]		
2265.36775	1.31775000000016	epochs															maze_arm	147.0
2266.70775	7.0034999999998035	epochs															feedback_and_iti	147.0
2266.70775	0.9927499999998872	epochs															feedback_delay	147.0
2267.7225	1.9639999999999418	epochs															feedback	147.0
2269.724	3.987249999999676	epochs															iti	147.0
2273.73575	10.193750000000364	epochs															maze	148.0
2273.73575	7.032000000000153	epochs															maze_stem	148.0
2273.75725	15.376749999999902	trials	False	False	False	False	True	True	[0.6540626287460327, 0.3459374010562897, 0.4923008382320404, 0.507699191570282]	0.1617617905139923	-0.14636343717575073	-0.08088089525699615	-0.07318170368671417	0.3459374010562897	[13575, 13575, 13574, 13574, 13574]	[13635, 13635, 13635, 13634, 13634]		
2280.78825	3.1412500000001273	epochs															maze_arm	148.0
2283.95175	5.160750000000007	epochs															feedback_and_iti	148.0
2283.95175	0.9842499999999745	epochs															feedback_delay	148.0
2284.958	1.9842499999999745	epochs															feedback	148.0
2287.1195	1.993000000000393	epochs															iti	148.0
2289.134	6.8722499999998945	epochs															maze	149.0
2289.134	5.0092500000000655	epochs															maze_stem	149.0
2289.15425	12.065749999999753	trials	False	False	False	False	True	True	[0.5395908355712891, 0.46040913462638855, 0.5346154570579529, 0.4653845429420471]	0.0049753934144973755	-0.07420630753040314	-0.0024877041578292847	-0.037103161215782166	0.46040913462638855	[13667, 13667, 13667, 13667, 13666]	[13707, 13707, 13707, 13707, 13707]		
2294.164	1.8422499999996944	epochs															maze_arm	149.0
2296.026	5.170000000000073	epochs															feedback_and_iti	149.0
2296.026	0.9977499999999964	epochs															feedback_delay	149.0
2297.04575	1.9609999999997854	epochs															feedback	149.0
2299.203	1.9929999999999382	epochs															iti	149.0
2301.22	7.2277500000000146	epochs															maze	150.0
2301.22	5.650000000000091	epochs															maze_stem	150.0
2301.2405	12.405999999999949	trials	True	False	False	True	False	True	[0.2725468873977661, 0.7274531126022339, 0.4722542464733124, 0.52774578332901]	-0.19970734417438507	0.2551988810300827	0.09985367953777313	-0.12759943306446075	0.4722542464733124	[13740, 13739, 13739, 13739, 13739]	[13782, 13782, 13782, 13781, 13781]		
2306.89025	1.5574999999998909	epochs															maze_arm	150.0
2308.46875	5.1590000000001055	epochs															feedback_and_iti	150.0
2308.46875	0.98174999999992	epochs															feedback_delay	150.0
2309.47175	1.9922499999997854	epochs															feedback	150.0
2311.6425	1.9852500000001783	epochs															iti	150.0
2313.6465	7.345749999999953	epochs															maze	151.0
2313.6465	5.6645000000003165	epochs															maze_stem	151.0
2313.66475	12.533249999999953	trials	False	False	False	True	False	True	[0.3094908893108368, 0.6905090808868408, 0.5858936309814453, 0.4141063988208771]	-0.27640271186828613	0.1046154797077179	0.13820137083530426	-0.05230773985385895	0.5858936309814453	[13814, 13814, 13814, 13814, 13813]	[13857, 13857, 13857, 13857, 13856]		
2319.32775	1.6644999999998618	epochs															maze_arm	151.0
2321.00925	5.1664999999998145	epochs															feedback_and_iti	151.0
2321.00925	0.9845000000000255	epochs															feedback_delay	151.0
2322.01025	1.986750000000029	epochs															feedback	151.0
2324.18475	1.9909999999999854	epochs															iti	151.0
2326.198	8.602249999999913	epochs															maze	152.0
2326.198	5.0147500000002765	epochs															maze_stem	152.0
2326.22	13.796749999999975	trials	True	False	False	False	True	True	[0.4171658754348755, 0.5828341245651245, 0.7037340998649597, 0.29626592993736267]	-0.28656820952892303	-0.12089996039867401	0.14328409731388092	-0.06044997274875641	0.5828341245651245	[13889, 13889, 13889, 13889, 13889]	[13940, 13940, 13940, 13939, 13939]		
2331.23025	3.569999999999709	epochs															maze_arm	152.0
2334.8205	5.175500000000284	epochs															feedback_and_iti	152.0
2334.8205	0.992750000000342	epochs															feedback_delay	152.0
2335.83225	1.974500000000262	epochs															feedback	152.0
2337.99825	1.9977499999999964	epochs															iti	152.0
2340.01675	10.60400000000027	epochs															maze	153.0
2340.01675	6.9090000000001055	epochs															maze_stem	153.0
2340.037	15.793750000000273	trials	False	False	False	False	True	True	[0.223446324467659, 0.7765536904335022, 0.6063305735588074, 0.393669456243515]	-0.3828842416405678	0.17022312432527542	0.1914421170949936	0.0851115733385086	0.7765536904335022	[13972, 13972, 13972, 13972, 13971]	[14035, 14035, 14034, 14034, 14034]		
2346.9475	3.6732499999998254	epochs															maze_arm	153.0
2350.64325	5.166749999999865	epochs															feedback_and_iti	153.0
2350.64325	0.9780000000000655	epochs															feedback_delay	153.0
2351.64575	1.9804999999996653	epochs															feedback	153.0
2353.8255	1.9845000000000255	epochs															iti	153.0
2355.83075	8.928249999999935	epochs															maze	154.0
2355.83075	5.6030000000000655	epochs															maze_stem	154.0
2355.85225	15.959000000000287	trials	False	False	False	True	True	False	[0.12255539000034332, 0.8774445652961731, 0.5528930425643921, 0.4471069872379303]	-0.4303376153111458	0.324551559984684	-0.2151687890291214	0.1622757762670517	0.4471069872379303	[14067, 14067, 14067, 14066, 14066]	[14120, 14119, 14119, 14119, 14119]		
2361.45275	3.306250000000091	epochs															maze_arm	154.0
2364.77375	7.018000000000029	epochs															feedback_and_iti	154.0
2364.77375	0.9912500000000364	epochs															feedback_delay	154.0
2365.78025	1.9815000000003238	epochs															feedback	154.0
2367.795	3.9967499999997926	epochs															iti	154.0
2371.81125	8.54424999999992	epochs															maze	155.0
2371.81125	6.201499999999669	epochs															maze_stem	155.0
2371.82825	13.719749999999749	trials	False	False	False	True	False	True	[0.22962568700313568, 0.7703743577003479, 0.3753978908061981, 0.6246021389961243]	-0.14577221125364304	0.3949764594435692	0.07288610190153122	-0.1974882110953331	0.3753978908061981	[14163, 14163, 14162, 14162, 14162]	[14213, 14213, 14213, 14213, 14212]		
2378.03125	2.32425000000012	epochs															maze_arm	155.0
2380.37175	5.157750000000306	epochs															feedback_and_iti	155.0
2380.37175	0.9842500000004293	epochs															feedback_delay	155.0
2381.37175	1.9880000000002838	epochs															feedback	155.0
2383.546	1.9835000000002765	epochs															iti	155.0
2385.548	8.641000000000076	epochs															maze	156.0
2385.548	7.244500000000244	epochs															maze_stem	156.0
2385.566	13.82425000000012	trials	False	False	False	True	False	True	[0.33183881640434265, 0.668161153793335, 0.689317524433136, 0.3106824457645416]	-0.35747870802879333	-0.021156370639801025	0.17873935401439667	0.010578170418739319	0.689317524433136	[14245, 14245, 14245, 14245, 14244]	[14296, 14296, 14296, 14295, 14295]		
2392.811	1.3779999999997017	epochs															maze_arm	156.0
2394.20575	5.165999999999713	epochs															feedback_and_iti	156.0
2394.20575	0.9834999999998217	epochs															feedback_delay	156.0
2395.206	1.9957500000000437	epochs															feedback	156.0
2397.39825	1.9734999999996035	epochs															iti	156.0
2399.39025	8.41650000000027	epochs															maze	157.0
2399.39025	6.7784999999998945	epochs															maze_stem	157.0
2399.409	13.590499999999793	trials	False	False	False	True	False	True	[0.3382776379585266, 0.6617223620414734, 0.7590383291244507, 0.24096167087554932]	-0.4207606911659241	-0.0973159670829773	0.21038034558296204	0.04865798354148865	0.7590383291244507	[14328, 14328, 14328, 14328, 14327]	[14378, 14378, 14377, 14377, 14377]		
2406.18775	1.6190000000001419	epochs															maze_arm	157.0
2407.822	5.157999999999902	epochs															feedback_and_iti	157.0
2407.822	1.000250000000051	epochs															feedback_delay	157.0
2408.841	1.9695000000001528	epochs															feedback	157.0
2410.98475	1.9952499999999418	epochs															iti	157.0
2412.9995	7.543750000000273	epochs															maze	158.0
2412.9995	6.012250000000222	epochs															maze_stem	158.0
2413.018	12.742749999999887	trials	False	False	False	True	False	True	[0.32908350229263306, 0.6709164381027222, 0.7706071138381958, 0.2293928563594818]	-0.44152359664440155	-0.09969066083431244	0.22076180577278137	0.04984530806541443	0.7706071138381958	[14410, 14410, 14409, 14409, 14409]	[14454, 14454, 14454, 14453, 14453]		
2419.02875	1.5145000000002256	epochs															maze_arm	158.0
2420.56075	5.177749999999833	epochs															feedback_and_iti	158.0
2420.56075	0.9787499999997635	epochs															feedback_delay	158.0
2421.565	1.9924999999998363	epochs															feedback	158.0
2423.74425	1.994249999999738	epochs															iti	158.0
2425.76075	7.256750000000011	epochs															maze	159.0
2425.76075	5.461749999999938	epochs															maze_stem	159.0
2425.77825	12.452500000000327	trials	False	False	False	True	False	True	[0.32133716344833374, 0.6786628365516663, 0.7751976847648621, 0.22480235993862152]	-0.45386049896478653	-0.09653482586145401	0.22693026065826416	0.0482674241065979	0.7751976847648621	[14486, 14486, 14486, 14486, 14486]	[14529, 14529, 14528, 14528, 14528]		
2431.24075	1.7767499999999927	epochs															maze_arm	159.0
2433.0335	5.17574999999988	epochs															feedback_and_iti	159.0
2433.0335	0.98824999999988	epochs															feedback_delay	159.0
2434.04225	1.98050000000012	epochs															feedback	159.0
2436.21875	1.9904999999998836	epochs															iti	159.0
2438.23075	14.730000000000018	epochs															maze	160.0
2438.23075	12.523999999999887	epochs															maze_stem	160.0
2438.255	21.755749999999807	trials	True	False	False	False	False	False	[0.31128814816474915, 0.6887118220329285, 0.7776094675064087, 0.22239059209823608]	-0.46632127463817596	-0.08889760076999664	-0.23316065967082977	0.04444880783557892	0.31128814816474915	[14561, 14561, 14561, 14560, 14560]	[14648, 14648, 14648, 14648, 14648]		
2450.77225	2.1885000000002037	epochs															maze_arm	160.0
2452.97975	7.010999999999967	epochs															feedback_and_iti	160.0
2452.97975	0.99350000000004	epochs															feedback_delay	160.0
2453.99425	1.968499999999949	epochs															feedback	160.0
2455.99925	3.9915000000000873	epochs															iti	160.0
2460.01075	7.992000000000189	epochs															maze	161.0
2460.01075	5.550000000000182	epochs															maze_stem	161.0
2460.02925	13.20699999999988	trials	True	False	False	True	False	True	[0.5216853618621826, 0.478314608335495, 0.7134281396865845, 0.28657183051109314]	-0.19174277782440186	-0.23511353135108948	0.09587138891220093	0.11755675077438354	0.7134281396865845	[14692, 14691, 14691, 14691, 14691]	[14739, 14738, 14738, 14738, 14738]		
2465.5795	2.42325000000028	epochs															maze_arm	161.0
2468.024	5.17975000000024	epochs															feedback_and_iti	161.0
2468.024	0.9794999999999163	epochs															feedback_delay	161.0
2469.025	1.98824999999988	epochs															feedback	161.0
2471.21	1.993750000000091	epochs															iti	161.0
2473.23625	8.52325000000019	epochs															maze	162.0
2473.23625	5.133749999999964	epochs															maze_stem	162.0
2473.25825	13.729749999999967	trials	True	False	False	False	True	True	[0.397939532995224, 0.6020604968070984, 0.7449347972869873, 0.2550651431083679]	-0.3469953089952469	-0.1428743451833725	0.17349767684936523	-0.07143718004226685	0.6020604968070984	[14771, 14771, 14771, 14770, 14770]	[14821, 14821, 14821, 14821, 14820]		
2478.39075	3.368750000000091	epochs															maze_arm	162.0
2481.77825	5.181250000000091	epochs															feedback_and_iti	162.0
2481.77825	0.9810000000002219	epochs															feedback_delay	162.0
2482.779	1.9907499999999345	epochs															feedback	162.0
2484.968	1.9915000000000873	epochs															iti	162.0
2486.988	8.363500000000386	epochs															maze	163.0
2486.988	7.073750000000018	epochs															maze_stem	163.0
2487.008	15.406500000000051	trials	False	False	False	False	False	False	[0.22247226536273956, 0.7775276899337769, 0.6473416686058044, 0.35265830159187317]	-0.4248693957924843	0.130186028778553	-0.21243470162153244	-0.065093033015728	0.22247226536273956	[14853, 14853, 14853, 14853, 14853]	[14903, 14902, 14902, 14902, 14902]		
2494.081	1.2705000000000837	epochs															maze_arm	163.0
2495.373	7.016500000000178	epochs															feedback_and_iti	163.0
2495.373	0.99350000000004	epochs															feedback_delay	163.0
2496.39225	1.9672500000001492	epochs															feedback	163.0
2498.39825	3.9912500000000364	epochs															iti	163.0
2502.4145	6.711500000000342	epochs															maze	164.0
2502.4145	4.641750000000229	epochs															maze_stem	164.0
2502.432	13.753500000000258	trials	False	False	False	True	True	False	[0.4341142773628235, 0.5658857822418213, 0.60613614320755, 0.3938637971878052]	-0.17202192544937134	-0.040250420570373535	-0.08601099252700806	-0.020125210285186768	0.3938637971878052	[14946, 14946, 14946, 14945, 14945]	[14985, 14985, 14985, 14985, 14984]		
2507.073	2.0530000000003383	epochs															maze_arm	164.0
2509.14325	7.017249999999876	epochs															feedback_and_iti	164.0
2509.14325	0.9842499999999745	epochs															feedback_delay	164.0
2510.146	1.9854999999997744	epochs															feedback	164.0
2512.1685	3.9919999999997344	epochs															iti	164.0
2516.1855	6.5534999999999854	epochs															maze	165.0
2516.1855	4.294499999999971	epochs															maze_stem	165.0
2516.211	13.58575000000019	trials	False	False	False	True	True	False	[0.3059256374835968, 0.6940743327140808, 0.38753843307495117, 0.6124615669250488]	-0.08161278069019318	0.30653591454029083	-0.04080638289451599	0.15326794981956482	0.6124615669250488	[15028, 15028, 15028, 15028, 15028]	[15067, 15067, 15066, 15066, 15066]		
2520.49825	2.2407499999999345	epochs															maze_arm	165.0
2522.75575	7.019500000000335	epochs															feedback_and_iti	165.0
2522.75575	0.9997500000004038	epochs															feedback_delay	165.0
2523.77075	1.9729999999999563	epochs															feedback	165.0
2525.78225	3.992999999999938	epochs															iti	165.0
2529.79675	10.474749999999858	epochs															maze	166.0
2529.79675	8.604249999999865	epochs															maze_stem	166.0
2529.81775	17.509000000000015	trials	False	False	False	False	False	False	[0.3147602379322052, 0.6852397918701172, 0.3729342818260193, 0.6270657181739807]	-0.05817405879497528	0.3123054951429367	-0.029087021946907043	-0.15615274012088776	0.3147602379322052	[15110, 15110, 15110, 15109, 15109]	[15172, 15172, 15172, 15171, 15171]		
2538.42075	1.850749999999607	epochs															maze_arm	166.0
2540.29275	7.015249999999924	epochs															feedback_and_iti	166.0
2540.29275	0.9909999999999854	epochs															feedback_delay	166.0
2541.30625	1.9760000000001128	epochs															feedback	166.0
2543.32225	3.9857499999998254	epochs															iti	166.0
2547.32675	9.513249999999971	epochs															maze	167.0
2547.32675	6.189249999999902	epochs															maze_stem	167.0
2547.347	14.718999999999596	trials	False	False	False	False	True	True	[0.4069613218307495, 0.5930386781692505, 0.44973236322402954, 0.5502676367759705]	-0.04277104139328003	0.14330631494522095	0.021385520696640015	0.07165315747261047	0.5930386781692505	[15215, 15215, 15215, 15215, 15214]	[15271, 15271, 15271, 15271, 15271]		
2553.534	3.30600000000004	epochs															maze_arm	167.0
2556.86175	5.182749999999942	epochs															feedback_and_iti	167.0
2556.86175	1.0	epochs															feedback_delay	167.0
2557.88275	1.9664999999999964	epochs															feedback	167.0
2560.0515	1.9929999999999382	epochs															iti	167.0
2562.066	11.366750000000138	epochs															maze	168.0
2562.066	7.11075000000028	epochs															maze_stem	168.0
2562.085	16.539749999999913	trials	True	False	False	False	True	True	[0.2853808104991913, 0.7146192193031311, 0.41541293263435364, 0.584587037563324]	-0.13003215193748474	0.2992062568664551	0.06501609086990356	0.14960312843322754	0.7146192193031311	[15304, 15303, 15303, 15303, 15303]	[15371, 15371, 15370, 15370, 15370]		
2569.19675	4.235999999999876	epochs															maze_arm	168.0
2573.453	5.154750000000149	epochs															feedback_and_iti	168.0
2573.453	0.9907499999999345	epochs															feedback_delay	168.0
2574.46625	1.97524999999996	epochs															feedback	168.0
2576.6235	1.9842499999999745	epochs															iti	168.0
2578.62475	8.815750000000207	epochs															maze	169.0
2578.62475	6.2527500000001055	epochs															maze_stem	169.0
2578.643	15.84875000000011	trials	False	False	False	True	True	False	[0.1285019963979721, 0.8714979887008667, 0.424148827791214, 0.5758511424064636]	-0.2956468388438225	0.4473491534590721	-0.14782342314720154	0.22367456555366516	0.5758511424064636	[15403, 15403, 15402, 15402, 15402]	[15455, 15455, 15454, 15454, 15454]		
2584.896	2.544499999999971	epochs															maze_arm	169.0
2587.45775	7.013500000000022	epochs															feedback_and_iti	169.0
2587.45775	0.9839999999999236	epochs															feedback_delay	169.0
2588.4595	1.9877500000002328	epochs															feedback	169.0
2590.48475	3.986499999999978	epochs															iti	169.0
2594.49175	8.578749999999673	epochs															maze	170.0
2594.49175	4.967999999999847	epochs															maze_stem	170.0
2594.51225	13.768499999999676	trials	True	False	False	False	True	True	[0.25339579582214355, 0.7466042041778564, 0.30683434009552, 0.6931657195091248]	-0.05343851447105408	0.4397698938846588	0.026719242334365845	0.2198849618434906	0.7466042041778564	[15498, 15498, 15498, 15497, 15497]	[15548, 15548, 15548, 15548, 15548]		
2599.4775	3.592999999999847	epochs															maze_arm	170.0
2603.0915	5.171249999999873	epochs															feedback_and_iti	170.0
2603.0915	0.9969999999998436	epochs															feedback_delay	170.0
2604.1095	1.9727499999999054	epochs															feedback	170.0
2606.26475	1.9980000000000473	epochs															iti	170.0
2608.28075	7.429500000000189	epochs															maze	171.0
2608.28075	5.544000000000324	epochs															maze_stem	171.0
2608.29925	14.459499999999935	trials	False	False	False	True	True	False	[0.17854326963424683, 0.8214567303657532, 0.2992357611656189, 0.7007642984390259]	-0.12069246172904968	0.5222209990024567	-0.06034621596336365	0.2611105144023895	0.7007642984390259	[15581, 15580, 15580, 15580, 15580]	[15624, 15624, 15624, 15624, 15623]		
2613.8435	1.8667500000001382	epochs															maze_arm	171.0
2615.7255	7.014000000000124	epochs															feedback_and_iti	171.0
2615.7255	0.987250000000131	epochs															feedback_delay	171.0
2616.72825	1.9854999999997744	epochs															feedback	171.0
2618.747	3.992500000000291	epochs															iti	171.0
2622.75875	7.594500000000153	epochs															maze	172.0
2622.75875	4.8530000000000655	epochs															maze_stem	172.0
2622.7755	14.629249999999956	trials	False	False	False	True	True	False	[0.2512625753879547, 0.7487373948097229, 0.26200583577156067, 0.7379941940307617]	-0.01074323058128357	0.4867315888404846	-0.005371600389480591	0.2433657944202423	0.7379941940307617	[15667, 15667, 15667, 15667, 15667]	[15712, 15712, 15712, 15711, 15711]		
2627.6295	2.723750000000109	epochs															maze_arm	172.0
2630.37025	7.012749999999869	epochs															feedback_and_iti	172.0
2630.37025	0.9862499999999272	epochs															feedback_delay	172.0
2631.3725	1.98824999999988	epochs															feedback	172.0
2633.39375	3.989249999999629	epochs															iti	172.0
2637.40475	7.811499999999796	epochs															maze	173.0
2637.40475	5.306999999999789	epochs															maze_stem	173.0
2637.42525	12.987250000000131	trials	False	False	False	False	True	True	[0.2715052664279938, 0.7284947037696838, 0.23419621586799622, 0.7658037543296814]	0.03730905055999756	0.4942984879016876	-0.01865452527999878	0.24714922904968262	0.7284947037696838	[15755, 15755, 15755, 15755, 15754]	[15801, 15801, 15801, 15801, 15800]		
2642.73	2.4862499999999272	epochs															maze_arm	173.0
2645.23825	5.153250000000298	epochs															feedback_and_iti	173.0
2645.23825	0.9777500000000146	epochs															feedback_delay	173.0
2646.24025	1.9770000000003165	epochs															feedback	173.0
2648.40225	1.9892500000000837	epochs															iti	173.0
2650.4125	8.520750000000135	epochs															maze	174.0
2650.4125	6.866250000000036	epochs															maze_stem	174.0
2650.43125	13.728250000000116	trials	True	False	False	True	False	True	[0.11088958382606506, 0.8891103863716125, 0.17190101742744446, 0.8280990123748779]	-0.06101140379905701	0.7172093987464905	0.030505716800689697	-0.35860469937324524	0.17190101742744446	[15833, 15833, 15833, 15833, 15832]	[15883, 15883, 15883, 15883, 15883]		
2657.29825	1.6350000000002183	epochs															maze_arm	174.0
2658.95375	5.185750000000098	epochs															feedback_and_iti	174.0
2658.95375	0.9849999999996726	epochs															feedback_delay	174.0
2659.959	1.9947500000002947	epochs															feedback	174.0
2662.1585	1.981000000000222	epochs															iti	174.0
2664.1595	8.159999999999854	epochs															maze	175.0
2664.1595	5.100749999999607	epochs															maze_stem	175.0
2664.1775	13.350250000000415	trials	True	False	False	False	True	True	[0.1683724820613861, 0.8316274881362915, 0.2590218484401703, 0.7409781813621521]	-0.09064933657646179	0.5726056694984436	0.0453246533870697	0.2863028347492218	0.8316274881362915	[15916, 15915, 15915, 15915, 15915]	[15964, 15963, 15963, 15963, 15963]		
2669.27875	3.0407500000001164	epochs															maze_arm	175.0
2672.34025	5.165499999999611	epochs															feedback_and_iti	175.0
2672.34025	0.9859999999998763	epochs															feedback_delay	175.0
2673.347	1.9789999999998145	epochs															feedback	175.0
2675.541	1.9647499999996398	epochs															iti	175.0
2677.52775	7.350749999999607	epochs															maze	176.0
2677.52775	5.332999999999629	epochs															maze_stem	176.0
2677.54975	14.411000000000058	trials	False	False	False	False	False	False	[0.08913378417491913, 0.9108662605285645, 0.30007705092430115, 0.6999229192733765]	-0.210943304002285	0.6107891723513603	-0.10547163337469101	-0.30539458245038986	0.08913378417491913	[15996, 15996, 15995, 15995, 15995]	[16039, 16039, 16039, 16038, 16038]		
2682.88	1.9984999999996944	epochs															maze_arm	176.0
2684.8995	7.027999999999793	epochs															feedback_and_iti	176.0
2684.8995	0.9812499999998181	epochs															feedback_delay	176.0
2685.903	1.9845000000000255	epochs															feedback	176.0
2687.92825	3.999249999999847	epochs															iti	176.0
2691.96075	9.052999999999884	epochs															maze	177.0
2691.96075	5.654999999999745	epochs															maze_stem	177.0
2691.98925	14.23025000000007	trials	False	False	False	False	True	True	[0.27098941802978516, 0.7290105819702148, 0.3811255395412445, 0.6188744306564331]	-0.11013613641262054	0.34788502752780914	0.05506807565689087	0.17394250631332397	0.7290105819702148	[16082, 16082, 16082, 16082, 16082]	[16136, 16136, 16135, 16135, 16135]		
2697.634	3.379750000000058	epochs															maze_arm	177.0
2701.033	5.163500000000113	epochs															feedback_and_iti	177.0
2701.033	0.9880000000002838	epochs															feedback_delay	177.0
2702.0435	1.9724999999998545	epochs															feedback	177.0
2704.20975	1.986750000000029	epochs															iti	177.0
2706.2195	9.343249999999898	epochs															maze	178.0
2706.2195	5.883749999999964	epochs															maze_stem	178.0
2706.24475	14.530250000000251	trials	True	False	False	False	True	True	[0.20072269439697266, 0.7992773056030273, 0.33488088846206665, 0.6651190519332886]	-0.13415822386741638	0.4643963873386383	0.06707912683486938	0.23219817876815796	0.7992773056030273	[16168, 16168, 16167, 16167, 16167]	[16223, 16223, 16223, 16222, 16222]		
2712.1235	3.4392499999999018	epochs															maze_arm	178.0
2715.583	5.1727499999997235	epochs															feedback_and_iti	178.0
2715.583	0.994499999999789	epochs															feedback_delay	178.0
2716.598	1.974500000000262	epochs															feedback	178.0
2718.76375	1.9919999999997344	epochs															iti	178.0
2720.775	7.378249999999753	epochs															maze	179.0
2720.775	5.7354999999997744	epochs															maze_stem	179.0
2720.79375	12.565500000000156	trials	False	False	False	True	False	True	[0.11829052865505219, 0.8817095160484314, 0.3364490270614624, 0.6635510325431824]	-0.21815849095582962	0.5452604964375496	0.10907924920320511	-0.2726302221417427	0.3364490270614624	[16255, 16255, 16255, 16255, 16254]	[16298, 16298, 16298, 16298, 16298]		
2726.52925	1.6239999999997963	epochs															maze_arm	179.0
2728.16975	5.166749999999865	epochs															feedback_and_iti	179.0
2728.16975	0.9837499999998727	epochs															feedback_delay	179.0
2729.1705	1.9874999999997272	epochs															feedback	179.0
2731.33975	1.9967499999997926	epochs															iti	179.0
2733.35925	11.127250000000004	epochs															maze	180.0
2733.35925	7.108999999999924	epochs															maze_stem	180.0
2733.38725	16.318249999999807	trials	True	False	False	False	True	True	[0.3040844798088074, 0.6959155797958374, 0.6214982271194458, 0.3785017728805542]	-0.3174137771129608	0.07441732287406921	0.1587069034576416	0.0372086763381958	0.6959155797958374	[16331, 16330, 16330, 16330, 16330]	[16396, 16396, 16396, 16396, 16396]		
2740.488	3.998500000000149	epochs															maze_arm	180.0
2744.5075	5.175249999999778	epochs															feedback_and_iti	180.0
2744.5075	0.9887499999999818	epochs															feedback_delay	180.0
2745.51725	1.9767500000002656	epochs															feedback	180.0
2747.6785	2.0042499999999563	epochs															iti	180.0
2749.7055	8.51175000000012	epochs															maze	181.0
2749.7055	6.426249999999982	epochs															maze_stem	181.0
2749.72675	15.563250000000153	trials	False	False	False	False	False	False	[0.16857391595840454, 0.8314260840415955, 0.534519374370575, 0.46548062562942505]	-0.3659454584121704	0.2969067096710205	-0.1829727292060852	-0.14845335483551025	0.16857391595840454	[16429, 16428, 16428, 16428, 16428]	[16479, 16478, 16478, 16478, 16478]		
2756.15325	2.0640000000003056	epochs															maze_arm	181.0
2758.2385	7.02350000000024	epochs															feedback_and_iti	181.0
2758.2385	0.9802500000000691	epochs															feedback_delay	181.0
2759.241	1.9839999999999236	epochs															feedback	181.0
2761.264	3.9980000000000473	epochs															iti	181.0
2765.29	6.905749999999898	epochs															maze	182.0
2765.29	5.099749999999858	epochs															maze_stem	182.0
2765.31025	13.947500000000218	trials	False	False	False	False	False	False	[0.411545068025589, 0.5884549617767334, 0.5564619898796082, 0.44353798031806946]	-0.14491695165634155	0.031992942094802856	-0.07245846092700958	-0.015996471047401428	0.411545068025589	[16522, 16522, 16522, 16521, 16521]	[16563, 16562, 16562, 16562, 16562]		
2770.4095	1.7862499999996544	epochs															maze_arm	182.0
2772.21775	7.018500000000131	epochs															feedback_and_iti	182.0
2772.21775	0.9945000000002437	epochs															feedback_delay	182.0
2773.232	1.9675000000002	epochs															feedback	182.0
2775.24075	3.9954999999999927	epochs															iti	182.0
2779.25775	8.55874999999969	epochs															maze	183.0
2779.25775	5.593499999999949	epochs															maze_stem	183.0
2779.279	15.585500000000138	trials	False	False	False	False	False	False	[0.5650299787521362, 0.43497005105018616, 0.4807451665401459, 0.5192548036575317]	0.08428478240966797	-0.045775145292282104	0.04214240610599518	0.022887572646141052	0.5650299787521362	[16606, 16606, 16605, 16605, 16605]	[16656, 16656, 16656, 16656, 16655]		
2784.8715	2.944999999999709	epochs															maze_arm	183.0
2787.83625	7.008749999999964	epochs															feedback_and_iti	183.0
2787.83625	0.9977499999999964	epochs															feedback_delay	183.0
2788.8565	1.9602500000000873	epochs															feedback	183.0
2790.85425	3.9907499999999345	epochs															iti	183.0
2794.8645	6.589999999999691	epochs															maze	184.0
2794.8645	4.933749999999691	epochs															maze_stem	184.0
2794.881	11.790500000000065	trials	False	False	False	True	False	True	[0.6268686056137085, 0.37313133478164673, 0.4465674161911011, 0.5534325838088989]	0.1803012192249298	-0.07343605160713196	-0.09015059471130371	0.036718010902404785	0.4465674161911011	[16699, 16699, 16699, 16699, 16699]	[16738, 16738, 16738, 16737, 16737]		
2799.81675	1.637749999999869	epochs															maze_arm	184.0
2801.471	5.181999999999789	epochs															feedback_and_iti	184.0
2801.471	0.9867500000000291	epochs															feedback_delay	184.0
2802.473	1.9902499999998327	epochs															feedback	184.0
2804.65275	2.000249999999596	epochs															iti	184.0
2806.6715	8.2800000000002	epochs															maze	185.0
2806.6715	6.754249999999956	epochs															maze_stem	185.0
2806.6905	13.445749999999862	trials	False	False	False	True	False	True	[0.7310578227043152, 0.26894211769104004, 0.6713798642158508, 0.3286201059818268]	0.05967797338962555	-0.4024377316236496	-0.029838979244232178	0.201218843460083	0.6713798642158508	[16770, 16770, 16770, 16770, 16769]	[16819, 16819, 16818, 16818, 16818]		
2813.44375	1.5077500000002146	epochs															maze_arm	185.0
2814.96825	5.148000000000138	epochs															feedback_and_iti	185.0
2814.96825	0.9832500000002256	epochs															feedback_delay	185.0
2815.96825	1.9842499999999745	epochs															feedback	185.0
2818.12675	1.9895000000001346	epochs															iti	185.0
2820.13625	10.182999999999993	epochs															maze	186.0
2820.13625	7.101250000000164	epochs															maze_stem	186.0
2820.15525	17.20575000000008	trials	False	False	False	True	True	False	[0.5424750447273254, 0.45752495527267456, 0.6830192804336548, 0.3169807195663452]	-0.14054423570632935	-0.22549432516098022	-0.07027211785316467	-0.11274716258049011	0.3169807195663452	[16851, 16851, 16850, 16850, 16850]	[16911, 16911, 16911, 16910, 16910]		
2827.25625	3.063000000000102	epochs															maze_arm	186.0
2830.3345	7.006249999999909	epochs															feedback_and_iti	186.0
2830.3345	0.9850000000001273	epochs															feedback_delay	186.0
2831.33475	1.9850000000001273	epochs															feedback	186.0
2833.35475	3.9859999999998763	epochs															iti	186.0
2837.361	8.043500000000222	epochs															maze	187.0
2837.361	6.415750000000116	epochs															maze_stem	187.0
2837.37875	13.22900000000027	trials	True	False	False	True	False	True	[0.3048728108406067, 0.6951271295547485, 0.3680712878704071, 0.6319287419319153]	-0.06319843232631683	0.327055886387825	0.03159923851490021	-0.1635279506444931	0.3680712878704071	[16954, 16954, 16954, 16954, 16953]	[17001, 17001, 17001, 17001, 17001]		
2843.7965	1.6080000000001746	epochs															maze_arm	187.0
2845.4255	5.161000000000058	epochs															feedback_and_iti	187.0
2845.4255	0.9855000000002292	epochs															feedback_delay	187.0
2846.431	1.98050000000012	epochs															feedback	187.0
2848.59725	1.9892500000000837	epochs															iti	187.0
2850.60775	8.862249999999676	epochs															maze	188.0
2850.60775	7.197999999999865	epochs															maze_stem	188.0
2850.62825	15.897999999999683	trials	True	False	False	False	False	False	[0.3048382103443146, 0.695161759853363, 0.6123226881027222, 0.38767725229263306]	-0.3074844926595688	0.08283905684947968	-0.1537422388792038	-0.04141955077648163	0.3048382103443146	[17034, 17033, 17033, 17033, 17033]	[17086, 17086, 17085, 17085, 17085]		
2857.8255	1.64449999999988	epochs															maze_arm	188.0
2859.492	7.014499999999771	epochs															feedback_and_iti	188.0
2859.492	0.9787499999997635	epochs															feedback_delay	188.0
2860.49175	1.9825000000000728	epochs															feedback	188.0
2862.5125	3.994000000000142	epochs															iti	188.0
2866.52625	11.965750000000298	epochs															maze	189.0
2866.52625	7.393750000000182	epochs															maze_stem	189.0
2866.546	17.177750000000287	trials	True	False	False	False	True	True	[0.47088077664375305, 0.5291191935539246, 0.5100358128547668, 0.48996415734291077]	-0.039155036211013794	0.019083380699157715	0.019577518105506897	0.009541675448417664	0.5291191935539246	[17129, 17129, 17129, 17128, 17128]	[17200, 17200, 17199, 17199, 17199]		
2873.938	4.554000000000087	epochs															maze_arm	189.0
2878.51225	5.1912499999998545	epochs															feedback_and_iti	189.0
2878.51225	0.9804999999996653	epochs															feedback_delay	189.0
2879.51325	1.9952499999999418	epochs															feedback	189.0
2881.70475	1.9987500000002	epochs															iti	189.0
2883.72375	11.954999999999927	epochs															maze	190.0
2883.72375	9.113749999999982	epochs															maze_stem	190.0
2883.74425	17.148249999999734	trials	True	False	False	True	False	True	[0.367109477519989, 0.632890522480011, 0.5298681855201721, 0.47013184428215027]	-0.1627586930990219	0.10302235186100006	0.08137935400009155	-0.051511168479919434	0.5298681855201721	[17232, 17232, 17232, 17232, 17231]	[17303, 17303, 17302, 17302, 17302]		
2892.86025	2.818499999999858	epochs															maze_arm	190.0
2895.7	5.1720000000000255	epochs															feedback_and_iti	190.0
2895.7	0.9922500000002401	epochs															feedback_delay	190.0
2896.714	1.981000000000222	epochs															feedback	190.0
2898.87425	1.9977499999999964	epochs															iti	190.0
2900.8925	11.523750000000291	epochs															maze	191.0
2900.8925	8.030250000000251	epochs															maze_stem	191.0
2900.91225	16.720749999999953	trials	False	False	False	False	True	True	[0.3087957203388214, 0.691204309463501, 0.6095539927482605, 0.3904460072517395]	-0.3007582873106003	0.08165030181407928	0.15037915110588074	0.04082515835762024	0.691204309463501	[17335, 17335, 17335, 17334, 17334]	[17403, 17403, 17403, 17403, 17402]		
2908.94425	3.4720000000002074	epochs															maze_arm	191.0
2912.43575	5.1784999999999854	epochs															feedback_and_iti	191.0
2912.43575	0.9954999999999927	epochs															feedback_delay	191.0
2913.453	1.9767499999998108	epochs															feedback	191.0
2915.6225	1.9917500000001382	epochs															iti	191.0
2917.633	11.414000000000215	epochs															maze	192.0
2917.633	4.9520000000002256	epochs															maze_stem	192.0
2917.6525	16.585749999999734	trials	True	False	False	False	True	True	[0.17419256269931793, 0.8258074522018433, 0.5838918089866638, 0.41610822081565857]	-0.4096992388367653	0.24191565066576004	0.20484961569309235	0.12095783650875092	0.8258074522018433	[17435, 17435, 17435, 17435, 17435]	[17503, 17503, 17503, 17502, 17502]		
2922.605	6.442000000000007	epochs															maze_arm	192.0
2929.0685	5.151499999999942	epochs															feedback_and_iti	192.0
2929.0685	0.9827500000001237	epochs															feedback_delay	192.0
2930.073	1.9767500000002656	epochs															feedback	192.0
2932.23125	1.9887499999999818	epochs															iti	192.0
2934.23825	8.387000000000171	epochs															maze	193.0
2934.23825	6.511500000000069	epochs															maze_stem	193.0
2934.25775	13.587499999999636	trials	True	False	False	True	False	True	[0.12718725204467773, 0.872812807559967, 0.5367934703826904, 0.46320655941963196]	-0.4096062332391739	0.3360193222761154	0.20480310916900635	-0.16800963878631592	0.5367934703826904	[17535, 17535, 17535, 17534, 17534]	[17584, 17584, 17584, 17584, 17584]		
2940.76975	1.85550000000012	epochs															maze_arm	193.0
2942.64675	5.175250000000233	epochs															feedback_and_iti	193.0
2942.64675	0.98050000000012	epochs															feedback_delay	193.0
2943.648	1.9849999999996726	epochs															feedback	193.0
2945.827	1.9949999999998909	epochs															iti	193.0
2947.84525	18.1232500000001	epochs															maze	194.0
2947.84525	13.834000000000287	epochs															maze_stem	194.0
2947.86575	23.3112500000002	trials	True	False	False	False	True	True	[0.27761319279670715, 0.7223867774009705, 0.6628270745277405, 0.3371729850769043]	-0.38521383702754974	0.05955974757671356	0.19260689616203308	0.029779881238937378	0.7223867774009705	[17617, 17616, 17616, 17616, 17616]	[17724, 17724, 17724, 17724, 17724]		
2961.69925	4.269249999999829	epochs															maze_arm	194.0
2965.988	5.168750000000273	epochs															feedback_and_iti	194.0
2965.988	0.9842499999999745	epochs															feedback_delay	194.0
2966.993	1.9790000000002692	epochs															feedback	194.0
2969.1595	1.9972499999998945	epochs															iti	194.0
2971.177	7.906999999999698	epochs															maze	195.0
2971.177	6.185999999999694	epochs															maze_stem	195.0
2971.198	13.086999999999989	trials	True	False	False	True	False	True	[0.16995039582252502, 0.8300496339797974, 0.6025683879852295, 0.3974316120147705]	-0.43261800706386566	0.22748123109340668	0.21630899608135223	-0.11374060809612274	0.6025683879852295	[17756, 17756, 17756, 17756, 17756]	[17803, 17803, 17803, 17802, 17802]		
2977.38175	1.7022499999998217	epochs															maze_arm	195.0
2979.10525	5.162249999999858	epochs															feedback_and_iti	195.0
2979.10525	0.994499999999789	epochs															feedback_delay	195.0
2980.12075	1.9639999999999418	epochs															feedback	195.0
2982.27775	1.9897499999997308	epochs															iti	195.0
2984.285	9.365250000000287	epochs															maze	196.0
2984.285	7.682999999999993	epochs															maze_stem	196.0
2984.304	14.540500000000065	trials	False	False	False	True	False	True	[0.2808692157268524, 0.7191307544708252, 0.6880577802658081, 0.3119421899318695]	-0.4071885645389557	0.03107297420501709	0.20359428226947784	-0.015536502003669739	0.6880577802658081	[17835, 17835, 17835, 17834, 17834]	[17890, 17890, 17890, 17890, 17889]		
2991.98475	1.6655000000000655	epochs															maze_arm	196.0
2993.667	5.157000000000153	epochs															feedback_and_iti	196.0
2993.667	0.9837499999998727	epochs															feedback_delay	196.0
2994.66725	1.9852500000001783	epochs															feedback	196.0
2996.82775	1.9962500000001455	epochs															iti	196.0
2998.8445	8.11974999999984	epochs															maze	197.0
2998.8445	6.504500000000007	epochs															maze_stem	197.0
2998.86425	13.333250000000135	trials	True	False	False	True	False	True	[0.30499860644340515, 0.6950014233589172, 0.7398978471755981, 0.26010212302207947]	-0.4348992705345154	-0.044896453619003296	0.2174496203660965	0.022448226809501648	0.7398978471755981	[17922, 17922, 17922, 17922, 17922]	[17970, 17970, 17970, 17969, 17969]		
3005.369	1.5952499999998508	epochs															maze_arm	197.0
3006.98375	5.189249999999902	epochs															feedback_and_iti	197.0
3006.98375	0.9875000000001819	epochs															feedback_delay	197.0
3007.99325	1.9832500000002256	epochs															feedback	197.0
3010.1755	1.9974999999999454	epochs															iti	197.0
3012.1975	7.885499999999865	epochs															maze	198.0
3012.1975	6.292749999999614	epochs															maze_stem	198.0
3012.21625	13.067250000000058	trials	False	False	False	True	False	True	[0.286650687456131, 0.7133493423461914, 0.7272273898124695, 0.2727726101875305]	-0.4405767172574997	-0.01387806236743927	0.22028835117816925	0.006939038634300232	0.7272273898124695	[18002, 18002, 18002, 18002, 18002]	[18049, 18049, 18048, 18048, 18048]		
3018.5095	1.5734999999999673	epochs															maze_arm	198.0
3020.1	5.166250000000218	epochs															feedback_and_iti	198.0
3020.1	1.000250000000051	epochs															feedback_delay	198.0
3021.118	1.9667500000000473	epochs															feedback	198.0
3023.27525	1.9909999999999854	epochs															iti	198.0
3025.2835	7.186000000000149	epochs															maze	199.0
3025.2835	5.035750000000007	epochs															maze_stem	199.0
3025.3025	14.225500000000011	trials	False	False	False	True	True	False	[0.27855175733566284, 0.7214481830596924, 0.7558318972587585, 0.24416807293891907]	-0.4772801250219345	-0.03438369929790497	-0.23864005506038666	-0.017191872000694275	0.24416807293891907	[18081, 18081, 18080, 18080, 18080]	[18123, 18123, 18123, 18122, 18122]		
3030.336	2.1335000000003674	epochs															maze_arm	199.0
3032.48575	7.0222499999999854	epochs															feedback_and_iti	199.0
3032.48575	0.9855000000002292	epochs															feedback_delay	199.0
3033.4875	1.9872499999996762	epochs															feedback	199.0
3035.5095	3.9984999999996944	epochs															iti	199.0
3039.528	7.004750000000058	epochs															maze	200.0
3039.528	5.0890000000003965	epochs															maze_stem	200.0
3039.5465	14.034500000000207	trials	False	False	False	True	True	False	[0.2284689098596573, 0.7715311050415039, 0.44102710485458374, 0.5589728951454163]	-0.21255820244550705	0.33050399273633957	-0.10627910494804382	0.16525200009346008	0.5589728951454163	[18166, 18166, 18166, 18166, 18165]	[18168, 18168, 18168, 18168, 18168]		
3044.63475	1.8979999999996835	epochs															maze_arm	200.0
3046.5495	7.01175000000012	epochs															feedback_and_iti	200.0
3046.5495	0.9837499999998727	epochs															feedback_delay	200.0
3047.5505	1.9835000000002765	epochs															feedback	200.0
3049.57025	3.9909999999999854	epochs															iti	200.0
3053.581	8.193749999999909	epochs															maze	201.0
3053.581	6.0724999999997635	epochs															maze_stem	201.0
3053.60225	15.221250000000055	trials	False	False	False	True	True	False	[0.27994662523269653, 0.7200533747673035, 0.39559197425842285, 0.6044080257415771]	-0.11564534902572632	0.3244614005088806	-0.05782267451286316	0.1622307002544403	0.6044080257415771	[-2147483648, -2147483648, -2147483648, -2147483648, -2147483648]	[-2147483648, -2147483648, -2147483648, -2147483648, -2147483648]		
3059.672	2.1027500000000146	epochs															maze_arm	201.0
3061.79025	7.014749999999822	epochs															feedback_and_iti	201.0
3061.79025	0.9857499999998254	epochs															feedback_delay	201.0
3062.7935	1.989249999999629	epochs															feedback	201.0
3064.82	3.9849999999996726	epochs															iti	201.0
3068.8235	8.726250000000164	epochs															maze	202.0
3068.8235	5.3530000000000655	epochs															maze_stem	202.0
3068.84	15.762249999999767	trials	False	False	False	True	True	False	[0.26986637711524963, 0.730133593082428, 0.346969336271286, 0.6530306935310364]	-0.07710292935371399	0.38316428661346436	-0.0385514497756958	0.19158214330673218	0.6530306935310364	[-2147483648, -2147483648, -2147483648, -2147483648, -2147483648]	[-2147483648, -2147483648, -2147483648, -2147483648, -2147483648]		
3074.195	3.3547499999999673	epochs															maze_arm	202.0
3077.5665	7.01700000000028	epochs															feedback_and_iti	202.0
3077.5665	0.9887499999999818	epochs															feedback_delay	202.0
3078.572	1.987999999999829	epochs															feedback	202.0
3080.59375	3.9897500000001855	epochs															iti	202.0
3084.60225	7.663750000000164	epochs															maze	203.0
3084.60225	5.229000000000269	epochs															maze_stem	203.0
3084.621	12.854249999999865	trials	False	False	False	True	False	True	[0.2559174597263336, 0.7440825700759888, 0.3061305284500122, 0.693869411945343]	-0.05021311342716217	0.437951996922493	0.025106534361839294	-0.2189760059118271	0.3061305284500122	[-2147483648, -2147483648, -2147483648, -2147483648, -2147483648]	[-2147483648, -2147483648, -2147483648, -2147483648, -2147483648]		
3089.85025	2.4157500000001164	epochs															maze_arm	203.0
3092.282	5.171249999999873	epochs															feedback_and_iti	203.0
3092.282	0.9857499999998254	epochs															feedback_delay	203.0
3093.28325	1.9864999999999782	epochs															feedback	203.0
3095.46675	1.9864999999999782	epochs															iti	203.0
3097.47525	8.556250000000091	epochs															maze	204.0
3097.47525	6.0597499999998945	epochs															maze_stem	204.0
3097.49825	15.596999999999753	trials	False	False	False	False	False	False	[0.3585021197795868, 0.6414979100227356, 0.6357071995735168, 0.36429280042648315]	-0.27720509469509125	0.005790695548057556	-0.13860253989696503	-0.002895340323448181	0.3585021197795868	[-2147483648, -2147483648, -2147483648, -2147483648, -2147483648]	[-2147483648, -2147483648, -2147483648, -2147483648, -2147483648]		
3103.556	2.475500000000011	epochs															maze_arm	204.0
3106.05425	7.020999999999731	epochs															feedback_and_iti	204.0
3106.05425	0.9977499999999964	epochs															feedback_delay	204.0
3107.074	1.9739999999997053	epochs															feedback	204.0
3109.08675	3.988499999999931	epochs															iti	204.0
3113.09525	9.470250000000306	epochs															maze	205.0
3113.09525	6.653999999999996	epochs															maze_stem	205.0
3113.11375	16.50675000000001	trials	False	False	False	True	True	False	[0.44486314058303833, 0.5551368594169617, 0.5573336482048035, 0.4426664113998413]	-0.11247047781944275	-0.002196758985519409	-0.05623522400856018	-0.0010983645915985107	0.4426664113998413	[-2147483648, -2147483648, -2147483648, -2147483648, -2147483648]	[-2147483648, -2147483648, -2147483648, -2147483648, -2147483648]		
3119.76775	2.7977500000001783	epochs															maze_arm	205.0
3122.582	7.019749999999931	epochs															feedback_and_iti	205.0
3122.582	0.9997499999999491	epochs															feedback_delay	205.0
3123.5995	1.9822500000000218	epochs															feedback	205.0
3125.618	3.9837499999998727	epochs															iti	205.0
3129.6205	6.361750000000029	epochs															maze	206.0
3129.6205	4.60024999999996	epochs															maze_stem	206.0
3129.63725	11.544999999999618	trials	False	False	False	True	False	True	[0.3312889039516449, 0.6687111258506775, 0.34996697306632996, 0.6500329971313477]	-0.018678098917007446	0.31874412298202515	0.00933903455734253	-0.15937206149101257	0.34996697306632996	[-2147483648, -2147483648, -2147483648, -2147483648, -2147483648]	[-2147483648, -2147483648, -2147483648, -2147483648, -2147483648]		
3134.23725	1.7449999999998909	epochs															maze_arm	206.0
3135.99925	5.166000000000167	epochs															feedback_and_iti	206.0
3135.99925	0.9830000000001746	epochs															feedback_delay	206.0
3137.00025	1.9884999999999309	epochs															feedback	206.0
3139.16975	1.9954999999999927	epochs															iti	206.0
3141.18225	7.917000000000371	epochs															maze	207.0
3141.18225	5.848250000000007	epochs															maze_stem	207.0
3141.201	13.102750000000015	trials	False	False	False	True	False	True	[0.49670013785362244, 0.5032998323440552, 0.6957561373710632, 0.30424389243125916]	-0.1990559697151184	-0.19245627522468567	0.0995279997587204	0.09622813761234283	0.6957561373710632	[-2147483648, -2147483648, -2147483648, -2147483648, -2147483648]	[-2147483648, -2147483648, -2147483648, -2147483648, -2147483648]		
3147.049	2.050250000000233	epochs															maze_arm	207.0
3149.116	5.166999999999916	epochs															feedback_and_iti	207.0
3149.116	0.9997499999999491	epochs															feedback_delay	207.0
3150.1315	1.9679999999998472	epochs															feedback	207.0
3152.2885	1.994499999999789	epochs															iti	207.0
3154.30375	10.954249999999774	epochs															maze	208.0
3154.30375	8.961999999999989	epochs															maze_stem	208.0
3154.325	16.164500000000317	trials	False	False	False	False	True	True	[0.4226115643978119, 0.5773884057998657, 0.7378223538398743, 0.26217761635780334]	-0.3152107894420624	-0.16043394804000854	0.1576053947210312	-0.08021698892116547	0.5773884057998657	[18169, 18169, 18169, 18169, 18169]	[18222, 18222, 18222, 18222, 18222]		
3163.28475	1.9732500000000073	epochs															maze_arm	208.0
3165.2795	5.190000000000055	epochs															feedback_and_iti	208.0
3165.2795	0.9904999999998836	epochs															feedback_delay	208.0
3166.2925	1.9852500000001783	epochs															feedback	208.0
3168.46725	2.0022500000000036	epochs															iti	208.0
3170.4895	8.392249999999876	epochs															maze	209.0
3170.4895	5.808999999999742	epochs															maze_stem	209.0
3170.51025	15.450749999999971	trials	False	False	False	False	False	False	[0.16149351000785828, 0.8385065197944641, 0.6327201128005981, 0.36727988719940186]	-0.47122661769390106	0.20578639209270477	-0.23561330139636993	-0.10289318859577179	0.16149351000785828	[18255, 18254, 18254, 18254, 18254]	[18304, 18304, 18304, 18303, 18303]		
3176.319	2.562750000000051	epochs															maze_arm	209.0
3178.903	7.037000000000262	epochs															feedback_and_iti	209.0
3178.903	0.9912500000000364	epochs															feedback_delay	209.0
3179.9165	1.986000000000331	epochs															feedback	209.0
3181.94	4.0	epochs															iti	209.0
3185.961	8.97275000000036	epochs															maze	210.0
3185.961	6.029250000000047	epochs															maze_stem	210.0
3185.981	16.01424999999972	trials	False	False	False	False	False	False	[0.36967983841896057, 0.630320131778717, 0.5990217328071594, 0.40097829699516296]	-0.22934186458587646	0.031298428773880005	-0.11467094719409943	-0.015649214386940002	0.36967983841896057	[18347, 18347, 18347, 18347, 18347]	[18400, 18400, 18400, 18400, 18400]		
3192.01	2.9237499999999272	epochs															maze_arm	210.0
3194.956	7.018999999999778	epochs															feedback_and_iti	210.0
3194.956	0.9819999999999709	epochs															feedback_delay	210.0
3195.96025	1.9800000000000182	epochs															feedback	210.0
3197.97975	3.995249999999942	epochs															iti	210.0
3201.99525	7.866250000000036	epochs															maze	211.0
3201.99525	5.76949999999988	epochs															maze_stem	211.0
3202.0145	13.069749999999658	trials	True	False	False	True	False	True	[0.5347928404808044, 0.46520715951919556, 0.5344773530960083, 0.4655226171016693]	0.00031547248363494873	-0.06927020847797394	-0.0001577436923980713	0.03463509678840637	0.5344773530960083	[18444, 18443, 18443, 18443, 18443]	[18490, 18490, 18489, 18489, 18489]		
3207.7835	2.0779999999999745	epochs															maze_arm	211.0
3209.882	5.183999999999742	epochs															feedback_and_iti	211.0
3209.882	0.9834999999998217	epochs															feedback_delay	211.0
3210.88475	1.9957500000000437	epochs															feedback	211.0
3213.0685	1.9974999999999454	epochs															iti	211.0
3215.08425	11.076500000000124	epochs															maze	212.0
3215.08425	8.067000000000007	epochs															maze_stem	212.0
3215.10375	16.260249999999814	trials	True	False	False	False	True	True	[0.465200275182724, 0.5347996950149536, 0.6786007285118103, 0.3213992416858673]	-0.2134004533290863	-0.1438010334968567	0.10670022666454315	-0.07190053164958954	0.5347996950149536	[18522, 18522, 18522, 18521, 18521]	[18588, 18587, 18587, 18587, 18587]		
3223.1715	2.9892500000000837	epochs															maze_arm	212.0
3226.18175	5.1597499999998035	epochs															feedback_and_iti	212.0
3226.18175	0.9987499999997453	epochs															feedback_delay	212.0
3227.202	1.963249999999789	epochs															feedback	212.0
3229.353	1.9884999999999309	epochs															iti	212.0
3231.364	11.912499999999909	epochs															maze	213.0
3231.364	7.944500000000062	epochs															maze_stem	213.0
3231.38525	17.101750000000266	trials	True	False	False	False	True	True	[0.2591280937194824, 0.7408719062805176, 0.584832489490509, 0.41516751050949097]	-0.3257043957710266	0.15603941679000854	0.1628521978855133	0.07801970839500427	0.7408719062805176	[18620, 18620, 18619, 18619, 18619]	[18690, 18690, 18690, 18690, 18689]		
3239.32775	3.948750000000018	epochs															maze_arm	213.0
3243.29725	5.165750000000116	epochs															feedback_and_iti	213.0
3243.29725	0.9834999999998217	epochs															feedback_delay	213.0
3244.30225	1.97649999999976	epochs															feedback	213.0
3246.4685	1.9945000000002437	epochs															iti	213.0
3248.487	9.978499999999713	epochs															maze	214.0
3248.487	7.543999999999869	epochs															maze_stem	214.0
3248.507	15.169750000000022	trials	False	False	False	False	True	True	[0.13885286450386047, 0.8611471056938171, 0.5633605122566223, 0.4366394579410553]	-0.42450764775276184	0.2977865934371948	0.21225382387638092	0.14889328181743622	0.8611471056938171	[18722, 18722, 18722, 18722, 18722]	[18781, 18781, 18781, 18781, 18780]		
3256.05075	2.4147499999999127	epochs															maze_arm	214.0
3258.4855	5.169500000000426	epochs															feedback_and_iti	214.0
3258.4855	0.986250000000382	epochs															feedback_delay	214.0
3259.49325	1.981000000000222	epochs															feedback	214.0
3261.6625	1.992500000000291	epochs															iti	214.0
3263.67675	9.715499999999793	epochs															maze	215.0
3263.67675	7.994249999999738	epochs															maze_stem	215.0
3263.69625	14.90475000000015	trials	True	False	False	True	False	True	[0.10535458475351334, 0.8946454524993896, 0.5274002552032471, 0.4725997745990753]	-0.42204567417502403	0.3672451935708523	0.21102283522486687	-0.1836225800216198	0.5274002552032471	[18813, 18813, 18813, 18813, 18813]	[18871, 18871, 18870, 18870, 18870]		
3271.6885	1.7037499999996726	epochs															maze_arm	215.0
3273.413	5.168749999999818	epochs															feedback_and_iti	215.0
3273.413	0.9980000000000473	epochs															feedback_delay	215.0
3274.432	1.969000000000051	epochs															feedback	215.0
3276.58775	1.9939999999996871	epochs															iti	215.0
3278.601	8.76449999999977	epochs															maze	216.0
3278.601	7.168999999999869	epochs															maze_stem	216.0
3278.6195	13.940000000000055	trials	False	False	False	True	False	True	[0.26495543122291565, 0.7350445985794067, 0.6533541083335876, 0.34664589166641235]	-0.3883986920118332	0.0816904753446579	0.194199338555336	-0.04084523022174835	0.6533541083335876	[18903, 18903, 18903, 18902, 18902]	[18955, 18954, 18954, 18954, 18954]		
3285.78675	1.5787499999996726	epochs															maze_arm	216.0
3287.39075	5.147750000000087	epochs															feedback_and_iti	216.0
3287.39075	0.9899999999997817	epochs															feedback_delay	216.0
3288.3985	1.9705000000003565	epochs															feedback	216.0
3290.57075	1.967750000000251	epochs															iti	216.0
3292.5595	7.621750000000247	epochs															maze	217.0
3292.5595	5.071000000000367	epochs															maze_stem	217.0
3292.58075	14.664499999999862	trials	False	False	False	False	False	False	[0.2782853841781616, 0.7217146158218384, 0.7404751777648926, 0.2595248222351074]	-0.46218979358673096	-0.0187605619430542	-0.23109489679336548	0.0093802809715271	0.2782853841781616	[18987, 18986, 18986, 18986, 18986]	[19031, 19031, 19031, 19031, 19031]		
3297.65025	2.530999999999949	epochs															maze_arm	217.0
3300.20375	7.019749999999931	epochs															feedback_and_iti	217.0
3300.20375	0.9829999999997199	epochs															feedback_delay	217.0
3301.20925	1.9909999999999854	epochs															feedback	217.0
3303.23875	3.9847500000000764	epochs															iti	217.0
3307.24525	7.382500000000164	epochs															maze	218.0
3307.24525	4.823499999999967	epochs															maze_stem	218.0
3307.266	14.426500000000033	trials	True	False	False	False	False	False	[0.46636494994163513, 0.5336350798606873, 0.6882582306861877, 0.31174182891845703]	-0.22189326584339142	-0.1546231359243393	-0.1109466403722763	0.07731159031391144	0.46636494994163513	[19075, 19074, 19074, 19074, 19074]	[19118, 19118, 19118, 19117, 19117]		
3312.08675	2.5410000000001673	epochs															maze_arm	218.0
3314.6495	7.021499999999833	epochs															feedback_and_iti	218.0
3314.6495	0.98700000000008	epochs															feedback_delay	218.0
3315.658	1.975500000000011	epochs															feedback	218.0
3317.67525	3.9957500000000437	epochs															iti	218.0
3321.6925	9.69250000000011	epochs															maze	219.0
3321.6925	5.78125	epochs															maze_stem	219.0
3321.71275	14.893999999999778	trials	True	False	False	False	True	True	[0.5750594735145569, 0.4249405264854431, 0.5670003294944763, 0.43299970030784607]	0.00805915892124176	-0.142059788107872	-0.004029586911201477	-0.07102988660335541	0.4249405264854431	[19161, 19161, 19161, 19161, 19161]	[19218, 19218, 19218, 19218, 19218]		
3327.4925	3.892500000000382	epochs															maze_arm	219.0
3331.406	5.181250000000091	epochs															feedback_and_iti	219.0
3331.406	0.9980000000000473	epochs															feedback_delay	219.0
3332.42475	1.9789999999998145	epochs															feedback	219.0
3334.59525	1.9920000000001892	epochs															iti	219.0
3336.60675	9.514250000000175	epochs															maze	220.0
3336.60675	5.789000000000215	epochs															maze_stem	220.0
3336.62525	16.546499999999924	trials	False	False	False	True	True	False	[0.42413946986198425, 0.5758605003356934, 0.5994635224342346, 0.40053650736808777]	-0.17532402276992798	-0.023602992296218872	-0.0876619964838028	-0.011801496148109436	0.40053650736808777	[19251, 19251, 19250, 19250, 19250]	[19307, 19307, 19306, 19306, 19306]		
3342.41625	3.7047499999998763	epochs															maze_arm	220.0
3346.1375	7.015250000000378	epochs															feedback_and_iti	220.0
3346.1375	0.9852500000001783	epochs															feedback_delay	220.0
3347.1395	1.9912499999995816	epochs															feedback	220.0
3349.1675	3.9852500000001783	epochs															iti	220.0
3353.17175	6.995750000000044	epochs															maze	221.0
3353.17175	4.894000000000233	epochs															maze_stem	221.0
3353.1935	12.174250000000029	trials	False	False	False	True	False	True	[0.2581830322742462, 0.7418169975280762, 0.3613815903663635, 0.6386184096336365]	-0.1031985729932785	0.38043539226055145	0.051599279046058655	-0.19021768867969513	0.3613815903663635	[19350, 19350, 19350, 19349, 19349]	[19391, 19391, 19391, 19390, 19390]		
3358.08225	2.0852500000000873	epochs															maze_arm	221.0
3360.1815	5.166999999999916	epochs															feedback_and_iti	221.0
3360.1815	0.9872499999996762	epochs															feedback_delay	221.0
3361.184	1.9894999999996799	epochs															feedback	221.0
3363.35825	1.9902499999998327	epochs															iti	221.0
3365.36775	6.9210000000002765	epochs															maze	222.0
3365.36775	5.640249999999924	epochs															maze_stem	222.0
3365.3855	12.101500000000215	trials	False	False	False	True	False	True	[0.3933320641517639, 0.6066679954528809, 0.6951318979263306, 0.30486807227134705]	-0.30179987847805023	-0.08846394717693329	0.15089991688728333	0.04423198103904724	0.6951318979263306	[19423, 19423, 19423, 19423, 19422]	[19464, 19464, 19463, 19463, 19463]		
3371.02675	1.262000000000171	epochs															maze_arm	222.0
3372.30475	5.163500000000113	epochs															feedback_and_iti	222.0
3372.30475	0.9837500000003274	epochs															feedback_delay	222.0
3373.3065	1.98700000000008	epochs															feedback	222.0
3375.493	1.97524999999996	epochs															iti	222.0
3377.487	8.140750000000025	epochs															maze	223.0
3377.487	5.7042499999997744	epochs															maze_stem	223.0
3377.5075	13.32174999999961	trials	False	False	False	False	True	True	[0.36987975239753723, 0.6301202178001404, 0.7533666491508484, 0.2466333508491516]	-0.38348688185214996	-0.12324641644954681	0.19174343347549438	-0.061623215675354004	0.6301202178001404	[19496, 19496, 19495, 19495, 19495]	[19544, 19543, 19543, 19543, 19543]		
3383.212	2.4157500000001164	epochs															maze_arm	223.0
3385.64925	5.154750000000149	epochs															feedback_and_iti	223.0
3385.64925	0.9890000000000327	epochs															feedback_delay	223.0
3386.66025	1.9692500000001019	epochs															feedback	223.0
3388.8165	1.987500000000182	epochs															iti	223.0
3390.82925	8.153250000000298	epochs															maze	224.0
3390.82925	6.2215000000001055	epochs															maze_stem	224.0
3390.85	13.336999999999989	trials	True	False	False	True	False	True	[0.15322233736515045, 0.8467776775360107, 0.6520591974258423, 0.3479408025741577]	-0.49883686751127243	0.19471847265958786	0.24941843003034592	-0.09735923260450363	0.6520591974258423	[19576, 19576, 19575, 19575, 19575]	[19624, 19624, 19623, 19623, 19623]		
3397.07075	1.911750000000211	epochs															maze_arm	224.0
3399.0035	5.1645000000003165	epochs															feedback_and_iti	224.0
3399.0035	0.9922500000002401	epochs															feedback_delay	224.0
3400.0175	1.9845000000000255	epochs															feedback	224.0
3402.18025	1.9877500000002328	epochs															iti	224.0
3404.187	17.520750000000135	epochs															maze	225.0
3404.187	15.719000000000051	epochs															maze_stem	225.0
3404.20725	24.577000000000226	trials	False	False	False	False	False	False	[0.2787202298641205, 0.7212797999382019, 0.7465434074401855, 0.25345656275749207]	-0.46782320737838745	-0.02526363730430603	-0.23391158878803253	0.012631818652153015	0.2787202298641205	[19656, 19656, 19656, 19655, 19655]	[19760, 19760, 19760, 19759, 19759]		
3419.92675	1.780999999999949	epochs															maze_arm	225.0
3421.73025	7.036250000000109	epochs															feedback_and_iti	225.0
3421.73025	0.9902499999998327	epochs															feedback_delay	225.0
3422.741	1.9895000000001346	epochs															feedback	225.0
3424.77275	3.993750000000091	epochs															iti	225.0
3428.78425	7.61324999999988	epochs															maze	226.0
3428.78425	5.744999999999891	epochs															maze_stem	226.0
3428.8025	12.799750000000131	trials	False	False	False	True	False	True	[0.4826923906803131, 0.5173076391220093, 0.6925163269042969, 0.3074837327003479]	-0.20982392132282257	-0.1752086728811264	0.10491196811199188	0.08760435879230499	0.6925163269042969	[19803, 19803, 19803, 19803, 19803]	[19848, 19848, 19848, 19847, 19847]		
3434.54825	1.849250000000211	epochs															maze_arm	226.0
3436.41525	5.166000000000167	epochs															feedback_and_iti	226.0
3436.41525	0.9987500000002001	epochs															feedback_delay	226.0
3437.42925	1.9847500000000764	epochs															feedback	226.0
3439.591	1.9902500000002874	epochs															iti	226.0
3441.60225	8.340750000000298	epochs															maze	227.0
3441.60225	6.76700000000028	epochs															maze_stem	227.0
3441.623	15.417500000000018	trials	False	False	False	False	False	False	[0.4730369746685028, 0.5269630551338196, 0.7862656116485596, 0.213734433054924]	-0.31322862952947617	-0.2593025490641594	-0.15661431849002838	0.1296512931585312	0.4730369746685028	[19880, 19880, 19880, 19880, 19879]	[19929, 19929, 19929, 19929, 19929]		
3448.38825	1.55475000000024	epochs															maze_arm	227.0
3449.96525	7.0532499999999345	epochs															feedback_and_iti	227.0
3449.96525	0.9837499999998727	epochs															feedback_delay	227.0
3450.971	1.9899999999997817	epochs															feedback	227.0
3453.0005	4.018000000000029	epochs															iti	227.0
3457.0405	7.351749999999811	epochs															maze	228.0
3457.0405	4.837999999999738	epochs															maze_stem	228.0
3457.059	14.381249999999909	trials	False	False	False	True	True	False	[0.532383382320404, 0.46761661767959595, 0.6767100691795349, 0.3232899308204651]	-0.14432668685913086	-0.20909345149993896	-0.07216334342956543	-0.10454672574996948	0.3232899308204651	[19973, 19973, 19972, 19972, 19972]	[20016, 20016, 20016, 20015, 20015]		
3461.89725	2.494999999999891	epochs															maze_arm	228.0
3464.41025	7.012000000000171	epochs															feedback_and_iti	228.0
3464.41025	0.9837499999998727	epochs															feedback_delay	228.0
3465.412	1.98700000000008	epochs															feedback	228.0
3467.43375	3.988499999999931	epochs															iti	228.0
3471.44025	6.6792499999996835	epochs															maze	229.0
3471.44025	4.632499999999709	epochs															maze_stem	229.0
3471.459	13.709000000000287	trials	False	False	False	True	True	False	[0.298398494720459, 0.701601505279541, 0.4469466507434845, 0.5530533194541931]	-0.1485481709241867	0.2546548396348953	-0.07427409291267395	0.12732741236686707	0.5530533194541931	[20059, 20059, 20059, 20059, 20058]	[20098, 20098, 20098, 20098, 20097]		
3476.0905	2.0289999999999964	epochs															maze_arm	229.0
3478.13475	7.014499999999771	epochs															feedback_and_iti	229.0
3478.13475	0.9864999999999782	epochs															feedback_delay	229.0
3479.13625	1.99350000000004	epochs															feedback	229.0
3481.166	3.983249999999771	epochs															iti	229.0
3485.168	7.577499999999873	epochs															maze	230.0
3485.168	5.117749999999887	epochs															maze_stem	230.0
3485.18475	12.767499999999927	trials	False	False	False	True	False	True	[0.2968013286590576, 0.7031987309455872, 0.42653772234916687, 0.5734622478485107]	-0.12973643839359283	0.2766609638929367	0.06486819684505463	-0.13833047449588776	0.42653772234916687	[20141, 20141, 20141, 20141, 20141]	[20186, 20186, 20186, 20185, 20185]		
3490.3045	2.4409999999998035	epochs															maze_arm	230.0
3492.76275	5.16800000000012	epochs															feedback_and_iti	230.0
3492.76275	0.9855000000002292	epochs															feedback_delay	230.0
3493.76575	1.98700000000008	epochs															feedback	230.0
3495.93875	1.9920000000001892	epochs															iti	230.0
3497.95225	6.998250000000098	epochs															maze	231.0
3497.95225	5.1892500000003565	epochs															maze_stem	231.0
3497.9725	14.030750000000353	trials	False	False	False	False	False	False	[0.3622385859489441, 0.6377613544464111, 0.7464500665664673, 0.2535499334335327]	-0.3842114508152008	-0.10868868231773376	-0.1921057403087616	0.05434432625770569	0.3622385859489441	[20218, 20218, 20218, 20217, 20217]	[20259, 20259, 20259, 20259, 20258]		
3503.16225	1.7882500000000618	epochs															maze_arm	231.0
3504.97225	7.01050000000032	epochs															feedback_and_iti	231.0
3504.97225	0.9819999999999709	epochs															feedback_delay	231.0
3505.977	1.9750000000003638	epochs															feedback	231.0
3507.9905	3.99225000000024	epochs															iti	231.0
3512.00325	8.935249999999996	epochs															maze	232.0
3512.00325	6.183249999999589	epochs															maze_stem	232.0
3512.024	14.14975000000004	trials	False	False	False	False	True	True	[0.46776652336120605, 0.532233476638794, 0.6487854719161987, 0.35121452808380127]	-0.18101894855499268	-0.11655199527740479	0.09050947427749634	-0.05827599763870239	0.532233476638794	[20302, 20302, 20302, 20302, 20302]	[20355, 20355, 20355, 20354, 20354]		
3518.207	2.731500000000324	epochs															maze_arm	232.0
3520.96	5.188999999999851	epochs															feedback_and_iti	232.0
3520.96	0.9927499999998872	epochs															feedback_delay	232.0
3521.97475	1.9790000000002692	epochs															feedback	232.0
3524.15175	1.9972499999998945	epochs															iti	232.0
3526.17375	8.405250000000251	epochs															maze	233.0
3526.17375	6.800000000000182	epochs															maze_stem	233.0
3526.19775	13.582250000000386	trials	True	False	False	True	False	True	[0.3672798275947571, 0.6327201724052429, 0.6198035478591919, 0.3801964521408081]	-0.2525237202644348	0.012916624546051025	0.1262618601322174	-0.006458312273025513	0.6198035478591919	[20387, 20387, 20387, 20387, 20387]	[20437, 20437, 20436, 20436, 20436]		
3532.992	1.586999999999989	epochs															maze_arm	233.0
3534.60075	5.158500000000004	epochs															feedback_and_iti	233.0
3534.60075	0.9877499999997781	epochs															feedback_delay	233.0
3535.609	1.97400000000016	epochs															feedback	233.0
3537.7725	1.986750000000029	epochs															iti	233.0
3539.78	7.802749999999833	epochs															maze	234.0
3539.78	5.5284999999998945	epochs															maze_stem	234.0
3539.7985	12.987750000000233	trials	False	False	False	True	False	True	[0.27900487184524536, 0.7209951281547546, 0.6938597559928894, 0.3061402440071106]	-0.41485488414764404	0.027135372161865234	0.20742744207382202	-0.013567686080932617	0.6938597559928894	[20469, 20469, 20468, 20468, 20468]	[20515, 20515, 20514, 20514, 20514]		
3545.327	2.255749999999807	epochs															maze_arm	234.0
3547.6075	5.157749999999851	epochs															feedback_and_iti	234.0
3547.6075	0.9744999999998072	epochs															feedback_delay	234.0
3548.601	1.9852499999997235	epochs															feedback	234.0
3550.789	1.976249999999709	epochs															iti	234.0
3552.78625	7.767249999999876	epochs															maze	235.0
3552.78625	6.117499999999836	epochs															maze_stem	235.0
3552.80675	14.845749999999953	trials	False	False	False	False	False	False	[0.25030454993247986, 0.7496954798698425, 0.7650184035301208, 0.23498162627220154]	-0.514713853597641	-0.01532292366027832	-0.2573569267988205	0.007661476731300354	0.25030454993247986	[20547, 20547, 20546, 20546, 20546]	[20593, 20592, 20592, 20592, 20592]		
3558.92375	1.6297500000000582	epochs															maze_arm	235.0
3560.57575	7.051750000000084	epochs															feedback_and_iti	235.0
3560.57575	0.980750000000171	epochs															feedback_delay	235.0
3561.58	1.9920000000001892	epochs															feedback	235.0
3563.61075	4.016750000000229	epochs															iti	235.0
3567.6525	8.435749999999643	epochs															maze	236.0
3567.6525	6.49474999999984	epochs															maze_stem	236.0
3567.674	13.643750000000182	trials	False	False	False	False	True	True	[0.457180917263031, 0.542819082736969, 0.7170451283454895, 0.2829548120498657]	-0.2598642408847809	-0.1742260754108429	0.12993213534355164	-0.08711305260658264	0.542819082736969	[20636, 20636, 20636, 20635, 20635]	[20686, 20685, 20685, 20685, 20685]		
3574.16775	1.9204999999997199	epochs															maze_arm	236.0
3576.11	5.1875	epochs															feedback_and_iti	236.0
3576.11	0.9890000000000327	epochs															feedback_delay	236.0
3577.12125	1.9864999999999782	epochs															feedback	236.0
3579.297	2.000500000000102	epochs															iti	236.0
3581.31775	8.53899999999976	epochs															maze	237.0
3581.31775	6.831499999999778	epochs															maze_stem	237.0
3581.336	13.738750000000437	trials	True	False	False	True	False	True	[0.35965538024902344, 0.6403446197509766, 0.6451371908187866, 0.354862779378891]	-0.2854818254709244	-0.0047925859689712524	0.1427409052848816	0.0023962855339050293	0.6451371908187866	[20718, 20718, 20718, 20717, 20717]	[20768, 20768, 20768, 20768, 20767]		
3588.169	1.687750000000051	epochs															maze_arm	237.0
3589.87775	5.176750000000084	epochs															feedback_and_iti	237.0
3589.87775	0.994499999999789	epochs															feedback_delay	237.0
3590.89125	1.9832499999997708	epochs															feedback	237.0
3593.07975	1.9747500000003129	epochs															iti	237.0
3595.07475	9.804499999999734	epochs															maze	238.0
3595.07475	8.268249999999625	epochs															maze_stem	238.0
3595.09275	15.008500000000367	trials	True	False	False	True	False	True	[0.2820345461368561, 0.7179654836654663, 0.7095622420310974, 0.290437787771225]	-0.42752769589424133	0.008403241634368896	0.21376384794712067	-0.004201605916023254	0.7095622420310974	[20800, 20800, 20800, 20800, 20800]	[20858, 20858, 20858, 20858, 20857]		
3603.364	1.5152499999999236	epochs															maze_arm	238.0
3604.901	5.180749999999989	epochs															feedback_and_iti	238.0
3604.901	0.9892500000000837	epochs															feedback_delay	238.0
3605.91125	1.9842499999999745	epochs															feedback	238.0
3608.09325	1.9884999999999309	epochs															iti	238.0
3610.10125	8.893249999999625	epochs															maze	239.0
3610.10125	7.3409999999998945	epochs															maze_stem	239.0
3610.1195	14.094500000000153	trials	False	False	False	True	False	True	[0.30523478984832764, 0.6947652101516724, 0.7492424845695496, 0.25075748562812805]	-0.4440077096223831	-0.05447728931903839	0.22200384736061096	0.0272386372089386	0.7492424845695496	[20891, 20890, 20890, 20890, 20890]	[20943, 20943, 20942, 20942, 20942]		
3617.4605	1.5339999999996508	epochs															maze_arm	239.0
3619.01175	5.180749999999989	epochs															feedback_and_iti	239.0
3619.01175	0.9892500000000837	epochs															feedback_delay	239.0
3620.01975	1.9920000000001892	epochs															feedback	239.0
3622.19475	1.9977499999999964	epochs															iti	239.0
3624.214	9.302999999999884	epochs															maze	240.0
3624.214	5.873250000000098	epochs															maze_stem	240.0
3624.23675	14.495499999999993	trials	True	False	False	False	True	True	[0.3231891691684723, 0.6768108010292053, 0.7723910212516785, 0.2276090532541275]	-0.449201799929142	-0.09558016806840897	0.2246008738875389	-0.04779007285833359	0.6768108010292053	[20975, 20975, 20975, 20975, 20974]	[21030, 21030, 21030, 21029, 21029]		
3630.10675	3.4102499999999054	epochs															maze_arm	240.0
3633.53825	5.174750000000131	epochs															feedback_and_iti	240.0
3633.53825	0.9829999999997199	epochs															feedback_delay	240.0
3634.5415	1.9962500000001455	epochs															feedback	240.0
3636.731	1.981999999999971	epochs															iti	240.0
3638.73225	9.938250000000153	epochs															maze	241.0
3638.73225	8.32549999999992	epochs															maze_stem	241.0
3638.75125	15.118000000000393	trials	False	False	False	True	False	True	[0.20250487327575684, 0.7974951267242432, 0.6794243454933167, 0.32057565450668335]	-0.4769194722175598	0.11807078123092651	0.2384597361087799	-0.05903539061546326	0.6794243454933167	[21062, 21062, 21062, 21062, 21061]	[21121, 21121, 21120, 21120, 21120]		
3647.07625	1.5942500000001019	epochs															maze_arm	241.0
3648.68575	5.16274999999996	epochs															feedback_and_iti	241.0
3648.68575	0.9922499999997854	epochs															feedback_delay	241.0
3649.694	1.9837499999998727	epochs															feedback	241.0
3651.86075	1.9877500000002328	epochs															iti	241.0
3653.86925	9.368749999999636	epochs															maze	242.0
3653.86925	7.767499999999927	epochs															maze_stem	242.0
3653.88725	14.56399999999985	trials	True	False	False	True	False	True	[0.22678546607494354, 0.77321457862854, 0.784171998500824, 0.21582798659801483]	-0.5573865622282028	-0.010957449674606323	0.2786932662129402	0.0054787322878837585	0.784171998500824	[21153, 21153, 21153, 21152, 21152]	[21208, 21208, 21208, 21208, 21207]		
3661.6565	1.581499999999778	epochs															maze_arm	242.0
3663.25875	5.171499999999924	epochs															feedback_and_iti	242.0
3663.25875	0.98824999999988	epochs															feedback_delay	242.0
3664.268	1.9830000000001746	epochs															feedback	242.0
3666.43525	1.9949999999998909	epochs															iti	242.0
3668.45125	8.03625000000011	epochs															maze	243.0
3668.45125	6.706000000000131	epochs															maze_stem	243.0
3668.47125	15.067999999999756	trials	False	False	False	False	False	False	[0.2697444558143616, 0.7302555441856384, 0.7646421790122986, 0.2353578358888626]	-0.4948977157473564	-0.03438662737607956	-0.2474488615989685	0.017193317413330078	0.2697444558143616	[21240, 21240, 21240, 21240, 21240]	[21288, 21287, 21287, 21287, 21287]		
3675.1775	1.3100000000004002	epochs															maze_arm	243.0
3676.50875	7.012749999999869	epochs															feedback_and_iti	243.0
3676.50875	0.9887499999999818	epochs															feedback_delay	243.0
3677.52025	1.9729999999999563	epochs															feedback	243.0
3679.5335	3.987999999999829	epochs															iti	243.0
3683.53925	6.424250000000029	epochs															maze	244.0
3683.53925	4.740250000000287	epochs															maze_stem	244.0
3683.56125	11.605499999999665	trials	False	False	False	True	False	True	[0.47164690494537354, 0.5283530950546265, 0.7113544940948486, 0.28864553570747375]	-0.2397075742483139	-0.18300138413906097	0.11985379457473755	0.09150069952011108	0.7113544940948486	[21331, 21331, 21330, 21330, 21330]	[21368, 21368, 21368, 21368, 21368]		
3688.2965	1.6669999999999163	epochs															maze_arm	244.0
3689.98	5.165750000000116	epochs															feedback_and_iti	244.0
3689.98	0.9875000000001819	epochs															feedback_delay	244.0
3690.98275	1.987749999999778	epochs															feedback	244.0
3693.16475	1.981000000000222	epochs															iti	244.0
3695.16675	9.471000000000004	epochs															maze	245.0
3695.16675	7.8650000000002365	epochs															maze_stem	245.0
3695.18675	14.653250000000298	trials	True	False	False	True	False	True	[0.4501296877861023, 0.5498703122138977, 0.7933050394058228, 0.20669497549533844]	-0.34317534416913986	-0.24343471974134445	0.17158767580986023	0.12171736359596252	0.7933050394058228	[21401, 21400, 21400, 21400, 21400]	[21456, 21456, 21456, 21456, 21456]		
3703.05325	1.5844999999999345	epochs															maze_arm	245.0
3704.6585	5.162249999999858	epochs															feedback_and_iti	245.0
3704.6585	0.9902499999998327	epochs															feedback_delay	245.0
3705.67025	1.9789999999998145	epochs															feedback	245.0
3707.8325	1.98824999999988	epochs															iti	245.0
3709.84	7.859999999999673	epochs															maze	246.0
3709.84	5.582750000000033	epochs															maze_stem	246.0
3709.8605	13.040000000000418	trials	False	False	False	False	True	True	[0.27843958139419556, 0.7215604782104492, 0.7546924352645874, 0.2453075796365738]	-0.47625287622213364	-0.033131979405879974	0.2381264492869377	-0.016565971076488495	0.7215604782104492	[21489, 21488, 21488, 21488, 21488]	[21535, 21534, 21534, 21534, 21534]		
3715.442	2.257999999999811	epochs															maze_arm	246.0
3717.7225	5.157250000000204	epochs															feedback_and_iti	246.0
3717.7225	0.9842499999999745	epochs															feedback_delay	246.0
3718.72875	1.9727499999999054	epochs															feedback	246.0
3720.89125	1.9884999999999309	epochs															iti	246.0
3722.9005	9.489249999999629	epochs															maze	247.0
3722.9005	6.686999999999898	epochs															maze_stem	247.0
3722.9225	14.663499999999658	trials	False	False	False	False	True	True	[0.16268248856067657, 0.8373175263404846, 0.707028865814209, 0.2929711937904358]	-0.5443463549017906	0.13028868287801743	0.2721731662750244	0.0651443600654602	0.8373175263404846	[21567, 21567, 21566, 21566, 21566]	[21623, 21623, 21622, 21622, 21622]		
3729.60775	2.781999999999698	epochs															maze_arm	247.0
3732.412	5.154500000000098	epochs															feedback_and_iti	247.0
3732.412	0.9900000000002365	epochs															feedback_delay	247.0
3733.4245	1.96875	epochs															feedback	247.0
3735.578	1.9884999999999309	epochs															iti	247.0
3737.586	10.407500000000255	epochs															maze	248.0
3737.586	8.6225000000004	epochs															maze_stem	248.0
3737.6045	15.584749999999985	trials	False	False	False	True	False	True	[0.11220253258943558, 0.8877974152565002, 0.6293433904647827, 0.3706566095352173]	-0.517140831798315	0.2584540508687496	0.25857042893767357	-0.12922703847289085	0.6293433904647827	[21655, 21655, 21654, 21654, 21654]	[21716, 21716, 21716, 21716, 21716]		
3746.22775	1.7657500000000255	epochs															maze_arm	248.0
3748.011	5.1550000000002	epochs															feedback_and_iti	248.0
3748.011	0.9994999999998981	epochs															feedback_delay	248.0
3749.028	1.9655000000002474	epochs															feedback	248.0
3751.17675	1.9892500000000837	epochs															iti	248.0
3753.18925	9.884500000000116	epochs															maze	249.0
3753.18925	8.302250000000186	epochs															maze_stem	249.0
3753.20975	15.090250000000196	trials	True	False	False	True	False	True	[0.19367451965808868, 0.8063254952430725, 0.7954521179199219, 0.20454786717891693]	-0.6017776131629944	0.010873362421989441	0.3008887991309166	-0.0054366812109947205	0.7954521179199219	[21748, 21748, 21748, 21748, 21748]	[21807, 21807, 21806, 21806, 21806]		
3761.5115	1.562249999999949	epochs															maze_arm	249.0
3763.09425	5.17450000000008	epochs															feedback_and_iti	249.0
3763.09425	0.9960000000000946	epochs															feedback_delay	249.0
3764.1115	1.9744999999998072	epochs															feedback	249.0
3766.27675	1.9920000000001892	epochs															iti	249.0
3768.3	7.686999999999898	epochs															maze	250.0
3768.3	5.4669999999996435	epochs															maze_stem	250.0
3768.324	14.735749999999825	trials	False	False	False	False	False	False	[0.25873836874961853, 0.7412616014480591, 0.7882462739944458, 0.2117537260055542]	-0.5295078903436661	-0.046984657645225525	-0.26475395262241364	0.023492321372032166	0.25873836874961853	[21839, 21839, 21839, 21838, 21838]	[21884, 21884, 21884, 21884, 21883]		
3773.787	2.200000000000273	epochs															maze_arm	250.0
3776.0085	7.027250000000095	epochs															feedback_and_iti	250.0
3776.0085	0.9970000000002983	epochs															feedback_delay	250.0
3777.028	1.9652500000001965	epochs															feedback	250.0
3779.03475	4.001000000000204	epochs															iti	250.0
3783.05975	6.567250000000058	epochs															maze	251.0
3783.05975	4.765000000000327	epochs															maze_stem	251.0
3783.08025	11.756750000000011	trials	False	False	False	True	False	True	[0.45289158821105957, 0.5471084117889404, 0.7244886159896851, 0.27551141381263733]	-0.2715970128774643	-0.17738018929958344	0.13579851388931274	0.08869010210037231	0.7244886159896851	[21928, 21927, 21927, 21927, 21927]	[21966, 21966, 21966, 21965, 21965]		
3787.84125	1.7857500000000073	epochs															maze_arm	251.0
3789.643	5.1717499999999745	epochs															feedback_and_iti	251.0
3789.643	0.9859999999998763	epochs															feedback_delay	251.0
3790.6455	1.9974999999999454	epochs															feedback	251.0
3792.827	1.987749999999778	epochs															iti	251.0
3794.837	9.019249999999829	epochs															maze	252.0
3794.837	7.454749999999876	epochs															maze_stem	252.0
3794.857	14.216499999999996	trials	True	False	False	True	False	True	[0.4210204780101776, 0.5789795517921448, 0.8053910732269287, 0.19460895657539368]	-0.3843705952167511	-0.22641152143478394	0.19218529760837555	0.11320577561855316	0.8053910732269287	[21998, 21998, 21998, 21998, 21997]	[22051, 22051, 22051, 22051, 22050]		
3802.312	1.54424999999992	epochs															maze_arm	252.0
3803.878	5.175999999999931	epochs															feedback_and_iti	252.0
3803.878	0.9992499999998472	epochs															feedback_delay	252.0
3804.89925	1.967750000000251	epochs															feedback	252.0
3807.08175	1.9722500000002583	epochs															iti	252.0
3809.0735	8.045750000000226	epochs															maze	253.0
3809.0735	6.362500000000182	epochs															maze_stem	253.0
3809.0905	13.242500000000291	trials	False	False	False	True	False	True	[0.27386561036109924, 0.7261344194412231, 0.7761478424072266, 0.22385215759277344]	-0.5022822469472885	-0.05001343786716461	0.25114111602306366	0.025006726384162903	0.7761478424072266	[22083, 22083, 22083, 22083, 22083]	[22131, 22131, 22130, 22130, 22130]		
3815.45475	1.6645000000003165	epochs															maze_arm	253.0
3817.13425	5.177999999999884	epochs															feedback_and_iti	253.0
3817.13425	0.98700000000008	epochs															feedback_delay	253.0
3818.137	1.9904999999998836	epochs															feedback	253.0
3820.31575	1.9964999999997417	epochs															iti	253.0
3822.333	8.335000000000036	epochs															maze	254.0
3822.333	6.699749999999767	epochs															maze_stem	254.0
3822.35325	13.53274999999985	trials	True	False	False	True	False	True	[0.24222876131534576, 0.7577712535858154, 0.8072469234466553, 0.19275304675102234]	-0.5650181844830513	-0.049475692212581635	0.28250908106565475	0.02473784238100052	0.8072469234466553	[22163, 22163, 22163, 22162, 22162]	[22212, 22212, 22212, 22211, 22211]		
3829.05325	1.6147500000001855	epochs															maze_arm	254.0
3830.689	5.17325000000028	epochs															feedback_and_iti	254.0
3830.689	0.9950000000003456	epochs															feedback_delay	254.0
3831.7055	1.968499999999949	epochs															feedback	254.0
3833.87475	1.987500000000182	epochs															iti	254.0
3835.886	7.789749999999913	epochs															maze	255.0
3835.886	6.2277500000000146	epochs															maze_stem	255.0
3835.90875	12.959499999999935	trials	True	False	False	True	False	True	[0.2772270441055298, 0.7227729558944702, 0.7913920283317566, 0.20860804617404938]	-0.5141649469733238	-0.06861903518438339	0.2570824921131134	0.03430953621864319	0.7913920283317566	[22244, 22244, 22244, 22244, 22243]	[22290, 22290, 22290, 22289, 22289]		
3842.1345	1.5412499999997635	epochs															maze_arm	255.0
3843.6955	5.153250000000298	epochs															feedback_and_iti	255.0
3843.6955	0.9982500000000982	epochs															feedback_delay	255.0
3844.7145	1.9704999999999018	epochs															feedback	255.0
3846.861	1.9877500000002328	epochs															iti	255.0
3848.86825	7.6912499999998545	epochs															maze	256.0
3848.86825	6.1340000000000146	epochs															maze_stem	256.0
3848.8875	12.880750000000262	trials	False	False	False	True	False	True	[0.29574859142303467, 0.7042514681816101, 0.8092167377471924, 0.19078320264816284]	-0.5134682059288025	-0.10496532917022705	0.25673407316207886	0.052482664585113525	0.8092167377471924	[22322, 22322, 22322, 22321, 22321]	[22367, 22367, 22367, 22367, 22366]		
3855.0215	1.538000000000011	epochs															maze_arm	256.0
3856.57625	5.168999999999869	epochs															feedback_and_iti	256.0
3856.57625	0.9760000000001128	epochs															feedback_delay	256.0
3857.5785	1.9789999999998145	epochs															feedback	256.0
3859.755	1.9902499999998327	epochs															iti	256.0
3861.76825	7.67450000000008	epochs															maze	257.0
3861.76825	5.631249999999909	epochs															maze_stem	257.0
3861.78975	14.72375000000011	trials	False	False	False	False	False	False	[0.25538304448127747, 0.7446169257164001, 0.8184666633605957, 0.18153338134288788]	-0.5630835816264153	-0.07384970039129257	-0.2815418094396591	0.036924853920936584	0.25538304448127747	[22399, 22399, 22399, 22399, 22399]	[22444, 22444, 22444, 22444, 22444]		
3867.41975	2.0230000000001382	epochs															maze_arm	257.0
3869.4645	7.023749999999836	epochs															feedback_and_iti	257.0
3869.4645	0.9907499999999345	epochs															feedback_delay	257.0
3870.477	1.9725000000003092	epochs															feedback	257.0
3872.49	3.9982500000000982	epochs															iti	257.0
3876.5135	10.933500000000095	epochs															maze	258.0
3876.5135	7.519249999999829	epochs															maze_stem	258.0
3876.5365	16.128249999999753	trials	False	False	False	False	True	True	[0.46667802333831787, 0.5333220362663269, 0.769498348236084, 0.23050165176391602]	-0.3028203547000885	-0.23617634177207947	0.15141019225120544	-0.11808815598487854	0.5333220362663269	[22488, 22488, 22487, 22487, 22487]	[22552, 22552, 22552, 22552, 22552]		
3884.053	3.394000000000233	epochs															maze_arm	258.0
3887.469	5.17450000000008	epochs															feedback_and_iti	258.0
3887.469	0.9895000000001346	epochs															feedback_delay	258.0
3888.4815	1.9785000000001673	epochs															feedback	258.0
3890.6605	1.9830000000001746	epochs															iti	258.0
3892.66475	8.081500000000233	epochs															maze	259.0
3892.66475	6.105250000000069	epochs															maze_stem	259.0
3892.68525	15.13000000000011	trials	False	False	False	False	False	False	[0.36889052391052246, 0.6311095356941223, 0.7009079456329346, 0.29909202456474304]	-0.3320174664258957	-0.06979845464229584	-0.16600871086120605	0.034899234771728516	0.36889052391052246	[22585, 22584, 22584, 22584, 22584]	[22632, 22632, 22632, 22632, 22631]		
3898.7905	1.95575000000008	epochs															maze_arm	259.0
3900.768	7.025500000000193	epochs															feedback_and_iti	259.0
3900.768	0.9847500000000764	epochs															feedback_delay	259.0
3901.775	1.9854999999997744	epochs															feedback	259.0
3903.7995	3.994000000000142	epochs															iti	259.0
3907.81525	9.171749999999975	epochs															maze	260.0
3907.81525	6.536000000000058	epochs															maze_stem	260.0
3907.8375	14.379500000000007	trials	False	False	False	False	True	True	[0.48921650648117065, 0.5107834935188293, 0.6691174507141113, 0.33088254928588867]	-0.17990094423294067	-0.15833395719528198	0.08995047211647034	-0.07916697859764099	0.5107834935188293	[22675, 22675, 22675, 22675, 22675]	[22730, 22729, 22729, 22729, 22729]		
3914.37225	2.6147500000001855	epochs															maze_arm	260.0
3917.0095	5.18100000000004	epochs															feedback_and_iti	260.0
3917.0095	0.9887499999999818	epochs															feedback_delay	260.0
3918.02025	1.9847500000000764	epochs															feedback	260.0
3920.20275	1.9877500000002328	epochs															iti	260.0
3922.217	12.297000000000025	epochs															maze	261.0
3922.217	6.408249999999953	epochs															maze_stem	261.0
3922.23725	17.498999999999796	trials	True	False	False	False	True	True	[0.39097902178764343, 0.6090209484100342, 0.6495012044906616, 0.35049885511398315]	-0.2585221379995346	-0.04048021137714386	0.1292610466480255	-0.020240098237991333	0.6090209484100342	[22762, 22762, 22761, 22761, 22761]	[22835, 22834, 22834, 22834, 22834]		
3928.64375	5.870249999999942	epochs															maze_arm	261.0
3934.5355	5.180499999999938	epochs															feedback_and_iti	261.0
3934.5355	0.9792499999998654	epochs															feedback_delay	261.0
3935.53625	1.9954999999999927	epochs															feedback	261.0
3937.7275	1.9884999999999309	epochs															iti	261.0
3939.73625	8.793500000000222	epochs															maze	262.0
3939.73625	6.598250000000007	epochs															maze_stem	262.0
3939.7555	13.959749999999985	trials	False	False	False	True	False	True	[0.18876442313194275, 0.8112355470657349, 0.6337980628013611, 0.3662019371986389]	-0.44503362476825714	0.17743749916553497	0.22251681983470917	-0.08871875703334808	0.6337980628013611	[22867, 22867, 22866, 22866, 22866]	[22919, 22918, 22918, 22918, 22918]		
3946.35325	2.1765000000000327	epochs															maze_arm	262.0
3948.54575	5.148749999999836	epochs															feedback_and_iti	262.0
3948.54575	0.9887499999999818	epochs															feedback_delay	262.0
3949.55025	1.9855000000002292	epochs															feedback	262.0
3951.71175	1.9827500000001237	epochs															iti	262.0
3953.71525	8.357749999999669	epochs															maze	263.0
3953.71525	6.6229999999995925	epochs															maze_stem	263.0
3953.73575	13.552250000000186	trials	True	False	False	True	False	True	[0.22255365550518036, 0.7774463295936584, 0.7759235501289368, 0.22407647967338562]	-0.5533698722720146	0.0015228018164634705	0.2766849473118782	-0.0007613971829414368	0.7759235501289368	[22951, 22950, 22950, 22950, 22950]	[23000, 23000, 22999, 22999, 22999]		
3960.359	1.7139999999999418	epochs															maze_arm	263.0
3962.0925	5.174999999999727	epochs															feedback_and_iti	263.0
3962.0925	0.9939999999996871	epochs															feedback_delay	263.0
3963.109	1.9787500000002183	epochs															feedback	263.0
3965.26775	1.999749999999949	epochs															iti	263.0
3967.288	10.604249999999865	epochs															maze	264.0
3967.288	9.143999999999778	epochs															maze_stem	264.0
3967.30675	15.79049999999961	trials	False	False	False	True	False	True	[0.26732712984085083, 0.732672929763794, 0.7583191394805908, 0.2416808307170868]	-0.49099205434322357	-0.025646254420280457	0.24549600481987	0.012823134660720825	0.7583191394805908	[23032, 23032, 23032, 23031, 23031]	[23095, 23094, 23094, 23094, 23094]		
3976.44925	1.4429999999997563	epochs															maze_arm	264.0
3977.9095	5.168499999999767	epochs															feedback_and_iti	264.0
3977.9095	0.9992499999998472	epochs															feedback_delay	264.0
3978.926	1.9827500000001237	epochs															feedback	264.0
3981.088	1.9899999999997817	epochs															iti	264.0
3983.09725	18.139250000000175	epochs															maze	265.0
3983.09725	14.689500000000407	epochs															maze_stem	265.0
3983.11875	23.31275000000005	trials	False	False	False	False	True	True	[0.24921996891498566, 0.7507800459861755, 0.7823577523231506, 0.21764224767684937]	-0.5331377908587456	-0.031577713787555695	0.2665688991546631	-0.01578885316848755	0.7507800459861755	[23127, 23127, 23126, 23126, 23126]	[23235, 23234, 23234, 23234, 23234]		
3997.808	3.4284999999999854	epochs															maze_arm	265.0
4001.258	5.1537500000004	epochs															feedback_and_iti	265.0
4001.258	0.9860000000003311	epochs															feedback_delay	265.0
4002.26625	1.9794999999999163	epochs															feedback	265.0
4004.4265	1.9852500000001783	epochs															iti	265.0
4006.4315	10.827749999999924	epochs															maze	266.0
4006.4315	7.9164999999998145	epochs															maze_stem	266.0
4006.44825	17.859249999999975	trials	False	False	False	True	True	False	[0.1414860635995865, 0.8585138916969299, 0.7037761211395264, 0.296223908662796]	-0.5622900202870369	0.15473780781030655	-0.28114499151706696	0.07736890017986298	0.296223908662796	[23267, 23267, 23266, 23266, 23266]	[23331, 23331, 23330, 23330, 23330]		
4014.36675	2.8924999999999272	epochs															maze_arm	266.0
4017.27575	7.010250000000269	epochs															feedback_and_iti	266.0
4017.27575	0.9845000000000255	epochs															feedback_delay	266.0
4018.2775	1.9862499999999272	epochs															feedback	266.0
4020.299	3.98700000000008	epochs															iti	266.0
4024.3075	9.17325000000028	epochs															maze	267.0
4024.3075	7.478750000000218	epochs															maze_stem	267.0
4024.32825	14.375500000000102	trials	True	False	False	True	False	True	[0.21448494493961334, 0.7855150699615479, 0.4831521511077881, 0.5168478488922119]	-0.26866721361875534	0.30236291140317917	0.13433360308408737	-0.15118145197629929	0.4831521511077881	[23374, 23374, 23374, 23373, 23373]	[23428, 23428, 23428, 23427, 23427]		
4031.8065	1.674250000000029	epochs															maze_arm	267.0
4033.50025	5.182749999999942	epochs															feedback_and_iti	267.0
4033.50025	0.9969999999998436	epochs															feedback_delay	267.0
4034.5195	1.97400000000016	epochs															feedback	267.0
4036.698	1.9850000000001273	epochs															iti	267.0
4038.70375	14.333749999999782	epochs															maze	268.0
4038.70375	10.827249999999822	epochs															maze_stem	268.0
4038.724	19.55049999999983	trials	True	False	False	False	True	True	[0.24809691309928894, 0.7519030570983887, 0.711471438407898, 0.28852859139442444]	-0.4633744955062866	0.04043164849281311	0.23168723285198212	0.020215824246406555	0.7519030570983887	[23460, 23460, 23460, 23460, 23459]	[23545, 23545, 23545, 23545, 23544]		
4049.5495	3.487999999999829	epochs															maze_arm	268.0
4053.0585	5.190499999999702	epochs															feedback_and_iti	268.0
4053.0585	0.994499999999789	epochs															feedback_delay	268.0
4054.0745	1.9809999999997672	epochs															feedback	268.0
4056.251	1.9979999999995925	epochs															iti	268.0
4058.2745	9.272249999999985	epochs															maze	269.0
4058.2745	7.672500000000127	epochs															maze_stem	269.0
4058.29325	14.483499999999822	trials	True	False	False	True	False	True	[0.14229021966457367, 0.8577097654342651, 0.6471437811851501, 0.3528561592102051]	-0.5048535838723183	0.2105659618973732	0.25242678076028824	-0.10528299957513809	0.6471437811851501	[23578, 23577, 23577, 23577, 23577]	[23632, 23632, 23632, 23632, 23631]		
4065.9665	1.5802499999999782	epochs															maze_arm	269.0
4067.56875	5.1837500000001455	epochs															feedback_and_iti	269.0
4067.56875	0.9847500000000764	epochs															feedback_delay	269.0
4068.57525	1.987250000000131	epochs															feedback	269.0
4070.7525	2.0	epochs															iti	269.0
4072.77675	13.677000000000135	epochs															maze	270.0
4072.77675	10.442250000000058	epochs															maze_stem	270.0
4072.7975	18.856249999999818	trials	True	False	False	False	True	True	[0.2631993889808655, 0.7368006706237793, 0.7580573558807373, 0.2419426292181015]	-0.4948580041527748	-0.021256722509860992	0.2474290207028389	-0.0106283500790596	0.7368006706237793	[23665, 23664, 23664, 23664, 23664]	[23746, 23745, 23745, 23745, 23745]		
4083.23875	3.2150000000001455	epochs															maze_arm	270.0
4086.475	5.156500000000051	epochs															feedback_and_iti	270.0
4086.475	0.9922500000002401	epochs															feedback_delay	270.0
4087.48925	1.969000000000051	epochs															feedback	270.0
4089.64725	1.9842499999999745	epochs															iti	270.0
4091.65375	10.873250000000098	epochs															maze	271.0
4091.65375	8.118249999999989	epochs															maze_stem	271.0
4091.6775	16.055250000000342	trials	False	False	False	False	True	True	[0.16311074793338776, 0.8368892669677734, 0.7012563943862915, 0.2987435758113861]	-0.5381456688046455	0.13563285022974014	0.26907284557819366	0.06781642138957977	0.8368892669677734	[23778, 23778, 23777, 23777, 23777]	[23842, 23842, 23842, 23841, 23841]		
4099.79325	2.7337500000003274	epochs															maze_arm	271.0
4102.54675	5.164999999999964	epochs															feedback_and_iti	271.0
4102.54675	0.9824999999991633	epochs															feedback_delay	271.0
4103.54975	1.9844999999995707	epochs															feedback	271.0
4105.725	1.986750000000029	epochs															iti	271.0
4107.73275	8.801499999999578	epochs															maze	272.0
4107.73275	7.271499999999833	epochs															maze_stem	272.0
4107.7535	13.989000000000487	trials	True	False	False	True	False	True	[0.11267178505659103, 0.8873281478881836, 0.6555371284484863, 0.3444628417491913]	-0.5428653247654438	0.23179103806614876	0.27143267169594765	-0.11589554324746132	0.6555371284484863	[23874, 23874, 23874, 23874, 23873]	[23926, 23926, 23926, 23925, 23925]		
4115.024	1.5102499999993597	epochs															maze_arm	272.0
4116.55525	5.162499999999454	epochs															feedback_and_iti	272.0
4116.55525	0.9919999999992797	epochs															feedback_delay	272.0
4117.568	1.9774999999999636	epochs															feedback	272.0
4119.73025	1.987500000000182	epochs															iti	272.0
4121.7425	8.782749999999396	epochs															maze	273.0
4121.7425	7.307749999999942	epochs															maze_stem	273.0
4121.76275	13.989999999999782	trials	True	False	False	True	False	True	[0.2606939673423767, 0.7393060922622681, 0.7598795890808105, 0.24012039601802826]	-0.4991856589913368	-0.020573534071445465	0.24959281086921692	0.010286778211593628	0.7598795890808105	[23958, 23958, 23958, 23958, 23957]	[24010, 24010, 24009, 24009, 24009]		
4129.07075	1.4544999999998254	epochs															maze_arm	273.0
4130.5445	5.186999999999898	epochs															feedback_and_iti	273.0
4130.5445	0.9967500000002474	epochs															feedback_delay	273.0
4131.563	1.9794999999994616	epochs															feedback	273.0
4133.74025	1.9912500000000364	epochs															iti	273.0
4135.75275	11.521999999999935	epochs															maze	274.0
4135.75275	8.475750000000517	epochs															maze_stem	274.0
4135.77425	16.711749999999483	trials	False	False	False	False	True	True	[0.2729639708995819, 0.7270360589027405, 0.796893835067749, 0.20310620963573456]	-0.5239298567175865	-0.06985776871442795	0.26196492463350296	-0.03492886573076248	0.7270360589027405	[24042, 24042, 24042, 24042, 24041]	[24110, 24110, 24110, 24110, 24109]		
4144.24775	3.026999999999134	epochs															maze_arm	274.0
4147.29525	5.16924999999992	epochs															feedback_and_iti	274.0
4147.29525	0.9917500000001382	epochs															feedback_delay	274.0
4148.3095	1.9780000000000655	epochs															feedback	274.0
4150.47775	1.986750000000029	epochs															iti	274.0
4152.486	8.375750000000153	epochs															maze	275.0
4152.486	6.905999999999949	epochs															maze_stem	275.0
4152.50575	15.422499999999673	trials	False	True	True	True	False	False	[0.13674761354923248, 0.8632524013519287, 0.6970196962356567, 0.30298030376434326]	-0.5602720901370049	0.16623269766569138	0.2801360413432121	-0.08311634510755539	0.6970196962356567	[24142, 24142, 24142, 24142, 24142]	[24192, 24192, 24191, 24191, 24191]		
4159.41225	1.4494999999997162	epochs															maze_arm	275.0
4160.87925	7.0202500000004875	epochs															feedback_and_iti	275.0
4160.87925	0.9915000000000873	epochs															feedback_delay	275.0
4161.8895	1.9772499999999127	epochs															feedback	275.0
4163.90275	3.9967500000002474	epochs															iti	275.0
4167.92825	8.895000000000437	epochs															maze	276.0
4167.92825	6.536250000000109	epochs															maze_stem	276.0
4167.949	15.930000000000291	trials	False	True	False	False	True	False	[0.22325237095355988, 0.7767476439476013, 0.6654730439186096, 0.334526926279068]	-0.44222069531679153	0.11127457767724991	0.22111035883426666	0.055637285113334656	0.7767476439476013	[24235, 24235, 24235, 24234, 24234]	[24287, 24287, 24287, 24287, 24287]		
4174.48425	2.338999999999942	epochs															maze_arm	276.0
4176.83925	7.019250000000284	epochs															feedback_and_iti	276.0
4176.83925	0.9967500000002474	epochs															feedback_delay	276.0
4177.85225	1.9737500000001091	epochs															feedback	276.0
4179.86225	3.9962500000001455	epochs															iti	276.0
4183.879	9.582750000000487	epochs															maze	277.0
4183.879	6.441749999999956	epochs															maze_stem	277.0
4183.89825	16.618249999999534	trials	False	True	False	False	True	False	[0.2892892360687256, 0.7107107639312744, 0.4432509243488312, 0.5567491054534912]	-0.1539616733789444	0.26745985448360443	0.0769808292388916	0.1337299346923828	0.7107107639312744	[24331, 24330, 24330, 24330, 24330]	[24387, 24387, 24387, 24387, 24386]		
4190.342	3.1197500000007494	epochs															maze_arm	277.0
4193.47975	7.012499999999818	epochs															feedback_and_iti	277.0
4193.47975	0.9947499999998399	epochs															feedback_delay	277.0
4194.4905	1.9722499999998035	epochs															feedback	277.0
4196.4995	3.992750000000342	epochs															iti	277.0
4200.5165	9.888750000000073	epochs															maze	278.0
4200.5165	6.20575000000008	epochs															maze_stem	278.0
4200.54025	15.074999999999818	trials	True	True	False	True	True	True	[0.26942014694213867, 0.7305797934532166, 0.3657621741294861, 0.6342378258705139]	-0.09634199738502502	0.36481764912605286	-0.04817098379135132	0.18240880966186523	0.6342378258705139	[24430, 24430, 24430, 24430, 24430]	[24489, 24489, 24488, 24488, 24488]		
4206.74175	3.663499999999658	epochs															maze_arm	278.0
4210.42625	5.162249999999403	epochs															feedback_and_iti	278.0
4210.42625	0.9984999999996944	epochs															feedback_delay	278.0
4211.4435	1.9639999999999418	epochs															feedback	278.0
4213.593	1.9954999999999927	epochs															iti	278.0
4215.61525	8.381500000000415	epochs															maze	279.0
4215.61525	6.175000000000182	epochs															maze_stem	279.0
4215.63725	13.567250000000058	trials	False	True	False	True	True	True	[0.2121714949607849, 0.7878285050392151, 0.4651939868927002, 0.5348060131072998]	-0.2530224919319153	0.3226345181465149	-0.12651124596595764	0.16131725907325745	0.5348060131072998	[24521, 24521, 24521, 24520, 24520]	[24570, 24570, 24570, 24570, 24569]		
4221.81075	2.186000000000604	epochs															maze_arm	279.0
4224.01425	5.166500000000269	epochs															feedback_and_iti	279.0
4224.01425	0.9832500000002256	epochs															feedback_delay	279.0
4225.01575	1.998000000000502	epochs															feedback	279.0
4227.19025	1.990500000000793	epochs															iti	279.0
4229.2045	9.007500000000618	epochs															maze	280.0
4229.2045	6.326500000000124	epochs															maze_stem	280.0
4229.2255	16.029500000000553	trials	False	True	False	False	True	False	[0.19085484743118286, 0.8091450929641724, 0.43788325786590576, 0.5621166825294495]	-0.2470284104347229	0.3712618350982666	0.12351420521736145	0.1856308877468109	0.8091450929641724	[24602, 24602, 24602, 24602, 24602]	[24655, 24655, 24655, 24655, 24655]		
4235.55	2.662000000000262	epochs															maze_arm	280.0
4238.23075	7.0037499999998545	epochs															feedback_and_iti	280.0
4238.23075	0.9954999999999927	epochs															feedback_delay	280.0
4239.24325	1.970999999999549	epochs															feedback	280.0
4241.2515	3.982999999999265	epochs															iti	280.0
4245.255	9.003249999999753	epochs															maze	281.0
4245.255	7.281500000000051	epochs															maze_stem	281.0
4245.27575	14.189250000000357	trials	False	True	False	False	False	True	[0.17854689061641693, 0.8214530348777771, 0.33478519320487976, 0.6652148365974426]	-0.15623825043439865	0.4866678938269615	-0.07811915129423141	-0.24333395808935165	0.17854689061641693	[24699, 24698, 24698, 24698, 24698]	[24752, 24751, 24751, 24751, 24751]		
4252.55675	1.7015000000001237	epochs															maze_arm	281.0
4254.276	5.168249999999716	epochs															feedback_and_iti	281.0
4254.276	0.9942499999997381	epochs															feedback_delay	281.0
4255.2885	1.9785000000001673	epochs															feedback	281.0
4257.461	1.983249999999316	epochs															iti	281.0
4259.465	9.625750000000153	epochs															maze	282.0
4259.465	7.814749999999549	epochs															maze_stem	282.0
4259.48525	16.670250000000124	trials	False	True	False	True	False	False	[0.4705120027065277, 0.5294880270957947, 0.6653146743774414, 0.3346853256225586]	-0.1948026865720749	-0.13582666218280792	0.09740133583545685	0.06791333854198456	0.6653146743774414	[24784, 24784, 24783, 24783, 24783]	[24841, 24840, 24840, 24840, 24840]		
4267.29875	1.792000000000371	epochs															maze_arm	282.0
4269.10825	7.0239999999994325	epochs															feedback_and_iti	282.0
4269.10825	0.9949999999998909	epochs															feedback_delay	282.0
4270.122	1.970499999999447	epochs															feedback	282.0
4272.131	4.001249999999345	epochs															iti	282.0
4276.1555	6.574250000000575	epochs															maze	283.0
4276.1555	5.006250000000364	epochs															maze_stem	283.0
4276.176	13.60399999999936	trials	True	True	False	True	False	False	[0.25937339663505554, 0.7406266331672668, 0.5690277218818665, 0.43097230792045593]	-0.3096543252468109	0.1715989112854004	0.15482716262340546	-0.085799440741539	0.5690277218818665	[24884, 24884, 24884, 24883, 24883]	[24922, 24922, 24922, 24922, 24922]		
4281.1815	1.5482500000007349	epochs															maze_arm	283.0
4282.75	7.008249999999862	epochs															feedback_and_iti	283.0
4282.75	0.9819999999999709	epochs															feedback_delay	283.0
4283.7515	1.9827500000001237	epochs															feedback	283.0
4285.77075	3.987500000000182	epochs															iti	283.0
4289.78	10.230250000000524	epochs															maze	284.0
4289.78	6.330500000000029	epochs															maze_stem	284.0
4289.799	15.412250000000313	trials	True	True	False	True	True	True	[0.3719108998775482, 0.6280890703201294, 0.4762973487377167, 0.5237026214599609]	-0.10438644886016846	0.15179172158241272	-0.05219322443008423	0.07589584589004517	0.5237026214599609	[24966, 24965, 24965, 24965, 24965]	[25026, 25026, 25026, 25025, 25025]		
4296.1305	3.879750000000058	epochs															maze_arm	284.0
4300.03125	5.158999999999651	epochs															feedback_and_iti	284.0
4300.03125	0.9912500000000364	epochs															feedback_delay	284.0
4301.0445	1.966500000000451	epochs															feedback	284.0
4303.201	1.989249999999629	epochs															iti	284.0
4305.21125	12.531750000000102	epochs															maze	285.0
4305.21125	8.88000000000011	epochs															maze_stem	285.0
4305.231	17.720250000000306	trials	True	True	False	True	True	True	[0.3846798539161682, 0.6153201460838318, 0.3848955035209656, 0.6151044964790344]	-0.00021564960479736328	0.2304246425628662	-0.00010782480239868164	0.1152123212814331	0.6151044964790344	[25058, 25058, 25058, 25058, 25057]	[25132, 25132, 25132, 25132, 25132]		
4314.1115	3.6315000000004147	epochs															maze_arm	285.0
4317.764	5.166250000000218	epochs															feedback_and_iti	285.0
4317.764	0.9877500000002328	epochs															feedback_delay	285.0
4318.7725	1.9835000000002765	epochs															feedback	285.0
4320.93975	1.990500000000793	epochs															iti	285.0
4322.95125	12.087749999999687	epochs															maze	286.0
4322.95125	9.72674999999981	epochs															maze_stem	286.0
4322.97375	19.13274999999976	trials	False	True	False	False	True	False	[0.2525460124015808, 0.7474539875984192, 0.29511332511901855, 0.7048866748809814]	-0.042567312717437744	0.45234066247940063	0.021283656358718872	0.22617033123970032	0.7474539875984192	[25164, 25164, 25164, 25164, 25164]	[25236, 25236, 25236, 25235, 25235]		
4332.69725	2.3417499999995925	epochs															maze_arm	286.0
4335.05675	7.015000000000327	epochs															feedback_and_iti	286.0
4335.05675	0.9895000000005894	epochs															feedback_delay	286.0
4336.06475	1.9780000000000655	epochs															feedback	286.0
4338.0815	3.9902499999998327	epochs															iti	286.0
4342.1065	9.245750000000044	epochs															maze	287.0
4342.1065	7.714500000000044	epochs															maze_stem	287.0
4342.13375	14.43475000000035	trials	False	True	False	False	False	True	[0.2853774428367615, 0.7146226167678833, 0.27333101630210876, 0.7266690135002136]	0.012046411633491516	0.44129158556461334	0.006023213267326355	-0.22064577043056488	0.2853774428367615	[25279, 25279, 25279, 25279, 25279]	[25334, 25334, 25333, 25333, 25333]		
4349.84125	1.5109999999995125	epochs															maze_arm	287.0
4351.36975	5.177749999999833	epochs															feedback_and_iti	287.0
4351.36975	0.9909999999999854	epochs															feedback_delay	287.0
4352.379	1.9802500000005239	epochs															feedback	287.0
4354.5525	1.9949999999998909	epochs															iti	287.0
4356.5685	11.468249999999898	epochs															maze	288.0
4356.5685	8.196750000000065	epochs															maze_stem	288.0
4356.589	16.646999999999935	trials	True	True	False	True	True	True	[0.5931710004806519, 0.40682893991470337, 0.43990615010261536, 0.5600938200950623]	0.1532648652791977	-0.03307719528675079	0.07663244009017944	-0.016538619995117188	0.5600938200950623	[25366, 25366, 25366, 25365, 25365]	[25434, 25434, 25433, 25433, 25433]		
4364.786	3.250750000000153	epochs															maze_arm	288.0
4368.0575	5.155749999999898	epochs															feedback_and_iti	288.0
4368.0575	0.9939999999996871	epochs															feedback_delay	288.0
4369.07225	1.9657499999993888	epochs															feedback	288.0
4371.23125	1.981999999999971	epochs															iti	288.0
4373.236	8.997750000000451	epochs															maze	289.0
4373.236	6.410750000000007	epochs															maze_stem	289.0
4373.259	14.168249999999716	trials	False	True	False	True	True	True	[0.40368449687957764, 0.5963155627250671, 0.3129107654094696, 0.6870892643928528]	0.09077371656894684	0.28340478241443634	0.04538685083389282	0.14170241355895996	0.6870892643928528	[25466, 25466, 25466, 25465, 25465]	[25519, 25519, 25519, 25518, 25518]		
4379.66725	2.5664999999999054	epochs															maze_arm	289.0
4382.24925	5.157000000000153	epochs															feedback_and_iti	289.0
4382.24925	0.9965000000001965	epochs															feedback_delay	289.0
4383.26425	1.9787500000002183	epochs															feedback	289.0
4385.42125	1.9849999999996726	epochs															iti	289.0
4387.42725	8.284999999999854	epochs															maze	290.0
4387.42725	6.109750000000531	epochs															maze_stem	290.0
4387.4465	13.466499999999542	trials	False	True	False	False	False	True	[0.4754198491573334, 0.5245801210403442, 0.23685620725154877, 0.7631438374519348]	0.2385636791586876	0.28772395104169846	0.1192818209528923	-0.14386197179555893	0.4754198491573334	[25551, 25551, 25551, 25550, 25550]	[25600, 25600, 25599, 25599, 25599]		
4393.557	2.1552499999997963	epochs															maze_arm	290.0
4395.73	5.162000000000262	epochs															feedback_and_iti	290.0
4395.73	0.9825000000000728	epochs															feedback_delay	290.0
4396.73075	1.981999999999971	epochs															feedback	290.0
4398.90325	1.988749999999527	epochs															iti	290.0
4400.913	7.790750000000116	epochs															maze	291.0
4400.913	6.336250000000291	epochs															maze_stem	291.0
4400.93325	14.829249999999774	trials	False	True	False	True	False	False	[0.7222185730934143, 0.2777814567089081, 0.36352404952049255, 0.6364759802818298]	0.35869452357292175	-0.08574259281158447	-0.17934726178646088	0.04287131130695343	0.36352404952049255	[25632, 25632, 25632, 25631, 25631]	[25678, 25677, 25677, 25677, 25677]		
4407.27025	1.4335000000000946	epochs															maze_arm	291.0
4408.72125	7.019750000000386	epochs															feedback_and_iti	291.0
4408.72125	0.9977500000004511	epochs															feedback_delay	291.0
4409.737	1.979500000000371	epochs															feedback	291.0
4411.75475	3.9862499999999272	epochs															iti	291.0
4415.7625	10.570000000000618	epochs															maze	292.0
4415.7625	7.117000000000189	epochs															maze_stem	292.0
4415.78325	17.600749999999607	trials	False	True	False	False	True	False	[0.6112093329429626, 0.38879066705703735, 0.32631832361221313, 0.6736817359924316]	0.2848910391330719	0.062472373247146606	-0.14244553446769714	0.031236201524734497	0.38879066705703735	[25721, 25721, 25721, 25720, 25720]	[25783, 25783, 25783, 25783, 25783]		
4422.89825	3.4342500000002474	epochs															maze_arm	292.0
4426.35	7.0109999999995125	epochs															feedback_and_iti	292.0
4426.35	0.9917499999992287	epochs															feedback_delay	292.0
4427.3605	1.9752500000004147	epochs															feedback	292.0
4429.3735	3.987500000000182	epochs															iti	292.0
4433.384	8.907000000000153	epochs															maze	293.0
4433.384	6.500500000000102	epochs															maze_stem	293.0
4433.40425	14.106000000000677	trials	False	True	False	True	True	True	[0.48504242300987244, 0.51495760679245, 0.31430894136428833, 0.6856910586357117]	0.1707334667444229	0.20064865052700043	0.08536672592163086	0.10032433271408081	0.6856910586357117	[25827, 25826, 25826, 25826, 25826]	[25879, 25879, 25879, 25878, 25878]		
4439.90325	2.387749999999869	epochs															maze_arm	293.0
4442.3085	5.180999999999585	epochs															feedback_and_iti	293.0
4442.3085	0.9864999999999782	epochs															feedback_delay	293.0
4443.31325	1.9920000000001892	epochs															feedback	293.0
4445.50275	1.986750000000029	epochs															iti	293.0
4447.51025	12.770249999999578	epochs															maze	294.0
4447.51025	10.12224999999944	epochs															maze_stem	294.0
4447.531	19.802999999999884	trials	False	True	False	True	False	False	[0.43411755561828613, 0.5658824443817139, 0.2622072398662567, 0.7377927899360657]	0.1719103306531906	0.30367521941661835	-0.08595515787601471	-0.15183760225772858	0.2622072398662567	[25911, 25911, 25911, 25911, 25910]	[25987, 25987, 25987, 25986, 25986]		
4457.651	2.6295000000000073	epochs															maze_arm	294.0
4460.297	7.0130000000008295	epochs															feedback_and_iti	294.0
4460.297	0.9887500000004366	epochs															feedback_delay	294.0
4461.30275	1.981499999999869	epochs															feedback	294.0
4463.32	3.990000000000691	epochs															iti	294.0
4467.334	8.466750000000502	epochs															maze	295.0
4467.334	5.542500000000473	epochs															maze_stem	295.0
4467.353	13.690499999999702	trials	False	True	False	True	True	True	[0.36689090728759766, 0.6331090927124023, 0.36046671867370605, 0.6395332217216492]	0.006424158811569214	0.2726423442363739	0.003212064504623413	0.13632115721702576	0.6395332217216492	[26030, 26030, 26030, 26030, 26029]	[26080, 26080, 26080, 26079, 26079]		
4472.8975	2.9032500000002983	epochs															maze_arm	295.0
4475.819	5.194999999999709	epochs															feedback_and_iti	295.0
4475.819	0.9902499999998327	epochs															feedback_delay	295.0
4476.82725	1.989249999999629	epochs															feedback	295.0
4479.01825	1.9957500000000437	epochs															iti	295.0
4481.0435	8.373250000000553	epochs															maze	296.0
4481.0435	5.491250000000036	epochs															maze_stem	296.0
4481.06975	13.555750000000444	trials	False	True	False	True	True	True	[0.49517717957496643, 0.504822850227356, 0.296669065952301, 0.7033308744430542]	0.19850806891918182	0.20815373957157135	0.09925401210784912	0.10407686233520508	0.7033308744430542	[26112, 26112, 26112, 26112, 26112]	[26162, 26161, 26161, 26161, 26161]		
4486.55325	2.8635000000003856	epochs															maze_arm	296.0
4489.43475	5.170000000000073	epochs															feedback_and_iti	296.0
4489.43475	0.996249999999236	epochs															feedback_delay	296.0
4490.44775	1.983749999999418	epochs															feedback	296.0
4492.61025	1.9945000000006985	epochs															iti	296.0
4494.6255	9.478500000000167	epochs															maze	297.0
4494.6255	5.987500000000182	epochs															maze_stem	297.0
4494.645	14.66674999999941	trials	True	True	False	True	True	True	[0.34450387954711914, 0.6554961204528809, 0.22604160010814667, 0.7739583253860474]	0.11846224218606949	0.4294544830918312	0.05923110246658325	0.2147272229194641	0.7739583253860474	[26194, 26194, 26193, 26193, 26193]	[26250, 26249, 26249, 26249, 26249]		
4500.634	3.4700000000002547	epochs															maze_arm	297.0
4504.125	5.164999999999964	epochs															feedback_and_iti	297.0
4504.125	0.9852499999997235	epochs															feedback_delay	297.0
4505.13175	1.9782500000001164	epochs															feedback	297.0
4507.29675	1.9932499999995343	epochs															iti	297.0
4509.31175	10.702000000000226	epochs															maze	298.0
4509.31175	7.7097499999999854	epochs															maze_stem	298.0
4509.33275	15.885000000000218	trials	False	True	False	True	True	True	[0.27353546023368835, 0.7264645099639893, 0.21684421598911285, 0.7831557989120483]	0.05669126659631729	0.5096203163266182	0.02834564447402954	0.2548101544380188	0.7831557989120483	[26282, 26282, 26281, 26281, 26281]	[26345, 26345, 26345, 26344, 26344]		
4517.04175	2.9719999999997526	epochs															maze_arm	298.0
4520.0315	5.1599999999998545	epochs															feedback_and_iti	298.0
4520.0315	0.9989999999997963	epochs															feedback_delay	298.0
4521.048	1.9675000000006548	epochs															feedback	298.0
4523.20425	1.987250000000131	epochs															iti	298.0
4525.21775	8.313500000000204	epochs															maze	299.0
4525.21775	6.79700000000048	epochs															maze_stem	299.0
4525.2415	13.496500000000196	trials	False	True	False	False	False	True	[0.30169573426246643, 0.698304295539856, 0.17431758344173431, 0.8256824016571045]	0.12737812846899033	0.5239866897463799	0.06368907541036606	-0.2619933411478996	0.30169573426246643	[26377, 26377, 26377, 26377, 26376]	[26426, 26426, 26426, 26425, 26425]		
4532.03475	1.4965000000001965	epochs															maze_arm	299.0
4533.54725	5.169499999999971	epochs															feedback_and_iti	299.0
4533.54725	0.9985000000006039	epochs															feedback_delay	299.0
4534.56375	1.97649999999976	epochs															feedback	299.0
4536.7305	1.9862499999999272	epochs															iti	299.0
4538.738	7.9852499999997235	epochs															maze	300.0
4538.738	6.4357499999996435	epochs															maze_stem	300.0
4538.759	13.17975000000024	trials	False	True	False	False	False	True	[0.6173600554466248, 0.38263994455337524, 0.3364935517311096, 0.6635064482688904]	0.28086650371551514	0.046146392822265625	0.14043325185775757	-0.023073196411132812	0.6173600554466248	[26458, 26458, 26458, 26458, 26457]	[26505, 26505, 26505, 26505, 26504]		
4545.19425	1.529000000000451	epochs															maze_arm	300.0
4546.7415	5.175500000000284	epochs															feedback_and_iti	300.0
4546.7415	0.9960000000000946	epochs															feedback_delay	300.0
4547.756	1.9772499999999127	epochs															feedback	300.0
4549.92425	1.992750000000342	epochs															iti	300.0
4551.93875	7.43474999999944	epochs															maze	301.0
4551.93875	5.056749999999738	epochs															maze_stem	301.0
4551.96125	12.633249999999862	trials	False	True	False	False	False	True	[0.832269549369812, 0.16773046553134918, 0.47752469778060913, 0.5224752426147461]	0.3547448143362999	-0.30979426950216293	0.17737242579460144	0.15489712357521057	0.832269549369812	[26537, 26537, 26537, 26537, 26537]	[26581, 26581, 26581, 26580, 26580]		
4557.01575	2.3577500000001237	epochs															maze_arm	301.0
4559.3915	5.181250000000546	epochs															feedback_and_iti	301.0
4559.3915	0.9960000000000946	epochs															feedback_delay	301.0
4560.40475	1.9837500000003274	epochs															feedback	301.0
4562.57625	1.9965000000001965	epochs															iti	301.0
4564.5945	8.152250000000095	epochs															maze	302.0
4564.5945	6.823999999999614	epochs															maze_stem	302.0
4564.61575	15.186749999999847	trials	False	True	False	True	False	False	[0.8711200952529907, 0.1288798451423645, 0.49401184916496277, 0.5059881806373596]	0.37710829079151154	-0.3651319593191147	-0.18855412304401398	0.18256597220897675	0.49401184916496277	[26613, 26613, 26613, 26613, 26612]	[26661, 26661, 26661, 26661, 26660]		
4571.439	1.3077499999999418	epochs															maze_arm	302.0
4572.765	7.015249999999469	epochs															feedback_and_iti	302.0
4572.765	0.9915000000000873	epochs															feedback_delay	302.0
4573.77475	1.9705000000003565	epochs															feedback	302.0
4575.79425	3.9859999999998763	epochs															iti	302.0
4579.8025	13.635000000000218	epochs															maze	303.0
4579.8025	6.584249999999884	epochs															maze_stem	303.0
4579.82625	20.675000000000182	trials	False	True	False	False	True	False	[0.6970040798187256, 0.3029959201812744, 0.33299288153648376, 0.6670070886611938]	0.3640111833810806	-0.029996976256370544	-0.18200558423995972	-0.01499849557876587	0.3029959201812744	[26704, 26704, 26704, 26704, 26704]	[26785, 26785, 26785, 26785, 26784]		
4586.4065	7.030999999999949	epochs															maze_arm	303.0
4593.454	7.024000000000342	epochs															feedback_and_iti	303.0
4593.454	0.9920000000001892	epochs															feedback_delay	303.0
4594.46475	1.9774999999999636	epochs															feedback	303.0
4596.48175	3.9962500000001455	epochs															iti	303.0
4600.50125	10.69024999999965	epochs															maze	304.0
4600.50125	6.497499999999491	epochs															maze_stem	304.0
4600.5225	17.72900000000027	trials	False	True	False	False	True	False	[0.526445746421814, 0.47355425357818604, 0.3215346038341522, 0.6784654259681702]	0.20491115748882294	0.152019664645195	-0.10245558619499207	0.0760098397731781	0.47355425357818604	[26829, 26828, 26828, 26828, 26828]	[26892, 26892, 26891, 26891, 26891]		
4607.01925	4.172249999999622	epochs															maze_arm	304.0
4611.2085	7.024250000000393	epochs															feedback_and_iti	304.0
4611.2085	0.9877500000002328	epochs															feedback_delay	304.0
4612.21475	1.9862499999999272	epochs															feedback	304.0
4614.2405	3.99225000000024	epochs															iti	304.0
4618.2515	9.652749999999287	epochs															maze	305.0
4618.2515	6.717499999999745	epochs															maze_stem	305.0
4618.27225	16.698500000000422	trials	False	True	False	False	True	False	[0.37545397877693176, 0.6245460510253906, 0.24078097939491272, 0.7592190504074097]	0.13467299938201904	0.3837650716304779	-0.06733649969100952	0.19188255071640015	0.6245460510253906	[26935, 26935, 26935, 26934, 26934]	[26992, 26992, 26992, 26991, 26991]		
4624.9895	2.9147499999999127	epochs															maze_arm	305.0
4627.922	7.022500000000036	epochs															feedback_and_iti	305.0
4627.922	0.9930000000003929	epochs															feedback_delay	305.0
4628.93375	1.9809999999997672	epochs															feedback	305.0
4630.9525	3.9919999999992797	epochs															iti	305.0
4634.97075	9.595249999999396	epochs															maze	306.0
4634.97075	6.125249999999141	epochs															maze_stem	306.0
4634.99475	16.624249999999847	trials	False	True	False	False	True	False	[0.342685729265213, 0.6573143005371094, 0.2246198058128357, 0.7753801941871643]	0.11806590855121613	0.4326944798231125	-0.059032946825027466	0.21634724736213684	0.6573143005371094	[27035, 27035, 27035, 27035, 27034]	[27092, 27092, 27091, 27091, 27091]		
4641.11675	3.4492499999996653	epochs															maze_arm	306.0
4644.58375	7.01050000000032	epochs															feedback_and_iti	306.0
4644.58375	0.9957500000000437	epochs															feedback_delay	306.0
4645.596	1.9777500000000146	epochs															feedback	306.0
4647.61375	3.9804999999996653	epochs															iti	306.0
4651.619	10.47900000000027	epochs															maze	307.0
4651.619	7.367000000000189	epochs															maze_stem	307.0
4651.64875	15.675249999999323	trials	False	True	False	True	True	True	[0.3114334046840668, 0.6885666251182556, 0.21041233837604523, 0.789587676525116]	0.10102105885744095	0.4781542792916298	0.050510525703430176	0.2390771508216858	0.789587676525116	[27135, 27135, 27135, 27134, 27134]	[27197, 27197, 27197, 27196, 27196]		
4659.006	3.0919999999996435	epochs															maze_arm	307.0
4662.117	5.186749999999847	epochs															feedback_and_iti	307.0
4662.117	0.9987499999997453	epochs															feedback_delay	307.0
4663.13475	1.974500000000262	epochs															feedback	307.0
4665.30775	1.9960000000000946	epochs															iti	307.0
4667.324	8.373250000000553	epochs															maze	308.0
4667.324	6.916000000000167	epochs															maze_stem	308.0
4667.34425	13.569499999999607	trials	False	True	False	False	False	True	[0.23651906847953796, 0.7634809613227844, 0.14883576333522797, 0.8511642217636108]	0.0876832827925682	0.6146451756358147	0.043841652572155	-0.30732258409261703	0.23651906847953796	[27229, 27229, 27229, 27229, 27228]	[27278, 27278, 27278, 27278, 27278]		
4674.26	1.437249999999949	epochs															maze_arm	308.0
4675.71475	5.1729999999997744	epochs															feedback_and_iti	308.0
4675.71475	0.9934999999995853	epochs															feedback_delay	308.0
4676.72625	1.9750000000003638	epochs															feedback	308.0
4678.898	1.9897499999997308	epochs															iti	308.0
4680.91375	8.522249999999985	epochs															maze	309.0
4680.91375	5.498750000000655	epochs															maze_stem	309.0
4680.939	13.688000000000102	trials	False	True	False	True	True	True	[0.4778235852718353, 0.5221764445304871, 0.29934531450271606, 0.7006546854972839]	0.17847825586795807	0.2228311151266098	0.08923912048339844	0.1114155650138855	0.7006546854972839	[27311, 27310, 27310, 27310, 27310]	[27361, 27361, 27360, 27360, 27360]		
4686.433	3.0029999999997017	epochs															maze_arm	309.0
4689.45175	5.1544999999996435	epochs															feedback_and_iti	309.0
4689.45175	0.9960000000000946	epochs															feedback_delay	309.0
4690.4665	1.9734999999991487	epochs															feedback	309.0
4692.6205	1.9857499999998254	epochs															iti	309.0
4694.627	8.009499999999207	epochs															maze	310.0
4694.627	6.491499999999178	epochs															maze_stem	310.0
4694.6475	13.206250000000182	trials	False	True	False	False	False	True	[0.42107048630714417, 0.5789295434951782, 0.253245085477829, 0.7467549443244934]	0.16782540082931519	0.32568445801734924	0.08391270041465759	-0.16284221410751343	0.42107048630714417	[27393, 27393, 27393, 27392, 27392]	[27440, 27440, 27440, 27439, 27439]		
4701.13875	1.4977499999995416	epochs															maze_arm	310.0
4702.653	5.181249999999636	epochs															feedback_and_iti	310.0
4702.653	0.9917500000001382	epochs															feedback_delay	310.0
4703.663	1.980000000000473	epochs															feedback	310.0
4705.838	1.9962500000001455	epochs															iti	310.0
4707.85375	8.092749999999796	epochs															maze	311.0
4707.85375	6.592249999999694	epochs															maze_stem	311.0
4707.8755	13.304250000000138	trials	True	True	False	False	False	True	[0.7156822085380554, 0.2843177616596222, 0.39194607734680176, 0.6080539226531982]	0.32373614609241486	-0.10762830078601837	0.16186806559562683	0.05381414294242859	0.7156822085380554	[27472, 27472, 27472, 27472, 27471]	[27520, 27520, 27519, 27519, 27519]		
4714.4655	1.4809999999997672	epochs															maze_arm	311.0
4715.96775	5.19025000000056	epochs															feedback_and_iti	311.0
4715.96775	0.998250000000553	epochs															feedback_delay	311.0
4716.9875	1.9792499999994106	epochs															feedback	311.0
4719.157	2.0010000000002037	epochs															iti	311.0
4721.17975	8.764250000000175	epochs															maze	312.0
4721.17975	5.8417499999995925	epochs															maze_stem	312.0
4721.1985	13.951499999999214	trials	False	True	False	True	True	True	[0.7894429564476013, 0.21055705845355988, 0.4329817593097687, 0.5670182704925537]	0.35646120458841324	-0.2224246934056282	0.17823060601949692	-0.1112123355269432	0.5670182704925537	[27552, 27552, 27552, 27552, 27551]	[27604, 27604, 27603, 27603, 27603]		
4727.042	2.9020000000000437	epochs															maze_arm	312.0
4729.96175	5.1617499999993015	epochs															feedback_and_iti	312.0
4729.96175	0.9992499999998472	epochs															feedback_delay	312.0
4730.97925	1.9672499999996944	epochs															feedback	312.0
4733.13775	1.9857499999998254	epochs															iti	312.0
4735.15	8.941250000000764	epochs															maze	313.0
4735.15	5.4447500000005675	epochs															maze_stem	313.0
4735.173	14.118000000000393	trials	True	True	False	True	True	True	[0.6340793967247009, 0.3659206032752991, 0.27590203285217285, 0.7240979671478271]	0.3581773638725281	0.09001857042312622	0.17908868193626404	0.04500928521156311	0.7240979671478271	[27636, 27636, 27635, 27635, 27635]	[27689, 27688, 27688, 27688, 27688]		
4740.61475	3.4765000000006694	epochs															maze_arm	313.0
4744.113	5.157249999999294	epochs															feedback_and_iti	313.0
4744.113	0.9942499999997381	epochs															feedback_delay	313.0
4745.12825	1.967000000000553	epochs															feedback	313.0
4747.28175	1.9884999999994761	epochs															iti	313.0
4749.291	7.77599999999984	epochs															maze	314.0
4749.291	6.276249999999891	epochs															maze_stem	314.0
4749.31075	12.962500000000546	trials	False	True	False	False	False	True	[0.6003827452659607, 0.3996172845363617, 0.2708745002746582, 0.7291254997253418]	0.3295082300901413	0.1287427693605423	0.16475412249565125	-0.06437137722969055	0.6003827452659607	[27721, 27720, 27720, 27720, 27720]	[27766, 27766, 27766, 27766, 27766]		
4755.588	1.4790000000002692	epochs															maze_arm	314.0
4757.085	5.167499999999563	epochs															feedback_and_iti	314.0
4757.085	1.0	epochs															feedback_delay	314.0
4758.1015	1.9802500000005239	epochs															feedback	314.0
4760.25975	1.9927499999994325	epochs															iti	314.0
4762.27325	17.189499999999498	epochs															maze	315.0
4762.27325	6.391249999999673	epochs															maze_stem	315.0
4762.2935	22.387499999999818	trials	True	True	False	True	True	True	[0.7629084587097168, 0.2370915710926056, 0.29300931096076965, 0.7069907188415527]	0.46989914774894714	-0.05591773986816406	0.23494957387447357	-0.027958855032920837	0.7069907188415527	[27798, 27798, 27798, 27798, 27798]	[27901, 27900, 27900, 27900, 27900]		
4768.68475	10.777999999999338	epochs															maze_arm	315.0
4779.484	5.176249999999527	epochs															feedback_and_iti	315.0
4779.484	0.9862499999999272	epochs															feedback_delay	315.0
4780.4915	1.9797499999995125	epochs															feedback	315.0
4782.666	1.994249999999738	epochs															iti	315.0
4784.681	9.797250000000531	epochs															maze	316.0
4784.681	8.261000000000422	epochs															maze_stem	316.0
4784.6995	16.86175000000003	trials	False	True	False	True	False	False	[0.5807640552520752, 0.4192359149456024, 0.21494047343730927, 0.7850595712661743]	0.3658236190676689	0.20429547876119614	-0.18291179090738297	-0.10214773565530777	0.21494047343730927	[27933, 27933, 27932, 27932, 27932]	[27991, 27990, 27990, 27990, 27990]		
4792.96225	1.5160000000005311	epochs															maze_arm	316.0
4794.49725	7.032999999999447	epochs															feedback_and_iti	316.0
4794.49725	0.9932499999995343	epochs															feedback_delay	316.0
4795.508	1.985250000000633	epochs															feedback	316.0
4797.53125	3.9989999999997963	epochs															iti	316.0
4801.56125	6.682999999999993	epochs															maze	317.0
4801.56125	5.154750000000604	epochs															maze_stem	317.0
4801.58475	13.719750000000204	trials	False	True	False	True	False	False	[0.6486365795135498, 0.3513634502887726, 0.273441880941391, 0.7265581488609314]	0.3751946985721588	0.07792156934738159	-0.1875973492860794	-0.0389607697725296	0.273441880941391	[28034, 28034, 28034, 28033, 28033]	[28073, 28073, 28073, 28073, 28072]		
4806.7365	1.50774999999976	epochs															maze_arm	317.0
4808.26	7.025499999999738	epochs															feedback_and_iti	317.0
4808.26	0.9915000000000873	epochs															feedback_delay	317.0
4809.26925	1.981999999999971	epochs															feedback	317.0
4811.29	3.9954999999999927	epochs															iti	317.0
4815.3045	7.658499999999549	epochs															maze	318.0
4815.3045	5.521249999999782	epochs															maze_stem	318.0
4815.325	14.702000000000226	trials	False	True	False	True	False	False	[0.6992092728614807, 0.3007906973361969, 0.31954535841941833, 0.6804546117782593]	0.3796639144420624	-0.018754661083221436	-0.1898319572210312	0.009377315640449524	0.31954535841941833	[28116, 28116, 28116, 28116, 28116]	[28161, 28161, 28161, 28161, 28161]		
4820.846	2.117000000000189	epochs															maze_arm	318.0
4822.97975	7.02074999999968	epochs															feedback_and_iti	318.0
4822.97975	0.988999999999578	epochs															feedback_delay	318.0
4823.98675	1.9769999999998618	epochs															feedback	318.0
4826.0005	4.0	epochs															iti	318.0
4830.027	9.609000000000378	epochs															maze	319.0
4830.027	6.505000000000109	epochs															maze_stem	319.0
4830.0475	14.798499999999876	trials	False	True	False	True	True	True	[0.661283016204834, 0.3387170135974884, 0.353445440530777, 0.6465545296669006]	0.3078375458717346	-0.014728456735610962	0.15391875803470612	-0.007364228367805481	0.6465545296669006	[28205, 28205, 28204, 28204, 28204]	[28261, 28261, 28261, 28261, 28261]		
4836.55075	3.0852500000000873	epochs															maze_arm	319.0
4839.652	5.170250000000124	epochs															feedback_and_iti	319.0
4839.652	0.9987499999997453	epochs															feedback_delay	319.0
4840.6685	1.9830000000001746	epochs															feedback	319.0
4842.854	1.9682499999998981	epochs															iti	319.0
4844.846	6.976500000000669	epochs															maze	320.0
4844.846	5.157750000000306	epochs															maze_stem	320.0
4844.86975	14.023000000000138	trials	False	True	False	True	False	False	[0.6975593566894531, 0.3024406433105469, 0.32498517632484436, 0.675014853477478]	0.37257419526576996	-0.02254451811313629	-0.18628709018230438	0.011272266507148743	0.32498517632484436	[28294, 28293, 28293, 28293, 28293]	[28334, 28334, 28334, 28334, 28334]		
4850.02475	1.797750000000633	epochs															maze_arm	320.0
4851.83975	7.030749999999898	epochs															feedback_and_iti	320.0
4851.83975	0.9939999999996871	epochs															feedback_delay	320.0
4852.85075	1.9880000000002838	epochs															feedback	320.0
4854.8755	3.994999999999891	epochs															iti	320.0
4858.89275	10.257499999999709	epochs															maze	321.0
4858.89275	6.900249999999687	epochs															maze_stem	321.0
4858.91325	15.449500000000626	trials	True	True	False	True	True	True	[0.5250702500343323, 0.4749297797679901, 0.34448906779289246, 0.6555109620094299]	0.18058118224143982	0.13044071197509766	0.09029059112071991	0.06522037088871002	0.6555109620094299	[28378, 28378, 28377, 28377, 28377]	[28438, 28438, 28438, 28438, 28438]		
4865.813	3.3372499999995853	epochs															maze_arm	321.0
4869.1715	5.170499999999265	epochs															feedback_and_iti	321.0
4869.1715	0.9949999999998909	epochs															feedback_delay	321.0
4870.18775	1.9790000000002692	epochs															feedback	321.0
4872.35825	1.983749999999418	epochs															iti	321.0
4874.36275	7.950749999999971	epochs															maze	322.0
4874.36275	6.3159999999998035	epochs															maze_stem	322.0
4874.38325	13.141250000000582	trials	False	True	False	True	True	True	[0.7195468544960022, 0.2804531157016754, 0.25260308384895325, 0.7473968863487244]	0.46694377064704895	0.027850031852722168	0.23347188532352448	0.01392500102519989	0.7473968863487244	[28471, 28470, 28470, 28470, 28470]	[28517, 28517, 28517, 28517, 28516]		
4880.6995	1.6140000000004875	epochs															maze_arm	322.0
4882.33175	5.170499999999265	epochs															feedback_and_iti	322.0
4882.33175	0.9912500000000364	epochs															feedback_delay	322.0
4883.34175	1.9767500000007203	epochs															feedback	322.0
4885.50225	2.0	epochs															iti	322.0
4887.5245	7.828249999999571	epochs															maze	323.0
4887.5245	6.349749999999403	epochs															maze_stem	323.0
4887.54675	14.874249999999847	trials	False	True	False	True	False	False	[0.5530136823654175, 0.44698628783226013, 0.15660111606121063, 0.8433988690376282]	0.39641257375478745	0.2903851792216301	-0.19820628315210342	-0.14519260078668594	0.15660111606121063	[28549, 28549, 28549, 28549, 28549]	[28595, 28595, 28595, 28595, 28595]		
4893.89475	1.457999999999629	epochs															maze_arm	323.0
4895.37025	7.0275000000001455	epochs															feedback_and_iti	323.0
4895.37025	0.9970000000002983	epochs															feedback_delay	323.0
4896.38625	1.9737500000001091	epochs															feedback	323.0
4898.4005	3.9972500000003492	epochs															iti	323.0
4902.421	7.746999999999389	epochs															maze	324.0
4902.421	5.543749999999818	epochs															maze_stem	324.0
4902.44675	12.926000000000386	trials	False	True	False	True	True	True	[0.5342658162117004, 0.46573418378829956, 0.25542229413986206, 0.7445777058601379]	0.2788435220718384	0.2103118896484375	0.1394217610359192	0.10515594482421875	0.7445777058601379	[28639, 28639, 28638, 28638, 28638]	[28684, 28684, 28684, 28684, 28683]		
4907.98475	2.1832500000000437	epochs															maze_arm	324.0
4910.18575	5.166500000000269	epochs															feedback_and_iti	324.0
4910.18575	0.9892500000005384	epochs															feedback_delay	324.0
4911.194	1.9774999999999636	epochs															feedback	324.0
4913.35725	1.9949999999998909	epochs															iti	324.0
4915.37275	10.131499999999505	epochs															maze	325.0
4915.37275	6.234749999999622	epochs															maze_stem	325.0
4915.393	15.316499999999905	trials	True	True	False	True	True	True	[0.6092853546142578, 0.3907145857810974, 0.20556004345417023, 0.7944399118423462]	0.4037253186106682	0.18515454977750778	0.2018626630306244	0.0925772488117218	0.7944399118423462	[28716, 28716, 28716, 28716, 28716]	[28776, 28776, 28776, 28776, 28775]		
4921.6275	3.8767500000003565	epochs															maze_arm	325.0
4925.52525	5.164499999999862	epochs															feedback_and_iti	325.0
4925.52525	0.9917500000001382	epochs															feedback_delay	325.0
4926.5385	1.9805000000005748	epochs															feedback	325.0
4928.7045	1.9852499999997235	epochs															iti	325.0
4930.7095	9.05975000000035	epochs															maze	326.0
4930.7095	6.263249999999971	epochs															maze_stem	326.0
4930.731	16.11200000000008	trials	False	True	False	False	True	False	[0.4841598570346832, 0.5158401727676392, 0.17687641084194183, 0.823123574256897]	0.3072834238409996	0.33896373957395554	-0.1536417007446289	0.16948187351226807	0.5158401727676392	[28808, 28808, 28808, 28808, 28808]	[28862, 28862, 28861, 28861, 28861]		
4936.993	2.776249999999891	epochs															maze_arm	326.0
4939.78675	7.032499999999345	epochs															feedback_and_iti	326.0
4939.78675	0.9887499999995271	epochs															feedback_delay	326.0
4940.79425	1.9909999999999854	epochs															feedback	326.0
4942.82325	3.995999999999185	epochs															iti	326.0
4946.843	9.436000000000604	epochs															maze	327.0
4946.843	6.458749999999782	epochs															maze_stem	327.0
4946.87075	16.472749999999905	trials	False	True	False	False	True	False	[0.332584023475647, 0.667415976524353, 0.18560528755187988, 0.8143947720527649]	0.14697876572608948	0.48181071877479553	-0.07348939776420593	0.24090537428855896	0.667415976524353	[28905, 28905, 28905, 28904, 28904]	[28961, 28961, 28960, 28960, 28960]		
4953.3225	2.956500000000233	epochs															maze_arm	327.0
4956.29725	7.0222499999999854	epochs															feedback_and_iti	327.0
4956.29725	0.998250000000553	epochs															feedback_delay	327.0
4957.3135	1.970999999999549	epochs															feedback	327.0
4959.32075	3.9987499999997453	epochs															iti	327.0
4963.3435	10.503499999999804	epochs															maze	328.0
4963.3435	7.32549999999992	epochs															maze_stem	328.0
4963.36725	15.689499999999498	trials	True	True	False	True	True	True	[0.27958425879478455, 0.7204157710075378, 0.15812090039253235, 0.84187912940979]	0.1214633584022522	0.5622948706150055	0.0607316792011261	0.28114745020866394	0.84187912940979	[29004, 29004, 29004, 29003, 29003]	[29066, 29066, 29066, 29065, 29065]		
4970.68875	3.158249999999498	epochs															maze_arm	328.0
4973.8695	5.16675000000032	epochs															feedback_and_iti	328.0
4973.8695	0.9902499999998327	epochs															feedback_delay	328.0
4974.8815	1.9724999999998545	epochs															feedback	328.0
4977.039	1.9972500000003492	epochs															iti	328.0
4979.05675	7.180000000000291	epochs															maze	329.0
4979.05675	5.506750000000466	epochs															maze_stem	329.0
4979.07825	14.225750000000517	trials	False	True	False	True	False	False	[0.2879866659641266, 0.7120133638381958, 0.14387774467468262, 0.8561222553253174]	0.14410890638828278	0.568135604262352	-0.07205446064472198	-0.2840677946805954	0.14387774467468262	[29098, 29098, 29098, 29098, 29097]	[29140, 29140, 29140, 29140, 29140]		
4984.5845	1.6522500000000946	epochs															maze_arm	329.0
4986.25275	7.0287500000004	epochs															feedback_and_iti	329.0
4986.25275	0.9957500000000437	epochs															feedback_delay	329.0
4987.26825	1.9787500000002183	epochs															feedback	329.0
4989.30675	3.974750000000313	epochs															iti	329.0
4993.304	7.794499999999971	epochs															maze	330.0
4993.304	5.673499999999876	epochs															maze_stem	330.0
4993.32675	14.836249999999382	trials	False	True	False	True	False	False	[0.36111244559288025, 0.6388875842094421, 0.22469466924667358, 0.7753053307533264]	0.13641776144504547	0.41419290006160736	-0.06820888817310333	-0.20709644258022308	0.22469466924667358	[29184, 29183, 29183, 29183, 29183]	[29229, 29229, 29229, 29229, 29229]		
4998.9985	2.100000000000364	epochs															maze_arm	330.0
5001.116	7.026249999999891	epochs															feedback_and_iti	330.0
5001.116	0.9989999999997963	epochs															feedback_delay	330.0
5002.134	1.9747500000003129	epochs															feedback	330.0
5004.146	3.9962500000001455	epochs															iti	330.0
5008.163	8.056750000000648	epochs															maze	331.0
5008.163	6.0017500000003565	epochs															maze_stem	331.0
5008.184	15.095499999999447	trials	False	True	False	True	False	False	[0.4763948917388916, 0.5236051082611084, 0.30510151386260986, 0.6948984861373901]	0.17129337787628174	0.21850359439849854	-0.08564668893814087	-0.10925179719924927	0.30510151386260986	[29273, 29273, 29272, 29272, 29272]	[29320, 29320, 29320, 29320, 29319]		
5014.18525	2.0344999999997526	epochs															maze_arm	331.0
5016.23775	7.017249999999876	epochs															feedback_and_iti	331.0
5016.23775	0.9917500000001382	epochs															feedback_delay	331.0
5017.24825	1.9732500000000073	epochs															feedback	331.0
5019.259	3.9960000000000946	epochs															iti	331.0
5023.2795	10.509250000000065	epochs															maze	332.0
5023.2795	7.526000000000749	epochs															maze_stem	332.0
5023.30175	15.717250000000604	trials	False	True	False	True	True	True	[0.502818763256073, 0.4971812665462494, 0.3635062575340271, 0.6364937424659729]	0.1393124908208847	0.1336749941110611	0.06965623795986176	0.06683750450611115	0.6364937424659729	[29363, 29363, 29363, 29363, 29363]	[29425, 29425, 29425, 29425, 29425]		
5030.8255	2.963249999999789	epochs															maze_arm	332.0
5033.805	5.185249999999542	epochs															feedback_and_iti	332.0
5033.805	0.9924999999993815	epochs															feedback_delay	332.0
5034.817	1.9754999999995562	epochs															feedback	332.0
5036.97475	2.01549999999952	epochs															iti	332.0
5039.019	8.469000000000051	epochs															maze	333.0
5039.019	6.056749999999738	epochs															maze_stem	333.0
5039.04275	15.507500000000618	trials	False	True	False	False	True	False	[0.5514107346534729, 0.4485892355442047, 0.3151322305202484, 0.6848677396774292]	0.2362785041332245	0.1334570050239563	-0.11813925206661224	0.06672848761081696	0.4485892355442047	[29458, 29458, 29457, 29457, 29457]	[29508, 29507, 29507, 29507, 29507]		
5045.09675	2.391250000000582	epochs															maze_arm	333.0
5047.5045	7.024749999999585	epochs															feedback_and_iti	333.0
5047.5045	0.9989999999997963	epochs															feedback_delay	333.0
5048.52175	1.981249999999818	epochs															feedback	333.0
5050.54075	3.988499999999476	epochs															iti	333.0
5054.55025	7.824249999999665	epochs															maze	334.0
5054.55025	5.861499999999978	epochs															maze_stem	334.0
5054.57025	13.020250000000487	trials	True	True	False	False	False	True	[0.3324007987976074, 0.6675992012023926, 0.25437626242637634, 0.745623767375946]	0.07802455127239227	0.41322295367717743	0.03901226818561554	-0.20661146938800812	0.3324007987976074	[29551, 29551, 29550, 29550, 29550]	[29597, 29597, 29596, 29596, 29596]		
5060.4315	1.943000000000211	epochs															maze_arm	334.0
5062.3955	5.17450000000008	epochs															feedback_and_iti	334.0
5062.3955	0.9922500000002401	epochs															feedback_delay	334.0
5063.407	1.9727499999999054	epochs															feedback	334.0
5065.57625	1.9937499999996362	epochs															iti	334.0
5067.5905	13.512749999999869	epochs															maze	335.0
5067.5905	11.686749999999847	epochs															maze_stem	335.0
5067.60875	18.725999999999658	trials	True	True	False	False	False	True	[0.5222784280776978, 0.477721631526947, 0.33129552006721497, 0.6687044501304626]	0.1909828633069992	0.14642606675624847	0.0954914540052414	-0.07321302592754364	0.5222784280776978	[29629, 29629, 29629, 29628, 29628]	[29709, 29709, 29709, 29709, 29708]		
5079.2975	1.8057500000004438	epochs															maze_arm	335.0
5081.12525	5.188500000000204	epochs															feedback_and_iti	335.0
5081.12525	0.9939999999996871	epochs															feedback_delay	335.0
5082.14025	1.983749999999418	epochs															feedback	335.0
5084.3225	1.9912500000000364	epochs															iti	335.0
5086.33475	9.55199999999968	epochs															maze	336.0
5086.33475	7.1469999999999345	epochs															maze_stem	336.0
5086.354	16.600749999999607	trials	False	True	False	True	False	False	[0.7867451310157776, 0.21325482428073883, 0.4845729470252991, 0.5154270529747009]	0.3021722063422203	-0.27131810039281845	-0.15108609199523926	0.13565903902053833	0.4845729470252991	[29741, 29741, 29741, 29741, 29741]	[29798, 29798, 29797, 29797, 29797]		
5093.50225	2.3845000000001164	epochs															maze_arm	336.0
5095.90375	7.0222499999999854	epochs															feedback_and_iti	336.0
5095.90375	0.9872499999992215	epochs															feedback_delay	336.0
5096.90725	1.987500000000182	epochs															feedback	336.0
5098.9345	3.9915000000000873	epochs															iti	336.0
5102.95475	11.954249999999774	epochs															maze	337.0
5102.95475	9.605999999999767	epochs															maze_stem	337.0
5102.97775	18.998499999999694	trials	False	True	False	True	False	False	[0.5058435797691345, 0.4941564202308655, 0.3353640139102936, 0.664635956287384]	0.17047955095767975	0.1587923914194107	-0.08523978292942047	-0.07939620316028595	0.3353640139102936	[29841, 29841, 29841, 29840, 29840]	[29912, 29912, 29911, 29911, 29911]		
5112.58175	2.327249999999367	epochs															maze_arm	337.0
5114.928	7.0275000000001455	epochs															feedback_and_iti	337.0
5114.928	0.9949999999998909	epochs															feedback_delay	337.0
5115.9415	1.9830000000001746	epochs															feedback	337.0
5117.97075	3.9847499999996217	epochs															iti	337.0
5121.97625	11.14600000000064	epochs															maze	338.0
5121.97625	7.248500000000604	epochs															maze_stem	338.0
5121.99725	16.342999999999847	trials	False	True	False	True	True	True	[0.5907906889915466, 0.40920931100845337, 0.3743446469306946, 0.6256553530693054]	0.21644604206085205	0.03486466407775879	0.10822302103042603	0.017432332038879395	0.6256553530693054	[29955, 29955, 29955, 29955, 29954]	[30021, 30021, 30021, 30020, 30020]		
5129.24475	3.8775000000005093	epochs															maze_arm	338.0
5133.1405	5.178749999999127	epochs															feedback_and_iti	338.0
5133.1405	0.9947499999998399	epochs															feedback_delay	338.0
5134.15175	1.9849999999996726	epochs															feedback	338.0
5136.32475	1.994499999999789	epochs															iti	338.0
5138.34025	8.581250000000182	epochs															maze	339.0
5138.34025	7.055999999999585	epochs															maze_stem	339.0
5138.3595	13.772000000000844	trials	False	True	False	False	False	True	[0.6128383874893188, 0.3871615529060364, 0.3227359354496002, 0.6772640943527222]	0.2901024967432022	0.06442566215991974	0.14505122601985931	-0.032212838530540466	0.6128383874893188	[30053, 30053, 30053, 30053, 30052]	[30104, 30104, 30103, 30103, 30103]		
5145.41725	1.5042499999999563	epochs															maze_arm	339.0
5146.94	5.170250000000124	epochs															feedback_and_iti	339.0
5146.94	0.9864999999999782	epochs															feedback_delay	339.0
5147.9455	1.9915000000000873	epochs															feedback	339.0
5150.12275	1.9874999999992724	epochs															iti	339.0
5152.1315	8.360499999999774	epochs															maze	340.0
5152.1315	6.867999999999483	epochs															maze_stem	340.0
5152.15425	13.542750000000524	trials	False	True	False	False	False	True	[0.7678032517433167, 0.23219674825668335, 0.4293708801269531, 0.5706291198730469]	0.3384323716163635	-0.19717413187026978	0.16921618580818176	0.09858706593513489	0.7678032517433167	[30136, 30136, 30136, 30135, 30135]	[30185, 30185, 30185, 30184, 30184]		
5159.02	1.4719999999997526	epochs															maze_arm	340.0
5160.50875	5.164749999999913	epochs															feedback_and_iti	340.0
5160.50875	0.9982499999996435	epochs															feedback_delay	340.0
5161.526	1.967250000000604	epochs															feedback	340.0
5163.68125	1.99225000000024	epochs															iti	340.0
5165.697	7.743499999999585	epochs															maze	341.0
5165.697	6.157999999999447	epochs															maze_stem	341.0
5165.724	12.929250000000138	trials	False	True	False	False	False	True	[0.8666593432426453, 0.13334067165851593, 0.5200533270835876, 0.47994670271873474]	0.3466060236096382	-0.3867126479744911	0.1733030080795288	0.19335633516311646	0.8666593432426453	[30217, 30217, 30217, 30217, 30216]	[30263, 30263, 30262, 30262, 30262]		
5171.8755	1.5649999999995998	epochs															maze_arm	341.0
5173.45725	5.175749999999425	epochs															feedback_and_iti	341.0
5173.45725	0.9982499999996435	epochs															feedback_delay	341.0
5174.474	1.9790000000002692	epochs															feedback	341.0
5176.64475	1.9882499999994252	epochs															iti	341.0
5178.65325	10.86974999999984	epochs															maze	342.0
5178.65325	6.3732499999996435	epochs															maze_stem	342.0
5178.673	16.059250000000247	trials	True	True	False	True	True	True	[0.8822451829910278, 0.1177547499537468, 0.5186305046081543, 0.4813694953918457]	0.3636147119104862	-0.4008757211267948	0.18180737271904945	-0.20043787732720375	0.4813694953918457	[30295, 30295, 30295, 30294, 30294]	[30359, 30359, 30359, 30359, 30358]		
5185.0465	4.47649999999976	epochs															maze_arm	342.0
5189.5445	5.164249999999811	epochs															feedback_and_iti	342.0
5189.5445	0.98700000000008	epochs															feedback_delay	342.0
5190.5525	1.981249999999818	epochs															feedback	342.0
5192.72725	1.981499999999869	epochs															iti	342.0
5194.73225	11.492500000000291	epochs															maze	343.0
5194.73225	8.381999999999607	epochs															maze_stem	343.0
5194.753	16.693250000000262	trials	False	True	False	True	True	True	[0.7576335668563843, 0.2423665076494217, 0.32574400305747986, 0.6742560267448425]	0.43188954144716263	-0.08337751775979996	0.21594475954771042	-0.04168873280286789	0.6742560267448425	[30391, 30391, 30391, 30391, 30391]	[30459, 30459, 30459, 30459, 30458]		
5203.136	3.088749999999891	epochs															maze_arm	343.0
5206.24275	5.170749999999316	epochs															feedback_and_iti	343.0
5206.24275	0.9947499999998399	epochs															feedback_delay	343.0
5207.2545	1.9727499999999054	epochs															feedback	343.0
5209.41475	1.9987499999997453	epochs															iti	343.0
5211.44625	8.875	epochs															maze	344.0
5211.44625	6.756250000000364	epochs															maze_stem	344.0
5211.473	14.073750000000473	trials	False	True	False	True	True	True	[0.6456698179244995, 0.3543301522731781, 0.2392924278974533, 0.7607075572013855]	0.4063773974776268	0.11503773182630539	0.2031887024641037	0.0575188547372818	0.7607075572013855	[30492, 30491, 30491, 30491, 30491]	[30544, 30544, 30543, 30543, 30543]		
5218.22375	2.0974999999998545	epochs															maze_arm	344.0
5220.33925	5.183250000000044	epochs															feedback_and_iti	344.0
5220.33925	0.9972500000003492	epochs															feedback_delay	344.0
5221.35325	1.9782500000001164	epochs															feedback	344.0
5223.52725	1.9952499999999418	epochs															iti	344.0
5225.54675	9.931749999999738	epochs															maze	345.0
5225.54675	6.476999999999862	epochs															maze_stem	345.0
5225.56725	15.115999999999985	trials	False	True	False	True	True	True	[0.6216699481010437, 0.3783300817012787, 0.1825040578842163, 0.8174959421157837]	0.4391658753156662	0.19582600891590118	0.2195829302072525	0.09791301190853119	0.8174959421157837	[30576, 30576, 30576, 30575, 30575]	[30635, 30634, 30634, 30634, 30634]		
5232.0445	3.4340000000001965	epochs															maze_arm	345.0
5235.496	5.166500000000269	epochs															feedback_and_iti	345.0
5235.496	0.9837500000003274	epochs															feedback_delay	345.0
5236.4985	1.992500000000291	epochs															feedback	345.0
5238.68025	1.9822500000000218	epochs															iti	345.0
5240.68325	9.013750000000073	epochs															maze	346.0
5240.68325	6.032000000000153	epochs															maze_stem	346.0
5240.70425	14.204000000000633	trials	False	True	False	True	True	True	[0.56040358543396, 0.4395964443683624, 0.1462716907262802, 0.8537282943725586]	0.41413187235593796	0.2933247312903404	0.20706592500209808	0.1466623693704605	0.8537282943725586	[30667, 30667, 30666, 30666, 30666]	[30720, 30720, 30720, 30719, 30719]		
5246.736	2.96100000000024	epochs															maze_arm	346.0
5249.72325	5.1655000000000655	epochs															feedback_and_iti	346.0
5249.72325	0.9899999999997817	epochs															feedback_delay	346.0
5250.7315	1.9785000000001673	epochs															feedback	346.0
5252.89675	1.9920000000001892	epochs															iti	346.0
5254.90825	9.373499999999694	epochs															maze	347.0
5254.90825	5.71599999999944	epochs															maze_stem	347.0
5254.92975	14.550249999999323	trials	False	True	False	True	True	True	[0.49913474917411804, 0.5008652806282043, 0.12173932045698166, 0.8782607316970825]	0.3773954398930073	0.3791259713470936	0.1886977255344391	0.18956300616264343	0.8782607316970825	[30752, 30752, 30752, 30752, 30751]	[30807, 30807, 30807, 30807, 30807]		
5260.6455	3.636250000000473	epochs															maze_arm	347.0
5264.2995	5.153250000000298	epochs															feedback_and_iti	347.0
5264.2995	0.987250000000131	epochs															feedback_delay	347.0
5265.30325	1.9792500000003201	epochs															feedback	347.0
5267.46	1.992750000000342	epochs															iti	347.0
5269.48	10.33575000000019	epochs															maze	348.0
5269.48	5.960500000000138	epochs															maze_stem	348.0
5269.50275	15.533250000000407	trials	True	True	False	True	True	True	[0.4526471197605133, 0.5473528504371643, 0.10608770698308945, 0.8939123153686523]	0.34655943885445595	0.44126516953110695	0.17327973246574402	0.22063258290290833	0.8939123153686523	[30839, 30839, 30839, 30839, 30839]	[30901, 30900, 30900, 30900, 30900]		
5275.459	4.35674999999992	epochs															maze_arm	348.0
5279.8365	5.179249999999229	epochs															feedback_and_iti	348.0
5279.8365	0.9974999999994907	epochs															feedback_delay	348.0
5280.856	1.9652500000001965	epochs															feedback	348.0
5283.02375	1.9919999999992797	epochs															iti	348.0
5285.036	11.20049999999992	epochs															maze	349.0
5285.036	6.811999999999898	epochs															maze_stem	349.0
5285.05425	16.399249999999483	trials	True	True	False	True	True	True	[0.40526890754699707, 0.5947310924530029, 0.10900214314460754, 0.8909978866577148]	0.2962667793035507	0.4857289642095566	0.14813339710235596	0.2428644895553589	0.8909978866577148	[30933, 30933, 30932, 30932, 30932]	[30999, 30999, 30999, 30998, 30998]		
5291.86825	4.368249999999534	epochs															maze_arm	349.0
5296.256	5.175249999999323	epochs															feedback_and_iti	349.0
5296.256	0.9827500000001237	epochs															feedback_delay	349.0
5297.2585	1.981249999999818	epochs															feedback	349.0
5299.43175	1.9994999999998981	epochs															iti	349.0
5301.4535	8.255750000000262	epochs															maze	350.0
5301.4535	6.818500000000313	epochs															maze_stem	350.0
5301.4765	13.427500000000691	trials	False	True	False	False	False	True	[0.2853095531463623, 0.7146904468536377, 0.09653200209140778, 0.9034679532051086]	0.18877752870321274	0.6181584224104881	0.09438877552747726	-0.30907922238111496	0.2853095531463623	[31031, 31031, 31031, 31031, 31030]	[31080, 31080, 31079, 31079, 31079]		
5308.29275	1.4165000000002692	epochs															maze_arm	350.0
5309.7265	5.155999999999949	epochs															feedback_and_iti	350.0
5309.7265	1.0010000000002037	epochs															feedback_delay	350.0
5310.7495	1.9602500000000873	epochs															feedback	350.0
5312.89175	1.9907499999999345	epochs															iti	350.0
5314.904	9.770499999999629	epochs															maze	351.0
5314.904	7.249499999999898	epochs															maze_stem	351.0
5314.92525	14.954999999999927	trials	False	True	False	True	True	True	[0.6229106187820435, 0.37708941102027893, 0.18947269022464752, 0.8105273842811584]	0.4334379509091377	0.1876167431473732	0.21671898663043976	0.09380839765071869	0.8105273842811584	[31112, 31112, 31111, 31111, 31111]	[31169, 31169, 31169, 31169, 31169]		
5322.17525	2.499249999999847	epochs															maze_arm	351.0
5324.6925	5.166000000000167	epochs															feedback_and_iti	351.0
5324.6925	0.9844999999995707	epochs															feedback_delay	351.0
5325.6955	1.9960000000000946	epochs															feedback	351.0
5327.875	1.9835000000002765	epochs															iti	351.0
5329.88025	8.381249999999454	epochs															maze	352.0
5329.88025	6.8217500000000655	epochs															maze_stem	352.0
5329.90075	13.577750000000378	trials	True	True	False	False	False	True	[0.6542071104049683, 0.34579288959503174, 0.1622978299856186, 0.8377021551132202]	0.4919092729687691	0.18349505215883255	0.24595464020967484	-0.09174752980470657	0.6542071104049683	[31202, 31201, 31201, 31201, 31201]	[31251, 31251, 31251, 31250, 31250]		
5336.72225	1.5392499999998108	epochs															maze_arm	352.0
5338.283	5.173749999999927	epochs															feedback_and_iti	352.0
5338.283	0.996249999999236	epochs															feedback_delay	352.0
5339.3005	1.9749999999994543	epochs															feedback	352.0
5341.4695	1.987250000000131	epochs															iti	352.0
5343.4785	9.559499999999389	epochs															maze	353.0
5343.4785	6.116250000000036	epochs															maze_stem	353.0
5343.49925	14.754500000000007	trials	False	True	False	True	True	True	[0.7412176728248596, 0.25878235697746277, 0.24736638367176056, 0.7526336908340454]	0.49385131150484085	0.011415995657444	0.24692566692829132	0.005708023905754089	0.7526336908340454	[31283, 31283, 31283, 31283, 31282]	[31340, 31339, 31339, 31339, 31339]		
5349.614	3.423999999999978	epochs															maze_arm	353.0
5353.0545	5.177499999999782	epochs															feedback_and_iti	353.0
5353.0545	0.9972499999994398	epochs															feedback_delay	353.0
5354.0705	1.9682499999998981	epochs															feedback	353.0
5356.2435	1.9885000000003856	epochs															iti	353.0
5358.25375	9.069250000000466	epochs															maze	354.0
5358.25375	5.706500000000233	epochs															maze_stem	354.0
5358.2755	14.25500000000011	trials	False	True	False	True	True	True	[0.679610550403595, 0.3203895092010498, 0.1661018431186676, 0.8338981866836548]	0.5135086923837662	0.154287651181221	0.2567543387413025	0.0771438479423523	0.8338981866836548	[31372, 31372, 31371, 31371, 31371]	[31425, 31425, 31425, 31425, 31424]		
5363.98175	3.3412500000004	epochs															maze_arm	354.0
5367.34075	5.168499999999767	epochs															feedback_and_iti	354.0
5367.34075	0.9987499999997453	epochs															feedback_delay	354.0
5368.3565	1.979750000000422	epochs															feedback	354.0
5370.51425	1.9949999999998909	epochs															iti	354.0
5372.5305	8.967499999999745	epochs															maze	355.0
5372.5305	7.532000000000153	epochs															maze_stem	355.0
5372.55225	14.13275000000067	trials	False	True	False	False	False	True	[0.7213704586029053, 0.27862951159477234, 0.17075787484645844, 0.8292421102523804]	0.5506125912070274	0.1078716441988945	0.2753062918782234	-0.053935833275318146	0.7213704586029053	[31457, 31457, 31457, 31457, 31457]	[31510, 31510, 31510, 31510, 31509]		
5380.08275	1.4152500000000146	epochs															maze_arm	355.0
5381.514	5.149999999999636	epochs															feedback_and_iti	355.0
5381.514	0.9937499999996362	epochs															feedback_delay	355.0
5382.52625	1.9782500000001164	epochs															feedback	355.0
5384.681	1.9830000000001746	epochs															iti	355.0
5386.685	10.561749999999847	epochs															maze	356.0
5386.685	5.727499999999964	epochs															maze_stem	356.0
5386.70475	15.764500000000226	trials	True	True	False	True	True	True	[0.7821009755134583, 0.21789897978305817, 0.2220691740512848, 0.7779307961463928]	0.5600318089127541	-0.004170186817646027	0.28001590818166733	-0.0020851120352745056	0.7779307961463928	[31542, 31542, 31542, 31542, 31541]	[31605, 31604, 31604, 31604, 31604]		
5392.432	4.814750000000458	epochs															maze_arm	356.0
5397.26725	5.180750000000444	epochs															feedback_and_iti	356.0
5397.26725	0.9805000000005748	epochs															feedback_delay	356.0
5398.26875	1.9907499999999345	epochs															feedback	356.0
5400.4535	1.9945000000006985	epochs															iti	356.0
5402.46925	9.843249999999898	epochs															maze	357.0
5402.46925	6.1085000000002765	epochs															maze_stem	357.0
5402.4905	15.045000000000073	trials	False	True	False	True	True	True	[0.7560803294181824, 0.24391964077949524, 0.18074266612529755, 0.819257378578186]	0.5753377005457878	0.06317701190710068	0.2876688688993454	0.03158850967884064	0.819257378578186	[31637, 31637, 31636, 31636, 31636]	[31695, 31695, 31695, 31694, 31694]		
5408.598	3.7145000000000437	epochs															maze_arm	357.0
5412.33075	5.173499999999876	epochs															feedback_and_iti	357.0
5412.33075	0.988999999999578	epochs															feedback_delay	357.0
5413.33825	1.9902499999998327	epochs															feedback	357.0
5415.50475	1.9994999999998981	epochs															iti	357.0
5417.5355	8.312750000000051	epochs															maze	358.0
5417.5355	5.654749999999694	epochs															maze_stem	358.0
5417.56025	13.493499999999585	trials	False	True	False	True	True	True	[0.7254397869110107, 0.27456018328666687, 0.16745103895664215, 0.8325489163398743]	0.557988740503788	0.10710913687944412	0.2789943665266037	0.05355454981327057	0.8325489163398743	[31727, 31727, 31727, 31727, 31726]	[31776, 31776, 31776, 31775, 31775]		
5423.209	2.6392500000001746	epochs															maze_arm	358.0
5425.864	5.168250000000626	epochs															feedback_and_iti	358.0
5425.864	0.9875000000001819	epochs															feedback_delay	358.0
5426.87	1.9920000000001892	epochs															feedback	358.0
5429.0525	1.979750000000422	epochs															iti	358.0
5431.05375	8.788499999999658	epochs															maze	359.0
5431.05375	7.307749999999942	epochs															maze_stem	359.0
5431.0745	13.978750000000218	trials	False	True	False	False	False	True	[0.7202120423316956, 0.27978795766830444, 0.13807477056980133, 0.8619252443313599]	0.5821372792124748	0.1417131945490837	0.2910686358809471	-0.07085659354925156	0.7202120423316956	[31808, 31808, 31808, 31808, 31807]	[31860, 31860, 31860, 31859, 31859]		
5438.382	1.4602500000000873	epochs															maze_arm	359.0
5439.85875	5.1727499999997235	epochs															feedback_and_iti	359.0
5439.85875	0.9847499999996217	epochs															feedback_delay	359.0
5440.8605	1.9940000000005966	epochs															feedback	359.0
5443.04525	1.9862499999999272	epochs															iti	359.0
5445.05325	9.439250000000357	epochs															maze	360.0
5445.05325	5.692500000000109	epochs															maze_stem	360.0
5445.074	14.6225000000004	trials	False	True	False	True	True	True	[0.7770522832870483, 0.22294770181179047, 0.20022672414779663, 0.7997733354568481]	0.5768255963921547	0.02272101491689682	0.28841281682252884	0.011360518634319305	0.7997733354568481	[31892, 31892, 31892, 31892, 31891]	[31948, 31948, 31947, 31947, 31947]		
5450.76475	3.7277500000000146	epochs															maze_arm	360.0
5454.5085	5.16675000000032	epochs															feedback_and_iti	360.0
5454.5085	0.9994999999998981	epochs															feedback_delay	360.0
5455.527	1.9752499999995052	epochs															feedback	360.0
5457.6915	1.9837500000003274	epochs															iti	360.0
5459.6965	7.975499999999556	epochs															maze	361.0
5459.6965	6.309250000000247	epochs															maze_stem	361.0
5459.71525	13.183750000000146	trials	True	True	False	False	False	True	[0.7505685687065125, 0.24943143129348755, 0.149631068110466, 0.8503689169883728]	0.6009374931454659	0.09980035573244095	0.3004687502980232	-0.04990018159151077	0.7505685687065125	[31980, 31980, 31980, 31979, 31979]	[32027, 32027, 32026, 32026, 32026]		
5466.02625	1.6457499999996799	epochs															maze_arm	361.0
5467.6935	5.177499999999782	epochs															feedback_and_iti	361.0
5467.6935	0.9864999999999782	epochs															feedback_delay	361.0
5468.702	1.9785000000001673	epochs															feedback	361.0
5470.8745	1.9965000000001965	epochs															iti	361.0
5472.899	20.655499999999847	epochs															maze	362.0
5472.899	18.948749999999563	epochs															maze_stem	362.0
5472.91975	25.84349999999995	trials	False	True	False	False	False	True	[0.7848606109619141, 0.21513943374156952, 0.22849474847316742, 0.7715052962303162]	0.5563658624887466	-0.0133553147315979	0.2781829312443733	0.006677679717540741	0.7848606109619141	[32059, 32059, 32059, 32059, 32058]	[32182, 32182, 32182, 32181, 32181]		
5491.86925	1.685250000000451	epochs															maze_arm	362.0
5493.57275	5.170999999999367	epochs															feedback_and_iti	362.0
5493.57275	0.9875000000001819	epochs															feedback_delay	362.0
5494.57925	1.9859999999998763	epochs															feedback	362.0
5496.75575	1.9879999999993743	epochs															iti	362.0
5498.76325	11.339500000000044	epochs															maze	363.0
5498.76325	8.583999999999833	epochs															maze_stem	363.0
5498.784	18.381250000000364	trials	False	True	False	False	True	False	[0.8536255955696106, 0.1463743895292282, 0.2468215525150299, 0.7531784772872925]	0.6068040654063225	-0.1004471406340599	-0.30340204387903214	-0.050223566591739655	0.1463743895292282	[32214, 32214, 32214, 32214, 32213]	[32281, 32281, 32281, 32281, 32280]		
5507.3665	2.7362499999999272	epochs															maze_arm	363.0
5510.121	7.025249999999687	epochs															feedback_and_iti	363.0
5510.121	0.9962500000001455	epochs															feedback_delay	363.0
5511.13575	1.9787499999993088	epochs															feedback	363.0
5513.1535	3.9927499999994325	epochs															iti	363.0
5517.16525	11.736499999999978	epochs															maze	364.0
5517.16525	7.884500000000116	epochs															maze_stem	364.0
5517.185	16.937999999999192	trials	True	True	False	True	True	True	[0.6472108960151672, 0.352789044380188, 0.18895898759365082, 0.8110409379005432]	0.4582519009709358	0.16383004933595657	0.2291259467601776	0.0819149911403656	0.8110409379005432	[32325, 32324, 32324, 32324, 32324]	[32394, 32394, 32394, 32393, 32393]		
5525.072	3.8297499999998763	epochs															maze_arm	364.0
5528.92275	5.177749999999833	epochs															feedback_and_iti	364.0
5528.92275	0.9994999999998981	epochs															feedback_delay	364.0
5529.94325	1.9692500000001019	epochs															feedback	364.0
5532.10225	1.9982499999996435	epochs															iti	364.0
5534.123	10.63800000000083	epochs															maze	365.0
5534.123	8.610500000000684	epochs															maze_stem	365.0
5534.144	15.820749999999862	trials	False	True	False	False	False	True	[0.7341383695602417, 0.2658616304397583, 0.1913251429796219, 0.8086748123168945]	0.542813204228878	0.07453646510839462	0.2714066132903099	-0.03726824373006821	0.7341383695602417	[32426, 32426, 32426, 32426, 32425]	[32489, 32489, 32489, 32488, 32488]		
5542.754	2.0070000000005166	epochs															maze_arm	365.0
5544.77925	5.1655000000000655	epochs															feedback_and_iti	365.0
5544.77925	0.9970000000002983	epochs															feedback_delay	365.0
5545.79525	1.9677499999997963	epochs															feedback	365.0
5547.9555	1.989249999999629	epochs															iti	365.0
5549.96475	8.367999999999483	epochs															maze	366.0
5549.96475	6.78899999999976	epochs															maze_stem	366.0
5549.9855	13.548249999999825	trials	False	True	False	False	False	True	[0.7814671397209167, 0.21853286027908325, 0.20151881873607635, 0.7984812259674072]	0.5799483433365822	0.017014063894748688	0.2899741604924202	-0.008507020771503448	0.7814671397209167	[32521, 32521, 32521, 32521, 32520]	[32570, 32570, 32570, 32570, 32570]		
5556.7745	1.5582499999991342	epochs															maze_arm	366.0
5558.35075	5.161750000000211	epochs															feedback_and_iti	366.0
5558.35075	0.9915000000000873	epochs															feedback_delay	366.0
5559.35925	1.9739999999992506	epochs															feedback	366.0
5561.5225	1.9899999999997817	epochs															iti	366.0
5563.53375	8.394000000000233	epochs															maze	367.0
5563.53375	6.686000000000604	epochs															maze_stem	367.0
5563.55375	13.615499999999884	trials	False	True	False	False	False	True	[0.8513804078102112, 0.14861954748630524, 0.25304171442985535, 0.7469582557678223]	0.5983387008309364	-0.10442215949296951	0.2991693466901779	0.052211061120033264	0.8513804078102112	[32603, 32602, 32602, 32602, 32602]	[32652, 32652, 32651, 32651, 32651]		
5570.24025	1.6875	epochs															maze_arm	367.0
5571.946	5.199999999999818	epochs															feedback_and_iti	367.0
5571.946	0.9875000000001819	epochs															feedback_delay	367.0
5572.95175	1.9799999999995634	epochs															feedback	367.0
5575.134	2.0119999999997162	epochs															iti	367.0
5577.16925	7.478250000000116	epochs															maze	368.0
5577.16925	5.730000000000473	epochs															maze_stem	368.0
5577.1895	12.676499999999578	trials	False	True	False	False	False	True	[0.8764387965202332, 0.12356117367744446, 0.27252423763275146, 0.7274758219718933]	0.6039146035909653	-0.14896301925182343	0.30195727944374084	0.07448151707649231	0.8764387965202332	[32684, 32684, 32684, 32684, 32683]	[32728, 32728, 32728, 32728, 32727]		
5582.9215	1.725999999999658	epochs															maze_arm	368.0
5584.66425	5.18224999999984	epochs															feedback_and_iti	368.0
5584.66425	0.9985000000006039	epochs															feedback_delay	368.0
5585.68175	1.9792500000003201	epochs															feedback	368.0
5587.841	2.0054999999993015	epochs															iti	368.0
5589.866	7.9722499999998035	epochs															maze	369.0
5589.866	6.219500000000153	epochs															maze_stem	369.0
5589.88675	13.18225000000075	trials	False	True	False	False	False	True	[0.8750725388526917, 0.12492746114730835, 0.27106887102127075, 0.7289311289787292]	0.6040036678314209	-0.1461414098739624	0.30200183391571045	0.0730707049369812	0.8750725388526917	[32760, 32760, 32760, 32760, 32760]	[32807, 32807, 32807, 32807, 32806]		
5596.106	1.7322500000000218	epochs															maze_arm	369.0
5597.854	5.186249999999745	epochs															feedback_and_iti	369.0
5597.854	0.9974999999994907	epochs															feedback_delay	369.0
5598.868	1.9822500000000218	epochs															feedback	369.0
5601.0415	1.9987499999997453	epochs															iti	369.0
5603.069	9.078749999999673	epochs															maze	370.0
5603.069	6.650249999999687	epochs															maze_stem	370.0
5603.09125	14.261999999999716	trials	False	True	False	True	True	True	[0.8761374950408936, 0.12386257201433182, 0.27029433846473694, 0.7297056913375854]	0.6058431379497051	-0.1464317850768566	0.3029215596616268	-0.07321586832404137	0.7297056913375854	[32840, 32839, 32839, 32839, 32839]	[32893, 32893, 32893, 32892, 32892]		
5609.73925	2.4085000000004584	epochs															maze_arm	370.0
5612.1635	5.166500000000269	epochs															feedback_and_iti	370.0
5612.1635	0.9962500000001455	epochs															feedback_delay	370.0
5613.179	1.9702500000003056	epochs															feedback	370.0
5615.334	1.9960000000000946	epochs															iti	370.0
5617.35325	8.977499999999964	epochs															maze	371.0
5617.35325	6.207249999999476	epochs															maze_stem	371.0
5617.37625	14.172749999999724	trials	False	True	False	True	True	True	[0.8157863020896912, 0.18421369791030884, 0.1764368712902069, 0.8235630989074707]	0.6393494158983231	0.007776811718940735	0.31967470049858093	0.0038883984088897705	0.8235630989074707	[32925, 32925, 32925, 32925, 32924]	[32978, 32978, 32978, 32977, 32977]		
5623.58125	2.749499999999898	epochs															maze_arm	371.0
5626.34825	5.180500000000393	epochs															feedback_and_iti	371.0
5626.34825	0.9922500000002401	epochs															feedback_delay	371.0
5627.35725	1.9844999999995707	epochs															feedback	371.0
5629.53175	1.9970000000002983	epochs															iti	371.0
5631.549	8.054250000000138	epochs															maze	372.0
5631.549	6.338999999999942	epochs															maze_stem	372.0
5631.56725	13.251999999999498	trials	False	True	False	False	False	True	[0.7866538166999817, 0.21334616839885712, 0.16901332139968872, 0.8309866786003113]	0.6176405027508736	0.04433285444974899	0.3088202476501465	-0.022166430950164795	0.7866538166999817	[33010, 33010, 33010, 33010, 33009]	[33058, 33057, 33057, 33057, 33057]		
5637.90875	1.6945000000005166	epochs															maze_arm	372.0
5639.6205	5.1784999999999854	epochs															feedback_and_iti	372.0
5639.6205	0.9897499999997308	epochs															feedback_delay	372.0
5640.6285	1.979500000000371	epochs															feedback	372.0
5642.805	1.9939999999996871	epochs															iti	372.0
5644.81925	7.519500000000335	epochs															maze	373.0
5644.81925	5.985000000000582	epochs															maze_stem	373.0
5644.83975	12.702500000000327	trials	False	True	False	False	False	True	[0.8059450387954712, 0.19405494630336761, 0.1962393820285797, 0.8037605881690979]	0.6097056493163109	-0.002184443175792694	0.30485282838344574	0.0010922104120254517	0.8059450387954712	[33090, 33090, 33089, 33089, 33089]	[33134, 33134, 33134, 33133, 33133]		
5650.82425	1.5145000000002256	epochs															maze_arm	373.0
5652.35475	5.16649999999936	epochs															feedback_and_iti	373.0
5652.35475	0.9997499999999491	epochs															feedback_delay	373.0
5653.37225	1.9667499999995925	epochs															feedback	373.0
5655.53075	1.9904999999998836	epochs															iti	373.0
5657.54225	8.061499999999796	epochs															maze	374.0
5657.54225	5.91924999999992	epochs															maze_stem	374.0
5657.56275	15.090000000000146	trials	False	True	False	False	True	False	[0.8563457727432251, 0.14365427196025848, 0.2377965897321701, 0.7622033953666687]	0.6185491532087326	-0.09414234757423401	-0.3092745617032051	-0.04707116633653641	0.14365427196025848	[33166, 33166, 33166, 33166, 33165]	[33214, 33213, 33213, 33213, 33213]		
5663.4835	2.120249999999942	epochs															maze_arm	374.0
5665.6215	7.010749999999462	epochs															feedback_and_iti	374.0
5665.6215	0.9989999999997963	epochs															feedback_delay	374.0
5666.6385	1.974250000000211	epochs															feedback	374.0
5668.64975	3.9825000000000728	epochs															iti	374.0
5672.65275	9.251749999999447	epochs															maze	375.0
5672.65275	6.7667499999997744	epochs															maze_stem	375.0
5672.6735	14.435500000000502	trials	False	True	False	True	True	True	[0.6441742181777954, 0.355825811624527, 0.17942626774311066, 0.8205737471580505]	0.46474794298410416	0.17639953643083572	0.23237396776676178	0.08819977939128876	0.8205737471580505	[33257, 33257, 33256, 33256, 33256]	[33311, 33311, 33311, 33311, 33310]		
5679.44025	2.4642499999999927	epochs															maze_arm	375.0
5681.92225	5.161000000000058	epochs															feedback_and_iti	375.0
5681.92225	0.9960000000000946	epochs															feedback_delay	375.0
5682.936	1.9695000000001528	epochs															feedback	375.0
5685.098	1.9852499999997235	epochs															iti	375.0
5687.109	10.440749999999753	epochs															maze	376.0
5687.109	7.706749999999374	epochs															maze_stem	376.0
5687.12925	17.469750000000204	trials	False	True	False	False	True	False	[0.6526964902877808, 0.34730350971221924, 0.11045053601264954, 0.8895494341850281]	0.54224593937397	0.2368529587984085	-0.2711229622364044	0.11842647194862366	0.34730350971221924	[33343, 33343, 33343, 33343, 33343]	[33405, 33405, 33405, 33404, 33404]		
5694.836	2.713749999999891	epochs															maze_arm	376.0
5697.56625	7.011999999999716	epochs															feedback_and_iti	376.0
5697.56625	0.9909999999999854	epochs															feedback_delay	376.0
5698.57525	1.9769999999998618	epochs															feedback	376.0
5700.5895	3.988749999999527	epochs															iti	376.0
5704.599	7.074999999999818	epochs															maze	377.0
5704.599	5.4282499999999345	epochs															maze_stem	377.0
5704.6205	12.261499999999614	trials	False	True	False	False	False	True	[0.441425621509552, 0.5585743188858032, 0.1661214828491211, 0.8338785171508789]	0.2753041684627533	0.3924528658390045	0.13765206933021545	-0.19622644782066345	0.441425621509552	[33448, 33448, 33448, 33448, 33447]	[33490, 33490, 33489, 33489, 33489]		
5710.04775	1.6262500000002547	epochs															maze_arm	377.0
5711.69125	5.169750000000022	epochs															feedback_and_iti	377.0
5711.69125	0.9830000000001746	epochs															feedback_delay	377.0
5712.70175	1.988999999999578	epochs															feedback	377.0
5714.876	1.9849999999996726	epochs															iti	377.0
5716.882	8.259500000000116	epochs															maze	378.0
5716.882	6.736250000000837	epochs															maze_stem	378.0
5716.90175	13.469500000000153	trials	True	True	False	False	False	True	[0.6152017712593079, 0.3847982585430145, 0.16861605644226074, 0.831384003162384]	0.4465857297182083	0.21618221700191498	0.22329285740852356	-0.1080910861492157	0.6152017712593079	[33522, 33522, 33522, 33521, 33521]	[33571, 33570, 33570, 33570, 33570]		
5723.63775	1.5037499999998545	epochs															maze_arm	378.0
5725.1665	5.179749999999331	epochs															feedback_and_iti	378.0
5725.1665	0.9972499999994398	epochs															feedback_delay	378.0
5726.185	1.9789999999993597	epochs															feedback	378.0
5728.35125	1.9949999999998909	epochs															iti	378.0
5730.37125	8.334499999999935	epochs															maze	379.0
5730.37125	6.863749999999527	epochs															maze_stem	379.0
5730.39575	13.521999999999935	trials	False	True	False	False	False	True	[0.7774452567100525, 0.2225547730922699, 0.2322245091199875, 0.7677755355834961]	0.5452207550406456	-0.009669728577136993	0.2726103737950325	0.004834882915019989	0.7774452567100525	[33603, 33603, 33602, 33602, 33602]	[33652, 33652, 33651, 33651, 33651]		
5737.2565	1.4492499999996653	epochs															maze_arm	379.0
5738.7235	5.174750000000131	epochs															feedback_and_iti	379.0
5738.7235	0.98700000000008	epochs															feedback_delay	379.0
5739.7285	1.9909999999999854	epochs															feedback	379.0
5741.91025	1.9880000000002838	epochs															iti	379.0
5743.91775	8.668250000000626	epochs															maze	380.0
5743.91775	7.16425000000072	epochs															maze_stem	380.0
5743.93775	13.859749999999622	trials	False	True	False	False	False	True	[0.8585209250450134, 0.14147906005382538, 0.25754567980766296, 0.7424542903900146]	0.6009752377867699	-0.11606662720441818	0.30048762261867523	0.058033302426338196	0.8585209250450134	[33684, 33684, 33684, 33683, 33683]	[33735, 33735, 33735, 33734, 33734]		
5751.102	1.4840000000003783	epochs															maze_arm	380.0
5752.60375	5.173499999999876	epochs															feedback_and_iti	380.0
5752.60375	0.9992499999998472	epochs															feedback_delay	380.0
5753.6225	1.965249999999287	epochs															feedback	380.0
5755.7845	1.992750000000342	epochs															iti	380.0
5757.7975	9.472749999999905	epochs															maze	381.0
5757.7975	6.7592500000000655	epochs															maze_stem	381.0
5757.8165	14.674750000000131	trials	False	True	False	False	False	True	[0.881099283695221, 0.11890065670013428, 0.27751103043556213, 0.7224889397621155]	0.60358826816082	-0.15861035883426666	0.3017941266298294	0.07930515706539154	0.881099283695221	[33767, 33767, 33767, 33767, 33766]	[33823, 33823, 33823, 33822, 33822]		
5764.57825	2.6920000000000073	epochs															maze_arm	381.0
5767.28775	5.1802499999994325	epochs															feedback_and_iti	381.0
5767.28775	0.9949999999998909	epochs															feedback_delay	381.0
5768.30075	1.9829999999992651	epochs															feedback	381.0
5770.48125	1.986750000000029	epochs															iti	381.0
5772.49125	7.611249999999927	epochs															maze	382.0
5772.49125	6.122250000000349	epochs															maze_stem	382.0
5772.513	12.799250000000029	trials	False	True	False	False	False	True	[0.8749606013298035, 0.12503935396671295, 0.27319034934043884, 0.7268096208572388]	0.6017702594399452	-0.1481509879231453	0.3008851259946823	0.07407547533512115	0.8749606013298035	[33855, 33855, 33855, 33855, 33855]	[33900, 33900, 33900, 33899, 33899]		
5778.63375	1.46875	epochs															maze_arm	382.0
5780.1185	5.175250000000233	epochs															feedback_and_iti	382.0
5780.1185	0.9947500000007494	epochs															feedback_delay	382.0
5781.1315	1.983249999999316	epochs															feedback	382.0
5783.30275	1.9909999999999854	epochs															iti	382.0
5785.31225	6.929250000000138	epochs															maze	383.0
5785.31225	5.381000000000313	epochs															maze_stem	383.0
5785.332	12.10424999999941	trials	True	True	False	False	False	True	[0.8763310313224792, 0.12366893887519836, 0.27224740386009216, 0.7277526259422302]	0.6040836572647095	-0.1485784351825714	0.30204181373119354	0.0742892175912857	0.8763310313224792	[33932, 33932, 33932, 33932, 33931]	[33973, 33973, 33972, 33972, 33972]		
5790.71125	1.5302499999997963	epochs															maze_arm	383.0
5792.262	5.151749999999993	epochs															feedback_and_iti	383.0
5792.262	0.9937500000005457	epochs															feedback_delay	383.0
5793.27725	1.9679999999998472	epochs															feedback	383.0
5795.4295	1.9842499999995198	epochs															iti	383.0
5797.43625	10.623500000000604	epochs															maze	384.0
5797.43625	6.020500000000538	epochs															maze_stem	384.0
5797.45925	15.806749999999738	trials	True	True	False	True	True	True	[0.8197749853134155, 0.18022507429122925, 0.2645362913608551, 0.7354637384414673]	0.5552386790513992	-0.08431123197078705	0.277619332075119	-0.04215559363365173	0.7354637384414673	[34005, 34005, 34004, 34004, 34004]	[34068, 34067, 34067, 34067, 34067]		
5803.4765	4.583250000000589	epochs															maze_arm	384.0
5808.08025	5.166250000000218	epochs															feedback_and_iti	384.0
5808.08025	0.9795000000003711	epochs															feedback_delay	384.0
5809.0805	1.9835000000002765	epochs															feedback	384.0
5811.25225	1.9942500000006476	epochs															iti	384.0
5813.266	8.906500000000051	epochs															maze	385.0
5813.266	5.463999999999942	epochs															maze_stem	385.0
5813.289	15.955249999999978	trials	False	True	False	True	False	False	[0.7998216152191162, 0.20017842948436737, 0.1754593700170517, 0.8245406746864319]	0.6243622452020645	0.024719059467315674	-0.31218112260103226	-0.012359507381916046	0.1754593700170517	[34100, 34100, 34099, 34099, 34099]	[34152, 34152, 34152, 34152, 34151]		
5818.75025	3.4222499999996217	epochs															maze_arm	385.0
5822.19	7.025250000000597	epochs															feedback_and_iti	385.0
5822.19	0.9965000000001965	epochs															feedback_delay	385.0
5823.20425	1.980000000000473	epochs															feedback	385.0
5825.2205	3.99474999999984	epochs															iti	385.0
5829.24425	10.367750000000342	epochs															maze	386.0
5829.24425	6.492000000000189	epochs															maze_stem	386.0
5829.2725	15.550750000000335	trials	False	True	False	True	True	True	[0.7527403831481934, 0.24725961685180664, 0.2057655155658722, 0.7942345142364502]	0.5469748824834824	0.04149411618709564	0.2734874486923218	0.020747065544128418	0.7942345142364502	[34196, 34195, 34195, 34195, 34195]	[34257, 34257, 34256, 34256, 34256]		
5835.75625	3.8557499999997162	epochs															maze_arm	386.0
5839.6295	5.171750000000429	epochs															feedback_and_iti	386.0
5839.6295	0.9939999999996871	epochs															feedback_delay	386.0
5840.64175	1.9857499999998254	epochs															feedback	386.0
5842.81125	1.9900000000006912	epochs															iti	386.0
5844.82325	7.814749999999549	epochs															maze	387.0
5844.82325	6.469000000000051	epochs															maze_stem	387.0
5844.8465	13.001250000000255	trials	False	True	False	False	False	True	[0.8114203214645386, 0.18857964873313904, 0.21789193153381348, 0.7821080684661865]	0.5935284048318863	-0.029312267899513245	0.29676419496536255	0.014656126499176025	0.8114203214645386	[34289, 34289, 34289, 34288, 34288]	[34335, 34335, 34335, 34334, 34334]		
5851.311	1.3270000000002256	epochs															maze_arm	387.0
5852.6555	5.172250000000531	epochs															feedback_and_iti	387.0
5852.6555	0.9915000000000873	epochs															feedback_delay	387.0
5853.66425	1.9822500000000218	epochs															feedback	387.0
5855.836	1.9917500000001382	epochs															iti	387.0
5857.84775	7.712500000000546	epochs															maze	388.0
5857.84775	6.185250000000451	epochs															maze_stem	388.0
5857.86575	12.892749999999978	trials	True	True	False	False	False	True	[0.8080282211303711, 0.1919718086719513, 0.2252870351076126, 0.7747129201889038]	0.5827411487698555	-0.0333152636885643	0.29137059301137924	0.016657628118991852	0.8080282211303711	[34367, 34367, 34367, 34366, 34366]	[34412, 34412, 34412, 34412, 34412]		
5864.0525	1.5077500000006694	epochs															maze_arm	388.0
5865.5815	5.155749999999898	epochs															feedback_and_iti	388.0
5865.5815	0.9954999999999927	epochs															feedback_delay	388.0
5866.59875	1.9695000000001528	epochs															feedback	388.0
5868.75475	1.9825000000000728	epochs															iti	388.0
5870.7585	7.817000000000007	epochs															maze	389.0
5870.7585	5.493000000000393	epochs															maze_stem	389.0
5870.77875	12.998999999999796	trials	False	True	False	True	True	True	[0.8202090859413147, 0.17979088425636292, 0.26692286133766174, 0.7330771088600159]	0.553286224603653	-0.08713197708129883	0.2766431123018265	-0.04356600344181061	0.7330771088600159	[34444, 34444, 34444, 34444, 34444]	[34490, 34490, 34490, 34490, 34490]		
5876.2705	2.305000000000291	epochs															maze_arm	389.0
5878.593	5.156750000000102	epochs															feedback_and_iti	389.0
5878.593	0.9935000000004948	epochs															feedback_delay	389.0
5879.60525	1.974250000000211	epochs															feedback	389.0
5881.76175	1.9880000000002838	epochs															iti	389.0
5883.77775	7.197999999999411	epochs															maze	390.0
5883.77775	5.5024999999996	epochs															maze_stem	390.0
5883.8005	12.381249999999454	trials	True	True	False	False	False	True	[0.7634000778198242, 0.23659995198249817, 0.16877120733261108, 0.8312287926673889]	0.5946288555860519	0.06782872974872589	0.29731443524360657	-0.03391435742378235	0.7634000778198242	[34523, 34522, 34522, 34522, 34522]	[34565, 34565, 34564, 34564, 34564]		
5889.3005	1.6752499999993233	epochs															maze_arm	390.0
5890.997	5.162749999999505	epochs															feedback_and_iti	390.0
5890.997	0.9967499999993379	epochs															feedback_delay	390.0
5892.013	1.9785000000001673	epochs															feedback	390.0
5894.18375	1.975999999999658	epochs															iti	390.0
5896.18175	8.006500000000415	epochs															maze	391.0
5896.18175	6.420000000000073	epochs															maze_stem	391.0
5896.20325	15.043750000000728	trials	False	True	False	True	False	False	[0.8093235492706299, 0.19067639112472534, 0.25224950909614563, 0.747750461101532]	0.5570740550756454	-0.061573103070259094	-0.2785370200872421	0.030786529183387756	0.25224950909614563	[34597, 34597, 34597, 34596, 34596]	[34644, 34644, 34644, 34643, 34643]		
5902.622	1.5662499999998545	epochs															maze_arm	391.0
5904.207	7.019499999999425	epochs															feedback_and_iti	391.0
5904.207	0.9899999999997817	epochs															feedback_delay	391.0
5905.21325	1.9912500000000364	epochs															feedback	391.0
5907.2435	3.9830000000001746	epochs															iti	391.0
5911.247	9.902749999999287	epochs															maze	392.0
5911.247	6.856249999999818	epochs															maze_stem	392.0
5911.26575	16.931250000000546	trials	False	True	False	True	False	False	[0.7591391205787659, 0.24086089432239532, 0.21135663986206055, 0.7886433601379395]	0.5477824732661247	0.02950424700975418	-0.27389124035835266	-0.014752119779586792	0.21135663986206055	[34687, 34687, 34687, 34687, 34686]	[34746, 34745, 34745, 34745, 34745]		
5918.12325	3.026499999999942	epochs															maze_arm	392.0
5921.1655	7.0109999999995125	epochs															feedback_and_iti	392.0
5921.1655	0.9970000000002983	epochs															feedback_delay	392.0
5922.181	1.9732500000000073	epochs															feedback	392.0
5924.19275	3.983749999999418	epochs															iti	392.0
5928.197	8.433750000000146	epochs															maze	393.0
5928.197	5.99724999999944	epochs															maze_stem	393.0
5928.2155	13.635999999999513	trials	False	True	False	True	True	True	[0.7977273464202881, 0.2022726833820343, 0.27683261036872864, 0.723167359828949]	0.5208947062492371	-0.07455995678901672	0.26044733822345734	-0.03727997839450836	0.723167359828949	[34789, 34789, 34788, 34788, 34788]	[34838, 34838, 34838, 34838, 34838]		
5934.2135	2.417250000000422	epochs															maze_arm	393.0
5936.648	5.175500000000284	epochs															feedback_and_iti	393.0
5936.648	0.9954999999999927	epochs															feedback_delay	393.0
5937.6595	1.9727499999999054	epochs															feedback	393.0
5939.8315	1.9920000000001892	epochs															iti	393.0
5941.8515	7.903250000000298	epochs															maze	394.0
5941.8515	6.067250000000058	epochs															maze_stem	394.0
5941.874	13.104500000000371	trials	True	True	False	False	False	True	[0.7781855463981628, 0.22181452810764313, 0.24287065863609314, 0.7571293115615845]	0.5353148356080055	-0.02105618268251419	0.26765744388103485	0.01052810251712799	0.7781855463981628	[34871, 34871, 34870, 34870, 34870]	[34917, 34917, 34917, 34917, 34916]		
5947.939	1.8157499999997526	epochs															maze_arm	394.0
5949.776	5.18224999999984	epochs															feedback_and_iti	394.0
5949.776	0.998000000000502	epochs															feedback_delay	394.0
5950.7945	1.9737500000001091	epochs															feedback	394.0
5952.96025	1.9979999999995925	epochs															iti	394.0
5954.9785	8.42724999999973	epochs															maze	395.0
5954.9785	6.761249999999563	epochs															maze_stem	395.0
5954.99825	13.616250000000036	trials	True	True	False	False	False	True	[0.7954175472259521, 0.20458242297172546, 0.2848471999168396, 0.7151528000831604]	0.5105703622102737	-0.08026476204395294	0.2552851736545563	0.040132373571395874	0.7954175472259521	[34949, 34949, 34949, 34949, 34949]	[34999, 34999, 34999, 34998, 34998]		
5961.76025	1.645499999999629	epochs															maze_arm	395.0
5963.427	5.167500000000473	epochs															feedback_and_iti	395.0
5963.427	0.9864999999999782	epochs															feedback_delay	395.0
5964.435	1.9904999999998836	epochs															feedback	395.0
5966.60825	1.9862499999999272	epochs															iti	395.0
5968.6145	7.582250000000386	epochs															maze	396.0
5968.6145	6.051250000000437	epochs															maze_stem	396.0
5968.63525	14.619249999999738	trials	False	True	False	True	False	False	[0.8304376602172852, 0.16956232488155365, 0.3207865059375763, 0.6792135238647461]	0.5096511766314507	-0.15122415870428085	-0.25482557713985443	0.07561208307743073	0.3207865059375763	[35031, 35031, 35031, 35031, 35030]	[35076, 35076, 35075, 35075, 35075]		
5974.68625	1.5105000000003201	epochs															maze_arm	396.0
5976.2135	7.01825000000008	epochs															feedback_and_iti	396.0
5976.2135	0.9907499999999345	epochs															feedback_delay	396.0
5977.22025	1.9847499999996217	epochs															feedback	396.0
5979.24225	3.98949999999968	epochs															iti	396.0
5983.2545	7.891249999999673	epochs															maze	397.0
5983.2545	5.721749999999702	epochs															maze_stem	397.0
5983.2745	14.936749999999847	trials	False	True	False	True	False	False	[0.7357845902442932, 0.2642153799533844, 0.25376802682876587, 0.7462319135665894]	0.48201654851436615	0.010447338223457336	-0.24100828170776367	-0.005223691463470459	0.25376802682876587	[35119, 35119, 35119, 35118, 35118]	[35165, 35165, 35165, 35165, 35165]		
5988.9965	2.1492499999994834	epochs															maze_arm	397.0
5991.1615	7.0219999999999345	epochs															feedback_and_iti	397.0
5991.1615	0.9849999999996726	epochs															feedback_delay	397.0
5992.16325	1.9880000000002838	epochs															feedback	397.0
5994.1875	3.9960000000000946	epochs															iti	397.0
5998.21125	8.041999999999462	epochs															maze	398.0
5998.21125	5.293749999999818	epochs															maze_stem	398.0
5998.2335	15.065499999999702	trials	False	True	False	True	False	False	[0.7611101269721985, 0.2388898879289627, 0.3179939091205597, 0.6820060610771179]	0.443116195499897	-0.07910404354333878	-0.2215581089258194	0.03955201804637909	0.3179939091205597	[35209, 35208, 35208, 35208, 35208]	[35256, 35256, 35256, 35255, 35255]		
6003.525	2.7282500000001164	epochs															maze_arm	398.0
6006.2695	7.0092500000000655	epochs															feedback_and_iti	398.0
6006.2695	0.9932499999995343	epochs															feedback_delay	398.0
6007.28025	1.9750000000003638	epochs															feedback	398.0
6009.29275	3.986000000000786	epochs															iti	398.0
6013.299	8.184500000000298	epochs															maze	399.0
6013.299	5.747750000000451	epochs															maze_stem	399.0
6013.3175	11.199999999999818	trials	False	True	False	True	False	False	[0.6866607069969177, 0.3133392930030823, 0.33075252175331116, 0.6692475080490112]	0.35590820014476776	-0.017413213849067688	-0.17795409262180328	0.008706614375114441	0.33075252175331116	[35299, 35299, 35299, 35299, 35298]	[35347, 35347, 35347, 35347, 35346]		
6019.06525	2.4182500000006257	epochs															maze_arm	399.0
6021.5005	3.0169999999998254	epochs															feedback_and_iti	399.0
6021.5005	0.9974999999994907	epochs															feedback_delay	399.0
6022.515	1.9844999999995707	epochs															feedback	399.0
