onset	duration	nwb_table	is_vis	is_ruleA	is_switch	is_cueB	is_choL	is_correct	association_mat	rule_belief	signed_bias	rule_following	bias_following	prob_actual_cho	trial_onset_plane_frame_idx	trial_offset_plane_frame_idx	epoch_type	trial_id
19.95525	8.46725	epochs															maze	0.0
19.95525	6.48	epochs															maze_stem	0.0
19.98175	15.496999999999996	trials	False	True	False	False	True	False	[0.48969609 0.51030391 0.47733921 0.52266085]	0.01235690712928772	0.032964736223220825	-0.006178468465805054	0.016482383012771606	0.5103039145469666	[80 80 79 79 79]	[130 129 129 129 129]		
26.45525	1.96725	epochs															maze_arm	0.0
28.44275	7.014999999999997	epochs															feedback_and_iti	0.0
28.44275	0.9980000000000011	epochs															feedback_delay	0.0
29.46075	1.96725	epochs															feedback	0.0
31.46525	3.992499999999996	epochs															iti	0.0
35.47875	6.700000000000003	epochs															maze	1.0
35.47875	4.536500000000004	epochs															maze_stem	1.0
35.49725	11.919249999999998	trials	True	True	False	False	False	True	[0.2309362  0.76906377 0.25858721 0.74141276]	-0.02765101194381714	0.5104765594005585	-0.01382550597190857	-0.25523829460144043	0.230936199426651	[173 173 173 172 172]	[212 212 212 212 211]		
40.03525	2.143500000000003	epochs															maze_arm	1.0
42.1975	5.198500000000003	epochs															feedback_and_iti	1.0
42.1975	0.9909999999999997	epochs															feedback_delay	1.0
43.20925	1.9797500000000028	epochs															feedback	1.0
45.40475	1.9912500000000009	epochs															iti	1.0
47.4165	8.8525	epochs															maze	2.0
47.4165	5.878999999999998	epochs															maze_stem	2.0
47.43625	14.04475	trials	True	True	False	False	False	True	[0.4861818  0.5138182  0.46777055 0.53222948]	0.018411263823509216	0.046047672629356384	0.009205624461174011	-0.023023828864097595	0.4861817955970764	[244 244 244 244 244]	[297 296 296 296 296]		
53.317	2.951999999999998	epochs															maze_arm	2.0
56.289	5.171250000000001	epochs															feedback_and_iti	2.0
56.289	0.9934999999999974	epochs															feedback_delay	2.0
57.3005	1.985999999999997	epochs															feedback	2.0
59.49575	1.964500000000001	epochs															iti	2.0
61.481	13.631250000000001	epochs															maze	3.0
61.481	11.679499999999997	epochs															maze_stem	3.0
61.4995	20.658249999999995	trials	False	True	False	True	False	False	[0.65825301 0.34174693 0.62342101 0.37657899]	0.03483203053474426	-0.2816740572452545	-0.017416000366210938	0.14083701372146606	0.6234210133552551	[329 329 328 328 328]	[410 409 409 409 409]		
73.18125	1.9309999999999974	epochs															maze_arm	3.0
75.13225	7.005250000000004	epochs															feedback_and_iti	3.0
75.13225	0.984499999999997	epochs															feedback_delay	3.0
76.1375	1.977499999999992	epochs															feedback	3.0
78.15375	3.9837500000000006	epochs															iti	3.0
82.15775	7.160000000000011	epochs															maze	4.0
82.15775	5.164750000000012	epochs															maze_stem	4.0
82.17825	12.36475	trials	False	True	False	True	True	True	[0.6348871  0.36511296 0.57870495 0.42129511]	0.056182146072387695	-0.21359199285507202	0.028091073036193848	-0.10679596662521362	0.4212951064109802	[453 453 452 452 452]	[495 495 494 494 494]		
87.343	1.9747500000000002	epochs															maze_arm	4.0
89.3385	5.183750000000003	epochs															feedback_and_iti	4.0
89.3385	0.9890000000000043	epochs															feedback_delay	4.0
90.3475	1.9909999999999997	epochs															feedback	4.0
92.53675	1.9855000000000018	epochs															iti	4.0
94.543	6.419749999999993	epochs															maze	5.0
94.543	4.527249999999995	epochs															maze_stem	5.0
94.56375	13.448499999999996	trials	False	True	False	True	False	False	[0.53844255 0.46155742 0.39638937 0.60361063]	0.14205320179462433	0.06516806781291962	-0.07102659344673157	-0.032584041357040405	0.396389365196228	[527 527 527 526 526]	[565 564 564 564 564]		
99.09225	1.8704999999999927	epochs															maze_arm	5.0
100.98325	7.008499999999998	epochs															feedback_and_iti	5.0
100.98325	0.9945000000000022	epochs															feedback_delay	5.0
101.9975	1.9697500000000048	epochs															feedback	5.0
104.00375	3.9879999999999995	epochs															iti	5.0
108.01225	6.7875000000000085	epochs															maze	6.0
108.01225	4.200250000000011	epochs															maze_stem	6.0
108.033	11.960499999999996	trials	False	True	False	False	False	True	[0.57624871 0.42375126 0.44904572 0.55095428]	0.12720300257205963	-0.025294438004493713	0.06360149383544922	0.01264721155166626	0.5762487053871155	[608 608 607 607 607]	[648 647 647 647 647]		
112.23225	2.5675000000000097	epochs															maze_arm	6.0
114.82125	5.150499999999994	epochs															feedback_and_iti	6.0
114.82125	0.9904999999999973	epochs															feedback_delay	6.0
115.83275	1.96875	epochs															feedback	6.0
117.99125	1.9805000000000064	epochs															iti	6.0
119.9935	7.728999999999999	epochs															maze	7.0
119.9935	5.960000000000008	epochs															maze_stem	7.0
120.01725	14.762500000000003	trials	False	True	False	False	True	False	[0.78844225 0.21155767 0.60947233 0.39052764]	0.17896994203329086	-0.3979146406054497	-0.08948498219251633	-0.19895734637975693	0.21155767142772675	[680 679 679 679 679]	[725 725 725 724 724]		
125.9735	1.7489999999999952	epochs															maze_arm	7.0
127.7425	7.01724999999999	epochs															feedback_and_iti	7.0
127.7425	0.9909999999999854	epochs															feedback_delay	7.0
128.753	1.9760000000000275	epochs															feedback	7.0
130.766	3.9937500000000057	epochs															iti	7.0
134.77975	5.100999999999999	epochs															maze	8.0
134.77975	3.961999999999989	epochs															maze_stem	8.0
134.79875	10.286749999999984	trials	False	True	False	False	False	True	[0.49013665 0.50986338 0.4404749  0.55952507]	0.049661725759506226	0.06938844919204712	0.024830877780914307	-0.03469422459602356	0.49013665318489075	[768 768 768 768 767]	[798 798 797 797 797]		
138.76225	1.1185000000000116	epochs															maze_arm	8.0
139.89925	5.163749999999993	epochs															feedback_and_iti	8.0
139.89925	0.98275000000001	epochs															feedback_delay	8.0
140.90075	1.990000000000009	epochs															feedback	8.0
143.0755	1.987499999999983	epochs															iti	8.0
145.0855	8.242999999999995	epochs															maze	9.0
145.0855	6.265999999999991	epochs															maze_stem	9.0
145.1045	13.419000000000011	trials	True	True	False	True	True	True	[0.69527864 0.30472136 0.63167381 0.36832622]	0.06360484659671783	-0.3269524425268173	0.031802430748939514	-0.16347621381282806	0.36832621693611145	[830 830 830 829 829]	[879 878 878 878 878]		
151.37125	1.9572499999999877	epochs															maze_arm	9.0
153.3475	5.155499999999989	epochs															feedback_and_iti	9.0
153.3475	0.9992499999999893	epochs															feedback_delay	9.0
154.366	1.977499999999992	epochs															feedback	9.0
156.52525	1.9777499999999861	epochs															iti	9.0
158.5235	8.368749999999977	epochs															maze	10.0
158.5235	5.865499999999997	epochs															maze_stem	10.0
158.54675	13.545749999999998	trials	False	True	False	True	True	True	[0.59622484 0.40377516 0.46846703 0.531533  ]	0.12775783240795135	-0.06469185650348663	0.06387892365455627	-0.03234592080116272	0.5315330028533936	[911 910 910 910 910]	[960 960 959 959 959]		
164.40925	2.483000000000004	epochs															maze_arm	10.0
166.91175	5.159249999999986	epochs															feedback_and_iti	10.0
166.91175	0.994499999999988	epochs															feedback_delay	10.0
167.92825	1.9680000000000177	epochs															feedback	10.0
170.077	1.9939999999999998	epochs															iti	10.0
172.0925	7.910249999999991	epochs															maze	11.0
172.0925	6.174000000000007	epochs															maze_stem	11.0
172.113	13.078000000000003	trials	False	True	False	True	True	True	[0.57510322 0.42489678 0.37427562 0.62572432]	0.20082756876945496	0.05062112212181091	0.10041376948356628	0.025310546159744263	0.6257243156433105	[992 992 992 991 991]	[1038 1038 1038 1038 1038]		
178.28725	1.7154999999999916	epochs															maze_arm	11.0
180.02325	5.147750000000002	epochs															feedback_and_iti	11.0
180.02325	0.984250000000003	epochs															feedback_delay	11.0
181.02975	1.9777499999999861	epochs															feedback	11.0
183.185	1.98599999999999	epochs															iti	11.0
185.191	10.712999999999994	epochs															maze	12.0
185.191	9.180499999999995	epochs															maze_stem	12.0
185.21125	15.89749999999998	trials	False	True	False	True	True	True	[0.5481866  0.45181343 0.3055056  0.69449443]	0.24268099665641785	0.1463078260421753	0.12134049832820892	0.07315392792224884	0.6944944262504578	[1070 1070 1070 1070 1070]	[1134 1134 1133 1133 1133]		
194.39325	1.5107500000000016	epochs															maze_arm	12.0
195.92475	5.163750000000022	epochs															feedback_and_iti	12.0
195.92475	0.9795000000000016	epochs															feedback_delay	12.0
196.926	1.9865000000000066	epochs															feedback	12.0
199.10175	1.9867500000000007	epochs															iti	12.0
201.10875	7.55925000000002	epochs															maze	13.0
201.10875	5.807750000000027	epochs															maze_stem	13.0
201.12925	12.737499999999983	trials	False	True	False	True	True	True	[0.52490413 0.4750959  0.25735855 0.74264145]	0.26754556596279144	0.2177373319864273	0.13377277553081512	0.10886867344379425	0.7426414489746094	[1166 1166 1166 1165 1165]	[1210 1210 1210 1210 1210]		
206.93825	1.7297499999999957	epochs															maze_arm	13.0
208.688	5.155000000000001	epochs															feedback_and_iti	13.0
208.688	0.9987500000000011	epochs															feedback_delay	13.0
209.7075	1.9624999999999773	epochs															feedback	13.0
211.85175	1.9912499999999795	epochs															iti	13.0
213.86675	9.795999999999992	epochs															maze	14.0
213.86675	8.552999999999997	epochs															maze_stem	14.0
213.88725	14.985500000000002	trials	False	True	False	True	True	True	[0.50343597 0.49656403 0.22227883 0.77772117]	0.28115713596343994	0.2742851972579956	0.14057856798171997	0.1371425986289978	0.7777211666107178	[1242 1242 1242 1242 1242]	[1300 1300 1300 1300 1299]		
222.441	1.221749999999986	epochs															maze_arm	14.0
223.6835	5.1684999999999945	epochs															feedback_and_iti	14.0
223.6835	0.9792499999999791	epochs															feedback_delay	14.0
224.6845	1.980499999999978	epochs															feedback	14.0
226.856	1.9960000000000093	epochs															iti	14.0
228.87275	11.1875	epochs															maze	15.0
228.87275	8.846249999999998	epochs															maze_stem	15.0
228.89325	16.366250000000008	trials	True	True	False	True	True	True	[0.48390871 0.51609123 0.19620045 0.80379957]	0.2877083048224449	0.3198908194899559	0.14385417103767395	0.15994539856910706	0.803799569606781	[1332 1332 1332 1332 1332]	[1399 1398 1398 1398 1398]		
237.738	2.322249999999997	epochs															maze_arm	15.0
240.07875	5.160999999999973	epochs															feedback_and_iti	15.0
240.07875	0.9884999999999877	epochs															feedback_delay	15.0
241.087	1.975750000000005	epochs															feedback	15.0
243.2445	1.9952499999999986	epochs															iti	15.0
245.2595	9.291499999999985	epochs															maze	16.0
245.2595	7.786749999999984	epochs															maze_stem	16.0
245.27925	14.461250000000007	trials	True	True	False	True	True	True	[0.48406053 0.51593947 0.20084515 0.79915482]	0.28321535885334015	0.31509430706501007	0.14160767197608948	0.15754714608192444	0.7991548180580139	[1431 1430 1430 1430 1430]	[1485 1485 1485 1485 1485]		
253.06725	1.4837499999999864	epochs															maze_arm	16.0
254.57125	5.148499999999984	epochs															feedback_and_iti	16.0
254.57125	0.9942499999999939	epochs															feedback_delay	16.0
255.58425	1.972750000000019	epochs															feedback	16.0
257.742	1.9777499999999577	epochs															iti	16.0
259.7405	7.547750000000008	epochs															maze	17.0
259.7405	6.344749999999976	epochs															maze_stem	17.0
259.761	14.60024999999996	trials	False	True	False	False	True	False	[0.48703134 0.51296866 0.20243934 0.79756063]	0.28459198772907257	0.31052930653095245	-0.1422959864139557	0.15526464581489563	0.5129686594009399	[1517 1517 1517 1517 1517]	[1562 1562 1561 1561 1561]		
266.1035	1.1847500000000082	epochs															maze_arm	17.0
267.30575	7.032750000000021	epochs															feedback_and_iti	17.0
267.30575	0.9975000000000023	epochs															feedback_delay	17.0
268.32425	1.978999999999985	epochs															feedback	17.0
270.36025	3.9782500000000027	epochs															iti	17.0
274.36125	8.180749999999989	epochs															maze	18.0
274.36125	6.677999999999997	epochs															maze_stem	18.0
274.38325	13.364000000000033	trials	False	True	False	True	True	True	[0.3558014  0.6441986  0.16020365 0.8397963 ]	0.19559773057699203	0.4839949235320091	0.09779885411262512	0.24199745059013367	0.8397963047027588	[1605 1605 1605 1604 1604]	[1653 1653 1653 1653 1652]		
281.05825	1.4837499999999864	epochs															maze_arm	18.0
282.563	5.165999999999997	epochs															feedback_and_iti	18.0
282.563	0.9895000000000209	epochs															feedback_delay	18.0
283.57375	1.986249999999984	epochs															feedback	18.0
285.74625	1.98275000000001	epochs															iti	18.0
287.74725	7.12175000000002	epochs															maze	19.0
287.74725	5.254250000000013	epochs															maze_stem	19.0
287.76675	14.159249999999986	trials	True	True	False	False	True	False	[0.34068137 0.65931857 0.17754938 0.82245058]	0.16313200443983078	0.4817691966891289	-0.08156600594520569	0.24088457226753235	0.6593185663223267	[1685 1685 1685 1685 1685]	[1727 1727 1727 1727 1726]		
293.02025	1.8487500000000523	epochs															maze_arm	19.0
294.88825	7.014499999999998	epochs															feedback_and_iti	19.0
294.88825	0.9847499999999627	epochs															feedback_delay	19.0
295.89275	1.990000000000009	epochs															feedback	19.0
297.917	3.9857500000000528	epochs															iti	19.0
301.926	10.271999999999991	epochs															maze	20.0
301.926	8.718000000000018	epochs															maze_stem	20.0
301.9495	15.461000000000013	trials	False	True	False	True	True	True	[0.21992396 0.78007609 0.12295342 0.87704653]	0.09697048738598824	0.657122615724802	0.04848521947860718	0.32856130599975586	0.877046525478363	[1770 1770 1770 1770 1770]	[1831 1831 1831 1830 1830]		
310.66325	1.534749999999974	epochs															maze_arm	20.0
312.2185	5.167500000000018	epochs															feedback_and_iti	20.0
312.2185	0.9819999999999709	epochs															feedback_delay	20.0
313.223	1.988999999999976	epochs															feedback	20.0
315.3955	1.9904999999999973	epochs															iti	20.0
317.4105	9.578249999999969	epochs															maze	21.0
317.4105	8.040750000000003	epochs															maze_stem	21.0
317.433	14.76524999999998	trials	False	True	False	True	True	True	[0.24358198 0.75641805 0.1466223  0.8533777 ]	0.0969596654176712	0.6097957342863083	0.048479825258255005	0.30489787459373474	0.8533776998519897	[1863 1863 1863 1863 1862]	[1920 1919 1919 1919 1919]		
325.4715	1.51724999999999	epochs															maze_arm	21.0
327.00875	5.170500000000004	epochs															feedback_and_iti	21.0
327.00875	0.9937499999999773	epochs															feedback_delay	21.0
328.02325	1.9837499999999864	epochs															feedback	21.0
330.19775	1.9815000000000396	epochs															iti	21.0
332.19825	6.312250000000006	epochs															maze	22.0
332.19825	5.086000000000013	epochs															maze_stem	22.0
332.2185	13.355250000000012	trials	False	True	False	False	True	False	[0.2577804  0.74221957 0.13901433 0.86098564]	0.11876606941223145	0.6032052338123322	-0.05938303470611572	0.3016026020050049	0.7422195672988892	[1952 1952 1951 1951 1951]	[1989 1989 1988 1988 1988]		
337.30225	1.208249999999964	epochs															maze_arm	22.0
338.53175	7.021749999999997	epochs															feedback_and_iti	22.0
338.53175	0.98275000000001	epochs															feedback_delay	22.0
339.535	1.9909999999999854	epochs															feedback	22.0
341.56475	3.988749999999982	epochs															iti	22.0
345.57375	9.353000000000009	epochs															maze	23.0
345.57375	7.832749999999976	epochs															maze_stem	23.0
345.59325	14.519999999999982	trials	True	True	False	True	True	True	[0.2078132  0.7921868  0.10392336 0.89607662]	0.1038898341357708	0.6882634274661541	0.05194491147994995	0.3441317081451416	0.8960766196250916	[2032 2032 2032 2031 2031]	[2087 2087 2087 2087 2086]		
353.42625	1.500500000000045	epochs															maze_arm	23.0
354.947	5.1442499999999995	epochs															feedback_and_iti	23.0
354.947	0.9889999999999759	epochs															feedback_delay	23.0
355.9535	1.9735000000000014	epochs															feedback	23.0
358.107	1.9842499999999745	epochs															iti	23.0
360.11325	9.903500000000008	epochs															maze	24.0
360.11325	8.40424999999999	epochs															maze_stem	24.0
360.13375	15.080249999999978	trials	False	True	False	True	True	True	[0.25429824 0.74570179 0.14742188 0.8525781 ]	0.10687633603811264	0.5982798859477043	0.053438156843185425	0.29913994669914246	0.8525781035423279	[2119 2119 2119 2119 2118]	[2178 2177 2177 2177 2177]		
368.53725	1.47950000000003	epochs															maze_arm	24.0
370.036	5.157249999999976	epochs															feedback_and_iti	24.0
370.036	0.9807500000000005	epochs															feedback_delay	24.0
371.03675	1.9885000000000446	epochs															feedback	24.0
373.2115	1.9817499999999768	epochs															iti	24.0
375.214	16.094249999999988	epochs															maze	25.0
375.214	14.739250000000027	epochs															maze_stem	25.0
375.23375	21.286	trials	False	True	False	True	True	True	[0.26738    0.73262    0.14062914 0.85937089]	0.1267508715391159	0.5919908732175827	0.06337544322013855	0.29599544405937195	0.8593708872795105	[2210 2210 2209 2209 2209]	[2305 2305 2305 2305 2304]		
389.9725	1.3357499999999618	epochs															maze_arm	25.0
391.32875	5.170999999999992	epochs															feedback_and_iti	25.0
391.32875	0.9877500000000055	epochs															feedback_delay	25.0
392.33725	1.9772500000000264	epochs															feedback	25.0
394.50625	1.9934999999999832	epochs															iti	25.0
396.51975	7.113499999999988	epochs															maze	26.0
396.51975	5.244250000000022	epochs															maze_stem	26.0
396.53925	12.300749999999994	trials	False	True	False	False	False	True	[0.25961149 0.74038851 0.12921023 0.87078977]	0.13040125370025635	0.6111782789230347	0.06520062685012817	-0.30558913946151733	0.25961148738861084	[2337 2337 2337 2337 2337]	[2379 2379 2379 2379 2378]		
401.78575	1.8474999999999682	epochs															maze_arm	26.0
403.65075	5.169249999999977	epochs															feedback_and_iti	26.0
403.65075	0.9907499999999914	epochs															feedback_delay	26.0
404.661	1.9805000000000064	epochs															feedback	26.0
406.82725	1.992750000000001	epochs															iti	26.0
408.84	10.015000000000043	epochs															maze	27.0
408.84	8.606750000000034	epochs															maze_stem	27.0
408.86125	15.19300000000004	trials	False	True	False	True	True	True	[0.70297116 0.29702887 0.29092279 0.70907718]	0.41204833984375	0.006106048822402954	0.2060241550207138	0.003053024411201477	0.7090771794319153	[2411 2411 2411 2411 2411]	[2470 2470 2470 2470 2470]		
417.4675	1.3875000000000455	epochs															maze_arm	27.0
418.87425	5.1614999999999895	epochs															feedback_and_iti	27.0
418.87425	0.999499999999955	epochs															feedback_delay	27.0
419.8945	1.9662500000000023	epochs															feedback	27.0
422.045	1.9907499999999914	epochs															iti	27.0
424.05425	5.850749999999948	epochs															maze	28.0
424.05425	4.079250000000002	epochs															maze_stem	28.0
424.07425	11.048000000000002	trials	True	True	False	False	False	True	[0.45823216 0.5417679  0.17732383 0.82267618]	0.2809083089232445	0.3644440397620201	0.14045416563749313	-0.18222200125455856	0.45823216438293457	[2503 2502 2502 2502 2502]	[2537 2536 2536 2536 2536]		
428.152	1.752999999999986	epochs															maze_arm	28.0
429.926	5.1754999999999995	epochs															feedback_and_iti	28.0
429.926	0.9887500000000387	epochs															feedback_delay	28.0
430.9345	1.983000000000004	epochs															feedback	28.0
433.11125	1.9902500000000032	epochs															iti	28.0
435.12225	6.73275000000001	epochs															maze	29.0
435.12225	5.360500000000002	epochs															maze_stem	29.0
435.14225	11.918000000000006	trials	False	True	False	False	False	True	[0.75139374 0.24860625 0.2342239  0.7657761 ]	0.5171698406338692	0.01438235491514206	0.2585849165916443	-0.007191181182861328	0.751393735408783	[2569 2569 2569 2568 2568]	[2608 2608 2608 2608 2608]		
440.50125	1.353749999999991	epochs															maze_arm	29.0
441.87475	5.165500000000009	epochs															feedback_and_iti	29.0
441.87475	0.9850000000000136	epochs															feedback_delay	29.0
442.881	1.982500000000016	epochs															feedback	29.0
445.04525	1.9950000000000045	epochs															iti	29.0
447.06025	6.2275000000000205	epochs															maze	30.0
447.06025	4.175000000000011	epochs															maze_stem	30.0
447.08025	13.258000000000038	trials	False	True	False	False	True	False	[0.85095888 0.14904109 0.30628979 0.69371021]	0.5446691066026688	-0.15724869072437286	-0.272334560751915	-0.07862435281276703	0.149041086435318	[2640 2640 2640 2640 2640]	[2677 2677 2676 2676 2676]		
451.2535	2.0342500000000427	epochs															maze_arm	30.0
453.3065	7.0117499999999495	epochs															feedback_and_iti	30.0
453.3065	0.9844999999999686	epochs															feedback_delay	30.0
454.31175	1.979249999999979	epochs															feedback	30.0
456.328	3.990250000000003	epochs															iti	30.0
460.33825	7.835999999999956	epochs															maze	31.0
460.33825	4.007999999999981	epochs															maze_stem	31.0
460.35975	13.012249999999995	trials	True	True	False	False	False	True	[0.47434571 0.52565426 0.19680251 0.80319744]	0.27754319459199905	0.32885173708200455	0.13877160102128983	-0.16442588716745377	0.47434571385383606	[2720 2720 2720 2719 2719]	[2766 2766 2766 2766 2765]		
464.3665	3.8077499999999986	epochs															maze_arm	31.0
468.19375	5.156999999999982	epochs															feedback_and_iti	31.0
468.19375	0.9975000000000023	epochs															feedback_delay	31.0
469.21225	1.968500000000006	epochs															feedback	31.0
471.359	1.9917500000000246	epochs															iti	31.0
473.372	5.79525000000001	epochs															maze	32.0
473.372	4.158749999999998	epochs															maze_stem	32.0
473.39275	12.845500000000015	trials	False	True	False	False	True	False	[0.57270676 0.42729324 0.27967173 0.72032827]	0.29303503036499023	0.1476215124130249	-0.14651751518249512	0.07381075620651245	0.42729324102401733	[2798 2798 2798 2798 2797]	[2832 2832 2832 2831 2831]		
477.54875	1.61850000000004	epochs															maze_arm	32.0
479.187	7.030499999999961	epochs															feedback_and_iti	32.0
479.187	0.9869999999999663	epochs															feedback_delay	32.0
480.195	1.9904999999999973	epochs															feedback	32.0
482.2215	3.995999999999981	epochs															iti	32.0
486.23825	5.9395000000000095	epochs															maze	33.0
486.23825	4.572499999999991	epochs															maze_stem	33.0
486.2575	12.969499999999982	trials	False	True	False	False	True	False	[0.39277726 0.60722268 0.18861611 0.81138384]	0.2041611596941948	0.41860657185316086	-0.1020805835723877	0.20930325984954834	0.6072226762771606	[2875 2875 2875 2875 2875]	[2910 2910 2910 2909 2909]		
490.83075	1.34699999999998	epochs															maze_arm	33.0
492.19775	7.007749999999987	epochs															feedback_and_iti	33.0
492.19775	0.9837500000000432	epochs															feedback_delay	33.0
493.20175	1.9762499999999932	epochs															feedback	33.0
495.219	3.986499999999978	epochs															iti	33.0
499.227	5.7660000000000196	epochs															maze	34.0
499.227	4.240000000000009	epochs															maze_stem	34.0
499.24725	12.805749999999989	trials	False	True	False	False	True	False	[0.30768949 0.69231057 0.15450096 0.84549898]	0.15318846702575684	0.5378095507621765	-0.07659420371055603	0.26890477538108826	0.6923105716705322	[2953 2953 2953 2953 2952]	[2987 2987 2986 2986 2986]		
503.48725	1.5057499999999777	epochs															maze_arm	34.0
505.0135	7.019999999999982	epochs															feedback_and_iti	34.0
505.0135	0.9939999999999714	epochs															feedback_delay	34.0
506.0285	1.972750000000019	epochs															feedback	34.0
508.03925	3.9942500000000223	epochs															iti	34.0
512.053	6.78774999999996	epochs															maze	35.0
512.053	5.309750000000008	epochs															maze_stem	35.0
512.0755	13.823750000000018	trials	False	True	False	False	True	False	[0.24543923 0.75456077 0.1306664  0.86933362]	0.11477284133434296	0.6238943785429001	-0.057386428117752075	0.31194719672203064	0.7545607686042786	[3030 3030 3030 3030 3029]	[3070 3070 3069 3069 3069]		
517.382	1.458750000000009	epochs															maze_arm	35.0
518.8615	7.014999999999986	epochs															feedback_and_iti	35.0
518.8615	0.9875000000000682	epochs															feedback_delay	35.0
519.87075	1.9722499999999172	epochs															feedback	35.0
521.9	3.9764999999999873	epochs															iti	35.0
525.89925	7.228999999999928	epochs															maze	36.0
525.89925	5.4627499999999145	epochs															maze_stem	36.0
525.9195	14.29849999999999	trials	False	True	False	False	True	False	[0.20353624 0.79646379 0.11559115 0.88440883]	0.08794507011771202	0.6808726154267788	-0.043972522020339966	0.34043630957603455	0.7964637875556946	[3113 3113 3113 3113 3112]	[3156 3155 3155 3155 3155]		
531.38125	1.7469999999999573	epochs															maze_arm	36.0
533.14875	7.039500000000089	epochs															feedback_and_iti	36.0
533.14875	0.9825000000000728	epochs															feedback_delay	36.0
534.1505	1.9975000000000591	epochs															feedback	36.0
536.20425	3.9840000000000373	epochs															iti	36.0
540.218	7.8215000000000146	epochs															maze	37.0
540.218	5.3142500000000155	epochs															maze_stem	37.0
540.24125	13.003749999999968	trials	False	True	False	True	True	True	[0.17255004 0.82744992 0.10524596 0.89475405]	0.0673041045665741	0.7222039848566055	0.03365206718444824	0.36110198497772217	0.8947540521621704	[3199 3199 3199 3198 3198]	[3245 3245 3245 3244 3244]		
545.5505	2.488999999999919	epochs															maze_arm	37.0
548.0575	5.166749999999979	epochs															feedback_and_iti	37.0
548.0575	0.98599999999999	epochs															feedback_delay	37.0
549.0635	1.986250000000041	epochs															feedback	37.0
551.25725	1.9669999999999845	epochs															iti	37.0
553.245	7.473250000000007	epochs															maze	38.0
553.245	5.640250000000037	epochs															maze_stem	38.0
553.2655	12.67349999999999	trials	False	True	False	True	True	True	[0.263161   0.73683894 0.15408748 0.84591252]	0.10907354950904846	0.5827514827251434	0.054536789655685425	0.2913757264614105	0.845912516117096	[3277 3277 3277 3276 3276]	[3321 3321 3321 3320 3320]		
558.9035	1.8147500000000036	epochs															maze_arm	38.0
560.7395	5.177999999999997	epochs															feedback_and_iti	38.0
560.7395	0.9922500000000127	epochs															feedback_delay	38.0
561.75075	1.98174999999992	epochs															feedback	38.0
563.925	1.9925000000000637	epochs															iti	38.0
565.939	8.738500000000045	epochs															maze	39.0
565.939	7.378750000000082	epochs															maze_stem	39.0
565.9585	15.788999999999987	trials	False	True	False	False	True	False	[0.28204861 0.71795142 0.14342616 0.85657382]	0.13862242549657822	0.5745252296328545	-0.06931120157241821	0.28726261854171753	0.7179514169692993	[3353 3353 3353 3353 3352]	[3405 3404 3404 3404 3404]		
573.33875	1.3387500000000045	epochs															maze_arm	39.0
574.698	7.020250000000033	epochs															feedback_and_iti	39.0
574.698	0.9855000000000018	epochs															feedback_delay	39.0
575.70225	1.9849999999999	epochs															feedback	39.0
577.724	3.9942499999999654	epochs															iti	39.0
581.7475	6.532000000000039	epochs															maze	40.0
581.7475	4.891000000000076	epochs															maze_stem	40.0
581.76825	11.719500000000039	trials	False	True	False	False	False	True	[0.1669464  0.83305359 0.0923837  0.90761626]	0.0745626837015152	0.7406698763370514	0.037281349301338196	-0.3703349530696869	0.1669463962316513	[3448 3448 3448 3447 3447]	[3486 3486 3486 3486 3485]		
586.6605	1.6190000000000282	epochs															maze_arm	40.0
588.30025	5.164250000000038	epochs															feedback_and_iti	40.0
588.30025	0.9869999999999663	epochs															feedback_delay	40.0
589.307	1.9764999999999873	epochs															feedback	40.0
591.4745	1.990000000000009	epochs															iti	40.0
593.48775	8.943250000000035	epochs															maze	41.0
593.48775	7.677500000000009	epochs															maze_stem	41.0
593.5115	15.975000000000023	trials	False	True	False	False	True	False	[0.57803863 0.42196131 0.35147345 0.64852655]	0.22656521201133728	0.07048788666725159	-0.11328262090682983	0.0352439284324646	0.42196130752563477	[3518 3518 3518 3518 3518]	[3571 3571 3571 3570 3570]		
601.18525	1.2457500000000437	epochs															maze_arm	41.0
602.4485	7.018000000000029	epochs															feedback_and_iti	41.0
602.4485	0.9807500000000573	epochs															feedback_delay	41.0
603.45025	1.990000000000009	epochs															feedback	41.0
605.4775	3.9890000000000327	epochs															iti	41.0
609.4865	6.6440000000000055	epochs															maze	42.0
609.4865	5.217750000000024	epochs															maze_stem	42.0
609.506	11.850999999999999	trials	False	True	False	False	False	True	[0.2865805  0.71341956 0.18648842 0.81351161]	0.10009206831455231	0.5269311219453812	0.05004604160785675	-0.2634655386209488	0.28658050298690796	[3614 3614 3614 3614 3613]	[3653 3653 3653 3653 3652]		
614.7235	1.407000000000039	epochs															maze_arm	42.0
616.14925	5.185999999999922	epochs															feedback_and_iti	42.0
616.14925	0.9994999999998981	epochs															feedback_delay	42.0
617.17075	1.96875	epochs															feedback	42.0
619.34175	1.9934999999999263	epochs															iti	42.0
621.357	6.5232500000000755	epochs															maze	43.0
621.357	5.259500000000003	epochs															maze_stem	43.0
621.3805	11.713250000000016	trials	False	True	False	False	False	True	[0.57463515 0.42536488 0.39380857 0.60619146]	0.1808265745639801	0.03155630826950073	0.09041328728199005	-0.015778139233589172	0.5746351480484009	[3685 3685 3685 3685 3685]	[3724 3723 3723 3723 3723]		
626.6375	1.242750000000001	epochs															maze_arm	43.0
627.901	5.1720000000000255	epochs															feedback_and_iti	43.0
627.901	0.99675000000002	epochs															feedback_delay	43.0
628.919	1.9785000000000537	epochs															feedback	43.0
631.08125	1.9917500000000246	epochs															iti	43.0
633.09375	6.221499999999992	epochs															maze	44.0
633.09375	4.432999999999993	epochs															maze_stem	44.0
633.114	13.285999999999945	trials	False	True	False	True	False	False	[0.69520015 0.30479988 0.46321148 0.53678852]	0.23198865354061127	-0.15841160714626312	-0.11599433422088623	0.07920581102371216	0.4632114768028259	[3756 3756 3755 3755 3755]	[3792 3792 3792 3792 3791]		
637.54775	1.767500000000041	epochs															maze_arm	44.0
639.33575	7.046249999999986	epochs															feedback_and_iti	44.0
639.33575	0.9972500000000082	epochs															feedback_delay	44.0
640.353	1.9790000000000418	epochs															feedback	44.0
642.3715	4.010499999999979	epochs															iti	44.0
646.4	5.203750000000014	epochs															maze	45.0
646.4	3.856999999999971	epochs															maze_stem	45.0
646.419	10.399999999999977	trials	True	True	False	False	False	True	[0.59289539 0.40710455 0.42661244 0.5733875 ]	0.16628295183181763	-0.019507884979248047	0.08314147591590881	0.009753912687301636	0.5928953886032104	[3836 3835 3835 3835 3835]	[3866 3866 3865 3865 3865]		
650.276	1.3277500000000373	epochs															maze_arm	45.0
651.622	5.176750000000084	epochs															feedback_and_iti	45.0
651.622	0.9875000000000682	epochs															feedback_delay	45.0
652.629	1.9912500000000364	epochs															feedback	45.0
654.8105	1.9882499999999936	epochs															iti	45.0
656.819	7.802000000000021	epochs															maze	46.0
656.819	6.440750000000094	epochs															maze_stem	46.0
656.839	14.84624999999994	trials	False	True	False	False	True	False	[0.69374681 0.30625319 0.5402894  0.45971063]	0.1534574180841446	-0.23403619229793549	-0.0767287164926529	-0.11701808869838715	0.30625319480895996	[3898 3898 3898 3897 3897]	[3944 3944 3943 3943 3943]		
663.28075	1.340249999999969	epochs															maze_arm	46.0
664.64125	7.024249999999938	epochs															feedback_and_iti	46.0
664.64125	0.9895000000000209	epochs															feedback_delay	46.0
665.6525	1.9850000000000136	epochs															feedback	46.0
667.6755	3.9899999999998954	epochs															iti	46.0
671.68525	5.27475000000004	epochs															maze	47.0
671.68525	4.068499999999972	epochs															maze_stem	47.0
671.703	10.472500000000082	trials	False	True	False	False	False	True	[0.48977175 0.51022822 0.37136513 0.62863487]	0.11840663850307465	0.13886310160160065	0.059203311800956726	-0.06943155825138092	0.4897717535495758	[3987 3987 3987 3987 3986]	[4018 4018 4017 4017 4017]		
675.774	1.1860000000000355	epochs															maze_arm	47.0
676.97925	5.1752500000000055	epochs															feedback_and_iti	47.0
676.97925	0.9912500000000364	epochs															feedback_delay	47.0
677.99125	1.97199999999998	epochs															feedback	47.0
680.154	2.000499999999988	epochs															iti	47.0
682.1755	5.1404999999999745	epochs															maze	48.0
682.1755	3.977999999999952	epochs															maze_stem	48.0
682.1955	10.324250000000006	trials	False	True	False	False	False	True	[0.68025851 0.31974146 0.55563831 0.44436166]	0.12462019920349121	-0.23589685559272766	0.062310099601745605	0.11794841289520264	0.6802585124969482	[4050 4050 4050 4049 4049]	[4080 4080 4080 4079 4079]		
686.173	1.143000000000029	epochs															maze_arm	48.0
687.33525	5.163499999999999	epochs															feedback_and_iti	48.0
687.33525	0.9932499999999891	epochs															feedback_delay	48.0
688.35	1.9714999999999918	epochs															feedback	48.0
690.51175	1.9869999999999663	epochs															iti	48.0
692.51975	6.372250000000008	epochs															maze	49.0
692.51975	5.183749999999918	epochs															maze_stem	49.0
692.541	11.551249999999982	trials	False	True	False	False	False	True	[0.76146168 0.23853837 0.61213917 0.38786086]	0.1493225023150444	-0.3736008033156395	0.0746612548828125	0.18680042028427124	0.7614616751670837	[4112 4112 4112 4111 4111]	[4149 4149 4149 4149 4149]		
697.72275	1.1692500000000337	epochs															maze_arm	49.0
698.91425	5.157499999999914	epochs															feedback_and_iti	49.0
698.91425	0.9929999999999382	epochs															feedback_delay	49.0
699.927	1.9729999999999563	epochs															feedback	49.0
702.09525	1.9764999999999873	epochs															iti	49.0
704.09225	5.613249999999994	epochs															maze	50.0
704.09225	3.9064999999999372	epochs															maze_stem	50.0
704.11325	10.806249999999977	trials	True	True	False	False	False	True	[0.81846803 0.18153201 0.66422534 0.33577463]	0.15424265712499619	-0.4826933667063713	0.07712134718894958	0.24134668707847595	0.8184680342674255	[4181 4181 4181 4181 4181]	[4214 4214 4214 4214 4213]		
708.01925	1.6862499999999727	epochs															maze_arm	50.0
709.7245	5.1717499999999745	epochs															feedback_and_iti	50.0
709.7245	0.98174999999992	epochs															feedback_delay	50.0
710.72475	1.9840000000000373	epochs															feedback	50.0
712.89825	1.9980000000000473	epochs															iti	50.0
714.9195	8.455000000000041	epochs															maze	51.0
714.9195	7.172250000000076	epochs															maze_stem	51.0
714.9395	13.650250000000028	trials	True	True	False	True	True	True	[0.81147575 0.18852422 0.72764271 0.27235731]	0.08383306860923767	-0.5391184687614441	0.04191654920578003	-0.26955923438072205	0.272357314825058	[4246 4246 4246 4246 4246]	[4296 4296 4296 4296 4295]		
722.11	1.2644999999999982	epochs															maze_arm	51.0
723.39375	5.175749999999994	epochs															feedback_and_iti	51.0
723.39375	0.9897500000000719	epochs															feedback_delay	51.0
724.4015	1.9914999999999736	epochs															feedback	51.0
726.58075	1.9887499999999818	epochs															iti	51.0
728.58975	9.733749999999986	epochs															maze	52.0
728.58975	7.453499999999963	epochs															maze_stem	52.0
728.60775	14.928249999999935	trials	False	True	False	True	True	True	[0.70586491 0.29413509 0.50754476 0.49245524]	0.1983201503753662	-0.2134096622467041	0.0991600751876831	-0.10670483112335205	0.49245524406433105	[4328 4328 4328 4328 4328]	[4386 4386 4385 4385 4385]		
736.06275	2.2607499999999163	epochs															maze_arm	52.0
738.3445	5.170999999999935	epochs															feedback_and_iti	52.0
738.3445	0.9922500000000127	epochs															feedback_delay	52.0
739.357	1.9822500000000218	epochs															feedback	52.0
741.5355	1.9800000000000182	epochs															iti	52.0
743.536	7.599000000000046	epochs															maze	53.0
743.536	5.190750000000094	epochs															maze_stem	53.0
743.55475	12.801249999999982	trials	False	True	False	True	True	True	[0.67928261 0.32071739 0.39431214 0.6056878 ]	0.2849704325199127	-0.07359477877616882	0.14248520135879517	-0.036797404289245605	0.6056877970695496	[4418 4418 4418 4417 4417]	[4463 4462 4462 4462 4462]		
748.74725	2.3877499999999827	epochs															maze_arm	53.0
751.1535	5.17349999999999	epochs															feedback_and_iti	53.0
751.1535	0.9885000000000446	epochs															feedback_delay	53.0
752.1635	1.978749999999991	epochs															feedback	53.0
754.334	1.9930000000000518	epochs															iti	53.0
756.356	5.550749999999994	epochs															maze	54.0
756.356	4.449250000000006	epochs															maze_stem	54.0
756.37675	10.737999999999943	trials	False	True	False	False	False	True	[0.6538704  0.34612963 0.32100657 0.6789934 ]	0.33286380767822266	0.025123029947280884	0.16643191874027252	-0.012561514973640442	0.6538704037666321	[4495 4495 4494 4494 4494]	[4527 4527 4527 4527 4526]		
760.8245	1.0822500000000446	epochs															maze_arm	54.0
761.92725	5.168000000000006	epochs															feedback_and_iti	54.0
761.92725	0.9922500000000127	epochs															feedback_delay	54.0
762.9395	1.9740000000000464	epochs															feedback	54.0
765.118	1.9772499999999127	epochs															iti	54.0
767.11475	5.218000000000075	epochs															maze	55.0
767.11475	3.8250000000000455	epochs															maze_stem	55.0
767.1335	10.430499999999938	trials	True	True	False	False	False	True	[0.87770855 0.12229147 0.43787819 0.56212181]	0.43983035162091255	-0.31558673456311226	0.21991518139839172	0.15779337286949158	0.8777085542678833	[4559 4559 4559 4559 4559]	[4590 4589 4589 4589 4589]		
770.96025	1.3725000000000591	epochs															maze_arm	55.0
772.35	5.185249999999996	epochs															feedback_and_iti	55.0
772.35	0.9850000000000136	epochs															feedback_delay	55.0
773.35275	1.9887499999999818	epochs															feedback	55.0
775.53325	2.0020000000000664	epochs															iti	55.0
777.564	6.183250000000044	epochs															maze	56.0
777.564	4.536749999999984	epochs															maze_stem	56.0
777.59	13.231249999999932	trials	False	True	False	True	False	False	[0.89473742 0.1052626  0.53194368 0.46805632]	0.3627937324345112	-0.4266810901463032	-0.18139687180519104	0.21334055066108704	0.531943678855896	[4622 4622 4622 4621 4621]	[4658 4658 4658 4657 4657]		
782.1225	1.6247500000000628	epochs															maze_arm	56.0
783.7665	7.033750000000055	epochs															feedback_and_iti	56.0
783.7665	0.9865000000000919	epochs															feedback_delay	56.0
784.77375	1.9940000000000282	epochs															feedback	56.0
786.80675	3.99350000000004	epochs															iti	56.0
790.82125	5.750250000000051	epochs															maze	57.0
790.82125	4.036500000000046	epochs															maze_stem	57.0
790.84125	10.926250000000095	trials	True	True	False	False	False	True	[0.71818513 0.2818149  0.42514569 0.57485431]	0.2930394262075424	-0.14333079755306244	0.1465197205543518	0.07166540622711182	0.7181851267814636	[4701 4701 4701 4701 4701]	[4735 4735 4735 4734 4734]		
794.87775	1.6937500000000227	epochs															maze_arm	57.0
796.59175	5.1544999999999845	epochs															feedback_and_iti	57.0
796.59175	0.9982499999999845	epochs															feedback_delay	57.0
797.60975	1.9645000000000437	epochs															feedback	57.0
799.76	1.986250000000041	epochs															iti	57.0
801.7675	6.8032499999999345	epochs															maze	58.0
801.7675	4.556999999999903	epochs															maze_stem	58.0
801.78775	13.847000000000094	trials	False	True	False	True	False	False	[0.83022726 0.16977268 0.52919799 0.47080204]	0.301029309630394	-0.35942526161670685	-0.1505146324634552	0.17971262335777283	0.5291979908943176	[4767 4767 4767 4766 4766]	[4807 4807 4807 4806 4806]		
806.34525	2.225500000000011	epochs															maze_arm	58.0
808.59	7.024499999999989	epochs															feedback_and_iti	58.0
808.59	0.9984999999999218	epochs															feedback_delay	58.0
809.607	1.9769999999999754	epochs															feedback	58.0
811.61925	3.9952500000000555	epochs															iti	58.0
815.63475	7.073249999999916	epochs															maze	59.0
815.63475	5.824499999999944	epochs															maze_stem	59.0
815.65375	12.24775000000011	trials	True	True	False	True	True	True	[0.73902839 0.26097158 0.45920241 0.54079759]	0.27982600033283234	-0.1982308179140091	0.13991300761699677	-0.09911541640758514	0.5407975912094116	[4850 4850 4850 4850 4849]	[4892 4891 4891 4891 4891]		
821.47975	1.2282500000000027	epochs															maze_arm	59.0
822.72675	5.1544999999999845	epochs															feedback_and_iti	59.0
822.72675	0.9942499999999654	epochs															feedback_delay	59.0
823.73975	1.9682500000000118	epochs															feedback	59.0
825.895	1.986250000000041	epochs															iti	59.0
827.9015	5.644749999999931	epochs															maze	60.0
827.9015	4.431749999999965	epochs															maze_stem	60.0
827.921	10.861999999999966	trials	False	True	False	False	False	True	[0.76570827 0.2342917  0.43490261 0.56509745]	0.330805703997612	-0.20061086118221283	0.1654028296470642	0.10030543804168701	0.7657082676887512	[4924 4924 4923 4923 4923]	[4957 4956 4956 4956 4956]		
832.35575	1.1905000000000427	epochs															maze_arm	60.0
833.56625	5.197499999999991	epochs															feedback_and_iti	60.0
833.56625	0.9922500000000127	epochs															feedback_delay	60.0
834.579	1.9822500000000218	epochs															feedback	60.0
836.77075	1.9929999999999382	epochs															iti	60.0
838.783	5.3110000000000355	epochs															maze	61.0
838.783	3.927000000000021	epochs															maze_stem	61.0
838.8005	10.484499999999912	trials	True	True	False	False	False	True	[0.9210189  0.0789811  0.56993532 0.43006465]	0.35108356177806854	-0.4909542351961136	0.17554178833961487	0.2454771101474762	0.9210188984870911	[4989 4989 4989 4988 4988]	[5020 5020 5019 5019 5019]		
842.73075	1.3632500000001073	epochs															maze_arm	61.0
844.11525	5.149500000000103	epochs															feedback_and_iti	61.0
844.11525	0.9837500000001	epochs															feedback_delay	61.0
845.1185	1.981999999999971	epochs															feedback	61.0
847.276	1.9887500000000955	epochs															iti	61.0
849.285	6.309500000000071	epochs															maze	62.0
849.285	5.032500000000027	epochs															maze_stem	62.0
849.3025	11.500750000000039	trials	True	True	False	False	False	True	[0.92979205 0.07020792 0.66068101 0.33931899]	0.269111055880785	-0.5904730744659901	0.13455551862716675	0.2952365279197693	0.929792046546936	[5052 5052 5052 5051 5051]	[5089 5089 5088 5088 5088]		
854.3365	1.2580000000000382	epochs															maze_arm	62.0
855.61475	5.166750000000093	epochs															feedback_and_iti	62.0
855.61475	0.9965000000000828	epochs															feedback_delay	62.0
856.6355	1.9624999999999773	epochs															feedback	62.0
858.7925	1.9890000000000327	epochs															iti	62.0
860.80325	6.521249999999895	epochs															maze	63.0
860.80325	4.821749999999952	epochs															maze_stem	63.0
860.824	11.710750000000075	trials	False	True	False	True	True	True	[0.92424619 0.07575382 0.65866327 0.34133673]	0.265582911670208	-0.58290945738554	0.1327914521098137	-0.2914547249674797	0.341336727142334	[5121 5121 5121 5120 5120]	[5159 5159 5159 5159 5158]		
865.64875	1.6757499999999936	epochs															maze_arm	63.0
867.344	5.170249999999896	epochs															feedback_and_iti	63.0
867.344	0.988999999999919	epochs															feedback_delay	63.0
868.35375	1.9822500000000218	epochs															feedback	63.0
870.52025	1.9939999999999145	epochs															iti	63.0
872.53475	7.2062499999999545	epochs															maze	64.0
872.53475	6.047749999999951	epochs															maze_stem	64.0
872.55275	12.401000000000067	trials	False	True	False	False	False	True	[0.8245582  0.17544179 0.36896858 0.63103139]	0.4555896148085594	-0.19352679699659348	0.22779481112957	0.09676338732242584	0.8245581984519958	[5191 5191 5191 5191 5191]	[5234 5233 5233 5233 5233]		
878.604	1.1369999999999436	epochs															maze_arm	64.0
879.759	5.175999999999931	epochs															feedback_and_iti	64.0
879.759	0.9937499999999773	epochs															feedback_delay	64.0
880.774	1.9850000000000136	epochs															feedback	64.0
882.94	1.9949999999998909	epochs															iti	64.0
884.95375	7.244000000000028	epochs															maze	65.0
884.95375	5.992250000000013	epochs															maze_stem	65.0
884.975	12.429750000000013	trials	False	True	False	False	False	True	[0.9292618  0.07073824 0.40399897 0.59600103]	0.5252628102898598	-0.33326075226068497	0.2626314163208008	0.16663038730621338	0.9292618036270142	[5266 5266 5265 5265 5265]	[5308 5308 5308 5308 5307]		
890.9665	1.2312500000000455	epochs															maze_arm	65.0
892.21825	5.168000000000006	epochs															feedback_and_iti	65.0
892.21825	0.9764999999999873	epochs															feedback_delay	65.0
893.219	1.9954999999999927	epochs															feedback	65.0
895.42125	1.9650000000000318	epochs															iti	65.0
897.40475	5.272749999999974	epochs															maze	66.0
897.40475	3.9517499999999472	epochs															maze_stem	66.0
897.42425	12.308749999999918	trials	False	True	False	True	False	False	[0.95429933 0.04570064 0.48484558 0.51515442]	0.4694537650793791	-0.4391449224203825	-0.23472687602043152	0.21957245469093323	0.4848455786705017	[5340 5340 5340 5340 5340]	[5371 5371 5371 5371 5370]		
901.377	1.3005000000000564	epochs															maze_arm	66.0
902.69825	7.013749999999959	epochs															feedback_and_iti	66.0
902.69825	0.9884999999999309	epochs															feedback_delay	66.0
903.70625	1.9825000000000728	epochs															feedback	66.0
905.7275	3.9845000000000255	epochs															iti	66.0
909.733	6.168250000000057	epochs															maze	67.0
909.733	4.63900000000001	epochs															maze_stem	67.0
909.75325	11.365499999999997	trials	False	True	False	True	True	True	[0.80815339 0.19184655 0.43388346 0.56611657]	0.3742699772119522	-0.2420368641614914	0.1871350109577179	-0.1210184395313263	0.5661165714263916	[5414 5414 5414 5414 5414]	[5450 5450 5450 5450 5450]		
914.39225	1.5090000000000146	epochs															maze_arm	67.0
915.92175	5.176000000000045	epochs															feedback_and_iti	67.0
915.92175	0.9890000000000327	epochs															feedback_delay	67.0
916.93225	1.9845000000000255	epochs															feedback	67.0
919.1175	1.9802500000000691	epochs															iti	67.0
921.11875	7.079500000000053	epochs															maze	68.0
921.11875	5.988249999999994	epochs															maze_stem	68.0
921.1395	12.272000000000048	trials	False	True	False	False	False	True	[0.85218906 0.14781095 0.33593076 0.66406929]	0.5162583217024803	-0.1881197914481163	0.25812914967536926	0.09405991435050964	0.8521890640258789	[5483 5482 5482 5482 5482]	[5524 5524 5524 5524 5523]		
927.12675	1.0715000000000146	epochs															maze_arm	68.0
928.21975	5.166500000000042	epochs															feedback_and_iti	68.0
928.21975	0.9957500000000437	epochs															feedback_delay	68.0
929.23575	1.9767499999999245	epochs															feedback	68.0
931.40025	1.98599999999999	epochs															iti	68.0
933.4115	4.8312499999999545	epochs															maze	69.0
933.4115	3.690499999999929	epochs															maze_stem	69.0
933.43425	10.017499999999927	trials	False	True	False	False	False	True	[0.9443754  0.05562457 0.39193752 0.60806245]	0.55243787355721	-0.33631295152008533	0.2762189358472824	0.1681564599275589	0.9443753957748413	[5556 5556 5556 5556 5556]	[5584 5584 5584 5584 5584]		
937.122	1.1207500000000437	epochs															maze_arm	69.0
938.26125	5.169250000000034	epochs															feedback_and_iti	69.0
938.26125	0.9847499999999627	epochs															feedback_delay	69.0
939.26575	1.9814999999999827	epochs															feedback	69.0
941.45225	1.9782500000000027	epochs															iti	69.0
943.45175	6.655500000000075	epochs															maze	70.0
943.45175	4.668000000000006	epochs															maze_stem	70.0
943.47275	11.834749999999985	trials	True	True	False	True	True	True	[0.96259421 0.03740579 0.46573257 0.53426737]	0.4968616086989641	-0.42832681722939014	0.24843079037964344	-0.21416342444717884	0.5342673659324646	[5617 5616 5616 5616 5616]	[5655 5655 5655 5655 5655]		
948.14075	1.9664999999999964	epochs															maze_arm	70.0
950.13025	5.158249999999953	epochs															feedback_and_iti	70.0
950.13025	0.9907499999999345	epochs															feedback_delay	70.0
951.14175	1.9742499999999836	epochs															feedback	70.0
953.29525	1.993249999999989	epochs															iti	70.0
955.3075	9.215749999999957	epochs															maze	71.0
955.3075	8.084500000000048	epochs															maze_stem	71.0
955.32725	14.389499999999998	trials	True	True	False	True	True	True	[0.8889066  0.11109345 0.32646808 0.67353189]	0.5624384768307209	-0.2153746671974659	0.2812192179262638	-0.1076873280107975	0.6735318899154663	[5688 5687 5687 5687 5687]	[5742 5742 5741 5741 5741]		
963.41025	1.1129999999999427	epochs															maze_arm	71.0
964.54225	5.154250000000047	epochs															feedback_and_iti	71.0
964.54225	0.98700000000008	epochs															feedback_delay	71.0
965.54975	1.9750000000000227	epochs															feedback	71.0
967.704	1.9925000000000637	epochs															iti	71.0
969.71675	5.5112499999999045	epochs															maze	72.0
969.71675	4.412499999999909	epochs															maze_stem	72.0
969.73625	10.720249999999965	trials	False	True	False	False	False	True	[0.88308883 0.11691117 0.30946508 0.69053495]	0.5736237615346909	-0.19255389273166656	0.28681187331676483	0.09627695381641388	0.8830888271331787	[5774 5774 5774 5773 5773]	[5806 5806 5806 5805 5805]		
974.1495	1.0784999999999627	epochs															maze_arm	72.0
975.24925	5.189000000000078	epochs															feedback_and_iti	72.0
975.24925	0.9904999999999973	epochs															feedback_delay	72.0
976.258	1.9902499999999463	epochs															feedback	72.0
978.45825	1.9800000000000182	epochs															iti	72.0
980.4565	4.840749999999957	epochs															maze	73.0
980.4565	3.71875	epochs															maze_stem	73.0
980.4775	10.033750000000055	trials	False	True	False	False	False	True	[0.96252173 0.03747821 0.39242911 0.60757083]	0.5700926184654236	-0.3549509048461914	0.2850463092327118	0.17747542262077332	0.9625217318534851	[5838 5838 5838 5838 5838]	[5866 5866 5866 5866 5866]		
984.196	1.1012499999999363	epochs															maze_arm	73.0
985.31625	5.1752500000000055	epochs															feedback_and_iti	73.0
985.31625	0.9952500000000555	epochs															feedback_delay	73.0
986.33125	1.976500000000101	epochs															feedback	73.0
988.502	1.989500000000021	epochs															iti	73.0
990.51125	7.580500000000029	epochs															maze	74.0
990.51125	6.1875	epochs															maze_stem	74.0
990.53275	12.782750000000078	trials	False	True	False	True	True	True	[0.97447723 0.02552274 0.46583319 0.53416681]	0.5086440593004227	-0.44031043350696564	0.25432203710079193	-0.22015522420406342	0.5341668128967285	[5899 5898 5898 5898 5898]	[5943 5943 5943 5943 5942]		
996.71875	1.3730000000000473	epochs															maze_arm	74.0
998.11075	5.184249999999906	epochs															feedback_and_iti	74.0
998.11075	0.99249999999995	epochs															feedback_delay	74.0
999.1245	1.97950000000003	epochs															feedback	74.0
1001.2995	1.9954999999999927	epochs															iti	74.0
1003.3155	5.3829999999999245	epochs															maze	75.0
1003.3155	4.019499999999994	epochs															maze_stem	75.0
1003.3355	12.422249999999963	trials	False	True	False	True	False	False	[0.91546321 0.08453681 0.30246136 0.69753861]	0.6130018308758736	-0.2179245725274086	-0.3065009266138077	0.108962282538414	0.3024613559246063	[5975 5975 5975 5975 5975]	[6007 6007 6006 6006 6006]		
1007.3545	1.3439999999999372	epochs															maze_arm	75.0
1008.718	7.020500000000084	epochs															feedback_and_iti	75.0
1008.718	0.9880000000000564	epochs															feedback_delay	75.0
1009.727	1.9777500000000146	epochs															feedback	75.0
1011.7565	3.9820000000000846	epochs															iti	75.0
1015.75775	5.419250000000034	epochs															maze	76.0
1015.75775	3.9777500000000146	epochs															maze_stem	76.0
1015.77825	10.595000000000141	trials	False	True	False	False	False	True	[0.79472125 0.20527871 0.31635022 0.68364972]	0.4783710166811943	-0.11107151955366135	0.23918551206588745	0.055535733699798584	0.794721245765686	[6050 6050 6050 6049 6049]	[6082 6081 6081 6081 6081]		
1019.7535	1.42349999999999	epochs															maze_arm	76.0
1021.1975	5.153999999999996	epochs															feedback_and_iti	76.0
1021.1975	0.9842499999999745	epochs															feedback_delay	76.0
1022.2025	1.9802499999999554	epochs															feedback	76.0
1024.37275	1.978749999999991	epochs															iti	76.0
1026.37325	6.51949999999988	epochs															maze	77.0
1026.37325	5.0787499999999	epochs															maze_stem	77.0
1026.394	13.55749999999989	trials	False	True	False	True	False	False	[0.95301318 0.04698683 0.43393227 0.5660677 ]	0.5190808866173029	-0.38694546557962894	-0.25954045355319977	0.1934727281332016	0.43393227458000183	[6114 6113 6113 6113 6113]	[6152 6152 6151 6151 6151]		
1031.472	1.4207499999999982	epochs															maze_arm	77.0
1032.91125	7.019999999999982	epochs															feedback_and_iti	77.0
1032.91125	0.9919999999999618	epochs															feedback_delay	77.0
1033.923	1.9832499999999982	epochs															feedback	77.0
1035.94625	3.9850000000001273	epochs															iti	77.0
1039.9515	7.006250000000136	epochs															maze	78.0
1039.9515	5.781500000000051	epochs															maze_stem	78.0
1039.97125	12.20049999999992	trials	True	True	False	True	True	True	[0.84193569 0.15806428 0.41142762 0.58857238]	0.430508092045784	-0.25336332619190216	0.2152540534734726	-0.12668167054653168	0.5885723829269409	[6195 6195 6195 6194 6194]	[6236 6236 6236 6236 6235]		
1045.75275	1.2049999999999272	epochs															maze_arm	78.0
1046.9785	5.1712500000001	epochs															feedback_and_iti	78.0
1046.9785	0.9995000000001255	epochs															feedback_delay	78.0
1047.99725	1.97400000000016	epochs															feedback	78.0
1050.15425	1.9954999999999927	epochs															iti	78.0
1052.17175	6.738000000000056	epochs															maze	79.0
1052.17175	5.606500000000096	epochs															maze_stem	79.0
1052.19225	11.939750000000004	trials	False	True	False	True	True	True	[0.89488786 0.10511211 0.38847303 0.61152697]	0.5064148418605328	-0.28336090967059135	0.25320742651820183	-0.14168046042323112	0.6115269660949707	[6268 6268 6268 6268 6268]	[6308 6308 6307 6307 6307]		
1057.79875	1.1110000000001037	epochs															maze_arm	79.0
1058.93	5.18100000000004	epochs															feedback_and_iti	79.0
1058.93	0.9937499999998636	epochs															feedback_delay	79.0
1059.94375	1.9822500000000218	epochs															feedback	79.0
1062.12275	1.9882500000001073	epochs															iti	79.0
1064.132	7.849249999999984	epochs															maze	80.0
1064.132	6.69399999999996	epochs															maze_stem	80.0
1064.1535	13.028999999999996	trials	False	True	False	True	True	True	[0.88864201 0.11135803 0.32946113 0.6705389 ]	0.5591808781027794	-0.2181031033396721	0.2795904353260994	-0.10905153304338455	0.6705389022827148	[6340 6340 6340 6339 6339]	[6386 6386 6386 6386 6385]		
1070.845	1.1362500000000182	epochs															maze_arm	80.0
1072.00175	5.159500000000207	epochs															feedback_and_iti	80.0
1072.00175	0.9847500000000764	epochs															feedback_delay	80.0
1073.008	1.99149999999986	epochs															feedback	80.0
1075.17875	1.9825000000000728	epochs															iti	80.0
1077.1825	5.624250000000075	epochs															maze	81.0
1077.1825	4.523000000000138	epochs															maze_stem	81.0
1077.20225	10.811749999999847	trials	False	True	False	False	False	True	[0.87836719 0.12163281 0.28026167 0.71973836]	0.5981055349111557	-0.15862883627414703	0.29905276000499725	0.07931442558765411	0.8783671855926514	[6418 6418 6418 6418 6417]	[6451 6451 6451 6450 6450]		
1081.7265	1.0802499999999782	epochs															maze_arm	81.0
1082.82675	5.167750000000069	epochs															feedback_and_iti	81.0
1082.82675	0.9835000000000491	epochs															feedback_delay	81.0
1083.83	1.9890000000000327	epochs															feedback	81.0
1086.00225	1.9922500000000127	epochs															iti	81.0
1088.014	6.209750000000213	epochs															maze	82.0
1088.014	5.052500000000009	epochs															maze_stem	82.0
1088.03375	11.396499999999833	trials	False	True	False	False	False	True	[0.96124971 0.03875026 0.368359   0.63164097]	0.5928907096385956	-0.3296087384223938	0.2964453548192978	0.1648043543100357	0.9612497091293335	[6483 6483 6483 6483 6482]	[6519 6519 6519 6519 6519]		
1093.087	1.13675000000012	epochs															maze_arm	82.0
1094.244	5.166000000000167	epochs															feedback_and_iti	82.0
1094.244	0.9947500000000673	epochs															feedback_delay	82.0
1095.2585	1.972250000000031	epochs															feedback	82.0
1097.423	1.98700000000008	epochs															iti	82.0
1099.43025	7.0932500000001255	epochs															maze	83.0
1099.43025	5.926250000000209	epochs															maze_stem	83.0
1099.45075	12.291500000000042	trials	False	True	False	False	False	True	[0.9731006  0.02689933 0.43149859 0.56850141]	0.541602049022913	-0.40459922328591347	0.27080100774765015	0.2022995948791504	0.9731006026268005	[6552 6551 6551 6551 6551]	[6593 6593 6593 6593 6592]		
1105.37675	1.146750000000111	epochs															maze_arm	83.0
1106.54325	5.176249999999982	epochs															feedback_and_iti	83.0
1106.54325	0.9932499999999891	epochs															feedback_delay	83.0
1107.5585	1.981999999999971	epochs															feedback	83.0
1109.73325	1.9862499999999272	epochs															iti	83.0
1111.74225	6.571249999999964	epochs															maze	84.0
1111.74225	5.217249999999922	epochs															maze_stem	84.0
1111.76125	11.741250000000036	trials	False	True	False	False	False	True	[0.97532225 0.0246778  0.4499329  0.55006713]	0.525389333255589	-0.4252551095560193	0.26269467175006866	0.212627574801445	0.9753222465515137	[6625 6625 6625 6625 6625]	[6664 6664 6664 6663 6663]		
1116.979	1.3344999999999345	epochs															maze_arm	84.0
1118.3325	5.147999999999911	epochs															feedback_and_iti	84.0
1118.3325	0.9919999999999618	epochs															feedback_delay	84.0
1119.34525	1.9737499999998818	epochs															feedback	84.0
1121.49675	1.9837499999998727	epochs															iti	84.0
1123.5025	7.267499999999927	epochs															maze	85.0
1123.5025	5.852999999999838	epochs															maze_stem	85.0
1123.5225	12.460000000000036	trials	False	True	False	True	True	True	[0.9756645  0.02433548 0.46044859 0.53955144]	0.5152159295976162	-0.4361130855977535	0.25760797783732414	-0.2180565409362316	0.5395514369010925	[6696 6696 6696 6695 6695]	[6739 6738 6738 6738 6738]		
1129.37525	1.3947499999999309	epochs															maze_arm	85.0
1130.79	5.1712500000001	epochs															feedback_and_iti	85.0
1130.79	0.9925000000000637	epochs															feedback_delay	85.0
1131.8035	1.974999999999909	epochs															feedback	85.0
1133.9785	1.9827500000001237	epochs															iti	85.0
1135.9825	7.022500000000036	epochs															maze	86.0
1135.9825	5.785499999999956	epochs															maze_stem	86.0
1136.00275	14.059249999999793	trials	False	True	False	True	False	False	[0.91491723 0.08508273 0.28932467 0.7106753 ]	0.6255925633013248	-0.20424193516373634	-0.3127962797880173	0.10212095081806183	0.28932467103004456	[6771 6771 6770 6770 6770]	[6812 6812 6812 6811 6811]		
1141.78925	1.215750000000071	epochs															maze_arm	86.0
1143.026	7.013500000000022	epochs															feedback_and_iti	86.0
1143.026	0.99675000000002	epochs															feedback_delay	86.0
1144.044	1.9664999999999964	epochs															feedback	86.0
1146.04875	3.990750000000162	epochs															iti	86.0
1150.062	5.119250000000193	epochs															maze	87.0
1150.062	3.91150000000016	epochs															maze_stem	87.0
1150.08425	10.316749999999956	trials	True	True	False	False	False	True	[0.7877025  0.21229748 0.30246228 0.69753772]	0.48524022847414017	-0.09016478806734085	0.24262011051177979	0.04508239030838013	0.7877025008201599	[6855 6855 6855 6855 6854]	[6885 6885 6885 6884 6884]		
1153.9945	1.1867500000000746	epochs															maze_arm	87.0
1155.202	5.17775000000006	epochs															feedback_and_iti	87.0
1155.202	0.9912500000000364	epochs															feedback_delay	87.0
1156.211	1.9884999999999309	epochs															feedback	87.0
1158.3905	1.9892500000000837	epochs															iti	87.0
1160.401	6.869999999999891	epochs															maze	88.0
1160.401	5.549250000000029	epochs															maze_stem	88.0
1160.423	12.041500000000042	trials	False	True	False	True	True	True	[0.92948329 0.0705167  0.42157704 0.57842296]	0.507906261831522	-0.35106033459305763	0.25395313277840614	-0.17553016915917397	0.5784229636192322	[6917 6917 6917 6917 6916]	[6957 6957 6957 6957 6957]		
1165.971	1.2999999999999545	epochs															maze_arm	88.0
1167.29175	5.1534999999998945	epochs															feedback_and_iti	88.0
1167.29175	0.98174999999992	epochs															feedback_delay	88.0
1168.29475	1.9892500000000837	epochs															feedback	88.0
1170.46825	1.9770000000000891	epochs															iti	88.0
1172.4645	6.833750000000009	epochs															maze	89.0
1172.4645	5.773500000000013	epochs															maze_stem	89.0
1172.48475	12.038249999999834	trials	True	True	False	True	True	True	[0.9134168  0.08658322 0.28383029 0.71616977]	0.629586536437273	-0.19724704697728157	0.31479327753186226	-0.09862350299954414	0.7161697745323181	[6990 6989 6989 6989 6989]	[7030 7029 7029 7029 7029]		
1178.26025	1.038000000000011	epochs															maze_arm	89.0
1179.319	5.182999999999993	epochs															feedback_and_iti	89.0
1179.319	0.9882500000001073	epochs															feedback_delay	89.0
1180.32725	1.9859999999998763	epochs															feedback	89.0
1182.5025	1.9994999999998981	epochs															iti	89.0
1184.523	6.929000000000087	epochs															maze	90.0
1184.523	5.782750000000078	epochs															maze_stem	90.0
1184.54375	12.145749999999907	trials	False	True	False	False	False	True	[0.9014377  0.09856226 0.26304647 0.73695356]	0.6383912637829781	-0.1644841805100441	0.31919561326503754	0.08224208652973175	0.9014376997947693	[7062 7062 7061 7061 7061]	[7102 7102 7102 7102 7102]		
1190.32775	1.1242500000000746	epochs															maze_arm	90.0
1191.472	5.196249999999964	epochs															feedback_and_iti	90.0
1191.472	0.9800000000000182	epochs															feedback_delay	90.0
1192.474	1.9947500000000673	epochs															feedback	90.0
1194.682	1.9862499999999272	epochs															iti	90.0
1196.6895	14.384000000000015	epochs															maze	91.0
1196.6895	12.711250000000064	epochs															maze_stem	91.0
1196.70875	21.446750000000065	trials	False	True	False	True	False	False	[0.96725947 0.03274056 0.31276393 0.68723607]	0.6544955242425203	-0.2800233829766512	-0.3272477686405182	0.14001169800758362	0.31276392936706543	[7135 7135 7134 7134 7134]	[7220 7220 7220 7219 7219]		
1209.42125	1.6522499999998672	epochs															maze_arm	91.0
1211.09475	7.038250000000062	epochs															feedback_and_iti	91.0
1211.09475	0.9777500000000146	epochs															feedback_delay	91.0
1212.098	1.9985000000001492	epochs															feedback	91.0
1214.14775	3.985249999999951	epochs															iti	91.0
1218.1555	6.674250000000029	epochs															maze	92.0
1218.1555	5.507249999999885	epochs															maze_stem	92.0
1218.17625	11.882000000000062	trials	False	True	False	True	True	True	[0.8249054  0.17509459 0.32725734 0.67274261]	0.49764803797006607	-0.15216276794672012	0.24882400780916214	-0.07608140259981155	0.6727426052093506	[7263 7263 7263 7263 7263]	[7303 7302 7302 7302 7302]		
1223.684	1.1457500000001346	epochs															maze_arm	92.0
1224.85025	5.185249999999996	epochs															feedback_and_iti	92.0
1224.85025	0.9954999999999927	epochs															feedback_delay	92.0
1225.86575	1.9790000000000418	epochs															feedback	92.0
1228.05925	1.9762499999999363	epochs															iti	92.0
1230.05825	5.1437499999999545	epochs															maze	93.0
1230.05825	3.7905000000000655	epochs															maze_stem	93.0
1230.08075	10.331500000000005	trials	False	True	False	False	False	True	[0.90535742 0.09464265 0.28362247 0.7163775 ]	0.6217348985373974	-0.1889798752963543	0.31086747348308563	0.0944899469614029	0.9053574204444885	[7335 7335 7334 7334 7334]	[7365 7364 7364 7364 7364]		
1233.86925	1.3327500000000327	epochs															maze_arm	93.0
1235.22125	5.172749999999951	epochs															feedback_and_iti	93.0
1235.22125	0.9990000000000236	epochs															feedback_delay	93.0
1236.24125	1.9645000000000437	epochs															feedback	93.0
1238.4165	1.9774999999999636	epochs															iti	93.0
1240.41225	5.286499999999933	epochs															maze	94.0
1240.41225	4.202499999999873	epochs															maze_stem	94.0
1240.4325	10.482250000000022	trials	False	True	False	False	False	True	[0.96371984 0.03628012 0.31783113 0.6821689 ]	0.6458887495100498	-0.28155097737908363	0.32294435799121857	0.14077548682689667	0.9637198448181152	[7397 7397 7396 7396 7396]	[7428 7427 7427 7427 7427]		
1244.6345	1.0642500000001291	epochs															maze_arm	94.0
1245.718	5.176749999999856	epochs															feedback_and_iti	94.0
1245.718	0.9862499999999272	epochs															feedback_delay	94.0
1246.72425	1.9892500000000837	epochs															feedback	94.0
1248.90275	1.9919999999999618	epochs															iti	94.0
1250.91475	7.49350000000004	epochs															maze	95.0
1250.91475	6.289250000000038	epochs															maze_stem	95.0
1250.93625	12.678000000000111	trials	False	True	False	True	True	True	[0.97489715 0.02510283 0.38247836 0.61752164]	0.5924188019707799	-0.3573755146935582	0.2962094070389867	-0.17868776340037584	0.6175216436386108	[7460 7460 7459 7459 7459]	[7504 7504 7503 7503 7503]		
1257.22375	1.1844999999998436	epochs															maze_arm	95.0
1258.42825	5.165750000000116	epochs															feedback_and_iti	95.0
1258.42825	1.0027500000001055	epochs															feedback_delay	95.0
1259.454	1.9650000000001455	epochs															feedback	95.0
1261.6105	1.9835000000000491	epochs															iti	95.0
1263.61425	6.889249999999947	epochs															maze	96.0
1263.61425	5.698999999999842	epochs															maze_stem	96.0
1263.6385	12.063750000000027	trials	False	True	False	True	True	True	[0.92190892 0.07809111 0.2620503  0.73794973]	0.6598586179316044	-0.18395918980240822	0.32992931082844734	-0.09197958186268806	0.7379497289657593	[7536 7536 7536 7535 7535]	[7576 7576 7576 7576 7576]		
1269.33425	1.16924999999992	epochs															maze_arm	96.0
1270.52325	5.157750000000078	epochs															feedback_and_iti	96.0
1270.52325	0.99025000000006	epochs															feedback_delay	96.0
1271.53525	1.9752500000001874	epochs															feedback	96.0
1273.69475	1.9862499999999272	epochs															iti	96.0
1275.70225	5.223999999999933	epochs															maze	97.0
1275.70225	3.804499999999962	epochs															maze_stem	97.0
1275.72225	10.388500000000022	trials	True	True	False	False	False	True	[0.90966898 0.09033097 0.2232286  0.77677137]	0.6864403858780861	-0.13289762288331985	0.34322018921375275	0.06644879281520844	0.9096689820289612	[7608 7608 7608 7608 7608]	[7639 7639 7638 7638 7638]		
1279.5265	1.39975000000004	epochs															maze_arm	97.0
1280.94625	5.145999999999958	epochs															feedback_and_iti	97.0
1280.94625	0.9987499999999727	epochs															feedback_delay	97.0
1281.9635	1.96349999999984	epochs															feedback	97.0
1284.10375	1.9884999999999309	epochs															iti	97.0
1286.11075	6.0597499999998945	epochs															maze	98.0
1286.11075	4.950749999999971	epochs															maze_stem	98.0
1286.13025	11.252750000000106	trials	False	True	False	False	False	True	[0.95255792 0.04744208 0.25337949 0.74662054]	0.6991784404963255	-0.20593739859759808	0.3495892137289047	0.10296870768070221	0.9525579214096069	[7671 7671 7670 7670 7670]	[7706 7706 7706 7706 7705]		
1291.08075	1.0897499999998672	epochs															maze_arm	98.0
1292.18975	5.1724999999999	epochs															feedback_and_iti	98.0
1292.18975	0.99675000000002	epochs															feedback_delay	98.0
1293.2075	1.9782500000001164	epochs															feedback	98.0
1295.37625	1.9859999999998763	epochs															iti	98.0
1297.383	5.255499999999984	epochs															maze	99.0
1297.383	4.011749999999893	epochs															maze_stem	99.0
1297.402	10.45225000000005	trials	True	True	False	False	False	True	[0.97557211 0.02442793 0.26681212 0.73318791]	0.7087599877268076	-0.24238418973982334	0.3543799966573715	0.12119211256504059	0.9755721092224121	[7738 7738 7738 7738 7738]	[7769 7769 7769 7768 7768]		
1301.413	1.225500000000011	epochs															maze_arm	99.0
1302.657	5.177000000000135	epochs															feedback_and_iti	99.0
1302.657	0.9932499999999891	epochs															feedback_delay	99.0
1303.67075	1.9807499999999436	epochs															feedback	99.0
1305.834	2.0	epochs															iti	99.0
1307.85425	5.897999999999911	epochs															maze	100.0
1307.85425	4.870499999999993	epochs															maze_stem	100.0
1307.87475	11.087999999999965	trials	False	True	False	False	False	True	[0.97168881 0.02831119 0.33298975 0.66701025]	0.638699053786695	-0.3046785583719611	0.3193495273590088	0.15233927965164185	0.9716888070106506	[7801 7801 7801 7801 7800]	[7836 7835 7835 7835 7835]		
1312.7465	1.0057500000000346	epochs															maze_arm	100.0
1313.7725	5.171249999999873	epochs															feedback_and_iti	100.0
1313.7725	0.9997499999999491	epochs															feedback_delay	100.0
1314.79325	1.9627500000001419	epochs															feedback	100.0
1316.95675	1.9869999999998527	epochs															iti	100.0
1318.96275	6.373000000000047	epochs															maze	101.0
1318.96275	5.344749999999976	epochs															maze_stem	101.0
1318.98275	11.565500000000156	trials	False	True	False	False	False	True	[0.97638971 0.02361027 0.30189377 0.69810623]	0.6744959466159344	-0.2782834880053997	0.33724796772003174	0.1391417384147644	0.9763897061347961	[7868 7868 7867 7867 7867]	[7905 7905 7905 7904 7904]		
1324.32725	1.0084999999999127	epochs															maze_arm	101.0
1325.3565	5.169999999999845	epochs															feedback_and_iti	101.0
1325.3565	0.991249999999809	epochs															feedback_delay	101.0
1326.368	1.9785000000001673	epochs															feedback	101.0
1328.54075	1.9857500000000528	epochs															iti	101.0
1330.54825	5.173250000000053	epochs															maze	102.0
1330.54825	4.1340000000000146	epochs															maze_stem	102.0
1330.5715	10.347999999999956	trials	False	True	False	False	False	True	[0.97752506 0.02247494 0.32109949 0.67890048]	0.6564255533739924	-0.29862456303089857	0.32821278274059296	0.14931227266788483	0.9775250554084778	[7937 7937 7937 7937 7936]	[7967 7967 7967 7967 7967]		
1334.7015	1.0200000000002092	epochs															maze_arm	102.0
1335.74125	5.154749999999922	epochs															feedback_and_iti	102.0
1335.74125	0.9907499999999345	epochs															feedback_delay	102.0
1336.75325	1.9727500000001328	epochs															feedback	102.0
1338.9115	1.9845000000000255	epochs															iti	102.0
1340.9195	7.250999999999976	epochs															maze	103.0
1340.9195	5.961000000000013	epochs															maze_stem	103.0
1340.94125	12.429750000000013	trials	False	True	False	True	True	True	[0.97844499 0.02155507 0.3318781  0.66812187]	0.6465668519958854	-0.310323073528707	0.3232834031805396	-0.15516152884811163	0.668121874332428	[7999 7999 7999 7999 7999]	[8042 8042 8042 8041 8041]		
1346.90025	1.2702500000000327	epochs															maze_arm	103.0
1348.19125	5.158999999999878	epochs															feedback_and_iti	103.0
1348.19125	0.9864999999999782	epochs															feedback_delay	103.0
1349.198	1.978749999999991	epochs															feedback	103.0
1351.35775	1.9925000000000637	epochs															iti	103.0
1353.371	6.28774999999996	epochs															maze	104.0
1353.371	5.231499999999869	epochs															maze_stem	104.0
1353.3915	11.471750000000156	trials	False	True	False	True	True	True	[0.91998935 0.08001063 0.22008023 0.77991974]	0.6999091170728207	-0.1400696001946926	0.3499545566737652	-0.07003481313586235	0.7799197435379028	[8074 8074 8074 8073 8073]	[8111 8111 8110 8110 8110]		
1358.623	1.0357500000000073	epochs															maze_arm	104.0
1359.68	5.164499999999862	epochs															feedback_and_iti	104.0
1359.68	0.9862499999999272	epochs															feedback_delay	104.0
1360.688	1.9857499999998254	epochs															feedback	104.0
1362.85975	1.984749999999849	epochs															iti	104.0
1364.86325	5.896249999999782	epochs															maze	105.0
1364.86325	4.7342499999999745	epochs															maze_stem	105.0
1364.88325	11.095749999999953	trials	True	True	False	False	False	True	[0.90691292 0.09308711 0.19022995 0.80977005]	0.716682955622673	-0.09714286029338837	0.3583414852619171	0.04857143759727478	0.9069129228591919	[8143 8143 8143 8142 8142]	[8177 8177 8177 8177 8177]		
1369.6165	1.1429999999998017	epochs															maze_arm	105.0
1370.78075	5.173250000000053	epochs															feedback_and_iti	105.0
1370.78075	0.990500000000111	epochs															feedback_delay	105.0
1371.79075	1.9845000000000255	epochs															feedback	105.0
1373.971	1.9829999999999472	epochs															iti	105.0
1375.979	8.823750000000018	epochs															maze	106.0
1375.979	6.4252500000000055	epochs															maze_stem	106.0
1376.00275	13.994499999999789	trials	False	True	False	True	True	True	[0.95546716 0.0445329  0.21986303 0.780137  ]	0.7356041222810745	-0.17533014714717865	0.36780205368995667	-0.08766505122184753	0.7801370024681091	[8210 8209 8209 8209 8209]	[8262 8261 8261 8261 8261]		
1382.425	2.3777500000001055	epochs															maze_arm	106.0
1384.8235	5.15300000000002	epochs															feedback_and_iti	106.0
1384.8235	0.9839999999999236	epochs															feedback_delay	106.0
1385.8285	1.9762499999999363	epochs															feedback	106.0
1388.0	1.9764999999999873	epochs															iti	106.0
1389.99725	4.667250000000195	epochs															maze	107.0
1389.99725	3.6829999999999927	epochs															maze_stem	107.0
1390.016	9.863749999999982	trials	False	True	False	False	False	True	[0.91649526 0.08350468 0.18187363 0.81812638]	0.7346216626465321	-0.09836891666054726	0.3673108145594597	0.04918444901704788	0.9164952635765076	[8294 8293 8293 8293 8293]	[8321 8321 8320 8320 8320]		
1393.6995	0.9650000000001455	epochs															maze_arm	107.0
1394.684	5.17450000000008	epochs															feedback_and_iti	107.0
1394.684	0.9892500000000837	epochs															feedback_delay	107.0
1395.693	1.9829999999999472	epochs															feedback	107.0
1397.868	1.990500000000111	epochs															iti	107.0
1399.87975	4.759499999999889	epochs															maze	108.0
1399.87975	3.7670000000000528	epochs															maze_stem	108.0
1399.902	9.944749999999885	trials	False	True	False	False	False	True	[0.97144252 0.02855747 0.19834746 0.80165249]	0.7730950387194753	-0.16979001183062792	0.3865475282073021	0.08489499241113663	0.9714425206184387	[8353 8353 8353 8352 8352]	[8381 8380 8380 8380 8380]		
1403.666	0.9732500000000073	epochs															maze_arm	108.0
1404.65725	5.16924999999992	epochs															feedback_and_iti	108.0
1404.65725	0.9890000000000327	epochs															feedback_delay	108.0
1405.6695	1.9725000000000819	epochs															feedback	108.0
1407.85275	1.9737499999998818	epochs															iti	108.0
1409.84675	7.330500000000029	epochs															maze	109.0
1409.84675	6.268000000000029	epochs															maze_stem	109.0
1409.8645	12.518500000000131	trials	True	True	False	True	True	True	[0.9812538  0.01874624 0.25085294 0.749147  ]	0.7304008081555367	-0.2321067526936531	0.36520037800073624	-0.11605338007211685	0.7491469979286194	[8413 8412 8412 8412 8412]	[8456 8455 8455 8455 8455]		
1416.13375	1.0434999999999945	epochs															maze_arm	109.0
1417.196	5.167000000000144	epochs															feedback_and_iti	109.0
1417.196	0.98700000000008	epochs															feedback_delay	109.0
1418.202	1.9847500000000764	epochs															feedback	109.0
1420.3785	1.9845000000000255	epochs															iti	109.0
1422.383	6.792249999999967	epochs															maze	110.0
1422.383	5.693749999999909	epochs															maze_stem	110.0
1422.403	11.969499999999925	trials	True	True	False	True	True	True	[0.91950142 0.08049855 0.17489401 0.82510602]	0.7446074485778809	-0.09439542889595032	0.3723037391901016	-0.04719771444797516	0.8251060247421265	[8488 8488 8487 8487 8487]	[8528 8527 8527 8527 8527]		
1428.09675	1.0785000000000764	epochs															maze_arm	110.0
1429.19625	5.1557500000001255	epochs															feedback_and_iti	110.0
1429.19625	0.9802500000000691	epochs															feedback_delay	110.0
1430.1955	1.9880000000000564	epochs															feedback	110.0
1432.37575	1.9762500000001637	epochs															iti	110.0
1434.3725	6.6340000000000146	epochs															maze	111.0
1434.3725	4.919750000000022	epochs															maze_stem	111.0
1434.39275	11.82425000000012	trials	False	True	False	True	True	True	[0.91622019 0.08377974 0.17059651 0.82940352]	0.7456237263977528	-0.08681671693921089	0.3728118874132633	-0.04340836778283119	0.8294035196304321	[8560 8560 8559 8559 8559]	[8599 8598 8598 8598 8598]		
1439.3105	1.6959999999999127	epochs															maze_arm	111.0
1441.026	5.1720000000000255	epochs															feedback_and_iti	111.0
1441.026	0.9819999999999709	epochs															feedback_delay	111.0
1442.02875	1.9974999999999454	epochs															feedback	111.0
1444.2125	1.9855000000000018	epochs															iti	111.0
1446.217	5.729249999999865	epochs															maze	112.0
1446.217	4.500249999999824	epochs															maze_stem	112.0
1446.23725	10.923000000000002	trials	False	True	False	True	True	True	[0.91458696 0.08541304 0.16945282 0.83054721]	0.7451341599225998	-0.08403976261615753	0.3725670874118805	-0.04201987385749817	0.8305472135543823	[8631 8631 8630 8630 8630]	[8664 8664 8664 8664 8663]		
1450.739	1.2072499999999309	epochs															maze_arm	112.0
1451.96475	5.176999999999907	epochs															feedback_and_iti	112.0
1451.96475	0.9842499999999745	epochs															feedback_delay	112.0
1452.97	1.9862499999999272	epochs															feedback	112.0
1455.1545	1.9872499999999036	epochs															iti	112.0
1457.16025	6.995000000000118	epochs															maze	113.0
1457.16025	5.477000000000089	epochs															maze_stem	113.0
1457.17975	12.181749999999965	trials	False	True	False	True	True	True	[0.90950656 0.09049341 0.16025192 0.83974808]	0.7492546588182449	-0.06975848972797394	0.37462733685970306	-0.034879252314567566	0.8397480845451355	[8696 8696 8696 8696 8696]	[8737 8737 8737 8737 8737]		
1462.6585	1.49675000000002	epochs															maze_arm	113.0
1464.1745	5.168749999999818	epochs															feedback_and_iti	113.0
1464.1745	0.9907499999999345	epochs															feedback_delay	113.0
1465.18575	1.9794999999999163	epochs															feedback	113.0
1467.35125	1.9919999999999618	epochs															iti	113.0
1469.3615	5.016250000000127	epochs															maze	114.0
1469.3615	3.973750000000109	epochs															maze_stem	114.0
1469.381	10.206249999999955	trials	False	True	False	False	False	True	[0.90400523 0.09599476 0.15252003 0.84747994]	0.7514851912856102	-0.05652528256177902	0.3757425993680954	0.028262630105018616	0.904005229473114	[8769 8769 8769 8769 8769]	[8799 8798 8798 8798 8798]		
1473.35675	1.0210000000001855	epochs															maze_arm	114.0
1474.39825	5.1687500000000455	epochs															feedback_and_iti	114.0
1474.39825	0.9954999999999927	epochs															feedback_delay	114.0
1475.41275	1.9739999999999327	epochs															feedback	114.0
1477.577	1.990000000000009	epochs															iti	114.0
1479.58725	7.205249999999978	epochs															maze	115.0
1479.58725	5.89975000000004	epochs															maze_stem	115.0
1479.607	12.403749999999945	trials	False	True	False	True	True	True	[0.97097856 0.02902143 0.19361417 0.80638582]	0.7773643871769309	-0.1645927419885993	0.38868219312280416	-0.08229637797921896	0.8063858151435852	[8831 8831 8830 8830 8830]	[8873 8873 8873 8872 8872]		
1485.50725	1.2852499999999054	epochs															maze_arm	115.0
1486.8105	5.18224999999984	epochs															feedback_and_iti	115.0
1486.8105	0.9874999999999545	epochs															feedback_delay	115.0
1487.822	1.987500000000182	epochs															feedback	115.0
1490.003	1.9897499999999582	epochs															iti	115.0
1492.01075	6.713250000000016	epochs															maze	116.0
1492.01075	5.585250000000087	epochs															maze_stem	116.0
1492.02975	11.90475000000015	trials	True	True	False	True	True	True	[0.91797578 0.08202415 0.16553138 0.8344686 ]	0.752444427460432	-0.08350720629096031	0.37622222676873207	-0.0417536236345768	0.8344686031341553	[8905 8905 8905 8905 8904]	[8945 8944 8944 8944 8944]		
1497.61475	1.1092499999999745	epochs															maze_arm	116.0
1498.743	5.170250000000124	epochs															feedback_and_iti	116.0
1498.743	0.9845000000000255	epochs															feedback_delay	116.0
1499.74625	1.9887499999999818	epochs															feedback	116.0
1501.9165	1.99675000000002	epochs															iti	116.0
1503.9345	5.328499999999849	epochs															maze	117.0
1503.9345	4.261999999999944	epochs															maze_stem	117.0
1503.95575	10.515249999999924	trials	False	True	False	False	False	True	[0.90901309 0.09098691 0.15199007 0.84801   ]	0.7570230588316917	-0.061003126204013824	0.3785115107893944	0.030501581728458405	0.9090130925178528	[8977 8977 8976 8976 8976]	[9008 9008 9007 9007 9007]		
1508.216	1.0470000000000255	epochs															maze_arm	117.0
1509.28425	5.166750000000093	epochs															feedback_and_iti	117.0
1509.28425	1.0	epochs															feedback_delay	117.0
1510.3055	1.96875	epochs															feedback	117.0
1512.4645	1.9864999999999782	epochs															iti	117.0
1514.471	7.889249999999947	epochs															maze	118.0
1514.471	6.800999999999931	epochs															maze_stem	118.0
1514.491	13.086749999999938	trials	False	True	False	True	True	True	[0.97296202 0.02703794 0.19101092 0.80898905]	0.7819511061534286	-0.16397298034280539	0.3909755563363433	-0.0819865083321929	0.8089890480041504	[9040 9040 9040 9039 9039]	[9086 9086 9086 9086 9085]		
1521.29275	1.0674999999998818	epochs															maze_arm	118.0
1522.37975	5.1782499999999345	epochs															feedback_and_iti	118.0
1522.37975	0.9867500000000291	epochs															feedback_delay	118.0
1523.38625	1.9877500000000055	epochs															feedback	118.0
1525.564	1.9939999999999145	epochs															iti	118.0
1527.57775	5.904999999999973	epochs															maze	119.0
1527.57775	4.615000000000009	epochs															maze_stem	119.0
1527.5975	11.10349999999994	trials	False	True	False	True	True	True	[0.92282271 0.07717726 0.16877152 0.83122844]	0.7540511824190617	-0.09159426763653755	0.3770255856215954	-0.04579715058207512	0.8312284350395203	[9119 9118 9118 9118 9118]	[9153 9153 9153 9152 9152]		
1532.2115	1.271250000000009	epochs															maze_arm	119.0
1533.50375	5.176499999999805	epochs															feedback_and_iti	119.0
1533.50375	0.9924999999998363	epochs															feedback_delay	119.0
1534.51525	1.9877500000000055	epochs															feedback	119.0
1536.70175	1.97849999999994	epochs															iti	119.0
1538.701	5.052500000000009	epochs															maze	120.0
1538.701	4.02475000000004	epochs															maze_stem	120.0
1538.719	10.24824999999987	trials	False	True	False	False	False	True	[0.91565907 0.08434099 0.15708768 0.84291232]	0.7585713565349579	-0.07274672389030457	0.37928569316864014	0.03637337684631348	0.9156590700149536	[9185 9185 9185 9185 9184]	[9215 9214 9214 9214 9214]		
1542.746	1.0074999999999363	epochs															maze_arm	120.0
1543.773	5.175000000000182	epochs															feedback_and_iti	120.0
1543.773	0.9992500000000746	epochs															feedback_delay	120.0
1544.7925	1.9732500000000073	epochs															feedback	120.0
1546.958	1.990000000000009	epochs															iti	120.0
1548.96725	5.405500000000075	epochs															maze	121.0
1548.96725	4.404750000000149	epochs															maze_stem	121.0
1548.9875	10.589750000000095	trials	False	True	False	False	False	True	[0.97275496 0.02724505 0.18423636 0.81576365]	0.7885185983031988	-0.15699130855500698	0.3942592963576317	0.07849565893411636	0.972754955291748	[9247 9247 9246 9246 9246]	[9278 9278 9278 9278 9277]		
1553.391	0.98174999999992	epochs															maze_arm	121.0
1554.392	5.16274999999996	epochs															feedback_and_iti	121.0
1554.392	0.9949999999998909	epochs															feedback_delay	121.0
1555.4075	1.9682499999998981	epochs															feedback	121.0
1557.56425	1.990500000000111	epochs															iti	121.0
1559.57725	7.4562499999999545	epochs															maze	122.0
1559.57725	6.392749999999978	epochs															maze_stem	122.0
1559.598	12.646750000000111	trials	False	True	False	True	True	True	[0.98154598 0.01845401 0.22689877 0.77310121]	0.7546472046524286	-0.20844476856291294	0.3773235995322466	-0.10422238893806934	0.7731012105941772	[9310 9310 9310 9310 9310]	[9354 9354 9354 9354 9353]		
1565.98975	1.0437500000000455	epochs															maze_arm	122.0
1567.05325	5.1717499999999745	epochs															feedback_and_iti	122.0
1567.05325	0.9837500000001	epochs															feedback_delay	122.0
1568.058	1.9907499999999345	epochs															feedback	122.0
1570.231	1.9939999999999145	epochs															iti	122.0
1572.24475	5.71674999999982	epochs															maze	123.0
1572.24475	4.631750000000011	epochs															maze_stem	123.0
1572.263	10.93600000000015	trials	False	True	False	True	True	True	[0.92764103 0.07235896 0.17064525 0.82935476]	0.7569957934319973	-0.09828628227114677	0.3784979023039341	-0.04914313927292824	0.8293547630310059	[9386 9386 9386 9386 9386]	[9420 9419 9419 9419 9419]		
1576.896	1.065499999999929	epochs															maze_arm	123.0
1577.98075	5.198000000000093	epochs															feedback_and_iti	123.0
1577.98075	0.9874999999999545	epochs															feedback_delay	123.0
1578.989	1.9917499999999109	epochs															feedback	123.0
1581.18225	1.996499999999969	epochs															iti	123.0
1583.199	7.765999999999849	epochs															maze	124.0
1583.199	6.711000000000013	epochs															maze_stem	124.0
1583.217	12.945749999999862	trials	True	True	False	True	True	True	[0.9186883  0.08131167 0.15643001 0.84356993]	0.7622582763433456	-0.07511834800243378	0.3811291307210922	-0.03755919635295868	0.8435699343681335	[9452 9452 9452 9451 9451]	[9498 9497 9497 9497 9497]		
1589.93	1.0349999999998545	epochs															maze_arm	124.0
1590.98525	5.158000000000129	epochs															feedback_and_iti	124.0
1590.98525	0.9867500000000291	epochs															feedback_delay	124.0
1591.99075	1.9764999999999873	epochs															feedback	124.0
1594.14475	1.9985000000001492	epochs															iti	124.0
1596.16275	4.7970000000000255	epochs															maze	125.0
1596.16275	3.735500000000002	epochs															maze_stem	125.0
1596.183	11.829500000000053	trials	False	False	True	False	False	False	[0.9104504  0.08954962 0.14513853 0.8548615 ]	0.7653118744492531	-0.05558890849351883	0.38265593349933624	0.02779446542263031	0.9104503989219666	[9530 9529 9529 9529 9529]	[9558 9557 9557 9557 9557]		
1599.91625	1.0434999999999945	epochs															maze_arm	125.0
1600.98025	7.01299999999992	epochs															feedback_and_iti	125.0
1600.98025	0.9977499999999964	epochs															feedback_delay	125.0
1601.9985	1.9645000000000437	epochs															feedback	125.0
1603.9995	3.993750000000091	epochs															iti	125.0
1608.0125	7.401749999999993	epochs															maze	126.0
1608.0125	6.211250000000064	epochs															maze_stem	126.0
1608.03375	14.438750000000027	trials	False	False	False	True	True	False	[0.80213982 0.19786017 0.09172939 0.90827066]	0.7104104608297348	0.10613080859184265	0.3552052453160286	0.05306541174650192	0.9082706570625305	[9601 9601 9600 9600 9600]	[9644 9644 9644 9644 9643]		
1614.386	1.028250000000071	epochs															maze_arm	126.0
1615.43425	7.017499999999927	epochs															feedback_and_iti	126.0
1615.43425	0.9932499999999891	epochs															feedback_delay	126.0
1616.4505	1.9752500000001874	epochs															feedback	126.0
1618.46325	3.988499999999931	epochs															iti	126.0
1622.4725	4.948499999999967	epochs															maze	127.0
1622.4725	3.6074999999998454	epochs															maze_stem	127.0
1622.4925	11.990249999999833	trials	False	False	False	False	False	False	[0.57575315 0.42424691 0.10028975 0.8997103 ]	0.4754633940756321	0.3239571489393711	0.2377316989004612	-0.16197854653000832	0.5757531523704529	[9687 9687 9687 9687 9687]	[9716 9716 9716 9716 9715]		
1626.10025	1.3207500000000891	epochs															maze_arm	127.0
1627.44075	7.020999999999958	epochs															feedback_and_iti	127.0
1627.44075	0.993750000000091	epochs															feedback_delay	127.0
1628.4555	1.9737499999998818	epochs															feedback	127.0
1630.467	3.99474999999984	epochs															iti	127.0
1634.48275	7.026250000000118	epochs															maze	128.0
1634.48275	5.8712500000001455	epochs															maze_stem	128.0
1634.50375	14.073999999999842	trials	False	False	False	True	True	False	[0.72309786 0.27690214 0.12948577 0.87051427]	0.5936121121048927	0.147416390478611	0.29680606722831726	0.07370820641517639	0.8705142736434937	[9759 9759 9759 9759 9759]	[9801 9800 9800 9800 9800]		
1640.377	1.1320000000000618	epochs															maze_arm	128.0
1641.5285	7.027250000000095	epochs															feedback_and_iti	128.0
1641.5285	0.9847500000000764	epochs															feedback_delay	128.0
1642.534	1.987999999999829	epochs															feedback	128.0
1644.5835	3.972250000000031	epochs															iti	128.0
1648.57775	6.0775000000001	epochs															maze	129.0
1648.57775	3.9830000000001746	epochs															maze_stem	129.0
1648.601	11.259999999999991	trials	True	False	False	True	False	True	[0.5490312  0.45096877 0.12248782 0.87751222]	0.4265434108674526	0.3284809850156307	-0.21327168866991997	-0.1642404906451702	0.12248782068490982	[9844 9844 9844 9843 9843]	[9879 9879 9879 9879 9879]		
1652.58025	2.0750000000000455	epochs															maze_arm	129.0
1654.6755	5.1632499999998345	epochs															feedback_and_iti	129.0
1654.6755	0.9994999999998981	epochs															feedback_delay	129.0
1655.695	1.9685000000001764	epochs															feedback	129.0
1657.8485	1.9902499999998327	epochs															iti	129.0
1659.861	6.599499999999807	epochs															maze	130.0
1659.861	5.53449999999998	epochs															maze_stem	130.0
1659.88175	13.633000000000038	trials	False	False	False	False	False	False	[0.81107664 0.18892337 0.25332507 0.74667495]	0.5577515736222267	-0.06440169364213943	0.27887578308582306	0.03220085799694061	0.8110766410827637	[9912 9911 9911 9911 9911]	[9950 9950 9950 9950 9949]		
1665.41625	1.04424999999992	epochs															maze_arm	130.0
1666.48225	7.009499999999889	epochs															feedback_and_iti	130.0
1666.48225	0.9917499999999109	epochs															feedback_delay	130.0
1667.49375	1.9739999999999327	epochs															feedback	130.0
1669.50775	3.9839999999999236	epochs															iti	130.0
1673.51475	6.99025000000006	epochs															maze	131.0
1673.51475	4.860249999999951	epochs															maze_stem	131.0
1673.5355	14.041249999999991	trials	True	False	False	True	True	False	[0.70679492 0.29320511 0.14910807 0.85089189]	0.5576868131756783	0.1440970078110695	0.27884338796138763	0.07204850018024445	0.8508918881416321	[9993 9993 9993 9993 9993]	[10034 10034 10034 10034 10034]		
1678.394	2.1110000000001037	epochs															maze_arm	131.0
1680.525	7.030999999999949	epochs															feedback_and_iti	131.0
1680.525	0.9807499999999436	epochs															feedback_delay	131.0
1681.52425	1.9992500000000746	epochs															feedback	131.0
1683.55925	3.99675000000002	epochs															iti	131.0
1687.57675	5.125999999999976	epochs															maze	132.0
1687.57675	3.9535000000000764	epochs															maze_stem	132.0
1687.5965	12.151499999999942	trials	False	False	False	False	False	False	[0.55171484 0.44828516 0.21307436 0.78692561]	0.3386404663324356	0.23521079123020172	0.1693202406167984	-0.11760540306568146	0.5517148375511169	[10078 10078 10077 10077 10077]	[10108 10107 10107 10107 10107]		
1691.551	1.1517499999999927	epochs															maze_arm	132.0
1692.72275	7.004000000000133	epochs															feedback_and_iti	132.0
1692.72275	0.98050000000012	epochs															feedback_delay	132.0
1693.7255	1.9792500000000928	epochs															feedback	132.0
1695.74475	3.981999999999971	epochs															iti	132.0
1699.748	5.835749999999962	epochs															maze	133.0
1699.748	4.1687500000000455	epochs															maze_stem	133.0
1699.77175	11.022249999999985	trials	False	False	False	True	False	True	[0.6373933  0.36260673 0.18156268 0.81843734]	0.4558306112885475	0.1810440495610237	-0.22791530936956406	-0.09052201360464096	0.18156267702579498	[10151 10151 10150 10150 10150]	[10185 10185 10184 10184 10184]		
1703.939	1.6447499999999309	epochs															maze_arm	133.0
1705.604	5.168999999999869	epochs															feedback_and_iti	133.0
1705.604	0.9837499999998727	epochs															feedback_delay	133.0
1706.60775	1.990000000000009	epochs															feedback	133.0
1708.7975	1.975500000000011	epochs															iti	133.0
1710.794	5.8657499999999345	epochs															maze	134.0
1710.794	4.213250000000016	epochs															maze_stem	134.0
1710.8155	12.916249999999991	trials	False	False	False	True	True	False	[0.80478823 0.19521174 0.43661487 0.56338507]	0.36817334592342377	-0.24140314757823944	0.1840866655111313	-0.12070159614086151	0.5633850693702698	[10217 10217 10217 10216 10216]	[10251 10251 10251 10251 10250]		
1715.02975	1.6300000000001091	epochs															maze_arm	134.0
1716.68075	7.027749999999969	epochs															feedback_and_iti	134.0
1716.68075	0.9862499999999272	epochs															feedback_delay	134.0
1717.6875	1.98700000000008	epochs															feedback	134.0
1719.70975	3.9987499999999727	epochs															iti	134.0
1723.73175	5.848250000000007	epochs															maze	135.0
1723.73175	3.6637500000001637	epochs															maze_stem	135.0
1723.75225	11.047250000000076	trials	False	False	False	True	False	True	[0.56776601 0.43223399 0.24332543 0.75667459]	0.3244405910372734	0.18890856951475143	-0.1622202917933464	-0.09445428103208542	0.24332542717456818	[10295 10294 10294 10294 10294]	[10329 10328 10328 10328 10328]		
1727.41375	2.166249999999991	epochs															maze_arm	135.0
1729.59975	5.17899999999986	epochs															feedback_and_iti	135.0
1729.59975	0.9824999999998454	epochs															feedback_delay	135.0
1730.6055	1.993750000000091	epochs															feedback	135.0
1732.78925	1.9894999999999072	epochs															iti	135.0
1734.7995	6.118749999999864	epochs															maze	136.0
1734.7995	4.368749999999864	epochs															maze_stem	136.0
1734.81875	11.316750000000184	trials	False	False	False	True	False	True	[0.80454195 0.1954581  0.51024646 0.48975354]	0.29429546743631363	-0.3147883787751198	-0.1471477448940277	0.1573942005634308	0.5102464556694031	[10361 10361 10360 10360 10360]	[10397 10396 10396 10396 10396]		
1739.1885	1.7297499999999673	epochs															maze_arm	136.0
1740.93775	5.177500000000009	epochs															feedback_and_iti	136.0
1740.93775	0.9887499999999818	epochs															feedback_delay	136.0
1741.948	1.9855000000000018	epochs															feedback	136.0
1744.12675	1.9885000000001583	epochs															iti	136.0
1746.1355	6.039249999999811	epochs															maze	137.0
1746.1355	4.813999999999851	epochs															maze_stem	137.0
1746.156	13.087750000000142	trials	False	False	False	False	False	False	[0.82642376 0.17357616 0.68845481 0.31154516]	0.1379689797759056	-0.514878623187542	0.06898447871208191	0.2574392855167389	0.8264237642288208	[10429 10429 10428 10428 10428]	[10464 10464 10464 10463 10463]		
1750.9685	1.2062499999999545	epochs															maze_arm	137.0
1752.196	7.0277500000001965	epochs															feedback_and_iti	137.0
1752.196	0.9835000000000491	epochs															feedback_delay	137.0
1753.19925	1.99025000000006	epochs															feedback	137.0
1755.2275	3.9962500000001455	epochs															iti	137.0
1759.24375	5.261499999999842	epochs															maze	138.0
1759.24375	3.914249999999811	epochs															maze_stem	138.0
1759.2625	10.4537499999999	trials	False	False	False	True	False	True	[0.7670337  0.23296633 0.4881613  0.51183873]	0.27887240052223206	-0.2551949620246887	-0.13943620026111603	0.12759749591350555	0.4881612956523895	[10507 10507 10507 10507 10507]	[10538 10538 10538 10537 10537]		
1763.17825	1.3269999999999982	epochs															maze_arm	138.0
1764.5255	5.170499999999947	epochs															feedback_and_iti	138.0
1764.5255	0.9890000000000327	epochs															feedback_delay	138.0
1765.53625	1.9829999999999472	epochs															feedback	138.0
1767.69975	1.9962499999999181	epochs															iti	138.0
1769.71625	5.033500000000004	epochs															maze	139.0
1769.71625	3.876500000000078	epochs															maze_stem	139.0
1769.73625	12.074749999999995	trials	False	False	False	False	False	False	[0.83060229 0.16939767 0.80591673 0.19408335]	0.02468562126159668	-0.6365189999341965	0.012342780828475952	0.31825950741767883	0.8306022882461548	[10570 10570 10570 10570 10569]	[10599 10599 10599 10599 10599]		
1773.6105	1.1392499999999472	epochs															maze_arm	139.0
1774.7675	7.022000000000162	epochs															feedback_and_iti	139.0
1774.7675	1.000250000000051	epochs															feedback_delay	139.0
1775.78875	1.9682500000001255	epochs															feedback	139.0
1777.797	3.9925000000000637	epochs															iti	139.0
1781.811	4.757500000000164	epochs															maze	140.0
1781.811	3.6322500000001128	epochs															maze_stem	140.0
1781.832	11.792999999999893	trials	False	False	False	False	False	False	[0.78565133 0.21434873 0.60365659 0.39634341]	0.1819947063922882	-0.3893078863620758	0.0909973680973053	0.1946539580821991	0.7856513261795044	[10643 10643 10642 10642 10642]	[10670 10670 10670 10670 10669]		
1785.4615	1.1070000000001983	epochs															maze_arm	140.0
1786.58775	7.016750000000002	epochs															feedback_and_iti	140.0
1786.58775	0.9850000000001273	epochs															feedback_delay	140.0
1787.5935	1.9767500000000382	epochs															feedback	140.0
1789.609	3.9954999999999927	epochs															iti	140.0
1793.625	5.941499999999905	epochs															maze	141.0
1793.625	4.241250000000036	epochs															maze_stem	141.0
1793.645	11.150249999999915	trials	False	False	False	True	False	True	[0.77984434 0.22015561 0.64459491 0.35540509]	0.13524945825338364	-0.42443927377462387	-0.06762471795082092	0.21221962571144104	0.6445949077606201	[10714 10713 10713 10713 10713]	[10748 10748 10748 10748 10747]		
1797.88575	1.680749999999989	epochs															maze_arm	141.0
1799.5875	5.187749999999824	epochs															feedback_and_iti	141.0
1799.5875	0.98174999999992	epochs															feedback_delay	141.0
1800.59075	1.996499999999969	epochs															feedback	141.0
1802.78125	1.9939999999999145	epochs															iti	141.0
1804.79525	5.217750000000024	epochs															maze	142.0
1804.79525	4.089249999999993	epochs															maze_stem	142.0
1804.81325	12.266250000000127	trials	False	False	False	False	False	False	[0.81454057 0.18545948 0.87272859 0.12727144]	-0.05818802863359451	-0.6872691139578819	-0.029094010591506958	0.34363457560539246	0.8145405650138855	[10781 10780 10780 10780 10780]	[10811 10811 10810 10810 10810]		
1808.904	1.1089999999999236	epochs															maze_arm	142.0
1810.03475	7.022500000000036	epochs															feedback_and_iti	142.0
1810.03475	0.9809999999999945	epochs															feedback_delay	142.0
1811.03575	1.9929999999999382	epochs															feedback	142.0
1813.066	3.9912500000000364	epochs															iti	142.0
1817.0795	7.230749999999944	epochs															maze	143.0
1817.0795	5.372499999999945	epochs															maze_stem	143.0
1817.101	14.284749999999804	trials	False	False	False	True	True	False	[0.7858659  0.21413411 0.69098729 0.30901274]	0.09487862139940262	-0.4768531695008278	0.04743931442499161	-0.238426573574543	0.3090127408504486	[10854 10854 10854 10854 10853]	[10897 10896 10896 10896 10896]		
1822.47025	1.8399999999999181	epochs															maze_arm	143.0
1824.33125	7.032249999999976	epochs															feedback_and_iti	143.0
1824.33125	0.9974999999999454	epochs															feedback_delay	143.0
1825.3485	1.98174999999992	epochs															feedback	143.0
1827.3665	3.9969999999998436	epochs															iti	143.0
1831.38575	7.997250000000122	epochs															maze	144.0
1831.38575	4.029250000000047	epochs															maze_stem	144.0
1831.4075	13.204250000000002	trials	False	False	False	False	True	True	[0.61338776 0.38661227 0.49598455 0.50401551]	0.11740322411060333	-0.10937227308750153	-0.05870161950588226	-0.05468611419200897	0.38661226630210876	[10940 10940 10940 10939 10939]	[10987 10987 10987 10986 10986]		
1835.436	3.9470000000001164	epochs															maze_arm	144.0
1839.40225	5.186249999999973	epochs															feedback_and_iti	144.0
1839.40225	0.9864999999999782	epochs															feedback_delay	144.0
1840.40975	1.9917499999999109	epochs															feedback	144.0
1842.59575	1.9927500000001146	epochs															iti	144.0
1844.61175	18.198750000000018	epochs															maze	145.0
1844.61175	16.695999999999913	epochs															maze_stem	145.0
1844.6325	23.380499999999984	trials	False	False	False	True	False	True	[0.53311777 0.4668822  0.56197667 0.43802333]	-0.028858885169029236	-0.0950944572687149	0.014429450035095215	0.047547221183776855	0.5619766712188721	[11019 11019 11019 11019 11018]	[11127 11127 11127 11127 11127]		
1861.329	1.4815000000000964	epochs															maze_arm	145.0
1862.83275	5.162000000000035	epochs															feedback_and_iti	145.0
1862.83275	0.978249999999889	epochs															feedback_delay	145.0
1863.8325	1.9829999999999472	epochs															feedback	145.0
1865.997	1.9977499999999964	epochs															iti	145.0
1868.013	6.749750000000176	epochs															maze	146.0
1868.013	5.72075000000018	epochs															maze_stem	146.0
1868.03275	13.775750000000016	trials	False	False	False	False	False	False	[0.7376042  0.2623958  0.81397039 0.18602964]	-0.07636617124080658	-0.5515745729207993	-0.03818309307098389	0.2757872939109802	0.7376042008399963	[11160 11159 11159 11159 11159]	[11199 11199 11199 11198 11198]		
1873.7535	1.0092500000000655	epochs															maze_arm	146.0
1874.78225	7.006250000000136	epochs															feedback_and_iti	146.0
1874.78225	0.9850000000001273	epochs															feedback_delay	146.0
1875.7875	1.9780000000000655	epochs															feedback	146.0
1877.8035	3.9850000000001273	epochs															iti	146.0
1881.8085	5.591499999999996	epochs															maze	147.0
1881.8085	3.593499999999949	epochs															maze_stem	147.0
1881.82725	10.785750000000007	trials	True	False	False	False	True	True	[0.71671826 0.2832818  0.61566198 0.38433802]	0.10105624794960022	-0.3323802053928375	-0.050528109073638916	-0.16619008779525757	0.2832818031311035	[11242 11242 11242 11242 11241]	[11275 11275 11274 11274 11274]		
1885.4205	1.9795000000001437	epochs															maze_arm	147.0
1887.41775	5.174499999999853	epochs															feedback_and_iti	147.0
1887.41775	0.9937499999998636	epochs															feedback_delay	147.0
1888.4325	1.9702500000000782	epochs															feedback	147.0
1890.59775	1.9945000000000164	epochs															iti	147.0
1892.613	5.62824999999998	epochs															maze	148.0
1892.613	4.342249999999922	epochs															maze_stem	148.0
1892.63425	10.8125	trials	False	False	False	True	False	True	[0.58656096 0.41343898 0.70482934 0.29517066]	-0.11826834082603455	-0.2913903295993805	0.05913418531417847	0.14569514989852905	0.7048293352127075	[11307 11307 11307 11306 11306]	[11340 11340 11339 11339 11339]		
1896.976	1.2652499999999236	epochs															maze_arm	148.0
1898.26075	5.165750000000116	epochs															feedback_and_iti	148.0
1898.26075	0.9932499999999891	epochs															feedback_delay	148.0
1899.27275	1.9692499999998745	epochs															feedback	148.0
1901.443	1.9835000000000491	epochs															iti	148.0
1903.44675	5.507499999999936	epochs															maze	149.0
1903.44675	3.902749999999969	epochs															maze_stem	149.0
1903.46525	10.697750000000042	trials	True	False	False	False	True	True	[0.73797619 0.26202384 0.8772307  0.12276934]	-0.13925450295209885	-0.6152068600058556	0.06962724775075912	-0.3076034113764763	0.26202383637428284	[11372 11372 11372 11371 11371]	[11404 11404 11404 11403 11403]		
1907.36725	1.586999999999989	epochs															maze_arm	149.0
1908.97225	5.169499999999971	epochs															feedback_and_iti	149.0
1908.97225	0.9992500000000746	epochs															feedback_delay	149.0
1909.9905	1.9722499999998035	epochs															feedback	149.0
1912.15925	1.9825000000000728	epochs															iti	149.0
1914.163	6.170000000000073	epochs															maze	150.0
1914.163	4.816000000000031	epochs															maze_stem	150.0
1914.18475	11.36700000000019	trials	False	False	False	True	False	True	[0.61363161 0.38636842 0.79328024 0.20671974]	-0.17964866012334824	-0.40691184252500534	0.08982431888580322	0.20345592498779297	0.7932802438735962	[11436 11436 11436 11436 11435]	[11472 11472 11472 11472 11471]		
1918.99975	1.3332500000001346	epochs															maze_arm	150.0
1920.355	5.176500000000033	epochs															feedback_and_iti	150.0
1920.355	0.9872499999999036	epochs															feedback_delay	150.0
1921.3625	1.9907499999999345	epochs															feedback	150.0
1923.5395	1.9919999999999618	epochs															iti	150.0
1925.55175	6.192999999999984	epochs															maze	151.0
1925.55175	5.052249999999958	epochs															maze_stem	151.0
1925.57075	11.388249999999971	trials	False	False	False	True	False	True	[0.69468325 0.30531678 0.91001439 0.08998559]	-0.21533115953207016	-0.6046976372599602	0.10766556859016418	0.3023488223552704	0.9100143909454346	[11504 11504 11504 11504 11504]	[11541 11540 11540 11540 11540]		
1930.623	1.12175000000002	epochs															maze_arm	151.0
1931.7625	5.176500000000033	epochs															feedback_and_iti	151.0
1931.7625	0.9992499999998472	epochs															feedback_delay	151.0
1932.78275	1.9664999999999964	epochs															feedback	151.0
1934.94475	1.9942499999999654	epochs															iti	151.0
1936.959	6.513249999999971	epochs															maze	152.0
1936.959	5.357250000000022	epochs															maze_stem	152.0
1936.979	13.54600000000005	trials	False	False	False	False	False	False	[0.70937312 0.29062691 0.94262367 0.05737632]	-0.23325057700276375	-0.6519967801868916	-0.11662527918815613	0.3259983956813812	0.7093731164932251	[11573 11573 11572 11572 11572]	[11611 11611 11611 11610 11610]		
1942.33775	1.1345000000001164	epochs															maze_arm	152.0
1943.493	7.010999999999967	epochs															feedback_and_iti	152.0
1943.493	0.98700000000008	epochs															feedback_delay	152.0
1944.50025	1.9735000000000582	epochs															feedback	152.0
1946.51	3.9939999999999145	epochs															iti	152.0
1950.525	6.075749999999971	epochs															maze	153.0
1950.525	4.580749999999853	epochs															maze_stem	153.0
1950.54525	13.113250000000107	trials	False	False	False	True	True	False	[0.75274742 0.24725264 0.82827979 0.17172027]	-0.07553237676620483	-0.5810271501541138	-0.03776618838310242	-0.2905135452747345	0.17172026634216309	[11654 11654 11654 11654 11653]	[11690 11689 11689 11689 11689]		
1955.1255	1.47524999999996	epochs															maze_arm	153.0
1956.6185	7.019999999999982	epochs															feedback_and_iti	153.0
1956.6185	0.9862499999999272	epochs															feedback_delay	153.0
1957.6245	1.9890000000000327	epochs															feedback	153.0
1959.6555	3.9829999999999472	epochs															iti	153.0
1963.6585	5.595749999999953	epochs															maze	154.0
1963.6585	4.1030000000000655	epochs															maze_stem	154.0
1963.67775	10.816000000000031	trials	True	False	False	False	True	True	[0.54052377 0.45947626 0.61295927 0.38704073]	-0.07243551313877106	-0.15348301827907562	0.036217764019966125	-0.07674150168895721	0.4594762623310089	[11733 11733 11733 11732 11732]	[11766 11765 11765 11765 11765]		
1967.7815	1.4727499999999054	epochs															maze_arm	154.0
1969.27225	5.201749999999947	epochs															feedback_and_iti	154.0
1969.27225	0.9827500000001237	epochs															feedback_delay	154.0
1970.27275	1.9974999999999454	epochs															feedback	154.0
1972.4645	2.009499999999889	epochs															iti	154.0
1974.49375	6.2654999999999745	epochs															maze	155.0
1974.49375	5.04424999999992	epochs															maze_stem	155.0
1974.51475	11.444500000000062	trials	True	False	False	False	True	True	[0.45829102 0.54170901 0.72752374 0.27247623]	-0.26923274993896484	-0.185814768075943	0.13461638987064362	-0.0929073840379715	0.5417090058326721	[11798 11798 11797 11797 11797]	[11835 11834 11834 11834 11834]		
1979.55725	1.2019999999999982	epochs															maze_arm	155.0
1980.779	5.158249999999953	epochs															feedback_and_iti	155.0
1980.779	0.9945000000000164	epochs															feedback_delay	155.0
1981.79275	1.9672499999999218	epochs															feedback	155.0
1983.9435	1.9937499999998636	epochs															iti	155.0
1985.95925	6.490249999999833	epochs															maze	156.0
1985.95925	4.8192499999997835	epochs															maze_stem	156.0
1985.983	13.515750000000025	trials	True	False	False	True	True	False	[0.40380496 0.59619498 0.71540469 0.28459525]	-0.3115997314453125	-0.11920970678329468	-0.15579986572265625	-0.05960488319396973	0.284595251083374	[11867 11866 11866 11866 11866]	[11905 11904 11904 11904 11904]		
1990.79775	1.6517499999999927	epochs															maze_arm	156.0
1992.46725	7.0092500000000655	epochs															feedback_and_iti	156.0
1992.46725	0.9952500000001692	epochs															feedback_delay	156.0
1993.483	1.9662499999999454	epochs															feedback	156.0
1995.50175	3.9747500000000855	epochs															iti	156.0
1999.49875	5.859750000000076	epochs															maze	157.0
1999.49875	4.569500000000062	epochs															maze_stem	157.0
1999.51775	12.912000000000035	trials	False	False	False	True	True	False	[0.37132102 0.62867898 0.36979595 0.63020402]	0.0015250593423843384	0.2588830143213272	0.0007625222206115723	0.129441499710083	0.6302040219306946	[11948 11948 11947 11947 11947]	[11982 11982 11982 11981 11981]		
2004.08775	1.2707500000001346	epochs															maze_arm	157.0
2005.37975	7.027000000000044	epochs															feedback_and_iti	157.0
2005.37975	0.9977499999999964	epochs															feedback_delay	157.0
2006.39725	1.9825000000000728	epochs															feedback	157.0
2008.41775	3.9890000000000327	epochs															iti	157.0
2012.42975	6.354250000000093	epochs															maze	158.0
2012.42975	4.878750000000082	epochs															maze_stem	158.0
2012.4495	11.541249999999991	trials	False	False	False	True	False	True	[0.32389736 0.67610264 0.27585691 0.72414309]	0.04804044961929321	0.400245726108551	-0.024020224809646606	-0.2001228630542755	0.2758569121360779	[12025 12025 12025 12025 12025]	[12062 12062 12062 12062 12062]		
2017.32825	1.45575000000008	epochs															maze_arm	158.0
2018.80375	5.164999999999964	epochs															feedback_and_iti	158.0
2018.80375	0.9845000000000255	epochs															feedback_delay	158.0
2019.80875	1.981999999999971	epochs															feedback	158.0
2021.981	1.9877500000000055	epochs															iti	158.0
2023.99075	6.47199999999998	epochs															maze	159.0
2023.99075	5.291750000000093	epochs															maze_stem	159.0
2024.01475	13.507249999999885	trials	False	False	False	False	False	False	[0.63251644 0.36748353 0.67676663 0.3232334 ]	-0.044250160455703735	-0.3092830777168274	-0.02212509512901306	0.1546415388584137	0.6325164437294006	[12095 12094 12094 12094 12094]	[12132 12132 12132 12132 12132]		
2029.302	1.1607500000000073	epochs															maze_arm	159.0
2030.48425	7.018000000000029	epochs															feedback_and_iti	159.0
2030.48425	0.9970000000000709	epochs															feedback_delay	159.0
2031.50125	1.9732500000000073	epochs															feedback	159.0
2033.512	3.99025000000006	epochs															iti	159.0
2037.522	5.736250000000155	epochs															maze	160.0
2037.522	3.911250000000109	epochs															maze_stem	160.0
2037.54375	12.768499999999904	trials	False	False	False	True	True	False	[0.6518358  0.34816423 0.49990618 0.50009376]	0.151929572224617	-0.15174199640750885	0.07596476376056671	-0.07587100565433502	0.5000937581062317	[12176 12176 12175 12175 12175]	[12209 12209 12209 12209 12208]		
2041.45325	1.8050000000000637	epochs															maze_arm	160.0
2043.2785	7.01175000000012	epochs															feedback_and_iti	160.0
2043.2785	0.9797500000001946	epochs															feedback_delay	160.0
2044.2795	1.9829999999999472	epochs															feedback	160.0
2046.302	3.9882500000001073	epochs															iti	160.0
2050.31225	5.224999999999909	epochs															maze	161.0
2050.31225	3.8924999999999272	epochs															maze_stem	161.0
2050.33225	12.262749999999869	trials	False	False	False	False	False	False	[0.4810549  0.51894516 0.36215544 0.63784456]	0.11889943480491638	0.15678969025611877	0.059449732303619385	-0.0783948302268982	0.4810549020767212	[12252 12252 12252 12252 12252]	[12283 12283 12282 12282 12282]		
2054.2255	1.3117499999998472	epochs															maze_arm	161.0
2055.557	7.017500000000382	epochs															feedback_and_iti	161.0
2055.557	0.9982500000000982	epochs															feedback_delay	161.0
2056.57425	1.976249999999709	epochs															feedback	161.0
2058.58575	3.988749999999982	epochs															iti	161.0
2062.595	5.372749999999996	epochs															maze	162.0
2062.595	4.072500000000218	epochs															maze_stem	162.0
2062.616	12.405499999999847	trials	False	False	False	False	False	False	[0.62270117 0.37729886 0.40819126 0.59180874]	0.21450988948345184	-0.030892416834831238	0.10725495219230652	0.015446215867996216	0.6227011680603027	[12326 12326 12326 12325 12325]	[12357 12357 12357 12357 12357]		
2066.6895	1.2782499999998436	epochs															maze_arm	162.0
2067.989	7.013750000000073	epochs															feedback_and_iti	162.0
2067.989	0.9830000000001746	epochs															feedback_delay	162.0
2068.99325	1.9774999999999636	epochs															feedback	162.0
2071.01125	3.9915000000000873	epochs															iti	162.0
2075.0215	5.641250000000127	epochs															maze	163.0
2075.0215	3.8600000000001273	epochs															maze_stem	163.0
2075.04075	10.834749999999985	trials	True	False	False	True	False	True	[0.67834973 0.32165024 0.46613938 0.53386062]	0.21221037209033966	-0.144489124417305	-0.10610517859458923	0.0722445547580719	0.46613937616348267	[12401 12400 12400 12400 12400]	[12433 12433 12433 12433 12433]		
2078.901	1.76175000000012	epochs															maze_arm	163.0
2080.68425	5.16800000000012	epochs															feedback_and_iti	163.0
2080.68425	0.9892500000000837	epochs															feedback_delay	163.0
2081.69425	1.9834999999998217	epochs															feedback	163.0
2083.86225	1.9899999999997817	epochs															iti	163.0
2085.8755	6.6727499999997235	epochs															maze	164.0
2085.8755	5.177749999999833	epochs															maze_stem	164.0
2085.8985	11.862250000000131	trials	False	False	False	False	True	True	[0.74947417 0.2505258  0.77294785 0.22705212]	-0.023473680019378662	-0.5224220454692841	0.011736840009689331	-0.2612110376358032	0.2505258023738861	[12466 12465 12465 12465 12465]	[12505 12505 12504 12504 12504]		
2091.07175	1.47649999999976	epochs															maze_arm	164.0
2092.567	5.173499999999876	epochs															feedback_and_iti	164.0
2092.567	0.9992499999998472	epochs															feedback_delay	164.0
2093.588	1.9784999999997126	epochs															feedback	164.0
2095.75275	1.987749999999778	epochs															iti	164.0
2097.76075	6.5090000000000146	epochs															maze	165.0
2097.76075	5.257750000000215	epochs															maze_stem	165.0
2097.7805	11.707499999999982	trials	False	False	False	True	False	True	[0.51794225 0.48205778 0.64897412 0.35102588]	-0.13103188574314117	-0.1669163554906845	0.06551593542098999	0.08345818519592285	0.6489741206169128	[12537 12537 12537 12536 12536]	[12575 12575 12575 12574 12574]		
2103.03875	1.2309999999997672	epochs															maze_arm	165.0
2104.28975	5.177000000000135	epochs															feedback_and_iti	165.0
2104.28975	0.9922500000002401	epochs															feedback_delay	165.0
2105.30275	1.9864999999999782	epochs															feedback	165.0
2107.4765	1.9902499999998327	epochs															iti	165.0
2109.488	6.69150000000036	epochs															maze	166.0
2109.488	5.055749999999989	epochs															maze_stem	166.0
2109.50775	11.862749999999778	trials	True	False	False	True	False	True	[0.63603944 0.36396056 0.84521216 0.15478788]	-0.20917270332574844	-0.4812515750527382	0.10458636283874512	0.24062579870224	0.8452121615409851	[12607 12607 12607 12607 12606]	[12646 12646 12646 12646 12646]		
2114.56475	1.6147500000001855	epochs															maze_arm	166.0
2116.19925	5.152999999999793	epochs															feedback_and_iti	166.0
2116.19925	0.9837499999998727	epochs															feedback_delay	166.0
2117.20325	1.9822500000000218	epochs															feedback	166.0
2119.372	1.9802500000000691	epochs															iti	166.0
2121.3705	6.952249999999822	epochs															maze	167.0
2121.3705	5.601999999999862	epochs															maze_stem	167.0
2121.3895	12.151749999999993	trials	True	False	False	True	False	True	[0.71599346 0.28400654 0.93549085 0.06450914]	-0.21949739009141922	-0.6514843180775642	0.10974869132041931	0.3257421553134918	0.9354908466339111	[12678 12678 12678 12678 12678]	[12719 12719 12719 12719 12718]		
2126.99225	1.330500000000029	epochs															maze_arm	167.0
2128.34425	5.176750000000084	epochs															feedback_and_iti	167.0
2128.34425	0.9839999999999236	epochs															feedback_delay	167.0
2129.347	1.9862499999999272	epochs															feedback	167.0
2131.5235	1.9975000000004002	epochs															iti	167.0
2133.54125	8.692749999999705	epochs															maze	168.0
2133.54125	7.449999999999818	epochs															maze_stem	168.0
2133.56125	15.727750000000015	trials	False	False	False	True	True	False	[0.76508111 0.23491888 0.96054506 0.03945497]	-0.19546393118798733	-0.7256261613219976	-0.0977319534868002	-0.36281307600438595	0.03945497050881386	[12751 12751 12751 12751 12751]	[12803 12802 12802 12802 12802]		
2141.01175	1.2222499999998035	epochs															maze_arm	168.0
2142.2555	7.012749999999869	epochs															feedback_and_iti	168.0
2142.2555	0.9787499999997635	epochs															feedback_delay	168.0
2143.25625	1.9790000000002692	epochs															feedback	168.0
2145.2795	3.988749999999982	epochs															iti	168.0
2149.289	4.859499999999571	epochs															maze	169.0
2149.289	3.6654999999996107	epochs															maze_stem	169.0
2149.313	11.881750000000011	trials	False	False	False	False	False	False	[0.45137927 0.54862076 0.50333238 0.49666765]	-0.05195310711860657	0.04528838396072388	-0.025976553559303284	-0.022644177079200745	0.45137926936149597	[12846 12846 12845 12845 12845]	[12874 12874 12874 12873 12873]		
2152.97225	1.1762499999999818	epochs															maze_arm	169.0
2154.16725	7.007250000000113	epochs															feedback_and_iti	169.0
2154.16725	0.9920000000001892	epochs															feedback_delay	169.0
2155.17975	1.975500000000011	epochs															feedback	169.0
2157.1935	3.981000000000222	epochs															iti	169.0
2161.19475	7.2527500000001055	epochs															maze	170.0
2161.19475	4.311499999999796	epochs															maze_stem	170.0
2161.2145	12.436749999999847	trials	False	False	False	True	False	True	[0.57562542 0.42437452 0.53317863 0.46682137]	0.04244682192802429	-0.10880407691001892	-0.021223396062850952	0.05440202355384827	0.5331786274909973	[12917 12917 12917 12917 12916]	[12960 12960 12959 12959 12959]		
2165.52575	2.9217500000004293	epochs															maze_arm	170.0
2168.46525	5.165749999999662	epochs															feedback_and_iti	170.0
2168.46525	0.9922499999997854	epochs															feedback_delay	170.0
2169.477	1.9794999999999163	epochs															feedback	170.0
2171.6435	1.9874999999997272	epochs															iti	170.0
2173.65125	5.117749999999887	epochs															maze	171.0
2173.65125	3.862500000000182	epochs															maze_stem	171.0
2173.66975	10.318249999999807	trials	False	False	False	True	False	True	[0.68333048 0.31666955 0.83945656 0.16054346]	-0.15612608939409256	-0.5227870121598244	0.07806304097175598	0.2613935172557831	0.8394565582275391	[12992 12992 12991 12991 12991]	[13022 13021 13021 13021 13021]		
2177.5335	1.2354999999997744	epochs															maze_arm	171.0
2178.78925	5.179000000000087	epochs															feedback_and_iti	171.0
2178.78925	0.9967500000002474	epochs															feedback_delay	171.0
2179.8075	1.981000000000222	epochs															feedback	171.0
2181.9755	1.9927499999998872	epochs															iti	171.0
2183.988	6.068000000000211	epochs															maze	172.0
2183.988	4.804500000000189	epochs															maze_stem	172.0
2184.007	11.25149999999985	trials	True	False	False	True	False	True	[0.70734471 0.29265529 0.91259354 0.08740652]	-0.20524880290031433	-0.6199382245540619	0.10262441635131836	0.30996912717819214	0.9125935435295105	[13054 13054 13053 13053 13053]	[13089 13089 13089 13089 13088]		
2188.81225	1.243750000000091	epochs															maze_arm	172.0
2190.07475	5.162249999999858	epochs															feedback_and_iti	172.0
2190.07475	0.9914999999996326	epochs															feedback_delay	172.0
2191.086	1.9827500000001237	epochs															feedback	172.0
2193.259	1.9780000000000655	epochs															iti	172.0
2195.2585	5.093499999999949	epochs															maze	173.0
2195.2585	4.001999999999953	epochs															maze_stem	173.0
2195.27875	10.300000000000182	trials	False	False	False	True	False	True	[0.77230048 0.22769955 0.95508242 0.0449176 ]	-0.18278194218873978	-0.7273828759789467	0.09139096736907959	0.36369144916534424	0.9550824165344238	[13121 13121 13121 13121 13121]	[13151 13151 13151 13150 13150]		
2199.2805	1.0715000000000146	epochs															maze_arm	173.0
2200.37175	5.184500000000298	epochs															feedback_and_iti	173.0
2200.37175	0.9817500000003747	epochs															feedback_delay	173.0
2201.37275	1.9974999999999454	epochs															feedback	173.0
2203.55975	1.9965000000001965	epochs															iti	173.0
2205.57875	5.1792499999996835	epochs															maze	174.0
2205.57875	4.154749999999694	epochs															maze_stem	174.0
2205.60225	12.203250000000025	trials	False	False	False	False	False	False	[0.73846906 0.261531   0.95868039 0.04131957]	-0.22021137736737728	-0.697149446234107	-0.11010566353797913	0.3485747277736664	0.7384690642356873	[13183 13183 13183 13183 13183]	[13213 13213 13213 13213 13213]		
2209.753	1.0049999999996544	epochs															maze_arm	174.0
2210.77625	7.008749999999964	epochs															feedback_and_iti	174.0
2210.77625	0.9825000000000728	epochs															feedback_delay	174.0
2211.7785	1.980750000000171	epochs															feedback	174.0
2213.79725	3.987749999999778	epochs															iti	174.0
2217.8055	6.834000000000287	epochs															maze	175.0
2217.8055	4.6159999999999854	epochs															maze_stem	175.0
2217.82375	13.871500000000196	trials	False	False	False	True	True	False	[0.72538471 0.27461526 0.84468782 0.15531226]	-0.11930305510759354	-0.5700725093483925	-0.05965150147676468	-0.28503624349832535	0.15531225502490997	[13257 13256 13256 13256 13256]	[13297 13296 13296 13296 13296]		
2222.44175	2.197750000000269	epochs															maze_arm	175.0
2224.65925	7.012249999999767	epochs															feedback_and_iti	175.0
2224.65925	0.9890000000000327	epochs															feedback_delay	175.0
2225.6675	1.9825000000000728	epochs															feedback	175.0
2227.687	3.9845000000000255	epochs															iti	175.0
2231.69525	5.1597499999998035	epochs															maze	176.0
2231.69525	3.919999999999618	epochs															maze_stem	176.0
2231.71775	10.34375	trials	False	False	False	True	False	True	[0.51555216 0.48444784 0.66048092 0.33951905]	-0.14492876827716827	-0.17603309452533722	0.07246437668800354	0.08801653981208801	0.6604809165000916	[13340 13340 13339 13339 13339]	[13370 13370 13369 13369 13369]		
2235.63625	1.21875	epochs															maze_arm	176.0
2236.873	5.168749999999818	epochs															feedback_and_iti	176.0
2236.873	0.9992499999998472	epochs															feedback_delay	176.0
2237.892	1.9707499999999527	epochs															feedback	176.0
2240.0545	1.9872499999996762	epochs															iti	176.0
2242.0615	6.01175000000012	epochs															maze	177.0
2242.0615	4.91675000000032	epochs															maze_stem	177.0
2242.08075	13.065000000000055	trials	False	False	False	False	False	False	[0.68542141 0.31457859 0.89108175 0.10891824]	-0.20566034689545631	-0.5765031613409519	-0.10283017158508301	0.2882515788078308	0.6854214072227478	[13402 13402 13402 13401 13401]	[13437 13437 13437 13437 13436]		
2246.9985	1.0747499999997672	epochs															maze_arm	177.0
2248.094	7.027999999999793	epochs															feedback_and_iti	177.0
2248.094	0.987999999999829	epochs															feedback_delay	177.0
2249.10675	1.987250000000131	epochs															feedback	177.0
2251.13325	3.988749999999982	epochs															iti	177.0
2255.14575	6.83974999999964	epochs															maze	178.0
2255.14575	4.741999999999734	epochs															maze_stem	178.0
2255.16975	12.021249999999782	trials	False	False	False	True	False	True	[0.73683584 0.26316419 0.74082512 0.25917488]	-0.003989294171333313	-0.4776609390974045	0.0019946396350860596	0.23883047699928284	0.7408251166343689	[13480 13480 13480 13480 13480]	[13521 13520 13520 13520 13520]		
2259.9085	2.076999999999771	epochs															maze_arm	178.0
2262.00475	5.166000000000167	epochs															feedback_and_iti	178.0
2262.00475	0.987999999999829	epochs															feedback_delay	178.0
2263.0145	1.9844999999995707	epochs															feedback	178.0
2265.177	1.993750000000091	epochs															iti	178.0
2267.191	4.949000000000069	epochs															maze	179.0
2267.191	3.84900000000016	epochs															maze_stem	179.0
2267.211	10.122749999999996	trials	False	False	False	True	False	True	[0.75861508 0.24138492 0.9173457  0.08265435]	-0.15873060002923012	-0.6759607531130314	0.0793653130531311	0.33798038959503174	0.9173457026481628	[13553 13552 13552 13552 13552]	[13581 13581 13581 13581 13581]		
2271.0605	1.0794999999998254	epochs															maze_arm	179.0
2272.16275	5.1460000000001855	epochs															feedback_and_iti	179.0
2272.16275	0.980750000000171	epochs															feedback_delay	179.0
2273.16675	1.974500000000262	epochs															feedback	179.0
2275.32925	1.979500000000371	epochs															iti	179.0
2277.33375	11.1862500000002	epochs															maze	180.0
2277.33375	10.080000000000382	epochs															maze_stem	180.0
2277.35925	16.366250000000036	trials	False	False	False	False	True	True	[0.7777369  0.22226314 0.94497091 0.05502909]	-0.16723402962088585	-0.7227077893912792	0.08361702784895897	-0.36135388538241386	0.2222631424665451	[13613 13613 13613 13613 13613]	[13680 13679 13679 13679 13679]		
2287.43475	1.0852500000000873	epochs															maze_arm	180.0
2288.5405	5.165999999999713	epochs															feedback_and_iti	180.0
2288.5405	0.9890000000000327	epochs															feedback_delay	180.0
2289.551	1.9812500000002728	epochs															feedback	180.0
2291.72075	1.9857499999998254	epochs															iti	180.0
2293.7255	5.661250000000109	epochs															maze	181.0
2293.7255	4.55074999999988	epochs															maze_stem	181.0
2293.74725	12.708000000000084	trials	False	False	False	False	False	False	[0.5590989  0.44090113 0.88655692 0.11344305]	-0.32745805010199547	-0.44565581902861595	-0.1637290120124817	0.22282791137695312	0.5590988993644714	[13712 13712 13711 13711 13711]	[13745 13745 13744 13744 13744]		
2298.2955	1.0912499999999454	epochs															maze_arm	181.0
2299.4075	7.027000000000044	epochs															feedback_and_iti	181.0
2299.4075	0.986250000000382	epochs															feedback_delay	181.0
2300.415	1.9909999999999854	epochs															feedback	181.0
2302.44375	3.9907499999999345	epochs															iti	181.0
2306.45525	5.918250000000171	epochs															maze	182.0
2306.45525	4.748250000000098	epochs															maze_stem	182.0
2306.47425	11.095499999999902	trials	False	False	False	False	True	True	[0.66649377 0.33350623 0.79438043 0.20561957]	-0.12788665294647217	-0.46087419986724854	0.06394332647323608	-0.23043709993362427	0.3335062265396118	[13788 13788 13788 13787 13787]	[13823 13822 13822 13822 13822]		
2311.22275	1.1507500000002437	epochs															maze_arm	182.0
2312.397	5.153749999999945	epochs															feedback_and_iti	182.0
2312.397	0.9794999999999163	epochs															feedback_delay	182.0
2313.3975	1.9895000000001346	epochs															feedback	182.0
2315.5695	1.981249999999818	epochs															iti	182.0
2317.56975	8.879750000000058	epochs															maze	183.0
2317.56975	7.194250000000011	epochs															maze_stem	183.0
2317.5905	15.930000000000291	trials	False	False	False	False	False	False	[0.46366712 0.53633291 0.86575872 0.13424128]	-0.4020916074514389	-0.3294258266687393	-0.20104579627513885	0.16471292078495026	0.4636671245098114	[13855 13855 13854 13854 13854]	[13907 13907 13907 13906 13906]		
2324.78475	1.6647500000003674	epochs															maze_arm	183.0
2326.46775	7.034250000000156	epochs															feedback_and_iti	183.0
2326.46775	0.9840000000003783	epochs															feedback_delay	183.0
2327.47125	1.994499999999789	epochs															feedback	183.0
2329.506	3.9960000000000946	epochs															iti	183.0
2333.5205	5.5	epochs															maze	184.0
2333.5205	4.18224999999984	epochs															maze_stem	184.0
2333.5405	10.681999999999789	trials	False	False	False	False	True	True	[0.5974316  0.40256837 0.73703116 0.26296884]	-0.13959954679012299	-0.3344627767801285	0.0697997659444809	-0.16723139584064484	0.40256837010383606	[13950 13950 13950 13950 13950]	[13982 13982 13982 13982 13982]		
2337.722	1.2984999999998763	epochs															maze_arm	184.0
2339.04025	5.163000000000011	epochs															feedback_and_iti	184.0
2339.04025	0.9915000000000873	epochs															feedback_delay	184.0
2340.05225	1.9732500000000073	epochs															feedback	184.0
2342.2155	1.9877500000002328	epochs															iti	184.0
2344.2225	6.0092500000000655	epochs															maze	185.0
2344.2225	4.5277500000001965	epochs															maze_stem	185.0
2344.243	11.193000000000211	trials	True	False	False	False	True	True	[0.41069639 0.58930355 0.83170432 0.1682957 ]	-0.4210078939795494	-0.24240072816610336	0.2105039283633232	-0.12120037525892258	0.5893035531044006	[14015 14014 14014 14014 14014]	[14050 14049 14049 14049 14049]		
2348.76875	1.462999999999738	epochs															maze_arm	185.0
2350.25225	5.163750000000164	epochs															feedback_and_iti	185.0
2350.25225	0.9867500000000291	epochs															feedback_delay	185.0
2351.25825	1.9842499999999745	epochs															feedback	185.0
2353.43325	1.9827500000001237	epochs															iti	185.0
2355.436	5.82549999999992	epochs															maze	186.0
2355.436	4.775499999999738	epochs															maze_stem	186.0
2355.4575	10.98700000000008	trials	False	False	False	False	True	True	[0.36675483 0.63324517 0.81249857 0.18750148]	-0.44574371725320816	-0.17925337702035904	0.22287184745073318	-0.08962667733430862	0.6332451701164246	[14082 14082 14081 14081 14081]	[14116 14116 14115 14115 14115]		
2360.2305	1.030999999999949	epochs															maze_arm	186.0
2361.2805	5.143750000000182	epochs															feedback_and_iti	186.0
2361.2805	0.9845000000000255	epochs															feedback_delay	186.0
2362.28725	1.9729999999999563	epochs															feedback	186.0
2364.44125	1.9830000000001746	epochs															iti	186.0
2366.4445	8.695000000000164	epochs															maze	187.0
2366.4445	7.472999999999956	epochs															maze_stem	187.0
2366.46375	13.896250000000236	trials	True	False	False	False	True	True	[0.27775675 0.72224325 0.78298956 0.21701044]	-0.5052328109741211	-0.06074631214141846	0.25261640548706055	-0.03037315607070923	0.7222432494163513	[14148 14148 14147 14147 14147]	[14199 14199 14199 14198 14198]		
2373.9375	1.2020000000002256	epochs															maze_arm	187.0
2375.16025	5.1782499999999345	epochs															feedback_and_iti	187.0
2375.16025	0.9994999999998981	epochs															feedback_delay	187.0
2376.181	1.9742499999997563	epochs															feedback	187.0
2378.34475	1.9937499999996362	epochs															iti	187.0
2380.36	7.143000000000029	epochs															maze	188.0
2380.36	4.844749999999749	epochs															maze_stem	188.0
2380.3845	12.327249999999822	trials	True	False	False	True	False	True	[0.27852452 0.72147542 0.7759251  0.2240749 ]	-0.49740055203437805	-0.054449647665023804	0.24870029091835022	0.027224808931350708	0.7759250998497009	[14231 14231 14231 14231 14230]	[14273 14273 14273 14272 14272]		
2385.22225	2.280750000000353	epochs															maze_arm	188.0
2387.52075	5.170249999999669	epochs															feedback_and_iti	188.0
2387.52075	0.9959999999996398	epochs															feedback_delay	188.0
2388.53675	1.9734999999996035	epochs															feedback	188.0
2390.69775	1.993249999999989	epochs															iti	188.0
2392.71175	6.588250000000244	epochs															maze	189.0
2392.71175	5.0974999999998545	epochs															maze_stem	189.0
2392.73225	13.62350000000015	trials	False	False	False	True	True	False	[0.52838564 0.47161433 0.93082708 0.06917291]	-0.40244143083691597	-0.459212739020586	-0.20122070983052254	-0.22960637882351875	0.06917291134595871	[14305 14305 14305 14305 14304]	[14344 14344 14343 14343 14343]		
2397.82975	1.4702500000003056	epochs															maze_arm	189.0
2399.31825	7.016500000000178	epochs															feedback_and_iti	189.0
2399.31825	0.9900000000002365	epochs															feedback_delay	189.0
2400.32925	1.9845000000000255	epochs															feedback	189.0
2402.35425	3.98050000000012	epochs															iti	189.0
2406.35575	7.445999999999913	epochs															maze	190.0
2406.35575	6.135749999999916	epochs															maze_stem	190.0
2406.374	12.618249999999989	trials	True	False	False	False	True	True	[0.32620415 0.67379588 0.4729014  0.5270986 ]	-0.1466972678899765	0.20089446008205414	0.07334864139556885	0.10044723749160767	0.6737958788871765	[14387 14387 14387 14386 14386]	[14431 14431 14430 14430 14430]		
2412.5115	1.2902500000000146	epochs															maze_arm	190.0
2413.819	5.152250000000095	epochs															feedback_and_iti	190.0
2413.819	0.9967500000002474	epochs															feedback_delay	190.0
2414.83825	1.9630000000001928	epochs															feedback	190.0
2416.99375	1.9774999999999636	epochs															iti	190.0
2418.99225	7.535000000000309	epochs															maze	191.0
2418.99225	6.173000000000229	epochs															maze_stem	191.0
2419.0125	12.707750000000033	trials	True	False	False	True	False	True	[0.23997469 0.76002526 0.61738592 0.38261411]	-0.3774111941456795	0.1426393762230873	0.18870561569929123	-0.07131969183683395	0.6173859238624573	[14463 14463 14462 14462 14462]	[14507 14507 14507 14506 14506]		
2425.184	1.3432499999998981	epochs															maze_arm	191.0
2426.54675	5.154750000000149	epochs															feedback_and_iti	191.0
2426.54675	0.9952499999999418	epochs															feedback_delay	191.0
2427.561	1.9679999999998472	epochs															feedback	191.0
2429.7185	1.9830000000001746	epochs															iti	191.0
2431.72025	6.385750000000371	epochs															maze	192.0
2431.72025	5.255000000000109	epochs															maze_stem	192.0
2431.74	13.415000000000418	trials	False	False	False	False	False	False	[0.48940778 0.51059228 0.88262606 0.11737392]	-0.393218319863081	-0.37203381583094597	-0.19660913944244385	0.18601691722869873	0.4894077777862549	[14539 14539 14539 14538 14538]	[14576 14576 14576 14576 14576]		
2436.99575	1.1102500000001783	epochs															maze_arm	192.0
2438.125	7.008749999999964	epochs															feedback_and_iti	192.0
2438.125	0.9922499999997854	epochs															feedback_delay	192.0
2439.137	1.974999999999909	epochs															feedback	192.0
2441.14925	3.9845000000000255	epochs															iti	192.0
2445.155	5.960749999999734	epochs															maze	193.0
2445.155	4.375999999999749	epochs															maze_stem	193.0
2445.1795	11.145499999999629	trials	False	False	False	True	False	True	[0.60459608 0.39540392 0.72679037 0.27320963]	-0.12219429016113281	-0.3313864469528198	0.061097145080566406	0.1656932234764099	0.7267903685569763	[14620 14619 14619 14619 14619]	[14654 14654 14654 14654 14654]		
2449.55	1.5657499999997526	epochs															maze_arm	193.0
2451.1375	5.169250000000375	epochs															feedback_and_iti	193.0
2451.1375	0.999000000000251	epochs															feedback_delay	193.0
2452.157	1.9652499999997417	epochs															feedback	193.0
2454.3195	1.987250000000131	epochs															iti	193.0
2456.325	6.315000000000055	epochs															maze	194.0
2456.325	4.987250000000131	epochs															maze_stem	194.0
2456.3445	13.360999999999876	trials	False	False	False	False	False	False	[0.61682308 0.38317692 0.91060746 0.08939254]	-0.29378438368439674	-0.5274305380880833	-0.14689218997955322	0.2637152671813965	0.6168230772018433	[14687 14686 14686 14686 14686]	[14724 14723 14723 14723 14723]		
2461.333	1.306999999999789	epochs															maze_arm	194.0
2462.65975	7.024499999999989	epochs															feedback_and_iti	194.0
2462.65975	0.9802500000000691	epochs															feedback_delay	194.0
2463.66025	1.9900000000002365	epochs															feedback	194.0
2465.68875	3.9954999999999927	epochs															iti	194.0
2469.7055	5.1469999999999345	epochs															maze	195.0
2469.7055	3.875500000000102	epochs															maze_stem	195.0
2469.72525	10.331000000000131	trials	False	False	False	True	False	True	[0.70659602 0.29340398 0.77322531 0.22677469]	-0.06662929058074951	-0.4798213243484497	0.033314645290374756	0.23991066217422485	0.7732253074645996	[14767 14767 14766 14766 14766]	[14797 14797 14796 14796 14796]		
2473.60075	1.2517499999999018	epochs															maze_arm	195.0
2474.871	5.164999999999964	epochs															feedback_and_iti	195.0
2474.871	0.9982500000000982	epochs															feedback_delay	195.0
2475.891	1.968499999999949	epochs															feedback	195.0
2478.0435	1.9924999999998363	epochs															iti	195.0
2480.05625	9.142499999999927	epochs															maze	196.0
2480.05625	7.766999999999825	epochs															maze_stem	196.0
2480.07425	16.181499999999687	trials	False	False	False	True	True	False	[0.70299709 0.29700285 0.92404735 0.0759527 ]	-0.2210502065718174	-0.6270444430410862	-0.11052507534623146	-0.31352222338318825	0.07595270127058029	[14829 14829 14828 14828 14828]	[14883 14883 14882 14882 14882]		
2487.8425	1.356249999999818	epochs															maze_arm	196.0
2489.21925	7.0164999999997235	epochs															feedback_and_iti	196.0
2489.21925	0.9939999999996871	epochs															feedback_delay	196.0
2490.23375	1.9777500000000146	epochs															feedback	196.0
2492.25225	3.9834999999998217	epochs															iti	196.0
2496.25575	5.697500000000218	epochs															maze	197.0
2496.25575	4.381750000000011	epochs															maze_stem	197.0
2496.274	10.88525000000027	trials	False	False	False	False	True	True	[0.48956555 0.51043451 0.53319532 0.46680474]	-0.04362976551055908	-0.02276080846786499	0.02181488275527954	-0.011380374431610107	0.5104345083236694	[14926 14926 14926 14925 14925]	[14959 14959 14959 14959 14958]		
2500.65675	1.2964999999999236	epochs															maze_arm	197.0
2501.9715	5.166999999999916	epochs															feedback_and_iti	197.0
2501.9715	0.9954999999999927	epochs															feedback_delay	197.0
2502.98875	1.9675000000002	epochs															feedback	197.0
2505.143	1.9954999999999927	epochs															iti	197.0
2507.15925	6.203499999999622	epochs															maze	198.0
2507.15925	5.042750000000069	epochs															maze_stem	198.0
2507.17725	13.248499999999694	trials	False	False	False	False	False	False	[0.36326706 0.636733   0.60829896 0.39170104]	-0.2450319230556488	0.028434008359909058	-0.12251594662666321	-0.014216989278793335	0.36326706409454346	[14991 14991 14991 14991 14991]	[15028 15027 15027 15027 15027]		
2512.2205	1.1422499999998763	epochs															maze_arm	198.0
2513.3825	7.018499999999676	epochs															feedback_and_iti	198.0
2513.3825	0.9887499999999818	epochs															feedback_delay	198.0
2514.3925	1.9800000000000182	epochs															feedback	198.0
2516.4135	3.987499999999727	epochs															iti	198.0
2520.42575	5.093499999999949	epochs															maze	199.0
2520.42575	3.8200000000001637	epochs															maze_stem	199.0
2520.44975	12.121749999999793	trials	False	False	False	False	False	False	[0.51259375 0.48740628 0.50681365 0.49318632]	0.005780071020126343	-0.01940739154815674	0.0028900504112243652	0.00970369577407837	0.5125937461853027	[15071 15071 15070 15070 15070]	[15100 15100 15100 15100 15100]		
2524.26525	1.2539999999999054	epochs															maze_arm	199.0
2525.5395	7.01299999999992	epochs															feedback_and_iti	199.0
2525.5395	0.9860000000003311	epochs															feedback_delay	199.0
2526.5465	1.9737500000001091	epochs															feedback	199.0
2528.56	3.9924999999998363	epochs															iti	199.0
2532.5715	5.9965000000001965	epochs															maze	200.0
2532.5715	4.198499999999967	epochs															maze_stem	200.0
2532.59125	11.200249999999869	trials	True	False	False	True	False	True	[0.64358819 0.35641187 0.59919441 0.40080562]	0.044393762946128845	-0.24278254806995392	-0.02219688892364502	0.12139129638671875	0.5991944074630737	[15144 15144 15143 15143 15143]	[15179 15179 15178 15178 15178]		
2536.78925	1.7787500000004002	epochs															maze_arm	200.0
2538.588	5.174999999999727	epochs															feedback_and_iti	200.0
2538.588	0.9992499999998472	epochs															feedback_delay	200.0
2539.607	1.9672500000001492	epochs															feedback	200.0
2541.75625	2.006750000000011	epochs															iti	200.0
2543.7915	7.079750000000331	epochs															maze	201.0
2543.7915	5.5210000000001855	epochs															maze_stem	201.0
2543.81575	14.125499999999647	trials	False	False	False	False	False	False	[0.70734835 0.29265168 0.8700937  0.12990628]	-0.1627453789114952	-0.577442042529583	-0.08137267827987671	0.2887210249900818	0.7073483467102051	[15211 15211 15211 15210 15210]	[15252 15252 15252 15252 15252]		
2549.333	1.5382500000000618	epochs															maze_arm	201.0
2550.8915	7.028749999999945	epochs															feedback_and_iti	201.0
2550.8915	0.99350000000004	epochs															feedback_delay	201.0
2551.905	1.9804999999996653	epochs															feedback	201.0
2553.92425	3.9960000000000946	epochs															iti	201.0
2557.94125	8.097250000000258	epochs															maze	202.0
2557.94125	4.970749999999953	epochs															maze_stem	202.0
2557.96225	15.139749999999822	trials	False	False	False	False	False	False	[0.69010258 0.30989742 0.6607731  0.33922696]	0.029329508543014526	-0.3508756458759308	0.01466473937034607	0.1754378378391266	0.6901025772094727	[15296 15296 15295 15295 15295]	[15343 15343 15343 15343 15343]		
2562.93225	3.106250000000273	epochs															maze_arm	202.0
2566.05825	7.023999999999887	epochs															feedback_and_iti	202.0
2566.05825	0.9997499999999491	epochs															feedback_delay	202.0
2567.07825	1.9677499999997963	epochs															feedback	202.0
2569.086	3.9962500000001455	epochs															iti	202.0
2573.102	5.1965000000000146	epochs															maze	203.0
2573.102	3.762500000000273	epochs															maze_stem	203.0
2573.12025	10.382750000000215	trials	False	False	False	False	True	True	[0.72713351 0.27286643 0.70117497 0.29882497]	0.025958538055419922	-0.42830854654312134	-0.012979269027709961	-0.21415430307388306	0.272866427898407	[15387 15386 15386 15386 15386]	[15417 15417 15417 15416 15416]		
2576.88525	1.4132500000000618	epochs															maze_arm	203.0
2578.319	5.163750000000164	epochs															feedback_and_iti	203.0
2578.319	0.9952499999999418	epochs															feedback_delay	203.0
2579.3345	1.97524999999996	epochs															feedback	203.0
2581.494	1.9887499999999818	epochs															iti	203.0
2583.503	5.887499999999818	epochs															maze	204.0
2583.503	4.575249999999869	epochs															maze_stem	204.0
2583.5215	12.9362500000002	trials	False	False	False	False	False	False	[0.52031678 0.47968322 0.75684839 0.24315163]	-0.236531600356102	-0.27716515958309174	-0.11826580762863159	0.13858258724212646	0.5203167796134949	[15449 15449 15449 15448 15448]	[15483 15483 15483 15483 15483]		
2588.098	1.2925000000000182	epochs															maze_arm	204.0
2589.412	7.025250000000142	epochs															feedback_and_iti	204.0
2589.412	0.9819999999999709	epochs															feedback_delay	204.0
2590.41525	1.987749999999778	epochs															feedback	204.0
2592.4405	3.9967499999997926	epochs															iti	204.0
2596.45775	6.387499999999818	epochs															maze	205.0
2596.45775	4.967999999999847	epochs															maze_stem	205.0
2596.4765	11.575999999999567	trials	True	False	False	False	True	True	[0.58444339 0.41555661 0.56639636 0.43360358]	0.01804700493812561	-0.15083977580070496	-0.009023487567901611	-0.07541990280151367	0.4155566096305847	[15527 15527 15526 15526 15526]	[15564 15564 15564 15563 15563]		
2601.44525	1.3999999999996362	epochs															maze_arm	205.0
2602.8645	5.167500000000018	epochs															feedback_and_iti	205.0
2602.8645	0.9822500000000218	epochs															feedback_delay	205.0
2603.8655	1.9972499999998945	epochs															feedback	205.0
2606.05	1.981999999999971	epochs															iti	205.0
2608.0525	6.552000000000135	epochs															maze	206.0
2608.0525	5.09375	epochs															maze_stem	206.0
2608.071	11.731000000000222	trials	False	False	False	False	True	True	[0.46158773 0.53841227 0.6839329  0.3160671 ]	-0.22234517335891724	-0.1455206274986267	0.11117258667945862	-0.07276031374931335	0.5384122729301453	[15596 15596 15596 15596 15595]	[15635 15634 15634 15634 15634]		
2613.166	1.438499999999749	epochs															maze_arm	206.0
2614.6225	5.159500000000207	epochs															feedback_and_iti	206.0
2614.6225	0.9875000000001819	epochs															feedback_delay	206.0
2615.629	1.9772499999999127	epochs															feedback	206.0
2617.7945	1.987500000000182	epochs															iti	206.0
2619.802	8.460250000000087	epochs															maze	207.0
2619.802	7.299999999999727	epochs															maze_stem	207.0
2619.82075	13.637250000000222	trials	False	False	False	False	True	True	[0.33958396 0.66041601 0.63770807 0.36229196]	-0.2981240749359131	0.022707968950271606	0.14906202256679535	0.011353984475135803	0.6604160070419312	[15667 15666 15666 15666 15666]	[15716 15716 15716 15716 15716]		
2627.11975	1.142500000000382	epochs															maze_arm	207.0
2628.28025	5.154750000000149	epochs															feedback_and_iti	207.0
2628.28025	0.9980000000000473	epochs															feedback_delay	207.0
2629.298	1.9637500000003456	epochs															feedback	207.0
2631.4395	1.9954999999999927	epochs															iti	207.0
2633.458	6.256249999999909	epochs															maze	208.0
2633.458	4.819250000000011	epochs															maze_stem	208.0
2633.47625	13.295249999999669	trials	False	False	False	False	False	False	[0.26908806 0.73091191 0.58696246 0.41303751]	-0.31787440180778503	0.1439494490623474	-0.15893720090389252	-0.0719747394323349	0.2690880596637726	[15749 15748 15748 15748 15748]	[15785 15785 15785 15785 15784]		
2638.2965	1.4177500000000691	epochs															maze_arm	208.0
2639.73375	7.016750000000229	epochs															feedback_and_iti	208.0
2639.73375	0.9827500000001237	epochs															feedback_delay	208.0
2640.73775	1.9825000000000728	epochs															feedback	208.0
2642.76	3.9904999999998836	epochs															iti	208.0
2646.7715	11.209250000000338	epochs															maze	209.0
2646.7715	9.400750000000244	epochs															maze_stem	209.0
2646.7905	16.39424999999983	trials	True	False	False	True	False	True	[0.47456047 0.52543956 0.49517968 0.50482035]	-0.020619213581085205	0.0302598774433136	0.010309606790542603	-0.015129923820495605	0.495179682970047	[15828 15828 15828 15828 15828]	[15895 15894 15894 15894 15894]		
2656.191	1.7897500000003674	epochs															maze_arm	209.0
2658.00025	5.164999999999964	epochs															feedback_and_iti	209.0
2658.00025	0.9982500000000982	epochs															feedback_delay	209.0
2659.01875	1.96225000000004	epochs															feedback	209.0
2661.16875	1.9965000000001965	epochs															iti	209.0
2663.18475	6.089500000000044	epochs															maze	210.0
2663.18475	4.8279999999999745	epochs															maze_stem	210.0
2663.204	11.28274999999985	trials	True	False	False	False	True	True	[0.61892861 0.38107136 0.85420829 0.14579169]	-0.23527967184782028	-0.47313692420721054	0.11763983219861984	-0.23656847327947617	0.3810713589191437	[15927 15927 15926 15926 15926]	[15962 15962 15962 15962 15962]		
2668.03025	1.2440000000001419	epochs															maze_arm	210.0
2669.2945	5.171249999999873	epochs															feedback_and_iti	210.0
2669.2945	0.98700000000008	epochs															feedback_delay	210.0
2670.3	1.9832499999997708	epochs															feedback	210.0
2672.4695	1.9962499999996908	epochs															iti	210.0
2674.48675	9.753749999999854	epochs															maze	211.0
2674.48675	8.585999999999785	epochs															maze_stem	211.0
2674.5075	14.943249999999807	trials	False	False	False	False	True	True	[0.46070302 0.53929698 0.75984591 0.24015404]	-0.29914291948080063	-0.22054895013570786	0.1495714709162712	-0.11027448624372482	0.5392969846725464	[15995 15994 15994 15994 15994]	[16052 16052 16052 16051 16051]		
2683.0925	1.1479999999996835	epochs															maze_arm	211.0
2684.26125	5.16924999999992	epochs															feedback_and_iti	211.0
2684.26125	0.9850000000001273	epochs															feedback_delay	211.0
2685.2665	1.9829999999997199	epochs															feedback	211.0
2687.44675	1.9837499999998727	epochs															iti	211.0
2689.45075	6.46100000000024	epochs															maze	212.0
2689.45075	5.204000000000178	epochs															maze_stem	212.0
2689.4705	11.666000000000167	trials	False	False	False	True	False	True	[0.31838313 0.68161684 0.71606088 0.28393915]	-0.3976777195930481	-0.03444400429725647	0.19883887469768524	0.017222002148628235	0.7160608768463135	[16084 16084 16084 16084 16083]	[16122 16122 16122 16121 16121]		
2694.67325	1.2385000000003856	epochs															maze_arm	212.0
2695.9295	5.186999999999898	epochs															feedback_and_iti	212.0
2695.9295	0.9974999999999454	epochs															feedback_delay	212.0
2696.94775	1.9782500000001164	epochs															feedback	212.0
2699.12025	1.9962500000001455	epochs															iti	212.0
2701.1365	6.522750000000087	epochs															maze	213.0
2701.1365	5.398000000000138	epochs															maze_stem	213.0
2701.15725	13.558999999999742	trials	False	False	False	False	False	False	[0.4799948  0.52000523 0.88235915 0.11764088]	-0.4023643471300602	-0.36235392466187477	-0.20118217170238495	0.18117697536945343	0.4799948036670685	[16154 16154 16154 16154 16153]	[16192 16192 16192 16192 16192]		
2706.5555	1.1037500000002183	epochs															maze_arm	213.0
2707.6775	7.018000000000029	epochs															feedback_and_iti	213.0
2707.6775	0.9942500000001928	epochs															feedback_delay	213.0
2708.6935	1.9757500000000618	epochs															feedback	213.0
2710.7075	3.987999999999829	epochs															iti	213.0
2714.71625	6.524249999999938	epochs															maze	214.0
2714.71625	4.717250000000149	epochs															maze_stem	214.0
2714.737	13.565999999999804	trials	False	False	False	True	True	False	[0.63309741 0.36690256 0.74047309 0.25952694]	-0.10737565159797668	-0.3735705018043518	-0.05368781089782715	-0.1867852509021759	0.25952693819999695	[16236 16236 16235 16235 16235]	[16274 16274 16273 16273 16273]		
2719.45325	1.7872499999998581	epochs															maze_arm	214.0
2721.2615	7.021249999999782	epochs															feedback_and_iti	214.0
2721.2615	0.9867500000000291	epochs															feedback_delay	214.0
2722.26975	1.9774999999999636	epochs															feedback	214.0
2724.31525	3.9674999999997453	epochs															iti	214.0
2728.303	6.797500000000127	epochs															maze	215.0
2728.303	4.415750000000116	epochs															maze_stem	215.0
2728.32125	11.983250000000226	trials	False	False	False	True	False	True	[0.43476316 0.56523681 0.50211215 0.49788782]	-0.06734898686408997	0.0631246566772461	0.03367449343204498	-0.03156234323978424	0.5021121501922607	[16317 16317 16317 16317 16316]	[16357 16357 16357 16356 16356]		
2732.7385	2.36200000000008	epochs															maze_arm	215.0
2735.12025	5.164000000000215	epochs															feedback_and_iti	215.0
2735.12025	0.9949999999998909	epochs															feedback_delay	215.0
2736.13575	1.98050000000012	epochs															feedback	215.0
2738.3005	1.9837500000003274	epochs															iti	215.0
2740.3045	6.3032499999999345	epochs															maze	216.0
2740.3045	4.969499999999698	epochs															maze_stem	216.0
2740.3225	11.499249999999847	trials	False	False	False	False	True	True	[0.60445935 0.39554071 0.80779994 0.19220012]	-0.2033405900001526	-0.41225922107696533	0.1016702950000763	-0.20612958073616028	0.395540714263916	[16389 16389 16389 16389 16388]	[16426 16426 16426 16425 16425]		
2745.29425	1.3135000000002037	epochs															maze_arm	216.0
2746.62775	5.171249999999873	epochs															feedback_and_iti	216.0
2746.62775	0.9942499999997381	epochs															feedback_delay	216.0
2747.64275	1.9789999999998145	epochs															feedback	216.0
2749.831	1.9679999999998472	epochs															iti	216.0
2751.82175	6.349749999999858	epochs															maze	217.0
2751.82175	5.219250000000102	epochs															maze_stem	217.0
2751.842	11.542500000000018	trials	True	False	False	False	True	True	[0.39605179 0.60394818 0.73647416 0.26352581]	-0.3404223620891571	-0.1325259804725647	0.17021118104457855	-0.06626300513744354	0.603948175907135	[16458 16458 16458 16458 16457]	[16495 16495 16495 16495 16494]		
2757.06075	1.1107499999998254	epochs															maze_arm	217.0
2758.1915	5.172250000000076	epochs															feedback_and_iti	217.0
2758.1915	0.9972499999998945	epochs															feedback_delay	217.0
2759.20875	1.979500000000371	epochs															feedback	217.0
2761.36975	1.9940000000001419	epochs															iti	217.0
2763.3845	6.462999999999738	epochs															maze	218.0
2763.3845	5.065499999999702	epochs															maze_stem	218.0
2763.4045	11.646999999999935	trials	False	False	False	True	False	True	[0.33896852 0.66103142 0.71810609 0.28189394]	-0.3791375309228897	-0.05707462131977081	0.18956878781318665	0.02853730320930481	0.7181060910224915	[16527 16527 16527 16527 16527]	[16565 16565 16565 16565 16564]		
2768.47025	1.3772500000000036	epochs															maze_arm	218.0
2769.868	5.162000000000262	epochs															feedback_and_iti	218.0
2769.868	0.9802500000000691	epochs															feedback_delay	218.0
2770.86975	1.9802500000000691	epochs															feedback	218.0
2773.04725	1.9827500000001237	epochs															iti	218.0
2775.0515	6.001999999999953	epochs															maze	219.0
2775.0515	4.847749999999905	epochs															maze_stem	219.0
2775.07225	13.033750000000055	trials	False	False	False	False	False	False	[0.51709622 0.48290378 0.88218331 0.11781663]	-0.3650871179997921	-0.39927956089377403	-0.18254354596138	0.19963976740837097	0.517096221446991	[16597 16597 16597 16597 16597]	[16632 16632 16632 16632 16632]		
2779.92025	1.1332499999998618	epochs															maze_arm	219.0
2781.0715	7.014000000000124	epochs															feedback_and_iti	219.0
2781.0715	0.9994999999998981	epochs															feedback_delay	219.0
2782.0935	1.9632500000002437	epochs															feedback	219.0
2784.0925	3.992999999999938	epochs															iti	219.0
2788.106	6.302999999999884	epochs															maze	220.0
2788.106	4.370249999999942	epochs															maze_stem	220.0
2788.12475	13.326250000000073	trials	True	False	False	True	True	False	[0.65323675 0.34676325 0.739317   0.26068297]	-0.08608026802539825	-0.39255376160144806	-0.043040141463279724	-0.19627688825130463	0.26068297028541565	[16676 16675 16675 16675 16675]	[16713 16712 16712 16712 16712]		
2792.49725	1.911750000000211	epochs															maze_arm	220.0
2794.42775	7.003750000000309	epochs															feedback_and_iti	220.0
2794.42775	0.993750000000091	epochs															feedback_delay	220.0
2795.44	1.9710000000000036	epochs															feedback	220.0
2797.445	3.986499999999978	epochs															iti	220.0
2801.451	6.407999999999902	epochs															maze	221.0
2801.451	5.2602499999998145	epochs															maze_stem	221.0
2801.47	11.579750000000331	trials	True	False	False	False	True	True	[0.48033834 0.51966166 0.53232884 0.46767113]	-0.05199052393436432	-0.01266719400882721	0.025995269417762756	-0.006333604454994202	0.5196616649627686	[16756 16755 16755 16755 16755]	[16793 16793 16793 16793 16792]		
2806.73	1.1289999999999054	epochs															maze_arm	221.0
2807.876	5.153249999999844	epochs															feedback_and_iti	221.0
2807.876	0.9909999999999854	epochs															feedback_delay	221.0
2808.88725	1.9739999999997053	epochs															feedback	221.0
2811.04025	1.9890000000000327	epochs															iti	221.0
2813.04975	7.193249999999807	epochs															maze	222.0
2813.04975	6.0919999999996435	epochs															maze_stem	222.0
2813.07	12.36449999999968	trials	False	False	False	False	True	True	[0.35223511 0.64776492 0.59877276 0.40122727]	-0.24653765559196472	0.048992156982421875	0.12326882779598236	0.02449609339237213	0.6477649211883545	[16825 16825 16825 16825 16824]	[16867 16867 16867 16867 16867]		
2819.1625	1.080500000000029	epochs															maze_arm	222.0
2820.26425	5.149499999999989	epochs															feedback_and_iti	222.0
2820.26425	0.9919999999997344	epochs															feedback_delay	222.0
2821.27475	1.9727499999999054	epochs															feedback	222.0
2823.42775	1.986000000000331	epochs															iti	222.0
2825.4345	7.105000000000018	epochs															maze	223.0
2825.4345	5.5772500000002765	epochs															maze_stem	223.0
2825.455	14.151499999999942	trials	False	False	False	False	False	False	[0.25120351 0.74879652 0.54867375 0.45132622]	-0.2974702715873718	0.20012274384498596	-0.14873512089252472	-0.10006137192249298	0.2512035071849823	[16899 16899 16899 16899 16899]	[16941 16941 16941 16941 16940]		
2831.03075	1.5087499999999636	epochs															maze_arm	223.0
2832.55925	7.02350000000024	epochs															feedback_and_iti	223.0
2832.55925	0.9942500000001928	epochs															feedback_delay	223.0
2833.5775	1.97400000000016	epochs															feedback	223.0
2835.592	3.9907499999999345	epochs															iti	223.0
2839.6065	4.869750000000295	epochs															maze	224.0
2839.6065	3.717250000000149	epochs															maze_stem	224.0
2839.626	10.071999999999662	trials	False	False	False	True	False	True	[0.4420971  0.55790293 0.46036515 0.53963488]	-0.018268048763275146	0.09753778576850891	0.009134024381637573	-0.04876887798309326	0.4603651463985443	[16984 16984 16984 16984 16984]	[17013 17013 17012 17012 17012]		
2843.34425	1.1320000000000618	epochs															maze_arm	224.0
2844.4985	5.179499999999734	epochs															feedback_and_iti	224.0
2844.4985	0.9825000000000728	epochs															feedback_delay	224.0
2845.503	1.9919999999997344	epochs															feedback	224.0
2847.684	1.9939999999996871	epochs															iti	224.0
2849.698	5.48050000000012	epochs															maze	225.0
2849.698	4.298999999999978	epochs															maze_stem	225.0
2849.7175	12.518999999999778	trials	False	False	False	False	False	False	[0.61644381 0.38355619 0.8285296  0.17147037]	-0.2120857983827591	-0.444973424077034	-0.10604289174079895	0.2224867045879364	0.6164438128471375	[17045 17045 17045 17044 17044]	[17077 17077 17076 17076 17076]		
2854.018	1.1604999999999563	epochs															maze_arm	225.0
2855.201	7.014499999999771	epochs															feedback_and_iti	225.0
2855.201	0.9907499999999345	epochs															feedback_delay	225.0
2856.2115	1.9757500000000618	epochs															feedback	225.0
2858.2275	3.987999999999829	epochs															iti	225.0
2862.2365	5.071249999999964	epochs															maze	226.0
2862.2365	3.8234999999999673	epochs															maze_stem	226.0
2862.257	12.10525000000007	trials	False	False	False	False	False	False	[0.65446115 0.34553885 0.63272017 0.36727983]	0.021740972995758057	-0.2871813178062439	0.010870486497879028	0.14359065890312195	0.654461145401001	[17120 17120 17120 17120 17119]	[17150 17149 17149 17149 17149]		
2866.079	1.2287499999997635	epochs															maze_arm	226.0
2867.32725	7.013500000000022	epochs															feedback_and_iti	226.0
2867.32725	0.9945000000002437	epochs															feedback_delay	226.0
2868.343	1.9735000000000582	epochs															feedback	226.0
2870.3555	3.9852499999997235	epochs															iti	226.0
2874.36225	6.958000000000084	epochs															maze	227.0
2874.36225	5.744999999999891	epochs															maze_stem	227.0
2874.3805	12.153749999999945	trials	True	False	False	False	True	True	[0.70478928 0.29521075 0.67696297 0.32303709]	0.027826324105262756	-0.38175220787525177	-0.013913169503211975	-0.1908760815858841	0.29521074891090393	[17193 17193 17192 17192 17192]	[17234 17233 17233 17233 17233]		
2880.1255	1.1947500000001128	epochs															maze_arm	227.0
2881.33925	5.173000000000229	epochs															feedback_and_iti	227.0
2881.33925	0.9902499999998327	epochs															feedback_delay	227.0
2882.34975	1.9892500000000837	epochs															feedback	227.0
2884.5225	1.9897500000001855	epochs															iti	227.0
2886.53425	9.658249999999953	epochs															maze	228.0
2886.53425	8.30724999999984	epochs															maze_stem	228.0
2886.5545	14.84524999999985	trials	False	False	False	True	False	True	[0.53926682 0.46073315 0.73982507 0.2601749 ]	-0.20055824518203735	-0.2790919244289398	0.10027912259101868	0.13954594731330872	0.7398250699043274	[17266 17266 17265 17265 17265]	[17323 17323 17322 17322 17322]		
2894.86075	1.3317500000002838	epochs															maze_arm	228.0
2896.21425	5.164249999999811	epochs															feedback_and_iti	228.0
2896.21425	0.99350000000004	epochs															feedback_delay	228.0
2897.22675	1.975500000000011	epochs															feedback	228.0
2899.38625	1.9922499999997854	epochs															iti	228.0
2901.39975	6.682999999999993	epochs															maze	229.0
2901.39975	5.472749999999905	epochs															maze_stem	229.0
2901.41975	11.877500000000055	trials	False	False	False	True	False	True	[0.65838104 0.34161893 0.88246703 0.11753296]	-0.2240859754383564	-0.5408480949699879	0.11204299330711365	0.2704240381717682	0.8824670314788818	[17355 17355 17355 17354 17354]	[17394 17394 17394 17393 17393]		
2906.893	1.1897500000000036	epochs															maze_arm	229.0
2908.1025	5.175000000000182	epochs															feedback_and_iti	229.0
2908.1025	0.9852500000001783	epochs															feedback_delay	229.0
2909.10925	1.9929999999999382	epochs															feedback	229.0
2911.289	1.9884999999999309	epochs															iti	229.0
2913.29725	6.5727499999998145	epochs															maze	230.0
2913.29725	5.458250000000135	epochs															maze_stem	230.0
2913.31675	11.76974999999993	trials	True	False	False	False	True	True	[0.68428874 0.31571126 0.93234664 0.0676534 ]	-0.24805787950754166	-0.6166353598237038	0.12402892857789993	-0.308317668735981	0.31571125984191895	[17426 17426 17426 17426 17425]	[17465 17464 17464 17464 17464]		
2918.773	1.0969999999997526	epochs															maze_arm	230.0
2919.88875	5.176750000000084	epochs															feedback_and_iti	230.0
2919.88875	0.9915000000000873	epochs															feedback_delay	230.0
2920.89925	1.9839999999999236	epochs															feedback	230.0
2923.06925	1.9962500000001455	epochs															iti	230.0
2925.0865	8.850750000000062	epochs															maze	231.0
2925.0865	7.382750000000215	epochs															maze_stem	231.0
2925.108	14.03899999999976	trials	False	False	False	True	False	True	[0.55013877 0.44986126 0.87445188 0.12554811]	-0.32431312650442123	-0.424590639770031	0.16215655207633972	0.2122953236103058	0.8744518756866455	[17497 17497 17497 17496 17496]	[17549 17549 17549 17548 17548]		
2932.48975	1.4474999999997635	epochs															maze_arm	231.0
2933.9565	5.1707500000002256	epochs															feedback_and_iti	231.0
2933.9565	0.9832500000002256	epochs															feedback_delay	231.0
2934.96	1.9887499999999818	epochs															feedback	231.0
2937.139	1.98824999999988	epochs															iti	231.0
2939.147	4.951500000000124	epochs															maze	232.0
2939.147	3.73174999999992	epochs															maze_stem	232.0
2939.166	10.130499999999756	trials	True	False	False	True	False	True	[0.60258269 0.39741728 0.9359293  0.06407067]	-0.3333466053009033	-0.5385120213031769	0.16667330265045166	0.26925599575042725	0.9359292984008789	[17581 17581 17581 17581 17580]	[17610 17610 17610 17609 17609]		
2942.89825	1.200249999999869	epochs															maze_arm	232.0
2944.11975	5.157500000000255	epochs															feedback_and_iti	232.0
2944.11975	0.9947500000002947	epochs															feedback_delay	232.0
2945.1325	1.9699999999998	epochs															feedback	232.0
2947.2905	1.986750000000029	epochs															iti	232.0
2949.2965	6.1847499999998945	epochs															maze	233.0
2949.2965	4.726250000000164	epochs															maze_stem	233.0
2949.3155	11.387249999999767	trials	True	False	False	False	True	True	[0.6740976  0.32590243 0.95939553 0.04060454]	-0.28529790975153446	-0.6334930751472712	0.1426489446312189	-0.31674651242792606	0.32590243220329285	[17642 17642 17642 17641 17641]	[17678 17678 17678 17678 17677]		
2954.04175	1.4394999999999527	epochs															maze_arm	233.0
2955.49975	5.181750000000193	epochs															feedback_and_iti	233.0
2955.49975	0.9920000000001892	epochs															feedback_delay	233.0
2956.51125	1.9850000000001273	epochs															feedback	233.0
2958.684	1.9974999999999454	epochs															iti	233.0
2960.70275	7.85674999999992	epochs															maze	234.0
2960.70275	6.735500000000229	epochs															maze_stem	234.0
2960.7235	13.041749999999865	trials	True	False	False	False	True	True	[0.48536289 0.51463711 0.9090175  0.0909825 ]	-0.42365461587905884	-0.3943803906440735	0.21182730793952942	-0.19719019532203674	0.5146371126174927	[17710 17710 17710 17710 17710]	[17757 17756 17756 17756 17756]		
2967.4585	1.100999999999658	epochs															maze_arm	234.0
2968.57825	5.167249999999967	epochs															feedback_and_iti	234.0
2968.57825	0.9834999999998217	epochs															feedback_delay	234.0
2969.5795	1.9842499999999745	epochs															feedback	234.0
2971.76	1.9854999999997744	epochs															iti	234.0
2973.76525	6.748250000000098	epochs															maze	235.0
2973.76525	5.327499999999873	epochs															maze_stem	235.0
2973.78575	13.786000000000058	trials	False	False	False	False	False	False	[0.39518431 0.60481566 0.89972419 0.10027587]	-0.5045398324728012	-0.29490847885608673	-0.2522699385881424	0.14745424687862396	0.39518430829048157	[17789 17789 17788 17788 17788]	[17828 17828 17828 17828 17827]		
2979.1135	1.400000000000091	epochs															maze_arm	235.0
2980.53225	7.017749999999978	epochs															feedback_and_iti	235.0
2980.53225	0.9957499999995889	epochs															feedback_delay	235.0
2981.54975	1.9712500000000546	epochs															feedback	235.0
2983.56275	3.987250000000131	epochs															iti	235.0
2987.57175	6.530499999999847	epochs															maze	236.0
2987.57175	4.4852499999997235	epochs															maze_stem	236.0
2987.59375	13.573249999999916	trials	True	False	False	True	True	False	[0.62011242 0.37988761 0.82996547 0.17003453]	-0.20985306799411774	-0.4500778764486313	-0.10492654144763947	-0.22503893077373505	0.1700345277786255	[17872 17871 17871 17871 17871]	[17910 17910 17909 17909 17909]		
2992.0755	2.0267499999999927	epochs															maze_arm	236.0
2994.1225	7.02350000000024	epochs															feedback_and_iti	236.0
2994.1225	0.9942500000001928	epochs															feedback_delay	236.0
2995.137	1.9845000000000255	epochs															feedback	236.0
2997.15925	3.986750000000029	epochs															iti	236.0
3001.167	5.4275000000002365	epochs															maze	237.0
3001.167	4.046249999999873	epochs															maze_stem	237.0
3001.18675	10.629750000000058	trials	False	False	False	True	False	True	[0.46351519 0.53648484 0.65117234 0.34882769]	-0.18765714764595032	-0.11468750238418579	0.09382857382297516	0.05734376609325409	0.6511723399162292	[17953 17953 17953 17952 17952]	[17985 17984 17984 17984 17984]		
3005.2315	1.3630000000002838	epochs															maze_arm	237.0
3006.61575	5.179250000000138	epochs															feedback_and_iti	237.0
3006.61575	0.9909999999999854	epochs															feedback_delay	237.0
3007.62675	1.9815000000003238	epochs															feedback	237.0
3009.8105	1.9845000000000255	epochs															iti	237.0
3011.8165	5.363000000000284	epochs															maze	238.0
3011.8165	4.2094999999999345	epochs															maze_stem	238.0
3011.837	10.565500000000156	trials	False	False	False	True	False	True	[0.57577068 0.42422929 0.8677851  0.13221484]	-0.2920144349336624	-0.4435558170080185	0.1460072100162506	0.22177788615226746	0.8677850961685181	[18017 18017 18016 18016 18016]	[18048 18048 18048 18047 18047]		
3016.04725	1.1322500000001128	epochs															maze_arm	238.0
3017.2	5.18100000000004	epochs															feedback_and_iti	238.0
3017.2	0.9890000000000327	epochs															feedback_delay	238.0
3018.21175	1.98050000000012	epochs															feedback	238.0
3020.3885	1.9924999999998363	epochs															iti	238.0
3022.4025	5.8842500000000655	epochs															maze	239.0
3022.4025	4.75	epochs															maze_stem	239.0
3022.42475	11.0637499999998	trials	False	False	False	True	False	True	[0.6285826  0.37141743 0.92576075 0.07423927]	-0.29717815667390823	-0.5543433204293251	0.14858907461166382	0.27717167139053345	0.9257607460021973	[18080 18080 18080 18080 18080]	[18115 18114 18114 18114 18114]		
3027.17325	1.1135000000003856	epochs															maze_arm	239.0
3028.307	5.161750000000211	epochs															feedback_and_iti	239.0
3028.307	0.9825000000000728	epochs															feedback_delay	239.0
3029.3115	1.9890000000000327	epochs															feedback	239.0
3031.48475	1.9839999999999236	epochs															iti	239.0
3033.4885	5.811500000000251	epochs															maze	240.0
3033.4885	4.639250000000175	epochs															maze_stem	240.0
3033.50775	11.008499999999913	trials	False	False	False	True	False	True	[0.65412933 0.34587064 0.9474377  0.05256229]	-0.2933083660900593	-0.6015670485794544	0.1466541886329651	0.30078351497650146	0.9474377036094666	[18147 18147 18146 18146 18146]	[18181 18181 18180 18180 18180]		
3038.14825	1.1517499999999927	epochs															maze_arm	240.0
3039.321	5.175000000000182	epochs															feedback_and_iti	240.0
3039.321	0.9880000000002838	epochs															feedback_delay	240.0
3040.32825	1.981999999999971	epochs															feedback	240.0
3042.513	1.9830000000001746	epochs															iti	240.0
3044.51625	5.377250000000004	epochs															maze	241.0
3044.51625	4.1030000000000655	epochs															maze_stem	241.0
3044.5345	10.562249999999949	trials	False	False	False	False	True	True	[0.66662949 0.33337048 0.95584148 0.04415859]	-0.28921193815767765	-0.6224709544330835	0.1446059439331293	-0.31123546697199345	0.33337047696113586	[18213 18213 18213 18212 18212]	[18244 18244 18244 18244 18243]		
3048.6385	1.2550000000001091	epochs															maze_arm	241.0
3049.91325	5.163000000000011	epochs															feedback_and_iti	241.0
3049.91325	0.9852499999997235	epochs															feedback_delay	241.0
3050.92	1.9864999999999782	epochs															feedback	241.0
3053.09175	1.9845000000000255	epochs															iti	241.0
3055.09675	5.55199999999968	epochs															maze	242.0
3055.09675	4.464500000000044	epochs															maze_stem	242.0
3055.1195	10.728250000000116	trials	False	False	False	True	False	True	[0.4230938  0.57690626 0.90311217 0.0968878 ]	-0.48001841828227043	-0.32620595023036003	0.24000918865203857	0.16310298442840576	0.9031121730804443	[18276 18276 18276 18276 18276]	[18309 18309 18308 18308 18308]		
3059.5805	1.0682499999998072	epochs															maze_arm	242.0
3060.6695	5.158249999999953	epochs															feedback_and_iti	242.0
3060.6695	0.9895000000001346	epochs															feedback_delay	242.0
3061.67875	1.9797499999999673	epochs															feedback	242.0
3063.8385	1.9892500000000837	epochs															iti	242.0
3065.84775	6.161750000000211	epochs															maze	243.0
3065.84775	4.9145000000003165	epochs															maze_stem	243.0
3065.868	11.347749999999905	trials	True	False	False	True	False	True	[0.49741021 0.50258982 0.94720399 0.052796  ]	-0.4497938025742769	-0.44461418874561787	0.2248968929052353	0.22230710089206696	0.9472039937973022	[18341 18341 18340 18340 18340]	[18377 18377 18376 18376 18376]		
3070.78075	1.2287500000002183	epochs															maze_arm	243.0
3072.028	5.167000000000371	epochs															feedback_and_iti	243.0
3072.028	0.9920000000001892	epochs															feedback_delay	243.0
3073.03875	1.9809999999997672	epochs															feedback	243.0
3075.195	2.0	epochs															iti	243.0
3077.21575	5.996000000000095	epochs															maze	244.0
3077.21575	4.8142500000003565	epochs															maze_stem	244.0
3077.23625	11.204749999999876	trials	False	False	False	True	False	True	[0.60617042 0.39382958 0.96261674 0.03738327]	-0.3564463183283806	-0.5687871500849724	0.1782231628894806	0.2843935787677765	0.9626167416572571	[18409 18409 18409 18408 18408]	[18444 18444 18444 18443 18443]		
3082.0525	1.1592500000001564	epochs															maze_arm	244.0
3083.22975	5.186000000000149	epochs															feedback_and_iti	244.0
3083.22975	0.9945000000002437	epochs															feedback_delay	244.0
3084.24575	1.9769999999998618	epochs															feedback	244.0
3086.41725	1.9985000000001492	epochs															iti	244.0
3088.441	6.3725000000004	epochs															maze	245.0
3088.441	5.26825000000008	epochs															maze_stem	245.0
3088.463	11.552999999999884	trials	True	False	False	False	True	True	[0.59544557 0.40455443 0.96241498 0.03758507]	-0.3669693823903799	-0.557860529050231	0.18348467908799648	-0.278930252417922	0.40455442667007446	[18476 18476 18476 18476 18475]	[18514 18513 18513 18513 18513]		
3093.72675	1.086750000000393	epochs															maze_arm	245.0
3094.83225	5.164499999999862	epochs															feedback_and_iti	245.0
3094.83225	0.9949999999998909	epochs															feedback_delay	245.0
3095.84725	1.9760000000001128	epochs															feedback	245.0
3098.01175	1.9849999999996726	epochs															iti	245.0
3100.016	8.374249999999847	epochs															maze	246.0
3100.016	7.3282500000000255	epochs															maze_stem	246.0
3100.035	13.5612500000002	trials	True	False	False	False	True	True	[0.42334598 0.57665402 0.91524446 0.0847556 ]	-0.49189844727516174	-0.3385904133319855	0.24594920873641968	-0.16929519176483154	0.5766540169715881	[18546 18545 18545 18545 18545]	[18595 18595 18595 18594 18594]		
3107.36525	1.025000000000091	epochs															maze_arm	246.0
3108.40925	5.1664999999998145	epochs															feedback_and_iti	246.0
3108.40925	0.9867500000000291	epochs															feedback_delay	246.0
3109.4145	1.993249999999989	epochs															feedback	246.0
3111.59375	1.981999999999971	epochs															iti	246.0
3113.59625	14.694750000000113	epochs															maze	247.0
3113.59625	13.436749999999847	epochs															maze_stem	247.0
3113.61625	19.88149999999996	trials	False	False	False	True	False	True	[0.34440702 0.65559292 0.90832919 0.09167084]	-0.5639221221208572	-0.2527362257242203	0.2819610834121704	0.12636810541152954	0.9083291888237	[18627 18627 18627 18626 18626]	[18714 18714 18714 18714 18713]		
3127.05725	1.2337500000003274	epochs															maze_arm	247.0
3128.3115	5.164750000000367	epochs															feedback_and_iti	247.0
3128.3115	0.9857500000002801	epochs															feedback_delay	247.0
3129.31825	1.9765000000002146	epochs															feedback	247.0
3131.48575	1.9905000000003383	epochs															iti	247.0
3133.49775	5.172500000000127	epochs															maze	248.0
3133.49775	4.0	epochs															maze_stem	248.0
3133.51825	12.2199999999998	trials	False	False	False	False	False	False	[0.45772505 0.54227501 0.94987822 0.05012182]	-0.4921531807631254	-0.40760321728885174	-0.2460765838623047	0.20380163192749023	0.45772504806518555	[18746 18746 18746 18746 18746]	[18776 18776 18776 18776 18776]		
3137.5175	1.1527500000001965	epochs															maze_arm	248.0
3138.6915	7.027000000000044	epochs															feedback_and_iti	248.0
3138.6915	0.981499999999869	epochs															feedback_delay	248.0
3139.693	1.9974999999999454	epochs															feedback	248.0
3141.7315	3.98700000000008	epochs															iti	248.0
3145.73825	5.550000000000182	epochs															maze	249.0
3145.73825	4.150250000000142	epochs															maze_stem	249.0
3145.75825	10.727000000000317	trials	False	False	False	False	True	True	[0.67572188 0.32427815 0.88418764 0.1158124 ]	-0.20846575126051903	-0.5599094890058041	0.10423287376761436	-0.2799547277390957	0.3242781460285187	[18820 18820 18819 18819 18819]	[18852 18852 18852 18852 18851]		
3149.90775	1.380500000000211	epochs															maze_arm	249.0
3151.30825	5.157999999999902	epochs															feedback_and_iti	249.0
3151.30825	0.9932499999999891	epochs															feedback_delay	249.0
3152.323	1.974250000000211	epochs															feedback	249.0
3154.476	1.9902499999998327	epochs															iti	249.0
3156.48525	5.7794999999996435	epochs															maze	250.0
3156.48525	4.652749999999742	epochs															maze_stem	250.0
3156.505	12.832750000000033	trials	False	False	False	False	False	False	[0.37645218 0.62354785 0.91424972 0.08575026]	-0.5377975665032864	-0.29070189222693443	-0.26889877021312714	0.14535094797611237	0.37645217776298523	[18884 18884 18884 18884 18883]	[18918 18918 18918 18917 18917]		
3161.1585	1.106249999999818	epochs															maze_arm	250.0
3162.28375	7.030749999999898	epochs															feedback_and_iti	250.0
3162.28375	0.9822500000000218	epochs															feedback_delay	250.0
3163.2875	1.9862499999999272	epochs															feedback	250.0
3165.3125	4.001999999999953	epochs															iti	250.0
3169.33775	6.246749999999793	epochs															maze	251.0
3169.33775	4.282999999999902	epochs															maze_stem	251.0
3169.35925	13.275750000000244	trials	False	False	False	False	False	False	[0.59845513 0.40154481 0.84545273 0.1545473 ]	-0.24699755012989044	-0.44390787184238434	-0.12349879741668701	0.22195392847061157	0.5984551310539246	[18961 18961 18961 18961 18960]	[18998 18998 18997 18997 18997]		
3173.6415	1.9429999999997563	epochs															maze_arm	251.0
3175.606	7.0102499999998145	epochs															feedback_and_iti	251.0
3175.606	0.9862499999999272	epochs															feedback_delay	251.0
3176.613	1.981999999999971	epochs															feedback	251.0
3178.63525	3.981000000000222	epochs															iti	251.0
3182.635	5.405249999999796	epochs															maze	252.0
3182.635	4.036749999999756	epochs															maze_stem	252.0
3182.655	12.442249999999603	trials	False	False	False	False	False	False	[0.68559426 0.31440574 0.86727536 0.13272466]	-0.1816810891032219	-0.5528696104884148	-0.09084054827690125	0.2764348089694977	0.6855942606925964	[19041 19041 19041 19040 19040]	[19072 19072 19072 19072 19072]		
3186.69275	1.3474999999998545	epochs															maze_arm	252.0
3188.0605	7.0154999999999745	epochs															feedback_and_iti	252.0
3188.0605	0.98050000000012	epochs															feedback_delay	252.0
3189.062	1.9920000000001892	epochs															feedback	252.0
3191.11025	3.9657499999998436	epochs															iti	252.0
3195.09725	4.923750000000382	epochs															maze	253.0
3195.09725	3.7265000000002146	epochs															maze_stem	253.0
3195.1175	11.963250000000244	trials	False	False	False	False	False	False	[0.7216869  0.2783131  0.85922766 0.14077231]	-0.1375407725572586	-0.5809145718812943	-0.0687703788280487	0.29045727849006653	0.7216868996620178	[19116 19115 19115 19115 19115]	[19144 19144 19144 19144 19143]		
3198.844	1.1770000000001346	epochs															maze_arm	253.0
3200.04225	7.019249999999829	epochs															feedback_and_iti	253.0
3200.04225	0.9987500000002001	epochs															feedback_delay	253.0
3201.062	1.96225000000004	epochs															feedback	253.0
3203.06175	3.999749999999949	epochs															iti	253.0
3207.08075	6.144749999999931	epochs															maze	254.0
3207.08075	4.329999999999927	epochs															maze_stem	254.0
3207.10125	11.315749999999753	trials	False	False	False	True	False	True	[0.73937273 0.2606273  0.84582752 0.15417244]	-0.10645482689142227	-0.5852002575993538	0.053227394819259644	0.2926001250743866	0.8458275198936462	[19188 19187 19187 19187 19187]	[19223 19223 19223 19223 19223]		
3211.4335	1.7919999999999163	epochs															maze_arm	254.0
3213.24475	5.1525000000001455	epochs															feedback_and_iti	254.0
3213.24475	0.999000000000251	epochs															feedback_delay	254.0
3214.26375	1.9662499999999454	epochs															feedback	254.0
3216.412	1.9852500000001783	epochs															iti	254.0
3218.417	5.435500000000047	epochs															maze	255.0
3218.417	4.23824999999988	epochs															maze_stem	255.0
3218.435	10.63650000000007	trials	False	False	False	True	False	True	[0.66960382 0.33039618 0.94018334 0.05981672]	-0.2705794870853424	-0.6097871363162994	0.1352897584438324	0.3048935830593109	0.9401833415031433	[19256 19255 19255 19255 19255]	[19287 19287 19287 19287 19286]		
3222.6755	1.1770000000001346	epochs															maze_arm	255.0
3223.872	5.179000000000087	epochs															feedback_and_iti	255.0
3223.872	0.9932499999999891	epochs															feedback_delay	255.0
3224.88375	1.9802500000000691	epochs															feedback	255.0
3227.0605	1.9904999999998836	epochs															iti	255.0
3229.0715	5.853250000000116	epochs															maze	256.0
3229.0715	4.7409999999999854	epochs															maze_stem	256.0
3229.09075	11.038250000000062	trials	False	False	False	True	False	True	[0.67427307 0.32572693 0.95314032 0.04685968]	-0.278867244720459	-0.6274133920669556	0.1394336223602295	0.3137066960334778	0.9531403183937073	[19319 19319 19319 19319 19319]	[19354 19353 19353 19353 19353]		
3233.83025	1.0945000000001528	epochs															maze_arm	256.0
3234.944	5.166999999999916	epochs															feedback_and_iti	256.0
3234.944	0.9997499999999491	epochs															feedback_delay	256.0
3235.96375	1.97524999999996	epochs															feedback	256.0
3238.124	1.98700000000008	epochs															iti	256.0
3240.129	6.215500000000247	epochs															maze	257.0
3240.129	5.1237500000002	epochs															maze_stem	257.0
3240.14825	11.382499999999709	trials	True	False	False	False	True	True	[0.67794257 0.32205743 0.95889401 0.04110602]	-0.2809514217078686	-0.6368365697562695	0.14047570154070854	-0.318418275564909	0.32205742597579956	[19386 19385 19385 19385 19385]	[19422 19422 19422 19421 19421]		
3245.27375	1.0707500000003165	epochs															maze_arm	257.0
3246.36525	5.146500000000287	epochs															feedback_and_iti	257.0
3246.36525	0.9842499999999745	epochs															feedback_delay	257.0
3247.368	1.981999999999971	epochs															feedback	257.0
3249.5245	1.987250000000131	epochs															iti	257.0
3251.53075	6.689000000000306	epochs															maze	258.0
3251.53075	5.5779999999999745	epochs															maze_stem	258.0
3251.552	11.873999999999796	trials	False	False	False	True	False	True	[0.53021097 0.46978906 0.91228622 0.0877138 ]	-0.3820752538740635	-0.4424971677362919	0.1910376250743866	0.221248596906662	0.9122862219810486	[19454 19454 19454 19453 19453]	[19493 19493 19493 19493 19492]		
3257.1265	1.0932500000003529	epochs															maze_arm	258.0
3258.24125	5.161749999999756	epochs															feedback_and_iti	258.0
3258.24125	0.9825000000000728	epochs															feedback_delay	258.0
3259.24475	1.9825000000000728	epochs															feedback	258.0
3261.4175	1.9854999999997744	epochs															iti	258.0
3263.426	4.951000000000022	epochs															maze	259.0
3263.426	3.86850000000004	epochs															maze_stem	259.0
3263.449	10.147750000000087	trials	False	False	False	True	False	True	[0.57902718 0.42097282 0.95024115 0.04975891]	-0.3712139446288347	-0.5292682964354753	0.18560698628425598	0.2646341621875763	0.9502411484718323	[19525 19525 19525 19525 19525]	[19554 19554 19554 19553 19553]		
3267.3155	1.0614999999997963	epochs															maze_arm	259.0
3268.3965	5.173750000000382	epochs															feedback_and_iti	259.0
3268.3965	0.9877500000002328	epochs															feedback_delay	259.0
3269.40575	1.9832500000002256	epochs															feedback	259.0
3271.5735	1.9967500000002474	epochs															iti	259.0
3273.59675	4.7784999999998945	epochs															maze	260.0
3273.59675	3.6602499999999054	epochs															maze_stem	260.0
3273.6235	9.955749999999625	trials	True	False	False	True	False	True	[0.60828495 0.39171508 0.958471   0.04152898]	-0.350186076015234	-0.5667559467256069	0.17509302496910095	0.2833779752254486	0.9584710001945496	[19586 19586 19586 19586 19586]	[19614 19614 19614 19613 19613]		
3277.27675	1.0985000000000582	epochs															maze_arm	260.0
3278.394	5.166250000000218	epochs															feedback_and_iti	260.0
3278.394	0.9867500000000291	epochs															feedback_delay	260.0
3279.39925	1.9857500000002801	epochs															feedback	260.0
3281.5715	1.9887499999999818	epochs															iti	260.0
3283.57925	4.960750000000189	epochs															maze	261.0
3283.57925	3.9030000000002474	epochs															maze_stem	261.0
3283.60225	10.148750000000291	trials	False	False	False	True	False	True	[0.69242066 0.30757934 0.96813029 0.03186964]	-0.2757096625864506	-0.6605509854853153	0.13785481452941895	0.3302754759788513	0.9681302905082703	[19646 19646 19646 19646 19645]	[19675 19675 19675 19674 19674]		
3287.503	1.0369999999998072	epochs															maze_arm	261.0
3288.5605	5.169750000000022	epochs															feedback_and_iti	261.0
3288.5605	0.9895000000001346	epochs															feedback_delay	261.0
3289.5705	1.9720000000002074	epochs															feedback	261.0
3291.746	1.9842499999999745	epochs															iti	261.0
3293.751	5.992249999999785	epochs															maze	262.0
3293.751	4.892749999999978	epochs															maze_stem	262.0
3293.771	13.025749999999789	trials	False	False	False	False	False	False	[0.64906549 0.35093448 0.96527505 0.03472494]	-0.31620954535901546	-0.6143405642360449	-0.1581047773361206	0.3071702718734741	0.6490654945373535	[19707 19707 19707 19707 19706]	[19742 19742 19742 19742 19741]		
3298.664	1.0792499999997744	epochs															maze_arm	262.0
3299.7625	7.013500000000022	epochs															feedback_and_iti	262.0
3299.7625	0.9905000000003383	epochs															feedback_delay	262.0
3300.775	1.976249999999709	epochs															feedback	262.0
3302.7875	3.988499999999931	epochs															iti	262.0
3306.79675	5.8097499999998945	epochs															maze	263.0
3306.79675	4.495750000000044	epochs															maze_stem	263.0
3306.818	11.014999999999873	trials	False	False	False	True	False	True	[0.6899966  0.31000343 0.88049686 0.1195031 ]	-0.19050029665231705	-0.5704934671521187	0.09525012969970703	0.28524672985076904	0.8804968595504761	[19785 19785 19785 19785 19785]	[19819 19819 19819 19819 19818]		
3311.3125	1.293999999999869	epochs															maze_arm	263.0
3312.6295	5.185750000000098	epochs															feedback_and_iti	263.0
3312.6295	0.9852500000001783	epochs															feedback_delay	263.0
3313.633	1.993000000000393	epochs															feedback	263.0
3315.82725	1.9880000000002838	epochs															iti	263.0
3317.833	5.0597499999998945	epochs															maze	264.0
3317.833	3.8842500000000655	epochs															maze_stem	264.0
3317.85225	10.233999999999924	trials	True	False	False	True	False	True	[0.65088093 0.34911904 0.95400763 0.04599236]	-0.303126685321331	-0.6048885807394981	0.1515633463859558	0.3024442791938782	0.954007625579834	[19852 19851 19851 19851 19851]	[19881 19881 19881 19880 19880]		
3321.7355	1.1572500000002037	epochs															maze_arm	264.0
3322.9135	5.153749999999945	epochs															feedback_and_iti	264.0
3322.9135	0.9827499999996689	epochs															feedback_delay	264.0
3323.9165	1.9815000000003238	epochs															feedback	264.0
3326.08425	1.9830000000001746	epochs															iti	264.0
3328.08625	5.563000000000102	epochs															maze	265.0
3328.08625	4.440000000000055	epochs															maze_stem	265.0
3328.1075	10.76825000000008	trials	True	False	False	False	True	True	[0.73241138 0.26758856 0.96660531 0.03339468]	-0.23419389873743057	-0.6990167275071144	0.11709693819284439	-0.3495083823800087	0.2675885558128357	[19913 19913 19913 19912 19912]	[19945 19945 19945 19945 19945]		
3332.546	1.1032500000001164	epochs															maze_arm	265.0
3333.6695	5.177999999999884	epochs															feedback_and_iti	265.0
3333.6695	0.9855000000002292	epochs															feedback_delay	265.0
3334.67525	1.9852500000001783	epochs															feedback	265.0
3336.85075	1.9967499999997926	epochs															iti	265.0
3338.87575	5.537499999999909	epochs															maze	266.0
3338.87575	4.354249999999865	epochs															maze_stem	266.0
3338.8965	12.572500000000218	trials	False	False	False	False	False	False	[0.52693909 0.47306088 0.91797006 0.08202989]	-0.3910309746861458	-0.4449091926217079	-0.1955154836177826	0.22245457768440247	0.5269390940666199	[19978 19977 19977 19977 19977]	[20010 20010 20010 20009 20009]		
3343.2515	1.161750000000211	epochs															maze_arm	266.0
3344.43125	7.017499999999927	epochs															feedback_and_iti	266.0
3344.43125	0.9899999999997817	epochs															feedback_delay	266.0
3345.44275	1.9834999999998217	epochs															feedback	266.0
3347.466	3.9827500000001237	epochs															iti	266.0
3351.469	6.224499999999807	epochs															maze	267.0
3351.469	4.426249999999982	epochs															maze_stem	267.0
3351.48925	13.262249999999767	trials	True	False	False	True	True	False	[0.67054659 0.32945344 0.85802603 0.14197402]	-0.1874794289469719	-0.5285725817084312	-0.09373971074819565	-0.26428627222776413	0.14197401702404022	[20053 20053 20053 20053 20052]	[20090 20089 20089 20089 20089]		
3355.91575	1.7777499999997417	epochs															maze_arm	267.0
3357.71425	7.016250000000127	epochs															feedback_and_iti	267.0
3357.71425	0.9907499999999345	epochs															feedback_delay	267.0
3358.7245	1.986750000000029	epochs															feedback	267.0
3360.7475	3.9830000000001746	epochs															iti	267.0
3364.7515	5.294750000000022	epochs															maze	268.0
3364.7515	3.867500000000291	epochs															maze_stem	268.0
3364.7715	10.499500000000353	trials	True	False	False	True	False	True	[0.5085718  0.49142823 0.71167463 0.28832534]	-0.20310285687446594	-0.22024643421173096	0.10155141353607178	0.11012321710586548	0.7116746306419373	[20133 20133 20132 20132 20132]	[20164 20163 20163 20163 20163]		
3368.6365	1.4097499999998035	epochs															maze_arm	268.0
3370.06525	5.184499999999844	epochs															feedback_and_iti	268.0
3370.06525	0.9809999999997672	epochs															feedback_delay	268.0
3371.06625	1.9970000000002983	epochs															feedback	268.0
3373.25625	1.99350000000004	epochs															iti	268.0
3375.271	6.68100000000004	epochs															maze	269.0
3375.271	5.591249999999945	epochs															maze_stem	269.0
3375.291	11.882249999999658	trials	True	False	False	False	True	True	[0.63503623 0.36496377 0.89697605 0.10302394]	-0.2619398273527622	-0.5320122875273228	0.13096991553902626	-0.26600614562630653	0.3649637699127197	[20196 20196 20195 20195 20195]	[20235 20235 20235 20234 20234]		
3380.88125	1.0707500000003165	epochs															maze_arm	269.0
3381.97075	5.179250000000138	epochs															feedback_and_iti	269.0
3381.97075	0.9827500000001237	epochs															feedback_delay	269.0
3382.972	1.9844999999995707	epochs															feedback	269.0
3385.14975	2.000250000000051	epochs															iti	269.0
3387.17325	5.797750000000178	epochs															maze	270.0
3387.17325	4.529750000000149	epochs															maze_stem	270.0
3387.19425	10.992749999999887	trials	False	False	False	True	False	True	[0.48880598 0.51119405 0.82086933 0.1791307 ]	-0.33206334710121155	-0.30967527627944946	0.16603167355060577	0.15483765304088593	0.8208693265914917	[20267 20267 20267 20267 20266]	[20301 20301 20301 20300 20300]		
3391.727	1.2440000000001419	epochs															maze_arm	270.0
3392.99075	5.1772500000001855	epochs															feedback_and_iti	270.0
3392.99075	0.9859999999998763	epochs															feedback_delay	270.0
3393.99775	1.9902499999998327	epochs															feedback	270.0
3396.18	1.9880000000002838	epochs															iti	270.0
3398.187	5.32549999999992	epochs															maze	271.0
3398.187	4.244250000000193	epochs															maze_stem	271.0
3398.207	12.368750000000091	trials	False	False	False	False	False	False	[0.59847319 0.40152684 0.91964531 0.08035474]	-0.3211721070110798	-0.5181184597313404	-0.16058605909347534	0.25905925035476685	0.5984731912612915	[20333 20333 20333 20333 20332]	[20364 20364 20364 20364 20363]		
3402.45075	1.0617499999998472	epochs															maze_arm	271.0
3403.53075	7.025000000000091	epochs															feedback_and_iti	271.0
3403.53075	0.9845000000000255	epochs															feedback_delay	271.0
3404.53425	1.9797499999999673	epochs															feedback	271.0
3406.5495	4.006249999999909	epochs															iti	271.0
3410.57575	5.4585000000001855	epochs															maze	272.0
3410.57575	4.144249999999829	epochs															maze_stem	272.0
3410.59575	10.634500000000116	trials	False	False	False	False	True	True	[0.70741099 0.29258904 0.79539371 0.20460628]	-0.08798273652791977	-0.5028046891093254	0.04399137943983078	-0.2514023408293724	0.2925890386104584	[20408 20407 20407 20407 20407]	[20439 20439 20439 20439 20439]		
3414.7425	1.2917500000003201	epochs															maze_arm	272.0
3416.0545	5.156499999999596	epochs															feedback_and_iti	272.0
3416.0545	0.9927499999998872	epochs															feedback_delay	272.0
3417.0695	1.9747499999998581	epochs															feedback	272.0
3419.225	1.9859999999998763	epochs															iti	272.0
3421.23025	5.669750000000022	epochs															maze	273.0
3421.23025	4.55600000000004	epochs															maze_stem	273.0
3421.2515	10.846250000000055	trials	False	False	False	True	False	True	[0.45377254 0.54622746 0.85488337 0.14511666]	-0.40111081302165985	-0.30865590274333954	0.20055541396141052	0.15432795882225037	0.8548833727836609	[20471 20471 20471 20471 20471]	[20504 20504 20504 20504 20504]		
3425.8065	1.093499999999949	epochs															maze_arm	273.0
3426.91975	5.157749999999851	epochs															feedback_and_iti	273.0
3426.91975	0.9985000000001492	epochs															feedback_delay	273.0
3427.93925	1.9637499999998909	epochs															feedback	273.0
3430.08925	1.98824999999988	epochs															iti	273.0
3432.09775	6.83725000000004	epochs															maze	274.0
3432.09775	5.454250000000229	epochs															maze_stem	274.0
3432.11775	13.88550000000032	trials	False	False	False	False	False	False	[0.54788941 0.45211053 0.92736387 0.0726361 ]	-0.3794744461774826	-0.4752533286809921	-0.1897372305393219	0.23762664198875427	0.5478894114494324	[20537 20536 20536 20536 20536]	[20577 20576 20576 20576 20576]		
3437.573	1.36200000000008	epochs															maze_arm	274.0
3438.9545	7.025750000000244	epochs															feedback_and_iti	274.0
3438.9545	0.986250000000382	epochs															feedback_delay	274.0
3439.96075	1.986750000000029	epochs															feedback	274.0
3441.98675	3.99350000000004	epochs															iti	274.0
3446.00325	5.432499999999891	epochs															maze	275.0
3446.00325	4.218249999999898	epochs															maze_stem	275.0
3446.0235	12.469750000000204	trials	False	True	True	True	False	False	[0.6853196  0.31468043 0.81433856 0.18566145]	-0.12901896983385086	-0.49965814501047134	0.06450948119163513	0.24982908368110657	0.8143385648727417	[20620 20620 20620 20619 20619]	[20652 20651 20651 20651 20651]		
3450.2425	1.193250000000262	epochs															maze_arm	275.0
3451.45575	7.017749999999978	epochs															feedback_and_iti	275.0
3451.45575	0.9994999999998981	epochs															feedback_delay	275.0
3452.47675	1.9700000000002547	epochs															feedback	275.0
3454.486	3.987500000000182	epochs															iti	275.0
3458.49325	5.335250000000087	epochs															maze	276.0
3458.49325	4.094750000000204	epochs															maze_stem	276.0
3458.51325	12.385999999999967	trials	False	True	False	True	False	False	[0.69799763 0.30200234 0.83647233 0.16352762]	-0.1384747102856636	-0.5344699993729591	0.0692373514175415	0.2672349810600281	0.8364723324775696	[20695 20695 20694 20694 20694]	[20726 20726 20725 20725 20725]		
3462.609	1.2195000000001528	epochs															maze_arm	276.0
3463.85125	7.027999999999793	epochs															feedback_and_iti	276.0
3463.85125	0.9957500000000437	epochs															feedback_delay	276.0
3464.868	1.9704999999999018	epochs															feedback	276.0
3466.878	4.0012499999998	epochs															iti	276.0
3470.89925	8.390249999999924	epochs															maze	277.0
3470.89925	4.184250000000247	epochs															maze_stem	277.0
3470.9185	15.43374999999969	trials	True	True	False	False	True	False	[0.67862332 0.32137665 0.80511367 0.19488633]	-0.12649033963680267	-0.4837370067834854	0.06324516236782074	-0.2418685108423233	0.32137665152549744	[20769 20769 20769 20769 20768]	[20819 20818 20818 20818 20818]		
3475.10275	4.186749999999847	epochs															maze_arm	277.0
3479.31	7.0210000000001855	epochs															feedback_and_iti	277.0
3479.31	0.9980000000000473	epochs															feedback_delay	277.0
3480.3285	1.9702499999998508	epochs															feedback	277.0
3482.33375	3.9972500000003492	epochs															iti	277.0
3486.35225	5.473250000000007	epochs															maze	278.0
3486.35225	3.9859999999998763	epochs															maze_stem	278.0
3486.372	10.670750000000226	trials	False	True	False	False	False	True	[0.54429501 0.45570499 0.79314053 0.20685947]	-0.24884551763534546	-0.3374355435371399	-0.12442275881767273	0.16871777176856995	0.5442950129508972	[20862 20862 20861 20861 20861]	[20894 20893 20893 20893 20893]		
3490.35825	1.4672499999996944	epochs															maze_arm	278.0
3491.8455	5.1772500000001855	epochs															feedback_and_iti	278.0
3491.8455	0.9900000000002365	epochs															feedback_delay	278.0
3492.85575	1.9822500000000218	epochs															feedback	278.0
3495.02625	1.9965000000001965	epochs															iti	278.0
3497.04275	6.651249999999891	epochs															maze	279.0
3497.04275	5.572249999999713	epochs															maze_stem	279.0
3497.06275	13.70199999999977	trials	False	True	False	True	False	False	[0.67385215 0.32614785 0.85425359 0.14574644]	-0.18040142953395844	-0.5281057208776474	0.09020072221755981	0.2640528678894043	0.8542535901069641	[20926 20926 20926 20925 20925]	[20965 20965 20964 20964 20964]		
3502.63325	1.0607500000000982	epochs															maze_arm	279.0
3503.71325	7.030500000000302	epochs															feedback_and_iti	279.0
3503.71325	0.992750000000342	epochs															feedback_delay	279.0
3504.7275	1.98174999999992	epochs															feedback	279.0
3506.74775	3.9960000000000946	epochs															iti	279.0
3510.76475	4.977499999999964	epochs															maze	280.0
3510.76475	3.806250000000091	epochs															maze_stem	280.0
3510.78375	10.17074999999977	trials	False	True	False	False	False	True	[0.67857373 0.32142624 0.78757489 0.21242513]	-0.10900113731622696	-0.46614862233400345	-0.054500579833984375	0.23307430744171143	0.678573727607727	[21008 21008 21008 21008 21007]	[21037 21037 21037 21036 21036]		
3514.58875	1.1534999999998945	epochs															maze_arm	280.0
3515.76275	5.169750000000022	epochs															feedback_and_iti	280.0
3515.76275	0.9950000000003456	epochs															feedback_delay	280.0
3516.77825	1.9777500000000146	epochs															feedback	280.0
3518.94425	1.98824999999988	epochs															iti	280.0
3520.9545	6.915750000000116	epochs															maze	281.0
3520.9545	5.3390000000003965	epochs															maze_stem	281.0
3520.9745	12.102500000000418	trials	True	True	False	False	False	True	[0.80566686 0.19433317 0.86500436 0.1349957 ]	-0.05933748185634613	-0.6706711798906326	-0.029668748378753662	0.3353356122970581	0.8056668639183044	[21069 21069 21069 21069 21068]	[21110 21110 21109 21109 21109]		
3526.31375	1.5565000000001419	epochs															maze_arm	281.0
3527.8885	5.168250000000171	epochs															feedback_and_iti	281.0
3527.8885	0.9895000000001346	epochs															feedback_delay	281.0
3528.89725	1.9787500000002183	epochs															feedback	281.0
3531.067	1.9897500000001855	epochs															iti	281.0
3533.077	5.65224999999964	epochs															maze	282.0
3533.077	4.542999999999665	epochs															maze_stem	282.0
3533.09725	12.700500000000375	trials	False	True	False	True	False	False	[0.86377943 0.1362205  0.90153944 0.09846058]	-0.037759970873594284	-0.7653188966214657	0.018880009651184082	0.3826594352722168	0.9015394449234009	[21142 21142 21142 21141 21141]	[21175 21175 21174 21174 21174]		
3537.639	1.0902499999997417	epochs															maze_arm	282.0
3538.7485	7.027749999999742	epochs															feedback_and_iti	282.0
3538.7485	0.9980000000000473	epochs															feedback_delay	282.0
3539.77	1.9735000000000582	epochs															feedback	282.0
3541.781	3.995249999999942	epochs															iti	282.0
3545.79775	6.612249999999676	epochs															maze	283.0
3545.79775	4.3904999999999745	epochs															maze_stem	283.0
3545.81775	11.817250000000058	trials	True	True	False	False	False	True	[0.77162015 0.22837983 0.80318815 0.19681187]	-0.031567975878715515	-0.5748082995414734	-0.015783995389938354	0.2874041497707367	0.7716201543807983	[21218 21218 21218 21218 21217]	[21257 21257 21257 21256 21256]		
3550.20925	2.200749999999971	epochs															maze_arm	283.0
3552.42975	5.185750000000098	epochs															feedback_and_iti	283.0
3552.42975	0.9975000000004002	epochs															feedback_delay	283.0
3553.4465	1.9809999999997672	epochs															feedback	283.0
3555.628	1.9874999999997272	epochs															iti	283.0
3557.635	6.157249999999749	epochs															maze	284.0
3557.635	5.00649999999996	epochs															maze_stem	284.0
3557.655	13.18899999999985	trials	False	True	False	True	False	False	[0.82798237 0.17201766 0.88136739 0.11863256]	-0.05338506028056145	-0.709349762648344	0.026692509651184082	0.3546748757362366	0.8813673853874207	[21289 21289 21289 21289 21288]	[21325 21325 21325 21325 21324]		
3562.6615	1.1307499999998072	epochs															maze_arm	284.0
3563.8115	7.011250000000018	epochs															feedback_and_iti	284.0
3563.8115	0.9915000000000873	epochs															feedback_delay	284.0
3564.82375	1.9729999999999563	epochs															feedback	284.0
3566.83475	3.987999999999829	epochs															iti	284.0
3570.844	5.2592500000000655	epochs															maze	285.0
3570.844	4.067250000000058	epochs															maze_stem	285.0
3570.8645	12.30074999999988	trials	False	True	False	False	True	False	[0.77059793 0.2294021  0.7777763  0.22222368]	-0.00717838853597641	-0.5483742281794548	0.0035892054438591003	-0.2741871103644371	0.229402095079422	[21368 21368 21368 21368 21368]	[21399 21399 21399 21398 21398]		
3574.9315	1.1717499999999745	epochs															maze_arm	285.0
3576.1245	7.020250000000033	epochs															feedback_and_iti	285.0
3576.1245	0.992500000000291	epochs															feedback_delay	285.0
3577.1375	1.9835000000002765	epochs															feedback	285.0
3579.1585	3.9862499999999272	epochs															iti	285.0
3583.16525	10.014749999999822	epochs															maze	286.0
3583.16525	8.159250000000156	epochs															maze_stem	286.0
3583.1845	17.046749999999975	trials	False	True	False	False	True	False	[0.5168398  0.4831602  0.65552288 0.34447712]	-0.13868308067321777	-0.17236268520355225	0.06934154033660889	-0.08618134260177612	0.48316019773483276	[21442 21442 21442 21442 21441]	[21501 21501 21501 21501 21501]		
3591.346	1.8339999999998327	epochs															maze_arm	286.0
3593.19975	7.010749999999916	epochs															feedback_and_iti	286.0
3593.19975	0.9829999999997199	epochs															feedback_delay	286.0
3594.20475	1.9835000000002765	epochs															feedback	286.0
3596.22675	3.9837500000003274	epochs															iti	286.0
3600.23125	5.750500000000102	epochs															maze	287.0
3600.23125	4.4090000000001055	epochs															maze_stem	287.0
3600.2545	12.785499999999956	trials	False	True	False	True	False	False	[0.37412488 0.62587512 0.53941989 0.46058008]	-0.16529501974582672	0.08645521104335785	0.08264750242233276	-0.04322761297225952	0.5394198894500732	[21545 21544 21544 21544 21544]	[21578 21578 21578 21577 21577]		
3604.66025	1.3215000000000146	epochs															maze_arm	287.0
3606.00175	7.01949999999988	epochs															feedback_and_iti	287.0
3606.00175	0.9884999999999309	epochs															feedback_delay	287.0
3607.0115	1.9807499999997162	epochs															feedback	287.0
3609.032	3.989249999999629	epochs															iti	287.0
3613.04	5.873000000000047	epochs															maze	288.0
3613.04	4.4529999999999745	epochs															maze_stem	288.0
3613.06025	12.909000000000106	trials	False	True	False	True	False	False	[0.64027864 0.35972133 0.71549022 0.28450975]	-0.07521158456802368	-0.3557688891887665	0.03760579228401184	0.17788442969322205	0.7154902219772339	[21621 21621 21621 21621 21621]	[21656 21655 21655 21655 21655]		
3617.514	1.3989999999998872	epochs															maze_arm	288.0
3618.93125	7.014000000000124	epochs															feedback_and_iti	288.0
3618.93125	0.9994999999998981	epochs															feedback_delay	288.0
3619.952	1.9627499999996871	epochs															feedback	288.0
3621.953	3.99225000000024	epochs															iti	288.0
3625.96925	5.767249999999876	epochs															maze	289.0
3625.96925	4.2654999999999745	epochs															maze_stem	289.0
3625.98725	12.799999999999727	trials	False	True	False	True	False	False	[0.64067435 0.35932565 0.72179604 0.27820402]	-0.08112165331840515	-0.3624703586101532	0.04056084156036377	0.1812351942062378	0.7217960357666016	[21699 21699 21698 21698 21698]	[21732 21732 21732 21732 21732]		
3630.25575	1.480750000000171	epochs															maze_arm	289.0
3631.75625	7.012500000000273	epochs															feedback_and_iti	289.0
3631.75625	0.9909999999999854	epochs															feedback_delay	289.0
3632.76825	1.9782500000001164	epochs															feedback	289.0
3634.78225	3.986499999999978	epochs															iti	289.0
3638.78725	6.44800000000032	epochs															maze	290.0
3638.78725	4.3337500000002365	epochs															maze_stem	290.0
3638.80775	11.646749999999884	trials	False	True	False	True	True	True	[0.64789194 0.35210806 0.7293703  0.2706297 ]	-0.08147835731506348	-0.3772622346878052	-0.04073917865753174	-0.1886311173439026	0.2706297039985657	[21776 21776 21775 21775 21775]	[21813 21813 21813 21813 21813]		
3643.14525	2.0900000000001455	epochs															maze_arm	290.0
3645.256	5.178000000000338	epochs															feedback_and_iti	290.0
3645.256	0.9877500000002328	epochs															feedback_delay	290.0
3646.2635	1.9890000000000327	epochs															feedback	290.0
3648.44275	1.9912500000000364	epochs															iti	290.0
3650.4545	7.751999999999953	epochs															maze	291.0
3650.4545	6.3972499999999854	epochs															maze_stem	291.0
3650.47525	12.941249999999854	trials	True	True	False	False	False	True	[0.49617648 0.50382352 0.50735855 0.49264145]	-0.011182069778442383	-0.003535032272338867	-0.005591034889221191	0.0017675161361694336	0.49617648124694824	[21846 21845 21845 21845 21845]	[21891 21891 21891 21891 21890]		
3656.8715	1.3349999999995816	epochs															maze_arm	291.0
3658.2255	5.169499999999971	epochs															feedback_and_iti	291.0
3658.2255	0.98824999999988	epochs															feedback_delay	291.0
3659.23125	1.9912500000000364	epochs															feedback	291.0
3661.4155	1.9794999999999163	epochs															iti	291.0
3663.4165	5.870750000000044	epochs															maze	292.0
3663.4165	4.731250000000273	epochs															maze_stem	292.0
3663.43525	11.060249999999996	trials	False	True	False	False	False	True	[0.75673372 0.24326634 0.54255921 0.45744079]	0.21417447924613953	-0.2992928922176361	0.10708725452423096	0.14964646100997925	0.7567337155342102	[21923 21923 21923 21923 21923]	[21958 21957 21957 21957 21957]		
3668.1685	1.1187499999996362	epochs															maze_arm	292.0
3669.3065	5.168999999999869	epochs															feedback_and_iti	292.0
3669.3065	0.9872499999996762	epochs															feedback_delay	292.0
3670.3135	1.9847499999996217	epochs															feedback	292.0
3672.48875	1.986750000000029	epochs															iti	292.0
3674.4955	7.599749999999858	epochs															maze	293.0
3674.4955	6.3022500000001855	epochs															maze_stem	293.0
3674.51525	12.778499999999894	trials	False	True	False	False	False	True	[0.86245638 0.13754357 0.64415026 0.35584971]	0.21830613166093826	-0.5066066756844521	0.10915306210517883	0.25330331921577454	0.8624563813209534	[21990 21990 21989 21989 21989]	[22034 22034 22034 22034 22034]		
3680.8175	1.2777499999997417	epochs															maze_arm	293.0
3682.1165	5.1574999999998	epochs															feedback_and_iti	293.0
3682.1165	0.9922499999997854	epochs															feedback_delay	293.0
3683.13025	1.9712500000000546	epochs															feedback	293.0
3685.28725	1.986750000000029	epochs															iti	293.0
3687.29375	5.966750000000047	epochs															maze	294.0
3687.29375	4.78650000000016	epochs															maze_stem	294.0
3687.31375	12.998250000000098	trials	False	True	False	True	False	False	[0.90275168 0.09724831 0.69990796 0.30009207]	0.20284374430775642	-0.6026596315205097	-0.10142186284065247	0.3013298213481903	0.6999079585075378	[22067 22066 22066 22066 22066]	[22101 22101 22101 22101 22101]		
3692.09975	1.1607500000000073	epochs															maze_arm	294.0
3693.27975	7.011500000000069	epochs															feedback_and_iti	294.0
3693.27975	0.9982499999996435	epochs															feedback_delay	294.0
3694.29775	1.9614999999998872	epochs															feedback	294.0
3696.29975	3.9915000000000873	epochs															iti	294.0
3700.312	6.140000000000327	epochs															maze	295.0
3700.312	4.896749999999884	epochs															maze_stem	295.0
3700.334	11.32425000000012	trials	False	True	False	True	True	True	[0.78202808 0.21797189 0.61360699 0.38639304]	0.16842111945152283	-0.39563506841659546	0.08421057462692261	-0.19781753420829773	0.3863930404186249	[22145 22144 22144 22144 22144]	[22180 22180 22180 22180 22180]		
3705.2295	1.2225000000003092	epochs															maze_arm	295.0
3706.4725	5.164750000000367	epochs															feedback_and_iti	295.0
3706.4725	0.9965000000001965	epochs															feedback_delay	295.0
3707.488	1.9715000000001055	epochs															feedback	295.0
3709.641	1.9962500000001455	epochs															iti	295.0
3711.65825	5.986750000000029	epochs															maze	296.0
3711.65825	4.795250000000124	epochs															maze_stem	296.0
3711.679	13.0324999999998	trials	False	True	False	True	False	False	[0.74712646 0.25287354 0.43596023 0.56403977]	0.3111662268638611	-0.18308669328689575	-0.15558311343193054	0.09154334664344788	0.43596023321151733	[22213 22212 22212 22212 22212]	[22248 22247 22247 22247 22247]		
3716.4735	1.1714999999999236	epochs															maze_arm	296.0
3717.66425	7.0275000000001455	epochs															feedback_and_iti	296.0
3717.66425	0.9970000000002983	epochs															feedback_delay	296.0
3718.68175	1.9782499999996617	epochs															feedback	296.0
3720.70075	3.9909999999999854	epochs															iti	296.0
3724.7115	5.806750000000193	epochs															maze	297.0
3724.7115	4.199750000000222	epochs															maze_stem	297.0
3724.73125	12.849250000000211	trials	False	True	False	True	False	False	[0.7143268  0.28567326 0.47360724 0.5263927 ]	0.2407194972038269	-0.1879340410232544	-0.12035977840423584	0.0939670205116272	0.47360724210739136	[22291 22291 22290 22290 22290]	[22325 22325 22324 22324 22324]		
3728.933	1.5852500000000873	epochs															maze_arm	297.0
3730.53675	7.022499999999582	epochs															feedback_and_iti	297.0
3730.53675	0.9964999999997417	epochs															feedback_delay	297.0
3731.55375	1.9772499999999127	epochs															feedback	297.0
3733.57125	3.987999999999829	epochs															iti	297.0
3737.5805	5.741750000000138	epochs															maze	298.0
3737.5805	4.3282500000000255	epochs															maze_stem	298.0
3737.6015	10.925249999999778	trials	True	True	False	False	False	True	[0.74940306 0.25059694 0.57209879 0.42790118]	0.1773042529821396	-0.32150186598300934	0.08865213394165039	0.16075092554092407	0.7494030594825745	[22368 22368 22368 22367 22367]	[22401 22401 22401 22401 22401]		
3741.92775	1.3945000000003347	epochs															maze_arm	298.0
3743.33975	5.1664999999998145	epochs															feedback_and_iti	298.0
3743.33975	0.9845000000000255	epochs															feedback_delay	298.0
3744.344	1.9780000000000655	epochs															feedback	298.0
3746.5055	2.000749999999698	epochs															iti	298.0
3748.52675	7.198750000000018	epochs															maze	299.0
3748.52675	5.632500000000164	epochs															maze_stem	299.0
3748.546	12.389750000000276	trials	True	True	False	True	True	True	[0.8234266  0.1765734  0.70001698 0.29998302]	0.12340962886810303	-0.5234435796737671	0.061704814434051514	-0.26172178983688354	0.29998302459716797	[22434 22433 22433 22433 22433]	[22476 22476 22475 22475 22475]		
3754.1785	1.5470000000000255	epochs															maze_arm	299.0
3755.7455	5.171499999999924	epochs															feedback_and_iti	299.0
3755.7455	0.9827500000001237	epochs															feedback_delay	299.0
3756.74775	1.9884999999999309	epochs															feedback	299.0
3758.9305	1.9864999999999782	epochs															iti	299.0
3760.93575	7.476000000000113	epochs															maze	300.0
3760.93575	6.075749999999971	epochs															maze_stem	300.0
3760.95875	12.686500000000251	trials	True	True	False	True	True	True	[0.80065215 0.19934782 0.55404896 0.44595101]	0.24660319089889526	-0.35470113158226013	0.12330159544944763	-0.17735058069229126	0.44595101475715637	[22508 22508 22508 22507 22507]	[22552 22552 22551 22551 22551]		
3767.033	1.3787500000003092	epochs															maze_arm	300.0
3768.432	5.192000000000007	epochs															feedback_and_iti	300.0
3768.432	0.9835000000002765	epochs															feedback_delay	300.0
3769.43425	1.9965000000001965	epochs															feedback	300.0
3771.62325	2.000749999999698	epochs															iti	300.0
3773.64525	8.142749999999978	epochs															maze	301.0
3773.64525	5.9272500000001855	epochs															maze_stem	301.0
3773.6655	13.319500000000062	trials	True	True	False	False	False	True	[0.79549992 0.20450005 0.52311128 0.47688878]	0.27238868176937103	-0.31861118972301483	0.13619431853294373	0.159305602312088	0.7954999208450317	[22584 22584 22584 22584 22583]	[22632 22632 22632 22631 22631]		
3779.59025	2.1977499999998145	epochs															maze_arm	301.0
3781.80825	5.151499999999942	epochs															feedback_and_iti	301.0
3781.80825	0.980750000000171	epochs															feedback_delay	301.0
3782.80775	1.980750000000171	epochs															feedback	301.0
3784.983	1.9767499999998108	epochs															iti	301.0
3786.985	6.613499999999931	epochs															maze	302.0
3786.985	5.4542499999997744	epochs															maze_stem	302.0
3787.01225	11.793499999999767	trials	False	True	False	False	False	True	[0.90146589 0.09853415 0.58026719 0.41973284]	0.3211986944079399	-0.4817330464720726	0.16059935092926025	0.2408665418624878	0.901465892791748	[22664 22664 22664 22664 22663]	[22703 22703 22703 22702 22702]		
3792.4595	1.1390000000001237	epochs															maze_arm	302.0
3793.61875	5.167249999999967	epochs															feedback_and_iti	302.0
3793.61875	0.987999999999829	epochs															feedback_delay	302.0
3794.6285	1.9897500000001855	epochs															feedback	302.0
3796.79675	1.9892500000000837	epochs															iti	302.0
3798.80575	10.827000000000226	epochs															maze	303.0
3798.80575	9.040750000000116	epochs															maze_stem	303.0
3798.826	17.857750000000124	trials	False	True	False	True	False	False	[0.94261777 0.05738223 0.62155706 0.37844294]	0.32106071524322033	-0.5641748290508986	-0.16053035855293274	0.28208741545677185	0.6215570569038391	[22735 22735 22735 22734 22734]	[22799 22799 22799 22798 22798]		
3807.866	1.7667500000002292	epochs															maze_arm	303.0
3809.65175	7.013249999999971	epochs															feedback_and_iti	303.0
3809.65175	0.9842499999999745	epochs															feedback_delay	303.0
3810.658	1.9852500000001783	epochs															feedback	303.0
3812.6815	3.9834999999998217	epochs															iti	303.0
3816.68375	5.79950000000008	epochs															maze	304.0
3816.68375	4.33199999999988	epochs															maze_stem	304.0
3816.7065	10.988500000000386	trials	False	True	False	False	False	True	[0.82533944 0.17466062 0.56475878 0.43524125]	0.2605806440114975	-0.3900981694459915	0.13029032945632935	0.19504910707473755	0.8253394365310669	[22842 22842 22842 22842 22841]	[22876 22876 22876 22875 22875]		
3821.03525	1.4480000000003201	epochs															maze_arm	304.0
3822.5045	5.168499999999767	epochs															feedback_and_iti	304.0
3822.5045	0.9904999999998836	epochs															feedback_delay	304.0
3823.515	1.9727499999999054	epochs															feedback	304.0
3825.6875	1.9854999999997744	epochs															iti	304.0
3827.695	15.810999999999694	epochs															maze	305.0
3827.695	14.30724999999984	epochs															maze_stem	305.0
3827.71475	20.994249999999738	trials	True	True	False	True	True	True	[0.9268505  0.07314951 0.6810708  0.31892923]	0.24577970430254936	-0.6079212836921215	0.12288985773921013	-0.303960632532835	0.3189292252063751	[22908 22908 22908 22908 22907]	[23002 23002 23002 23002 23001]		
3842.022	1.4839999999999236	epochs															maze_arm	305.0
3843.525	5.163749999999709	epochs															feedback_and_iti	305.0
3843.525	0.9842499999999745	epochs															feedback_delay	305.0
3844.53	1.9864999999999782	epochs															feedback	305.0
3846.7055	1.9832499999997708	epochs															iti	305.0
3848.709	6.557000000000244	epochs															maze	306.0
3848.709	5.22275000000036	epochs															maze_stem	306.0
3848.72975	11.74499999999989	trials	True	True	False	False	False	True	[0.87106133 0.12893869 0.53813976 0.46186024]	0.3329215571284294	-0.40920107811689377	0.166460782289505	0.20460054278373718	0.8710613250732422	[23034 23034 23034 23034 23033]	[23073 23072 23072 23072 23072]		
3853.95175	1.3142499999999018	epochs															maze_arm	306.0
3855.2845	5.169499999999971	epochs															feedback_and_iti	306.0
3855.2845	0.9969999999998436	epochs															feedback_delay	306.0
3856.30325	1.974500000000262	epochs															feedback	306.0
3858.4705	1.9835000000002765	epochs															iti	306.0
3860.47475	6.00400000000036	epochs															maze	307.0
3860.47475	4.94275000000016	epochs															maze_stem	307.0
3860.4935	11.199999999999818	trials	True	True	False	True	True	True	[0.92782134 0.07217868 0.58321208 0.41678789]	0.34460923820734024	-0.5110334232449532	0.17230460792779922	-0.2555167153477669	0.41678789258003235	[23105 23105 23104 23104 23104]	[23140 23140 23139 23139 23139]		
3865.4365	1.042250000000422	epochs															maze_arm	307.0
3866.49975	5.173249999999825	epochs															feedback_and_iti	307.0
3866.49975	0.9825000000000728	epochs															feedback_delay	307.0
3867.50275	1.9892500000000837	epochs															feedback	307.0
3869.6815	1.9914999999996326	epochs															iti	307.0
3871.6935	5.715750000000298	epochs															maze	308.0
3871.6935	4.5467499999999745	epochs															maze_stem	308.0
3871.71375	10.91150000000016	trials	False	True	False	False	False	True	[0.88723761 0.11276235 0.47188419 0.52811581]	0.4153534360229969	-0.35912181809544563	0.2076767086982727	0.17956089973449707	0.8872376084327698	[23172 23172 23172 23171 23171]	[23205 23205 23205 23205 23205]		
3876.26125	1.1480000000001382	epochs															maze_arm	308.0
3877.42875	5.175999999999931	epochs															feedback_and_iti	308.0
3877.42875	0.994499999999789	epochs															feedback_delay	308.0
3878.4445	1.9662499999999454	epochs															feedback	308.0
3880.60775	1.9969999999998436	epochs															iti	308.0
3882.62525	7.609750000000076	epochs															maze	309.0
3882.62525	5.716750000000047	epochs															maze_stem	309.0
3882.645	12.800499999999829	trials	False	True	False	True	True	True	[0.96134013 0.0386598  0.54895818 0.45104179]	0.41238196566700935	-0.5102983601391315	0.20619099214673042	-0.2551492042839527	0.4510417878627777	[23238 23237 23237 23237 23237]	[23238 23238 23238 23238 23238]		
3888.36275	1.8722500000003492	epochs															maze_arm	309.0
3890.2545	5.171499999999924	epochs															feedback_and_iti	309.0
3890.2545	0.9929999999999382	epochs															feedback_delay	309.0
3891.26875	1.9714999999996508	epochs															feedback	309.0
3893.43075	1.9952499999999418	epochs															iti	309.0
3895.4455	6.107750000000124	epochs															maze	310.0
3895.4455	4.778999999999996	epochs															maze_stem	310.0
3895.46475	11.304000000000087	trials	True	True	False	False	False	True	[0.91067559 0.08932447 0.39593127 0.6040687 ]	0.5147442705929279	-0.30660684779286385	0.2573721557855606	0.15330342948436737	0.910675585269928	[-2147483648 -2147483648 -2147483648 -2147483648 -2147483648]	[-2147483648 -2147483648 -2147483648 -2147483648 -2147483648]		
3900.245	1.3082500000000437	epochs															maze_arm	310.0
3901.57325	5.175250000000233	epochs															feedback_and_iti	310.0
3901.57325	0.9985000000001492	epochs															feedback_delay	310.0
3902.59025	1.97524999999996	epochs															feedback	310.0
3904.758	1.9905000000003383	epochs															iti	310.0
3906.76875	8.037499999999909	epochs															maze	311.0
3906.76875	6.929499999999734	epochs															maze_stem	311.0
3906.78825	13.222749999999905	trials	True	True	False	True	True	True	[0.94525659 0.05474342 0.39650446 0.6034956 ]	0.5487521532922983	-0.34176101721823215	0.27437608875334263	-0.17088049091398716	0.6034955978393555	[-2147483648 -2147483648 -2147483648 -2147483648 -2147483648]	[-2147483648 -2147483648 -2147483648 -2147483648 -2147483648]		
3913.7185	1.0877500000001419	epochs															maze_arm	311.0
3914.82575	5.163750000000164	epochs															feedback_and_iti	311.0
3914.82575	0.993750000000091	epochs															feedback_delay	311.0
3915.83825	1.9785000000001673	epochs															feedback	311.0
3917.99325	1.9962500000001455	epochs															iti	311.0
3920.011	4.960750000000189	epochs															maze	312.0
3920.011	3.6399999999998727	epochs															maze_stem	312.0
3920.0315	10.149499999999989	trials	False	True	False	False	False	True	[0.90723401 0.09276601 0.31318408 0.68681598]	0.5940499491989613	-0.2204180546104908	0.2970249652862549	0.11020904779434204	0.9072340130805969	[-2147483648 -2147483648 -2147483648 -2147483648 -2147483648]	[-2147483648 -2147483648 -2147483648 -2147483648 -2147483648]		
3923.67125	1.3005000000002838	epochs															maze_arm	312.0
3924.98975	5.170249999999669	epochs															feedback_and_iti	312.0
3924.98975	0.9932499999999891	epochs															feedback_delay	312.0
3926.00525	1.9789999999998145	epochs															feedback	312.0
3928.1725	1.9874999999997272	epochs															iti	312.0
3930.181	5.28650000000016	epochs															maze	313.0
3930.181	4.012000000000171	epochs															maze_stem	313.0
3930.202	12.316499999999905	trials	False	True	False	True	False	False	[0.96936899 0.03063107 0.37608123 0.62391877]	0.5932877324521542	-0.34545018896460533	-0.2966438829898834	0.172725111246109	0.3760812282562256	[-2147483648 -2147483648 -2147483648 -2147483648 -2147483648]	[-2147483648 -2147483648 -2147483648 -2147483648 -2147483648]		
3934.2135	1.2540000000003602	epochs															maze_arm	313.0
3935.48675	7.01175000000012	epochs															feedback_and_iti	313.0
3935.48675	0.987999999999829	epochs															feedback_delay	313.0
3936.495	1.9767500000002656	epochs															feedback	313.0
3938.5095	3.9890000000000327	epochs															iti	313.0
3942.5185	6.011749999999665	epochs															maze	314.0
3942.5185	4.393000000000029	epochs															maze_stem	314.0
3942.537	11.220500000000357	trials	False	True	False	True	True	True	[0.84957188 0.15042812 0.38839808 0.61160189]	0.46117378771305084	-0.23796997964382172	0.23058688640594482	-0.11898499727249146	0.6116018891334534	[-2147483648 -2147483648 -2147483648 -2147483648 -2147483648]	[-2147483648 -2147483648 -2147483648 -2147483648 -2147483648]		
3946.93175	1.5984999999996035	epochs															maze_arm	314.0
3948.5515	5.184249999999793	epochs															feedback_and_iti	314.0
3948.5515	0.9899999999997817	epochs															feedback_delay	314.0
3949.562	1.98700000000008	epochs															feedback	314.0
3951.74975	1.9859999999998763	epochs															iti	314.0
3953.7575	5.092749999999796	epochs															maze	315.0
3953.7575	4.017749999999978	epochs															maze_stem	315.0
3953.77975	10.28274999999985	trials	False	True	False	False	False	True	[0.91115612 0.08884387 0.32190803 0.678092  ]	0.5892481096088886	-0.23306413367390633	0.29462404549121857	0.11653207242488861	0.9111561179161072	[-2147483648 -2147483648 -2147483648 -2147483648 -2147483648]	[-2147483648 -2147483648 -2147483648 -2147483648 -2147483648]		
3957.794	1.056250000000091	epochs															maze_arm	315.0
3958.87175	5.169750000000022	epochs															feedback_and_iti	315.0
3958.87175	0.9802500000000691	epochs															feedback_delay	315.0
3959.87375	1.9987499999997453	epochs															feedback	315.0
3962.05475	1.986750000000029	epochs															iti	315.0
3964.0625	9.53625000000011	epochs															maze	316.0
3964.0625	8.334499999999935	epochs															maze_stem	316.0
3964.08225	14.724500000000262	trials	True	True	False	True	True	True	[0.96552926 0.03447071 0.36079514 0.63920486]	0.6047341376543045	-0.3263244181871414	0.30236707627773285	-0.1631622165441513	0.6392048597335815	[-2147483648 -2147483648 -2147483648 -2147483648 -2147483648]	[-2147483648 -2147483648 -2147483648 -2147483648 -2147483648]		
3972.4185	1.1802499999998872	epochs															maze_arm	316.0
3973.61925	5.166749999999865	epochs															feedback_and_iti	316.0
3973.61925	0.9802499999996144	epochs															feedback_delay	316.0
3974.61975	1.9837500000003274	epochs															feedback	316.0
3976.7885	1.9974999999999454	epochs															iti	316.0
3978.80675	6.075249999999869	epochs															maze	317.0
3978.80675	4.855249999999614	epochs															maze_stem	317.0
3978.8275	11.253500000000258	trials	True	True	False	False	False	True	[0.91021115 0.08978883 0.28331718 0.71668285]	0.6268939934670925	-0.19352832064032555	0.3134469836950302	0.09676416218280792	0.9102111458778381	[      23239       23239       23239 -2147483648 -2147483648]	[      23239       23239       23239 -2147483648 -2147483648]		
3983.68625	1.1957499999998618	epochs															maze_arm	317.0
3984.90125	5.157000000000153	epochs															feedback_and_iti	317.0
3984.90125	0.9822500000000218	epochs															feedback_delay	317.0
3985.9035	1.9800000000000182	epochs															feedback	317.0
3988.07425	1.9839999999999236	epochs															iti	317.0
3990.081	6.975999999999658	epochs															maze	318.0
3990.081	5.639999999999873	epochs															maze_stem	318.0
3990.1015	14.022249999999985	trials	False	True	False	True	False	False	[0.95287335 0.04712666 0.35569492 0.64430505]	0.5971784107387066	-0.3085682801902294	-0.29858921468257904	0.15428413450717926	0.3556949198246002	[23271 23271 23271 23270 23270]	[23312 23312 23312 23311 23311]		
3995.73925	1.3177499999997053	epochs															maze_arm	318.0
3997.077	7.02599999999984	epochs															feedback_and_iti	318.0
3997.077	0.9937499999996362	epochs															feedback_delay	318.0
3998.08975	1.9859999999998763	epochs															feedback	318.0
4000.1165	3.986499999999978	epochs															iti	318.0
4004.12375	4.898249999999734	epochs															maze	319.0
4004.12375	3.6214999999997417	epochs															maze_stem	319.0
4004.142	10.103250000000116	trials	True	True	False	False	False	True	[0.83203596 0.1679641  0.3306371  0.66936284]	0.5013988018035889	-0.16267305612564087	0.2506994307041168	0.08133652806282043	0.8320359587669373	[23355 23355 23355 23355 23354]	[23384 23383 23383 23383 23383]		
4007.76475	1.2572500000001128	epochs															maze_arm	319.0
4009.0405	5.180749999999989	epochs															feedback_and_iti	319.0
4009.0405	0.9827500000001237	epochs															feedback_delay	319.0
4010.041	1.9872499999996762	epochs															feedback	319.0
4012.22025	2.0010000000002037	epochs															iti	319.0
4014.24525	4.995499999999993	epochs															maze	320.0
4014.24525	3.836999999999989	epochs															maze_stem	320.0
4014.268	12.030249999999796	trials	False	True	False	True	False	False	[0.93462217 0.06537783 0.43453723 0.56546271]	0.5000849068164825	-0.36915943026542664	-0.25004246830940247	0.18457970023155212	0.43453723192214966	[23416 23416 23416 23415 23415]	[23445 23445 23445 23444 23444]		
4018.10175	1.1390000000001237	epochs															maze_arm	320.0
4019.26025	7.017500000000382	epochs															feedback_and_iti	320.0
4019.26025	0.9977499999999964	epochs															feedback_delay	320.0
4020.278	1.9670000000000982	epochs															feedback	320.0
4022.29425	3.9835000000002765	epochs															iti	320.0
4026.29825	5.857500000000073	epochs															maze	321.0
4026.29825	4.296250000000327	epochs															maze_stem	321.0
4026.31875	11.053750000000036	trials	False	True	False	True	True	True	[0.8421849  0.15781505 0.37797949 0.62202048]	0.46420542150735855	-0.22016442567110062	0.23210271447896957	-0.1100822314620018	0.6220204830169678	[23488 23488 23488 23488 23487]	[23522 23522 23522 23522 23522]		
4030.6145	1.5412499999997635	epochs															maze_arm	321.0
4032.17525	5.1775000000002365	epochs															feedback_and_iti	321.0
4032.17525	0.9900000000002365	epochs															feedback_delay	321.0
4033.188	1.9794999999999163	epochs															feedback	321.0
4035.355	1.9977499999999964	epochs															iti	321.0
4037.3725	6.550999999999931	epochs															maze	322.0
4037.3725	5.468499999999949	epochs															maze_stem	322.0
4037.391	11.747249999999894	trials	True	True	False	False	False	True	[0.91111732 0.08888267 0.3265464  0.67345357]	0.5845709070563316	-0.23766373842954636	0.2922854572534561	0.11883185803890228	0.9111173152923584	[23555 23554 23554 23554 23554]	[23593 23593 23592 23592 23592]		
4042.86075	1.062750000000051	epochs															maze_arm	322.0
4043.9425	5.177749999999833	epochs															feedback_and_iti	322.0
4043.9425	0.9854999999997744	epochs															feedback_delay	322.0
4044.94825	1.9822500000000218	epochs															feedback	322.0
4047.1195	2.000750000000153	epochs															iti	322.0
4049.13825	5.430249999999887	epochs															maze	323.0
4049.13825	4.222999999999956	epochs															maze_stem	323.0
4049.15875	10.625250000000051	trials	True	True	False	False	False	True	[0.94228178 0.0577182  0.33301526 0.66698474]	0.6092665288597345	-0.2752970550209284	0.3046332597732544	0.13764852285385132	0.9422817826271057	[23625 23625 23625 23624 23624]	[23657 23657 23656 23656 23656]		
4053.3805	1.1879999999996471	epochs															maze_arm	323.0
4054.586	5.17450000000008	epochs															feedback_and_iti	323.0
4054.586	0.9970000000002983	epochs															feedback_delay	323.0
4055.60175	1.9792500000003201	epochs															feedback	323.0
4057.7705	1.9899999999997817	epochs															iti	323.0
4059.784	8.774499999999989	epochs															maze	324.0
4059.784	6.847999999999956	epochs															maze_stem	324.0
4059.8065	15.799999999999727	trials	False	True	False	False	True	False	[0.95797807 0.04202187 0.37562737 0.6243726 ]	0.5823507159948349	-0.33360548317432404	-0.29117536544799805	-0.1668027639389038	0.042021870613098145	[23689 23689 23689 23688 23688]	[23741 23740 23740 23740 23740]		
4066.653	1.905500000000302	epochs															maze_arm	324.0
4068.578	7.006249999999909	epochs															feedback_and_iti	324.0
4068.578	0.9972499999998945	epochs															feedback_delay	324.0
4069.594	1.9654999999997926	epochs															feedback	324.0
4071.59825	3.9859999999998763	epochs															iti	324.0
4075.6065	5.017250000000331	epochs															maze	325.0
4075.6065	3.7780000000002474	epochs															maze_stem	325.0
4075.629	12.061750000000302	trials	False	True	False	True	False	False	[0.48164102 0.51835901 0.14083813 0.85916185]	0.3408028706908226	0.377520851790905	-0.1704014465212822	-0.1887604221701622	0.1408381313085556	[23784 23784 23783 23783 23783]	[23813 23813 23813 23812 23812]		
4079.40475	1.219000000000051	epochs															maze_arm	325.0
4080.64175	7.029000000000451	epochs															feedback_and_iti	325.0
4080.64175	0.9910000000004402	epochs															feedback_delay	325.0
4081.65725	1.9769999999998618	epochs															feedback	325.0
4083.6725	3.9982500000000982	epochs															iti	325.0
4087.69075	5.681249999999636	epochs															maze	326.0
4087.69075	4.343499999999949	epochs															maze_stem	326.0
4087.71675	12.71474999999964	trials	False	True	False	False	True	False	[0.65839207 0.3416079  0.34149641 0.65850359]	0.3168956786394119	0.00011150538921356201	-0.15844784677028656	5.574524402618408e-05	0.3416078984737396	[23856 23856 23856 23856 23855]	[23889 23889 23889 23889 23889]		
4092.05575	1.3162499999998545	epochs															maze_arm	326.0
4093.3905	7.020250000000033	epochs															feedback_and_iti	326.0
4093.3905	0.9982500000000982	epochs															feedback_delay	326.0
4094.40975	1.9717500000006112	epochs															feedback	326.0
4096.41825	3.992500000000291	epochs															iti	326.0
4100.4315	5.3822500000005675	epochs															maze	327.0
4100.4315	3.911750000000211	epochs															maze_stem	327.0
4100.45275	12.410750000000007	trials	False	True	False	False	True	False	[0.38949975 0.61050028 0.20968406 0.79031599]	0.17981570214033127	0.4008162245154381	-0.08990785479545593	0.20040813088417053	0.6105002760887146	[23933 23932 23932 23932 23932]	[23964 23964 23964 23963 23963]		
4104.365	1.448750000000473	epochs															maze_arm	327.0
4105.83325	7.008749999999964	epochs															feedback_and_iti	327.0
4105.83325	0.9837500000003274	epochs															feedback_delay	327.0
4106.83525	1.9827500000001237	epochs															feedback	327.0
4108.8565	3.9854999999997744	epochs															iti	327.0
4112.8635	5.657749999999396	epochs															maze	328.0
4112.8635	4.161499999999251	epochs															maze_stem	328.0
4112.887	10.839249999999993	trials	True	True	False	True	True	True	[0.26167148 0.73832852 0.15731171 0.84268826]	0.10435976088047028	0.581016793847084	0.05217987298965454	0.2905083894729614	0.842688262462616	[24007 24007 24007 24007 24006]	[24040 24040 24040 24040 24039]		
4117.04275	1.4785000000001673	epochs															maze_arm	328.0
4118.53825	5.16675000000032	epochs															feedback_and_iti	328.0
4118.53825	0.9972500000003492	epochs															feedback_delay	328.0
4119.55675	1.9755000000004657	epochs															feedback	328.0
4121.72125	1.9837500000003274	epochs															iti	328.0
4123.72625	7.118000000000393	epochs															maze	329.0
4123.72625	5.9007500000006985	epochs															maze_stem	329.0
4123.7445	12.311499999999796	trials	False	True	False	False	False	True	[0.4412556  0.55874437 0.25051692 0.74948311]	0.190738707780838	0.3082274794578552	0.09536933898925781	-0.1541137397289276	0.4412555992603302	[24072 24072 24072 24072 24071]	[24114 24114 24114 24113 24113]		
4129.64725	1.1970000000001164	epochs															maze_arm	329.0
4130.86475	5.169750000000022	epochs															feedback_and_iti	329.0
4130.86475	0.9895000000005894	epochs															feedback_delay	329.0
4131.874	1.981499999999869	epochs															feedback	329.0
4134.06325	1.9712499999995998	epochs															iti	329.0
4136.056	5.099250000000211	epochs															maze	330.0
4136.056	4.008749999999964	epochs															maze_stem	330.0
4136.0765	10.272249999999985	trials	False	True	False	False	False	True	[0.80581498 0.19418502 0.45354259 0.54645741]	0.3522723913192749	-0.2593575716018677	0.17613619565963745	0.12967878580093384	0.8058149814605713	[24146 24146 24146 24146 24145]	[24176 24176 24175 24175 24175]		
4140.0845	1.0707499999998618	epochs															maze_arm	330.0
4141.176	5.150249999999687	epochs															feedback_and_iti	330.0
4141.176	0.9987499999997453	epochs															feedback_delay	330.0
4142.199	1.9607500000001892	epochs															feedback	330.0
4144.3335	1.992750000000342	epochs															iti	330.0
4146.34875	7.758249999999862	epochs															maze	331.0
4146.34875	6.67699999999968	epochs															maze_stem	331.0
4146.3685	12.968250000000808	trials	True	True	False	True	True	True	[0.8844949  0.11550514 0.54169166 0.45830834]	0.3428032174706459	-0.42618653923273087	0.17140159755945206	-0.21309325844049454	0.4583083391189575	[24208 24208 24207 24207 24207]	[24253 24253 24253 24253 24253]		
4153.0445	1.0625	epochs															maze_arm	331.0
4154.1305	5.1799999999993815	epochs															feedback_and_iti	331.0
4154.1305	0.9942499999997381	epochs															feedback_delay	331.0
4155.14325	1.9832500000002256	epochs															feedback	331.0
4157.31225	1.9982499999996435	epochs															iti	331.0
4159.33675	5.382999999999811	epochs															maze	332.0
4159.33675	4.129249999999956	epochs															maze_stem	332.0
4159.36	12.420750000000226	trials	False	True	False	True	False	False	[0.75164706 0.24835296 0.38240564 0.61759442]	0.369241438806057	-0.13405265659093857	-0.1846207082271576	0.06702634692192078	0.3824056386947632	[24286 24286 24285 24285 24285]	[24317 24317 24317 24316 24316]		
4163.48725	1.2325000000000728	epochs															maze_arm	332.0
4164.73775	7.022750000000087	epochs															feedback_and_iti	332.0
4164.73775	0.9882499999994252	epochs															feedback_delay	332.0
4165.7445	1.9830000000001746	epochs															feedback	332.0
4167.7625	3.998000000000502	epochs															iti	332.0
4171.78075	5.67975000000024	epochs															maze	333.0
4171.78075	4.252250000000458	epochs															maze_stem	333.0
4171.801	12.711249999999382	trials	False	True	False	True	False	False	[0.69951016 0.30048984 0.4303529  0.56964707]	0.2691572457551956	-0.12986306846141815	-0.1345786303281784	0.06493152678012848	0.4303528964519501	[24360 24360 24360 24360 24360]	[24393 24393 24393 24393 24393]		
4176.055	1.4054999999998472	epochs															maze_arm	333.0
4177.481	7.010250000000269	epochs															feedback_and_iti	333.0
4177.481	0.9942500000006476	epochs															feedback_delay	333.0
4178.49625	1.9749999999994543	epochs															feedback	333.0
4180.5135	3.9777500000000146	epochs															iti	333.0
4184.51225	6.026249999999891	epochs															maze	334.0
4184.51225	4.61475000000064	epochs															maze_stem	334.0
4184.5335	11.207750000000487	trials	True	True	False	True	True	True	[0.73810512 0.26189488 0.53703445 0.46296552]	0.2010706514120102	-0.27513958513736725	0.1005353182554245	-0.13756980001926422	0.4629655182361603	[24437 24436 24436 24436 24436]	[24472 24472 24471 24471 24471]		
4189.14725	1.3912499999996726	epochs															maze_arm	334.0
4190.558	5.164999999999964	epochs															feedback_and_iti	334.0
4190.558	0.9915000000000873	epochs															feedback_delay	334.0
4191.5685	1.9804999999996653	epochs															feedback	334.0
4193.72625	1.9967500000002474	epochs															iti	334.0
4195.74125	7.361750000000029	epochs															maze	335.0
4195.74125	6.215750000000298	epochs															maze_stem	335.0
4195.76125	12.552750000000742	trials	True	True	False	True	True	True	[0.72521937 0.27478066 0.4763526  0.52364737]	0.2488667368888855	-0.2015719711780548	0.12443335354328156	-0.1007859855890274	0.5236473679542542	[24504 24504 24504 24503 24503]	[24547 24547 24547 24547 24546]		
4201.97675	1.1262500000002547	epochs															maze_arm	335.0
4203.12225	5.171249999999418	epochs															feedback_and_iti	335.0
4203.12225	0.9809999999997672	epochs															feedback_delay	335.0
4204.1235	1.9892500000005384	epochs															feedback	335.0
4206.296	1.9974999999994907	epochs															iti	335.0
4208.314	5.98700000000008	epochs															maze	336.0
4208.314	4.654749999999694	epochs															maze_stem	336.0
4208.33425	11.154000000000451	trials	False	True	False	True	True	True	[0.72577929 0.27422071 0.46073732 0.53926271]	0.2650419920682907	-0.18651659786701202	0.13252100348472595	-0.09325829148292542	0.5392627120018005	[24579 24579 24579 24579 24579]	[24614 24614 24614 24614 24614]		
4212.9875	1.3135000000002037	epochs															maze_arm	336.0
4214.32025	5.149250000000393	epochs															feedback_and_iti	336.0
4214.32025	0.9985000000006039	epochs															feedback_delay	336.0
4215.3375	1.9682500000008076	epochs															feedback	336.0
4217.48325	1.9862499999999272	epochs															iti	336.0
4219.48825	8.732749999999214	epochs															maze	337.0
4219.48825	7.589249999999993	epochs															maze_stem	337.0
4219.508	13.931250000000546	trials	True	True	False	False	False	True	[0.69980299 0.30019698 0.37792504 0.62207502]	0.32187800109386444	-0.0777280181646347	0.16093897819519043	0.03886401653289795	0.6998029947280884	[24646 24646 24646 24646 24646]	[24698 24698 24697 24697 24697]		
4227.09625	1.124749999999949	epochs															maze_arm	337.0
4228.2385	5.181749999999738	epochs															feedback_and_iti	337.0
4228.2385	0.9909999999999854	epochs															feedback_delay	337.0
4229.247	1.9917500000001382	epochs															feedback	337.0
4231.4465	1.9737500000001091	epochs															iti	337.0
4233.43925	6.3149999999996	epochs															maze	338.0
4233.43925	4.568249999999352	epochs															maze_stem	338.0
4233.46	13.344250000000102	trials	False	True	False	True	False	False	[0.8749252  0.12507477 0.44800338 0.55199659]	0.4269218146800995	-0.32292860746383667	-0.21346090734004974	0.16146428883075714	0.4480033814907074	[24730 24730 24730 24729 24729]	[24767 24767 24767 24766 24766]		
4238.0275	1.7267499999998108	epochs															maze_arm	338.0
4239.77525	7.008749999999964	epochs															feedback_and_iti	338.0
4239.77525	0.9862499999999272	epochs															feedback_delay	338.0
4240.78175	1.97400000000016	epochs															feedback	338.0
4242.79525	3.988749999999527	epochs															iti	338.0
4246.80425	5.9614999999994325	epochs															maze	339.0
4246.80425	4.79950000000008	epochs															maze_stem	339.0
4246.82625	11.144000000000233	trials	False	True	False	True	True	True	[0.74060488 0.25939515 0.42953107 0.5704689 ]	0.31107378005981445	-0.17013594508171082	0.15553687512874603	-0.08506797254085541	0.5704689025878906	[24810 24810 24810 24810 24809]	[24845 24845 24845 24844 24844]		
4251.62375	1.1419999999998254	epochs															maze_arm	339.0
4252.7865	5.16399999999976	epochs															feedback_and_iti	339.0
4252.7865	0.9952499999999418	epochs															feedback_delay	339.0
4253.8035	1.9674999999997453	epochs															feedback	339.0
4255.9615	1.988999999999578	epochs															iti	339.0
4257.97025	6.326250000000073	epochs															maze	340.0
4257.97025	5.163749999999709	epochs															maze_stem	340.0
4257.988	11.508249999999862	trials	True	True	False	True	True	True	[0.77458197 0.22541802 0.3399848  0.66001517]	0.4345971569418907	-0.11456679552793503	0.21729857474565506	-0.05728340893983841	0.6600151658058167	[24877 24877 24877 24876 24876]	[24914 24914 24914 24913 24913]		
4263.155	1.141500000000633	epochs															maze_arm	340.0
4264.3155	5.16150000000016	epochs															feedback_and_iti	340.0
4264.3155	0.9967500000002474	epochs															feedback_delay	340.0
4265.332	1.970999999999549	epochs															feedback	340.0
4267.499	1.9780000000000655	epochs															iti	340.0
4269.49625	5.8034999999999854	epochs															maze	341.0
4269.49625	4.842749999999796	epochs															maze_stem	341.0
4269.51675	10.987500000000182	trials	False	True	False	False	False	True	[0.77726734 0.22273266 0.33864403 0.66135603]	0.4386233389377594	-0.1159113347530365	0.2193116545677185	0.05795568227767944	0.777267336845398	[24946 24946 24946 24946 24945]	[24980 24980 24980 24979 24979]		
4274.36025	0.9395000000004075	epochs															maze_arm	341.0
4275.31925	5.16425000000072	epochs															feedback_and_iti	341.0
4275.31925	0.9947500000007494	epochs															feedback_delay	341.0
4276.33525	1.9825000000000728	epochs															feedback	341.0
4278.4995	1.9840000000003783	epochs															iti	341.0
4280.50425	6.109749999999622	epochs															maze	342.0
4280.50425	4.9044999999996435	epochs															maze_stem	342.0
4280.5245	13.15099999999984	trials	False	True	False	True	False	False	[0.93022251 0.06977752 0.46413103 0.535869  ]	0.46609148383140564	-0.3943535089492798	-0.23304574191570282	0.1971767693758011	0.46413102746009827	[25012 25012 25012 25012 25011]	[25048 25048 25047 25047 25047]		
4285.429	1.1849999999994907	epochs															maze_arm	342.0
4286.63375	7.02074999999968	epochs															feedback_and_iti	342.0
4286.63375	0.9920000000001892	epochs															feedback_delay	342.0
4287.64475	1.9722499999998035	epochs															feedback	342.0
4289.66225	3.9922499999993306	epochs															iti	342.0
4293.6755	6.170749999999316	epochs															maze	343.0
4293.6755	4.276249999999891	epochs															maze_stem	343.0
4293.6945	11.352000000000771	trials	False	True	False	True	True	True	[0.78993881 0.21006119 0.45200238 0.54799759]	0.3379364162683487	-0.2419411987066269	0.16896820068359375	-0.12097060680389404	0.5479975938796997	[25091 25091 25091 25091 25090]	[25127 25127 25127 25127 25126]		
4297.9715	1.874749999999949	epochs															maze_arm	343.0
4299.8655	5.162500000000364	epochs															feedback_and_iti	343.0
4299.8655	0.9867500000000291	epochs															feedback_delay	343.0
4300.87225	1.9752499999995052	epochs															feedback	343.0
4303.03825	1.9897500000006403	epochs															iti	343.0
4305.0465	7.0604999999995925	epochs															maze	344.0
4305.0465	5.672249999999622	epochs															maze_stem	344.0
4305.06725	12.23700000000008	trials	False	True	False	True	True	True	[0.82384384 0.17615615 0.34702718 0.65297276]	0.4768166318535805	-0.1708710566163063	0.23840830475091934	-0.08543554693460464	0.6529727578163147	[25159 25159 25159 25159 25159]	[25201 25201 25200 25200 25200]		
4310.739	1.368000000000393	epochs															maze_arm	344.0
4312.127	5.156999999999243	epochs															feedback_and_iti	344.0
4312.127	0.9807499999997162	epochs															feedback_delay	344.0
4313.129	1.9822500000000218	epochs															feedback	344.0
4315.3025	1.981499999999869	epochs															iti	344.0
4317.30425	4.756749999999556	epochs															maze	345.0
4317.30425	3.6804999999994834	epochs															maze_stem	345.0
4317.32425	9.952250000000276	trials	False	True	False	False	False	True	[0.81029356 0.18970643 0.28469729 0.71530271]	0.5255962684750557	-0.09499085694551468	0.26279813051223755	0.04749542474746704	0.8102935552597046	[25233 25233 25232 25232 25232]	[25260 25260 25260 25260 25260]		
4321.00475	1.0562499999996362	epochs															maze_arm	345.0
4322.0825	5.173249999999825	epochs															feedback_and_iti	345.0
4322.0825	0.9932499999995343	epochs															feedback_delay	345.0
4323.094	1.9842499999995198	epochs															feedback	345.0
4325.2685	1.987250000000131	epochs															iti	345.0
4327.2765	7.348500000000058	epochs															maze	346.0
4327.2765	6.244249999999738	epochs															maze_stem	346.0
4327.295	12.533499999999549	trials	True	True	False	True	True	True	[0.93707329 0.0629267  0.37212175 0.62787825]	0.5649515427649021	-0.30919504538178444	0.2824757732450962	-0.15459752455353737	0.6278782486915588	[25293 25292 25292 25292 25292]	[25336 25336 25335 25335 25335]		
4333.538	1.0870000000004438	epochs															maze_arm	346.0
4334.64275	5.164999999999964	epochs															feedback_and_iti	346.0
4334.64275	0.9984999999996944	epochs															feedback_delay	346.0
4335.65975	1.9822500000000218	epochs															feedback	346.0
4337.826	1.98174999999992	epochs															iti	346.0
4339.8285	5.563750000000255	epochs															maze	347.0
4339.8285	4.421250000000327	epochs															maze_stem	347.0
4339.84775	10.758249999999862	trials	False	True	False	True	True	True	[0.84279144 0.15720853 0.27965298 0.72034699]	0.5631384551525116	-0.12244445085525513	0.2815692275762558	-0.06122224032878876	0.720346987247467	[25368 25368 25367 25367 25367]	[25400 25400 25400 25400 25399]		
4344.2695	1.1227499999995416	epochs															maze_arm	347.0
4345.412	5.17174999999952	epochs															feedback_and_iti	347.0
4345.412	0.983499999999367	epochs															feedback_delay	347.0
4346.41775	1.9845000000004802	epochs															feedback	347.0
4348.58775	1.9960000000000946	epochs															iti	347.0
4350.606	6.670000000000073	epochs															maze	348.0
4350.606	5.605500000000575	epochs															maze_stem	348.0
4350.6275	11.859750000000531	trials	False	True	False	False	False	True	[0.83659703 0.16340293 0.25098535 0.74901468]	0.5856117084622383	-0.08758238703012466	0.29280583560466766	0.043791189789772034	0.8365970253944397	[25432 25432 25432 25432 25432]	[25471 25471 25471 25471 25471]		
4356.23475	1.0412500000002183	epochs															maze_arm	348.0
4357.294	5.172500000000582	epochs															feedback_and_iti	348.0
4357.294	0.9920000000001892	epochs															feedback_delay	348.0
4358.3085	1.9847499999996217	epochs															feedback	348.0
4360.481	1.985500000000684	epochs															iti	348.0
4362.48725	4.597999999999956	epochs															maze	349.0
4362.48725	3.506999999999607	epochs															maze_stem	349.0
4362.507	9.783500000000458	trials	True	True	False	False	False	True	[0.94705546 0.05294452 0.33321178 0.66678822]	0.6138436906039715	-0.28026724979281425	0.3069218397140503	0.14013361930847168	0.947055459022522	[25504 25503 25503 25503 25503]	[25530 25530 25530 25530 25530]		
4366.0135	1.0717500000000655	epochs															maze_arm	349.0
4367.10425	5.164499999999862	epochs															feedback_and_iti	349.0
4367.10425	0.9984999999996944	epochs															feedback_delay	349.0
4368.122	1.9639999999999418	epochs															feedback	349.0
4370.273	1.9957500000000437	epochs															iti	349.0
4372.2905	5.731499999999869	epochs															maze	350.0
4372.2905	4.697000000000116	epochs															maze_stem	350.0
4372.3115	10.909999999999854	trials	False	True	False	False	False	True	[0.95504761 0.04495246 0.43355966 0.56644034]	0.5214879177510738	-0.3886072300374508	0.26074397563934326	0.19430363178253174	0.955047607421875	[25562 25562 25562 25562 25562]	[25596 25596 25595 25595 25595]		
4377.00725	1.0147500000002765	epochs															maze_arm	350.0
4378.04075	5.159249999999702	epochs															feedback_and_iti	350.0
4378.04075	0.9819999999999709	epochs															feedback_delay	350.0
4379.0425	1.9842500000004293	epochs															feedback	350.0
4381.20925	1.9907499999999345	epochs															iti	350.0
4383.2215	5.186999999999898	epochs															maze	351.0
4383.2215	4.141750000000684	epochs															maze_stem	351.0
4383.24275	10.385999999999513	trials	False	True	False	False	False	True	[0.96242779 0.03757223 0.40856707 0.59143293]	0.5538607127964497	-0.37099485471844673	0.2769303619861603	0.1854974329471588	0.9624277949333191	[25628 25628 25628 25627 25627]	[25658 25658 25658 25658 25657]		
4387.38325	1.0252499999996871	epochs															maze_arm	351.0
4388.43	5.177249999999731	epochs															feedback_and_iti	351.0
4388.43	0.9884999999994761	epochs															feedback_delay	351.0
4389.439	1.9899999999997817	epochs															feedback	351.0
4391.6215	1.9857499999998254	epochs															iti	351.0
4393.62875	5.377999999999702	epochs															maze	352.0
4393.62875	4.294750000000022	epochs															maze_stem	352.0
4393.65425	10.553250000000844	trials	False	True	False	False	False	True	[0.96464211 0.03535789 0.43186224 0.56813776]	0.53277987241745	-0.39650434255599976	0.266389936208725	0.19825217127799988	0.9646421074867249	[25690 25690 25690 25690 25690]	[25722 25721 25721 25721 25721]		
4397.9425	1.064249999999447	epochs															maze_arm	352.0
4399.028	5.157000000000153	epochs															feedback_and_iti	352.0
4399.028	0.994499999999789	epochs															feedback_delay	352.0
4400.04175	1.9667499999995925	epochs															feedback	352.0
4402.19725	1.9877500000002328	epochs															iti	352.0
4404.2075	6.566499999999905	epochs															maze	353.0
4404.2075	5.432999999999993	epochs															maze_stem	353.0
4404.22825	11.775249999999687	trials	False	True	False	False	False	True	[0.96673965 0.03326037 0.44731745 0.55268258]	0.5194222070276737	-0.41405707970261574	0.2597111016511917	0.2070285528898239	0.9667396545410156	[25754 25754 25753 25753 25753]	[25792 25792 25792 25792 25791]		
4409.66125	1.1127500000002328	epochs															maze_arm	353.0
4410.7925	5.191500000000815	epochs															feedback_and_iti	353.0
4410.7925	0.9915000000000873	epochs															feedback_delay	353.0
4411.80425	1.9864999999999782	epochs															feedback	353.0
4413.9805	2.003500000000713	epochs															iti	353.0
4416.0035	5.1010000000005675	epochs															maze	354.0
4416.0035	3.7887500000006185	epochs															maze_stem	354.0
4416.02375	10.286000000000058	trials	True	True	False	False	False	True	[0.96812171 0.03187826 0.45963621 0.54036379]	0.5084855128079653	-0.4277579355984926	0.25424274802207947	0.21387895941734314	0.9681217074394226	[25825 25824 25824 25824 25824]	[25854 25854 25854 25854 25853]		
4419.81375	1.2907500000001164	epochs															maze_arm	354.0
4421.12425	5.162750000000415	epochs															feedback_and_iti	354.0
4421.12425	0.9885000000003856	epochs															feedback_delay	354.0
4422.13225	1.979750000000422	epochs															feedback	354.0
4424.29375	1.9932500000004438	epochs															iti	354.0
4426.30975	6.892249999999876	epochs															maze	355.0
4426.30975	5.781750000000102	epochs															maze_stem	355.0
4426.33	12.074499999999716	trials	True	True	False	True	True	True	[0.96171862 0.03828134 0.50966233 0.49033761]	0.45205628126859665	-0.4713810011744499	0.22602813690900803	-0.23569052666425705	0.490337610244751	[25886 25886 25886 25886 25886]	[25927 25927 25926 25926 25926]		
4432.11175	1.0902500000001965	epochs															maze_arm	355.0
4433.22225	5.160750000000007	epochs															feedback_and_iti	355.0
4433.22225	0.9827500000001237	epochs															feedback_delay	355.0
4434.225	1.9842499999995198	epochs															feedback	355.0
4436.39725	1.9857499999998254	epochs															iti	355.0
4438.4045	6.918250000000626	epochs															maze	356.0
4438.4045	5.740500000000793	epochs															maze_stem	356.0
4438.42475	12.110499999999774	trials	True	True	False	False	False	True	[0.89036524 0.10963473 0.30854714 0.69145286]	0.5818181149661541	-0.1989123933017254	0.2909090518951416	0.09945619106292725	0.8903652429580688	[25959 25959 25958 25958 25958]	[25999 25999 25999 25999 25999]		
4444.1645	1.1582500000004075	epochs															maze_arm	356.0
4445.34075	5.17450000000008	epochs															feedback_and_iti	356.0
4445.34075	0.9932499999995343	epochs															feedback_delay	356.0
4446.3545	1.9839999999994689	epochs															feedback	356.0
4448.531	1.9842500000004293	epochs															iti	356.0
4450.53525	6.925750000000335	epochs															maze	357.0
4450.53525	5.775499999999738	epochs															maze_stem	357.0
4450.5555	12.117749999999432	trials	True	True	False	True	True	True	[0.94123727 0.05876268 0.3371886  0.66281134]	0.6040486637502909	-0.27842592634260654	0.3020243290811777	-0.13921299017965794	0.6628113389015198	[26032 26031 26031 26031 26031]	[26072 26072 26072 26072 26071]		
4456.33175	1.1292499999999563	epochs															maze_arm	357.0
4457.47975	5.173499999999876	epochs															feedback_and_iti	357.0
4457.47975	0.9822500000000218	epochs															feedback_delay	357.0
4458.4815	1.9909999999999854	epochs															feedback	357.0
4460.657	1.9962500000001455	epochs															iti	357.0
4462.67325	4.825249999999869	epochs															maze	358.0
4462.67325	3.8090000000001965	epochs															maze_stem	358.0
4462.6915	10.017749999999978	trials	False	True	False	False	False	True	[0.89702088 0.10297916 0.26975521 0.73024476]	0.6272656284272671	-0.16677608713507652	0.3136328309774399	0.08338804543018341	0.8970208764076233	[26104 26104 26104 26104 26104]	[26132 26132 26132 26132 26132]		
4466.5025	0.9960000000000946	epochs															maze_arm	358.0
4467.51875	5.16924999999992	epochs															feedback_and_iti	358.0
4467.51875	0.9922500000002401	epochs															feedback_delay	358.0
4468.53175	1.975749999999607	epochs															feedback	358.0
4470.69375	1.994249999999738	epochs															iti	358.0
4472.70925	5.569500000000517	epochs															maze	359.0
4472.70925	4.201250000000073	epochs															maze_stem	359.0
4472.73025	10.772249999999985	trials	False	True	False	True	True	True	[0.96575201 0.03424796 0.31920895 0.68079108]	0.6465430855751038	-0.28496095538139343	0.3232715576887131	-0.14248047769069672	0.6807910799980164	[26164 26164 26164 26164 26164]	[26197 26197 26197 26196 26196]		
4476.93275	1.3460000000004584	epochs															maze_arm	359.0
4478.297	5.1837500000001455	epochs															feedback_and_iti	359.0
4478.297	0.9970000000002983	epochs															feedback_delay	359.0
4479.314	1.9789999999993597	epochs															feedback	359.0
4481.494	1.986750000000029	epochs															iti	359.0
4483.5025	4.594000000000051	epochs															maze	360.0
4483.5025	3.54175000000032	epochs															maze_stem	360.0
4483.52625	11.630750000000262	trials	False	True	False	True	False	False	[0.91509408 0.08490594 0.25684971 0.74315029]	0.658244363963604	-0.1719437763094902	-0.3291221857070923	0.0859718918800354	0.2568497061729431	[26229 26229 26229 26229 26228]	[26256 26256 26255 26255 26255]		
4487.065	1.031500000000051	epochs															maze_arm	360.0
4488.117	7.019000000000233	epochs															feedback_and_iti	360.0
4488.117	0.9897499999997308	epochs															feedback_delay	360.0
4489.1285	1.9785000000001673	epochs															feedback	360.0
4491.14325	3.992750000000342	epochs															iti	360.0
4495.157	5.866250000000036	epochs															maze	361.0
4495.157	4.481249999999818	epochs															maze_stem	361.0
4495.178	11.060750000000553	trials	False	True	False	True	True	True	[0.7819804  0.21801962 0.2713857  0.72861433]	0.5105947032570839	-0.05336607247591019	0.25529735535383224	-0.026683025062084198	0.728614330291748	[26299 26299 26299 26298 26298]	[26333 26333 26333 26333 26332]		
4499.6595	1.3637500000004366	epochs															maze_arm	361.0
4501.04225	5.175499999999374	epochs															feedback_and_iti	361.0
4501.04225	0.9959999999991851	epochs															feedback_delay	361.0
4502.0585	1.9732500000000073	epochs															feedback	361.0
4504.2285	1.989249999999629	epochs															iti	361.0
4506.23875	5.359499999999571	epochs															maze	362.0
4506.23875	4.323249999999462	epochs															maze_stem	362.0
4506.26	10.545500000000175	trials	False	True	False	False	False	True	[0.89136034 0.10863965 0.25282788 0.74717212]	0.6385324634611607	-0.14418822899460793	0.3192662298679352	0.07209411263465881	0.891360342502594	[26366 26365 26365 26365 26365]	[26397 26396 26396 26396 26396]		
4510.582	1.0162499999996726	epochs															maze_arm	362.0
4511.619	5.16675000000032	epochs															feedback_and_iti	362.0
4511.619	0.9985000000006039	epochs															feedback_delay	362.0
4512.63825	1.9662500000004002	epochs															feedback	362.0
4514.79425	1.9915000000000873	epochs															iti	362.0
4516.8055	4.651749999999993	epochs															maze	363.0
4516.8055	3.603499999999258	epochs															maze_stem	363.0
4516.82475	9.848250000000007	trials	False	True	False	False	False	True	[0.96074826 0.03925181 0.30042037 0.69957966]	0.6603278629481792	-0.26116858050227165	0.33016394078731537	0.13058431446552277	0.9607482552528381	[26429 26429 26428 26428 26428]	[26456 26456 26455 26455 26455]		
4520.43	1.0272500000000946	epochs															maze_arm	363.0
4521.4775	5.173499999999876	epochs															feedback_and_iti	363.0
4521.4775	0.9840000000003783	epochs															feedback_delay	363.0
4522.48225	1.9862499999999272	epochs															feedback	363.0
4524.66475	1.9862499999999272	epochs															iti	363.0
4526.673	5.356999999999971	epochs															maze	364.0
4526.673	4.33350000000064	epochs															maze_stem	364.0
4526.69175	10.553750000000036	trials	False	True	False	False	False	True	[0.97272533 0.02727469 0.36200735 0.63799262]	0.610717955045402	-0.33473268430680037	0.30535899102687836	0.16736634075641632	0.9727253317832947	[26488 26488 26488 26487 26487]	[26519 26519 26519 26519 26518]		
4531.02725	1.0027499999996508	epochs															maze_arm	364.0
4532.04775	5.179250000000138	epochs															feedback_and_iti	364.0
4532.04775	0.9917500000001382	epochs															feedback_delay	364.0
4533.06025	1.981249999999818	epochs															feedback	364.0
4535.233	1.9939999999996871	epochs															iti	364.0
4537.2455	5.683250000000044	epochs															maze	365.0
4537.2455	4.515000000000327	epochs															maze_stem	365.0
4537.2655	12.72399999999925	trials	False	True	False	True	False	False	[0.97526383 0.02473612 0.38092253 0.61907744]	0.5943413153290749	-0.3561863973736763	-0.29717065393924713	0.17809318006038666	0.3809225261211395	[26551 26551 26551 26551 26551]	[26585 26584 26584 26584 26584]		
4541.77975	1.149000000000342	epochs															maze_arm	365.0
4542.9465	7.022500000000036	epochs															feedback_and_iti	365.0
4542.9465	0.9892499999996289	epochs															feedback_delay	365.0
4543.9555	1.9830000000001746	epochs															feedback	365.0
4545.976	3.993000000000393	epochs															iti	365.0
4549.9895	6.262000000000626	epochs															maze	366.0
4549.9895	5.020750000000589	epochs															maze_stem	366.0
4550.01	11.447000000000116	trials	True	True	False	True	True	True	[0.82132614 0.17867391 0.33055142 0.66944861]	0.4907747134566307	-0.1518775150179863	0.24538735300302505	-0.07593873888254166	0.6694486141204834	[26628 26628 26627 26627 26627]	[26664 26664 26664 26664 26664]		
4555.0305	1.2210000000004584	epochs															maze_arm	366.0
4556.27225	5.164499999999862	epochs															feedback_and_iti	366.0
4556.27225	0.9875000000001819	epochs															feedback_delay	366.0
4557.279	1.9787499999993088	epochs															feedback	366.0
4559.438	1.9987499999997453	epochs															iti	366.0
4561.457	5.5090000000000146	epochs															maze	367.0
4561.457	4.327749999999469	epochs															maze_stem	367.0
4561.4775	10.707750000000487	trials	True	True	False	False	False	True	[0.89635718 0.10364284 0.31404656 0.6859535 ]	0.582310639321804	-0.2104037031531334	0.29115530848503113	0.10520187020301819	0.8963571786880493	[26697 26696 26696 26696 26696]	[26729 26728 26728 26728 26728]		
4565.80525	1.1607500000000073	epochs															maze_arm	367.0
4566.9865	5.177999999999884	epochs															feedback_and_iti	367.0
4566.9865	0.9934999999995853	epochs															feedback_delay	367.0
4567.9985	1.9827500000001237	epochs															feedback	367.0
4570.1725	1.9920000000001892	epochs															iti	367.0
4572.18525	5.1802499999994325	epochs															maze	368.0
4572.18525	4.146499999999833	epochs															maze_stem	368.0
4572.20575	10.36474999999973	trials	False	True	False	False	False	True	[0.94253802 0.057462   0.38486814 0.61513186]	0.5576698686927557	-0.32740615867078304	0.2788349390029907	0.1637030839920044	0.9425380229949951	[26761 26761 26760 26760 26760]	[26791 26791 26791 26790 26790]		
4576.3525	1.01299999999992	epochs															maze_arm	368.0
4577.38525	5.162249999999403	epochs															feedback_and_iti	368.0
4577.38525	0.983499999999367	epochs															feedback_delay	368.0
4578.39	1.986750000000029	epochs															feedback	368.0
4580.56325	1.9842499999995198	epochs															iti	368.0
4582.5705	6.218499999999949	epochs															maze	369.0
4582.5705	5.0515000000004875	epochs															maze_stem	369.0
4582.59125	11.399249999999483	trials	True	True	False	True	True	True	[0.97052842 0.02947155 0.41016883 0.58983117]	0.5603596102446318	-0.380697263404727	0.2801798116415739	-0.1903486382216215	0.5898311734199524	[26823 26823 26823 26823 26822]	[26859 26859 26859 26859 26859]		
4587.64225	1.1467499999998836	epochs															maze_arm	369.0
4588.80775	5.161000000000058	epochs															feedback_and_iti	369.0
4588.80775	0.9812499999998181	epochs															feedback_delay	369.0
4589.80925	1.98700000000008	epochs															feedback	369.0
4591.98175	1.98700000000008	epochs															iti	369.0
4593.9905	7.474500000000262	epochs															maze	370.0
4593.9905	6.426000000000386	epochs															maze_stem	370.0
4594.01125	12.66650000000027	trials	False	True	False	False	False	True	[0.90908033 0.09091961 0.30821818 0.69178182]	0.6008621789515018	-0.21729854121804237	0.3004310727119446	0.10864925384521484	0.9090803265571594	[26892 26891 26891 26891 26891]	[26935 26935 26935 26935 26935]		
4600.436	1.029000000000451	epochs															maze_arm	370.0
4601.4855	5.1707500000002256	epochs															feedback_and_iti	370.0
4601.4855	0.9972500000003492	epochs															feedback_delay	370.0
4602.5075	1.9765000000006694	epochs															feedback	370.0
4604.66475	1.9915000000000873	epochs															iti	370.0
4606.67775	5.318500000000313	epochs															maze	371.0
4606.67775	4.074000000000524	epochs															maze_stem	371.0
4606.6965	12.36200000000008	trials	False	True	False	True	False	False	[0.97059727 0.02940277 0.37791103 0.62208897]	0.592686215415597	-0.34850827790796757	-0.2963431179523468	0.1742541491985321	0.3779110312461853	[26968 26967 26967 26967 26967]	[26999 26998 26998 26998 26998]		
4610.773	1.2232500000000073	epochs															maze_arm	371.0
4612.01575	7.017749999999978	epochs															feedback_and_iti	371.0
4612.01575	0.9835000000002765	epochs															feedback_delay	371.0
4613.01925	1.986750000000029	epochs															feedback	371.0
4615.04225	3.991249999999127	epochs															iti	371.0
4619.0585	5.13274999999976	epochs															maze	372.0
4619.0585	3.8722500000003492	epochs															maze_stem	372.0
4619.08	10.310250000000451	trials	False	True	False	False	False	True	[0.84969443 0.15030563 0.38926154 0.61073852]	0.46043288707733154	-0.23895591497421265	0.23021644353866577	0.11947798728942871	0.8496944308280945	[27042 27042 27041 27041 27041]	[27072 27072 27071 27071 27071]		
4622.95025	1.2409999999999854	epochs															maze_arm	372.0
4624.21125	5.158999999999651	epochs															feedback_and_iti	372.0
4624.21125	0.9857499999998254	epochs															feedback_delay	372.0
4625.21825	1.981249999999818	epochs															feedback	372.0
4627.39075	1.979500000000371	epochs															iti	372.0
4629.39025	4.890749999999571	epochs															maze	373.0
4629.39025	3.7987499999999272	epochs															maze_stem	373.0
4629.41075	10.086750000000393	trials	False	True	False	False	False	True	[0.96217555 0.03782447 0.49703702 0.50296295]	0.46513850055634975	-0.45921257697045803	0.23256926238536835	0.2296062856912613	0.9621755480766296	[27104 27104 27103 27103 27103]	[27132 27132 27132 27132 27131]		
4633.20975	1.0712499999999636	epochs															maze_arm	373.0
4634.29975	5.178750000000036	epochs															feedback_and_iti	373.0
4634.29975	0.9904999999998836	epochs															feedback_delay	373.0
4635.3105	1.9830000000001746	epochs															feedback	373.0
4637.48825	1.9902499999998327	epochs															iti	373.0
4639.4975	5.401749999999993	epochs															maze	374.0
4639.4975	4.303750000000036	epochs															maze_stem	374.0
4639.51725	10.587749999999687	trials	True	True	False	False	False	True	[0.97587299 0.02412702 0.52975005 0.47024992]	0.44612292293459177	-0.5056230509653687	0.2230614721775055	0.2528115212917328	0.9758729934692383	[27164 27164 27164 27164 27164]	[27196 27196 27195 27195 27195]		
4643.82175	1.0775000000003274	epochs															maze_arm	374.0
4644.92025	5.164749999999913	epochs															feedback_and_iti	374.0
4644.92025	0.9804999999996653	epochs															feedback_delay	374.0
4645.9205	1.9864999999999782	epochs															feedback	374.0
4648.09875	1.9862499999999272	epochs															iti	374.0
4650.105	5.637250000000677	epochs															maze	375.0
4650.105	4.375	epochs															maze_stem	375.0
4650.125	10.819999999999709	trials	True	True	False	False	False	True	[0.97070146 0.02929849 0.59284002 0.40716001]	0.37786148209124804	-0.5635414840653539	0.1889307200908661	0.2817707359790802	0.9707014560699463	[27228 27228 27228 27227 27227]	[27261 27261 27260 27260 27260]		
4654.4975	1.24474999999984	epochs															maze_arm	375.0
4655.763	5.162000000000262	epochs															feedback_and_iti	375.0
4655.763	0.9807499999997162	epochs															feedback_delay	375.0
4656.76375	1.9847499999996217	epochs															feedback	375.0
4658.939	1.9859999999998763	epochs															iti	375.0
4660.945	15.571500000000015	epochs															maze	376.0
4660.945	14.44275000000016	epochs															maze_stem	376.0
4660.965	20.751000000000204	trials	True	True	False	True	True	True	[0.9688201  0.03117989 0.58399922 0.41600078]	0.3848208850249648	-0.552819318138063	0.19241044577211142	-0.2764096623286605	0.4160007834434509	[27293 27293 27293 27292 27292]	[27385 27385 27385 27385 27385]		
4675.4065	1.1099999999996726	epochs															maze_arm	376.0
4676.536	5.1597499999998035	epochs															feedback_and_iti	376.0
4676.536	0.9917500000001382	epochs															feedback_delay	376.0
4677.54475	1.97649999999976	epochs															feedback	376.0
4679.7055	1.9902499999998327	epochs															iti	376.0
4681.716	5.4797499999995125	epochs															maze	377.0
4681.716	4.145999999999731	epochs															maze_stem	377.0
4681.7385	12.517249999999876	trials	False	True	False	True	False	False	[0.91253269 0.08746735 0.37072167 0.6292783 ]	0.5418109856545925	-0.28325435146689415	-0.2709055095911026	0.14162717759609222	0.3707216680049896	[27418 27417 27417 27417 27417]	[27449 27449 27449 27449 27449]		
4685.88375	1.3119999999998981	epochs															maze_arm	377.0
4687.21675	7.01825000000008	epochs															feedback_and_iti	377.0
4687.21675	0.9952500000008513	epochs															feedback_delay	377.0
4688.23325	1.9724999999998545	epochs															feedback	377.0
4690.245	3.9899999999997817	epochs															iti	377.0
4694.25575	5.007249999999658	epochs															maze	378.0
4694.25575	3.7354999999997744	epochs															maze_stem	378.0
4694.2805	10.194000000000415	trials	False	True	False	False	False	True	[0.81084514 0.18915482 0.38895702 0.61104298]	0.4218881353735924	-0.19980218261480331	0.2109440565109253	0.09990108013153076	0.810845136642456	[27493 27493 27492 27492 27492]	[27522 27522 27521 27521 27521]		
4698.012	1.2510000000002037	epochs															maze_arm	378.0
4699.2835	5.1710000000002765	epochs															feedback_and_iti	378.0
4699.2835	0.9877500000002328	epochs															feedback_delay	378.0
4700.29225	1.9777500000000146	epochs															feedback	378.0
4702.465	1.9894999999996799	epochs															iti	378.0
4704.4745	5.392499999999927	epochs															maze	379.0
4704.4745	4.187249999999949	epochs															maze_stem	379.0
4704.4925	10.595499999999447	trials	True	True	False	False	False	True	[0.95437503 0.045625   0.51503688 0.48496312]	0.43933813087642193	-0.46941189281642437	0.21966907382011414	0.23470595479011536	0.9543750286102295	[27554 27554 27554 27553 27553]	[27585 27585 27585 27585 27585]		
4708.68175	1.185250000000451	epochs															maze_arm	379.0
4709.8875	5.180000000000291	epochs															feedback_and_iti	379.0
4709.8875	0.9987499999997453	epochs															feedback_delay	379.0
4710.9055	1.9717499999997017	epochs															feedback	379.0
4713.07575	1.9917500000001382	epochs															iti	379.0
4715.088	5.8585000000002765	epochs															maze	380.0
4715.088	4.764250000000175	epochs															maze_stem	380.0
4715.108	11.040250000000015	trials	False	True	False	False	False	True	[0.96441281 0.03558723 0.61068922 0.38931078]	0.3537235651165247	-0.5751020107418299	0.17686179280281067	0.28755101561546326	0.9644128084182739	[27618 27617 27617 27617 27617]	[27652 27652 27651 27651 27651]		
4719.87275	1.0737499999995634	epochs															maze_arm	380.0
4720.966	5.163749999999709	epochs															feedback_and_iti	380.0
4720.966	0.996249999999236	epochs															feedback_delay	380.0
4721.98375	1.9769999999998618	epochs															feedback	380.0
4724.146	1.9837500000003274	epochs															iti	380.0
4726.14825	4.831749999999374	epochs															maze	381.0
4726.14825	3.686749999999847	epochs															maze_stem	381.0
4726.1675	10.016250000000582	trials	True	True	False	False	False	True	[0.97101957 0.02898046 0.57162547 0.42837459]	0.39939410984516144	-0.5426449924707413	0.19969704747200012	0.2713225185871124	0.9710195660591125	[27684 27684 27684 27683 27683]	[27712 27712 27712 27711 27711]		
4729.85475	1.1252499999991414	epochs															maze_arm	381.0
4730.9985	5.164999999999964	epochs															feedback_and_iti	381.0
4730.9985	0.98700000000008	epochs															feedback_delay	381.0
4732.00525	1.9882499999994252	epochs															feedback	381.0
4734.1775	1.9859999999998763	epochs															iti	381.0
4736.18375	6.427499999999782	epochs															maze	382.0
4736.18375	5.211999999999534	epochs															maze_stem	382.0
4736.20175	13.463999999999942	trials	False	True	False	True	False	False	[0.96845323 0.03154681 0.63808793 0.3619121 ]	0.3303652945905924	-0.606541121378541	-0.16518265008926392	0.3032705783843994	0.6380879282951355	[27744 27744 27744 27743 27743]	[27782 27781 27781 27781 27781]		
4741.41625	1.194999999999709	epochs															maze_arm	382.0
4742.63175	7.01325000000088	epochs															feedback_and_iti	382.0
4742.63175	0.9957500000000437	epochs															feedback_delay	382.0
4743.646	1.974250000000211	epochs															feedback	382.0
4745.66	3.985000000000582	epochs															iti	382.0
4749.66575	5.850999999999658	epochs															maze	383.0
4749.66575	4.126999999999498	epochs															maze_stem	383.0
4749.68625	11.047500000000582	trials	False	True	False	True	True	True	[0.85491288 0.14508712 0.50990057 0.49009946]	0.3450123220682144	-0.364813432097435	0.1725061684846878	-0.1824067085981369	0.4900994598865509	[27825 27825 27824 27824 27824]	[27859 27859 27859 27858 27858]		
4753.8125	1.7042499999997744	epochs															maze_arm	383.0
4755.537	5.175749999999425	epochs															feedback_and_iti	383.0
4755.537	0.9947499999998399	epochs															feedback_delay	383.0
4756.5505	1.9699999999993452	epochs															feedback	383.0
4758.724	1.988749999999527	epochs															iti	383.0
4760.73375	5.228250000000116	epochs															maze	384.0
4760.73375	4.078249999999571	epochs															maze_stem	384.0
4760.75275	12.265000000000327	trials	False	True	False	True	False	False	[0.88894683 0.11105319 0.38091266 0.61908728]	0.5080341286957264	-0.26985951140522957	-0.25401708483695984	0.13492974638938904	0.3809126615524292	[27891 27891 27891 27891 27890]	[27922 27921 27921 27921 27921]		
4764.832	1.1300000000001091	epochs															maze_arm	384.0
4765.98175	7.01575000000048	epochs															feedback_and_iti	384.0
4765.98175	0.9859999999998763	epochs															feedback_delay	384.0
4766.9875	1.975749999999607	epochs															feedback	384.0
4769.00625	3.9912500000000364	epochs															iti	384.0
4773.01775	6.0955000000003565	epochs															maze	385.0
4773.01775	4.149000000000342	epochs															maze_stem	385.0
4773.0385	11.275500000000648	trials	False	True	False	True	True	True	[0.79448354 0.20551641 0.40589446 0.5941056 ]	0.38858913630247116	-0.20037799328565598	0.19429459422826767	-0.10018899291753769	0.59410560131073	[27965 27965 27964 27964 27964]	[28000 28000 28000 28000 28000]		
4777.1865	1.9267500000005384	epochs															maze_arm	385.0
4779.1335	5.160750000000007	epochs															feedback_and_iti	385.0
4779.1335	0.9857499999998254	epochs															feedback_delay	385.0
4780.13925	1.981249999999818	epochs															feedback	385.0
4782.31575	1.9785000000001673	epochs															iti	385.0
4784.314	5.3104999999995925	epochs															maze	386.0
4784.314	4.044499999999971	epochs															maze_stem	386.0
4784.33475	12.35425000000032	trials	False	True	False	True	False	False	[0.86355627 0.13644369 0.32766905 0.67233092]	0.5358872190117836	-0.1912253573536873	-0.2679436057806015	0.09561266005039215	0.32766905426979065	[28033 28032 28032 28032 28032]	[28064 28063 28063 28063 28063]		
4788.378	1.2465000000001965	epochs															maze_arm	386.0
4789.64225	7.025000000000546	epochs															feedback_and_iti	386.0
4789.64225	0.9965000000001965	epochs															feedback_delay	386.0
4790.66025	1.9782500000001164	epochs															feedback	386.0
4792.67775	3.9895000000005894	epochs															iti	386.0
4796.689	6.4712499999996	epochs															maze	387.0
4796.689	4.344749999999294	epochs															maze_stem	387.0
4796.71	11.659999999999854	trials	False	True	False	True	True	True	[0.76792186 0.23207815 0.37591016 0.62408984]	0.39201169461011887	-0.1438320204615593	0.19600584357976913	-0.07191600650548935	0.6240898370742798	[28107 28107 28106 28106 28106]	[28145 28144 28144 28144 28144]		
4801.05175	2.1085000000002765	epochs															maze_arm	387.0
4803.18	5.169750000000022	epochs															feedback_and_iti	387.0
4803.18	0.9849999999996726	epochs															feedback_delay	387.0
4804.18575	1.987250000000131	epochs															feedback	387.0
4806.35525	1.9945000000006985	epochs															iti	387.0
4808.37	5.41675000000032	epochs															maze	388.0
4808.37	4.355999999999767	epochs															maze_stem	388.0
4808.38975	10.599249999999302	trials	False	True	False	False	False	True	[0.84500128 0.15499869 0.30637002 0.69362998]	0.5386312752962112	-0.1513713151216507	0.269315630197525	0.07568565011024475	0.8450012803077698	[28177 28177 28176 28176 28176]	[28208 28208 28208 28208 28208]		
4812.74475	1.042000000000371	epochs															maze_arm	388.0
4813.807	5.161000000000058	epochs															feedback_and_iti	388.0
4813.807	0.9935000000004948	epochs															feedback_delay	388.0
4814.82425	1.9777500000000146	epochs															feedback	388.0
4816.98325	1.9847499999996217	epochs															iti	388.0
4818.989	4.887250000000677	epochs															maze	389.0
4818.989	3.72400000000016	epochs															maze_stem	389.0
4819.01025	10.063000000000102	trials	False	True	False	True	True	True	[0.94939756 0.05060244 0.37583902 0.62416101]	0.5735585521906614	-0.3252365719527006	0.28677928261458874	-0.16261827759444714	0.6241610050201416	[28240 28240 28240 28240 28240]	[28269 28269 28268 28268 28268]		
4822.73325	1.143000000000029	epochs															maze_arm	389.0
4823.896	5.157000000000153	epochs															feedback_and_iti	389.0
4823.896	0.98700000000008	epochs															feedback_delay	389.0
4824.90275	1.9780000000000655	epochs															feedback	389.0
4827.0655	1.987500000000182	epochs															iti	389.0
4829.07325	6.162999999999556	epochs															maze	390.0
4829.07325	5.085249999999178	epochs															maze_stem	390.0
4829.09275	11.340500000000247	trials	True	True	False	True	True	True	[0.88554841 0.11445162 0.27983138 0.72016865]	0.6057170294225216	-0.16537975892424583	0.30285851284861565	-0.08268986269831657	0.7201686501502991	[28301 28301 28301 28300 28300]	[28337 28337 28337 28336 28336]		
4834.17875	1.0574999999998909	epochs															maze_arm	390.0
4835.25575	5.156500000000051	epochs															feedback_and_iti	390.0
4835.25575	0.9875000000001819	epochs															feedback_delay	390.0
4836.26225	1.9747500000003129	epochs															feedback	390.0
4838.41875	1.9935000000004948	epochs															iti	390.0
4840.43325	5.989999999999782	epochs															maze	391.0
4840.43325	4.842499999999745	epochs															maze_stem	391.0
4840.45225	11.197000000000116	trials	False	True	False	True	True	True	[0.87732893 0.12267108 0.26602322 0.73397678]	0.6113057062029839	-0.14335214346647263	0.30565284937620163	-0.07167606800794601	0.7339767813682556	[28369 28369 28369 28368 28368]	[28404 28404 28404 28403 28403]		
4845.29375	1.1295000000000073	epochs															maze_arm	391.0
4846.44475	5.175750000000335	epochs															feedback_and_iti	391.0
4846.44475	0.998000000000502	epochs															feedback_delay	391.0
4847.4635	1.9650000000001455	epochs															feedback	391.0
4849.62075	1.999749999999949	epochs															iti	391.0
4851.64925	6.752999999999702	epochs															maze	392.0
4851.64925	5.12224999999944	epochs															maze_stem	392.0
4851.67025	13.795000000000073	trials	False	True	False	True	False	False	[0.86844957 0.13155046 0.23834796 0.76165205]	0.6301015987992287	-0.10679750889539719	-0.31505080312490463	0.05339876562356949	0.23834796249866486	[28436 28436 28436 28436 28436]	[28476 28476 28475 28475 28475]		
4856.79125	1.6109999999998763	epochs															maze_arm	392.0
4858.42175	7.016249999999673	epochs															feedback_and_iti	392.0
4858.42175	0.9874999999992724	epochs															feedback_delay	392.0
4859.431	1.9810000000006767	epochs															feedback	392.0
4861.44925	3.9887500000004366	epochs															iti	392.0
4865.46525	5.295000000000073	epochs															maze	393.0
4865.46525	3.9277499999998327	epochs															maze_stem	393.0
4865.48725	10.498749999999745	trials	False	True	False	False	False	True	[0.73571843 0.26428154 0.28115636 0.71884358]	0.4545620530843735	-0.016874834895133972	0.22728103399276733	0.008437395095825195	0.7357184290885925	[28519 28519 28519 28519 28518]	[28550 28550 28550 28549 28549]		
4869.414	1.3462500000005093	epochs															maze_arm	393.0
4870.78075	5.183250000000044	epochs															feedback_and_iti	393.0
4870.78075	0.9800000000004729	epochs															feedback_delay	393.0
4871.78325	1.9952499999999418	epochs															feedback	393.0
4873.96775	1.9962500000001455	epochs															iti	393.0
4875.986	6.809250000000247	epochs															maze	394.0
4875.986	5.708749999999782	epochs															maze_stem	394.0
4876.00375	12.011999999999716	trials	True	True	False	True	True	True	[0.94511849 0.05488151 0.4039422  0.59605783]	0.5411763042211533	-0.34906066954135895	0.2705881595611572	-0.17453032732009888	0.5960578322410583	[28582 28582 28582 28582 28581]	[28622 28622 28622 28621 28621]		
4881.714	1.081250000000182	epochs															maze_arm	394.0
4882.81425	5.181999999999789	epochs															feedback_and_iti	394.0
4882.81425	0.9997499999999491	epochs															feedback_delay	394.0
4883.8335	1.9805000000005748	epochs															feedback	394.0
4886.0035	1.992750000000342	epochs															iti	394.0
4888.01575	5.161000000000058	epochs															maze	395.0
4888.01575	4.019250000000284	epochs															maze_stem	395.0
4888.0355	10.346749999999702	trials	True	True	False	False	False	True	[0.88997471 0.11002529 0.29884535 0.70115459]	0.5911293290555477	-0.18882009014487267	0.2955646812915802	0.09441003203392029	0.8899747133255005	[28654 28654 28654 28654 28654]	[28684 28684 28684 28684 28684]		
4892.0525	1.1242499999998472	epochs															maze_arm	395.0
4893.195	5.164999999999964	epochs															feedback_and_iti	395.0
4893.195	0.9949999999998909	epochs															feedback_delay	395.0
4894.21075	1.9719999999997526	epochs															feedback	395.0
4896.37325	1.986750000000029	epochs															iti	395.0
4898.38225	5.697000000000116	epochs															maze	396.0
4898.38225	4.035249999999905	epochs															maze_stem	396.0
4898.401	12.730250000000524	trials	False	True	False	True	False	False	[0.94398493 0.05601506 0.35479915 0.64520079]	0.5891857519745827	-0.29878411442041397	-0.29459288716316223	0.1493920385837555	0.35479915142059326	[28716 28716 28716 28716 28716]	[28750 28749 28749 28749 28749]		
4902.437	1.6422499999998763	epochs															maze_arm	396.0
4904.09675	7.015000000000327	epochs															feedback_and_iti	396.0
4904.09675	0.9859999999998763	epochs															feedback_delay	396.0
4905.10175	1.981249999999818	epochs															feedback	396.0
4907.12	3.9917500000001382	epochs															iti	396.0
4911.13125	5.372499999999491	epochs															maze	397.0
4911.13125	3.801249999999527	epochs															maze_stem	397.0
4911.14975	10.581750000000284	trials	True	True	False	False	False	True	[0.8114928  0.18850721 0.33708012 0.66291988]	0.4744126722216606	-0.1485729143023491	0.2372063398361206	0.07428646087646484	0.8114928007125854	[28793 28793 28793 28792 28792]	[28824 28824 28824 28824 28823]		
4914.951	1.5527499999998327	epochs															maze_arm	397.0
4916.52275	5.188750000000255	epochs															feedback_and_iti	397.0
4916.52275	0.9897499999997308	epochs															feedback_delay	397.0
4917.5315	1.9852499999997235	epochs															feedback	397.0
4919.713	1.998500000000604	epochs															iti	397.0
4921.7315	5.0222499999999854	epochs															maze	398.0
4921.7315	3.9935000000004948	epochs															maze_stem	398.0
4921.7495	10.200249999999869	trials	False	True	False	False	False	True	[0.92731494 0.072685   0.44251513 0.55748487]	0.4847998358309269	-0.36983010545372963	0.2423999011516571	0.18491503596305847	0.9273149371147156	[28856 28856 28856 28856 28856]	[28886 28885 28885 28885 28885]		
4925.746	1.00774999999976	epochs															maze_arm	398.0
4926.7735	5.157250000000204	epochs															feedback_and_iti	398.0
4926.7735	0.9927499999994325	epochs															feedback_delay	398.0
4927.788	1.974250000000211	epochs															feedback	398.0
4929.94	1.990750000000844	epochs															iti	398.0
4931.94975	5.5037499999998545	epochs															maze	399.0
4931.94975	4.4027500000001965	epochs															maze_stem	399.0
4931.9705	10.699749999999767	trials	True	True	False	True	True	True	[0.96116811 0.03883192 0.41939291 0.58060712]	0.54177519492805	-0.38056099228560925	0.27088759653270245	-0.19028048031032085	0.5806071162223816	[28918 28918 28917 28917 28917]	[28950 28950 28949 28949 28949]		
4936.3725	1.0809999999992215	epochs															maze_arm	399.0
4937.47375	5.175999999999476	epochs															feedback_and_iti	399.0
4937.47375	0.9882500000003347	epochs															feedback_delay	399.0
4938.4825	1.9857499999998254	epochs															feedback	399.0
4940.66575	1.9839999999994689	epochs															iti	399.0
4942.67025	6.226749999999811	epochs															maze	400.0
4942.67025	4.445749999999862	epochs															maze_stem	400.0
4942.69075	11.399750000000495	trials	False	True	False	True	True	True	[0.91170096 0.08829904 0.33525985 0.66474015]	0.5764411054551601	-0.2469608150422573	0.2882205508649349	-0.1234804056584835	0.6647401452064514	[28982 28982 28982 28981 28981]	[29018 29018 29018 29018 29018]		
4947.137	1.7600000000002183	epochs															maze_arm	400.0
4948.91875	5.151499999999942	epochs															feedback_and_iti	400.0
4948.91875	0.9915000000000873	epochs															feedback_delay	400.0
4949.9335	1.9679999999998472	epochs															feedback	400.0
4952.09025	1.9799999999995634	epochs															iti	400.0
4954.0905	5.521249999999782	epochs															maze	401.0
4954.0905	4.143500000000131	epochs															maze_stem	401.0
4954.11125	12.570999999999913	trials	False	True	False	True	False	False	[0.90640289 0.09359712 0.29196608 0.70803398]	0.6144368313252926	-0.19836893305182457	-0.30721840262413025	0.09918448328971863	0.2919660806655884	[29050 29050 29050 29050 29050]	[29083 29082 29082 29082 29082]		
4958.253	1.3587500000003274	epochs															maze_arm	401.0
4959.6325	7.029250000000502	epochs															feedback_and_iti	401.0
4959.6325	0.9907499999999345	epochs															feedback_delay	401.0
4960.64375	1.9827500000001237	epochs															feedback	401.0
4962.66475	3.9970000000002983	epochs															iti	401.0
4966.68225	6.011500000000524	epochs															maze	402.0
4966.68225	4.038749999999709	epochs															maze_stem	402.0
4966.70025	13.056499999999687	trials	True	True	False	False	True	False	[0.80086267 0.19913736 0.32994747 0.67005253]	0.47091518342494965	-0.13081012666225433	-0.23545758426189423	-0.06540505588054657	0.1991373598575592	[29126 29126 29126 29125 29125]	[29161 29161 29161 29160 29160]		
4970.74075	1.9530000000004293	epochs															maze_arm	402.0
4972.713	7.024000000000342	epochs															feedback_and_iti	402.0
4972.713	0.9864999999999782	epochs															feedback_delay	402.0
4973.7195	1.9932499999995343	epochs															feedback	402.0
4975.7465	3.9904999999998836	epochs															iti	402.0
4979.75675	5.990500000000793	epochs															maze	403.0
4979.75675	4.136500000000524	epochs															maze_stem	403.0
4979.7765	11.181749999999738	trials	False	True	False	False	False	True	[0.69056368 0.30943632 0.3641313  0.63586873]	0.32643239200115204	-0.05469496548175812	0.16321618854999542	0.027347490191459656	0.6905636787414551	[29204 29204 29204 29204 29204]	[29239 29239 29239 29239 29239]		
4983.914	1.8332500000005894	epochs															maze_arm	403.0
4985.767	5.1710000000002765	epochs															feedback_and_iti	403.0
4985.767	0.9915000000000873	epochs															feedback_delay	403.0
4986.77975	1.967250000000604	epochs															feedback	403.0
4988.94625	1.9917500000001382	epochs															iti	403.0
4990.95825	6.184500000000298	epochs															maze	404.0
4990.95825	4.958000000000538	epochs															maze_stem	404.0
4990.9785	11.369249999999738	trials	False	True	False	True	True	True	[0.88127822 0.11872179 0.41659454 0.58340549]	0.4646836929023266	-0.29787273332476616	0.23234185203909874	-0.14893635734915733	0.5834054946899414	[29271 29271 29271 29271 29271]	[29308 29307 29307 29307 29307]		
4995.9365	1.206250000000182	epochs															maze_arm	404.0
4997.162	5.1672499999995125	epochs															feedback_and_iti	404.0
4997.162	0.9842499999995198	epochs															feedback_delay	404.0
4998.1665	1.9862499999999272	epochs															feedback	404.0
5000.3315	1.9977499999995416	epochs															iti	404.0
5002.34775	6.325749999999971	epochs															maze	405.0
5002.34775	5.212999999999738	epochs															maze_stem	405.0
5002.36675	11.519250000000284	trials	True	True	False	True	True	True	[0.85918897 0.14081109 0.29763362 0.70236641]	0.561555340886116	-0.1568225473165512	0.2807776629924774	-0.07841125130653381	0.7023664116859436	[29340 29340 29339 29339 29339]	[29377 29377 29376 29376 29376]		
5007.58	1.093499999999949	epochs															maze_arm	405.0
5008.69325	5.172499999999673	epochs															feedback_and_iti	405.0
5008.69325	0.9792499999994106	epochs															feedback_delay	405.0
5009.694	1.9957499999991342	epochs															feedback	405.0
5011.87075	1.9949999999998909	epochs															iti	405.0
5013.886	5.849999999999454	epochs															maze	406.0
5013.886	4.763749999999163	epochs															maze_stem	406.0
5013.904	11.035749999999098	trials	False	True	False	False	False	True	[0.85160029 0.14839967 0.28034836 0.71965164]	0.5712519511580467	-0.13194867223501205	0.28562596440315247	0.06597432494163513	0.8516002893447876	[29409 29409 29409 29408 29408]	[29443 29443 29443 29442 29442]		
5018.67175	1.064249999999447	epochs															maze_arm	406.0
5019.755	5.164499999999862	epochs															feedback_and_iti	406.0
5019.755	0.9949999999998909	epochs															feedback_delay	406.0
5020.77025	1.979500000000371	epochs															feedback	406.0
5022.93575	1.9837500000003274	epochs															iti	406.0
5024.93975	4.921750000000429	epochs															maze	407.0
5024.93975	3.80475000000024	epochs															maze_stem	407.0
5024.96075	10.112750000000233	trials	False	True	False	False	False	True	[0.95243245 0.04756757 0.35327634 0.64672363]	0.5991560835391283	-0.3057087976485491	0.29957805573940277	0.15285439789295197	0.9524324536323547	[29475 29475 29475 29475 29474]	[29504 29504 29503 29503 29503]		
5028.76625	1.0952500000003056	epochs															maze_arm	407.0
5029.88075	5.1727499999997235	epochs															feedback_and_iti	407.0
5029.88075	0.9924999999993815	epochs															feedback_delay	407.0
5030.89325	1.9804999999996653	epochs															feedback	407.0
5033.06525	1.9882500000003347	epochs															iti	407.0
5035.0735	4.752749999999651	epochs															maze	408.0
5035.0735	3.726249999999709	epochs															maze_stem	408.0
5035.09425	9.920500000000175	trials	False	True	False	False	False	True	[0.96930045 0.03069954 0.43119171 0.56880826]	0.538108728826046	-0.40049218386411667	0.2690543681383133	0.20024608075618744	0.9693004488945007	[29536 29536 29536 29535 29535]	[29564 29563 29563 29563 29563]		
5038.8195	1.0067500000004657	epochs															maze_arm	408.0
5039.84775	5.145999999999731	epochs															feedback_and_iti	408.0
5039.84775	0.9917500000001382	epochs															feedback_delay	408.0
5040.86125	1.9722499999998035	epochs															feedback	408.0
5043.01125	1.9825000000000728	epochs															iti	408.0
5045.01475	6.579999999999927	epochs															maze	409.0
5045.01475	5.451000000000022	epochs															maze_stem	409.0
5045.03525	11.764500000000226	trials	False	True	False	True	True	True	[0.97243112 0.02756892 0.45434374 0.54565632]	0.5180873945355415	-0.4267748072743416	0.25904370099306107	-0.2133873775601387	0.5456563234329224	[29596 29595 29595 29595 29595]	[29634 29634 29634 29633 29633]		
5050.48725	1.1075000000000728	epochs															maze_arm	409.0
5051.615	5.166000000000167	epochs															feedback_and_iti	409.0
5051.615	0.9970000000002983	epochs															feedback_delay	409.0
5052.63325	1.9760000000005675	epochs															feedback	409.0
5054.7915	1.9894999999996799	epochs															iti	409.0
5056.79975	7.15349999999944	epochs															maze	410.0
5056.79975	5.881749999999556	epochs															maze_stem	410.0
5056.82025	12.345750000000407	trials	False	True	False	True	True	True	[0.9076578  0.09234219 0.28938869 0.71061128]	0.6182691045105457	-0.19704650714993477	0.3091345466673374	-0.09852326288819313	0.7106112837791443	[29666 29666 29666 29666 29665]	[29708 29708 29708 29708 29707]		
5062.6995	1.2537499999998545	epochs															maze_arm	410.0
5063.97375	5.171250000000327	epochs															feedback_and_iti	410.0
5063.97375	0.9994999999998981	epochs															feedback_delay	410.0
5064.995	1.9657500000002983	epochs															feedback	410.0
5067.14975	1.9952500000008513	epochs															iti	410.0
5069.166	6.1212500000001455	epochs															maze	411.0
5069.166	4.8289999999997235	epochs															maze_stem	411.0
5069.18675	13.163500000000568	trials	False	True	False	True	False	False	[0.89067793 0.10932209 0.23942278 0.76057726]	0.6512551568448544	-0.13010067865252495	-0.32562757283449173	0.06505035609006882	0.2394227832555771	[29740 29740 29740 29740 29740]	[29776 29776 29776 29776 29775]		
5074.01425	1.2730000000001382	epochs															maze_arm	411.0
5075.30775	7.023250000000189	epochs															feedback_and_iti	411.0
5075.30775	0.992500000000291	epochs															feedback_delay	411.0
5076.32125	1.9837500000003274	epochs															feedback	411.0
5078.3425	3.9885000000003856	epochs															iti	411.0
5082.35025	6.243499999999585	epochs															maze	412.0
5082.35025	4.380749999999352	epochs															maze_stem	412.0
5082.37075	9.319999999999709	trials	False	True	False	True	True	True	[0.75374466 0.24625538 0.26732209 0.73267788]	0.4864225313067436	-0.02106674760580063	0.24321124702692032	-0.010533370077610016	0.7326778769493103	[29819 29819 29819 29819 29819]	[29856 29856 29855 29855 29855]		
5086.74875	1.8450000000002547	epochs															maze_arm	412.0
5088.61375	3.076999999999316	epochs															feedback_and_iti	412.0
5088.61375	0.9882499999994252	epochs															feedback_delay	412.0
5089.62325	1.9755000000004657	epochs															feedback	412.0
