onset	duration	nwb_table	is_vis	is_ruleA	is_switch	is_cueB	is_choL	is_correct	association_mat	rule_belief	signed_bias	rule_following	bias_following	prob_actual_cho	trial_onset_plane_frame_idx	trial_offset_plane_frame_idx	epoch_type	trial_id
28.5045	8.433250000000001	epochs															maze	0.0
28.5045	7.207999999999998	epochs															maze_stem	0.0
28.53175	15.473499999999998	trials	False	False	False	True	True	False	[0.4327412545681, 0.5672587752342224, 0.47164788842201233, 0.5283520817756653]	-0.03890666365623474	0.0956108570098877	-0.019453346729278564	0.04780542850494385	0.5283520817756653	[77, 77, 76, 76, 76]	[126, 126, 126, 126, 126]		
35.731	1.2067499999999995	epochs															maze_arm	0.0
36.95525	7.02375	epochs															feedback_and_iti	0.0
36.95525	0.9834999999999994	epochs															feedback_delay	0.0
37.95975	1.9832499999999982	epochs															feedback	0.0
39.98775	3.991250000000001	epochs															iti	0.0
44.00525	11.631	epochs															maze	1.0
44.00525	9.390250000000002	epochs															maze_stem	1.0
44.0295	16.87525	trials	False	False	False	True	False	True	[0.22644978761672974, 0.773550271987915, 0.2384902387857437, 0.7615097761154175]	-0.012040473520755768	0.5350600108504295	0.0060202255845069885	-0.2675299867987633	0.2384902387857437	[170, 169, 169, 169, 169]	[238, 238, 238, 238, 238]		
53.41675	2.2194999999999965	epochs															maze_arm	1.0
55.6525	5.231749999999998	epochs															feedback_and_iti	1.0
55.6525	0.9854999999999947	epochs															feedback_delay	1.0
56.65625	1.9954999999999998	epochs															feedback	1.0
58.8965	1.9877499999999984	epochs															iti	1.0
60.90475	11.751749999999994	epochs															maze	2.0
60.90475	10.389000000000003	epochs															maze_stem	2.0
60.925	16.934750000000008	trials	True	False	False	True	False	True	[0.37828242778778076, 0.6217175722122192, 0.4782644808292389, 0.5217354893684387]	-0.09998206794261932	0.14345307648181915	0.049991026520729065	-0.07172654569149017	0.4782644808292389	[271, 271, 271, 270, 270]	[341, 340, 340, 340, 340]		
71.31325	1.3432499999999976	epochs															maze_arm	2.0
72.67625	5.163750000000007	epochs															feedback_and_iti	2.0
72.67625	0.9819999999999993	epochs															feedback_delay	2.0
73.6755	1.992999999999995	epochs															feedback	2.0
75.86425	1.975750000000005	epochs															iti	2.0
77.85975	11.82275	epochs															maze	3.0
77.85975	10.5595	epochs															maze_stem	3.0
77.87925	17.052750000000003	trials	False	False	False	True	False	True	[0.4928355813026428, 0.5071644186973572, 0.6867783665657043, 0.31322166323661804]	-0.19394277036190033	-0.17961393296718597	0.09697139263153076	0.08980697393417358	0.6867783665657043	[373, 372, 372, 372, 372]	[443, 442, 442, 442, 442]		
88.43675	1.245750000000001	epochs															maze_arm	3.0
89.7015	5.197000000000003	epochs															feedback_and_iti	3.0
89.7015	0.9877500000000055	epochs															feedback_delay	3.0
90.711	1.9784999999999968	epochs															feedback	3.0
92.901	1.9975000000000023	epochs															iti	3.0
94.932	8.90925	epochs															maze	4.0
94.932	4.746749999999992	epochs															maze_stem	4.0
94.95975	14.115750000000006	trials	True	False	False	False	True	True	[0.5703760385513306, 0.42962393164634705, 0.8200992345809937, 0.17990072071552277]	-0.24972320348024368	-0.3904753103852272	0.12486160546541214	-0.1952376738190651	0.42962393164634705	[475, 475, 475, 474, 474]	[528, 527, 527, 527, 527]		
99.6975	4.143749999999997	epochs															maze_arm	4.0
103.86375	5.188000000000002	epochs															feedback_and_iti	4.0
103.86375	0.9795000000000016	epochs															feedback_delay	4.0
104.86	1.9922499999999985	epochs															feedback	4.0
107.068	1.9837500000000006	epochs															iti	4.0
109.0755	5.460499999999996	epochs															maze	5.0
109.0755	4.013499999999993	epochs															maze_stem	5.0
109.09875	10.6755	trials	True	False	False	False	True	True	[0.29578378796577454, 0.7042161822319031, 0.7672588229179382, 0.23274114727973938]	-0.4714750349521637	-0.06304264068603516	0.23573751747608185	-0.03152133524417877	0.7042161822319031	[560, 560, 559, 559, 559]	[592, 591, 591, 591, 591]		
113.10875	1.4272500000000008	epochs															maze_arm	5.0
114.55325	5.1995000000000005	epochs															feedback_and_iti	5.0
114.55325	0.9974999999999881	epochs															feedback_delay	5.0
115.576	1.9767500000000098	epochs															feedback	5.0
117.7555	1.9972500000000082	epochs															iti	5.0
119.77425	11.514499999999998	epochs															maze	6.0
119.77425	10.058999999999997	epochs															maze_stem	6.0
119.7935	16.694500000000005	trials	False	False	False	True	False	True	[0.09669816493988037, 0.9033018350601196, 0.7422115206718445, 0.2577885091304779]	-0.6455133408308029	0.16109032928943634	0.32275667786598206	-0.08054515719413757	0.7422115206718445	[624, 624, 624, 623, 623]	[692, 692, 692, 691, 691]		
129.85525	1.433499999999981	epochs															maze_arm	6.0
131.30525	5.16425000000001	epochs															feedback_and_iti	6.0
131.30525	1.0	epochs															feedback_delay	6.0
132.32175	1.978999999999985	epochs															feedback	6.0
134.484	1.9855000000000018	epochs															iti	6.0
136.488	9.573250000000002	epochs															maze	7.0
136.488	7.589499999999987	epochs															maze_stem	7.0
136.5075	14.77000000000001	trials	False	False	False	True	False	True	[0.1579533815383911, 0.8420466184616089, 0.8612841367721558, 0.13871583342552185]	-0.7033307701349258	-0.01923753321170807	0.3516653776168823	0.009618759155273438	0.8612841367721558	[724, 724, 724, 724, 723]	[781, 780, 780, 780, 780]		
144.09775	1.9635000000000105	epochs															maze_arm	7.0
146.078	5.1699999999999875	epochs															feedback_and_iti	7.0
146.078	0.9922499999999843	epochs															feedback_delay	7.0
147.086	1.9822499999999934	epochs															feedback	7.0
149.25175	1.9962500000000034	epochs															iti	7.0
151.2775	5.598500000000001	epochs															maze	8.0
151.2775	4.248750000000001	epochs															maze_stem	8.0
151.3015	10.783749999999998	trials	False	False	False	False	True	True	[0.16117572784423828, 0.8388242125511169, 0.8753801584243774, 0.12461985647678375]	-0.7142043933272362	-0.03655590862035751	0.3571021780371666	-0.018277965486049652	0.8388242125511169	[813, 813, 812, 812, 812]	[846, 845, 845, 845, 845]		
155.54675	1.3292500000000018	epochs															maze_arm	8.0
156.8975	5.164999999999992	epochs															feedback_and_iti	8.0
156.8975	0.9982499999999845	epochs															feedback_delay	8.0
157.9315	1.9592499999999973	epochs															feedback	8.0
160.07375	1.9887500000000102	epochs															iti	8.0
162.08525	11.332999999999998	epochs															maze	9.0
162.08525	9.868750000000006	epochs															maze_stem	9.0
162.10725	16.503749999999997	trials	True	False	False	True	False	True	[0.07528773695230484, 0.9247123003005981, 0.8620745539665222, 0.13792537152767181]	-0.7867868728935719	0.06263769045472145	0.3933934085071087	-0.03131885454058647	0.8620745539665222	[878, 877, 877, 877, 877]	[945, 944, 944, 944, 944]		
171.9765	1.4417500000000132	epochs															maze_arm	9.0
173.434	5.157499999999999	epochs															feedback_and_iti	9.0
173.434	0.9972500000000082	epochs															feedback_delay	9.0
174.44825	1.984499999999997	epochs															feedback	9.0
176.6225	1.968999999999994	epochs															iti	9.0
178.611	10.066500000000019	epochs															maze	10.0
178.611	6.530000000000001	epochs															maze_stem	10.0
178.63	17.15025	trials	False	False	False	True	True	False	[0.08452720940113068, 0.9154728055000305, 0.7821754217147827, 0.21782457828521729]	-0.6976482197642326	0.1332973763346672	-0.3488241136074066	0.0666486918926239	0.21782457828521729	[977, 977, 976, 976, 976]	[1036, 1036, 1036, 1036, 1035]		
185.15975	3.5177500000000066	epochs															maze_arm	10.0
188.6975	7.052000000000021	epochs															feedback_and_iti	10.0
188.6975	0.9892499999999984	epochs															feedback_delay	10.0
189.70425	1.990000000000009	epochs															feedback	10.0
191.7615	3.9879999999999995	epochs															iti	10.0
195.78025	10.716250000000002	epochs															maze	11.0
195.78025	9.291500000000013	epochs															maze_stem	11.0
195.80325	17.747250000000008	trials	False	False	False	False	False	False	[0.12462347000837326, 0.8753765225410461, 0.5309524536132812, 0.46904751658439636]	-0.4063289947807789	0.344424057751894	-0.203164491802454	-0.17221203818917274	0.12462347000837326	[1080, 1080, 1079, 1079, 1079]	[1143, 1143, 1143, 1142, 1142]		
205.09075	1.4057499999999834	epochs															maze_arm	11.0
206.51825	7.0120000000000005	epochs															feedback_and_iti	11.0
206.51825	0.9927500000000009	epochs															feedback_delay	11.0
207.542	1.9637500000000045	epochs															feedback	11.0
209.54875	3.9814999999999827	epochs															iti	11.0
213.5505	6.234250000000003	epochs															maze	12.0
213.5505	4.539999999999992	epochs															maze_stem	12.0
213.571	11.46950000000001	trials	False	False	False	False	True	True	[0.4816156029701233, 0.5183843970298767, 0.72286456823349, 0.27713537216186523]	-0.2412489950656891	-0.20448020100593567	0.12062451243400574	-0.10224011540412903	0.5183843970298767	[1186, 1186, 1186, 1186, 1185]	[1223, 1223, 1222, 1222, 1222]		
218.1105	1.6742500000000007	epochs															maze_arm	12.0
219.80825	5.2032500000000255	epochs															feedback_and_iti	12.0
219.80825	0.9785000000000252	epochs															feedback_delay	12.0
220.81075	1.9934999999999832	epochs															feedback	12.0
223.02225	1.9892499999999984	epochs															iti	12.0
225.0405	8.635750000000002	epochs															maze	13.0
225.0405	5.719249999999988	epochs															maze_stem	13.0
225.0615	13.814250000000015	trials	False	False	False	False	True	True	[0.11450239270925522, 0.8854975700378418, 0.5498594045639038, 0.4501406252384186]	-0.4353569783270359	0.3356381990015507	0.2176784723997116	0.1678190976381302	0.8854975700378418	[1255, 1255, 1255, 1255, 1254]	[1306, 1306, 1306, 1305, 1305]		
230.782	2.8942499999999995	epochs															maze_arm	13.0
233.70925	5.146000000000015	epochs															feedback_and_iti	13.0
233.70925	0.9879999999999995	epochs															feedback_delay	13.0
234.7195	1.9644999999999868	epochs															feedback	13.0
236.88	1.9752500000000168	epochs															iti	13.0
238.87575	9.274999999999977	epochs															maze	14.0
238.87575	5.856249999999989	epochs															maze_stem	14.0
238.899	14.455250000000007	trials	False	False	False	False	True	True	[0.06273684650659561, 0.9372631311416626, 0.5321249961853027, 0.46787503361701965]	-0.46938812360167503	0.40513816103339195	0.23469404876232147	0.20256908237934113	0.9372631311416626	[1338, 1338, 1338, 1338, 1337]	[1393, 1393, 1392, 1392, 1392]		
244.752	3.3987499999999784	epochs															maze_arm	14.0
248.178	5.155750000000012	epochs															feedback_and_iti	14.0
248.178	0.9957500000000152	epochs															feedback_delay	14.0
249.194	1.9675000000000011	epochs															feedback	14.0
251.3515	1.9822500000000218	epochs															iti	14.0
253.35425	12.474500000000006	epochs															maze	15.0
253.35425	11.068999999999988	epochs															maze_stem	15.0
253.374	17.68350000000001	trials	False	False	False	True	False	True	[0.04591535031795502, 0.9540846347808838, 0.5415393710136414, 0.45846062898635864]	-0.49562401324510574	0.41254527121782303	0.24781201034784317	-0.2062726393342018	0.5415393710136414	[1425, 1425, 1425, 1424, 1424]	[1499, 1499, 1498, 1498, 1498]		
264.443	1.38575000000003	epochs															maze_arm	15.0
265.85375	5.180000000000007	epochs															feedback_and_iti	15.0
265.85375	0.9950000000000045	epochs															feedback_delay	15.0
266.86625	1.98275000000001	epochs															feedback	15.0
269.04275	1.9909999999999854	epochs															iti	15.0
271.0575	10.181249999999977	epochs															maze	16.0
271.0575	5.6924999999999955	epochs															maze_stem	16.0
271.0795	15.365499999999997	trials	False	False	False	False	True	True	[0.10813495516777039, 0.891865074634552, 0.7546646595001221, 0.24533537030220032]	-0.6465297043323517	0.13720041513442993	0.32326485216617584	0.06860022246837616	0.891865074634552	[1531, 1531, 1531, 1531, 1530]	[1591, 1591, 1591, 1591, 1590]		
276.7705	4.468249999999955	epochs															maze_arm	16.0
281.2635	5.158500000000004	epochs															feedback_and_iti	16.0
281.2635	0.9907499999999914	epochs															feedback_delay	16.0
282.281	1.9677499999999668	epochs															feedback	16.0
284.436	1.9860000000000468	epochs															iti	16.0
286.445	8.254000000000019	epochs															maze	17.0
286.445	5.28125	epochs															maze_stem	17.0
286.465	13.447249999999997	trials	True	False	False	False	True	True	[0.06086784601211548, 0.9391321539878845, 0.7436792254447937, 0.2563208043575287]	-0.682811364531517	0.19545294344425201	0.3414056748151779	0.0977264791727066	0.9391321539878845	[1623, 1623, 1623, 1623, 1623]	[1672, 1672, 1672, 1671, 1671]		
291.74575	2.9532500000000255	epochs															maze_arm	17.0
294.7175	5.171000000000049	epochs															feedback_and_iti	17.0
294.7175	0.9900000000000091	epochs															feedback_delay	17.0
295.725	1.983000000000004	epochs															feedback	17.0
297.907	1.9815000000000396	epochs															iti	17.0
299.91225	7.676250000000039	epochs															maze	18.0
299.91225	5.700500000000034	epochs															maze_stem	18.0
299.93225	12.866499999999974	trials	False	False	False	False	True	True	[0.04205813631415367, 0.9579418897628784, 0.7037436366081238, 0.2962563633918762]	-0.6616855133324862	0.2541982401162386	0.3308427631855011	0.12709912657737732	0.9579418897628784	[1704, 1704, 1704, 1704, 1703]	[1749, 1749, 1749, 1749, 1748]		
305.63825	1.9502499999999827	epochs															maze_arm	18.0
307.61475	5.162499999999966	epochs															feedback_and_iti	18.0
307.61475	0.9832499999999982	epochs															feedback_delay	18.0
308.621	1.9800000000000182	epochs															feedback	18.0
310.8015	1.975750000000005	epochs															iti	18.0
312.79875	13.17349999999999	epochs															maze	19.0
312.79875	11.268750000000011	epochs															maze_stem	19.0
312.8195	18.35624999999999	trials	False	False	False	True	False	True	[0.03960505500435829, 0.9603949189186096, 0.7494490146636963, 0.2505510449409485]	-0.7098439168184996	0.21094594709575176	0.354921979829669	-0.10547296516597271	0.7494490146636963	[1781, 1781, 1781, 1781, 1781]	[1859, 1859, 1859, 1859, 1859]		
324.085	1.8872499999999945	epochs															maze_arm	19.0
325.99575	5.154500000000041	epochs															feedback_and_iti	19.0
325.99575	0.9855000000000018	epochs															feedback_delay	19.0
326.99925	1.988999999999976	epochs															feedback	19.0
329.1895	1.9607500000000186	epochs															iti	19.0
331.17575	7.788000000000011	epochs															maze	20.0
331.17575	5.710750000000019	epochs															maze_stem	20.0
331.20175	12.973250000000007	trials	False	False	False	False	True	True	[0.08506088703870773, 0.9149391055107117, 0.8372256755828857, 0.1627742499113083]	-0.7521648220717907	0.07771339640021324	0.3760824277997017	0.03885667771100998	0.9149391055107117	[1892, 1891, 1891, 1891, 1891]	[1937, 1937, 1937, 1937, 1937]		
336.90925	2.0545000000000186	epochs															maze_arm	20.0
338.9865	5.1684999999999945	epochs															feedback_and_iti	20.0
338.9865	0.9965000000000259	epochs															feedback_delay	20.0
340.0075	1.9622499999999832	epochs															feedback	20.0
342.16775	1.9872499999999604	epochs															iti	20.0
344.175	10.77924999999999	epochs															maze	21.0
344.175	5.4325000000000045	epochs															maze_stem	21.0
344.19275	15.958250000000021	trials	False	False	False	True	False	True	[0.048617295920848846, 0.9513827562332153, 0.8328685760498047, 0.1671314537525177]	-0.7842512913048267	0.11851416900753975	0.3921256400644779	-0.05925706401467323	0.8328685760498047	[1970, 1969, 1969, 1969, 1969]	[2033, 2033, 2033, 2033, 2032]		
349.62725	5.326999999999998	epochs															maze_arm	21.0
354.97175	5.150500000000022	epochs															feedback_and_iti	21.0
354.97175	0.9920000000000186	epochs															feedback_delay	21.0
355.98875	1.968500000000006	epochs															feedback	21.0
358.1335	1.9887499999999818	epochs															iti	21.0
360.151	11.566499999999962	epochs															maze	22.0
360.151	10.204499999999996	epochs															maze_stem	22.0
360.1755	16.761250000000018	trials	False	False	False	True	False	True	[0.08232160657644272, 0.9176783561706543, 0.8611918687820435, 0.13880813121795654]	-0.7788702435791492	0.05648650601506233	0.38943513110280037	-0.028243262320756912	0.8611918687820435	[2065, 2065, 2065, 2065, 2065]	[2134, 2134, 2133, 2133, 2133]		
370.37375	1.34375	epochs															maze_arm	22.0
371.73325	5.185249999999996	epochs															feedback_and_iti	22.0
371.73325	0.9892500000000268	epochs															feedback_delay	22.0
372.73925	1.98599999999999	epochs															feedback	22.0
374.93625	1.9822500000000218	epochs															iti	22.0
376.93675	9.546999999999969	epochs															maze	23.0
376.93675	6.226499999999987	epochs															maze_stem	23.0
376.95675	14.73075	trials	False	False	False	True	False	True	[0.09383528679609299, 0.9061647653579712, 0.877044141292572, 0.1229558140039444]	-0.7832089029252529	0.02912057563662529	0.3916044272482395	-0.014560285955667496	0.877044141292572	[2166, 2166, 2166, 2165, 2165]	[2222, 2222, 2222, 2222, 2221]		
383.1815	3.302249999999958	epochs															maze_arm	23.0
386.50025	5.165999999999997	epochs															feedback_and_iti	23.0
386.50025	1.0065000000000168	epochs															feedback_delay	23.0
387.5345	1.958250000000021	epochs															feedback	23.0
389.6765	1.989750000000015	epochs															iti	23.0
391.6875	7.800999999999988	epochs															maze	24.0
391.6875	5.552999999999997	epochs															maze_stem	24.0
391.7105	12.983499999999992	trials	False	False	False	False	True	True	[0.09780897945165634, 0.9021909832954407, 0.8827785849571228, 0.1172213926911354]	-0.7849695980548859	0.019412405788898468	0.39248479530215263	0.00970618799328804	0.9021909832954407	[2254, 2254, 2254, 2254, 2254]	[2300, 2300, 2300, 2300, 2299]		
397.261	2.2274999999999636	epochs															maze_arm	24.0
399.51575	5.158999999999992	epochs															feedback_and_iti	24.0
399.51575	0.9884999999999877	epochs															feedback_delay	24.0
400.52875	1.9694999999999823	epochs															feedback	24.0
402.69475	1.9800000000000182	epochs															iti	24.0
404.694	7.56374999999997	epochs															maze	25.0
404.694	5.871749999999963	epochs															maze_stem	25.0
404.717	12.753250000000037	trials	False	False	False	False	True	True	[0.05527740344405174, 0.9447226524353027, 0.8832364678382874, 0.11676354706287384]	-0.8279590848833323	0.06148616410791874	0.41397955268621445	0.030743099749088287	0.9447226524353027	[2332, 2332, 2332, 2332, 2332]	[2377, 2377, 2376, 2376, 2376]		
410.5855	1.6722499999999627	epochs															maze_arm	25.0
412.27925	5.165999999999997	epochs															feedback_and_iti	25.0
412.27925	0.9812499999999886	epochs															feedback_delay	25.0
413.28175	1.9800000000000182	epochs															feedback	25.0
415.46975	1.975500000000011	epochs															iti	25.0
417.47025	8.468999999999994	epochs															maze	26.0
417.47025	5.967249999999979	epochs															maze_stem	26.0
417.49225	13.679750000000013	trials	True	False	False	False	True	True	[0.04806249588727951, 0.9519374370574951, 0.8782856464385986, 0.12171430885791779]	-0.8302231393754482	0.07365180179476738	0.41511156409978867	0.03682587295770645	0.9519374370574951	[2409, 2409, 2409, 2408, 2408]	[2459, 2459, 2458, 2458, 2458]		
423.45725	2.4820000000000277	epochs															maze_arm	26.0
425.9565	5.185249999999996	epochs															feedback_and_iti	26.0
425.9565	0.98599999999999	epochs															feedback_delay	26.0
426.96025	1.982500000000016	epochs															feedback	26.0
429.17775	1.9639999999999986	epochs															iti	26.0
431.172	8.754249999999956	epochs															maze	27.0
431.172	5.810249999999996	epochs															maze_stem	27.0
431.19425	13.938999999999965	trials	False	False	False	False	True	True	[0.046504195779561996, 0.9534958004951477, 0.839777410030365, 0.16022256016731262]	-0.793273227289319	0.11371837742626667	0.39663662016391754	0.056859180331230164	0.9534958004951477	[2491, 2491, 2491, 2491, 2490]	[2543, 2543, 2542, 2542, 2542]		
437.017	2.909249999999986	epochs															maze_arm	27.0
439.94625	5.166499999999985	epochs															feedback_and_iti	27.0
439.94625	1.0082499999999754	epochs															feedback_delay	27.0
440.9945	1.9402499999999918	epochs															feedback	27.0
443.1345	1.9782500000000027	epochs															iti	27.0
445.13325	8.791750000000036	epochs															maze	28.0
445.13325	6.201250000000016	epochs															maze_stem	28.0
445.15475	13.98075	trials	False	False	False	False	True	True	[0.04901594668626785, 0.9509841203689575, 0.8725877404212952, 0.1274123191833496]	-0.8235717974603176	0.07839637622237206	0.41178590059280396	0.039198219776153564	0.9509841203689575	[2575, 2575, 2574, 2574, 2574]	[2627, 2626, 2626, 2626, 2626]		
451.35425	2.5707500000000323	epochs															maze_arm	28.0
453.94625	5.169499999999971	epochs															feedback_and_iti	28.0
453.94625	0.9959999999999809	epochs															feedback_delay	28.0
454.97025	1.9659999999999513	epochs															feedback	28.0
457.132	1.9837499999999864	epochs															iti	28.0
459.1355	12.96025000000003	epochs															maze	29.0
459.1355	11.628750000000025	epochs															maze_stem	29.0
459.15625	18.16874999999999	trials	False	False	False	True	False	True	[0.045895081013441086, 0.9541049599647522, 0.8707422614097595, 0.12925773859024048]	-0.8248472008854151	0.08336267806589603	0.4124235901981592	-0.041681328788399696	0.8707422614097595	[2659, 2659, 2658, 2658, 2658]	[2736, 2735, 2735, 2735, 2735]		
470.7865	1.30925000000002	epochs															maze_arm	29.0
472.113	5.189999999999998	epochs															feedback_and_iti	29.0
472.113	0.9852500000000077	epochs															feedback_delay	29.0
473.11475	1.9904999999999973	epochs															feedback	29.0
475.31725	1.985749999999996	epochs															iti	29.0
477.325	12.258000000000038	epochs															maze	30.0
477.325	10.675999999999988	epochs															maze_stem	30.0
477.34375	17.443499999999972	trials	True	False	False	True	False	True	[0.06892617791891098, 0.931073784828186, 0.8716498017311096, 0.1283501833677292]	-0.8027236126363277	0.05942399427294731	0.4013618119060993	-0.0297120101749897	0.8716498017311096	[2768, 2768, 2768, 2767, 2767]	[2840, 2840, 2840, 2840, 2840]		
488.03075	1.552250000000015	epochs															maze_arm	30.0
489.5985	5.168000000000006	epochs															feedback_and_iti	30.0
489.5985	0.9912499999999795	epochs															feedback_delay	30.0
490.60725	1.9842499999999745	epochs															feedback	30.0
492.77975	1.986750000000029	epochs															iti	30.0
494.78725	7.4430000000000405	epochs															maze	31.0
494.78725	5.2207500000000095	epochs															maze_stem	31.0
494.80775	12.669750000000022	trials	False	False	False	False	True	True	[0.05620827525854111, 0.9437917470932007, 0.823632001876831, 0.17636799812316895]	-0.7674237377941608	0.12015973404049873	0.38371187448501587	0.060079872608184814	0.9437917470932007	[2873, 2872, 2872, 2872, 2872]	[2916, 2916, 2916, 2916, 2916]		
500.028	2.2022499999999923	epochs															maze_arm	31.0
502.2525	5.204250000000002	epochs															feedback_and_iti	31.0
502.2525	0.9987500000000296	epochs															feedback_delay	31.0
503.27275	1.9665000000000532	epochs															feedback	31.0
505.4795	1.9772500000000264	epochs															iti	31.0
507.4775	8.716250000000002	epochs															maze	32.0
507.4775	6.0572500000000105	epochs															maze_stem	32.0
507.4965	13.891500000000008	trials	False	False	False	False	True	True	[0.04727820307016373, 0.9527218341827393, 0.8555610179901123, 0.1444389820098877]	-0.8082828335464001	0.09716079756617546	0.4041414260864258	0.04858040809631348	0.9527218341827393	[2949, 2949, 2948, 2948, 2948]	[3000, 3000, 3000, 2999, 2999]		
513.5545	2.639250000000061	epochs															maze_arm	32.0
516.219	5.147749999999974	epochs															feedback_and_iti	32.0
516.219	0.9907499999999345	epochs															feedback_delay	32.0
517.23175	1.961999999999989	epochs															feedback	32.0
519.3895	1.9772500000000264	epochs															iti	32.0
521.388	9.880249999999933	epochs															maze	33.0
521.388	5.9597499999999854	epochs															maze_stem	33.0
521.4085	15.093499999999949	trials	True	False	False	False	True	True	[0.04303186759352684, 0.9569680690765381, 0.857794463634491, 0.14220555126667023]	-0.814762556925416	0.09917364455759525	0.40738125890493393	0.049586810171604156	0.9569680690765381	[3032, 3032, 3032, 3032, 3031]	[3090, 3090, 3090, 3090, 3090]		
527.3745	3.8937499999999545	epochs															maze_arm	33.0
531.284	5.196749999999952	epochs															feedback_and_iti	33.0
531.284	0.9922500000000127	epochs															feedback_delay	33.0
532.29325	1.98700000000008	epochs															feedback	33.0
534.5075	1.9732499999998936	epochs															iti	33.0
536.502	8.304500000000075	epochs															maze	34.0
536.502	5.588250000000016	epochs															maze_stem	34.0
536.522	13.487499999999955	trials	True	False	False	False	True	True	[0.04169975221157074, 0.9583002924919128, 0.8158978223800659, 0.1841021627187729]	-0.7741980999708176	0.14240244030952454	0.38709906488657	0.07120122760534286	0.9583002924919128	[3123, 3123, 3122, 3122, 3122]	[3172, 3171, 3171, 3171, 3171]		
542.112	2.694500000000062	epochs															maze_arm	34.0
544.824	5.165000000000077	epochs															feedback_and_iti	34.0
544.824	1.00100000000009	epochs															feedback_delay	34.0
545.84675	1.96124999999995	epochs															feedback	34.0
548.01025	1.978749999999991	epochs															iti	34.0
550.0095	9.91375000000005	epochs															maze	35.0
550.0095	7.333999999999946	epochs															maze_stem	35.0
550.0295	15.105750000000057	trials	True	False	False	False	True	True	[0.04335249215364456, 0.9566475749015808, 0.8111975193023682, 0.18880252540111542]	-0.7678450383245945	0.14545004442334175	0.3839225247502327	0.07272505015134811	0.9566475749015808	[3204, 3204, 3203, 3203, 3203]	[3262, 3262, 3262, 3262, 3261]		
557.36375	2.559500000000071	epochs															maze_arm	35.0
559.94125	5.173250000000053	epochs															feedback_and_iti	35.0
559.94125	0.9850000000000136	epochs															feedback_delay	35.0
560.9415	1.9922500000000127	epochs															feedback	35.0
563.138	1.9764999999999873	epochs															iti	35.0
565.13525	7.518249999999966	epochs															maze	36.0
565.13525	5.739749999999958	epochs															maze_stem	36.0
565.1605	12.725750000000062	trials	False	False	False	False	True	True	[0.044517774134874344, 0.9554821848869324, 0.8109307885169983, 0.18906919658184052]	-0.7664130013436079	0.14455140940845013	0.38320649415254593	0.07227569073438644	0.9554821848869324	[3294, 3294, 3294, 3294, 3294]	[3339, 3338, 3338, 3338, 3338]		
570.8935	1.759999999999991	epochs															maze_arm	36.0
572.67725	5.187999999999988	epochs															feedback_and_iti	36.0
572.67725	0.98700000000008	epochs															feedback_delay	36.0
573.686	1.9882499999999936	epochs															feedback	36.0
575.90275	1.9624999999999773	epochs															iti	36.0
577.88625	9.202999999999975	epochs															maze	37.0
577.88625	7.196749999999952	epochs															maze_stem	37.0
577.90675	14.414250000000038	trials	False	False	False	False	True	True	[0.04682530462741852, 0.9531746506690979, 0.8541820645332336, 0.14581787586212158]	-0.8073567673563957	0.09899257868528366	0.40367838740348816	0.04949626326560974	0.9531746506690979	[3371, 3371, 3370, 3370, 3370]	[3425, 3425, 3425, 3425, 3424]		
585.103	1.986250000000041	epochs															maze_arm	37.0
587.11475	5.1825000000000045	epochs															feedback_and_iti	37.0
587.11475	0.97950000000003	epochs															feedback_delay	37.0
588.12025	1.9864999999999782	epochs															feedback	37.0
590.317	1.9802499999999554	epochs															iti	37.0
592.321	18.56499999999994	epochs															maze	38.0
592.321	15.961999999999989	epochs															maze_stem	38.0
592.34475	25.619500000000016	trials	False	False	False	True	True	False	[0.044190529733896255, 0.9558094143867493, 0.8560567498207092, 0.14394327998161316]	-0.8118661772459745	0.09975270740687847	-0.40593306720256805	0.04987634718418121	0.14394327998161316	[3457, 3457, 3457, 3457, 3457]	[3568, 3568, 3567, 3567, 3567]		
608.3015	2.5844999999999345	epochs															maze_arm	38.0
610.9025	7.034249999999929	epochs															feedback_and_iti	38.0
610.9025	0.9982499999999845	epochs															feedback_delay	38.0
611.91725	1.9770000000000891	epochs															feedback	38.0
613.93675	4.0	epochs															iti	38.0
617.96425	7.707750000000033	epochs															maze	39.0
617.96425	6.296000000000049	epochs															maze_stem	39.0
617.98775	14.74350000000004	trials	False	False	False	True	True	False	[0.13053302466869354, 0.86946702003479, 0.6227626800537109, 0.37723731994628906]	-0.4922296777367592	0.2467043176293373	-0.2461148500442505	0.12335216999053955	0.37723731994628906	[3611, 3611, 3611, 3611, 3610]	[3656, 3656, 3656, 3656, 3656]		
624.279	1.393000000000029	epochs															maze_arm	39.0
625.68725	7.021000000000072	epochs															feedback_and_iti	39.0
625.68725	0.9904999999999973	epochs															feedback_delay	39.0
626.69425	1.9877500000000055	epochs															feedback	39.0
628.71625	3.9920000000000755	epochs															iti	39.0
632.73125	7.923000000000002	epochs															maze	40.0
632.73125	5.734499999999912	epochs															maze_stem	40.0
632.75575	13.08624999999995	trials	True	False	False	False	True	True	[0.061932507902383804, 0.9380675554275513, 0.31028637290000916, 0.6897135972976685]	-0.24835391156375408	0.6277811359614134	0.1241769790649414	0.31389057636260986	0.9380675554275513	[3700, 3700, 3699, 3699, 3699]	[3746, 3746, 3746, 3746, 3746]		
638.48675	2.167500000000018	epochs															maze_arm	40.0
640.67375	5.149749999999926	epochs															feedback_and_iti	40.0
640.67375	0.9887499999999818	epochs															feedback_delay	40.0
641.679	1.9800000000000182	epochs															feedback	40.0
643.8335	1.990000000000009	epochs															iti	40.0
645.842	7.6030000000000655	epochs															maze	41.0
645.842	6.144999999999982	epochs															maze_stem	41.0
645.86125	14.663749999999936	trials	False	False	False	True	True	False	[0.024982692673802376, 0.9750173091888428, 0.2887231707572937, 0.7112768292427063]	-0.2637404790148139	0.6862941375002265	-0.13187023997306824	0.34314706921577454	0.7112768292427063	[3778, 3778, 3778, 3778, 3778]	[3823, 3823, 3823, 3822, 3822]		
652.006	1.4390000000000782	epochs															maze_arm	41.0
653.46625	7.033500000000004	epochs															feedback_and_iti	41.0
653.46625	0.9942500000000791	epochs															feedback_delay	41.0
654.47725	1.9722499999999172	epochs															feedback	41.0
656.48525	4.014499999999998	epochs															iti	41.0
660.525	10.016750000000002	epochs															maze	42.0
660.525	7.9327500000000555	epochs															maze_stem	42.0
660.54725	17.050250000000005	trials	False	False	False	True	True	False	[0.06529296189546585, 0.9347070455551147, 0.30744415521621704, 0.692555844783783]	-0.2421511970460415	0.6272628866136074	-0.1210756003856659	0.31363144516944885	0.692555844783783	[3866, 3866, 3866, 3866, 3866]	[3926, 3925, 3925, 3925, 3925]		
668.477	2.0647500000000036	epochs															maze_arm	42.0
670.5625	7.01400000000001	epochs															feedback_and_iti	42.0
670.5625	0.9887499999999818	epochs															feedback_delay	42.0
671.568	1.9850000000000136	epochs															feedback	42.0
673.58925	3.9872500000000173	epochs															iti	42.0
677.5975	7.1472499999999854	epochs															maze	43.0
677.5975	5.5890000000000555	epochs															maze_stem	43.0
677.61925	12.34375	trials	False	False	False	False	True	True	[0.0423402301967144, 0.9576597213745117, 0.17930498719215393, 0.8206950426101685]	-0.1369647178798914	0.7783547732979059	0.06848233938217163	0.3891773819923401	0.9576597213745117	[3969, 3969, 3968, 3968, 3968]	[4011, 4010, 4010, 4010, 4010]		
683.20725	1.537499999999909	epochs															maze_arm	43.0
684.768	5.17349999999999	epochs															feedback_and_iti	43.0
684.768	0.9982499999999845	epochs															feedback_delay	43.0
685.78975	1.9622499999999263	epochs															feedback	43.0
687.93625	2.0052500000000464	epochs															iti	43.0
689.963	12.398750000000064	epochs															maze	44.0
689.963	7.044500000000085	epochs															maze_stem	44.0
689.9825	19.446000000000026	trials	False	False	False	True	True	False	[0.023453732952475548, 0.9765462875366211, 0.20776966214179993, 0.7922303080558777]	-0.1843159543350339	0.7687766002491117	-0.0921579897403717	0.3843882977962494	0.7922303080558777	[4043, 4043, 4043, 4042, 4042]	[4116, 4116, 4116, 4116, 4116]		
697.0295	5.332250000000045	epochs															maze_arm	44.0
702.37875	7.02475000000004	epochs															feedback_and_iti	44.0
702.37875	0.9987500000000864	epochs															feedback_delay	44.0
703.395	1.9737499999999955	epochs															feedback	44.0
705.40975	3.9937499999999773	epochs															iti	44.0
709.4285	7.245750000000044	epochs															maze	45.0
709.4285	5.1752500000000055	epochs															maze_stem	45.0
709.4475	12.435500000000047	trials	True	False	False	False	True	True	[0.04442007839679718, 0.955579936504364, 0.20319229364395142, 0.7968077063560486]	-0.15877222269773483	0.752387635409832	0.07938611507415771	0.3761938214302063	0.955579936504364	[4160, 4159, 4159, 4159, 4159]	[4202, 4202, 4202, 4202, 4201]		
714.628	2.0462499999999864	epochs															maze_arm	45.0
716.69025	5.172249999999963	epochs															feedback_and_iti	45.0
716.69025	0.99025000000006	epochs															feedback_delay	45.0
717.6975	1.9842499999999745	epochs															feedback	45.0
719.89075	1.971749999999929	epochs															iti	45.0
721.883	8.746499999999969	epochs															maze	46.0
721.883	7.038999999999987	epochs															maze_stem	46.0
721.906	13.918000000000006	trials	False	False	False	False	True	True	[0.02188715711236, 0.9781128764152527, 0.16017019748687744, 0.8398298025131226]	-0.13828305713832378	0.8179426621645689	0.06914153695106506	0.4089713394641876	0.9781128764152527	[4234, 4234, 4234, 4234, 4233]	[4286, 4286, 4285, 4285, 4285]		
728.9405	1.6889999999999645	epochs															maze_arm	46.0
730.6555	5.147750000000087	epochs															feedback_and_iti	46.0
730.6555	0.99025000000006	epochs															feedback_delay	46.0
731.6705	1.9627500000000282	epochs															feedback	46.0
733.833	1.9702500000000782	epochs															iti	46.0
735.824	11.153250000000071	epochs															maze	47.0
735.824	9.713500000000067	epochs															maze_stem	47.0
735.84325	18.193250000000035	trials	False	False	False	False	False	False	[0.01639747805893421, 0.9836025238037109, 0.21441277861595154, 0.7855872511863708]	-0.1980152865871787	0.769189759157598	-0.09900765027850866	-0.3845948716625571	0.01639747805893421	[4318, 4318, 4317, 4317, 4317]	[4384, 4384, 4383, 4383, 4383]		
745.56075	1.4165000000000418	epochs															maze_arm	47.0
747.00125	7.015249999999924	epochs															feedback_and_iti	47.0
747.00125	0.9959999999999809	epochs															feedback_delay	47.0
748.01925	1.9624999999999773	epochs															feedback	47.0
750.02675	3.989749999999958	epochs															iti	47.0
754.0365	9.697999999999979	epochs															maze	48.0
754.0365	7.995999999999981	epochs															maze_stem	48.0
754.05575	16.73275000000001	trials	False	False	False	True	True	False	[0.14521028101444244, 0.8547897338867188, 0.46726223826408386, 0.5327377319335938]	-0.3220519796013832	0.3875274732708931	-0.1610260009765625	0.19376373291015625	0.5327377319335938	[4427, 4427, 4427, 4426, 4426]	[4484, 4484, 4484, 4484, 4483]		
762.05025	1.68425000000002	epochs															maze_arm	48.0
763.7495	7.01724999999999	epochs															feedback_and_iti	48.0
763.7495	0.9814999999999827	epochs															feedback_delay	48.0
764.7545	1.9847499999999627	epochs															feedback	48.0
766.78575	3.9809999999999945	epochs															iti	48.0
770.7885	13.232999999999947	epochs															maze	49.0
770.7885	11.677999999999997	epochs															maze_stem	49.0
770.8075	18.461000000000013	trials	False	False	False	True	False	True	[0.04027106985449791, 0.9597289562225342, 0.20299750566482544, 0.7970024943351746]	-0.16272644884884357	0.7567314375191927	0.08136321790516376	-0.3783657122403383	0.20299750566482544	[4528, 4527, 4527, 4527, 4527]	[4606, 4606, 4606, 4605, 4605]		
782.4855	1.5359999999999445	epochs															maze_arm	49.0
784.03675	5.202750000000037	epochs															feedback_and_iti	49.0
784.03675	0.9895000000000209	epochs															feedback_delay	49.0
785.0425	1.98599999999999	epochs															feedback	49.0
787.23975	1.9997500000000628	epochs															iti	49.0
789.2685	12.937249999999949	epochs															maze	50.0
789.2685	11.268249999999966	epochs															maze_stem	50.0
789.28775	18.135500000000093	trials	False	False	False	True	False	True	[0.05541528761386871, 0.9445846676826477, 0.424468457698822, 0.575531542301178]	-0.3690531477332115	0.5201162323355675	0.18452658504247665	-0.26005812734365463	0.424468457698822	[4638, 4638, 4638, 4638, 4638]	[4715, 4715, 4715, 4714, 4714]		
800.5555	1.6502499999999145	epochs															maze_arm	50.0
802.22325	5.17999999999995	epochs															feedback_and_iti	50.0
802.22325	0.98275000000001	epochs															feedback_delay	50.0
803.22575	1.9885000000000446	epochs															feedback	50.0
805.409	1.9942499999999654	epochs															iti	50.0
807.42325	7.8689999999999145	epochs															maze	51.0
807.42325	6.483249999999998	epochs															maze_stem	51.0
807.442	14.904750000000035	trials	False	False	False	True	True	False	[0.0989011898636818, 0.9010987877845764, 0.717789888381958, 0.2822100818157196]	-0.6188887022435665	0.1833088956773281	-0.3094443529844284	0.09165443480014801	0.2822100818157196	[4747, 4747, 4747, 4747, 4746]	[4793, 4793, 4793, 4793, 4793]		
813.92575	1.3664999999999736	epochs															maze_arm	51.0
815.30925	7.019249999999943	epochs															feedback_and_iti	51.0
815.30925	0.9887499999999818	epochs															feedback_delay	51.0
816.3165	1.9845000000000255	epochs															feedback	51.0
818.33925	3.98924999999997	epochs															iti	51.0
822.34675	11.156999999999925	epochs															maze	52.0
822.34675	9.237249999999904	epochs															maze_stem	52.0
822.3655	16.388500000000022	trials	False	False	False	True	False	True	[0.10725712776184082, 0.8927428126335144, 0.5024040937423706, 0.4975959360599518]	-0.3951469212770462	0.3903387635946274	0.1975734829902649	-0.1951693892478943	0.5024040937423706	[4837, 4836, 4836, 4836, 4836]	[4903, 4902, 4902, 4902, 4902]		
831.601	1.902749999999969	epochs															maze_arm	52.0
833.522	5.199250000000006	epochs															feedback_and_iti	52.0
833.522	0.9977499999999964	epochs															feedback_delay	52.0
834.54125	1.9807500000000573	epochs															feedback	52.0
836.72575	1.9955000000001064	epochs															iti	52.0
838.754	8.877749999999992	epochs															maze	53.0
838.754	7.231249999999932	epochs															maze_stem	53.0
838.7825	14.064750000000004	trials	False	False	False	False	True	True	[0.07564868032932281, 0.9243512749671936, 0.6862191557884216, 0.31378084421157837]	-0.610570453107357	0.23813214153051376	0.3052852153778076	0.11906605958938599	0.9243512749671936	[4935, 4935, 4935, 4934, 4934]	[4987, 4987, 4987, 4987, 4987]		
846.01375	1.6180000000000518	epochs															maze_arm	53.0
847.65725	5.166249999999991	epochs															feedback_and_iti	53.0
847.65725	0.9954999999999927	epochs															feedback_delay	53.0
848.67575	1.9714999999999918	epochs															feedback	53.0
850.8395	1.9839999999999236	epochs															iti	53.0
852.84725	12.511999999999944	epochs															maze	54.0
852.84725	10.654249999999934	epochs															maze_stem	54.0
852.866	17.691249999999968	trials	False	False	False	True	False	True	[0.05059510096907616, 0.9494049549102783, 0.7302448749542236, 0.2697550654411316]	-0.6796498317271471	0.21916002221405506	0.33982488699257374	-0.1095800120383501	0.7302448749542236	[5020, 5019, 5019, 5019, 5019]	[5094, 5093, 5093, 5093, 5093]		
863.52175	1.8374999999999773	epochs															maze_arm	54.0
865.37575	5.158500000000004	epochs															feedback_and_iti	54.0
865.37575	0.9929999999999382	epochs															feedback_delay	54.0
866.386	1.9732500000000073	epochs															feedback	54.0
868.56775	1.9664999999999964	epochs															iti	54.0
870.55725	9.143750000000068	epochs															maze	55.0
870.55725	6.4525000000001	epochs															maze_stem	55.0
870.57725	16.170249999999896	trials	False	False	False	True	True	False	[0.08944239467382431, 0.9105575680732727, 0.8206080794334412, 0.17939193546772003]	-0.7311656586825848	0.08994951471686363	-0.36558281630277634	0.04497475177049637	0.17939193546772003	[5126, 5126, 5125, 5125, 5125]	[5180, 5179, 5179, 5179, 5179]		
877.02925	2.6717499999999745	epochs															maze_arm	55.0
879.7175	7.011250000000018	epochs															feedback_and_iti	55.0
879.7175	0.9914999999999736	epochs															feedback_delay	55.0
880.726	1.975999999999999	epochs															feedback	55.0
882.73925	3.989500000000021	epochs															iti	55.0
886.7475	10.219000000000051	epochs															maze	56.0
886.7475	8.633500000000026	epochs															maze_stem	56.0
886.76925	15.412999999999897	trials	False	False	False	True	False	True	[0.12216799706220627, 0.8778319954872131, 0.5816341638565063, 0.41836580634117126]	-0.459466177970171	0.2961978204548359	0.22973308339715004	-0.1480989195406437	0.5816341638565063	[5223, 5223, 5222, 5222, 5222]	[5283, 5283, 5283, 5283, 5282]		
895.399	1.5674999999999955	epochs															maze_arm	56.0
896.983	5.178500000000099	epochs															feedback_and_iti	56.0
896.983	0.99025000000006	epochs															feedback_delay	56.0
897.99	1.9890000000000327	epochs															feedback	56.0
900.166	1.9954999999999927	epochs															iti	56.0
902.18225	10.880500000000097	epochs															maze	57.0
902.18225	9.14325000000008	epochs															maze_stem	57.0
902.201	17.931249999999977	trials	False	False	False	False	False	False	[0.07924322783946991, 0.9207567572593689, 0.7225083708763123, 0.27749162912368774]	-0.6432651355862617	0.19824839383363724	-0.3216325715184212	-0.09912420064210892	0.07924322783946991	[5315, 5315, 5315, 5315, 5315]	[5380, 5379, 5379, 5379, 5379]		
911.34325	1.719500000000039	epochs															maze_arm	57.0
913.09	7.022499999999923	epochs															feedback_and_iti	57.0
913.09	0.9867499999999154	epochs															feedback_delay	57.0
914.10475	1.9750000000000227	epochs															feedback	57.0
916.11925	3.993249999999989	epochs															iti	57.0
920.13225	8.052749999999946	epochs															maze	58.0
920.13225	5.462750000000028	epochs															maze_stem	58.0
920.1505	15.09125000000006	trials	False	False	False	True	True	False	[0.5037592649459839, 0.4962407350540161, 0.9077023863792419, 0.09229757636785507]	-0.40394314005970955	-0.4114616699516773	-0.20197157934308052	-0.2057308442890644	0.09229757636785507	[5423, 5423, 5423, 5422, 5422]	[5470, 5470, 5470, 5470, 5470]		
925.6135	2.571499999999901	epochs															maze_arm	58.0
928.19975	7.022000000000048	epochs															feedback_and_iti	58.0
928.19975	0.9855000000000018	epochs															feedback_delay	58.0
929.202	1.9962500000000318	epochs															feedback	58.0
931.24175	3.980000000000018	epochs															iti	58.0
935.24175	12.377250000000004	epochs															maze	59.0
935.24175	10.649249999999938	epochs															maze_stem	59.0
935.26125	17.577499999999986	trials	False	False	False	True	False	True	[0.21921393275260925, 0.7807860970497131, 0.493081659078598, 0.5069183707237244]	-0.27386772632598877	0.2877044379711151	0.13693386316299438	-0.14385220408439636	0.493081659078598	[5514, 5513, 5513, 5513, 5513]	[5587, 5587, 5586, 5586, 5586]		
945.914	1.705000000000041	epochs															maze_arm	59.0
947.636	5.177999999999997	epochs															feedback_and_iti	59.0
947.636	0.9965000000000828	epochs															feedback_delay	59.0
948.64775	1.9847500000000764	epochs															feedback	59.0
950.8485	1.96550000000002	epochs															iti	59.0
952.83875	10.755750000000035	epochs															maze	60.0
952.83875	9.032749999999965	epochs															maze_stem	60.0
952.86275	15.963250000000016	trials	True	False	False	True	False	True	[0.19255632162094116, 0.8074436783790588, 0.6723603010177612, 0.327639639377594]	-0.47980400919914246	0.13508334755897522	0.23990198969841003	-0.0675416886806488	0.6723603010177612	[5619, 5619, 5619, 5619, 5618]	[5683, 5682, 5682, 5682, 5682]		
961.901	1.6935000000000855	epochs															maze_arm	60.0
963.611	5.194749999999999	epochs															feedback_and_iti	60.0
963.611	0.9985000000000355	epochs															feedback_delay	60.0
964.626	1.9797499999999673	epochs															feedback	60.0
966.82625	1.97950000000003	epochs															iti	60.0
968.826	7.945749999999975	epochs															maze	61.0
968.826	6.0502500000000055	epochs															maze_stem	61.0
968.84675	13.147749999999974	trials	False	False	False	False	True	True	[0.19473975896835327, 0.805260181427002, 0.7524628639221191, 0.24753712117671967]	-0.5577230826020241	0.0527973398566246	0.27886153012514114	0.02639865130186081	0.805260181427002	[5715, 5715, 5715, 5714, 5714]	[5762, 5761, 5761, 5761, 5761]		
974.8945	1.8772500000000036	epochs															maze_arm	61.0
976.79975	5.177000000000021	epochs															feedback_and_iti	61.0
976.79975	0.9812499999999318	epochs															feedback_delay	61.0
977.80125	1.9769999999999754	epochs															feedback	61.0
979.98975	1.98700000000008	epochs															iti	61.0
981.9945	7.077750000000037	epochs															maze	62.0
981.9945	5.604749999999967	epochs															maze_stem	62.0
982.01425	14.117750000000001	trials	False	False	False	True	True	False	[0.1158028244972229, 0.8841972351074219, 0.7377762198448181, 0.2622237503528595]	-0.6219734400510788	0.14642097055912018	-0.3109867423772812	0.07321049273014069	0.2622237503528595	[5794, 5794, 5794, 5793, 5793]	[5835, 5835, 5835, 5835, 5835]		
987.61775	1.4545000000000528	epochs															maze_arm	62.0
989.08725	7.021499999999946	epochs															feedback_and_iti	62.0
989.08725	0.9912499999999227	epochs															feedback_delay	62.0
990.0995	1.98174999999992	epochs															feedback	62.0
992.12025	3.988499999999931	epochs															iti	62.0
996.132	14.534750000000031	epochs															maze	63.0
996.132	13.066500000000019	epochs															maze_stem	63.0
996.15375	19.72625000000005	trials	False	False	False	True	False	True	[0.2179078757762909, 0.7820920944213867, 0.5573206543922424, 0.44267937541007996]	-0.33941274881362915	0.22477146983146667	0.16970638930797577	-0.11238573491573334	0.5573206543922424	[5879, 5879, 5878, 5878, 5878]	[5965, 5965, 5965, 5964, 5964]		
1009.21825	1.4484999999999673	epochs															maze_arm	63.0
1010.68275	5.175749999999994	epochs															feedback_and_iti	63.0
1010.68275	0.9954999999999927	epochs															feedback_delay	63.0
1011.69625	1.986250000000041	epochs															feedback	63.0
1013.86525	1.9932500000001028	epochs															iti	63.0
1015.88	8.855750000000057	epochs															maze	64.0
1015.88	6.274000000000001	epochs															maze_stem	64.0
1015.899	14.047500000000014	trials	False	False	False	False	True	True	[0.16054843366146088, 0.8394515514373779, 0.7136399745941162, 0.2863600254058838]	-0.5530915334820747	0.12581158429384232	0.27654576301574707	0.06290578842163086	0.8394515514373779	[5997, 5997, 5997, 5997, 5996]	[6049, 6049, 6049, 6049, 6048]		
1022.1765	2.55925000000002	epochs															maze_arm	64.0
1024.757	5.170249999999896	epochs															feedback_and_iti	64.0
1024.757	0.9852499999999509	epochs															feedback_delay	64.0
1025.76575	1.9862499999999272	epochs															feedback	64.0
1027.954	1.9732500000000073	epochs															iti	64.0
1029.9465	7.6967500000000655	epochs															maze	65.0
1029.9465	6.035000000000082	epochs															maze_stem	65.0
1029.96775	12.883000000000038	trials	False	False	False	False	True	True	[0.1083318367600441, 0.8916681408882141, 0.7309093475341797, 0.2690906524658203]	-0.6225774995982647	0.16075880452990532	0.3112887442111969	0.08037939667701721	0.8916681408882141	[6081, 6081, 6081, 6081, 6081]	[6127, 6126, 6126, 6126, 6126]		
1036.0015	1.6417500000000018	epochs															maze_arm	65.0
1037.667	5.164250000000038	epochs															feedback_and_iti	65.0
1037.667	0.9822500000000218	epochs															feedback_delay	65.0
1038.6715	1.9855000000000018	epochs															feedback	65.0
1040.85275	1.97849999999994	epochs															iti	65.0
1042.85075	10.808749999999918	epochs															maze	66.0
1042.85075	9.133000000000038	epochs															maze_stem	66.0
1042.8715	16.00500000000011	trials	True	False	False	True	False	True	[0.07181211560964584, 0.928187906742096, 0.7325022220611572, 0.26749780774116516]	-0.6606901027262211	0.19568568840622902	0.3303450532257557	-0.09784283116459846	0.7325022220611572	[6159, 6159, 6158, 6158, 6158]	[6223, 6223, 6222, 6222, 6222]		
1052.007	1.6524999999999181	epochs															maze_arm	66.0
1053.67625	5.178750000000036	epochs															feedback_and_iti	66.0
1053.67625	0.9825000000000728	epochs															feedback_delay	66.0
1054.67925	1.9920000000001892	epochs															feedback	66.0
1056.87625	1.978749999999991	epochs															iti	66.0
1058.8765	7.1684999999999945	epochs															maze	67.0
1058.8765	5.601749999999811	epochs															maze_stem	67.0
1058.8985	12.349999999999909	trials	False	False	False	False	True	True	[0.10237974673509598, 0.8976202607154846, 0.7452149391174316, 0.25478506088256836]	-0.642835196107626	0.15240531787276268	0.32141759991645813	0.07620266079902649	0.8976202607154846	[6255, 6255, 6255, 6254, 6254]	[6297, 6297, 6297, 6296, 6296]		
1064.49675	1.5482500000000528	epochs															maze_arm	67.0
1066.06725	5.160499999999956	epochs															feedback_and_iti	67.0
1066.06725	0.978249999999889	epochs															feedback_delay	67.0
1067.06725	1.9894999999999072	epochs															feedback	67.0
1069.24175	1.9860000000001037	epochs															iti	67.0
1071.2485	11.777000000000044	epochs															maze	68.0
1071.2485	9.944750000000113	epochs															maze_stem	68.0
1071.2695	16.965999999999894	trials	True	False	False	True	False	True	[0.06848650425672531, 0.9315134882926941, 0.7641596794128418, 0.2358403205871582]	-0.6956731714308262	0.1673538126051426	0.34783658757805824	-0.08367690816521645	0.7641596794128418	[6329, 6329, 6329, 6329, 6328]	[6399, 6399, 6398, 6398, 6398]		
1081.21225	1.8132499999999254	epochs															maze_arm	68.0
1083.04075	5.17450000000008	epochs															feedback_and_iti	68.0
1083.04075	0.9847500000000764	epochs															feedback_delay	68.0
1084.04125	2.0	epochs															feedback	68.0
1086.2345	1.9807499999999436	epochs															iti	68.0
1088.2355	11.874749999999949	epochs															maze	69.0
1088.2355	7.102000000000089	epochs															maze_stem	69.0
1088.26075	18.925250000000005	trials	False	False	False	True	True	False	[0.0863724946975708, 0.9136275053024292, 0.7441615462303162, 0.25583842396736145]	-0.6577890664339066	0.16946594417095184	-0.3288945406675339	0.08473296463489532	0.25583842396736145	[6431, 6431, 6431, 6430, 6430]	[6501, 6501, 6501, 6501, 6500]		
1095.3565	4.7537499999998545	epochs															maze_arm	69.0
1100.12725	7.035000000000082	epochs															feedback_and_iti	69.0
1100.12725	0.9874999999999545	epochs															feedback_delay	69.0
1101.13175	1.9939999999999145	epochs															feedback	69.0
1103.15975	4.002500000000055	epochs															iti	69.0
1107.186	6.5502500000000055	epochs															maze	70.0
1107.186	4.610250000000178	epochs															maze_stem	70.0
1107.21	11.75149999999985	trials	False	False	False	False	True	True	[0.12239991128444672, 0.8776000738143921, 0.4554938077926636, 0.5445061922073364]	-0.33309388905763626	0.4221062734723091	0.16654694080352783	0.21105313301086426	0.8776000738143921	[6545, 6544, 6544, 6544, 6544]	[6583, 6583, 6583, 6582, 6582]		
1111.81875	1.9175000000000182	epochs															maze_arm	70.0
1113.75775	5.183500000000095	epochs															feedback_and_iti	70.0
1113.75775	0.9890000000000327	epochs															feedback_delay	70.0
1114.76875	1.9874999999999545	epochs															feedback	70.0
1116.9675	1.9737500000001091	epochs															iti	70.0
1118.9615	11.113500000000158	epochs															maze	71.0
1118.9615	6.591000000000122	epochs															maze_stem	71.0
1118.98425	16.307999999999993	trials	False	False	False	False	True	True	[0.05177624523639679, 0.9482237100601196, 0.4274404048919678, 0.5725595951080322]	-0.3756641373038292	0.5207833275198936	0.1878320574760437	0.2603916525840759	0.9482237100601196	[6615, 6615, 6615, 6615, 6614]	[6681, 6681, 6681, 6680, 6680]		
1125.573	4.501999999999953	epochs															maze_arm	71.0
1130.10025	5.167500000000018	epochs															feedback_and_iti	71.0
1130.10025	0.99350000000004	epochs															feedback_delay	71.0
1131.11525	1.968499999999949	epochs															feedback	71.0
1133.28825	1.9794999999999163	epochs															iti	71.0
1135.29225	8.151499999999942	epochs															maze	72.0
1135.29225	6.122499999999945	epochs															maze_stem	72.0
1135.3135	13.326749999999947	trials	False	False	False	False	True	True	[0.0402827188372612, 0.959717333316803, 0.4997679889202118, 0.5002319812774658]	-0.4594853110611439	0.4599493034183979	0.22974267601966858	0.2299746572971344	0.959717333316803	[6713, 6713, 6713, 6713, 6712]	[6761, 6761, 6761, 6760, 6760]		
1141.4345	2.009249999999838	epochs															maze_arm	72.0
1143.4655	5.154250000000047	epochs															feedback_and_iti	72.0
1143.4655	0.9800000000000182	epochs															feedback_delay	72.0
1144.4715	1.9742499999999836	epochs															feedback	72.0
1146.66175	1.9580000000000837	epochs															iti	72.0
1148.64025	11.394250000000056	epochs															maze	73.0
1148.64025	7.093500000000176	epochs															maze_stem	73.0
1148.6605	16.609249999999975	trials	False	False	False	False	True	True	[0.03236248344182968, 0.9676374793052673, 0.5111633539199829, 0.4888366162776947]	-0.47880086675286293	0.4564741291105747	0.23940043151378632	0.22823704779148102	0.9676374793052673	[6793, 6793, 6793, 6793, 6792]	[6861, 6860, 6860, 6860, 6860]		
1155.76175	4.272750000000087	epochs															maze_arm	73.0
1160.05675	5.192250000000058	epochs															feedback_and_iti	73.0
1160.05675	0.9819999999999709	epochs															feedback_delay	73.0
1161.06425	1.9890000000000327	epochs															feedback	73.0
1163.28275	1.9662499999999454	epochs															iti	73.0
1165.26975	14.093250000000126	epochs															maze	74.0
1165.26975	11.458499999999958	epochs															maze_stem	74.0
1165.28975	19.27175000000011	trials	True	False	False	True	False	True	[0.029252471402287483, 0.9707475304603577, 0.530817985534668, 0.46918198466300964]	-0.5015655299648643	0.43992952909320593	0.25078275706619024	-0.21996477153152227	0.530817985534668	[6893, 6893, 6892, 6892, 6892]	[6976, 6976, 6976, 6976, 6976]		
1176.74875	2.6142500000000837	epochs															maze_arm	74.0
1179.37975	5.155499999999847	epochs															feedback_and_iti	74.0
1179.37975	0.9919999999999618	epochs															feedback_delay	74.0
1180.389	1.97400000000016	epochs															feedback	74.0
1182.5395	1.9957499999998163	epochs															iti	74.0
1184.5615	6.725999999999885	epochs															maze	75.0
1184.5615	5.341750000000047	epochs															maze_stem	75.0
1184.58575	11.944250000000011	trials	False	False	False	False	True	True	[0.06167660653591156, 0.9383233785629272, 0.6996035575866699, 0.30039650201797485]	-0.6379269137978554	0.2387198582291603	0.3189634382724762	0.11935994029045105	0.9383233785629272	[7009, 7008, 7008, 7008, 7008]	[7048, 7048, 7048, 7047, 7047]		
1189.92625	1.3612499999999272	epochs															maze_arm	75.0
1191.30975	5.2000000000000455	epochs															feedback_and_iti	75.0
1191.30975	0.99675000000002	epochs															feedback_delay	75.0
1192.33225	1.9697499999999764	epochs															feedback	75.0
1194.53025	1.9794999999999163	epochs															iti	75.0
1196.53	9.413749999999936	epochs															maze	76.0
1196.53	5.888750000000073	epochs															maze_stem	76.0
1196.548	16.448000000000093	trials	False	False	False	True	True	False	[0.045087456703186035, 0.954912543296814, 0.7317386865615845, 0.26826128363609314]	-0.6866512447595596	0.2231738418340683	-0.3433256298303604	0.11158691346645355	0.26826128363609314	[7080, 7080, 7080, 7080, 7080]	[7136, 7136, 7135, 7135, 7135]		
1202.4385	3.5052499999999327	epochs															maze_arm	76.0
1205.963	7.011999999999944	epochs															feedback_and_iti	76.0
1205.963	0.9925000000000637	epochs															feedback_delay	76.0
1206.976	1.974999999999909	epochs															feedback	76.0
1208.98625	3.988749999999982	epochs															iti	76.0
1212.996	10.407249999999976	epochs															maze	77.0
1212.996	5.652499999999918	epochs															maze_stem	77.0
1213.01675	15.583000000000084	trials	False	False	False	False	True	True	[0.12285427004098892, 0.8771457672119141, 0.5268248319625854, 0.47317516803741455]	-0.403970580548048	0.3503209166228771	0.20198529958724976	0.1751604676246643	0.8771457672119141	[7179, 7179, 7179, 7178, 7178]	[7241, 7240, 7240, 7240, 7240]		
1218.66875	4.7345000000000255	epochs															maze_arm	77.0
1223.427	5.1525000000001455	epochs															feedback_and_iti	77.0
1223.427	0.9880000000000564	epochs															feedback_delay	77.0
1224.43725	1.98050000000012	epochs															feedback	77.0
1226.59275	1.986750000000029	epochs															iti	77.0
1228.59975	10.666249999999991	epochs															maze	78.0
1228.59975	5.323249999999916	epochs															maze_stem	78.0
1228.61975	15.867999999999938	trials	False	False	False	False	True	True	[0.037752438336610794, 0.9622476100921631, 0.48200055956840515, 0.5179994702339172]	-0.4442481305450201	0.4802470412105322	0.22212406992912292	0.24012354016304016	0.9622476100921631	[7273, 7272, 7272, 7272, 7272]	[7336, 7335, 7335, 7335, 7335]		
1233.9435	5.322499999999991	epochs															maze_arm	78.0
1239.29075	5.174750000000131	epochs															feedback_and_iti	78.0
1239.29075	0.9965000000001965	epochs															feedback_delay	78.0
1240.30975	1.972250000000031	epochs															feedback	78.0
1242.48375	1.98174999999992	epochs															iti	78.0
1244.48775	7.835499999999911	epochs															maze	79.0
1244.48775	6.1124999999999545	epochs															maze_stem	79.0
1244.51	13.033750000000055	trials	False	False	False	False	True	True	[0.030798912048339844, 0.9692010879516602, 0.5623956322669983, 0.4376043975353241]	-0.5315967053174973	0.40680547058582306	0.26579834520816803	0.20340274274349213	0.9692010879516602	[7368, 7368, 7367, 7367, 7367]	[7414, 7414, 7414, 7413, 7413]		
1250.6205	1.7027499999999236	epochs															maze_arm	79.0
1252.3485	5.1752500000000055	epochs															feedback_and_iti	79.0
1252.3485	0.9874999999999545	epochs															feedback_delay	79.0
1253.35825	1.97524999999996	epochs															feedback	79.0
1255.547	1.9767500000000382	epochs															iti	79.0
1257.54375	8.090749999999844	epochs															maze	80.0
1257.54375	5.096000000000004	epochs															maze_stem	80.0
1257.56425	13.275500000000193	trials	False	False	False	False	True	True	[0.02726285345852375, 0.9727371335029602, 0.5676779747009277, 0.43232202529907227]	-0.540415114723146	0.4050591653212905	0.27020755410194397	0.20252957940101624	0.9727371335029602	[7446, 7446, 7446, 7446, 7445]	[7494, 7494, 7493, 7493, 7493]		
1262.661	2.973499999999831	epochs															maze_arm	80.0
1265.65425	5.163999999999987	epochs															feedback_and_iti	80.0
1265.65425	0.9867500000000291	epochs															feedback_delay	80.0
1266.6675	1.9764999999999873	epochs															feedback	80.0
1268.824	1.9942499999999654	epochs															iti	80.0
1270.83975	13.477750000000015	epochs															maze	81.0
1270.83975	7.536249999999882	epochs															maze_stem	81.0
1270.86	18.663750000000164	trials	True	False	False	True	False	True	[0.026874231174588203, 0.9731258153915405, 0.5826879143714905, 0.41731205582618713]	-0.5558137213811278	0.3904378628358245	0.27790684159845114	-0.19521892722696066	0.5826879143714905	[7526, 7526, 7525, 7525, 7525]	[7606, 7606, 7605, 7605, 7605]		
1278.3965	5.921000000000049	epochs															maze_arm	81.0
1284.33475	5.16800000000012	epochs															feedback_and_iti	81.0
1284.33475	0.9945000000000164	epochs															feedback_delay	81.0
1285.3455	1.9792500000000928	epochs															feedback	81.0
1287.52225	1.98050000000012	epochs															iti	81.0
1289.52375	7.935500000000047	epochs															maze	82.0
1289.52375	6.042749999999842	epochs															maze_stem	82.0
1289.54425	13.165750000000116	trials	False	False	False	False	True	True	[0.05052672699093819, 0.9494733214378357, 0.7089350819587708, 0.29106494784355164]	-0.6584083642810583	0.2405382301658392	0.32920418679714203	0.12026913464069366	0.9494733214378357	[7638, 7638, 7638, 7637, 7637]	[7685, 7684, 7684, 7684, 7684]		
1295.59175	1.8675000000000637	epochs															maze_arm	82.0
1297.4845	5.205500000000029	epochs															feedback_and_iti	82.0
1297.4845	0.9904999999998836	epochs															feedback_delay	82.0
1298.4985	1.9812500000000455	epochs															feedback	82.0
1300.708	1.981999999999971	epochs															iti	82.0
1302.71	8.250250000000051	epochs															maze	83.0
1302.71	6.345000000000027	epochs															maze_stem	83.0
1302.73	13.45575000000008	trials	False	False	False	False	True	True	[0.0400482714176178, 0.9599516987800598, 0.7477319836616516, 0.2522680461406708]	-0.7076836824417114	0.2122197449207306	0.3538418263196945	0.1061098724603653	0.9599516987800598	[7717, 7717, 7717, 7716, 7716]	[7766, 7765, 7765, 7765, 7765]		
1309.0745	1.8857500000001437	epochs															maze_arm	83.0
1310.98825	5.177749999999833	epochs															feedback_and_iti	83.0
1310.98825	0.9769999999998618	epochs															feedback_delay	83.0
1311.995	1.981000000000222	epochs															feedback	83.0
1314.1905	1.975500000000011	epochs															iti	83.0
1316.18575	8.811499999999796	epochs															maze	84.0
1316.18575	6.305999999999813	epochs															maze_stem	84.0
1316.20375	13.99675000000002	trials	True	False	False	False	True	True	[0.03605942055583, 0.9639405608177185, 0.7560014128684998, 0.24399857223033905]	-0.7199419904500246	0.2079391498118639	0.35997099429368973	0.10396956652402878	0.9639405608177185	[7798, 7798, 7797, 7797, 7797]	[7850, 7849, 7849, 7849, 7849]		
1322.51625	2.4809999999999945	epochs															maze_arm	84.0
1325.0165	5.16150000000016	epochs															feedback_and_iti	84.0
1325.0165	0.9929999999999382	epochs															feedback_delay	84.0
1326.02975	1.9800000000000182	epochs															feedback	84.0
1328.18625	1.9917500000001382	epochs															iti	84.0
1330.2005	9.189000000000078	epochs															maze	85.0
1330.2005	7.169000000000096	epochs															maze_stem	85.0
1330.22475	14.375249999999824	trials	False	False	False	False	True	True	[0.03284371271729469, 0.9671562910079956, 0.7039579749107361, 0.29604199528694153]	-0.6711142789572477	0.2631982993334532	0.33555714786052704	0.13159914314746857	0.9671562910079956	[7882, 7882, 7881, 7881, 7881]	[7936, 7936, 7936, 7935, 7935]		
1337.3895	2.0	epochs															maze_arm	85.0
1339.41	5.166999999999916	epochs															feedback_and_iti	85.0
1339.41	0.9917499999999109	epochs															feedback_delay	85.0
1340.42425	1.975500000000011	epochs															feedback	85.0
1342.59175	1.9852499999999509	epochs															iti	85.0
1344.6	25.295000000000073	epochs															maze	86.0
1344.6	23.15325000000007	epochs															maze_stem	86.0
1344.61925	30.490999999999985	trials	False	False	False	True	False	True	[0.03612177446484566, 0.9638782143592834, 0.7514704465866089, 0.2485295981168747]	-0.715348644182086	0.2124077957123518	0.3576743360608816	-0.10620388947427273	0.7514704465866089	[7968, 7968, 7968, 7968, 7967]	[8119, 8119, 8118, 8118, 8118]		
1367.772	2.1230000000000473	epochs															maze_arm	86.0
1369.9125	5.173000000000002	epochs															feedback_and_iti	86.0
1369.9125	0.9915000000000873	epochs															feedback_delay	86.0
1370.92225	1.9890000000000327	epochs															feedback	86.0
1373.1005	1.9849999999999	epochs															iti	86.0
1375.11025	9.190000000000055	epochs															maze	87.0
1375.11025	7.2062499999999545	epochs															maze_stem	87.0
1375.1315	14.365999999999985	trials	False	False	False	False	True	True	[0.07568603754043579, 0.924314022064209, 0.8337358832359314, 0.1662641167640686]	-0.758049875497818	0.0905781090259552	0.3790249526500702	0.045289069414138794	0.924314022064209	[8151, 8151, 8151, 8150, 8150]	[8205, 8205, 8205, 8205, 8204]		
1382.3365	1.9637500000001182	epochs															maze_arm	87.0
1384.3215	5.157249999999976	epochs															feedback_and_iti	87.0
1384.3215	0.978249999999889	epochs															feedback_delay	87.0
1385.32325	1.9837500000001	epochs															feedback	87.0
1387.48125	1.9974999999999454	epochs															iti	87.0
1389.4975	9.283500000000004	epochs															maze	88.0
1389.4975	7.254249999999956	epochs															maze_stem	88.0
1389.5205	14.474749999999858	trials	False	False	False	False	True	True	[0.04632711037993431, 0.9536728858947754, 0.8302730321884155, 0.16972695291042328]	-0.7839459273964167	0.12339984811842442	0.39197296649217606	0.061699919402599335	0.9536728858947754	[8237, 8237, 8237, 8237, 8237]	[8292, 8292, 8292, 8291, 8291]		
1396.772	2.0090000000000146	epochs															maze_arm	88.0
1398.801	5.172500000000127	epochs															feedback_and_iti	88.0
1398.801	0.9952500000001692	epochs															feedback_delay	88.0
1399.818	1.9737500000001091	epochs															feedback	88.0
1401.9875	1.9860000000001037	epochs															iti	88.0
1403.99525	7.967499999999973	epochs															maze	89.0
1403.99525	6.389750000000049	epochs															maze_stem	89.0
1404.01725	13.173999999999978	trials	False	False	False	False	True	True	[0.04225950315594673, 0.9577405452728271, 0.8356287479400635, 0.16437126696109772]	-0.7933692615479231	0.12211178056895733	0.3966846391558647	0.06105590611696243	0.9577405452728271	[8324, 8324, 8324, 8324, 8323]	[8371, 8371, 8371, 8371, 8370]		
1410.40425	1.5584999999998672	epochs															maze_arm	89.0
1411.9845	5.185999999999922	epochs															feedback_and_iti	89.0
1411.9845	0.9992500000000746	epochs															feedback_delay	89.0
1413.00375	1.9800000000000182	epochs															feedback	89.0
1415.16925	2.0012500000000273	epochs															iti	89.0
1417.19125	7.517499999999927	epochs															maze	90.0
1417.19125	5.339749999999867	epochs															maze_stem	90.0
1417.212	12.720499999999902	trials	False	False	False	False	True	True	[0.04008781909942627, 0.9599121809005737, 0.8279799818992615, 0.17202000319957733]	-0.7878921702504158	0.13193219155073166	0.3939460888504982	0.06596609205007553	0.9599121809005737	[8403, 8403, 8403, 8403, 8403]	[8448, 8447, 8447, 8447, 8447]		
1422.55025	2.1585000000000036	epochs															maze_arm	90.0
1424.7305	5.181250000000091	epochs															feedback_and_iti	90.0
1424.7305	0.9837500000001	epochs															feedback_delay	90.0
1425.7385	1.97725000000014	epochs															feedback	90.0
1427.93075	1.9809999999999945	epochs															iti	90.0
1429.9325	9.329250000000002	epochs															maze	91.0
1429.9325	5.547250000000076	epochs															maze_stem	91.0
1429.95	16.368749999999864	trials	False	False	False	True	True	False	[0.03958887606859207, 0.9604110717773438, 0.8270713090896606, 0.17292870581150055]	-0.7874823994934559	0.1333397962152958	-0.3937411829829216	0.06666988879442215	0.17292870581150055	[8480, 8480, 8479, 8479, 8479]	[8535, 8535, 8534, 8534, 8534]		
1435.49675	3.7649999999998727	epochs															maze_arm	91.0
1439.2795	7.0154999999999745	epochs															feedback_and_iti	91.0
1439.2795	0.9832499999999982	epochs															feedback_delay	91.0
1440.2835	1.9790000000000418	epochs															feedback	91.0
1442.2995	3.9954999999999927	epochs															iti	91.0
1446.31875	6.81450000000018	epochs															maze	92.0
1446.31875	4.9987500000002	epochs															maze_stem	92.0
1446.33925	12.021750000000111	trials	False	False	False	False	True	True	[0.1198536828160286, 0.880146324634552, 0.5795707106590271, 0.4204292893409729]	-0.4597170315682888	0.3005756102502346	0.22985851764678955	0.15028780698776245	0.880146324634552	[8578, 8578, 8578, 8577, 8577]	[8618, 8618, 8618, 8617, 8617]		
1451.3375	1.7957499999999982	epochs															maze_arm	92.0
1453.157	5.181500000000142	epochs															feedback_and_iti	92.0
1453.157	0.9952500000001692	epochs															feedback_delay	92.0
1454.176	1.9742499999999836	epochs															feedback	92.0
1456.35675	1.9817500000001473	epochs															iti	92.0
1458.361	8.928499999999985	epochs															maze	93.0
1458.361	5.082499999999982	epochs															maze_stem	93.0
1458.3845	14.11525000000006	trials	True	False	False	True	False	True	[0.03434877097606659, 0.9656512141227722, 0.5556756258010864, 0.4443243741989136]	-0.5213268473744392	0.4099755957722664	0.2606634274125099	-0.2049878016114235	0.5556756258010864	[8650, 8650, 8650, 8650, 8649]	[8703, 8703, 8702, 8702, 8702]		
1463.46275	3.8267500000001746	epochs															maze_arm	93.0
1467.3045	5.1720000000000255	epochs															feedback_and_iti	93.0
1467.3045	0.9922500000000127	epochs															feedback_delay	93.0
1468.31675	1.9845000000000255	epochs															feedback	93.0
1470.49425	1.9822500000000218	epochs															iti	93.0
1472.49975	7.716750000000047	epochs															maze	94.0
1472.49975	6.157000000000153	epochs															maze_stem	94.0
1472.52175	12.903749999999945	trials	False	False	False	False	True	True	[0.04300737380981445, 0.9569926261901855, 0.7018128037452698, 0.29818716645240784]	-0.6588054448366165	0.2551798075437546	0.32940272986888885	0.1275898963212967	0.9569926261901855	[8735, 8735, 8735, 8734, 8734]	[8780, 8780, 8780, 8780, 8780]		
1478.6775	1.5389999999999873	epochs															maze_arm	94.0
1480.23975	5.159249999999929	epochs															feedback_and_iti	94.0
1480.23975	0.9995000000001255	epochs															feedback_delay	94.0
1481.266	1.9664999999999964	epochs															feedback	94.0
1483.41425	1.984749999999849	epochs															iti	94.0
1485.4255	7.427749999999833	epochs															maze	95.0
1485.4255	5.945249999999987	epochs															maze_stem	95.0
1485.451	12.619500000000016	trials	False	False	False	False	True	True	[0.037870559841394424, 0.9621294140815735, 0.7539577484130859, 0.24604220688343048]	-0.7160871978849173	0.2081716563552618	0.3580436035990715	0.10408581048250198	0.9621294140815735	[8813, 8812, 8812, 8812, 8812]	[8856, 8856, 8856, 8856, 8855]		
1491.3935	1.4597499999999854	epochs															maze_arm	95.0
1492.876	5.173250000000053	epochs															feedback_and_iti	95.0
1492.876	0.9912500000000364	epochs															feedback_delay	95.0
1493.89475	1.9760000000001128	epochs															feedback	95.0
1496.08	1.9692500000001019	epochs															iti	95.0
1498.0705	7.033500000000004	epochs															maze	96.0
1498.0705	5.694500000000062	epochs															maze_stem	96.0
1498.09125	14.0775000000001	trials	False	False	False	True	True	False	[0.035348452627658844, 0.9646515846252441, 0.7689933180809021, 0.2310066968202591]	-0.7336448766291142	0.19565825536847115	-0.3668224439024925	0.09782914072275162	0.2310066968202591	[8888, 8888, 8888, 8888, 8888]	[8930, 8929, 8929, 8929, 8929]		
1503.784	1.3199999999999363	epochs															maze_arm	96.0
1505.12075	7.020250000000033	epochs															feedback_and_iti	96.0
1505.12075	0.9990000000000236	epochs															feedback_delay	96.0
1506.1365	1.9762499999999363	epochs															feedback	96.0
1508.156	3.9850000000001273	epochs															iti	96.0
1512.16875	9.799749999999904	epochs															maze	97.0
1512.16875	5.754750000000058	epochs															maze_stem	97.0
1512.192	14.97524999999996	trials	True	False	False	True	False	True	[0.09995563328266144, 0.9000443816184998, 0.5041066408157349, 0.49589329957962036]	-0.4041510447859764	0.3959377035498619	0.2020755037665367	-0.19796886295080185	0.5041066408157349	[8973, 8973, 8972, 8972, 8972]	[9031, 9031, 9030, 9030, 9030]		
1517.94525	4.023249999999962	epochs															maze_arm	97.0
1521.98725	5.15825000000018	epochs															feedback_and_iti	97.0
1521.98725	0.9945000000000164	epochs															feedback_delay	97.0
1522.9975	1.97400000000016	epochs															feedback	97.0
1525.1705	1.9750000000001364	epochs															iti	97.0
1527.16725	7.990500000000111	epochs															maze	98.0
1527.16725	6.278500000000122	epochs															maze_stem	98.0
1527.18775	13.188499999999976	trials	False	False	False	False	True	True	[0.03909854218363762, 0.9609014391899109, 0.6272658705711365, 0.3727341890335083]	-0.5881672892719507	0.33363560773432255	0.2940836250782013	0.1668178141117096	0.9609014391899109	[9063, 9063, 9062, 9062, 9062]	[9110, 9110, 9109, 9109, 9109]		
1533.46675	1.691000000000031	epochs															maze_arm	98.0
1535.1785	5.177500000000009	epochs															feedback_and_iti	98.0
1535.1785	0.9995000000001255	epochs															feedback_delay	98.0
1536.1995	1.9770000000000891	epochs															feedback	98.0
1538.36425	1.9917499999999109	epochs															iti	98.0
1540.37625	9.995750000000044	epochs															maze	99.0
1540.37625	8.430000000000064	epochs															maze_stem	99.0
1540.39625	15.187750000000051	trials	True	False	False	True	False	True	[0.03943832963705063, 0.9605616331100464, 0.7327529191970825, 0.2672470808029175]	-0.6933145709335804	0.22780873253941536	0.34665729478001595	-0.11390437558293343	0.7327529191970825	[9142, 9142, 9142, 9141, 9141]	[9201, 9201, 9201, 9200, 9200]		
1548.8265	1.5455000000001746	epochs															maze_arm	99.0
1550.39	5.172749999999951	epochs															feedback_and_iti	99.0
1550.39	0.9937499999998636	epochs															feedback_delay	99.0
1551.4025	1.9860000000001037	epochs															feedback	99.0
1553.588	1.9747500000000855	epochs															iti	99.0
1555.584	7.484749999999849	epochs															maze	100.0
1555.584	5.929249999999911	epochs															maze_stem	100.0
1555.603	14.522249999999985	trials	False	True	True	False	True	False	[0.04099529981613159, 0.9590047001838684, 0.7131056189537048, 0.28689438104629517]	-0.6721103191375732	0.24589908123016357	0.3360551595687866	0.12294954061508179	0.9590047001838684	[9233, 9233, 9233, 9233, 9232]	[9277, 9277, 9277, 9277, 9276]		
1561.537	1.5317499999998745	epochs															maze_arm	100.0
1563.09075	7.013749999999845	epochs															feedback_and_iti	100.0
1563.09075	0.9859999999998763	epochs															feedback_delay	100.0
1564.0945	1.97725000000014	epochs															feedback	100.0
1566.1145	3.990000000000009	epochs															iti	100.0
1570.12525	7.639499999999998	epochs															maze	101.0
1570.12525	5.966499999999996	epochs															maze_stem	101.0
1570.146	12.851249999999936	trials	True	True	False	True	True	True	[0.14787808060646057, 0.8521219491958618, 0.8464717864990234, 0.15352827310562134]	-0.6985936909914017	0.005650177597999573	-0.34929683804512024	0.002825111150741577	0.15352827310562134	[9320, 9320, 9320, 9320, 9320]	[9365, 9365, 9365, 9365, 9364]		
1576.11125	1.6535000000001219	epochs															maze_arm	101.0
1577.7845	5.189499999999953	epochs															feedback_and_iti	101.0
1577.7845	0.98700000000008	epochs															feedback_delay	101.0
1578.78825	1.9959999999998672	epochs															feedback	101.0
1580.9725	2.001499999999851	epochs															iti	101.0
1582.99725	6.985250000000178	epochs															maze	102.0
1582.99725	5.322500000000218	epochs															maze_stem	102.0
1583.018	12.173000000000002	trials	False	True	False	True	True	True	[0.07476715743541718, 0.9252328872680664, 0.6940285563468933, 0.3059714138507843]	-0.6192614361643791	0.2312042936682701	-0.30963073670864105	0.11560215055942535	0.3059714138507843	[9398, 9397, 9397, 9397, 9397]	[9439, 9438, 9438, 9438, 9438]		
1588.33975	1.6427499999999782	epochs															maze_arm	102.0
1589.9985	5.172500000000127	epochs															feedback_and_iti	102.0
1589.9985	0.9809999999999945	epochs															feedback_delay	102.0
1591.00625	1.9912500000000364	epochs															feedback	102.0
1593.18975	1.9812500000000455	epochs															iti	102.0
1595.191	7.534750000000031	epochs															maze	103.0
1595.191	5.648249999999962	epochs															maze_stem	103.0
1595.212	14.580999999999904	trials	False	True	False	False	True	False	[0.08144887536764145, 0.9185512065887451, 0.630989134311676, 0.3690108358860016]	-0.549540314823389	0.2875620163977146	0.27477018535137177	0.14378102123737335	0.9185512065887451	[9471, 9470, 9470, 9470, 9470]	[9515, 9515, 9515, 9514, 9514]		
1600.859	1.8667500000001382	epochs															maze_arm	103.0
1602.74275	7.021250000000009	epochs															feedback_and_iti	103.0
1602.74275	0.9875000000001819	epochs															feedback_delay	103.0
1603.74725	1.9827500000001237	epochs															feedback	103.0
1605.772	3.991999999999962	epochs															iti	103.0
1609.793	5.991750000000138	epochs															maze	104.0
1609.793	4.644750000000158	epochs															maze_stem	104.0
1609.82525	13.017499999999927	trials	False	True	False	False	True	False	[0.1917436718940735, 0.8082563281059265, 0.7480840086936951, 0.25191596150398254]	-0.5563403517007828	0.06017230451107025	0.278170183300972	0.03008614480495453	0.8082563281059265	[9558, 9558, 9558, 9558, 9557]	[9593, 9593, 9593, 9593, 9592]		
1614.456	1.3287500000001273	epochs															maze_arm	104.0
1615.80075	7.021249999999782	epochs															feedback_and_iti	104.0
1615.80075	0.994499999999789	epochs															feedback_delay	104.0
1616.81525	1.9754999999997835	epochs															feedback	104.0
1618.8265	3.9954999999999927	epochs															iti	104.0
1622.84275	9.37324999999987	epochs															maze	105.0
1622.84275	5.925999999999931	epochs															maze_stem	105.0
1622.8635	14.560500000000047	trials	False	True	False	True	True	True	[0.1973603367805481, 0.8026396632194519, 0.634619951248169, 0.36538001894950867]	-0.43725962936878204	0.16801969707012177	-0.21862982213497162	0.08400984108448029	0.36538001894950867	[9636, 9636, 9636, 9636, 9636]	[9692, 9692, 9691, 9691, 9691]		
1628.7975	3.4184999999999945	epochs															maze_arm	105.0
1632.23825	5.164999999999964	epochs															feedback_and_iti	105.0
1632.23825	0.9889999999998054	epochs															feedback_delay	105.0
1633.2455	1.9874999999999545	epochs															feedback	105.0
1635.42675	1.9764999999999873	epochs															iti	105.0
1637.424	7.324499999999944	epochs															maze	106.0
1637.424	5.667500000000018	epochs															maze_stem	106.0
1637.4445	14.370249999999942	trials	False	True	False	False	True	False	[0.13940590620040894, 0.8605940937995911, 0.4215792417526245, 0.5784207582473755]	-0.2821733355522156	0.43901485204696655	0.1410866677761078	0.21950742602348328	0.8605940937995911	[9724, 9724, 9724, 9723, 9723]	[9767, 9767, 9766, 9766, 9766]		
1643.116	1.6324999999999363	epochs															maze_arm	106.0
1644.767	7.0252499999999145	epochs															feedback_and_iti	106.0
1644.767	0.9842499999999745	epochs															feedback_delay	106.0
1645.77425	1.9812500000000455	epochs															feedback	106.0
1647.79375	3.998499999999922	epochs															iti	106.0
1651.81475	7.188750000000027	epochs															maze	107.0
1651.81475	4.9224999999999	epochs															maze_stem	107.0
1651.837	14.236000000000104	trials	False	True	False	False	True	False	[0.20708487927913666, 0.7929151654243469, 0.5076867341995239, 0.4923132658004761]	-0.30060187727212906	0.2852284088730812	0.15030094981193542	0.1426142156124115	0.7929151654243469	[9810, 9810, 9810, 9810, 9809]	[9852, 9852, 9852, 9852, 9852]		
1656.7555	2.2480000000000473	epochs															maze_arm	107.0
1659.0215	7.0219999999999345	epochs															feedback_and_iti	107.0
1659.0215	0.9857500000000528	epochs															feedback_delay	107.0
1660.02525	1.9795000000001437	epochs															feedback	107.0
1662.04275	4.000749999999925	epochs															iti	107.0
1666.073	7.728249999999889	epochs															maze	108.0
1666.073	4.80074999999988	epochs															maze_stem	108.0
1666.09575	14.7650000000001	trials	False	True	False	False	True	False	[0.19533205032348633, 0.8046679496765137, 0.4064466655254364, 0.593553364276886]	-0.21111460030078888	0.39822129905223846	0.10555729269981384	0.19911065697669983	0.8046679496765137	[9896, 9895, 9895, 9895, 9895]	[9941, 9941, 9941, 9940, 9940]		
1670.89325	2.9079999999999018	epochs															maze_arm	108.0
1673.8195	7.01949999999988	epochs															feedback_and_iti	108.0
1673.8195	0.9997499999999491	epochs															feedback_delay	108.0
1674.84025	1.965249999999969	epochs															feedback	108.0
1676.85275	3.9862499999999272	epochs															iti	108.0
1680.86075	11.137749999999869	epochs															maze	109.0
1680.86075	5.471000000000004	epochs															maze_stem	109.0
1680.88125	16.326250000000073	trials	True	True	False	False	False	True	[0.18883712589740753, 0.8111628293991089, 0.35771000385284424, 0.6422899961471558]	-0.16887285560369492	0.45345284789800644	-0.08443643897771835	-0.22672643512487411	0.18883712589740753	[9984, 9984, 9984, 9984, 9984]	[10050, 10050, 10050, 10050, 10049]		
1686.351	5.647499999999809	epochs															maze_arm	109.0
1692.01675	5.170749999999998	epochs															feedback_and_iti	109.0
1692.01675	0.9867500000000291	epochs															feedback_delay	109.0
1693.02	1.9860000000001037	epochs															feedback	109.0
1695.207	1.9804999999998927	epochs															iti	109.0
1697.2075	6.39325000000008	epochs															maze	110.0
1697.2075	5.183999999999969	epochs															maze_stem	110.0
1697.22875	11.59375	trials	False	True	False	True	True	True	[0.3945483863353729, 0.6054515838623047, 0.3887363076210022, 0.6112636923789978]	0.005812093615531921	0.21671529114246368	0.0029060542583465576	0.10835763812065125	0.6112636923789978	[10082, 10082, 10082, 10082, 10082]	[10120, 10120, 10119, 10119, 10119]		
1702.4145	1.1862499999999727	epochs															maze_arm	110.0
1703.6185	5.1814999999999145	epochs															feedback_and_iti	110.0
1703.6185	0.9922500000000127	epochs															feedback_delay	110.0
1704.629	1.9880000000000564	epochs															feedback	110.0
1706.80775	1.9922500000000127	epochs															iti	110.0
1708.8225	10.977750000000015	epochs															maze	111.0
1708.8225	9.408750000000055	epochs															maze_stem	111.0
1708.8425	16.175500000000056	trials	True	True	False	False	False	True	[0.25271573662757874, 0.7472842335700989, 0.3833616375923157, 0.6166383624076843]	-0.13064588606357574	0.3639226108789444	-0.06532295048236847	-0.1819613128900528	0.25271573662757874	[10152, 10152, 10152, 10151, 10151]	[10217, 10217, 10216, 10216, 10216]		
1718.249	1.5512499999999818	epochs															maze_arm	111.0
1719.81825	5.17899999999986	epochs															feedback_and_iti	111.0
1719.81825	0.9862499999999272	epochs															feedback_delay	111.0
1720.82175	1.9802499999998417	epochs															feedback	111.0
1723.02325	1.9739999999999327	epochs															iti	111.0
1725.018	8.042249999999967	epochs															maze	112.0
1725.018	6.5405000000000655	epochs															maze_stem	112.0
1725.039	15.088500000000067	trials	False	True	False	False	True	False	[0.5214521884918213, 0.47854775190353394, 0.4867062568664551, 0.5132937431335449]	0.0347459614276886	-0.008158475160598755	-0.017372995615005493	-0.004079252481460571	0.47854775190353394	[10249, 10249, 10249, 10249, 10248]	[10296, 10296, 10296, 10296, 10296]		
1731.579	1.4812500000000455	epochs															maze_arm	112.0
1733.07725	7.028999999999996	epochs															feedback_and_iti	112.0
1733.07725	0.9835000000000491	epochs															feedback_delay	112.0
1734.07925	1.9949999999998909	epochs															feedback	112.0
1736.11525	3.9909999999999854	epochs															iti	112.0
1740.1275	13.473749999999882	epochs															maze	113.0
1740.1275	11.677500000000009	epochs															maze_stem	113.0
1740.14775	20.523999999999887	trials	False	True	False	True	False	False	[0.46390947699546814, 0.5360905528068542, 0.6337428092956543, 0.3662571609020233]	-0.16983336210250854	-0.09765228629112244	0.08491666615009308	0.04882614314556122	0.6337428092956543	[10340, 10340, 10339, 10339, 10339]	[10420, 10419, 10419, 10419, 10419]		
1751.83375	1.7674999999999272	epochs															maze_arm	113.0
1753.6195	7.02800000000002	epochs															feedback_and_iti	113.0
1753.6195	0.9992500000000746	epochs															feedback_delay	113.0
1754.63725	1.9792500000000928	epochs															feedback	113.0
1756.6585	3.9890000000000327	epochs															iti	113.0
1760.67175	11.42599999999993	epochs															maze	114.0
1760.67175	9.82224999999994	epochs															maze_stem	114.0
1760.69725	18.464249999999993	trials	False	True	False	True	False	False	[0.4694417417049408, 0.5305582880973816, 0.5622406005859375, 0.4377594292163849]	-0.0927988588809967	-0.03168231248855591	0.04639942944049835	0.015841171145439148	0.5622406005859375	[10463, 10463, 10463, 10462, 10462]	[10530, 10530, 10530, 10530, 10530]		
1770.5135	1.5842499999998836	epochs															maze_arm	114.0
1772.119	7.016500000000178	epochs															feedback_and_iti	114.0
1772.119	0.9815000000000964	epochs															feedback_delay	114.0
1773.1185	1.9852499999999509	epochs															feedback	114.0
1775.14125	3.994250000000193	epochs															iti	114.0
1779.1615	7.860000000000127	epochs															maze	115.0
1779.1615	6.115500000000111	epochs															maze_stem	115.0
1779.1875	14.914250000000038	trials	False	True	False	False	True	False	[0.47978657484054565, 0.5202134251594543, 0.5750819444656372, 0.4249180555343628]	-0.09529536962509155	-0.05486851930618286	0.047647684812545776	-0.02743425965309143	0.5202134251594543	[10574, 10574, 10573, 10573, 10573]	[10620, 10620, 10620, 10619, 10619]		
1785.3	1.7215000000001055	epochs															maze_arm	115.0
1787.045	7.029999999999973	epochs															feedback_and_iti	115.0
1787.045	0.9874999999999545	epochs															feedback_delay	115.0
1788.0485	1.9867499999998017	epochs															feedback	115.0
1790.08475	3.99025000000006	epochs															iti	115.0
1794.10175	7.17574999999988	epochs															maze	116.0
1794.10175	5.481499999999869	epochs															maze_stem	116.0
1794.12625	14.216249999999945	trials	False	True	False	False	True	False	[0.33398717641830444, 0.6660128831863403, 0.528549075126648, 0.47145092487335205]	-0.1945619285106659	0.13746377825737	0.09728097915649414	0.06873190402984619	0.6660128831863403	[10663, 10663, 10663, 10663, 10663]	[10705, 10705, 10705, 10705, 10705]		
1799.6035	1.6739999999999782	epochs															maze_arm	116.0
1801.29425	7.017500000000155	epochs															feedback_and_iti	116.0
1801.29425	0.9867500000000291	epochs															feedback_delay	116.0
1802.2975	1.9887500000002092	epochs															feedback	116.0
1804.3315	3.980250000000069	epochs															iti	116.0
1808.3425	12.533750000000055	epochs															maze	117.0
1808.3425	5.6087500000001	epochs															maze_stem	117.0
1808.36825	19.558500000000095	trials	False	True	False	False	True	False	[0.26839616894721985, 0.7316038608551025, 0.43188008666038513, 0.5681198835372925]	-0.16348394751548767	0.299723744392395	0.08174198865890503	0.1498618721961975	0.7316038608551025	[10749, 10749, 10748, 10748, 10748]	[10823, 10823, 10823, 10822, 10822]		
1813.97175	6.904500000000098	epochs															maze_arm	117.0
1820.894	7.010999999999967	epochs															feedback_and_iti	117.0
1820.894	0.9990000000000236	epochs															feedback_delay	117.0
1821.90925	1.9700000000000273	epochs															feedback	117.0
1823.9175	3.9874999999999545	epochs															iti	117.0
1827.92675	11.3287499999999	epochs															maze	118.0
1827.92675	4.813499999999976	epochs															maze_stem	118.0
1827.9495	18.366999999999962	trials	False	True	False	False	True	False	[0.23131276667118073, 0.7686871886253357, 0.37536829710006714, 0.6246317028999329]	-0.14405550807714462	0.39331891387701035	0.07202774286270142	0.19665944576263428	0.7686871886253357	[10866, 10866, 10866, 10866, 10865]	[10933, 10933, 10933, 10933, 10932]		
1832.75775	6.497749999999996	epochs															maze_arm	118.0
1839.2775	7.015250000000151	epochs															feedback_and_iti	118.0
1839.2775	0.9912500000000364	epochs															feedback_delay	118.0
1840.29075	1.9710000000000036	epochs															feedback	118.0
1842.31575	3.977000000000089	epochs															iti	118.0
1846.3165	9.941000000000031	epochs															maze	119.0
1846.3165	6.179000000000087	epochs															maze_stem	119.0
1846.33725	15.124499999999898	trials	False	True	False	True	True	True	[0.21116751432418823, 0.7888324856758118, 0.33681362867355347, 0.6631863713264465]	-0.12564611434936523	0.4520188570022583	-0.06282305717468262	0.22600942850112915	0.6631863713264465	[10976, 10976, 10976, 10976, 10976]	[11035, 11035, 11035, 11034, 11034]		
1852.5165	3.7409999999999854	epochs															maze_arm	119.0
1856.27425	5.163750000000164	epochs															feedback_and_iti	119.0
1856.27425	0.9945000000000164	epochs															feedback_delay	119.0
1857.287	1.9704999999999018	epochs															feedback	119.0
1859.463	1.9750000000001364	epochs															iti	119.0
1861.46175	9.714249999999993	epochs															maze	120.0
1861.46175	4.841499999999996	epochs															maze_stem	120.0
1861.48425	14.906750000000102	trials	False	True	False	True	True	True	[0.2032175213098526, 0.7967824935913086, 0.22680263221263885, 0.7731974124908447]	-0.02358509600162506	0.5699798762798309	-0.011792540550231934	0.28498995304107666	0.7731974124908447	[11067, 11067, 11067, 11067, 11066]	[11125, 11124, 11124, 11124, 11124]		
1866.326	4.849999999999909	epochs															maze_arm	120.0
1871.19325	5.176249999999982	epochs															feedback_and_iti	120.0
1871.19325	0.9962499999999181	epochs															feedback_delay	120.0
1872.20575	1.981499999999869	epochs															feedback	120.0
1874.38325	1.9862499999999272	epochs															iti	120.0
1876.391	10.244500000000016	epochs															maze	121.0
1876.391	8.339999999999918	epochs															maze_stem	121.0
1876.4125	15.413250000000062	trials	False	True	False	False	False	True	[0.1893826127052307, 0.8106174468994141, 0.18076109886169434, 0.8192389011383057]	0.00862148404121399	0.6298563182353973	0.0043107569217681885	-0.3149281442165375	0.1893826127052307	[11157, 11157, 11156, 11156, 11156]	[11217, 11217, 11217, 11217, 11216]		
1884.754	1.8815000000001874	epochs															maze_arm	121.0
1886.6515	5.153500000000122	epochs															feedback_and_iti	121.0
1886.6515	0.990500000000111	epochs															feedback_delay	121.0
1887.65825	1.9780000000000655	epochs															feedback	121.0
1889.82325	1.9817500000001473	epochs															iti	121.0
1891.82575	13.029500000000098	epochs															maze	122.0
1891.82575	11.268500000000131	epochs															maze_stem	122.0
1891.84725	18.229000000000042	trials	False	True	False	False	False	True	[0.5599851608276367, 0.4400148093700409, 0.2252427190542221, 0.7747572064399719]	0.3347424194216728	0.214772067964077	0.1673712208867073	-0.10738606005907059	0.5599851608276367	[11249, 11249, 11249, 11249, 11249]	[11326, 11326, 11326, 11326, 11326]		
1903.11525	1.740000000000009	epochs															maze_arm	122.0
1904.87325	5.182999999999993	epochs															feedback_and_iti	122.0
1904.87325	0.9922500000000127	epochs															feedback_delay	122.0
1905.885	1.9849999999999	epochs															feedback	122.0
1908.064	1.9922500000000127	epochs															iti	122.0
1910.07625	9.146499999999833	epochs															maze	123.0
1910.07625	5.2719999999999345	epochs															maze_stem	123.0
1910.098	14.325500000000147	trials	False	True	False	True	True	True	[0.7120648622512817, 0.28793516755104065, 0.25700637698173523, 0.7429935932159424]	0.4550584554672241	0.030928760766983032	0.22752921283245087	0.015464380383491516	0.7429935932159424	[11359, 11359, 11358, 11358, 11358]	[11413, 11412, 11412, 11412, 11412]		
1915.369	3.853749999999991	epochs															maze_arm	123.0
1919.24	5.160499999999956	epochs															feedback_and_iti	123.0
1919.24	0.9984999999999218	epochs															feedback_delay	123.0
1920.25525	1.9715000000001055	epochs															feedback	123.0
1922.41025	1.99025000000006	epochs															iti	123.0
1924.4235	9.773749999999836	epochs															maze	124.0
1924.4235	5.21349999999984	epochs															maze_stem	124.0
1924.446	14.96075000000019	trials	False	True	False	True	True	True	[0.4551751911640167, 0.5448248386383057, 0.21633940935134888, 0.7836605906486511]	0.23883576691150665	0.3284854143857956	0.11941787600517273	0.1642427146434784	0.7836605906486511	[11445, 11445, 11444, 11444, 11444]	[11502, 11502, 11502, 11502, 11502]		
1929.6595	4.53774999999996	epochs															maze_arm	124.0
1934.2185	5.169499999999971	epochs															feedback_and_iti	124.0
1934.2185	0.9882500000001073	epochs															feedback_delay	124.0
1935.22425	1.9929999999999382	epochs															feedback	124.0
1937.41075	1.9772499999999127	epochs															iti	124.0
1939.40675	12.317999999999984	epochs															maze	125.0
1939.40675	10.616999999999962	epochs															maze_stem	125.0
1939.42675	17.49000000000001	trials	False	True	False	False	False	True	[0.43110227584838867, 0.5688977837562561, 0.20789837837219238, 0.7921016216278076]	0.2232038676738739	0.36099937558174133	0.11160194873809814	-0.18049967288970947	0.43110227584838867	[11535, 11534, 11534, 11534, 11534]	[11608, 11607, 11607, 11607, 11607]		
1950.04325	1.6815000000001419	epochs															maze_arm	125.0
1951.74225	5.1534999999998945	epochs															feedback_and_iti	125.0
1951.74225	0.9855000000000018	epochs															feedback_delay	125.0
1952.747	1.9845000000000255	epochs															feedback	125.0
1954.9215	1.9742499999999836	epochs															iti	125.0
1956.91675	7.4099999999998545	epochs															maze	126.0
1956.91675	5.7654999999999745	epochs															maze_stem	126.0
1956.9375	12.607749999999896	trials	False	True	False	True	True	True	[0.7635162472724915, 0.23648375272750854, 0.1626703292131424, 0.8373296856880188]	0.6008459255099297	0.07381343096494675	0.3004229664802551	0.03690671920776367	0.8373296856880188	[11640, 11639, 11639, 11639, 11639]	[11683, 11683, 11683, 11682, 11682]		
1962.7025	1.6242499999998472	epochs															maze_arm	126.0
1964.3435	5.17775000000006	epochs															feedback_and_iti	126.0
1964.3435	0.9867500000000291	epochs															feedback_delay	126.0
1965.34825	1.993750000000091	epochs															feedback	126.0
1967.54075	1.98050000000012	epochs															iti	126.0
1969.54525	11.61200000000008	epochs															maze	127.0
1969.54525	9.787000000000035	epochs															maze_stem	127.0
1969.567	16.835749999999962	trials	False	True	False	False	False	True	[0.6227480173110962, 0.3772519528865814, 0.1703283190727234, 0.8296716809272766]	0.452419713139534	0.20692364871501923	0.2262098491191864	-0.10346183180809021	0.6227480173110962	[11715, 11715, 11715, 11715, 11715]	[11784, 11784, 11784, 11783, 11783]		
1979.352	1.8052499999998872	epochs															maze_arm	127.0
1981.174	5.201250000000073	epochs															feedback_and_iti	127.0
1981.174	0.9974999999999454	epochs															feedback_delay	127.0
1982.19025	1.9797499999999673	epochs															feedback	127.0
1984.38175	1.99350000000004	epochs															iti	127.0
1986.40275	13.437000000000126	epochs															maze	128.0
1986.40275	11.724249999999984	epochs															maze_stem	128.0
1986.423	18.617250000000013	trials	True	True	False	False	False	True	[0.8942155241966248, 0.10578453540802002, 0.1185445785522461, 0.8814554810523987]	0.7756709456443787	-0.012760043144226074	0.38783547282218933	0.006380051374435425	0.8942155241966248	[11816, 11816, 11816, 11816, 11816]	[11896, 11896, 11896, 11895, 11895]		
1998.147	1.69275000000016	epochs															maze_arm	128.0
1999.85775	5.161250000000109	epochs															feedback_and_iti	128.0
1999.85775	0.9950000000001182	epochs															feedback_delay	128.0
2000.87075	1.9804999999998927	epochs															feedback	128.0
2003.05475	1.9642499999999927	epochs															iti	128.0
2005.04025	10.003999999999905	epochs															maze	129.0
2005.04025	5.260500000000093	epochs															maze_stem	129.0
2005.0635	15.175750000000107	trials	True	True	False	True	True	True	[0.8594932556152344, 0.14050672948360443, 0.14598348736763, 0.8540165424346924]	0.7135097905993462	-0.005476735532283783	0.356754906475544	-0.002738364040851593	0.8540165424346924	[11928, 11928, 11928, 11928, 11927]	[11987, 11987, 11987, 11987, 11986]		
2010.32075	4.723499999999831	epochs															maze_arm	129.0
2015.0605	5.157249999999976	epochs															feedback_and_iti	129.0
2015.0605	0.9990000000000236	epochs															feedback_delay	129.0
2016.07625	1.9732500000000073	epochs															feedback	129.0
2018.24075	1.9770000000000891	epochs															iti	129.0
2020.23925	11.179499999999962	epochs															maze	130.0
2020.23925	9.529999999999973	epochs															maze_stem	130.0
2020.25925	16.37649999999985	trials	False	True	False	False	False	True	[0.8255341053009033, 0.17446587979793549, 0.16473495960235596, 0.8352649807929993]	0.6607991233468056	0.009730897843837738	0.3303995728492737	-0.004865467548370361	0.8255341053009033	[12019, 12019, 12019, 12019, 12018]	[12085, 12085, 12085, 12085, 12085]		
2029.79	1.6287500000000819	epochs															maze_arm	130.0
2031.4355	5.1752500000000055	epochs															feedback_and_iti	130.0
2031.4355	0.9939999999999145	epochs															feedback_delay	130.0
2032.447	1.9887500000002092	epochs															feedback	130.0
2034.62075	1.990000000000009	epochs															iti	130.0
2036.63575	7.047250000000076	epochs															maze	131.0
2036.63575	5.321250000000191	epochs															maze_stem	131.0
2036.65925	14.082250000000158	trials	False	True	False	False	True	False	[0.9538143277168274, 0.046185705810785294, 0.1008102223277092, 0.8991897702217102]	0.8530040849000216	-0.054624537006020546	-0.42650203220546246	-0.02731226198375225	0.046185705810785294	[12118, 12117, 12117, 12117, 12117]	[12159, 12159, 12158, 12158, 12158]		
2041.97775	1.7052499999999782	epochs															maze_arm	131.0
2043.70075	7.020500000000084	epochs															feedback_and_iti	131.0
2043.70075	0.9850000000001273	epochs															feedback_delay	131.0
2044.7025	1.9897499999999582	epochs															feedback	131.0
2046.727	3.9942499999999654	epochs															iti	131.0
2050.7415	6.335250000000087	epochs															maze	132.0
2050.7415	4.655749999999898	epochs															maze_stem	132.0
2050.75975	13.384999999999764	trials	False	True	False	False	True	False	[0.33488404750823975, 0.665116012096405, 0.2131039947271347, 0.7868959903717041]	0.12178001552820206	0.45201198011636734	-0.060889989137649536	0.22600600123405457	0.665116012096405	[12202, 12202, 12202, 12202, 12201]	[12239, 12239, 12239, 12239, 12238]		
2055.4175	1.6592500000001564	epochs															maze_arm	132.0
2057.0945	7.0294999999996435	epochs															feedback_and_iti	132.0
2057.0945	0.9980000000000473	epochs															feedback_delay	132.0
2058.1145	1.9777500000000146	epochs															feedback	132.0
2060.1275	3.9964999999997417	epochs															iti	132.0
2064.14475	13.063750000000255	epochs															maze	133.0
2064.14475	10.64825000000019	epochs															maze_stem	133.0
2064.1635	18.252500000000055	trials	False	True	False	False	False	True	[0.15562714636325836, 0.8443728685379028, 0.1105792373418808, 0.8894208073616028]	0.04504792392253876	0.7337936460971832	0.022523954510688782	-0.3668968081474304	0.15562714636325836	[12283, 12282, 12282, 12282, 12282]	[12360, 12360, 12360, 12359, 12359]		
2074.811	2.3975000000000364	epochs															maze_arm	133.0
2077.22775	5.167750000000069	epochs															feedback_and_iti	133.0
2077.22775	0.9942500000001928	epochs															feedback_delay	133.0
2078.2395	1.98174999999992	epochs															feedback	133.0
2080.39975	1.9957500000000437	epochs															iti	133.0
2082.416	8.583749999999782	epochs															maze	134.0
2082.416	5.929999999999836	epochs															maze_stem	134.0
2082.43675	15.628250000000207	trials	False	True	False	False	True	False	[0.5534983277320862, 0.44650164246559143, 0.06882831454277039, 0.9311716556549072]	0.4846700131893158	0.37767332792282104	-0.2423350065946579	0.18883664906024933	0.44650164246559143	[12392, 12392, 12392, 12391, 12391]	[12443, 12442, 12442, 12442, 12442]		
2088.36675	2.632999999999811	epochs															maze_arm	134.0
2091.01875	7.014499999999771	epochs															feedback_and_iti	134.0
2091.01875	0.994499999999789	epochs															feedback_delay	134.0
2092.03425	1.9657499999998436	epochs															feedback	134.0
2094.04025	3.992999999999938	epochs															iti	134.0
2098.065	7.453500000000076	epochs															maze	135.0
2098.065	6.07674999999972	epochs															maze_stem	135.0
2098.09	12.638500000000022	trials	False	True	False	True	True	True	[0.42027294635772705, 0.579727053642273, 0.25232353806495667, 0.747676432132721]	0.1679493933916092	0.3274035006761551	0.083974689245224	0.16370174288749695	0.747676432132721	[12486, 12486, 12486, 12485, 12485]	[12530, 12529, 12529, 12529, 12529]		
2104.1645	1.3540000000002692	epochs															maze_arm	135.0
2105.53525	5.168750000000273	epochs															feedback_and_iti	135.0
2105.53525	0.9904999999998836	epochs															feedback_delay	135.0
2106.54375	1.9727500000003602	epochs															feedback	135.0
2108.7145	1.9895000000001346	epochs															iti	135.0
2110.7285	9.11999999999989	epochs															maze	136.0
2110.7285	5.412499999999909	epochs															maze_stem	136.0
2110.749	14.32300000000032	trials	True	True	False	True	True	True	[0.538798451423645, 0.46120157837867737, 0.12525086104869843, 0.8747491240501404]	0.4135475680232048	0.33595069497823715	0.2067737728357315	0.16797535121440887	0.8747491240501404	[12562, 12562, 12561, 12561, 12561]	[12616, 12615, 12615, 12615, 12615]		
2116.16575	3.682749999999942	epochs															maze_arm	136.0
2119.87375	5.174749999999676	epochs															feedback_and_iti	136.0
2119.87375	0.9822500000000218	epochs															feedback_delay	136.0
2120.873	1.9837499999998727	epochs															feedback	136.0
2123.07975	1.96875	epochs															iti	136.0
2125.072	10.515750000000025	epochs															maze	137.0
2125.072	5.4604999999996835	epochs															maze_stem	137.0
2125.096	15.681750000000193	trials	False	True	False	True	True	True	[0.576169490814209, 0.42383047938346863, 0.14315082132816315, 0.8568491339683533]	0.43301866203546524	0.2806796506047249	0.21650932729244232	0.14033980667591095	0.8568491339683533	[12648, 12648, 12647, 12647, 12647]	[12710, 12710, 12710, 12709, 12709]		
2130.556	5.031750000000102	epochs															maze_arm	137.0
2135.60325	5.153999999999996	epochs															feedback_and_iti	137.0
2135.60325	0.994499999999789	epochs															feedback_delay	137.0
2136.61475	1.9789999999998145	epochs															feedback	137.0
2138.7705	1.986750000000029	epochs															iti	137.0
2140.77775	12.015999999999622	epochs															maze	138.0
2140.77775	5.603499999999713	epochs															maze_stem	138.0
2140.79875	19.07074999999986	trials	False	True	False	False	True	False	[0.5722098350524902, 0.42779016494750977, 0.13251347839832306, 0.8674864768981934]	0.4396963343024254	0.2952766641974449	-0.2198481559753418	0.14763832092285156	0.42779016494750977	[12742, 12742, 12742, 12741, 12741]	[12813, 12813, 12813, 12813, 12812]		
2146.40125	6.392499999999927	epochs															maze_arm	138.0
2152.80975	7.038500000000113	epochs															feedback_and_iti	138.0
2152.80975	0.9902500000002874	epochs															feedback_delay	138.0
2153.8185	1.9912500000000364	epochs															feedback	138.0
2155.8515	3.9967499999997926	epochs															iti	138.0
2159.8695	7.845250000000306	epochs															maze	139.0
2159.8695	6.341000000000349	epochs															maze_stem	139.0
2159.89425	13.028250000000298	trials	False	True	False	True	True	True	[0.2475045621395111, 0.7524954676628113, 0.18092063069343567, 0.8190793991088867]	0.06658393144607544	0.5715748369693756	0.03329196572303772	0.285787433385849	0.8190793991088867	[12856, 12856, 12856, 12856, 12856]	[12903, 12902, 12902, 12902, 12902]		
2166.23025	1.4845000000000255	epochs															maze_arm	139.0
2167.7315	5.168250000000171	epochs															feedback_and_iti	139.0
2167.7315	0.9950000000003456	epochs															feedback_delay	139.0
2168.74925	1.9715000000001055	epochs															feedback	139.0
2170.92375	1.9760000000001128	epochs															iti	139.0
2172.9225	10.265249999999924	epochs															maze	140.0
2172.9225	5.220249999999851	epochs															maze_stem	140.0
2172.9455	15.452999999999975	trials	False	True	False	True	True	True	[0.3514953553676605, 0.6485046148300171, 0.09768731892108917, 0.902312695980072]	0.25380805879831314	0.5508173182606697	0.12690404057502747	0.27540865540504456	0.902312695980072	[12935, 12935, 12934, 12934, 12934]	[12995, 12995, 12995, 12995, 12995]		
2178.16775	5.019999999999982	epochs															maze_arm	140.0
2183.20875	5.168500000000222	epochs															feedback_and_iti	140.0
2183.20875	0.993750000000091	epochs															feedback_delay	140.0
2184.221	1.9827500000001237	epochs															feedback	140.0
2186.41025	1.9670000000000982	epochs															iti	140.0
2188.3985	9.705250000000433	epochs															maze	141.0
2188.3985	5.291250000000218	epochs															maze_stem	141.0
2188.423	14.894000000000233	trials	False	True	False	True	True	True	[0.4209911525249481, 0.5790088772773743, 0.11994308233261108, 0.8800569772720337]	0.30104808509349823	0.4590658098459244	0.1505240499973297	0.22953292727470398	0.8800569772720337	[13028, 13027, 13027, 13027, 13027]	[13085, 13085, 13084, 13084, 13084]		
2193.70825	4.395500000000084	epochs															maze_arm	141.0
2198.122	5.173999999999978	epochs															feedback_and_iti	141.0
2198.122	0.9980000000000473	epochs															feedback_delay	141.0
2199.13825	1.981249999999818	epochs															feedback	141.0
2201.29825	1.9977499999999964	epochs															iti	141.0
2203.317	10.184499999999844	epochs															maze	142.0
2203.317	5.703750000000127	epochs															maze_stem	142.0
2203.33725	15.402500000000146	trials	True	True	False	True	True	True	[0.4286980628967285, 0.5713019371032715, 0.12412343174219131, 0.8758765459060669]	0.3045746199786663	0.4471784941852093	0.1522873044013977	0.2235892415046692	0.8758765459060669	[13117, 13117, 13117, 13116, 13116]	[13177, 13177, 13177, 13177, 13176]		
2209.0405	4.460999999999785	epochs															maze_arm	142.0
2213.519	5.197000000000116	epochs															feedback_and_iti	142.0
2213.519	0.9815000000003238	epochs															feedback_delay	142.0
2214.5195	1.9952499999999418	epochs															feedback	142.0
2216.7135	2.0025000000000546	epochs															iti	142.0
2218.73975	9.124249999999847	epochs															maze	143.0
2218.73975	7.590499999999793	epochs															maze_stem	143.0
2218.75925	16.17549999999983	trials	False	True	False	False	True	False	[0.4386872351169586, 0.561312735080719, 0.13793040812015533, 0.8620696067810059]	0.3007568493485451	0.42338234931230545	-0.15037843585014343	0.21169117093086243	0.561312735080719	[13209, 13209, 13209, 13209, 13209]	[13263, 13263, 13263, 13263, 13262]		
2226.3505	1.5135000000000218	epochs															maze_arm	143.0
2227.88375	7.02350000000024	epochs															feedback_and_iti	143.0
2227.88375	0.98700000000008	epochs															feedback_delay	143.0
2228.88925	1.9887499999999818	epochs															feedback	143.0
2230.91375	3.99350000000004	epochs															iti	143.0
2234.93475	10.579750000000331	epochs															maze	144.0
2234.93475	6.8595000000000255	epochs															maze_stem	144.0
2234.961	15.750750000000153	trials	False	True	False	True	True	True	[0.2033979296684265, 0.7966020703315735, 0.19616763293743134, 0.8038323521614075]	0.007230289280414581	0.6004344299435616	0.003615140914916992	0.3002172112464905	0.8038323521614075	[13307, 13306, 13306, 13306, 13306]	[13369, 13369, 13369, 13368, 13368]		
2241.813	3.7015000000001237	epochs															maze_arm	144.0
2245.53225	5.1597499999998035	epochs															feedback_and_iti	144.0
2245.53225	0.9907499999999345	epochs															feedback_delay	144.0
2246.541	1.9902499999998327	epochs															feedback	144.0
2248.7095	1.9825000000000728	epochs															iti	144.0
2250.71175	11.924250000000029	epochs															maze	145.0
2250.71175	9.941249999999854	epochs															maze_stem	145.0
2250.7315	17.102750000000015	trials	False	True	False	False	False	True	[0.20166487991809845, 0.798335075378418, 0.09109165519475937, 0.9089083671569824]	0.11057325825095177	0.7072434537112713	0.05528661236166954	-0.3536217324435711	0.20166487991809845	[13401, 13401, 13401, 13401, 13400]	[13472, 13472, 13471, 13471, 13471]		
2260.67375	1.96225000000004	epochs															maze_arm	145.0
2262.6525	5.161000000000058	epochs															feedback_and_iti	145.0
2262.6525	0.9969999999998436	epochs															feedback_delay	145.0
2263.669	1.9695000000001528	epochs															feedback	145.0
2265.8485	1.9650000000001455	epochs															iti	145.0
2267.83425	6.919000000000324	epochs															maze	146.0
2267.83425	5.443000000000211	epochs															maze_stem	146.0
2267.8555	12.11474999999973	trials	False	True	False	True	True	True	[0.6490568518638611, 0.3509431481361389, 0.08506578207015991, 0.9149342179298401]	0.5639910697937012	0.265877366065979	0.2819955348968506	0.1329386830329895	0.9149342179298401	[13504, 13504, 13503, 13503, 13503]	[13544, 13544, 13544, 13544, 13544]		
2273.29775	1.455500000000029	epochs															maze_arm	146.0
2274.77175	5.166999999999916	epochs															feedback_and_iti	146.0
2274.77175	0.992750000000342	epochs															feedback_delay	146.0
2275.7825	1.974500000000262	epochs															feedback	146.0
2277.97025	1.968499999999949	epochs															iti	146.0
2279.97025	9.366500000000087	epochs															maze	147.0
2279.97025	5.2097499999999854	epochs															maze_stem	147.0
2279.99425	14.540999999999713	trials	False	True	False	True	True	True	[0.45310503244400024, 0.5468949675559998, 0.10185196250677109, 0.8981481194496155]	0.35125311091542244	0.44504304602742195	0.17562657594680786	0.22252154350280762	0.8981481194496155	[13577, 13576, 13576, 13576, 13576]	[13632, 13632, 13631, 13631, 13631]		
2285.1995	4.137249999999767	epochs															maze_arm	147.0
2289.353	5.161250000000109	epochs															feedback_and_iti	147.0
2289.353	0.9839999999999236	epochs															feedback_delay	147.0
2290.353	1.9897499999997308	epochs															feedback	147.0
2292.5395	1.9747500000003129	epochs															iti	147.0
2294.53525	10.146749999999884	epochs															maze	148.0
2294.53525	7.085250000000087	epochs															maze_stem	148.0
2294.55525	17.17950000000019	trials	False	True	False	False	True	False	[0.47201478481292725, 0.5279852151870728, 0.13010811805725098, 0.8698919415473938]	0.34190669655799866	0.39787712693214417	-0.17095336318016052	0.19893857836723328	0.5279852151870728	[13664, 13664, 13664, 13663, 13663]	[13724, 13724, 13723, 13723, 13723]		
2301.64	3.0419999999999163	epochs															maze_arm	148.0
2304.699	7.014749999999822	epochs															feedback_and_iti	148.0
2304.699	0.9890000000000327	epochs															feedback_delay	148.0
2305.706	1.9834999999998217	epochs															feedback	148.0
2307.72475	3.9890000000000327	epochs															iti	148.0
2311.73475	5.994999999999891	epochs															maze	149.0
2311.73475	4.595499999999902	epochs															maze_stem	149.0
2311.7555	13.0324999999998	trials	False	True	False	False	True	False	[0.22637271881103516, 0.7736272811889648, 0.19180305302143097, 0.808197021484375]	0.03456970304250717	0.5818242654204369	-0.017284870147705078	0.2909121513366699	0.7736272811889648	[13767, 13767, 13767, 13766, 13766]	[13802, 13802, 13802, 13801, 13801]		
2316.35	1.3797500000000582	epochs															maze_arm	149.0
2317.74775	7.017249999999876	epochs															feedback_and_iti	149.0
2317.74775	0.9884999999999309	epochs															feedback_delay	149.0
2318.753	1.989249999999629	epochs															feedback	149.0
2320.778	3.98700000000008	epochs															iti	149.0
2324.788	11.50799999999981	epochs															maze	150.0
2324.788	6.480000000000018	epochs															maze_stem	150.0
2324.81025	16.702499999999873	trials	False	True	False	True	True	True	[0.0984649658203125, 0.9015350937843323, 0.10414426028728485, 0.8958557844161987]	-0.005679301917552948	0.7973908260464668	-0.0028396546840667725	0.3986954391002655	0.8958557844161987	[13845, 13845, 13845, 13845, 13845]	[13913, 13913, 13913, 13913, 13913]		
2331.288	5.007999999999811	epochs															maze_arm	150.0
2336.3135	5.178999999999633	epochs															feedback_and_iti	150.0
2336.3135	0.9982499999996435	epochs															feedback_delay	150.0
2337.33025	1.981499999999869	epochs															feedback	150.0
2339.5285	1.9639999999999418	epochs															iti	150.0
2341.51275	9.920250000000124	epochs															maze	151.0
2341.51275	5.528250000000298	epochs															maze_stem	151.0
2341.53325	15.086499999999887	trials	False	True	False	True	True	True	[0.16838981211185455, 0.8316101431846619, 0.08376660943031311, 0.9162334203720093]	0.08462323993444443	0.7478435710072517	0.042311638593673706	0.37392178177833557	0.9162334203720093	[13946, 13945, 13945, 13945, 13945]	[14004, 14004, 14004, 14004, 14003]		
2347.0605	4.372499999999945	epochs															maze_arm	151.0
2351.45125	5.148499999999785	epochs															feedback_and_iti	151.0
2351.45125	0.9974999999999454	epochs															feedback_delay	151.0
2352.46475	1.9654999999997926	epochs															feedback	151.0
2354.62575	1.9739999999997053	epochs															iti	151.0
2356.61975	9.607500000000073	epochs															maze	152.0
2356.61975	4.954000000000178	epochs															maze_stem	152.0
2356.64025	14.813000000000102	trials	True	True	False	True	True	True	[0.2026449292898178, 0.797355055809021, 0.09899314492940903, 0.901006817817688]	0.10365177318453789	0.6983618997037411	0.051825881004333496	0.3491809368133545	0.901006817817688	[14036, 14036, 14036, 14036, 14035]	[14093, 14093, 14092, 14092, 14092]		
2361.59375	4.633499999999913	epochs															maze_arm	152.0
2366.2445	5.180749999999989	epochs															feedback_and_iti	152.0
2366.2445	0.9852500000001783	epochs															feedback_delay	152.0
2367.255	1.9887499999999818	epochs															feedback	152.0
2369.4355	1.9897499999997308	epochs															iti	152.0
2371.45325	6.992249999999785	epochs															maze	153.0
2371.45325	4.8032499999999345	epochs															maze_stem	153.0
2371.47475	12.173749999999927	trials	False	True	False	True	True	True	[0.22587533295154572, 0.7741246223449707, 0.11338473111391068, 0.8866153359413147]	0.11249065771698952	0.6607399471104145	0.056245356798172	0.3303699791431427	0.8866153359413147	[14125, 14125, 14125, 14125, 14124]	[14166, 14166, 14166, 14166, 14165]		
2376.27775	2.1677499999996144	epochs															maze_arm	153.0
2378.4635	5.161750000000211	epochs															feedback_and_iti	153.0
2378.4635	0.9970000000002983	epochs															feedback_delay	153.0
2379.47775	1.97524999999996	epochs															feedback	153.0
2381.64675	1.9785000000001673	epochs															iti	153.0
2383.6485	9.007750000000215	epochs															maze	154.0
2383.6485	5.054250000000138	epochs															maze_stem	154.0
2383.676	14.182000000000244	trials	False	True	False	True	True	True	[0.21303072571754456, 0.7869693040847778, 0.11372081935405731, 0.8862792253494263]	0.09930991381406784	0.6732484921813011	0.04965496063232422	0.33662426471710205	0.8862792253494263	[14198, 14198, 14198, 14198, 14197]	[14251, 14251, 14251, 14251, 14251]		
2388.7285	3.9277499999998327	epochs															maze_arm	154.0
2392.677	5.159249999999702	epochs															feedback_and_iti	154.0
2392.677	0.9797499999999673	epochs															feedback_delay	154.0
2393.67425	1.9834999999998217	epochs															feedback	154.0
2395.851	1.9852499999997235	epochs															iti	154.0
2397.858	10.064249999999902	epochs															maze	155.0
2397.858	4.94524999999976	epochs															maze_stem	155.0
2397.87875	15.257250000000113	trials	False	True	False	True	True	True	[0.22364000976085663, 0.7763599157333374, 0.1193004623055458, 0.8806995153427124]	0.10433957353234291	0.6570594795048237	0.0521697998046875	0.3285297155380249	0.8806995153427124	[14283, 14283, 14283, 14283, 14283]	[14343, 14343, 14342, 14342, 14342]		
2402.824	5.098250000000007	epochs															maze_arm	155.0
2407.94025	5.174999999999727	epochs															feedback_and_iti	155.0
2407.94025	0.9864999999999782	epochs															feedback_delay	155.0
2408.947	1.981249999999818	epochs															feedback	155.0
2411.13125	1.9839999999999236	epochs															iti	155.0
2413.136	29.007250000000113	epochs															maze	156.0
2413.136	26.74225000000024	epochs															maze_stem	156.0
2413.1565	34.204749999999876	trials	False	True	False	False	False	True	[0.2284967303276062, 0.7715033292770386, 0.1240629330277443, 0.8759371042251587]	0.10443378612399101	0.6474403850734234	0.052216898649930954	-0.32372016832232475	0.2284967303276062	[14375, 14375, 14375, 14374, 14374]	[14548, 14548, 14548, 14547, 14547]		
2439.89875	2.2445000000002437	epochs															maze_arm	156.0
2442.1635	5.1784999999999854	epochs															feedback_and_iti	156.0
2442.1635	0.9852499999997235	epochs															feedback_delay	156.0
2443.166	1.9912500000000364	epochs															feedback	156.0
2445.375	1.9670000000000982	epochs															iti	156.0
2447.36125	13.003749999999854	epochs															maze	157.0
2447.36125	11.458750000000236	epochs															maze_stem	157.0
2447.38325	18.210000000000036	trials	True	True	False	False	False	True	[0.6145980954170227, 0.3854018449783325, 0.10841991752386093, 0.8915801048278809]	0.5061782188713551	0.27698196843266487	0.2530890889465809	-0.13849099352955818	0.6145980954170227	[14580, 14580, 14580, 14580, 14579]	[14657, 14657, 14657, 14657, 14656]		
2458.8405	1.524499999999989	epochs															maze_arm	157.0
2460.38225	5.185999999999694	epochs															feedback_and_iti	157.0
2460.38225	0.9915000000000873	epochs															feedback_delay	157.0
2461.39375	1.9809999999997672	epochs															feedback	157.0
2463.59475	1.9734999999996035	epochs															iti	157.0
2465.59325	8.758250000000317	epochs															maze	158.0
2465.59325	7.20575000000008	epochs															maze_stem	158.0
2465.61325	15.789500000000317	trials	False	True	False	False	True	False	[0.6904253363609314, 0.3095746338367462, 0.12930481135845184, 0.870695173740387]	0.5611205324530602	0.18026982992887497	-0.2805602699518204	0.09013490378856659	0.3095746338367462	[14690, 14689, 14689, 14689, 14689]	[14741, 14741, 14741, 14741, 14740]		
2472.81775	1.5337500000000546	epochs															maze_arm	158.0
2474.36675	7.0154999999999745	epochs															feedback_and_iti	158.0
2474.36675	0.98700000000008	epochs															feedback_delay	158.0
2475.37175	1.9827500000001237	epochs															feedback	158.0
2477.3915	3.9907499999999345	epochs															iti	158.0
2481.40275	11.60024999999996	epochs															maze	159.0
2481.40275	6.152999999999793	epochs															maze_stem	159.0
2481.42275	16.792500000000018	trials	False	True	False	True	True	True	[0.3666766285896301, 0.6333233714103699, 0.23317626118659973, 0.7668237686157227]	0.1335003823041916	0.40014712512493134	0.06675019860267639	0.20007357001304626	0.7668237686157227	[14784, 14784, 14784, 14784, 14784]	[14853, 14853, 14853, 14852, 14852]		
2487.582	5.4210000000002765	epochs															maze_arm	159.0
2493.0255	5.170749999999771	epochs															feedback_and_iti	159.0
2493.0255	0.9837499999998727	epochs															feedback_delay	159.0
2494.02725	1.9809999999997672	epochs															feedback	159.0
2496.2275	1.96875	epochs															iti	159.0
2498.21525	11.238999999999578	epochs															maze	160.0
2498.21525	9.230249999999614	epochs															maze_stem	160.0
2498.235	16.415250000000015	trials	True	True	False	False	False	True	[0.3815307021141052, 0.6184692978858948, 0.1128452867269516, 0.887154757976532]	0.2686854377388954	0.505624033510685	0.1343427076935768	-0.2528120055794716	0.3815307021141052	[14885, 14885, 14885, 14885, 14884]	[14952, 14951, 14951, 14951, 14951]		
2507.4635	1.9907499999999345	epochs															maze_arm	160.0
2509.4715	5.157999999999902	epochs															feedback_and_iti	160.0
2509.4715	0.9989999999997963	epochs															feedback_delay	160.0
2510.49125	1.9627500000001419	epochs															feedback	160.0
2512.6445	1.9850000000001273	epochs															iti	160.0
2514.65025	8.55199999999968	epochs															maze	161.0
2514.65025	5.141999999999825	epochs															maze_stem	161.0
2514.677	13.77749999999969	trials	False	True	False	True	True	True	[0.6835965514183044, 0.31640344858169556, 0.1043986901640892, 0.8956013321876526]	0.5791978724300861	0.21200476959347725	0.2895989418029785	0.10600239038467407	0.8956013321876526	[14984, 14984, 14983, 14983, 14983]	[15034, 15034, 15034, 15033, 15033]		
2519.81225	3.3899999999998727	epochs															maze_arm	161.0
2523.221	5.208749999999782	epochs															feedback_and_iti	161.0
2523.221	0.9837499999998727	epochs															feedback_delay	161.0
2524.22275	2.0012500000002547	epochs															feedback	161.0
2526.4505	1.9792499999998654	epochs															iti	161.0
2528.4545	8.49225000000024	epochs															maze	162.0
2528.4545	4.9597499999999854	epochs															maze_stem	162.0
2528.47925	13.687000000000353	trials	False	True	False	True	True	True	[0.6521439552307129, 0.3478560447692871, 0.11642816662788391, 0.8835718035697937]	0.5357157737016678	0.231427863240242	0.2678578794002533	0.1157139241695404	0.8835718035697937	[15066, 15066, 15066, 15066, 15066]	[15116, 15116, 15116, 15116, 15116]		
2533.43425	3.512500000000273	epochs															maze_arm	162.0
2536.96275	5.183749999999691	epochs															feedback_and_iti	162.0
2536.96275	0.9877499999997781	epochs															feedback_delay	162.0
2537.96675	1.9940000000001419	epochs															feedback	162.0
2540.175	1.9714999999996508	epochs															iti	162.0
2542.16625	13.986999999999625	epochs															maze	163.0
2542.16625	12.041499999999814	epochs															maze_stem	163.0
2542.18725	19.183500000000095	trials	False	True	False	False	False	True	[0.6391345858573914, 0.3608654737472534, 0.135684534907341, 0.8643155097961426]	0.5034500434994698	0.22518093138933182	0.2517250254750252	-0.11259043961763382	0.6391345858573914	[15149, 15149, 15148, 15148, 15148]	[15232, 15231, 15231, 15231, 15231]		
2554.22925	1.9239999999999782	epochs															maze_arm	163.0
2556.1715	5.176500000000033	epochs															feedback_and_iti	163.0
2556.1715	0.9985000000001492	epochs															feedback_delay	163.0
2557.188	1.9710000000000036	epochs															feedback	163.0
2559.37625	1.9717500000001564	epochs															iti	163.0
2561.37075	10.768999999999778	epochs															maze	164.0
2561.37075	8.940000000000055	epochs															maze_stem	164.0
2561.39325	15.964249999999993	trials	False	True	False	False	False	True	[0.8736521005630493, 0.12634792923927307, 0.08898270130157471, 0.9110172986984253]	0.7846693843603134	0.03736521303653717	0.3923346996307373	-0.01868259906768799	0.8736521005630493	[15264, 15264, 15263, 15263, 15263]	[15327, 15327, 15327, 15327, 15327]		
2570.3305	1.8092499999997926	epochs															maze_arm	164.0
2572.15675	5.179749999999785	epochs															feedback_and_iti	164.0
2572.15675	0.9924999999998363	epochs															feedback_delay	164.0
2573.1665	1.9797499999999673	epochs															feedback	164.0
2575.33875	1.9977499999999964	epochs															iti	164.0
2577.3575	10.750500000000102	epochs															maze	165.0
2577.3575	9.28899999999976	epochs															maze_stem	165.0
2577.378	15.945749999999862	trials	True	True	False	False	False	True	[0.8083367943763733, 0.19166319072246552, 0.10482542961835861, 0.895174503326416]	0.7035113386809826	0.08683773502707481	0.35175568237900734	-0.04341888800263405	0.8083367943763733	[15360, 15360, 15359, 15359, 15359]	[15423, 15423, 15423, 15423, 15422]		
2586.66525	1.44275000000016	epochs															maze_arm	165.0
2588.12525	5.17450000000008	epochs															feedback_and_iti	165.0
2588.12525	0.9877499999997781	epochs															feedback_delay	165.0
2589.13025	1.9890000000000327	epochs															feedback	165.0
2591.32125	1.9785000000001673	epochs															iti	165.0
2593.32375	11.954749999999876	epochs															maze	166.0
2593.32375	10.41424999999981	epochs															maze_stem	166.0
2593.34725	17.124750000000404	trials	False	True	False	False	False	True	[0.8406301736831665, 0.1593697965145111, 0.11522535979747772, 0.8847746849060059]	0.7254048511385918	0.04414447396993637	0.3627024069428444	-0.022072233259677887	0.8406301736831665	[15455, 15455, 15455, 15455, 15455]	[15526, 15526, 15526, 15526, 15525]		
2603.759	1.51949999999988	epochs															maze_arm	166.0
2605.29775	5.151749999999993	epochs															feedback_and_iti	166.0
2605.29775	0.9837499999998727	epochs															feedback_delay	166.0
2606.30475	1.9780000000000655	epochs															feedback	166.0
2608.46125	1.9882500000003347	epochs															iti	166.0
2610.472	6.281749999999647	epochs															maze	167.0
2610.472	4.74474999999984	epochs															maze_stem	167.0
2610.49325	13.321750000000065	trials	False	True	False	False	True	False	[0.929514467716217, 0.07048545777797699, 0.10811922699213028, 0.8918808102607727]	0.8213952966034412	-0.03763371333479881	-0.41069767624139786	-0.018816865980625153	0.07048545777797699	[15558, 15558, 15558, 15558, 15557]	[15595, 15595, 15595, 15594, 15594]		
2615.24075	1.51299999999992	epochs															maze_arm	167.0
2616.77	7.025750000000244	epochs															feedback_and_iti	167.0
2616.77	0.993750000000091	epochs															feedback_delay	167.0
2617.789	1.9829999999997199	epochs															feedback	167.0
2619.80975	3.986000000000331	epochs															iti	167.0
2623.815	7.168749999999818	epochs															maze	168.0
2623.815	5.942250000000058	epochs															maze_stem	168.0
2623.83575	12.38299999999981	trials	False	True	False	True	True	True	[0.31758591532707214, 0.6824141144752502, 0.1847941279411316, 0.8152058720588684]	0.13279177248477936	0.49761997163295746	0.06639587879180908	0.24880999326705933	0.8152058720588684	[15638, 15638, 15638, 15638, 15637]	[15680, 15680, 15680, 15680, 15680]		
2629.77825	1.205500000000029	epochs															maze_arm	168.0
2631.00225	5.1967500000000655	epochs															feedback_and_iti	168.0
2631.00225	0.9839999999999236	epochs															feedback_delay	168.0
2632.006	1.9765000000002146	epochs															feedback	168.0
2634.2135	1.9855000000002292	epochs															iti	168.0
2636.21875	10.18224999999984	epochs															maze	169.0
2636.21875	8.56100000000015	epochs															maze_stem	169.0
2636.24225	15.376250000000255	trials	True	True	False	False	False	True	[0.5379323363304138, 0.46206769347190857, 0.09568226337432861, 0.9043177366256714]	0.442250058054924	0.36638541519641876	0.2211250364780426	-0.18319270014762878	0.5379323363304138	[15713, 15712, 15712, 15712, 15712]	[15773, 15773, 15772, 15772, 15772]		
2644.79925	1.6017499999998108	epochs															maze_arm	169.0
2646.417	5.1775000000002365	epochs															feedback_and_iti	169.0
2646.417	0.9927499999998872	epochs															feedback_delay	169.0
2647.427	1.9794999999999163	epochs															feedback	169.0
2649.62425	1.9702500000003056	epochs															iti	169.0
2651.6185	13.331749999999829	epochs															maze	170.0
2651.6185	11.773499999999785	epochs															maze_stem	170.0
2651.64225	18.538500000000113	trials	False	True	False	False	False	True	[0.7879387140274048, 0.21206136047840118, 0.08925336599349976, 0.910746693611145]	0.6986853405833244	0.12280798703432083	0.3493426740169525	-0.06140395998954773	0.7879387140274048	[15805, 15805, 15805, 15804, 15804]	[15884, 15884, 15884, 15883, 15883]		
2663.41075	1.5394999999998618	epochs															maze_arm	170.0
2664.96675	5.193249999999807	epochs															feedback_and_iti	170.0
2664.96675	0.9985000000001492	epochs															feedback_delay	170.0
2665.98825	1.9785000000001673	epochs															feedback	170.0
2668.17425	1.9857499999998254	epochs															iti	170.0
2670.18075	10.140499999999975	epochs															maze	171.0
2670.18075	4.871999999999844	epochs															maze_stem	171.0
2670.2015	15.331249999999727	trials	False	True	False	True	True	True	[0.875931441783905, 0.12406851351261139, 0.09962973743677139, 0.9003702998161316]	0.7763017453253269	0.02443881705403328	0.3881508931517601	0.01221940666437149	0.9003702998161316	[15916, 15916, 15916, 15916, 15915]	[15976, 15976, 15976, 15976, 15975]		
2675.073	5.248250000000098	epochs															maze_arm	171.0
2680.3395	5.164249999999811	epochs															feedback_and_iti	171.0
2680.3395	0.9867500000000291	epochs															feedback_delay	171.0
2681.344	1.986750000000029	epochs															feedback	171.0
2683.51975	1.9839999999999236	epochs															iti	171.0
2685.53275	8.137000000000171	epochs															maze	172.0
2685.53275	6.619000000000142	epochs															maze_stem	172.0
2685.5545	15.198999999999614	trials	True	True	False	False	True	False	[0.75572669506073, 0.24427329003810883, 0.10873092710971832, 0.8912690281867981]	0.6469957530498505	0.1355423480272293	-0.32349786907434464	0.06777115911245346	0.24427329003810883	[16008, 16008, 16008, 16008, 16008]	[16056, 16056, 16056, 16056, 16055]		
2692.17025	1.4994999999998981	epochs															maze_arm	172.0
2693.6895	7.035249999999905	epochs															feedback_and_iti	172.0
2693.6895	0.9974999999999454	epochs															feedback_delay	172.0
2694.70425	1.9782500000001164	epochs															feedback	172.0
2696.72775	3.9969999999998436	epochs															iti	172.0
2700.7535	7.57425000000012	epochs															maze	173.0
2700.7535	4.835750000000189	epochs															maze_stem	173.0
2700.77675	14.609750000000076	trials	True	True	False	False	True	False	[0.2983317971229553, 0.7016682028770447, 0.1196892261505127, 0.8803107738494873]	0.17864257097244263	0.581978976726532	-0.08932128548622131	0.290989488363266	0.7016682028770447	[16100, 16099, 16099, 16099, 16099]	[16144, 16144, 16144, 16143, 16143]		
2705.6095	2.718249999999898	epochs															maze_arm	173.0
2708.345	7.016750000000229	epochs															feedback_and_iti	173.0
2708.345	0.9902500000002874	epochs															feedback_delay	173.0
2709.35375	1.9874999999997272	epochs															feedback	173.0
2711.37875	3.9830000000001746	epochs															iti	173.0
2715.3865	9.453250000000025	epochs															maze	174.0
2715.3865	6.023249999999734	epochs															maze_stem	174.0
2715.41	14.641250000000127	trials	False	True	False	True	True	True	[0.0946662575006485, 0.9053337574005127, 0.05917118862271309, 0.9408287405967712]	0.03549502603709698	0.8461625259369612	0.017747491598129272	0.42308124899864197	0.9408287405967712	[16187, 16187, 16187, 16187, 16187]	[16243, 16243, 16243, 16242, 16242]		
2721.43	3.4097500000002583	epochs															maze_arm	174.0
2724.8585	5.1707500000002256	epochs															feedback_and_iti	174.0
2724.8585	0.9957500000000437	epochs															feedback_delay	174.0
2725.87075	1.9774999999999636	epochs															feedback	174.0
2728.0605	1.96875	epochs															iti	174.0
2730.05125	9.516999999999825	epochs															maze	175.0
2730.05125	5.416749999999865	epochs															maze_stem	175.0
2730.072	14.733499999999822	trials	False	True	False	True	True	True	[0.20477892458438873, 0.7952210307121277, 0.07555791735649109, 0.9244420528411865]	0.12922101467847824	0.7196631208062172	0.06461051106452942	0.3598315417766571	0.9244420528411865	[16275, 16275, 16275, 16275, 16274]	[16331, 16331, 16331, 16331, 16331]		
2735.489	4.0792499999997744	epochs															maze_arm	175.0
2739.58825	5.190500000000156	epochs															feedback_and_iti	175.0
2739.58825	0.9909999999999854	epochs															feedback_delay	175.0
2740.597	1.9884999999999309	epochs															feedback	175.0
2742.8035	1.97524999999996	epochs															iti	175.0
2744.8055	7.14200000000028	epochs															maze	176.0
2744.8055	5.551500000000033	epochs															maze_stem	176.0
2744.8285	14.170999999999822	trials	False	True	False	False	True	False	[0.23861674964427948, 0.7613832950592041, 0.09120889008045197, 0.9087910652160645]	0.14740781486034393	0.6701743602752686	-0.07370388507843018	0.3350871801376343	0.7613832950592041	[16364, 16364, 16363, 16363, 16363]	[16406, 16405, 16405, 16405, 16405]		
2750.37775	1.5697500000001128	epochs															maze_arm	176.0
2751.96825	7.010749999999916	epochs															feedback_and_iti	176.0
2751.96825	0.98700000000008	epochs															feedback_delay	176.0
2752.97125	1.9792499999998654	epochs															feedback	176.0
2754.987	3.9919999999997344	epochs															iti	176.0
2758.9995	10.309000000000196	epochs															maze	177.0
2758.9995	5.997000000000298	epochs															maze_stem	177.0
2759.0185	15.534749999999804	trials	False	True	False	True	True	True	[0.17175361514091492, 0.8282464146614075, 0.15732476115226746, 0.8426752686500549]	0.014428853988647461	0.67092165350914	0.0072144269943237305	0.3354608416557312	0.8426752686500549	[16449, 16449, 16448, 16448, 16448]	[16510, 16509, 16509, 16509, 16509]		
2765.017	4.291500000000269	epochs															maze_arm	177.0
2769.326	5.2042499999997744	epochs															feedback_and_iti	177.0
2769.326	0.9942500000001928	epochs															feedback_delay	177.0
2770.33825	1.9885000000003856	epochs															feedback	177.0
2772.53925	1.9909999999999854	epochs															iti	177.0
2774.55325	7.426750000000084	epochs															maze	178.0
2774.55325	6.206750000000284	epochs															maze_stem	178.0
2774.5745	14.462749999999687	trials	False	True	False	False	True	False	[0.17575302720069885, 0.8242470026016235, 0.0883854478597641, 0.9116145968437195]	0.08736758679151535	0.73586156219244	-0.043683797121047974	0.3679307997226715	0.8242470026016235	[16542, 16542, 16542, 16541, 16541]	[16586, 16585, 16585, 16585, 16585]		
2780.78025	1.199750000000222	epochs															maze_arm	178.0
2782.0005	7.016000000000076	epochs															feedback_and_iti	178.0
2782.0005	0.9980000000000473	epochs															feedback_delay	178.0
2783.01775	1.9762500000001637	epochs															feedback	178.0
2785.02975	3.986750000000029	epochs															iti	178.0
2789.03725	8.628250000000207	epochs															maze	179.0
2789.03725	6.976750000000266	epochs															maze_stem	179.0
2789.058	13.809249999999793	trials	False	True	False	True	True	True	[0.16748444736003876, 0.8325155377388, 0.17301172018051147, 0.8269882202148438]	-0.005527295172214508	0.6595037952065468	-0.0027636587619781494	0.3297518789768219	0.8269882202148438	[16629, 16629, 16629, 16628, 16628]	[16680, 16680, 16679, 16679, 16679]		
2796.03425	1.631249999999909	epochs															maze_arm	179.0
2797.68225	5.16274999999996	epochs															feedback_and_iti	179.0
2797.68225	0.9970000000002983	epochs															feedback_delay	179.0
2798.69775	1.9695000000001528	epochs															feedback	179.0
2800.8765	1.968499999999949	epochs															iti	179.0
2802.86725	11.447250000000167	epochs															maze	180.0
2802.86725	9.320500000000266	epochs															maze_stem	180.0
2802.89075	16.647500000000036	trials	False	True	False	False	False	True	[0.15165188908576965, 0.8483481407165527, 0.09154593199491501, 0.9084541201591492]	0.06010596826672554	0.7568022198975086	0.030052978545427322	-0.37840108945965767	0.15165188908576965	[16712, 16712, 16711, 16711, 16711]	[16780, 16779, 16779, 16779, 16779]		
2812.20775	2.10674999999992	epochs															maze_arm	180.0
2814.33175	5.178000000000338	epochs															feedback_and_iti	180.0
2814.33175	0.9842499999999745	epochs															feedback_delay	180.0
2815.33325	1.9967499999997926	epochs															feedback	180.0
2817.54275	1.9670000000000982	epochs															iti	180.0
2819.53825	10.67574999999988	epochs															maze	181.0
2819.53825	8.972249999999804	epochs															maze_stem	181.0
2819.56675	15.865499999999884	trials	False	True	False	False	False	True	[0.5595840811729431, 0.4404159188270569, 0.09034965187311172, 0.9096503257751465]	0.4692344181239605	0.35006625577807426	0.2346172146499157	-0.17503313347697258	0.5595840811729431	[16812, 16812, 16811, 16811, 16811]	[16875, 16875, 16874, 16874, 16874]		
2828.53025	1.6837500000001455	epochs															maze_arm	181.0
2830.23175	5.179250000000138	epochs															feedback_and_iti	181.0
2830.23175	0.980750000000171	epochs															feedback_delay	181.0
2831.23275	1.982749999999669	epochs															feedback	181.0
2833.42625	1.9847500000000764	epochs															iti	181.0
2835.43225	10.75525000000016	epochs															maze	182.0
2835.43225	9.309500000000298	epochs															maze_stem	182.0
2835.4525	15.941749999999956	trials	True	True	False	False	False	True	[0.6049109101295471, 0.39508911967277527, 0.11681929975748062, 0.8831807374954224]	0.4880916140973568	0.27826982364058495	0.24404580518603325	-0.13913489505648613	0.6049109101295471	[16907, 16907, 16907, 16907, 16906]	[16971, 16970, 16970, 16970, 16970]		
2844.76325	1.424250000000029	epochs															maze_arm	182.0
2846.20425	5.169750000000022	epochs															feedback_and_iti	182.0
2846.20425	0.9852500000001783	epochs															feedback_delay	182.0
2847.20775	1.9920000000001892	epochs															feedback	182.0
2849.39725	1.9767499999998108	epochs															iti	182.0
2851.39425	9.053750000000036	epochs															maze	183.0
2851.39425	4.760750000000371	epochs															maze_stem	183.0
2851.41375	14.236499999999978	trials	True	True	False	True	True	True	[0.7583723664283752, 0.24162761867046356, 0.127139151096344, 0.872860848903656]	0.6312332227826118	0.11448847502470016	0.3156166151165962	0.057244233787059784	0.872860848903656	[17003, 17003, 17002, 17002, 17002]	[17056, 17056, 17056, 17056, 17055]		
2856.17275	4.275249999999687	epochs															maze_arm	183.0
2860.46375	5.164749999999913	epochs															feedback_and_iti	183.0
2860.46375	0.9904999999998836	epochs															feedback_delay	183.0
2861.479	1.9792500000003201	epochs															feedback	183.0
2863.65225	1.976249999999709	epochs															iti	183.0
2865.65025	12.001999999999953	epochs															maze	184.0
2865.65025	10.618249999999989	epochs															maze_stem	184.0
2865.67	17.19425000000001	trials	False	True	False	False	False	True	[0.7341136336326599, 0.2658863365650177, 0.1470412313938141, 0.8529587388038635]	0.5870724022388458	0.11884510517120361	0.2935362011194229	-0.059422567486763	0.7341136336326599	[17088, 17088, 17088, 17088, 17087]	[17159, 17159, 17159, 17159, 17159]		
2876.2945	1.3577500000001237	epochs															maze_arm	184.0
2877.66825	5.176249999999982	epochs															feedback_and_iti	184.0
2877.66825	0.9927499999998872	epochs															feedback_delay	184.0
2878.67975	1.98700000000008	epochs															feedback	184.0
2880.8645	1.9800000000000182	epochs															iti	184.0
2882.86425	10.973999999999705	epochs															maze	185.0
2882.86425	9.181500000000142	epochs															maze_stem	185.0
2882.888	16.189499999999953	trials	False	True	False	False	False	True	[0.9363875389099121, 0.0636124387383461, 0.10000436753034592, 0.8999956250190735]	0.8363831788301468	-0.03639192134141922	0.4181915856897831	0.018195953220129013	0.9363875389099121	[17192, 17191, 17191, 17191, 17191]	[17256, 17256, 17256, 17256, 17256]		
2892.0645	1.7737499999998363	epochs															maze_arm	185.0
2893.855	5.191749999999956	epochs															feedback_and_iti	185.0
2893.855	0.9992499999998472	epochs															feedback_delay	185.0
2894.871	1.9850000000001273	epochs															feedback	185.0
2897.04125	2.0054999999997563	epochs															iti	185.0
2899.0775	9.372499999999945	epochs															maze	186.0
2899.0775	5.172750000000178	epochs															maze_stem	186.0
2899.09725	14.553499999999985	trials	False	True	False	True	True	True	[0.8229824304580688, 0.17701758444309235, 0.1008823812007904, 0.8991175889968872]	0.7221000269055367	0.07613518089056015	0.36105000227689743	0.03806758671998978	0.8991175889968872	[17289, 17289, 17288, 17288, 17288]	[17344, 17344, 17344, 17343, 17343]		
2904.269	4.18100000000004	epochs															maze_arm	186.0
2908.46975	5.160750000000007	epochs															feedback_and_iti	186.0
2908.46975	0.9899999999997817	epochs															feedback_delay	186.0
2909.4775	1.9760000000001128	epochs															feedback	186.0
2911.6535	1.9770000000003165	epochs															iti	186.0
2913.65075	10.098000000000411	epochs															maze	187.0
2913.65075	8.590000000000146	epochs															maze_stem	187.0
2913.67	17.135499999999865	trials	False	True	False	False	True	False	[0.8237212300300598, 0.17627876996994019, 0.1131366565823555, 0.8868633508682251]	0.7105845771729946	0.06314211711287498	-0.35529229044914246	0.03157106041908264	0.17627876996994019	[17376, 17376, 17376, 17375, 17375]	[17436, 17435, 17435, 17435, 17435]		
2922.26025	1.4885000000003856	epochs															maze_arm	187.0
2923.76425	7.020999999999731	epochs															feedback_and_iti	187.0
2923.76425	0.9847499999996217	epochs															feedback_delay	187.0
2924.76575	1.9890000000000327	epochs															feedback	187.0
2926.7925	3.9927499999998872	epochs															iti	187.0
2930.8055	7.099999999999909	epochs															maze	188.0
2930.8055	5.524499999999989	epochs															maze_stem	188.0
2930.82625	14.15124999999989	trials	False	True	False	False	True	False	[0.3307485282421112, 0.6692514419555664, 0.20879103243350983, 0.7912089824676514]	0.12195751816034317	0.46046043187379837	-0.06097877025604248	0.2302302122116089	0.6692514419555664	[17479, 17479, 17479, 17478, 17478]	[17521, 17520, 17520, 17520, 17520]		
2936.35075	1.5547499999997854	epochs															maze_arm	188.0
2937.921	7.035000000000309	epochs															feedback_and_iti	188.0
2937.921	1.000250000000051	epochs															feedback_delay	188.0
2938.94175	1.97524999999996	epochs															feedback	188.0
2940.9625	3.99350000000004	epochs															iti	188.0
2944.9775	8.845499999999902	epochs															maze	189.0
2944.9775	7.383499999999913	epochs															maze_stem	189.0
2944.99975	14.03650000000016	trials	False	True	False	True	True	True	[0.12651267647743225, 0.8734872937202454, 0.10670401155948639, 0.89329594373703]	0.019808657467365265	0.7667832747101784	0.009904325008392334	0.3833916187286377	0.89329594373703	[17564, 17564, 17564, 17563, 17563]	[17616, 17616, 17616, 17615, 17615]		
2952.3805	1.4424999999996544	epochs															maze_arm	189.0
2953.84175	5.170000000000073	epochs															feedback_and_iti	189.0
2953.84175	0.9887499999999818	epochs															feedback_delay	189.0
2954.848	1.9787500000002183	epochs															feedback	189.0
2957.02425	1.987500000000182	epochs															iti	189.0
2959.03625	7.83199999999988	epochs															maze	190.0
2959.03625	5.657999999999902	epochs															maze_stem	190.0
2959.05675	13.012499999999818	trials	False	True	False	True	True	True	[0.30425384640693665, 0.695746123790741, 0.08569411188364029, 0.9143058657646179]	0.21855973824858665	0.610052015632391	0.10927987098693848	0.30502599477767944	0.9143058657646179	[17648, 17648, 17648, 17648, 17647]	[17694, 17694, 17694, 17694, 17693]		
2964.719	2.149249999999938	epochs															maze_arm	190.0
2966.88625	5.163500000000113	epochs															feedback_and_iti	190.0
2966.88625	0.9929999999999382	epochs															feedback_delay	190.0
2967.90725	1.9737499999996544	epochs															feedback	190.0
2970.0595	1.9902500000002874	epochs															iti	190.0
2972.06925	7.4402500000001055	epochs															maze	191.0
2972.06925	5.283249999999953	epochs															maze_stem	191.0
2972.09025	12.6262499999998	trials	True	True	False	True	True	True	[0.3473973870277405, 0.6526026129722595, 0.10124339163303375, 0.8987566232681274]	0.24615400284528732	0.5513592287898064	0.12307700514793396	0.2756796181201935	0.8987566232681274	[17726, 17726, 17726, 17726, 17726]	[17770, 17770, 17770, 17769, 17769]		
2977.37025	2.1392500000001746	epochs															maze_arm	191.0
2979.5285	5.159750000000258	epochs															feedback_and_iti	191.0
2979.5285	0.9892500000000837	epochs															feedback_delay	191.0
2980.535	1.9777500000000146	epochs															feedback	191.0
2982.70175	1.9864999999999782	epochs															iti	191.0
2984.7165	7.083749999999782	epochs															maze	192.0
2984.7165	5.454999999999927	epochs															maze_stem	192.0
2984.74675	12.253000000000156	trials	False	True	False	True	True	True	[0.36613374948501587, 0.6338663101196289, 0.114420585334301, 0.8855793476104736]	0.2517131008207798	0.5194456614553928	0.12585651874542236	0.25972282886505127	0.8855793476104736	[17802, 17802, 17802, 17802, 17801]	[17844, 17844, 17843, 17843, 17843]		
2990.1925	1.607749999999669	epochs															maze_arm	192.0
2991.81625	5.161000000000058	epochs															feedback_and_iti	192.0
2991.81625	0.999000000000251	epochs															feedback_delay	192.0
2992.83325	1.9704999999999018	epochs															feedback	192.0
2994.99975	1.9774999999999636	epochs															iti	192.0
2996.99975	8.965000000000146	epochs															maze	193.0
2996.99975	5.238749999999982	epochs															maze_stem	193.0
2997.0235	14.142500000000382	trials	False	True	False	True	True	True	[0.36452925205230713, 0.6354707479476929, 0.11539539694786072, 0.8846045732498169]	0.24913384020328522	0.520075336098671	0.12456691265106201	0.2600376605987549	0.8846045732498169	[17876, 17876, 17875, 17875, 17875]	[17929, 17928, 17928, 17928, 17928]		
3002.2645	3.700249999999869	epochs															maze_arm	193.0
3005.98325	5.163749999999709	epochs															feedback_and_iti	193.0
3005.98325	0.9867499999995744	epochs															feedback_delay	193.0
3006.99375	1.9789999999998145	epochs															feedback	193.0
3009.16325	1.9837499999998727	epochs															iti	193.0
3011.166	7.425999999999931	epochs															maze	194.0
3011.166	5.7722499999999854	epochs															maze_stem	194.0
3011.1865	12.649000000000342	trials	True	True	False	True	True	True	[0.37840020656585693, 0.6215997934341431, 0.12119543552398682, 0.8788045644760132]	0.2572047710418701	0.5004043579101562	0.12860238552093506	0.2502021789550781	0.8788045644760132	[17961, 17961, 17960, 17960, 17960]	[18004, 18004, 18004, 18004, 18004]		
3016.959	1.6330000000002656	epochs															maze_arm	194.0
3018.60975	5.201999999999771	epochs															feedback_and_iti	194.0
3018.60975	0.9917500000001382	epochs															feedback_delay	194.0
3019.618	1.987500000000182	epochs															feedback	194.0
3021.81075	2.000999999999749	epochs															iti	194.0
3023.8355	8.297999999999774	epochs															maze	195.0
3023.8355	5.076499999999669	epochs															maze_stem	195.0
3023.8565	13.510999999999967	trials	False	True	False	True	True	True	[0.39278745651245117, 0.6072125434875488, 0.13648492097854614, 0.8635150790214539]	0.25630253553390503	0.4707276225090027	0.12815126776695251	0.23536381125450134	0.8635150790214539	[18037, 18037, 18036, 18036, 18036]	[18086, 18085, 18085, 18085, 18085]		
3028.93175	3.20174999999972	epochs															maze_arm	195.0
3032.151	5.195000000000164	epochs															feedback_and_iti	195.0
3032.151	0.9895000000001346	epochs															feedback_delay	195.0
3033.158	1.9917500000001382	epochs															feedback	195.0
3035.36325	1.9827500000001237	epochs															iti	195.0
3037.3675	13.679250000000138	epochs															maze	196.0
3037.3675	11.793250000000171	epochs															maze_stem	196.0
3037.3915	18.87649999999985	trials	False	True	False	False	False	True	[0.3680447041988373, 0.6319552659988403, 0.13090473413467407, 0.8690952062606812]	0.23713995516300201	0.5010505169630051	0.1185699850320816	-0.2505252808332443	0.3680447041988373	[18118, 18118, 18117, 18117, 18117]	[18199, 18199, 18199, 18198, 18198]		
3049.184	1.862749999999778	epochs															maze_arm	196.0
3051.06475	5.1837500000001455	epochs															feedback_and_iti	196.0
3051.06475	0.9850000000001273	epochs															feedback_delay	196.0
3052.0665	1.9942500000001928	epochs															feedback	196.0
3054.2685	1.9800000000000182	epochs															iti	196.0
3056.268	6.498749999999745	epochs															maze	197.0
3056.268	4.902999999999793	epochs															maze_stem	197.0
3056.2885	13.524499999999989	trials	False	True	False	False	True	False	[0.726077675819397, 0.2739223539829254, 0.09872366487979889, 0.9012763500213623]	0.6273540034890175	0.17519868165254593	-0.31367699801921844	0.08759935200214386	0.2739223539829254	[18231, 18231, 18231, 18231, 18230]	[18269, 18269, 18269, 18269, 18268]		
3061.19075	1.575999999999567	epochs															maze_arm	197.0
3062.788	7.003999999999905	epochs															feedback_and_iti	197.0
3062.788	0.9952499999999418	epochs															feedback_delay	197.0
3063.80175	1.9659999999998945	epochs															feedback	197.0
3065.80675	3.9852499999997235	epochs															iti	197.0
3069.813	13.115499999999884	epochs															maze	198.0
3069.813	11.366999999999734	epochs															maze_stem	198.0
3069.834	18.312000000000353	trials	False	True	False	False	False	True	[0.3158547282218933, 0.6841452717781067, 0.22311429679393768, 0.7768856883049011]	0.09274042397737503	0.4610309675335884	0.046370215713977814	-0.2305154874920845	0.3158547282218933	[18312, 18312, 18312, 18312, 18312]	[18390, 18390, 18390, 18390, 18389]		
3081.20325	1.72524999999996	epochs															maze_arm	198.0
3082.9465	5.178750000000036	epochs															feedback_and_iti	198.0
3082.9465	0.9947499999998399	epochs															feedback_delay	198.0
3083.95875	1.9715000000001055	epochs															feedback	198.0
3086.15525	1.9700000000002547	epochs															iti	198.0
3088.146	7.585249999999633	epochs															maze	199.0
3088.146	5.692749999999705	epochs															maze_stem	199.0
3088.16625	12.777999999999793	trials	False	True	False	True	True	True	[0.45664751529693604, 0.543352484703064, 0.07999808341264725, 0.9200019240379333]	0.3766494356095791	0.463354405015707	0.1883247196674347	0.23167720437049866	0.9200019240379333	[18422, 18422, 18422, 18422, 18422]	[18467, 18467, 18466, 18466, 18466]		
3093.8615	1.86974999999984	epochs															maze_arm	199.0
3095.752	5.169499999999971	epochs															feedback_and_iti	199.0
3095.752	0.9932499999999891	epochs															feedback_delay	199.0
3096.76125	1.9802500000000691	epochs															feedback	199.0
3098.95275	1.96875	epochs															iti	199.0
3100.94425	10.19900000000007	epochs															maze	200.0
3100.94425	4.988499999999931	epochs															maze_stem	200.0
3100.9645	15.398499999999785	trials	False	True	False	True	True	True	[0.590632438659668, 0.4093675911426544, 0.10442452877759933, 0.8955754637718201]	0.48620789125561714	0.3049430437386036	0.24310393631458282	0.15247152745723724	0.8955754637718201	[18499, 18499, 18499, 18498, 18498]	[18559, 18559, 18559, 18559, 18559]		
3105.9525	5.190750000000207	epochs															maze_arm	200.0
3111.1635	5.178750000000036	epochs															feedback_and_iti	200.0
3111.1635	0.9877499999997781	epochs															feedback_delay	200.0
3112.168	1.9800000000000182	epochs															feedback	200.0
3114.353	1.9892500000000837	epochs															iti	200.0
3116.363	9.769250000000284	epochs															maze	201.0
3116.363	4.6580000000003565	epochs															maze_stem	201.0
3116.38425	14.958250000000135	trials	False	True	False	True	True	True	[0.5707472562789917, 0.4292527437210083, 0.12151490151882172, 0.8784851431846619]	0.4492323771119118	0.3077378645539284	0.22461619973182678	0.15386894345283508	0.8784851431846619	[18592, 18591, 18591, 18591, 18591]	[18649, 18649, 18649, 18649, 18648]		
3121.041	5.091249999999945	epochs															maze_arm	201.0
3126.1495	5.171499999999924	epochs															feedback_and_iti	201.0
3126.1495	0.9957500000000437	epochs															feedback_delay	201.0
3127.16125	1.9739999999997053	epochs															feedback	201.0
3129.346	1.974999999999909	epochs															iti	201.0
3131.3425	9.71349999999984	epochs															maze	202.0
3131.3425	7.494249999999738	epochs															maze_stem	202.0
3131.36525	16.762750000000324	trials	False	True	False	False	True	False	[0.5793728828430176, 0.4206271469593048, 0.123777836561203, 0.8762221336364746]	0.4555950164794922	0.2968492805957794	-0.2277974933385849	0.1484246402978897	0.4206271469593048	[18681, 18681, 18681, 18681, 18681]	[18739, 18738, 18738, 18738, 18738]		
3138.858	2.1979999999998654	epochs															maze_arm	202.0
3141.078	7.020500000000084	epochs															feedback_and_iti	202.0
3141.078	0.9909999999999854	epochs															feedback_delay	202.0
3142.08725	1.9842499999999745	epochs															feedback	202.0
3144.114	3.9845000000000255	epochs															iti	202.0
3148.128	11.679999999999836	epochs															maze	203.0
3148.128	6.329999999999927	epochs															maze_stem	203.0
3148.15325	16.867999999999938	trials	False	True	False	True	True	True	[0.24997711181640625, 0.750022828578949, 0.17983171343803406, 0.8201682567596436]	0.07014541327953339	0.5701911300420761	0.03507271409034729	0.28509554266929626	0.8201682567596436	[18782, 18782, 18782, 18781, 18781]	[18851, 18851, 18851, 18850, 18850]		
3154.47775	5.330249999999978	epochs															maze_arm	203.0
3159.8315	5.170250000000124	epochs															feedback_and_iti	203.0
3159.8315	0.9800000000000182	epochs															feedback_delay	203.0
3160.831	1.9912500000000364	epochs															feedback	203.0
3163.0115	1.9902499999998327	epochs															iti	203.0
3165.02125	11.792500000000018	epochs															maze	204.0
3165.02125	10.282250000000204	epochs															maze_stem	204.0
3165.04125	16.980499999999665	trials	False	True	False	False	False	True	[0.36004623770713806, 0.6399537324905396, 0.09437249600887299, 0.9056274890899658]	0.2656737491488457	0.5455812439322472	0.13283687084913254	-0.2727906331419945	0.36004623770713806	[18883, 18883, 18883, 18883, 18882]	[18953, 18953, 18953, 18952, 18952]		
3175.3215	1.4922499999997854	epochs															maze_arm	204.0
3176.83475	5.166000000000167	epochs															feedback_and_iti	204.0
3176.83475	0.9904999999998836	epochs															feedback_delay	204.0
3177.84825	1.9774999999999636	epochs															feedback	204.0
3180.02325	1.9774999999999636	epochs															iti	204.0
3182.02175	6.710500000000138	epochs															maze	205.0
3182.02175	5.137000000000171	epochs															maze_stem	205.0
3182.04225	11.918749999999818	trials	True	True	False	True	True	True	[0.7864282131195068, 0.21357183158397675, 0.07763264328241348, 0.9223673343658447]	0.7087955363094807	0.13593915477395058	0.354397751390934	0.06796958297491074	0.9223673343658447	[18985, 18985, 18985, 18985, 18984]	[19025, 19024, 19024, 19024, 19024]		
3187.17825	1.5540000000000873	epochs															maze_arm	205.0
3188.749	5.188500000000204	epochs															feedback_and_iti	205.0
3188.749	0.9917500000001382	epochs															feedback_delay	205.0
3189.75825	1.9780000000000655	epochs															feedback	205.0
3191.962	1.975500000000011	epochs															iti	205.0
3193.961	9.637500000000273	epochs															maze	206.0
3193.961	5.3282500000000255	epochs															maze_stem	206.0
3193.9845	14.83725000000004	trials	True	True	False	True	True	True	[0.6725717782974243, 0.3274282217025757, 0.11968012154102325, 0.8803198933601379]	0.5528916642069817	0.20774810761213303	0.27644583582878113	0.10387405753135681	0.8803198933601379	[19057, 19057, 19056, 19056, 19056]	[19114, 19113, 19113, 19113, 19113]		
3199.30925	4.289250000000266	epochs															maze_arm	206.0
3203.614	5.186999999999898	epochs															feedback_and_iti	206.0
3203.614	0.9850000000001273	epochs															feedback_delay	206.0
3204.624	1.9855000000002292	epochs															feedback	206.0
3206.8125	1.9884999999999309	epochs															iti	206.0
3208.82175	10.980999999999767	epochs															maze	207.0
3208.82175	9.571249999999964	epochs															maze_stem	207.0
3208.84225	16.176249999999982	trials	False	True	False	False	False	True	[0.6692107915878296, 0.3307892084121704, 0.13406047224998474, 0.8659394979476929]	0.5351503044366837	0.19672872126102448	0.2675751596689224	-0.09836436808109283	0.6692107915878296	[19146, 19146, 19146, 19145, 19145]	[19211, 19211, 19210, 19210, 19210]		
3218.4175	1.3852499999998145	epochs															maze_arm	207.0
3219.81825	5.17450000000008	epochs															feedback_and_iti	207.0
3219.81825	0.9915000000000873	epochs															feedback_delay	207.0
3220.8265	1.9807499999997162	epochs															feedback	207.0
3223.01375	1.9789999999998145	epochs															iti	207.0
3225.0185	6.42574999999988	epochs															maze	208.0
3225.0185	4.965749999999844	epochs															maze_stem	208.0
3225.04	11.609249999999975	trials	False	True	False	True	True	True	[0.885181725025177, 0.114818274974823, 0.08990295976400375, 0.9100970029830933]	0.7952787466347218	0.024915296584367752	0.39763936400413513	0.01245763897895813	0.9100970029830933	[19243, 19243, 19243, 19242, 19242]	[19281, 19280, 19280, 19280, 19280]		
3230.0045	1.4397500000000036	epochs															maze_arm	208.0
3231.4625	5.161749999999756	epochs															feedback_and_iti	208.0
3231.4625	0.9845000000000255	epochs															feedback_delay	208.0
3232.4675	1.9789999999998145	epochs															feedback	208.0
3234.642	1.9822500000000218	epochs															iti	208.0
3236.64925	13.159250000000156	epochs															maze	209.0
3236.64925	11.532250000000204	epochs															maze_stem	209.0
3236.67475	18.336749999999938	trials	False	True	False	False	False	True	[0.7773380875587463, 0.22266192734241486, 0.10950655490159988, 0.8904934525489807]	0.6678315289318562	0.11315536871552467	0.3339157663285732	-0.05657767876982689	0.7773380875587463	[19313, 19313, 19312, 19312, 19312]	[19391, 19391, 19390, 19390, 19390]		
3248.201	1.6075000000000728	epochs															maze_arm	209.0
3249.83075	5.1599999999998545	epochs															feedback_and_iti	209.0
3249.83075	0.9834999999998217	epochs															feedback_delay	209.0
3250.83225	1.9859999999998763	epochs															feedback	209.0
3253.0015	1.9892500000000837	epochs															iti	209.0
3255.0115	11.088999999999942	epochs															maze	210.0
3255.0115	9.623749999999745	epochs															maze_stem	210.0
3255.03225	16.25949999999966	trials	False	True	False	False	False	True	[0.9435727596282959, 0.056427281349897385, 0.08470718562602997, 0.9152927994728088]	0.8588655460625887	-0.028279932215809822	0.42943278700113297	0.014139972627162933	0.9435727596282959	[19423, 19423, 19422, 19422, 19422]	[19488, 19488, 19488, 19488, 19488]		
3264.6595	1.4409999999998035	epochs															maze_arm	210.0
3266.11775	5.153250000000298	epochs															feedback_and_iti	210.0
3266.11775	0.9957500000000437	epochs															feedback_delay	210.0
3267.13975	1.9670000000000982	epochs															feedback	210.0
3269.2975	1.9735000000000582	epochs															iti	210.0
3271.29175	9.793250000000171	epochs															maze	211.0
3271.29175	8.469750000000204	epochs															maze_stem	211.0
3271.31225	15.018000000000029	trials	False	True	False	False	False	True	[0.8310866355895996, 0.1689133197069168, 0.10299649089574814, 0.8970034718513489]	0.7280901484191418	0.06591683253645897	0.36404507234692574	-0.032958436757326126	0.8310866355895996	[19520, 19520, 19520, 19520, 19520]	[19578, 19578, 19578, 19578, 19577]		
3279.78275	1.3022500000001855	epochs															maze_arm	211.0
3281.10475	5.204499999999825	epochs															feedback_and_iti	211.0
3281.10475	0.9965000000001965	epochs															feedback_delay	211.0
3282.118	1.97400000000016	epochs															feedback	211.0
3284.3315	1.9777500000000146	epochs															iti	211.0
3286.33025	10.369250000000193	epochs															maze	212.0
3286.33025	9.085000000000036	epochs															maze_stem	212.0
3286.3505	15.569250000000011	trials	False	True	False	False	False	True	[0.9310477375984192, 0.0689522847533226, 0.11783015727996826, 0.8821698427200317]	0.81321756914258	-0.048877883702516556	0.40660879015922546	0.024438947439193726	0.9310477375984192	[19611, 19610, 19610, 19610, 19610]	[19672, 19672, 19671, 19671, 19671]		
3295.43775	1.26175000000012	epochs															maze_arm	212.0
3296.71475	5.179499999999734	epochs															feedback_and_iti	212.0
3296.71475	0.9960000000000946	epochs															feedback_delay	212.0
3297.72925	1.9732500000000073	epochs															feedback	212.0
3299.9165	1.9777500000000146	epochs															iti	212.0
3301.91975	9.031750000000102	epochs															maze	213.0
3301.91975	4.489999999999782	epochs															maze_stem	213.0
3301.945	14.217999999999847	trials	True	True	False	True	True	True	[0.8640020489692688, 0.1359979510307312, 0.09353846311569214, 0.9064615368843079]	0.7704635858535767	0.04245948791503906	0.38523179292678833	0.02122974395751953	0.9064615368843079	[19704, 19704, 19704, 19704, 19703]	[19757, 19757, 19757, 19757, 19757]		
3306.43125	4.520250000000033	epochs															maze_arm	213.0
3310.96975	5.172499999999673	epochs															feedback_and_iti	213.0
3310.96975	0.9854999999997744	epochs															feedback_delay	213.0
3311.9715	1.9852499999997235	epochs															feedback	213.0
3314.15475	1.9874999999997272	epochs															iti	213.0
3316.163	9.337500000000091	epochs															maze	214.0
3316.163	5.097000000000207	epochs															maze_stem	214.0
3316.183	14.512000000000171	trials	True	True	False	True	True	True	[0.8532043695449829, 0.1467955857515335, 0.13634777069091797, 0.8636521697044373]	0.7168565914034843	0.010447807610034943	0.3584282919764519	0.005223877727985382	0.8636521697044373	[19790, 19789, 19789, 19789, 19789]	[19845, 19844, 19844, 19844, 19844]		
3321.2805	4.220000000000255	epochs															maze_arm	214.0
3325.5165	5.157749999999851	epochs															feedback_and_iti	214.0
3325.5165	0.9907499999999345	epochs															feedback_delay	214.0
3326.52375	1.9830000000001746	epochs															feedback	214.0
3328.6975	1.9767499999998108	epochs															iti	214.0
3330.695	10.961499999999887	epochs															maze	215.0
3330.695	9.334249999999884	epochs															maze_stem	215.0
3330.71575	16.18000000000029	trials	True	True	False	False	False	True	[0.8388117551803589, 0.1611882448196411, 0.15437354147434235, 0.8456264734268188]	0.6844382211565971	0.006814710795879364	0.34221910685300827	-0.0034073516726493835	0.8388117551803589	[19877, 19876, 19876, 19876, 19876]	[19941, 19941, 19941, 19941, 19941]		
3340.049	1.6075000000000728	epochs															maze_arm	215.0
3341.67225	5.20174999999972	epochs															feedback_and_iti	215.0
3341.67225	0.99350000000004	epochs															feedback_delay	215.0
3342.686	1.9852499999997235	epochs															feedback	215.0
3344.88825	1.9857499999998254	epochs															iti	215.0
3346.89575	10.221250000000055	epochs															maze	216.0
3346.89575	8.737499999999727	epochs															maze_stem	216.0
3346.9185	15.42574999999988	trials	False	True	False	False	False	True	[0.9036754965782166, 0.09632454067468643, 0.09738394618034363, 0.9026160836219788]	0.8062915466725826	-0.0010594092309474945	0.40314577519893646	0.0005297213792800903	0.9036754965782166	[19974, 19974, 19973, 19973, 19973]	[19974, 19974, 19974, 19974, 19974]		
3355.654	1.4630000000001928	epochs															maze_arm	216.0
3357.13775	5.184250000000247	epochs															feedback_and_iti	216.0
3357.13775	0.9884999999999309	epochs															feedback_delay	216.0
3358.146	1.9884999999999309	epochs															feedback	216.0
3360.36975	1.9522500000002765	epochs															iti	216.0
3362.34425	7.477249999999913	epochs															maze	217.0
3362.34425	5.924250000000029	epochs															maze_stem	217.0
3362.3655	12.679250000000138	trials	False	True	False	True	True	True	[0.8615095615386963, 0.1384904980659485, 0.08609640598297119, 0.9139035940170288]	0.7754131257534027	0.05239406228065491	0.38770654797554016	0.026197046041488647	0.9139035940170288	[-2147483648, -2147483648, -2147483648, -2147483648, -2147483648]	[-2147483648, -2147483648, -2147483648, -2147483648, -2147483648]		
3368.2905	1.530999999999949	epochs															maze_arm	217.0
3369.83875	5.182499999999891	epochs															feedback_and_iti	217.0
3369.83875	1.0042499999999563	epochs															feedback_delay	217.0
3370.86725	1.9715000000001055	epochs															feedback	217.0
3373.04475	1.97649999999976	epochs															iti	217.0
3375.04475	9.764749999999822	epochs															maze	218.0
3375.04475	5.768500000000131	epochs															maze_stem	218.0
3375.0675	16.804999999999836	trials	False	True	False	False	True	False	[0.862747848033905, 0.13725213706493378, 0.10945221036672592, 0.8905478119850159]	0.7532956562936306	0.027799945324659348	-0.37664783746004105	0.013899974524974823	0.13725213706493378	[-2147483648, -2147483648, -2147483648, -2147483648, -2147483648]	[-2147483648, -2147483648, -2147483648, -2147483648, -2147483648]		
3380.835	3.974499999999807	epochs															maze_arm	218.0
3384.82575	7.020500000000084	epochs															feedback_and_iti	218.0
3384.82575	0.99350000000004	epochs															feedback_delay	218.0
3385.83775	1.9804999999996653	epochs															feedback	218.0
3387.8555	3.9907499999999345	epochs															iti	218.0
3391.8725	7.945250000000215	epochs															maze	219.0
3391.8725	5.154250000000047	epochs															maze_stem	219.0
3391.897	13.157000000000153	trials	False	True	False	True	True	True	[0.3250780999660492, 0.6749218702316284, 0.19740673899650574, 0.8025932312011719]	0.12767136096954346	0.4775151312351227	0.06383568048477173	0.23875755071640015	0.8025932312011719	[-2147483648, -2147483648, -2147483648, -2147483648, -2147483648]	[-2147483648, -2147483648, -2147483648, -2147483648, -2147483648]		
3397.04875	2.769000000000233	epochs															maze_arm	219.0
3399.8355	5.1965000000000146	epochs															feedback_and_iti	219.0
3399.8355	0.9929999999999382	epochs															feedback_delay	219.0
3400.846	1.981000000000222	epochs															feedback	219.0
3403.04375	1.9882500000003347	epochs															iti	219.0
3405.054	9.408249999999953	epochs															maze	220.0
3405.054	7.68224999999984	epochs															maze_stem	220.0
3405.0735	14.615749999999935	trials	True	True	False	False	False	True	[0.728733241558075, 0.27126675844192505, 0.09524668753147125, 0.9047533273696899]	0.6334865614771843	0.1760200783610344	0.31674327701330185	-0.0880100354552269	0.728733241558075	[-2147483648, -2147483648, -2147483648, -2147483648, -2147483648]	[-2147483648, -2147483648, -2147483648, -2147483648, -2147483648]		
3412.75575	1.7065000000002328	epochs															maze_arm	220.0
3414.4785	5.188249999999698	epochs															feedback_and_iti	220.0
3414.4785	0.9929999999999382	epochs															feedback_delay	220.0
3415.4895	1.987999999999829	epochs															feedback	220.0
3417.6795	1.9872499999996762	epochs															iti	220.0
3419.68925	6.596750000000156	epochs															maze	221.0
3419.68925	5.112250000000131	epochs															maze_stem	221.0
3419.71125	11.79300000000012	trials	False	True	False	True	True	True	[0.8636658787727356, 0.13633407652378082, 0.07439816743135452, 0.9256018400192261]	0.7892677374184132	0.06193593516945839	0.3946338817477226	0.03096795827150345	0.9256018400192261	[-2147483648, -2147483648, -2147483648, -2147483648, -2147483648]	[-2147483648, -2147483648, -2147483648, -2147483648, -2147483648]		
3424.82175	1.4642499999999927	epochs															maze_arm	221.0
3426.31075	5.1717499999999745	epochs															feedback_and_iti	221.0
3426.31075	0.9842499999999745	epochs															feedback_delay	221.0
3427.31325	1.9927499999998872	epochs															feedback	221.0
3429.51125	1.9712500000000546	epochs															iti	221.0
3431.50425	10.770750000000135	epochs															maze	222.0
3431.50425	5.5402500000000146	epochs															maze_stem	222.0
3431.52325	15.95824999999968	trials	False	True	False	True	True	True	[0.8617424964904785, 0.1382574737071991, 0.1140662357211113, 0.8859337568283081]	0.7476762719452381	0.024191249161958694	0.3738381415605545	0.012095615267753601	0.8859337568283081	[-2147483648, -2147483648, -2147483648, -2147483648, -2147483648]	[-2147483648, -2147483648, -2147483648, -2147483648, -2147483648]		
3437.06425	5.210750000000189	epochs															maze_arm	222.0
3442.29275	5.168249999999716	epochs															feedback_and_iti	222.0
3442.29275	0.9847500000000764	epochs															feedback_delay	222.0
3443.29575	1.9809999999997672	epochs															feedback	222.0
3445.47725	1.9837499999998727	epochs															iti	222.0
3447.4815	9.858750000000327	epochs															maze	223.0
3447.4815	5.709000000000287	epochs															maze_stem	223.0
3447.5025	15.061499999999796	trials	False	True	False	True	True	True	[0.8335188031196594, 0.16648125648498535, 0.13437995314598083, 0.8656200766563416]	0.6991388350725174	0.03210128843784332	0.3495694100856781	0.016050666570663452	0.8656200766563416	[19998, 19998, 19998, 19997, 19997]	[20056, 20056, 20056, 20056, 20055]		
3453.2115	4.128750000000309	epochs															maze_arm	223.0
3457.35725	5.1837500000001455	epochs															feedback_and_iti	223.0
3457.35725	0.9847500000000764	epochs															feedback_delay	223.0
3458.36225	1.98174999999992	epochs															feedback	223.0
3460.562	1.9790000000002692	epochs															iti	223.0
3462.564	13.409250000000156	epochs															maze	224.0
3462.564	11.853000000000065	epochs															maze_stem	224.0
3462.58575	18.574499999999716	trials	False	True	False	False	False	True	[0.836595892906189, 0.16340407729148865, 0.13192886114120483, 0.8680711388587952]	0.7046670466661453	0.03147523105144501	0.35233351588249207	-0.0157376229763031	0.836595892906189	[20088, 20088, 20088, 20088, 20088]	[20168, 20168, 20167, 20167, 20167]		
3474.4375	1.5357500000000073	epochs															maze_arm	224.0
3475.99	5.14975000000004	epochs															feedback_and_iti	224.0
3475.99	0.9812500000002728	epochs															feedback_delay	224.0
3476.99425	1.9784999999997126	epochs															feedback	224.0
3479.16025	1.9794999999999163	epochs															iti	224.0
3481.16025	13.805249999999887	epochs															maze	225.0
3481.16025	12.111499999999978	epochs															maze_stem	225.0
3481.182	20.851250000000164	trials	False	True	False	False	True	False	[0.9343804717063904, 0.06561950594186783, 0.07901640981435776, 0.920983612537384]	0.8553640842437744	-0.013396881520748138	-0.4276820532977581	-0.006698440760374069	0.06561950594186783	[20200, 20200, 20200, 20199, 20199]	[20282, 20282, 20281, 20281, 20281]		
3493.292	1.6734999999998763	epochs															maze_arm	225.0
3494.98275	7.018999999999778	epochs															feedback_and_iti	225.0
3494.98275	0.9939999999996871	epochs															feedback_delay	225.0
3495.99425	1.9747499999998581	epochs															feedback	225.0
3498.00575	3.9960000000000946	epochs															iti	225.0
3502.03325	6.239500000000135	epochs															maze	226.0
3502.03325	5.001000000000204	epochs															maze_stem	226.0
3502.05675	13.268000000000029	trials	False	True	False	False	True	False	[0.30848291516304016, 0.6915170550346375, 0.1989268660545349, 0.8010731339454651]	0.10955606400966644	0.49259020388126373	-0.05477803945541382	0.24629509449005127	0.6915170550346375	[20325, 20325, 20325, 20324, 20324]	[20362, 20361, 20361, 20361, 20361]		
3507.054	1.21875	epochs															maze_arm	226.0
3508.29	7.014999999999873	epochs															feedback_and_iti	226.0
3508.29	0.9827500000001237	epochs															feedback_delay	226.0
3509.29125	1.981249999999818	epochs															feedback	226.0
3511.31	3.994999999999891	epochs															iti	226.0
3515.32475	6.543999999999869	epochs															maze	227.0
3515.32475	5.179749999999785	epochs															maze_stem	227.0
3515.34575	13.572000000000116	trials	False	True	False	False	True	False	[0.16245901584625244, 0.8375409841537476, 0.1047629565000534, 0.8952370285987854]	0.05769605189561844	0.7327780202031136	-0.02884802222251892	0.3663890063762665	0.8375409841537476	[20405, 20405, 20404, 20404, 20404]	[20443, 20443, 20443, 20442, 20442]		
3520.5255	1.3432499999998981	epochs															maze_arm	227.0
3521.88625	7.011250000000018	epochs															feedback_and_iti	227.0
3521.88625	0.993750000000091	epochs															feedback_delay	227.0
3522.8975	1.9727499999999054	epochs															feedback	227.0
3524.90875	3.988749999999982	epochs															iti	227.0
3528.91775	10.259000000000015	epochs															maze	228.0
3528.91775	5.157249999999749	epochs															maze_stem	228.0
3528.9385	15.448999999999614	trials	False	True	False	False	False	True	[0.17243830859661102, 0.8275616765022278, 0.09799157828092575, 0.9020084142684937]	0.07444673404097557	0.7295701019465923	0.037223365157842636	-0.3647850565612316	0.17243830859661102	[20486, 20486, 20486, 20486, 20485]	[20547, 20547, 20546, 20546, 20546]		
3534.09475	5.08199999999988	epochs															maze_arm	228.0
3539.19425	5.170500000000175	epochs															feedback_and_iti	228.0
3539.19425	0.9909999999999854	epochs															feedback_delay	228.0
3540.204	1.9894999999996799	epochs															feedback	228.0
3542.38425	1.98050000000012	epochs															iti	228.0
3544.3875	7.120750000000044	epochs															maze	229.0
3544.3875	5.372250000000349	epochs															maze_stem	229.0
3544.4095	14.156999999999698	trials	False	True	False	False	True	False	[0.5002373456954956, 0.4997626841068268, 0.06073565408587456, 0.9392642974853516]	0.4395016524940729	0.4390269909054041	-0.2197508066892624	0.21951349079608917	0.4997626841068268	[20579, 20579, 20579, 20578, 20578]	[20621, 20621, 20620, 20620, 20620]		
3549.783	1.72524999999996	epochs															maze_arm	229.0
3551.526	7.0154999999999745	epochs															feedback_and_iti	229.0
3551.526	0.9832500000002256	epochs															feedback_delay	229.0
3552.52825	1.9855000000002292	epochs															feedback	229.0
3554.552	3.98949999999968	epochs															iti	229.0
3558.5665	11.637749999999869	epochs															maze	230.0
3558.5665	9.751250000000255	epochs															maze_stem	230.0
3558.5895	16.818249999999807	trials	False	True	False	False	False	True	[0.3946898877620697, 0.6053101420402527, 0.19900786876678467, 0.8009921312332153]	0.19568200409412384	0.4063022583723068	0.09784100949764252	-0.20315112173557281	0.3946898877620697	[20664, 20664, 20664, 20663, 20663]	[20733, 20733, 20732, 20732, 20732]		
3568.33725	1.8669999999997344	epochs															maze_arm	230.0
3570.22025	5.167000000000371	epochs															feedback_and_iti	230.0
3570.22025	0.99350000000004	epochs															feedback_delay	230.0
3571.23175	1.9729999999999563	epochs															feedback	230.0
3573.41325	1.97400000000016	epochs															iti	230.0
3575.40775	6.997000000000298	epochs															maze	231.0
3575.40775	5.597250000000258	epochs															maze_stem	231.0
3575.42625	14.040500000000065	trials	False	True	False	False	True	False	[0.5180937647819519, 0.4819062650203705, 0.07090725004673004, 0.9290928244590759]	0.44718653708696365	0.41099903732538223	-0.22359327971935272	0.2054995447397232	0.4819062650203705	[20765, 20765, 20765, 20764, 20764]	[20806, 20806, 20806, 20805, 20805]		
3581.023	1.381750000000011	epochs															maze_arm	231.0
3582.4245	7.020500000000084	epochs															feedback_and_iti	231.0
3582.4245	0.987999999999829	epochs															feedback_delay	231.0
3583.43125	1.9784999999997126	epochs															feedback	231.0
3585.449	3.9960000000000946	epochs															iti	231.0
3589.46675	6.957750000000033	epochs															maze	232.0
3589.46675	5.667500000000018	epochs															maze_stem	232.0
3589.4885	14.006750000000011	trials	False	True	False	False	True	False	[0.4205917716026306, 0.5794082283973694, 0.2140568345785141, 0.7859431505203247]	0.20653492957353592	0.3653513863682747	-0.10326746106147766	0.18267568945884705	0.5794082283973694	[20849, 20849, 20849, 20849, 20849]	[20890, 20890, 20890, 20889, 20889]		
3595.15575	1.268750000000182	epochs															maze_arm	232.0
3596.44175	7.024499999999989	epochs															feedback_and_iti	232.0
3596.44175	0.9972499999998945	epochs															feedback_delay	232.0
3597.4565	1.9737500000001091	epochs															feedback	232.0
3599.4695	3.9967499999997926	epochs															iti	232.0
3603.49525	6.2332500000002256	epochs															maze	233.0
3603.49525	4.848500000000058	epochs															maze_stem	233.0
3603.5185	13.268000000000029	trials	True	True	False	False	True	False	[0.15637418627738953, 0.8436257839202881, 0.11826702207326889, 0.8817329406738281]	0.03810716047883034	0.7253587581217289	-0.01905357837677002	0.3626793622970581	0.8436257839202881	[20933, 20933, 20933, 20933, 20933]	[20970, 20970, 20969, 20969, 20969]		
3608.36775	1.3607500000002801	epochs															maze_arm	233.0
3609.74625	7.018499999999676	epochs															feedback_and_iti	233.0
3609.74625	0.9899999999997817	epochs															feedback_delay	233.0
3610.75325	1.976249999999709	epochs															feedback	233.0
3612.7665	3.9982499999996435	epochs															iti	233.0
3616.7865	8.252250000000004	epochs															maze	234.0
3616.7865	6.351999999999862	epochs															maze_stem	234.0
3616.8085	15.288250000000062	trials	False	True	False	False	True	False	[0.11539610475301743, 0.8846039175987244, 0.07267121225595474, 0.9273288249969482]	0.04272489994764328	0.8119327127933502	-0.02136245369911194	0.4059663712978363	0.8846039175987244	[21013, 21013, 21013, 21013, 21012]	[21062, 21061, 21061, 21061, 21061]		
3623.16075	1.8780000000001564	epochs															maze_arm	234.0
3625.05725	7.017250000000331	epochs															feedback_and_iti	234.0
3625.05725	0.9907499999999345	epochs															feedback_delay	234.0
3626.0675	1.9829999999997199	epochs															feedback	234.0
3628.09525	3.97925000000032	epochs															iti	234.0
3632.09675	8.792500000000018	epochs															maze	235.0
3632.09675	6.637749999999869	epochs															maze_stem	235.0
3632.117	15.821500000000015	trials	False	True	False	False	True	False	[0.12611734867095947, 0.8738827109336853, 0.09315947443246841, 0.9068405628204346]	0.03295786306262016	0.780723225325346	-0.016478925943374634	0.39036163687705994	0.8738827109336853	[21105, 21105, 21105, 21104, 21104]	[21157, 21156, 21156, 21156, 21156]		
3638.75475	2.1345000000001164	epochs															maze_arm	235.0
3640.90675	7.011250000000018	epochs															feedback_and_iti	235.0
3640.90675	0.9969999999998436	epochs															feedback_delay	235.0
3641.9205	1.97649999999976	epochs															feedback	235.0
3643.9425	3.975500000000011	epochs															iti	235.0
3647.9385	9.297999999999774	epochs															maze	236.0
3647.9385	7.764499999999771	epochs															maze_stem	236.0
3647.959	14.489750000000186	trials	False	True	False	True	True	True	[0.09817314147949219, 0.9018269181251526, 0.08728425949811935, 0.9127157330513]	0.010888848453760147	0.8145426250994205	0.0054444074630737305	0.4072713255882263	0.9127157330513	[21200, 21200, 21199, 21199, 21199]	[21255, 21255, 21254, 21254, 21254]		
3655.721	1.5154999999999745	epochs															maze_arm	236.0
3657.26125	5.1652500000000146	epochs															feedback_and_iti	236.0
3657.26125	0.9977499999999964	epochs															feedback_delay	236.0
3658.275	1.9737500000001091	epochs															feedback	236.0
3660.451	1.975500000000011	epochs															iti	236.0
3662.44875	8.699999999999818	epochs															maze	237.0
3662.44875	7.293250000000171	epochs															maze_stem	237.0
3662.47025	15.747000000000298	trials	False	True	False	False	True	False	[0.13141949474811554, 0.8685805201530457, 0.070433609187603, 0.9295663833618164]	0.06098587438464165	0.7981468997895718	-0.030492931604385376	0.39907345175743103	0.8685805201530457	[21287, 21287, 21286, 21286, 21286]	[21338, 21338, 21338, 21338, 21337]		
3669.764	1.3847499999997126	epochs															maze_arm	237.0
3671.1685	7.024499999999989	epochs															feedback_and_iti	237.0
3671.1685	0.9852499999997235	epochs															feedback_delay	237.0
3672.17375	1.9839999999999236	epochs															feedback	237.0
3674.19525	3.9977499999999964	epochs															iti	237.0
3678.21725	8.097749999999905	epochs															maze	238.0
3678.21725	6.286249999999654	epochs															maze_stem	238.0
3678.23875	13.30099999999993	trials	False	True	False	True	True	True	[0.14628416299819946, 0.8537157773971558, 0.13270778954029083, 0.8672922253608704]	0.013576410710811615	0.7210080251097679	0.0067882239818573	0.36050400137901306	0.8672922253608704	[21381, 21381, 21381, 21381, 21381]	[21429, 21429, 21429, 21428, 21428]		
3684.5245	1.7905000000000655	epochs															maze_arm	238.0
3686.3355	5.182999999999993	epochs															feedback_and_iti	238.0
3686.3355	1.0004999999996471	epochs															feedback_delay	238.0
3687.35675	1.9777500000000146	epochs															feedback	238.0
3689.5355	1.9830000000001746	epochs															iti	238.0
3691.53975	6.904750000000149	epochs															maze	239.0
3691.53975	5.374499999999898	epochs															maze_stem	239.0
3691.56	12.09900000000016	trials	False	True	False	True	True	True	[0.1424177587032318, 0.8575822710990906, 0.08112163096666336, 0.9188783764839172]	0.061296116560697556	0.7764606289565563	0.03064805269241333	0.3882303237915039	0.9188783764839172	[21461, 21461, 21461, 21461, 21461]	[21502, 21502, 21501, 21501, 21501]		
3696.93675	1.5077500000002146	epochs															maze_arm	239.0
3698.468	5.164999999999964	epochs															feedback_and_iti	239.0
3698.468	0.9954999999999927	epochs															feedback_delay	239.0
3699.48	1.98174999999992	epochs															feedback	239.0
3701.657	1.975999999999658	epochs															iti	239.0
3703.659	8.069750000000113	epochs															maze	240.0
3703.659	5.870249999999942	epochs															maze_stem	240.0
3703.67675	15.112250000000131	trials	True	True	False	False	True	False	[0.1848224401473999, 0.8151775002479553, 0.09946019947528839, 0.9005398750305176]	0.08536230772733688	0.7157173678278923	-0.04268118739128113	0.35785868763923645	0.8151775002479553	[21534, 21534, 21534, 21533, 21533]	[21581, 21581, 21581, 21581, 21581]		
3709.5515	2.1772500000001855	epochs															maze_arm	240.0
3711.7455	7.021749999999884	epochs															feedback_and_iti	240.0
3711.7455	0.9890000000000327	epochs															feedback_delay	240.0
3712.75175	1.9907499999999345	epochs															feedback	240.0
3714.7775	3.989749999999731	epochs															iti	240.0
3718.789	7.222749999999905	epochs															maze	241.0
3718.789	4.4699999999998	epochs															maze_stem	241.0
3718.81125	14.257499999999709	trials	False	True	False	False	True	False	[0.1052241399884224, 0.8947758674621582, 0.128383606672287, 0.8716164231300354]	-0.023159455507993698	0.7663922719657421	0.011579722166061401	0.3831961452960968	0.8947758674621582	[21625, 21625, 21624, 21624, 21624]	[21667, 21667, 21667, 21666, 21666]		
3723.2775	2.7342499999999745	epochs															maze_arm	241.0
3726.028	7.01825000000008	epochs															feedback_and_iti	241.0
3726.028	0.9897500000001855	epochs															feedback_delay	241.0
3727.03525	1.9895000000001346	epochs															feedback	241.0
3729.0645	3.98174999999992	epochs															iti	241.0
3733.06875	6.7957500000002256	epochs															maze	242.0
3733.06875	5.276249999999891	epochs															maze_stem	242.0
3733.09	11.984249999999975	trials	False	True	False	True	True	True	[0.08761776238679886, 0.912382185459137, 0.1011301726102829, 0.8988698124885559]	-0.013512391597032547	0.8112520314753056	-0.006756186485290527	0.40562599897384644	0.8988698124885559	[21710, 21710, 21710, 21710, 21710]	[21750, 21750, 21750, 21750, 21749]		
3738.36475	1.499749999999949	epochs															maze_arm	242.0
3739.87975	5.174250000000029	epochs															feedback_and_iti	242.0
3739.87975	0.987999999999829	epochs															feedback_delay	242.0
3740.88925	1.9907499999999345	epochs															feedback	242.0
3743.0615	1.992500000000291	epochs															iti	242.0
3745.07425	7.539499999999862	epochs															maze	243.0
3745.07425	6.082750000000033	epochs															maze_stem	243.0
3745.09575	14.588250000000244	trials	False	True	False	False	True	False	[0.11224181205034256, 0.8877581357955933, 0.07976096123456955, 0.9202390313148499]	0.0324808731675148	0.8079971969127655	-0.016240447759628296	0.40399858355522156	0.8877581357955933	[21782, 21782, 21782, 21782, 21782]	[21827, 21826, 21826, 21826, 21826]		
3751.17875	1.4349999999999454	epochs															maze_arm	243.0
3752.62975	7.029500000000098	epochs															feedback_and_iti	243.0
3752.62975	0.993750000000091	epochs															feedback_delay	243.0
3753.6435	1.9809999999997672	epochs															feedback	243.0
3755.6695	3.9897500000001855	epochs															iti	243.0
3759.684	8.686749999999847	epochs															maze	244.0
3759.684	7.41924999999992	epochs															maze_stem	244.0
3759.70825	13.865999999999985	trials	False	True	False	True	True	True	[0.13693226873874664, 0.8630678057670593, 0.15879257023334503, 0.8412074446678162]	-0.021860331296920776	0.7042752057313919	-0.010930180549621582	0.35213762521743774	0.8412074446678162	[21870, 21870, 21870, 21869, 21869]	[21921, 21921, 21921, 21920, 21920]		
3767.125	1.2457500000000437	epochs															maze_arm	244.0
3768.38825	5.166250000000218	epochs															feedback_and_iti	244.0
3768.38825	0.9875000000001819	epochs															feedback_delay	244.0
3769.39375	1.981999999999971	epochs															feedback	244.0
3771.58275	1.9717500000001564	epochs															iti	244.0
3773.57425	10.066499999999905	epochs															maze	245.0
3773.57425	5.35024999999996	epochs															maze_stem	245.0
3773.59525	15.268000000000029	trials	False	True	False	True	True	True	[0.12445511668920517, 0.8755449056625366, 0.08776047080755234, 0.9122395515441895]	0.03669464588165283	0.7877844348549843	0.018347322940826416	0.39389222860336304	0.9122395515441895	[21953, 21953, 21953, 21953, 21952]	[22013, 22012, 22012, 22012, 22012]		
3778.945	4.695749999999862	epochs															maze_arm	245.0
3783.66225	5.180250000000342	epochs															feedback_and_iti	245.0
3783.66225	0.9825000000000728	epochs															feedback_delay	245.0
3784.66375	1.9972499999998945	epochs															feedback	245.0
3786.8625	1.9800000000000182	epochs															iti	245.0
3788.86325	9.769500000000335	epochs															maze	246.0
3788.86325	4.863499999999931	epochs															maze_stem	246.0
3788.8815	14.964750000000095	trials	False	True	False	True	True	True	[0.1660623550415039, 0.8339376449584961, 0.10706619918346405, 0.8929338455200195]	0.05899617820978165	0.7268714681267738	0.02949810028076172	0.3634357452392578	0.8929338455200195	[22045, 22045, 22044, 22044, 22044]	[22102, 22102, 22102, 22102, 22102]		
3793.75	4.882750000000215	epochs															maze_arm	246.0
3798.64975	5.17574999999988	epochs															feedback_and_iti	246.0
3798.64975	0.9969999999998436	epochs															feedback_delay	246.0
3799.66675	1.9655000000002474	epochs															feedback	246.0
3801.8505	1.974999999999909	epochs															iti	246.0
3803.84625	8.119000000000142	epochs															maze	247.0
3803.84625	6.564750000000004	epochs															maze_stem	247.0
3803.866	15.155999999999949	trials	True	True	False	False	True	False	[0.17228353023529053, 0.8277164101600647, 0.11379580199718475, 0.8862042427062988]	0.05848778039216995	0.7139206603169441	-0.029243916273117065	0.35696032643318176	0.8277164101600647	[22135, 22134, 22134, 22134, 22134]	[22182, 22182, 22182, 22182, 22182]		
3810.43275	1.5325000000002547	epochs															maze_arm	247.0
3811.9845	7.0167499999997744	epochs															feedback_and_iti	247.0
3811.9845	0.9922499999997854	epochs															feedback_delay	247.0
3812.994	1.975500000000011	epochs															feedback	247.0
3815.0055	3.995749999999589	epochs															iti	247.0
3819.022	9.017249999999876	epochs															maze	248.0
3819.022	6.639000000000124	epochs															maze_stem	248.0
3819.04225	14.21349999999984	trials	False	True	False	True	True	True	[0.08695952594280243, 0.9130405187606812, 0.13702532649040222, 0.8629746437072754]	-0.05006583780050278	0.776015155017376	-0.02503293752670288	0.38800758123397827	0.8629746437072754	[22226, 22225, 22225, 22225, 22225]	[22279, 22279, 22278, 22278, 22278]		
3825.68375	2.3554999999996653	epochs															maze_arm	248.0
3828.05725	5.1775000000002365	epochs															feedback_and_iti	248.0
3828.05725	0.987250000000131	epochs															feedback_delay	248.0
3829.065	1.9789999999998145	epochs															feedback	248.0
3831.25975	1.974999999999909	epochs															iti	248.0
3833.25575	6.614000000000033	epochs															maze	249.0
3833.25575	5.080000000000382	epochs															maze_stem	249.0
3833.275	11.797250000000076	trials	False	True	False	True	True	True	[0.09516219049692154, 0.9048377871513367, 0.08319399505853653, 0.9168059825897217]	0.01196819543838501	0.8216437920928001	0.005984097719192505	0.4108218848705292	0.9168059825897217	[22311, 22311, 22311, 22310, 22310]	[22350, 22350, 22349, 22349, 22349]		
3838.365	1.5047500000000582	epochs															maze_arm	249.0
3839.89025	5.161750000000211	epochs															feedback_and_iti	249.0
3839.89025	0.9895000000001346	epochs															feedback_delay	249.0
3840.898	1.9807499999997162	epochs															feedback	249.0
3843.078	1.97400000000016	epochs															iti	249.0
3845.07225	9.805249999999887	epochs															maze	250.0
3845.07225	8.529250000000047	epochs															maze_stem	250.0
3845.09325	15.015249999999924	trials	False	False	True	False	True	True	[0.13200677931308746, 0.8679932355880737, 0.10466273874044418, 0.8953372240066528]	0.02734401449561119	0.7633304707705975	-0.01367199420928955	0.3816652297973633	0.8679932355880737	[22382, 22382, 22381, 22381, 22381]	[22440, 22440, 22439, 22439, 22439]		
3853.62325	1.2542499999999563	epochs															maze_arm	250.0
3854.90075	5.185500000000047	epochs															feedback_and_iti	250.0
3854.90075	0.9945000000002437	epochs															feedback_delay	250.0
3855.9225	1.9789999999998145	epochs															feedback	250.0
3858.113	1.9732500000000073	epochs															iti	250.0
3860.1085	8.364750000000186	epochs															maze	251.0
3860.1085	6.771500000000287	epochs															maze_stem	251.0
3860.127	13.567000000000007	trials	False	False	False	False	True	True	[0.06725388020277023, 0.9327460527420044, 0.13083501160144806, 0.8691650032997131]	-0.06358109042048454	0.8019110821187496	0.03179052472114563	0.40095552802085876	0.9327460527420044	[22472, 22472, 22472, 22471, 22471]	[22521, 22521, 22521, 22521, 22520]		
3866.9015	1.5717500000000655	epochs															maze_arm	251.0
3868.49725	5.17574999999988	epochs															feedback_and_iti	251.0
3868.49725	0.9917500000001382	epochs															feedback_delay	251.0
3869.511	1.980750000000171	epochs															feedback	251.0
3871.693	1.9799999999995634	epochs															iti	251.0
3873.694	9.66274999999996	epochs															maze	252.0
3873.694	7.7712500000002365	epochs															maze_stem	252.0
3873.715	14.862999999999829	trials	True	False	False	True	False	True	[0.03667158633470535, 0.9633284211158752, 0.1120217889547348, 0.8879782557487488]	-0.07535018399357796	0.8513066507875919	0.037675101310014725	-0.4256533123552799	0.1120217889547348	[22553, 22553, 22553, 22553, 22553]	[22610, 22610, 22610, 22610, 22610]		
3881.48475	1.8719999999998436	epochs															maze_arm	252.0
3883.37225	5.184250000000247	epochs															feedback_and_iti	252.0
3883.37225	0.999250000000302	epochs															feedback_delay	252.0
3884.3935	1.9674999999997453	epochs															feedback	252.0
3886.59175	1.9647500000000946	epochs															iti	252.0
3888.578	7.006249999999909	epochs															maze	253.0
3888.578	4.936500000000251	epochs															maze_stem	253.0
3888.5995	14.052250000000186	trials	False	False	False	True	True	False	[0.11522248387336731, 0.8847775459289551, 0.1782359778881073, 0.8217639923095703]	-0.06301352381706238	0.7065415382385254	-0.03150677680969238	0.3532707691192627	0.8217639923095703	[22643, 22643, 22642, 22642, 22642]	[22684, 22684, 22683, 22683, 22683]		
3893.5315	2.0527499999998327	epochs															maze_arm	253.0
3895.60025	7.02599999999984	epochs															feedback_and_iti	253.0
3895.60025	0.9830000000001746	epochs															feedback_delay	253.0
3896.60225	1.9852500000001783	epochs															feedback	253.0
3898.6265	3.999749999999949	epochs															iti	253.0
3902.65175	8.058500000000095	epochs															maze	254.0
3902.65175	6.091499999999996	epochs															maze_stem	254.0
3902.67175	15.101999999999862	trials	False	False	False	True	True	False	[0.09541772305965424, 0.9045823216438293, 0.22786732017993927, 0.7721326947212219]	-0.13244961202144623	0.6767149865627289	-0.06622481346130371	0.33835750818252563	0.7721326947212219	[22727, 22727, 22727, 22727, 22726]	[22774, 22774, 22774, 22774, 22774]		
3908.76225	1.9479999999998654	epochs															maze_arm	254.0
3910.7265	7.028249999999844	epochs															feedback_and_iti	254.0
3910.7265	0.9907499999999345	epochs															feedback_delay	254.0
3911.73375	1.9907499999999345	epochs															feedback	254.0
3913.772	3.9827500000001237	epochs															iti	254.0
3917.77375	9.420000000000073	epochs															maze	255.0
3917.77375	6.154250000000047	epochs															maze_stem	255.0
3917.79375	16.46075000000019	trials	False	False	False	True	True	False	[0.0724058449268341, 0.9275941848754883, 0.14173191785812378, 0.8582680225372314]	-0.06932611763477325	0.7858622223138809	-0.03466308116912842	0.39293110370635986	0.8582680225372314	[22818, 22818, 22817, 22817, 22817]	[22873, 22873, 22873, 22873, 22873]		
3923.94925	3.244499999999789	epochs															maze_arm	255.0
3927.2105	7.02475000000004	epochs															feedback_and_iti	255.0
3927.2105	0.9849999999996726	epochs															feedback_delay	255.0
3928.21675	1.9915000000000873	epochs															feedback	255.0
3930.25175	3.9835000000002765	epochs															iti	255.0
3934.2545	10.726250000000164	epochs															maze	256.0
3934.2545	7.307499999999891	epochs															maze_stem	256.0
3934.275	17.76850000000013	trials	False	False	False	True	True	False	[0.0647297203540802, 0.9352703094482422, 0.11130104959011078, 0.888698935508728]	-0.04657135158777237	0.8239692375063896	-0.02328568696975708	0.4119846224784851	0.888698935508728	[22917, 22916, 22916, 22916, 22916]	[22980, 22980, 22980, 22979, 22979]		
3941.58	3.4007500000002437	epochs															maze_arm	256.0
3944.99775	7.021499999999833	epochs															feedback_and_iti	256.0
3944.99775	0.9927499999998872	epochs															feedback_delay	256.0
3946.01375	1.9760000000001128	epochs															feedback	256.0
3948.0265	3.9927499999998872	epochs															iti	256.0
3952.0435	8.20174999999972	epochs															maze	257.0
3952.0435	6.759499999999662	epochs															maze_stem	257.0
3952.06675	13.377750000000106	trials	False	False	False	False	True	True	[0.07973932474851608, 0.9202607274055481, 0.11834314465522766, 0.8816568851470947]	-0.038603831082582474	0.8019175715744495	0.019301921129226685	0.4009588062763214	0.9202607274055481	[23023, 23023, 23023, 23023, 23022]	[23072, 23071, 23071, 23071, 23071]		
3958.824	1.4212499999998727	epochs															maze_arm	257.0
3960.26925	5.149499999999989	epochs															feedback_and_iti	257.0
3960.26925	0.9890000000000327	epochs															feedback_delay	257.0
3961.27875	1.9679999999998472	epochs															feedback	257.0
3963.44275	1.975999999999658	epochs															iti	257.0
3965.4445	7.989250000000084	epochs															maze	258.0
3965.4445	6.570000000000164	epochs															maze_stem	258.0
3965.47025	13.189000000000306	trials	False	False	False	False	True	True	[0.059186749160289764, 0.9408132433891296, 0.0671163946390152, 0.932883620262146]	-0.007929634302854538	0.8736968599259853	0.003964811563491821	0.4368484318256378	0.9408132433891296	[23104, 23103, 23103, 23103, 23103]	[23151, 23150, 23150, 23150, 23150]		
3972.03725	1.3965000000002874	epochs															maze_arm	258.0
3973.45925	5.179000000000087	epochs															feedback_and_iti	258.0
3973.45925	1.0015000000003056	epochs															feedback_delay	258.0
3974.49475	1.962500000000091	epochs															feedback	258.0
3976.665	1.9732500000000073	epochs															iti	258.0
3978.65925	9.326499999999669	epochs															maze	259.0
3978.65925	7.86324999999988	epochs															maze_stem	259.0
3978.6785	14.538750000000164	trials	False	False	False	False	True	True	[0.06824297457933426, 0.9317569732666016, 0.09765464067459106, 0.9023452997207642]	-0.029411669820547104	0.8341023288667202	0.014705836772918701	0.41705113649368286	0.9317569732666016	[23183, 23183, 23182, 23182, 23182]	[23238, 23238, 23237, 23237, 23237]		
3986.54575	1.4399999999995998	epochs															maze_arm	259.0
3988.00675	5.189750000000004	epochs															feedback_and_iti	259.0
3988.00675	0.9812499999998181	epochs															feedback_delay	259.0
3989.01175	1.9737499999996544	epochs															feedback	259.0
3991.20875	1.9877500000002328	epochs															iti	259.0
3993.21725	6.755749999999807	epochs															maze	260.0
3993.21725	5.248499999999694	epochs															maze_stem	260.0
3993.23675	13.813000000000102	trials	False	False	False	True	True	False	[0.04570611193776131, 0.9542939066886902, 0.11384784430265427, 0.8861521482467651]	-0.068141745403409	0.8404460493475199	-0.034070879220962524	0.42022302746772766	0.8861521482467651	[23270, 23270, 23270, 23270, 23269]	[23310, 23310, 23309, 23309, 23309]		
3998.4875	1.4854999999997744	epochs															maze_arm	260.0
3999.99775	7.027000000000044	epochs															feedback_and_iti	260.0
3999.99775	0.9974999999999454	epochs															feedback_delay	260.0
4001.0125	1.9845000000000255	epochs															feedback	260.0
4003.03175	3.992999999999938	epochs															iti	260.0
4007.04975	8.449999999999818	epochs															maze	261.0
4007.04975	7.028749999999945	epochs															maze_stem	261.0
4007.072	15.50149999999985	trials	False	False	False	True	True	False	[0.06007038429379463, 0.9399296641349792, 0.14268240332603455, 0.8573176264762878]	-0.08261202834546566	0.797247251495719	-0.0413060188293457	0.39862364530563354	0.8573176264762878	[23353, 23353, 23353, 23352, 23352]	[23403, 23403, 23402, 23402, 23402]		
4014.10125	1.3984999999997854	epochs															maze_arm	261.0
4015.5195	7.032250000000204	epochs															feedback_and_iti	261.0
4015.5195	0.9905000000003383	epochs															feedback_delay	261.0
4016.528	1.98700000000008	epochs															feedback	261.0
4018.55125	4.000500000000102	epochs															iti	261.0
4022.5735	8.802000000000135	epochs															maze	262.0
4022.5735	7.195250000000215	epochs															maze_stem	262.0
4022.59375	15.856000000000222	trials	True	False	False	True	True	False	[0.06817224621772766, 0.9318277835845947, 0.13176396489143372, 0.8682360053062439]	-0.06359174847602844	0.8000637888908386	-0.031795889139175415	0.4000318944454193	0.8682360053062439	[23446, 23446, 23446, 23446, 23445]	[23498, 23498, 23498, 23497, 23497]		
4029.78775	1.5877500000001419	epochs															maze_arm	262.0
4031.393	7.029250000000047	epochs															feedback_and_iti	262.0
4031.393	0.9909999999999854	epochs															feedback_delay	262.0
4032.403	1.980750000000171	epochs															feedback	262.0
4034.42075	4.001499999999851	epochs															iti	262.0
4038.44975	7.9539999999997235	epochs															maze	263.0
4038.44975	6.70699999999988	epochs															maze_stem	263.0
4038.47075	13.139749999999822	trials	False	False	False	False	True	True	[0.05552783980965614, 0.9444721341133118, 0.07041461765766144, 0.929585337638855]	-0.014886787161231041	0.8740575071424246	0.0074433982372283936	0.4370287358760834	0.9444721341133118	[23541, 23541, 23541, 23541, 23541]	[23588, 23588, 23588, 23587, 23587]		
4045.17575	1.2280000000000655	epochs															maze_arm	263.0
4046.42475	5.164249999999811	epochs															feedback_and_iti	263.0
4046.42475	0.9784999999997126	epochs															feedback_delay	263.0
4047.43125	1.98824999999988	epochs															feedback	263.0
4049.60825	1.9807499999997162	epochs															iti	263.0
4051.6105	8.740250000000287	epochs															maze	264.0
4051.6105	7.42325000000028	epochs															maze_stem	264.0
4051.63	13.921749999999975	trials	False	False	False	False	True	True	[0.04504842311143875, 0.9549515843391418, 0.06889557838439941, 0.9311043620109558]	-0.02384718880057335	0.8860559724271297	0.011923611164093018	0.44302797317504883	0.9549515843391418	[23620, 23620, 23620, 23620, 23619]	[23672, 23672, 23671, 23671, 23671]		
4059.05475	1.2960000000002765	epochs															maze_arm	264.0
4060.374	5.1580000000003565	epochs															feedback_and_iti	264.0
4060.374	0.9787500000002183	epochs															feedback_delay	264.0
4061.379	1.993249999999989	epochs															feedback	264.0
4063.5675	1.9645000000000437	epochs															iti	264.0
4065.55175	6.117499999999836	epochs															maze	265.0
4065.55175	4.821249999999964	epochs															maze_stem	265.0
4065.57075	13.155250000000251	trials	False	False	False	True	True	False	[0.04386937990784645, 0.9561306238174438, 0.09669175744056702, 0.9033082127571106]	-0.05282239429652691	0.8594388496130705	-0.026411205530166626	0.4297194182872772	0.9033082127571106	[23704, 23704, 23703, 23703, 23703]	[23740, 23739, 23739, 23739, 23739]		
4070.39225	1.2770000000000437	epochs															maze_arm	265.0
4071.6845	7.020500000000084	epochs															feedback_and_iti	265.0
4071.6845	0.9980000000000473	epochs															feedback_delay	265.0
4072.6995	1.9800000000000182	epochs															feedback	265.0
4074.7165	3.988499999999931	epochs															iti	265.0
4078.726	9.284999999999854	epochs															maze	266.0
4078.726	7.551249999999982	epochs															maze_stem	266.0
4078.7465	14.50649999999996	trials	True	False	False	False	True	True	[0.05276171490550041, 0.9472383260726929, 0.12235530465841293, 0.8776447176933289]	-0.06959359906613827	0.8248830121010542	0.03479680418968201	0.41244152188301086	0.9472383260726929	[23783, 23783, 23782, 23782, 23782]	[23838, 23837, 23837, 23837, 23837]		
4086.29725	1.7137499999998909	epochs															maze_arm	266.0
4088.028	5.2032500000000255	epochs															feedback_and_iti	266.0
4088.028	0.9860000000003311	epochs															feedback_delay	266.0
4089.031	2.004750000000058	epochs															feedback	266.0
4091.25925	1.9719999999997526	epochs															iti	266.0
4093.253	8.266250000000127	epochs															maze	267.0
4093.253	6.514749999999822	epochs															maze_stem	267.0
4093.2735	15.320250000000215	trials	False	False	False	True	True	False	[0.03514564037322998, 0.96485435962677, 0.07984073460102081, 0.9201592803001404]	-0.044695086777210236	0.8850136324763298	-0.02234753966331482	0.4425068199634552	0.9201592803001404	[23870, 23870, 23870, 23869, 23869]	[23919, 23918, 23918, 23918, 23918]		
4099.79475	1.724500000000262	epochs															maze_arm	267.0
4101.53425	7.034500000000662	epochs															feedback_and_iti	267.0
4101.53425	0.9862499999999272	epochs															feedback_delay	267.0
4102.541	1.9967500000002474	epochs															feedback	267.0
4104.57675	3.992000000000189	epochs															iti	267.0
4108.59375	8.347999999999956	epochs															maze	268.0
4108.59375	6.702750000000378	epochs															maze_stem	268.0
4108.6135	15.38274999999976	trials	False	False	False	True	True	False	[0.04354061931371689, 0.9564594030380249, 0.12254028767347336, 0.877459704875946]	-0.07899968326091766	0.8339191004633904	-0.03949984908103943	0.4169595539569855	0.877459704875946	[23962, 23962, 23962, 23961, 23961]	[24011, 24011, 24011, 24010, 24010]		
4115.3175	1.6242499999998472	epochs															maze_arm	268.0
4116.95875	7.014250000000175	epochs															feedback_and_iti	268.0
4116.95875	0.9937500000005457	epochs															feedback_delay	268.0
4117.9695	1.97649999999976	epochs															feedback	268.0
4119.9805	3.992500000000291	epochs															iti	268.0
4123.99625	9.14049999999952	epochs															maze	269.0
4123.99625	7.422499999999673	epochs															maze_stem	269.0
4124.01775	14.336750000000393	trials	False	False	False	False	True	True	[0.0547182559967041, 0.9452817440032959, 0.12181165814399719, 0.8781883716583252]	-0.0670933872461319	0.8234701007604599	0.03354668617248535	0.41173505783081055	0.9452817440032959	[24054, 24054, 24054, 24054, 24053]	[24108, 24108, 24108, 24108, 24107]		
4131.451	1.6857499999996435	epochs															maze_arm	269.0
4133.15825	5.173999999999978	epochs															feedback_and_iti	269.0
4133.15825	0.9874999999992724	epochs															feedback_delay	269.0
4134.1685	1.97400000000016	epochs															feedback	269.0
4136.35975	1.972500000000764	epochs															iti	269.0
4138.3545	9.469999999999345	epochs															maze	270.0
4138.3545	7.687999999999192	epochs															maze_stem	270.0
4138.37575	14.662499999999454	trials	False	False	False	False	True	True	[0.03708798065781593, 0.9629119634628296, 0.06948518007993698, 0.9305148124694824]	-0.03239717520773411	0.8934268075972795	0.016198575496673584	0.446713387966156	0.9629119634628296	[24140, 24140, 24140, 24140, 24140]	[24196, 24196, 24196, 24196, 24195]		
4146.06525	1.7592500000000655	epochs															maze_arm	270.0
4147.84775	5.16924999999992	epochs															feedback_and_iti	270.0
4147.84775	0.9729999999999563	epochs															feedback_delay	270.0
4148.85075	1.9792500000003201	epochs															feedback	270.0
4151.03075	1.9862499999999272	epochs															iti	270.0
4153.03825	7.46875	epochs															maze	271.0
4153.03825	6.048500000000786	epochs															maze_stem	271.0
4153.05775	14.508249999999862	trials	False	False	False	True	True	False	[0.03670431300997734, 0.9632956981658936, 0.10124879330396652, 0.8987512588500977]	-0.06454445980489254	0.8620469253510237	-0.03227221965789795	0.4310234785079956	0.8987512588500977	[24228, 24228, 24228, 24228, 24228]	[24272, 24272, 24272, 24272, 24271]		
4159.107	1.3999999999996362	epochs															maze_arm	271.0
4160.5225	7.018500000000131	epochs															feedback_and_iti	271.0
4160.5225	0.9909999999999854	epochs															feedback_delay	271.0
4161.5305	1.9832500000002256	epochs															feedback	271.0
4163.557	3.9840000000003783	epochs															iti	271.0
4167.566	8.464500000000044	epochs															maze	272.0
4167.566	6.911250000000109	epochs															maze_stem	272.0
4167.59	13.680000000000291	trials	False	False	False	False	True	True	[0.047087982296943665, 0.9529119729995728, 0.12847700715065002, 0.8715230226516724]	-0.08138898760080338	0.8244350031018257	0.040694475173950195	0.41221749782562256	0.9529119729995728	[24315, 24315, 24315, 24315, 24315]	[24365, 24365, 24365, 24365, 24365]		
4174.5	1.5304999999998472	epochs															maze_arm	272.0
4176.05325	5.194749999999658	epochs															feedback_and_iti	272.0
4176.05325	0.9930000000003929	epochs															feedback_delay	272.0
4177.069	1.983749999999418	epochs															feedback	272.0
4179.265	1.9829999999992651	epochs															iti	272.0
4181.27	8.436249999999745	epochs															maze	273.0
4181.27	6.974749999999403	epochs															maze_stem	273.0
4181.29175	13.62774999999965	trials	False	False	False	False	True	True	[0.03301481530070305, 0.9669851660728455, 0.07686278969049454, 0.9231372475624084]	-0.04384794645011425	0.8901224043220282	0.021923959255218506	0.44506120681762695	0.9669851660728455	[24398, 24397, 24397, 24397, 24397]	[24447, 24447, 24447, 24447, 24447]		
4188.26575	1.4405000000006112	epochs															maze_arm	273.0
4189.7295	5.168499999999767	epochs															feedback_and_iti	273.0
4189.7295	0.9987499999997453	epochs															feedback_delay	273.0
4190.75075	1.97649999999976	epochs															feedback	273.0
4192.93475	1.963249999999789	epochs															iti	273.0
4194.9195	9.128749999999854	epochs															maze	274.0
4194.9195	7.2794999999996435	epochs															maze_stem	274.0
4194.94	14.312750000000051	trials	False	False	False	False	True	True	[0.03008423186838627, 0.9699156880378723, 0.10543600469827652, 0.8945639729499817]	-0.07535174395889044	0.8644797122105956	0.03767585754394531	0.432239830493927	0.9699156880378723	[24480, 24479, 24479, 24479, 24479]	[24533, 24533, 24533, 24533, 24533]		
4202.2195	1.8287499999996726	epochs															maze_arm	274.0
4204.06975	5.1635000000005675	epochs															feedback_and_iti	274.0
4204.06975	0.9962500000001455	epochs															feedback_delay	274.0
4205.08925	1.962999999999738	epochs															feedback	274.0
4207.2415	1.9917500000001382	epochs															iti	274.0
4209.25275	6.731999999999971	epochs															maze	275.0
4209.25275	5.156750000000102	epochs															maze_stem	275.0
4209.2715	13.76299999999992	trials	False	False	False	True	True	False	[0.022489946335554123, 0.9775100350379944, 0.1187673807144165, 0.8812325596809387]	-0.09627745486795902	0.8587426338344812	-0.04813873767852783	0.42937129735946655	0.8812325596809387	[24565, 24565, 24565, 24565, 24565]	[24605, 24605, 24604, 24604, 24604]		
4214.42725	1.5574999999998909	epochs															maze_arm	275.0
4216.00075	7.012749999999869	epochs															feedback_and_iti	275.0
4216.00075	0.9904999999998836	epochs															feedback_delay	275.0
4217.0115	1.979750000000422	epochs															feedback	275.0
4219.026	3.987500000000182	epochs															iti	275.0
4223.0345	7.40625	epochs															maze	276.0
4223.0345	5.7335000000002765	epochs															maze_stem	276.0
4223.0555	12.598250000000007	trials	False	False	False	False	True	True	[0.03986690938472748, 0.9601330757141113, 0.1347855031490326, 0.8652145266532898]	-0.09491857141256332	0.8253475949168205	0.04745927453041077	0.41267380118370056	0.9601330757141113	[24648, 24648, 24648, 24647, 24647]	[24692, 24691, 24691, 24691, 24691]		
4228.78825	1.6525000000001455	epochs															maze_arm	276.0
4230.46475	5.164749999999913	epochs															feedback_and_iti	276.0
4230.46475	0.9700000000002547	epochs															feedback_delay	276.0
4231.46525	1.97649999999976	epochs															feedback	276.0
4233.6565	1.9729999999999563	epochs															iti	276.0
4235.65375	9.629749999999149	epochs															maze	277.0
4235.65375	5.311249999999745	epochs															maze_stem	277.0
4235.678	14.828749999999673	trials	False	False	False	False	True	True	[0.02517290599644184, 0.9748270511627197, 0.0856623500585556, 0.9143376350402832]	-0.06048943009227514	0.8891647150740027	0.03024470806121826	0.44458234310150146	0.9748270511627197	[24724, 24724, 24723, 24723, 24723]	[24781, 24780, 24780, 24780, 24780]		
4240.98325	4.300249999999323	epochs															maze_arm	277.0
4245.30475	5.180999999999585	epochs															feedback_and_iti	277.0
4245.30475	0.9899999999997817	epochs															feedback_delay	277.0
4246.31775	1.9769999999998618	epochs															feedback	277.0
4248.5025	1.9832500000002256	epochs															iti	277.0
4250.50675	7.295000000000073	epochs															maze	278.0
4250.50675	6.005500000000211	epochs															maze_stem	278.0
4250.5315	12.47900000000027	trials	False	False	False	False	True	True	[0.021421492099761963, 0.978578507900238, 0.11318840086460114, 0.8868116140365601]	-0.09176690131425858	0.8653901144862175	0.04588344693183899	0.43269506096839905	0.978578507900238	[24813, 24813, 24812, 24812, 24812]	[24856, 24855, 24855, 24855, 24855]		
4256.531	1.2707499999996799	epochs															maze_arm	278.0
4257.82325	5.165999999999258	epochs															feedback_and_iti	278.0
4257.82325	0.988999999999578	epochs															feedback_delay	278.0
4258.8405	1.9619999999995343	epochs															feedback	278.0
4260.993	1.996249999999236	epochs															iti	278.0
4263.0105	6.625749999999243	epochs															maze	279.0
4263.0105	5.0222499999999854	epochs															maze_stem	279.0
4263.02925	11.826500000000124	trials	True	False	False	False	True	True	[0.017146965488791466, 0.9828529953956604, 0.12582145631313324, 0.8741785883903503]	-0.10867444891482592	0.857031580992043	0.05433720350265503	0.42851579189300537	0.9828529953956604	[24888, 24888, 24887, 24887, 24887]	[24927, 24926, 24926, 24926, 24926]		
4268.0545	1.5817499999993743	epochs															maze_arm	279.0
4269.65625	5.179500000000189	epochs															feedback_and_iti	279.0
4269.65625	0.9842500000004293	epochs															feedback_delay	279.0
4270.657	1.9835000000002765	epochs															feedback	279.0
4272.86275	1.9729999999999563	epochs															iti	279.0
4274.85575	45.39500000000044	epochs															maze	280.0
4274.85575	43.42525000000023	epochs															maze_stem	280.0
4274.88025	50.59074999999939	trials	True	False	False	False	True	True	[0.01284939143806696, 0.9871505498886108, 0.12269186228513718, 0.8773081302642822]	-0.10984244523569942	0.8644587132148445	0.05492120981216431	0.43222934007644653	0.9871505498886108	[24959, 24959, 24958, 24958, 24958]	[25230, 25230, 25230, 25229, 25229]		
4318.30025	1.95049999999992	epochs															maze_arm	280.0
4320.26875	5.181249999999636	epochs															feedback_and_iti	280.0
4320.26875	0.9965000000001965	epochs															feedback_delay	280.0
4321.28075	1.987250000000131	epochs															feedback	280.0
4323.47425	1.975749999999607	epochs															iti	280.0
4325.471	8.521750000000793	epochs															maze	281.0
4325.471	6.977500000000873	epochs															maze_stem	281.0
4325.49225	13.714249999999993	trials	False	False	False	False	True	True	[0.011890816502273083, 0.9881091713905334, 0.12284740060567856, 0.8771526217460632]	-0.11095656687393785	0.8652617880143225	0.05547827482223511	0.43263089656829834	0.9881091713905334	[25262, 25262, 25262, 25262, 25261]	[25312, 25312, 25312, 25312, 25312]		
4332.46875	1.524000000000342	epochs															maze_arm	281.0
4334.02125	5.161250000000109	epochs															feedback_and_iti	281.0
4334.02125	0.9960000000000946	epochs															feedback_delay	281.0
4335.04275	1.9594999999999345	epochs															feedback	281.0
4337.1975	1.9849999999996726	epochs															iti	281.0
4339.2065	7.689499999999498	epochs															maze	282.0
4339.2065	6.099250000000211	epochs															maze_stem	282.0
4339.2305	14.720750000000407	trials	True	False	False	True	True	False	[0.010929860174655914, 0.9890700578689575, 0.130198135972023, 0.869801938533783]	-0.11926819756627083	0.8588720001280308	-0.05963405966758728	0.42943599820137024	0.869801938533783	[25345, 25344, 25344, 25344, 25344]	[25390, 25390, 25389, 25389, 25389]		
4345.32525	1.5707499999998618	epochs															maze_arm	282.0
4346.9145	7.014250000000175	epochs															feedback_and_iti	282.0
4346.9145	0.998250000000553	epochs															feedback_delay	282.0
4347.93375	1.9639999999999418	epochs															feedback	282.0
4349.93425	3.994499999999789	epochs															iti	282.0
4353.95125	8.783000000000357	epochs															maze	283.0
4353.95125	6.889250000000175	epochs															maze_stem	283.0
4353.973	13.97375000000011	trials	False	False	False	False	True	True	[0.02024463564157486, 0.9797554016113281, 0.09958121925592422, 0.9004188179969788]	-0.07933658361434937	0.8801741823554039	0.03966829180717468	0.44008710980415344	0.9797554016113281	[25433, 25433, 25433, 25432, 25432]	[25485, 25485, 25484, 25484, 25484]		
4360.861	1.873250000000553	epochs															maze_arm	283.0
4362.7565	5.165999999999258	epochs															feedback_and_iti	283.0
4362.7565	0.9969999999993888	epochs															feedback_delay	283.0
4363.7885	1.9547500000007858	epochs															feedback	283.0
4365.93475	1.9877499999993233	epochs															iti	283.0
4367.94675	9.615999999999985	epochs															maze	284.0
4367.94675	5.283249999999498	epochs															maze_stem	284.0
4367.97	16.67475000000013	trials	False	False	False	True	True	False	[0.0133086321875453, 0.9866913557052612, 0.10175751894712448, 0.8982425332069397]	-0.08844885462895036	0.8849338688887656	-0.04422441124916077	0.44246694445610046	0.8982425332069397	[25517, 25517, 25517, 25516, 25516]	[25574, 25573, 25573, 25573, 25573]		
4373.25125	4.311499999999796	epochs															maze_arm	284.0
4377.57925	7.035750000000007	epochs															feedback_and_iti	284.0
4377.57925	0.9845000000004802	epochs															feedback_delay	284.0
4378.5795	1.9954999999999927	epochs															feedback	284.0
4380.61	4.005000000000109	epochs															iti	284.0
4384.64475	8.115999999999985	epochs															maze	285.0
4384.64475	6.13799999999992	epochs															maze_stem	285.0
4384.66475	15.152000000000044	trials	False	False	False	True	True	False	[0.0247587189078331, 0.9752412438392639, 0.11744586378335953, 0.8825541138648987]	-0.09268713742494583	0.857795387506485	-0.04634356498718262	0.4288976788520813	0.8825541138648987	[25617, 25617, 25617, 25616, 25616]	[25665, 25665, 25664, 25664, 25664]		
4390.80225	1.9585000000006403	epochs															maze_arm	285.0
4392.7755	7.021250000000691	epochs															feedback_and_iti	285.0
4392.7755	0.9880000000002838	epochs															feedback_delay	285.0
4393.78075	1.9822500000000218	epochs															feedback	285.0
4395.7985	3.998250000000553	epochs															iti	285.0
4399.81675	8.636000000000422	epochs															maze	286.0
4399.81675	6.266249999999673	epochs															maze_stem	286.0
4399.83425	15.684000000000196	trials	False	False	False	True	True	False	[0.026903489604592323, 0.9730965495109558, 0.11110211908817291, 0.8888979554176331]	-0.08419861178845167	0.8619944481179118	-0.04209929704666138	0.43099725246429443	0.8888979554176331	[25708, 25708, 25708, 25707, 25707]	[25759, 25759, 25758, 25758, 25758]		
4406.10125	2.3515000000006694	epochs															maze_arm	286.0
4408.469	7.028000000000247	epochs															feedback_and_iti	286.0
4408.469	0.987250000000131	epochs															feedback_delay	286.0
4409.473	1.9970000000002983	epochs															feedback	286.0
4411.50525	3.9917500000001382	epochs															iti	286.0
4415.51825	8.332249999999476	epochs															maze	287.0
4415.51825	6.958499999999731	epochs															maze_stem	287.0
4415.5375	13.543999999999869	trials	False	False	False	False	True	True	[0.030713293701410294, 0.9692866802215576, 0.11366309225559235, 0.8863369226455688]	-0.08294977806508541	0.8556236084550619	0.041474878787994385	0.42781180143356323	0.9692866802215576	[25802, 25802, 25802, 25802, 25801]	[25851, 25851, 25851, 25851, 25850]		
4422.4995	1.350999999999658	epochs															maze_arm	287.0
4423.87275	5.1899999999996	epochs															feedback_and_iti	287.0
4423.87275	0.9852499999997235	epochs															feedback_delay	287.0
4424.8835	1.9804999999996653	epochs															feedback	287.0
4427.083	1.979750000000422	epochs															iti	287.0
4429.0815	8.57274999999936	epochs															maze	288.0
4429.0815	4.860999999999876	epochs															maze_stem	288.0
4429.10125	13.76299999999992	trials	True	False	False	True	False	True	[0.018351778388023376, 0.9816482067108154, 0.07338954508304596, 0.9266104102134705]	-0.05503778159618378	0.9082586467266083	0.02751888334751129	-0.45412933826446533	0.07338954508304596	[25883, 25883, 25883, 25883, 25883]	[25934, 25934, 25934, 25933, 25933]		
4433.96275	3.6914999999999054	epochs															maze_arm	288.0
4437.671	5.173249999999825	epochs															feedback_and_iti	288.0
4437.671	0.9892499999996289	epochs															feedback_delay	288.0
4438.6765	1.99225000000024	epochs															feedback	288.0
4440.8715	1.9727499999999054	epochs															iti	288.0
4442.86425	6.550750000000335	epochs															maze	289.0
4442.86425	5.453750000000582	epochs															maze_stem	289.0
4442.88225	13.593499999999949	trials	False	False	False	True	True	False	[0.03664598986506462, 0.9633539915084839, 0.1433587223291397, 0.8566412329673767]	-0.10671274550259113	0.8199952561408281	-0.05335637927055359	0.4099976122379303	0.8566412329673767	[25966, 25966, 25966, 25966, 25965]	[26004, 26004, 26004, 26004, 26004]		
4448.34025	1.0747499999997672	epochs															maze_arm	289.0
4449.42975	7.0239999999994325	epochs															feedback_and_iti	289.0
4449.42975	1.000250000000051	epochs															feedback_delay	289.0
4450.448	1.981249999999818	epochs															feedback	289.0
4452.4715	3.982250000000022	epochs															iti	289.0
4456.47575	8.093250000000808	epochs															maze	290.0
4456.47575	6.4465000000000146	epochs															maze_stem	290.0
4456.497	13.30724999999984	trials	False	False	False	False	True	True	[0.04173724725842476, 0.9582627415657043, 0.16858695447444916, 0.8314130306243896]	-0.12684970907866955	0.78967578522861	0.06342485547065735	0.394837886095047	0.9582627415657043	[26048, 26048, 26047, 26047, 26047]	[26095, 26095, 26095, 26095, 26095]		
4462.943	1.6260000000002037	epochs															maze_arm	290.0
4464.59	5.193499999999403	epochs															feedback_and_iti	290.0
4464.59	0.9989999999997963	epochs															feedback_delay	290.0
4465.61225	1.9749999999994543	epochs															feedback	290.0
4467.81275	1.970749999999498	epochs															iti	290.0
4469.80425	7.914749999999913	epochs															maze	291.0
4469.80425	6.483999999999469	epochs															maze_stem	291.0
4469.82475	13.106249999999818	trials	False	False	False	False	True	True	[0.02121473290026188, 0.9787852764129639, 0.08806014060974121, 0.911939799785614]	-0.06684544216841459	0.8907251013442874	0.03342273831367493	0.44536253809928894	0.9787852764129639	[26128, 26127, 26127, 26127, 26127]	[26174, 26174, 26174, 26174, 26173]		
4476.3115	1.4075000000002547	epochs															maze_arm	291.0
4477.742	5.1707500000002256	epochs															feedback_and_iti	291.0
4477.742	0.9989999999997963	epochs															feedback_delay	291.0
4478.76575	1.9632500000006985	epochs															feedback	291.0
4480.93875	1.97400000000016	epochs															iti	291.0
4482.931	7.232250000000022	epochs															maze	292.0
4482.931	4.892000000000735	epochs															maze_stem	292.0
4482.95175	14.272750000000087	trials	False	False	False	True	True	False	[0.01855437643826008, 0.9814456105232239, 0.12070856243371964, 0.8792914152145386]	-0.10215419065207243	0.8607370434328914	-0.05107709765434265	0.4303685128688812	0.8792914152145386	[26206, 26206, 26206, 26206, 26206]	[26249, 26249, 26248, 26248, 26248]		
4487.844	2.319249999999556	epochs															maze_arm	292.0
4490.17825	7.021249999999782	epochs															feedback_and_iti	292.0
4490.17825	0.9909999999999854	epochs															feedback_delay	292.0
4491.18625	1.9859999999998763	epochs															feedback	292.0
4493.20925	3.9902499999998327	epochs															iti	292.0
4497.2245	7.7794999999996435	epochs															maze	293.0
4497.2245	6.056999999999789	epochs															maze_stem	293.0
4497.25025	12.956500000000233	trials	False	False	False	False	True	True	[0.031649693846702576, 0.968350350856781, 0.12880553305149078, 0.8711944818496704]	-0.0971558541059494	0.839544802904129	0.0485779345035553	0.4197724163532257	0.968350350856781	[26292, 26292, 26292, 26291, 26291]	[26338, 26338, 26337, 26337, 26337]		
4503.302	1.7020000000002256	epochs															maze_arm	293.0
4505.031	5.1525000000001455	epochs															feedback_and_iti	293.0
4505.031	0.9894999999996799	epochs															feedback_delay	293.0
4506.04375	1.9695000000001528	epochs															feedback	293.0
4508.21125	1.9722499999998035	epochs															iti	293.0
4510.20675	8.489249999999629	epochs															maze	294.0
4510.20675	7.0090000000000146	epochs															maze_stem	294.0
4510.2275	13.677499999999782	trials	False	False	False	False	True	True	[0.02079511620104313, 0.9792048335075378, 0.09097789973020554, 0.9090221524238586]	-0.0701827323064208	0.8882269850000739	0.0350913405418396	0.44411349296569824	0.9792048335075378	[26370, 26370, 26370, 26369, 26369]	[26420, 26420, 26419, 26419, 26419]		
4517.23625	1.4597499999999854	epochs															maze_arm	294.0
4518.72075	5.163749999999709	epochs															feedback_and_iti	294.0
4518.72075	0.9972499999994398	epochs															feedback_delay	294.0
4519.74	1.9647500000000946	epochs															feedback	294.0
4521.89825	1.9862499999999272	epochs															iti	294.0
4523.905	7.944000000000415	epochs															maze	295.0
4523.905	6.421500000000378	epochs															maze_stem	295.0
4523.92475	13.158499999999549	trials	False	False	False	False	True	True	[0.017593935132026672, 0.9824060201644897, 0.12008793652057648, 0.8799120187759399]	-0.1024940013885498	0.8623180836439133	0.0512470006942749	0.43115901947021484	0.9824060201644897	[26452, 26452, 26452, 26451, 26451]	[26499, 26499, 26498, 26498, 26498]		
4530.3465	1.5025000000005093	epochs															maze_arm	295.0
4531.874	5.188750000000255	epochs															feedback_and_iti	295.0
4531.874	0.9932500000004438	epochs															feedback_delay	295.0
4532.8935	1.961250000000291	epochs															feedback	295.0
4535.0735	1.989249999999629	epochs															iti	295.0
4537.08325	7.860750000000735	epochs															maze	296.0
4537.08325	6.182250000000749	epochs															maze_stem	296.0
4537.10575	13.052749999999833	trials	False	False	False	False	True	True	[0.014864339493215084, 0.9851356148719788, 0.134699746966362, 0.8653002381324768]	-0.11983539210632443	0.8504358832724392	0.05991768836975098	0.4252179265022278	0.9851356148719788	[26531, 26531, 26531, 26530, 26530]	[26577, 26577, 26577, 26577, 26576]		
4543.28425	1.659750000000713	epochs															maze_arm	296.0
4544.9685	5.168749999999818	epochs															feedback_and_iti	296.0
4544.9685	0.998000000000502	epochs															feedback_delay	296.0
4545.986	1.961750000000393	epochs															feedback	296.0
4548.17	1.9672499999996944	epochs															iti	296.0
4550.1585	7.949000000000524	epochs															maze	297.0
4550.1585	6.476500000000669	epochs															maze_stem	297.0
4550.17975	13.152500000000146	trials	False	False	False	False	True	True	[0.013579831458628178, 0.986420214176178, 0.13927039504051208, 0.8607296347618103]	-0.1256905714981258	0.847149811219424	0.06284528970718384	0.42357492446899414	0.986420214176178	[26609, 26609, 26609, 26609, 26609]	[26656, 26656, 26656, 26656, 26655]		
4556.66075	1.4467500000000655	epochs															maze_arm	297.0
4558.134	5.179000000000087	epochs															feedback_and_iti	297.0
4558.134	0.9745000000002619	epochs															feedback_delay	297.0
4559.1325	1.9915000000000873	epochs															feedback	297.0
4561.33375	1.9792500000003201	epochs															iti	297.0
4563.33225	7.613499999999476	epochs															maze	298.0
4563.33225	6.1727499999997235	epochs															maze_stem	298.0
4563.35375	12.79424999999992	trials	False	False	False	False	True	True	[0.012986695393919945, 0.9870132803916931, 0.14380282163619995, 0.8561971783638]	-0.13081611413508654	0.8432104708626866	0.06540805101394653	0.4216052293777466	0.9870132803916931	[26688, 26688, 26688, 26688, 26688]	[26733, 26733, 26733, 26733, 26732]		
4569.5245	1.421249999999418	epochs															maze_arm	298.0
4570.96675	5.159500000000662	epochs															feedback_and_iti	298.0
4570.96675	0.9817500000008295	epochs															feedback_delay	298.0
4571.97125	1.985000000000582	epochs															feedback	298.0
4574.1515	1.9747500000003129	epochs															iti	298.0
4576.148	6.5659999999998035	epochs															maze	299.0
4576.148	5.300250000000233	epochs															maze_stem	299.0
4576.16875	13.598500000000058	trials	True	False	False	True	True	False	[0.012635777704417706, 0.9873642325401306, 0.14704345166683197, 0.8529564738273621]	-0.1344077163375914	0.8403207384981215	-0.06720387935638428	0.42016035318374634	0.8529564738273621	[26765, 26765, 26765, 26765, 26764]	[26804, 26803, 26803, 26803, 26803]		
4581.47	1.2439999999996871	epochs															maze_arm	299.0
4582.72975	7.013999999999214	epochs															feedback_and_iti	299.0
4582.72975	0.994499999999789	epochs															feedback_delay	299.0
4583.74675	1.9729999999999563	epochs															feedback	299.0
4585.753	3.9907499999999345	epochs															iti	299.0
4589.76725	7.9284999999999854	epochs															maze	300.0
4589.76725	6.312249999999949	epochs															maze_stem	300.0
4589.78975	14.965500000000247	trials	True	False	False	True	True	False	[0.02310386300086975, 0.9768961071968079, 0.10328058153390884, 0.8967193961143494]	-0.0801767148077488	0.8736155293881893	-0.04008835554122925	0.4368077516555786	0.8967193961143494	[26847, 26847, 26847, 26846, 26846]	[26894, 26893, 26893, 26893, 26893]		
4596.1085	1.5872499999995853	epochs															maze_arm	300.0
4597.71275	7.023000000000138	epochs															feedback_and_iti	300.0
4597.71275	0.9915000000000873	epochs															feedback_delay	300.0
4598.72125	1.9770000000007713	epochs															feedback	300.0
4600.73825	3.9974999999994907	epochs															iti	300.0
4604.75525	11.255750000000262	epochs															maze	301.0
4604.75525	5.98949999999968	epochs															maze_stem	301.0
4604.777	16.438500000000204	trials	False	False	False	True	False	True	[0.0171976201236248, 0.9828024506568909, 0.05807073786854744, 0.9419292211532593]	-0.040873173624277115	0.924731656908989	0.02043655887246132	-0.4623658210039139	0.05807073786854744	[26937, 26937, 26936, 26936, 26936]	[27003, 27003, 27003, 27003, 27003]		
4610.763	5.248000000000502	epochs															maze_arm	301.0
4616.02575	5.168999999999869	epochs															feedback_and_iti	301.0
4616.02575	0.9992499999998472	epochs															feedback_delay	301.0
4617.04125	1.9785000000001673	epochs															feedback	301.0
4619.20325	1.9915000000000873	epochs															iti	301.0
4621.2155	10.354749999999513	epochs															maze	302.0
4621.2155	8.41150000000016	epochs															maze_stem	302.0
4621.2345	15.563250000000153	trials	True	False	False	True	False	True	[0.048761431127786636, 0.9512386322021484, 0.1127573773264885, 0.8872426748275757]	-0.0639959517866373	0.8384812492877245	0.03199797309935093	-0.41924059577286243	0.1127573773264885	[27035, 27035, 27035, 27035, 27035]	[27097, 27096, 27096, 27096, 27096]		
4629.64825	1.9219999999995707	epochs															maze_arm	302.0
4631.58575	5.183500000000095	epochs															feedback_and_iti	302.0
4631.58575	0.988999999999578	epochs															feedback_delay	302.0
4632.59125	1.9827499999992142	epochs															feedback	302.0
4634.78375	1.985500000000684	epochs															iti	302.0
4636.79775	6.469750000000204	epochs															maze	303.0
4636.79775	4.820749999999862	epochs															maze_stem	303.0
4636.82125	13.509250000000065	trials	False	False	False	True	True	False	[0.05520721524953842, 0.9447927474975586, 0.17730861902236938, 0.8226913809776306]	-0.12210138514637947	0.7674841471016407	-0.06105068325996399	0.3837420642375946	0.8226913809776306	[27129, 27129, 27129, 27128, 27128]	[27167, 27167, 27166, 27166, 27166]		
4641.64275	1.624749999999949	epochs															maze_arm	303.0
4643.28275	7.027000000000044	epochs															feedback_and_iti	303.0
4643.28275	0.9974999999994907	epochs															feedback_delay	303.0
4644.297	1.9847500000005311	epochs															feedback	303.0
4646.3205	3.9892500000005384	epochs															iti	303.0
4650.3305	6.497000000000298	epochs															maze	304.0
4650.3305	5.318750000000364	epochs															maze_stem	304.0
4650.3535	13.529999999999745	trials	False	False	False	True	True	False	[0.058882392942905426, 0.941117525100708, 0.2068754881620407, 0.7931244969367981]	-0.1479930616915226	0.73424207046628	-0.07399651408195496	0.36712101101875305	0.7931244969367981	[27210, 27210, 27210, 27209, 27209]	[27248, 27248, 27248, 27247, 27247]		
4655.669	1.1585000000004584	epochs															maze_arm	304.0
4656.84525	7.016249999999673	epochs															feedback_and_iti	304.0
4656.84525	1.0	epochs															feedback_delay	304.0
4657.86325	1.9674999999997453	epochs															feedback	304.0
4659.8655	3.9960000000000946	epochs															iti	304.0
4663.8835	7.587749999999687	epochs															maze	305.0
4663.8835	6.180250000000342	epochs															maze_stem	305.0
4663.905	12.776499999999942	trials	False	False	False	False	True	True	[0.050248850136995316, 0.9497511982917786, 0.13817794620990753, 0.8618220686912537]	-0.08792911283671856	0.8115732353180647	0.04396456480026245	0.4057866334915161	0.9497511982917786	[27291, 27291, 27291, 27291, 27291]	[27336, 27336, 27335, 27335, 27335]		
4670.08275	1.3885000000000218	epochs															maze_arm	305.0
4671.49225	5.168249999999716	epochs															feedback_and_iti	305.0
4671.49225	0.9812499999998181	epochs															feedback_delay	305.0
4672.5045	1.9802499999996144	epochs															feedback	305.0
4674.68225	1.9782500000001164	epochs															iti	305.0
4676.6815	8.830500000000029	epochs															maze	306.0
4676.6815	7.369000000000597	epochs															maze_stem	306.0
4676.70275	14.019749999999476	trials	True	False	False	False	True	True	[0.03360218554735184, 0.966397762298584, 0.09420017898082733, 0.9057998657226562]	-0.060597945004701614	0.8721976317465305	0.030298948287963867	0.4360988140106201	0.966397762298584	[27368, 27368, 27368, 27367, 27367]	[27420, 27420, 27420, 27419, 27419]		
4684.07275	1.439249999999447	epochs															maze_arm	306.0
4685.533	5.1612499999992	epochs															feedback_and_iti	306.0
4685.533	0.9887499999995271	epochs															feedback_delay	306.0
4686.538	1.9812500000007276	epochs															feedback	306.0
4688.7075	1.9867499999991196	epochs															iti	306.0
4690.7225	6.518000000000029	epochs															maze	307.0
4690.7225	5.16675000000032	epochs															maze_stem	307.0
4690.7475	13.571249999999964	trials	False	False	False	True	True	False	[0.02131981961429119, 0.9786801338195801, 0.11894872784614563, 0.881051242351532]	-0.09762889984995127	0.8597314143553376	-0.04881444573402405	0.42986568808555603	0.881051242351532	[27452, 27452, 27452, 27452, 27451]	[27490, 27490, 27490, 27490, 27490]		
4695.913	1.3275000000003274	epochs															maze_arm	307.0
4697.2585	7.037500000000364	epochs															feedback_and_iti	307.0
4697.2585	0.9837500000003274	epochs															feedback_delay	307.0
4698.2595	1.9982499999996435	epochs															feedback	307.0
4700.29125	4.004750000000058	epochs															iti	307.0
4704.31875	7.032999999999447	epochs															maze	308.0
4704.31875	5.068249999999352	epochs															maze_stem	308.0
4704.337	14.07024999999976	trials	False	False	False	True	True	False	[0.032367054373025894, 0.9676328897476196, 0.12941206991672516, 0.8705880045890808]	-0.09704495035111904	0.8382208850234747	-0.04852244257926941	0.4191104471683502	0.8705880045890808	[27534, 27534, 27533, 27533, 27533]	[27575, 27575, 27575, 27574, 27574]		
4709.407	1.944749999999658	epochs															maze_arm	308.0
4711.36925	7.011750000000575	epochs															feedback_and_iti	308.0
4711.36925	0.9892500000005384	epochs															feedback_delay	308.0
4712.37775	1.9762500000006185	epochs															feedback	308.0
4714.392	3.9890000000004875	epochs															iti	308.0
4718.40725	8.29699999999957	epochs															maze	309.0
4718.40725	6.5237499999993815	epochs															maze_stem	309.0
4718.427	15.336750000000393	trials	False	False	False	True	True	False	[0.04388240724802017, 0.9561176300048828, 0.12799625098705292, 0.8720037341117859]	-0.08411386981606483	0.8281213529407978	-0.04205694794654846	0.41406068205833435	0.8720037341117859	[27618, 27618, 27618, 27618, 27617]	[27667, 27667, 27667, 27666, 27666]		
4724.9555	1.7487499999997453	epochs															maze_arm	309.0
4726.72225	7.021499999999833	epochs															feedback_and_iti	309.0
4726.72225	1.000250000000051	epochs															feedback_delay	309.0
4727.7505	1.9567500000002838	epochs															feedback	309.0
4729.74975	3.993999999999687	epochs															iti	309.0
4733.76375	9.10949999999957	epochs															maze	310.0
4733.76375	7.466000000000349	epochs															maze_stem	310.0
4733.782	16.16699999999946	trials	False	False	False	True	True	False	[0.04958762973546982, 0.950412392616272, 0.12239710986614227, 0.8776029348373413]	-0.07280946895480156	0.8280152939260006	-0.03640472888946533	0.41400766372680664	0.8776029348373413	[27710, 27710, 27710, 27710, 27710]	[27764, 27764, 27764, 27763, 27763]		
4741.24975	1.6234999999996944	epochs															maze_arm	310.0
4742.89025	7.036499999999251	epochs															feedback_and_iti	310.0
4742.89025	0.9927499999994325	epochs															feedback_delay	310.0
4743.9	1.9935000000004948	epochs															feedback	310.0
4745.9315	3.995249999999942	epochs															iti	310.0
4749.949	7.676250000000437	epochs															maze	311.0
4749.949	6.034750000000713	epochs															maze_stem	311.0
4749.96825	14.719750000000204	trials	False	False	False	True	True	False	[0.05818897858262062, 0.9418110251426697, 0.11991921812295914, 0.8800808191299438]	-0.06173022277653217	0.8218918237835169	-0.030865103006362915	0.41094592213630676	0.8800808191299438	[27807, 27807, 27807, 27807, 27807]	[27852, 27852, 27852, 27852, 27852]		
4756.0035	1.6217500000002474	epochs															maze_arm	311.0
4757.6405	7.016999999999825	epochs															feedback_and_iti	311.0
4757.6405	0.9914999999991778	epochs															feedback_delay	311.0
4758.649	1.9777500000000146	epochs															feedback	311.0
4760.6675	3.990000000000691	epochs															iti	311.0
4764.688	16.102499999999964	epochs															maze	312.0
4764.688	14.459499999999935	epochs															maze_stem	312.0
4764.716	21.29950000000008	trials	False	False	False	True	False	True	[0.06676322966814041, 0.9332367777824402, 0.11874456703662872, 0.8812554478645325]	-0.05198133364319801	0.8144922144711018	0.025990668684244156	-0.40724610164761543	0.11874456703662872	[27896, 27896, 27895, 27895, 27895]	[27991, 27991, 27991, 27991, 27991]		
4779.17025	1.6202499999999418	epochs															maze_arm	312.0
4780.80775	5.1784999999999854	epochs															feedback_and_iti	312.0
4780.80775	0.9885000000003856	epochs															feedback_delay	312.0
4781.8135	1.9897499999997308	epochs															feedback	312.0
4784.0095	1.9767499999998108	epochs															iti	312.0
4786.0155	13.409749999999804	epochs															maze	313.0
4786.0155	11.330999999999221	epochs															maze_stem	313.0
4786.0445	18.602499999999964	trials	True	False	False	True	False	True	[0.16633453965187073, 0.8336654901504517, 0.15523388981819153, 0.8447661399841309]	0.0111006498336792	0.6784316003322601	-0.0055503249168396	-0.33921578526496887	0.15523388981819153	[28024, 28023, 28023, 28023, 28023]	[28103, 28103, 28103, 28102, 28102]		
4797.36575	2.0595000000002983	epochs															maze_arm	313.0
4799.44125	5.185250000000451	epochs															feedback_and_iti	313.0
4799.44125	0.998000000000502	epochs															feedback_delay	313.0
4800.456	1.9729999999999563	epochs															feedback	313.0
4802.636	1.9904999999998836	epochs															iti	313.0
4804.647	7.007000000000517	epochs															maze	314.0
4804.647	5.423999999999978	epochs															maze_stem	314.0
4804.66625	14.040750000000116	trials	False	False	False	True	True	False	[0.2041146457195282, 0.7958853840827942, 0.2260175347328186, 0.7739824652671814]	-0.0219029039144516	0.5698678344488144	-0.010951459407806396	0.2849339246749878	0.7739824652671814	[28135, 28135, 28135, 28135, 28135]	[28176, 28176, 28176, 28176, 28176]		
4810.08875	1.5652500000005602	epochs															maze_arm	314.0
4811.67125	7.012249999999767	epochs															feedback_and_iti	314.0
4811.67125	0.9982499999996435	epochs															feedback_delay	314.0
4812.6855	1.9787500000002183	epochs															feedback	314.0
4814.69725	3.9862499999999272	epochs															iti	314.0
4818.707	12.849999999999454	epochs															maze	315.0
4818.707	11.100249999999505	epochs															maze_stem	315.0
4818.7285	18.038249999999607	trials	True	False	False	True	False	True	[0.13245031237602234, 0.8675497174263, 0.25126639008522034, 0.748733639717102]	-0.118816077709198	0.6162833273410797	0.059408038854599	-0.30814164876937866	0.25126639008522034	[28220, 28219, 28219, 28219, 28219]	[28296, 28296, 28295, 28295, 28295]		
4829.827	1.7299999999995634	epochs															maze_arm	315.0
4831.5745	5.170250000000124	epochs															feedback_and_iti	315.0
4831.5745	0.9857500000007349	epochs															feedback_delay	315.0
4832.5785	1.99225000000024	epochs															feedback	315.0
4834.7685	1.976249999999709	epochs															iti	315.0
4836.76675	7.4975000000004	epochs															maze	316.0
4836.76675	6.164249999999811	epochs															maze_stem	316.0
4836.78875	12.677750000000742	trials	False	False	False	False	True	True	[0.24572241306304932, 0.7542775869369507, 0.3309149146080017, 0.6690850853919983]	-0.08519250154495239	0.423362672328949	0.042596250772476196	0.2116813361644745	0.7542775869369507	[28328, 28328, 28327, 28327, 28327]	[28372, 28372, 28372, 28371, 28371]		
4842.9505	1.3137500000002547	epochs															maze_arm	316.0
4844.2875	5.1544999999996435	epochs															feedback_and_iti	316.0
4844.2875	0.9947499999998399	epochs															feedback_delay	316.0
4845.30475	1.9679999999998472	epochs															feedback	316.0
4847.4845	1.9575000000004366	epochs															iti	316.0
4849.4665	8.691749999999956	epochs															maze	317.0
4849.4665	6.395999999999731	epochs															maze_stem	317.0
4849.4945	13.87225000000035	trials	True	False	False	False	True	True	[0.10916043817996979, 0.8908395767211914, 0.2347928136587143, 0.7652071714401245]	-0.1256323903799057	0.6560467481613159	0.06281620264053345	0.32802337408065796	0.8908395767211914	[28404, 28404, 28404, 28403, 28403]	[28455, 28455, 28455, 28455, 28454]		
4855.8835	2.2747500000004948	epochs															maze_arm	317.0
4858.17625	5.170249999999214	epochs															feedback_and_iti	317.0
4858.17625	0.9969999999993888	epochs															feedback_delay	317.0
4859.18925	1.9767499999998108	epochs															feedback	317.0
4861.36675	1.9797499999995125	epochs															iti	317.0
4863.36675	8.422749999999724	epochs															maze	318.0
4863.36675	6.537000000000262	epochs															maze_stem	318.0
4863.38525	13.611750000000029	trials	True	False	False	False	True	True	[0.040972452610731125, 0.9590275287628174, 0.19256483018398285, 0.807435154914856]	-0.15159237571060658	0.7664627004414797	0.07579618692398071	0.38323134183883667	0.9590275287628174	[28487, 28487, 28487, 28487, 28487]	[28537, 28537, 28537, 28536, 28536]		
4869.92625	1.8632499999994252	epochs															maze_arm	318.0
4871.8105	5.167500000000473	epochs															feedback_and_iti	318.0
4871.8105	0.9920000000001892	epochs															feedback_delay	318.0
4872.82325	1.9752499999995052	epochs															feedback	318.0
4874.98725	1.9907499999999345	epochs															iti	318.0
4876.997	9.813749999999345	epochs															maze	319.0
4876.997	4.519499999999425	epochs															maze_stem	319.0
4877.0155	15.02324999999928	trials	False	False	False	True	False	True	[0.02160683274269104, 0.9783931970596313, 0.20057593286037445, 0.7994241118431091]	-0.1789690926671028	0.7778172716498375	0.0894845500588417	-0.38890861719846725	0.20057593286037445	[28569, 28569, 28569, 28569, 28568]	[28627, 28627, 28627, 28626, 28626]		
4881.53425	5.276499999999942	epochs															maze_arm	319.0
4886.82775	5.190499999999702	epochs															feedback_and_iti	319.0
4886.82775	0.9864999999999782	epochs															feedback_delay	319.0
4887.832	1.9927499999994325	epochs															feedback	319.0
4890.0395	1.9787500000002183	epochs															iti	319.0
4892.03875	6.371750000000247	epochs															maze	320.0
4892.03875	4.779250000000502	epochs															maze_stem	320.0
4892.06	13.422249999999622	trials	False	False	False	True	True	False	[0.06536387652158737, 0.934636116027832, 0.4246307909488678, 0.5753691792488098]	-0.3592669256031513	0.5100053139030933	-0.1796334683895111	0.2550026476383209	0.5753691792488098	[28659, 28659, 28659, 28659, 28658]	[28697, 28696, 28696, 28696, 28696]		
4896.835	1.57549999999992	epochs															maze_arm	320.0
4898.42675	7.029500000000553	epochs															feedback_and_iti	320.0
4898.42675	0.9885000000003856	epochs															feedback_delay	320.0
4899.431	1.992750000000342	epochs															feedback	320.0
4901.4575	3.9987499999997453	epochs															iti	320.0
4905.48225	7.881000000000313	epochs															maze	321.0
4905.48225	6.070999999999913	epochs															maze_stem	321.0
4905.503	13.092750000000706	trials	False	False	False	False	True	True	[0.0897984430193901, 0.9102016091346741, 0.40834689140319824, 0.5916531085968018]	-0.3185484744608402	0.5018546916544437	0.15927425026893616	0.2509273588657379	0.9102016091346741	[28740, 28740, 28739, 28739, 28739]	[28786, 28786, 28786, 28786, 28785]		
4911.57775	1.7854999999999563	epochs															maze_arm	321.0
4913.38525	5.190249999999651	epochs															feedback_and_iti	321.0
4913.38525	0.9924999999993815	epochs															feedback_delay	321.0
4914.40125	1.9780000000000655	epochs															feedback	321.0
4916.5985	1.9769999999998618	epochs															iti	321.0
4918.59575	7.730499999999665	epochs															maze	322.0
4918.59575	6.07799999999952	epochs															maze_stem	322.0
4918.616	12.934500000000298	trials	False	False	False	False	True	True	[0.03305993229150772, 0.9669400453567505, 0.30091241002082825, 0.6990876197814941]	-0.26785245165228844	0.6660276614129543	0.13392621278762817	0.3330138325691223	0.9669400453567505	[28819, 28818, 28818, 28818, 28818]	[28864, 28864, 28864, 28863, 28863]		
4924.69975	1.6265000000003056	epochs															maze_arm	322.0
4926.3475	5.181999999999789	epochs															feedback_and_iti	322.0
4926.3475	0.9989999999997963	epochs															feedback_delay	322.0
4927.3685	1.9675000000006548	epochs															feedback	322.0
4929.5465	1.9829999999992651	epochs															iti	322.0
4931.5505	7.70299999999952	epochs															maze	323.0
4931.5505	6.123999999999796	epochs															maze_stem	323.0
4931.572	12.907250000000204	trials	False	False	False	False	True	True	[0.024837765842676163, 0.9751622676849365, 0.3469451069831848, 0.6530548930168152]	-0.322107357904315	0.6282171439379454	0.16105368733406067	0.31410858035087585	0.9751622676849365	[28896, 28896, 28896, 28896, 28895]	[28941, 28941, 28941, 28941, 28941]		
4937.69575	1.5577499999999418	epochs															maze_arm	323.0
4939.278	5.1802499999994325	epochs															feedback_and_iti	323.0
4939.278	0.9797499999995125	epochs															feedback_delay	323.0
4940.28	1.9782500000001164	epochs															feedback	323.0
4942.46725	1.9909999999999854	epochs															iti	323.0
4944.47925	8.503749999999854	epochs															maze	324.0
4944.47925	6.6899999999996	epochs															maze_stem	324.0
4944.49925	13.700749999999971	trials	False	False	False	False	True	True	[0.02176740951836109, 0.9782326221466064, 0.3658638000488281, 0.6341362595558167]	-0.3440963765606284	0.6123688360676169	0.1720481812953949	0.30618444085121155	0.9782326221466064	[28974, 28974, 28973, 28973, 28973]	[29024, 29024, 29023, 29023, 29023]		
4951.189	1.793999999999869	epochs															maze_arm	324.0
4953.00525	5.17450000000008	epochs															feedback_and_iti	324.0
4953.00525	0.9982499999996435	epochs															feedback_delay	324.0
4954.0265	1.9735000000000582	epochs															feedback	324.0
4956.21275	1.967000000000553	epochs															iti	324.0
4958.2	7.642499999999927	epochs															maze	325.0
4958.2	5.286750000000211	epochs															maze_stem	325.0
4958.22325	14.973250000000007	trials	False	False	False	True	True	False	[0.0207706056535244, 0.9792294502258301, 0.3762109875679016, 0.6237889528274536]	-0.35544043965637684	0.6030184049159288	-0.17772024869918823	0.30150920152664185	0.6237889528274536	[29056, 29056, 29056, 29055, 29055]	[29101, 29101, 29100, 29100, 29100]		
4963.5115	2.331000000000131	epochs															maze_arm	325.0
4965.85875	7.307499999999891	epochs															feedback_and_iti	325.0
4965.85875	0.9969999999993888	epochs															feedback_delay	325.0
4966.87325	2.1215000000001965	epochs															feedback	325.0
4969.17775	3.9885000000003856	epochs															iti	325.0
4973.1965	8.76025000000027	epochs															maze	326.0
4973.1965	6.768500000000131	epochs															maze_stem	326.0
4973.2205	15.797249999999622	trials	False	False	False	True	True	False	[0.05770714581012726, 0.9422929286956787, 0.27188926935195923, 0.7281107306480408]	-0.21418216079473495	0.6704036220908165	-0.10709109902381897	0.33520182967185974	0.7281107306480408	[29146, 29146, 29145, 29145, 29145]	[29197, 29197, 29197, 29197, 29197]		
4979.98925	1.9675000000006548	epochs															maze_arm	326.0
4981.973	7.022750000000087	epochs															feedback_and_iti	326.0
4981.973	0.9842500000004293	epochs															feedback_delay	326.0
4982.9765	1.9904999999998836	epochs															feedback	326.0
4985.00675	3.9890000000004875	epochs															iti	326.0
4989.01775	7.1899999999996	epochs															maze	327.0
4989.01775	5.712749999999687	epochs															maze_stem	327.0
4989.03675	12.393500000000131	trials	False	False	False	False	True	True	[0.04386596754193306, 0.9561339616775513, 0.18284179270267487, 0.8171582221984863]	-0.13897578231990337	0.7732922118157148	0.06948786973953247	0.3866460919380188	0.9561339616775513	[29241, 29241, 29240, 29240, 29240]	[29283, 29283, 29283, 29282, 29282]		
4994.75075	1.4569999999994252	epochs															maze_arm	327.0
4996.23175	5.1784999999999854	epochs															feedback_and_iti	327.0
4996.23175	0.9904999999998836	epochs															feedback_delay	327.0
4997.245	1.98174999999992	epochs															feedback	327.0
4999.44175	1.968499999999949	epochs															iti	327.0
5001.43025	8.128999999999905	epochs															maze	328.0
5001.43025	6.425749999999425	epochs															maze_stem	328.0
5001.45325	13.326500000000124	trials	False	False	False	False	True	True	[0.025434894487261772, 0.9745650887489319, 0.189922496676445, 0.8100775480270386]	-0.16448757145553827	0.7846426228061318	0.08224377036094666	0.39232131838798523	0.9745650887489319	[29315, 29315, 29315, 29315, 29314]	[29363, 29363, 29363, 29362, 29362]		
5007.87725	1.6820000000006985	epochs															maze_arm	328.0
5009.58025	5.1784999999999854	epochs															feedback_and_iti	328.0
5009.58025	0.9937499999996362	epochs															feedback_delay	328.0
5010.5985	1.9854999999997744	epochs															feedback	328.0
5012.78975	1.969000000000051	epochs															iti	328.0
5014.77975	8.596000000000458	epochs															maze	329.0
5014.77975	6.890250000000378	epochs															maze_stem	329.0
5014.80125	13.767499999999927	trials	False	False	False	False	True	True	[0.01998225785791874, 0.9800177812576294, 0.25121742486953735, 0.7487825751304626]	-0.23123518656939268	0.728800336830318	0.11561760306358337	0.364400178194046	0.9800177812576294	[29395, 29395, 29395, 29395, 29394]	[29446, 29446, 29445, 29445, 29445]		
5021.69325	1.6824999999998909	epochs															maze_arm	329.0
5023.398	5.1489999999994325	epochs															feedback_and_iti	329.0
5023.398	0.9839999999994689	epochs															feedback_delay	329.0
5024.40875	1.9677500000007058	epochs															feedback	329.0
5026.58175	1.965249999999287	epochs															iti	329.0
5028.56875	10.018499999999221	epochs															maze	330.0
5028.56875	5.592999999999847	epochs															maze_stem	330.0
5028.58775	15.248000000000502	trials	True	False	False	True	False	True	[0.017979176715016365, 0.9820207953453064, 0.2795841693878174, 0.7204157710075378]	-0.2616050085052848	0.7024366101250052	0.1308024963364005	-0.3512183269485831	0.2795841693878174	[29478, 29478, 29477, 29477, 29477]	[29537, 29537, 29537, 29536, 29536]		
5034.1815	4.405749999999898	epochs															maze_arm	330.0
5038.617	5.1899999999996	epochs															feedback_and_iti	330.0
5038.617	0.9764999999997599	epochs															feedback_delay	330.0
5039.61375	1.9932499999995343	epochs															feedback	330.0
5041.82775	1.9792499999994106	epochs															iti	330.0
5043.83575	7.087499999999636	epochs															maze	331.0
5043.83575	5.731249999999818	epochs															maze_stem	331.0
5043.86375	12.270249999999578	trials	False	False	False	False	True	True	[0.041251156479120255, 0.9587488174438477, 0.4592154026031494, 0.5407845973968506]	-0.4179642330855131	0.4995334278792143	0.20898211002349854	0.24976670742034912	0.9587488174438477	[29569, 29569, 29569, 29569, 29569]	[29611, 29611, 29611, 29610, 29610]		
5049.58775	1.3355000000001382	epochs															maze_arm	331.0
5050.9495	5.162500000000364	epochs															feedback_and_iti	331.0
5050.9495	0.9782500000001164	epochs															feedback_delay	331.0
5051.9515	1.9934999999995853	epochs															feedback	331.0
5054.1345	1.9774999999999636	epochs															iti	331.0
5056.134	10.5962499999996	epochs															maze	332.0
5056.134	9.15099999999984	epochs															maze_stem	332.0
5056.1555	15.775000000000546	trials	False	False	False	True	False	True	[0.03224870190024376, 0.9677513241767883, 0.5136654376983643, 0.48633453249931335]	-0.48141676373779774	0.45408585853874683	0.24070836789906025	-0.227042930200696	0.5136654376983643	[29643, 29643, 29643, 29643, 29642]	[29706, 29706, 29705, 29705, 29705]		
5065.30525	1.4249999999992724	epochs															maze_arm	332.0
5066.74825	5.160750000000007	epochs															feedback_and_iti	332.0
5066.74825	0.9890000000004875	epochs															feedback_delay	332.0
5067.75475	1.9754999999995562	epochs															feedback	332.0
5069.94125	1.9677499999997963	epochs															iti	332.0
5071.9305	6.649749999999585	epochs															maze	333.0
5071.9305	5.145999999999731	epochs															maze_stem	333.0
5071.95125	11.845500000000357	trials	False	False	False	False	True	True	[0.06896131485700607, 0.9310386776924133, 0.6797303557395935, 0.3202696144580841]	-0.6107690520584583	0.25130831077694893	0.3053845316171646	0.12565414607524872	0.9310386776924133	[29738, 29738, 29737, 29737, 29737]	[29777, 29777, 29776, 29776, 29776]		
5077.09475	1.4854999999997744	epochs															maze_arm	333.0
5078.60275	5.167499999999563	epochs															feedback_and_iti	333.0
5078.60275	0.9952499999999418	epochs															feedback_delay	333.0
5079.62075	1.961500000000342	epochs															feedback	333.0
5081.79825	1.9719999999997526	epochs															iti	333.0
5083.79675	7.73174999999992	epochs															maze	334.0
5083.79675	5.968249999999898	epochs															maze_stem	334.0
5083.81625	12.916250000000218	trials	True	False	False	False	True	True	[0.04373210296034813, 0.9562679529190063, 0.7052567005157471, 0.29474326968193054]	-0.6615246403962374	0.25101120956242085	0.3307623416185379	0.12550561130046844	0.9562679529190063	[29809, 29809, 29809, 29808, 29808]	[29854, 29854, 29854, 29854, 29854]		
5089.78475	1.7437500000005457	epochs															maze_arm	334.0
5091.544	5.166000000000167	epochs															feedback_and_iti	334.0
5091.544	0.9977500000004511	epochs															feedback_delay	334.0
5092.55975	1.9694999999992433	epochs															feedback	334.0
5094.7105	1.9994999999998981	epochs															iti	334.0
5096.7325	7.568250000000262	epochs															maze	335.0
5096.7325	6.043499999999767	epochs															maze_stem	335.0
5096.75375	12.778250000000298	trials	False	False	False	False	True	True	[0.0349300391972065, 0.9650699496269226, 0.6428149938583374, 0.3571849763393402]	-0.6078849639743567	0.32225494645535946	0.3039424866437912	0.1611274629831314	0.9650699496269226	[29887, 29886, 29886, 29886, 29886]	[29931, 29931, 29931, 29930, 29930]		
5102.8	1.5007500000001528	epochs															maze_arm	335.0
5104.32175	5.189749999999549	epochs															feedback_and_iti	335.0
5104.32175	0.9795000000003711	epochs															feedback_delay	335.0
5105.323	1.994249999999738	epochs															feedback	335.0
5107.52775	1.983749999999418	epochs															iti	335.0
5109.532	6.390249999999469	epochs															maze	336.0
5109.532	5.082499999999527	epochs															maze_stem	336.0
5109.55175	13.428000000000793	trials	False	False	False	True	True	False	[0.033835165202617645, 0.9661648273468018, 0.6874465346336365, 0.3125534951686859]	-0.6536113508045673	0.2787183113396168	-0.3268056660890579	0.13935916125774384	0.3125534951686859	[29963, 29963, 29963, 29963, 29963]	[30001, 30001, 30000, 30000, 30000]		
5114.633	1.2892499999998108	epochs															maze_arm	336.0
5115.94325	7.014999999999418	epochs															feedback_and_iti	336.0
5115.94325	0.9902499999998327	epochs															feedback_delay	336.0
5116.9505	1.9769999999998618	epochs															feedback	336.0
5118.96275	3.9954999999999927	epochs															iti	336.0
5122.97975	8.440499999999702	epochs															maze	337.0
5122.97975	7.226999999999862	epochs															maze_stem	337.0
5122.9995	13.66924999999992	trials	False	False	False	False	True	True	[0.1084267646074295, 0.8915733098983765, 0.528744637966156, 0.471255362033844]	-0.4203179106116295	0.3628286346793175	0.21015897393226624	0.18141433596611023	0.8915733098983765	[30044, 30044, 30044, 30043, 30043]	[30094, 30093, 30093, 30093, 30093]		
5130.22775	1.1925000000001091	epochs															maze_arm	337.0
5131.442	5.206500000000233	epochs															feedback_and_iti	337.0
5131.442	0.9877500000002328	epochs															feedback_delay	337.0
5132.454	1.9810000000006767	epochs															feedback	337.0
5134.656	1.992500000000291	epochs															iti	337.0
5136.66875	10.127000000000407	epochs															maze	338.0
5136.66875	8.66675000000032	epochs															maze_stem	338.0
5136.68725	15.315999999999804	trials	True	False	False	True	False	True	[0.03308425471186638, 0.9669157266616821, 0.4910387396812439, 0.5089612603187561]	-0.45795447565615177	0.475876996293664	0.22897724248468876	-0.23793850280344486	0.4910387396812439	[30126, 30126, 30126, 30125, 30125]	[30186, 30186, 30185, 30185, 30185]		
5145.3555	1.4402500000005602	epochs															maze_arm	338.0
5146.813	5.166000000000167	epochs															feedback_and_iti	338.0
5146.813	0.9917500000001382	epochs															feedback_delay	338.0
5147.8215	1.9777500000000146	epochs															feedback	338.0
5149.9925	1.9864999999999782	epochs															iti	338.0
5152.00325	8.054000000000087	epochs															maze	339.0
5152.00325	6.37775000000056	epochs															maze_stem	339.0
5152.0295	13.241500000000087	trials	False	False	False	False	True	True	[0.0409359484910965, 0.9590640068054199, 0.6368491053581238, 0.363150954246521]	-0.5959131047129631	0.3222149536013603	0.29795652627944946	0.16110748052597046	0.9590640068054199	[30218, 30218, 30218, 30217, 30217]	[30265, 30265, 30265, 30265, 30265]		
5158.4015	1.6557499999998981	epochs															maze_arm	339.0
5160.083	5.166500000000269	epochs															feedback_and_iti	339.0
5160.083	0.9957500000000437	epochs															feedback_delay	339.0
5161.10675	1.9672499999996944	epochs															feedback	339.0
5163.2685	1.9809999999997672	epochs															iti	339.0
5165.271	10.97675000000072	epochs															maze	340.0
5165.271	9.464750000000095	epochs															maze_stem	340.0
5165.291	16.168749999999818	trials	True	False	False	True	False	True	[0.037877216935157776, 0.9621227979660034, 0.7218375205993652, 0.27816247940063477]	-0.683960311114788	0.2402852699160576	0.34198015183210373	-0.1201426312327385	0.7218375205993652	[30298, 30297, 30297, 30297, 30297]	[30362, 30362, 30362, 30362, 30362]		
5174.7565	1.4912500000000364	epochs															maze_arm	340.0
5176.26475	5.168499999999767	epochs															feedback_and_iti	340.0
5176.26475	0.9969999999993888	epochs															feedback_delay	340.0
5177.28175	1.9752499999995052	epochs															feedback	340.0
5179.4675	1.9657500000002983	epochs															iti	340.0
5181.45975	9.146749999999884	epochs															maze	341.0
5181.45975	4.660499999999956	epochs															maze_stem	341.0
5181.4825	14.33324999999968	trials	True	False	False	True	False	True	[0.04142969101667404, 0.9585703015327454, 0.6914409399032593, 0.30855903029441833]	-0.6500112600624561	0.2671293504536152	0.3250056244432926	-0.13356468454003334	0.6914409399032593	[30395, 30394, 30394, 30394, 30394]	[30448, 30448, 30448, 30448, 30448]		
5186.13825	4.468249999999898	epochs															maze_arm	341.0
5190.62325	5.171250000000327	epochs															feedback_and_iti	341.0
5190.62325	0.9909999999999854	epochs															feedback_delay	341.0
5191.631	1.9917500000001382	epochs															feedback	341.0
5193.81075	1.9837500000003274	epochs															iti	341.0
5195.81575	10.559000000000196	epochs															maze	342.0
5195.81575	8.839249999999993	epochs															maze_stem	342.0
5195.836	15.757499999999709	trials	False	False	False	True	False	True	[0.05228757858276367, 0.9477124214172363, 0.7647379636764526, 0.23526199162006378]	-0.7124504074454308	0.1829744353890419	0.3562251925468445	-0.09148722887039185	0.7647379636764526	[30481, 30480, 30480, 30480, 30480]	[30543, 30543, 30543, 30542, 30542]		
5204.67425	1.70049999999992	epochs															maze_arm	342.0
5206.39225	5.17975000000024	epochs															feedback_and_iti	342.0
5206.39225	0.9912500000000364	epochs															feedback_delay	342.0
5207.40075	1.980000000000473	epochs															feedback	342.0
5209.57225	1.999749999999949	epochs															iti	342.0
5211.5935	7.301000000000386	epochs															maze	343.0
5211.5935	5.833999999999833	epochs															maze_stem	343.0
5211.615	12.493000000000393	trials	False	False	False	False	True	True	[0.08285432308912277, 0.9171456694602966, 0.8413390517234802, 0.15866093337535858]	-0.7584847323596478	0.07580661401152611	0.379242368042469	0.037903301417827606	0.9171456694602966	[30575, 30575, 30575, 30575, 30574]	[30618, 30618, 30618, 30618, 30617]		
5217.4455	1.4490000000005239	epochs															maze_arm	343.0
5218.92025	5.162999999999556	epochs															feedback_and_iti	343.0
5218.92025	0.9830000000001746	epochs															feedback_delay	343.0
5219.92925	1.9754999999995562	epochs															feedback	343.0
5222.08575	1.9974999999994907	epochs															iti	343.0
5224.108	8.237500000000182	epochs															maze	344.0
5224.108	6.944249999999556	epochs															maze_stem	344.0
5224.12975	13.41150000000016	trials	False	False	False	False	True	True	[0.051137395203113556, 0.948862612247467, 0.855357825756073, 0.14464214444160461]	-0.8042204491794109	0.09350476786494255	0.4021102339029312	0.04675237834453583	0.948862612247467	[30650, 30650, 30650, 30650, 30650]	[30699, 30699, 30698, 30698, 30698]		
5231.07275	1.2727500000000873	epochs															maze_arm	344.0
5232.3705	5.151249999999891	epochs															feedback_and_iti	344.0
5232.3705	0.9849999999996726	epochs															feedback_delay	344.0
5233.37775	1.9710000000004584	epochs															feedback	344.0
5235.53675	1.9849999999996726	epochs															iti	344.0
5237.54125	8.232500000000073	epochs															maze	345.0
5237.54125	6.685999999999694	epochs															maze_stem	345.0
5237.56225	13.401749999999993	trials	True	False	False	False	True	True	[0.043872714042663574, 0.9561273455619812, 0.851279079914093, 0.14872094988822937]	-0.8074063807725906	0.10484825074672699	0.4037031978368759	0.052424147725105286	0.9561273455619812	[30731, 30731, 30730, 30730, 30730]	[30779, 30779, 30779, 30779, 30778]		
5244.24575	1.5280000000002474	epochs															maze_arm	345.0
5245.7895	5.152250000000095	epochs															feedback_and_iti	345.0
5245.7895	0.9957500000000437	epochs															feedback_delay	345.0
5246.8025	1.9767499999998108	epochs															feedback	345.0
5248.977	1.9647500000000946	epochs															iti	345.0
5250.964	7.2169999999996435	epochs															maze	346.0
5250.964	5.670000000000073	epochs															maze_stem	346.0
5250.9855	12.396999999999935	trials	False	False	False	False	True	True	[0.04192414879798889, 0.9580758810043335, 0.8076504468917847, 0.1923495978116989]	-0.7657262906432152	0.15042544156312943	0.3828631415963173	0.0752127394080162	0.9580758810043335	[30811, 30811, 30811, 30811, 30811]	[30854, 30853, 30853, 30853, 30853]		
5256.6585	1.5225000000000364	epochs															maze_arm	346.0
5258.20725	5.1542499999995925	epochs															feedback_and_iti	346.0
5258.20725	0.9942499999997381	epochs															feedback_delay	346.0
5259.22475	1.9682499999998981	epochs															feedback	346.0
5261.37875	1.9827500000001237	epochs															iti	346.0
5263.3825	5.901749999999993	epochs															maze	347.0
5263.3825	4.779000000000451	epochs															maze_stem	347.0
5263.402	12.942000000000007	trials	False	False	False	True	True	False	[0.04497082531452179, 0.9550291895866394, 0.8458068370819092, 0.15419314801692963]	-0.8008360266685486	0.10922233760356903	-0.4004180207848549	0.054611168801784515	0.15419314801692963	[30886, 30886, 30885, 30885, 30885]	[30920, 30920, 30920, 30920, 30919]		
5268.181	1.1032500000001164	epochs															maze_arm	347.0
5269.3005	7.024499999999534	epochs															feedback_and_iti	347.0
5269.3005	0.9864999999999782	epochs															feedback_delay	347.0
5270.304	1.9934999999995853	epochs															feedback	347.0
5272.33625	3.988749999999527	epochs															iti	347.0
5276.344	9.622000000000298	epochs															maze	348.0
5276.344	5.36200000000008	epochs															maze_stem	348.0
5276.36575	14.790500000000065	trials	False	False	False	True	False	True	[0.13080739974975586, 0.8691926002502441, 0.6231454014778137, 0.37685462832450867]	-0.49233798682689667	0.2460472136735916	0.24616900086402893	-0.12302359938621521	0.6231454014778137	[30963, 30963, 30963, 30963, 30963]	[31020, 31020, 31020, 31020, 31019]		
5281.72875	4.237250000000131	epochs															maze_arm	348.0
5285.983	5.15349999999944	epochs															feedback_and_iti	348.0
5285.983	0.9917500000001382	epochs															feedback_delay	348.0
5286.99075	1.979750000000422	epochs															feedback	348.0
5289.15	1.9864999999999782	epochs															iti	348.0
5291.15625	14.369249999999738	epochs															maze	349.0
5291.15625	12.958749999999782	epochs															maze_stem	349.0
5291.17675	19.57800000000043	trials	False	False	False	True	False	True	[0.0628797635436058, 0.9371201992034912, 0.7396562099456787, 0.2603437602519989]	-0.6767764426767826	0.1974639929831028	0.33838822320103645	-0.09873201325535774	0.7396562099456787	[31052, 31052, 31052, 31052, 31052]	[31138, 31137, 31137, 31137, 31137]		
5304.13675	1.3887500000000728	epochs															maze_arm	349.0
5305.54275	5.185500000000502	epochs															feedback_and_iti	349.0
5305.54275	0.9977500000004511	epochs															feedback_delay	349.0
5306.55725	1.9785000000001673	epochs															feedback	349.0
5308.72975	1.9984999999996944	epochs															iti	349.0
5310.75475	7.048999999999978	epochs															maze	350.0
5310.75475	5.823749999999563	epochs															maze_stem	350.0
5310.77575	12.258249999999862	trials	False	False	False	False	True	True	[0.0797998309135437, 0.9202001690864563, 0.8386378288269043, 0.1613621711730957]	-0.7588379979133606	0.081562340259552	0.3794189989566803	0.040781170129776	0.9202001690864563	[31170, 31170, 31169, 31169, 31169]	[31211, 31211, 31211, 31211, 31210]		
5316.601	1.2027500000003783	epochs															maze_arm	350.0
5317.8265	5.18474999999944	epochs															feedback_and_iti	350.0
5317.8265	0.987250000000131	epochs															feedback_delay	350.0
5318.8355	1.9802499999996144	epochs															feedback	350.0
5321.182	1.8292499999997744	epochs															iti	350.0
5323.034	8.232250000000022	epochs															maze	351.0
5323.034	6.656750000000102	epochs															maze_stem	351.0
5323.05775	13.4350000000004	trials	False	False	False	False	True	True	[0.04932904615998268, 0.9506708979606628, 0.8476936221122742, 0.15230640769004822]	-0.7983645331114531	0.1029773186892271	0.3991822451353073	0.05148865282535553	0.9506708979606628	[31243, 31243, 31243, 31243, 31243]	[31292, 31292, 31291, 31291, 31291]		
5329.71675	1.54950000000008	epochs															maze_arm	351.0
5331.29	5.182749999999942	epochs															feedback_and_iti	351.0
5331.29	0.9864999999999782	epochs															feedback_delay	351.0
5332.30225	1.9830000000001746	epochs															feedback	351.0
5334.495	1.9777500000000146	epochs															iti	351.0
5336.49275	8.741500000000087	epochs															maze	352.0
5336.49275	6.746749999999338	epochs															maze_stem	352.0
5336.51375	13.931249999999636	trials	False	False	False	False	True	True	[0.04334510862827301, 0.9566548466682434, 0.8493525385856628, 0.15064744651317596]	-0.8060074150562286	0.10730232298374176	0.4030037000775337	0.053651146590709686	0.9566548466682434	[31324, 31324, 31324, 31324, 31323]	[31376, 31375, 31375, 31375, 31375]		
5343.26	1.974250000000211	epochs															maze_arm	352.0
5345.2555	5.16924999999992	epochs															feedback_and_iti	352.0
5345.2555	1.000250000000051	epochs															feedback_delay	352.0
5346.28225	1.9534999999996217	epochs															feedback	352.0
5348.4575	1.9672499999996944	epochs															iti	352.0
5350.445	8.847499999999854	epochs															maze	353.0
5350.445	7.213000000000648	epochs															maze_stem	353.0
5350.46575	14.03899999999976	trials	True	False	False	False	True	True	[0.04126429185271263, 0.9587357640266418, 0.8427402973175049, 0.1572597175836563]	-0.8014760259538889	0.11599544622004032	0.40073802322149277	0.05799774080514908	0.9587357640266418	[31408, 31408, 31407, 31407, 31407]	[31460, 31460, 31459, 31459, 31459]		
5357.67925	1.6132499999994252	epochs															maze_arm	353.0
5359.31125	5.1707500000002256	epochs															feedback_and_iti	353.0
5359.31125	0.9915000000000873	epochs															feedback_delay	353.0
5360.32	1.98174999999992	epochs															feedback	353.0
5362.49375	1.9882500000003347	epochs															iti	353.0
5364.50475	13.16650000000027	epochs															maze	354.0
5364.50475	11.19250000000011	epochs															maze_stem	354.0
5364.5255	18.351000000000568	trials	True	False	False	True	False	True	[0.0393989272415638, 0.9606010317802429, 0.8013850450515747, 0.1986149102449417]	-0.7619861196726561	0.15921598486602306	0.38099305890500546	-0.07960801385343075	0.8013850450515747	[31492, 31492, 31492, 31491, 31491]	[31570, 31570, 31570, 31569, 31569]		
5375.71775	1.9535000000005311	epochs															maze_arm	354.0
5377.69	5.16675000000032	epochs															feedback_and_iti	354.0
5377.69	1.0047500000000582	epochs															feedback_delay	354.0
5378.72175	1.948750000000473	epochs															feedback	354.0
5380.8855	1.9712499999995998	epochs															iti	354.0
5382.8765	12.846999999999753	epochs															maze	355.0
5382.8765	11.469250000000102	epochs															maze_stem	355.0
5382.89425	18.03349999999955	trials	False	False	False	True	False	True	[0.044303011149168015, 0.9556969404220581, 0.7463839650154114, 0.253616064786911]	-0.7020809147506952	0.20931301452219486	0.3510404769331217	-0.1046565119177103	0.7463839650154114	[31602, 31602, 31602, 31602, 31601]	[31678, 31678, 31678, 31678, 31678]		
5394.36475	1.3587500000003274	epochs															maze_arm	355.0
5395.7405	5.166250000000218	epochs															feedback_and_iti	355.0
5395.7405	0.9960000000000946	epochs															feedback_delay	355.0
5396.754	1.9822500000000218	epochs															feedback	355.0
5398.94525	1.961500000000342	epochs															iti	355.0
5400.92775	12.072500000000218	epochs															maze	356.0
5400.92775	10.39825000000019	epochs															maze_stem	356.0
5400.94625	19.113500000000386	trials	False	False	False	False	False	False	[0.07555990666151047, 0.9244400858879089, 0.8253259658813477, 0.17467409372329712]	-0.7497660256922245	0.09911415353417397	-0.3748830296099186	-0.04955706372857094	0.07555990666151047	[31710, 31710, 31710, 31710, 31710]	[31782, 31782, 31782, 31781, 31781]		
5411.34625	1.654000000000451	epochs															maze_arm	356.0
5413.029	7.010499999999411	epochs															feedback_and_iti	356.0
5413.029	0.9884999999994761	epochs															feedback_delay	356.0
5414.0405	1.9652500000001965	epochs															feedback	356.0
5416.048	3.9915000000000873	epochs															iti	356.0
5420.05975	8.445999999999913	epochs															maze	357.0
5420.05975	5.314749999999549	epochs															maze_stem	357.0
5420.07875	13.651749999999993	trials	False	False	False	True	False	True	[0.4309103786945343, 0.5690895915031433, 0.9494714736938477, 0.05052853375673294]	-0.5185610763728619	-0.38038186356425285	0.2592805474996567	0.19019092619419098	0.9494714736938477	[31825, 31825, 31825, 31825, 31824]	[31875, 31875, 31874, 31874, 31874]		
5425.39125	3.1145000000005894	epochs															maze_arm	357.0
5428.524	5.182999999999993	epochs															feedback_and_iti	357.0
5428.524	0.996499999999287	epochs															feedback_delay	357.0
5429.538	1.974250000000211	epochs															feedback	357.0
5431.70625	2.000750000000153	epochs															iti	357.0
5433.7305	6.879500000000007	epochs															maze	358.0
5433.7305	5.423749999999927	epochs															maze_stem	358.0
5433.75375	12.0625	trials	True	False	False	False	True	True	[0.06343761831521988, 0.9365624189376831, 0.8242031931877136, 0.17579683661460876]	-0.760765578597784	0.11235922202467918	0.38038279116153717	0.056179627776145935	0.9365624189376831	[31907, 31907, 31907, 31907, 31906]	[31947, 31947, 31947, 31947, 31947]		
5439.1765	1.4335000000000946	epochs															maze_arm	358.0
5440.63625	5.1582500000004075	epochs															feedback_and_iti	358.0
5440.63625	0.9875000000001819	epochs															feedback_delay	358.0
5441.64275	1.9807499999997162	epochs															feedback	358.0
5443.8185	1.975999999999658	epochs															iti	358.0
5445.81625	6.918999999999869	epochs															maze	359.0
5445.81625	5.469750000000204	epochs															maze_stem	359.0
5445.83775	12.10925000000043	trials	False	False	False	False	True	True	[0.0593142993748188, 0.9406856894493103, 0.8329205513000488, 0.1670793890953064]	-0.773606276139617	0.10776511393487453	0.38680315017700195	0.05388253927230835	0.9406856894493103	[31980, 31979, 31979, 31979, 31979]	[32020, 32020, 32020, 32020, 32019]		
5451.30675	1.4284999999999854	epochs															maze_arm	359.0
5452.763	5.164999999999964	epochs															feedback_and_iti	359.0
5452.763	0.9835000000002765	epochs															feedback_delay	359.0
5453.772	1.980000000000473	epochs															feedback	359.0
5455.94575	1.9822500000000218	epochs															iti	359.0
5457.947	11.82049999999981	epochs															maze	360.0
5457.947	10.118249999999534	epochs															maze_stem	360.0
5457.9665	16.998999999999796	trials	False	False	False	True	False	True	[0.04827821999788284, 0.9517217874526978, 0.8576976656913757, 0.14230231940746307]	-0.8094194568693638	0.09402411058545113	0.40470972284674644	-0.04701205715537071	0.8576976656913757	[32052, 32052, 32052, 32052, 32052]	[32122, 32122, 32122, 32122, 32121]		
5468.0845	1.6829999999999927	epochs															maze_arm	360.0
5469.7845	5.1597499999998035	epochs															feedback_and_iti	360.0
5469.7845	0.9920000000001892	epochs															feedback_delay	360.0
5470.793	1.9830000000001746	epochs															feedback	360.0
5472.9835	1.9607499999992797	epochs															iti	360.0
5474.9655	11.745249999999942	epochs															maze	361.0
5474.9655	10.214750000000095	epochs															maze_stem	361.0
5474.988	18.80174999999963	trials	False	False	False	False	False	False	[0.07306648045778275, 0.9269334673881531, 0.8660297989845276, 0.1339702308177948]	-0.7929632775485516	0.06090370938181877	-0.3964816592633724	-0.030451860278844833	0.07306648045778275	[32154, 32154, 32154, 32154, 32154]	[32224, 32224, 32223, 32223, 32223]		
5485.20075	1.5100000000002183	epochs															maze_arm	361.0
5486.73175	7.037750000000415	epochs															feedback_and_iti	361.0
5486.73175	1.0005000000001019	epochs															feedback_delay	361.0
5487.75925	1.97400000000016	epochs															feedback	361.0
5489.7755	3.9940000000005966	epochs															iti	361.0
5493.78975	6.61725000000024	epochs															maze	362.0
5493.78975	5.0347499999998035	epochs															maze_stem	362.0
5493.80975	13.656500000000051	trials	False	False	False	True	True	False	[0.4109306037425995, 0.5890693664550781, 0.9574011564254761, 0.042598824948072433]	-0.5464705470949411	-0.3683317843824625	-0.27323527075350285	-0.18416590429842472	0.042598824948072433	[32267, 32267, 32267, 32267, 32266]	[32306, 32306, 32306, 32305, 32305]		
5498.843	1.5640000000003056	epochs															maze_arm	362.0
5500.424	7.019500000000335	epochs															feedback_and_iti	362.0
5500.424	0.9862499999999272	epochs															feedback_delay	362.0
5501.4295	1.9780000000000655	epochs															feedback	362.0
5503.44425	3.9992500000007567	epochs															iti	362.0
5507.46625	7.096499999999651	epochs															maze	363.0
5507.46625	5.7719999999999345	epochs															maze_stem	363.0
5507.48775	12.284499999999753	trials	False	False	False	False	True	True	[0.14395968616008759, 0.856040358543396, 0.5455548167228699, 0.45444515347480774]	-0.40159516781568527	0.31048550456762314	0.20079760253429413	0.15524275600910187	0.856040358543396	[32349, 32349, 32349, 32349, 32348]	[32391, 32391, 32390, 32390, 32390]		
5513.25875	1.3040000000000873	epochs															maze_arm	363.0
5514.58375	5.168999999999869	epochs															feedback_and_iti	363.0
5514.58375	0.998250000000553	epochs															feedback_delay	363.0
5515.604	1.9722499999998035	epochs															feedback	363.0
5517.784	1.96875	epochs															iti	363.0
5519.77225	8.377000000000407	epochs															maze	364.0
5519.77225	6.492500000000291	epochs															maze_stem	364.0
5519.7935	13.57549999999992	trials	True	False	False	False	True	True	[0.04445625841617584, 0.9555437564849854, 0.4677411913871765, 0.5322588682174683]	-0.4232849106192589	0.48780258744955063	0.21164244413375854	0.2439013123512268	0.9555437564849854	[32423, 32423, 32423, 32422, 32422]	[32472, 32472, 32472, 32472, 32472]		
5526.28525	1.8640000000004875	epochs															maze_arm	364.0
5528.166	5.182499999999891	epochs															feedback_and_iti	364.0
5528.166	0.9854999999997744	epochs															feedback_delay	364.0
5529.168	1.9912500000000364	epochs															feedback	364.0
5531.3705	1.9780000000000655	epochs															iti	364.0
5533.369	5.876000000000204	epochs															maze	365.0
5533.369	4.448250000000371	epochs															maze_stem	365.0
5533.389	12.930000000000291	trials	False	False	False	True	True	False	[0.027598319575190544, 0.9724016785621643, 0.49005573987960815, 0.5099442005157471]	-0.4624574491754174	0.48234590981155634	-0.23122873902320862	0.2411729395389557	0.5099442005157471	[32505, 32504, 32504, 32504, 32504]	[32539, 32539, 32538, 32538, 32538]		
5537.8365	1.408499999999549	epochs															maze_arm	365.0
5539.262	7.024750000000495	epochs															feedback_and_iti	365.0
5539.262	0.9845000000004802	epochs															feedback_delay	365.0
5540.2645	1.9967499999993379	epochs															feedback	365.0
5542.2945	3.99225000000024	epochs															iti	365.0
5546.319	7.296249999999418	epochs															maze	366.0
5546.319	5.895999999999731	epochs															maze_stem	366.0
5546.35125	12.470500000000357	trials	False	False	False	False	True	True	[0.0858965516090393, 0.9141033887863159, 0.3864908814430237, 0.6135091185569763]	-0.300594300031662	0.5276125371456146	0.1502971351146698	0.2638062536716461	0.9141033887863159	[32582, 32582, 32582, 32582, 32581]	[32625, 32625, 32625, 32624, 32624]		
5552.23475	1.380500000000211	epochs															maze_arm	366.0
5553.63675	5.164999999999964	epochs															feedback_and_iti	366.0
5553.63675	0.9732500000000073	epochs															feedback_delay	366.0
5554.6375	1.9854999999997744	epochs															feedback	366.0
5556.82925	1.9724999999998545	epochs															iti	366.0
5558.82175	8.124499999999898	epochs															maze	367.0
5558.82175	6.538499999999658	epochs															maze_stem	367.0
5558.84325	13.297999999999774	trials	False	False	False	False	True	True	[0.03154858574271202, 0.9684514403343201, 0.3552477955818176, 0.6447522044181824]	-0.32369922287762165	0.6132036317139864	0.16184961795806885	0.3066018223762512	0.9684514403343201	[32657, 32657, 32657, 32657, 32656]	[32705, 32705, 32705, 32704, 32704]		
5565.38975	1.5564999999996871	epochs															maze_arm	367.0
5566.967	5.153250000000298	epochs															feedback_and_iti	367.0
5566.967	0.9864999999999782	epochs															feedback_delay	367.0
5567.9815	1.9637499999998909	epochs															feedback	367.0
5570.14425	1.975999999999658	epochs															iti	367.0
5572.14125	7.952750000000378	epochs															maze	368.0
5572.14125	6.404750000000604	epochs															maze_stem	368.0
5572.1685	13.134000000000015	trials	False	False	False	False	True	True	[0.026200447231531143, 0.9737995266914368, 0.45128124952316284, 0.5487187504768372]	-0.42508078925311565	0.52251829020679	0.2125403881072998	0.26125913858413696	0.9737995266914368	[32737, 32737, 32737, 32736, 32736]	[32784, 32784, 32783, 32783, 32783]		
5578.56575	1.5282500000002983	epochs															maze_arm	368.0
5580.11625	5.1582500000004075	epochs															feedback_and_iti	368.0
5580.11625	0.9792500000003201	epochs															feedback_delay	368.0
5581.118	1.9859999999998763	epochs															feedback	368.0
5583.301	1.9735000000000582	epochs															iti	368.0
5585.3025	7.653500000000349	epochs															maze	369.0
5585.3025	6.150250000000597	epochs															maze_stem	369.0
5585.3275	12.833999999999833	trials	True	False	False	False	True	True	[0.02296757698059082, 0.9770324230194092, 0.45737889409065247, 0.5426210761070251]	-0.43441133201122284	0.5196535140275955	0.21720567345619202	0.25982674956321716	0.9770324230194092	[32816, 32816, 32816, 32815, 32815]	[32861, 32861, 32860, 32860, 32860]		
5591.478	1.4780000000000655	epochs															maze_arm	369.0
5592.9805	5.160000000000764	epochs															feedback_and_iti	369.0
5592.9805	0.9915000000000873	epochs															feedback_delay	369.0
5593.98775	1.9722499999998035	epochs															feedback	369.0
5596.15825	1.9822500000000218	epochs															iti	369.0
5598.1615	8.636999999999716	epochs															maze	370.0
5598.1615	6.700749999999971	epochs															maze_stem	370.0
5598.18225	13.842499999999745	trials	False	False	False	False	True	True	[0.020470082759857178, 0.9795299172401428, 0.43083781003952026, 0.5691621899604797]	-0.4103677272796631	0.5486921072006226	0.20518386363983154	0.2743460536003113	0.9795299172401428	[32893, 32893, 32893, 32892, 32892]	[32944, 32944, 32944, 32943, 32943]		
5604.88275	1.9157500000001164	epochs															maze_arm	370.0
5606.824	5.177750000000742	epochs															feedback_and_iti	370.0
5606.824	0.9977500000004511	epochs															feedback_delay	370.0
5607.85225	1.9719999999997526	epochs															feedback	370.0
5610.0205	1.9812500000007276	epochs															iti	370.0
5612.02475	8.181750000000648	epochs															maze	371.0
5612.02475	6.613250000000335	epochs															maze_stem	371.0
5612.04575	13.375500000000102	trials	False	False	False	False	True	True	[0.022481927648186684, 0.9775180220603943, 0.46959635615348816, 0.5304036140441895]	-0.44711441826075315	0.5079216761514544	0.22355720400810242	0.25396081805229187	0.9775180220603943	[32976, 32976, 32976, 32976, 32975]	[33024, 33024, 33024, 33024, 33024]		
5618.66125	1.5452500000001237	epochs															maze_arm	371.0
5620.2335	5.164749999999913	epochs															feedback_and_iti	371.0
5620.2335	0.9949999999998909	epochs															feedback_delay	371.0
5621.25225	1.9640000000008513	epochs															feedback	371.0
5623.41325	1.985000000000582	epochs															iti	371.0
5625.42125	9.02074999999968	epochs															maze	372.0
5625.42125	7.483999999999469	epochs															maze_stem	372.0
5625.4415	14.215250000000196	trials	True	False	False	False	True	True	[0.023119870573282242, 0.9768800735473633, 0.492162823677063, 0.507837176322937]	-0.4690429251641035	0.48471727780997753	0.23452144861221313	0.24235862493515015	0.9768800735473633	[33056, 33056, 33056, 33056, 33056]	[33110, 33109, 33109, 33109, 33109]		
5632.92475	1.5172499999998763	epochs															maze_arm	372.0
5634.4615	5.174250000000029	epochs															feedback_and_iti	372.0
5634.4615	0.9979999999995925	epochs															feedback_delay	372.0
5635.4785	1.9792499999994106	epochs															feedback	372.0
5637.6465	1.9892500000005384	epochs															iti	372.0
5639.65675	8.361249999999927	epochs															maze	373.0
5639.65675	6.789499999999862	epochs															maze_stem	373.0
5639.677	13.565500000000611	trials	False	False	False	False	True	True	[0.022023284807801247, 0.9779767394065857, 0.45777958631515503, 0.542220413684845]	-0.43575631361454725	0.5201971409842372	0.21787816286087036	0.26009857654571533	0.9779767394065857	[33142, 33142, 33141, 33141, 33141]	[33191, 33191, 33191, 33190, 33190]		
5646.47075	1.5472499999996217	epochs															maze_arm	373.0
5648.0385	5.182250000000749	epochs															feedback_and_iti	373.0
5648.0385	0.9922500000002401	epochs															feedback_delay	373.0
5649.05375	1.9802499999996144	epochs															feedback	373.0
5651.23725	1.9835000000002765	epochs															iti	373.0
5653.2425	7.870750000000044	epochs															maze	374.0
5653.2425	6.354499999999462	epochs															maze_stem	374.0
5653.264	13.043749999999818	trials	False	False	False	False	True	True	[0.023809179663658142, 0.9761908650398254, 0.49789759516716003, 0.5021024346351624]	-0.4740884229540825	0.4782932624220848	0.23704421520233154	0.2391466498374939	0.9761908650398254	[33223, 33223, 33223, 33223, 33222]	[33270, 33269, 33269, 33269, 33269]		
5659.62075	1.492500000000291	epochs															maze_arm	374.0
5661.1345	5.153000000000247	epochs															feedback_and_iti	374.0
5661.1345	0.9997499999999491	epochs															feedback_delay	374.0
5662.15575	1.9537499999996726	epochs															feedback	374.0
5664.29975	1.9877500000002328	epochs															iti	374.0
5666.30775	34.96600000000035	epochs															maze	375.0
5666.30775	32.16200000000026	epochs															maze_stem	375.0
5666.32775	40.17249999999967	trials	True	False	False	False	True	True	[0.023988155648112297, 0.9760118126869202, 0.5129116773605347, 0.48708829283714294]	-0.4889235207810998	0.4631001362577081	0.2444617599248886	0.23155005276203156	0.9760118126869202	[33302, 33301, 33301, 33301, 33301]	[33510, 33510, 33510, 33510, 33510]		
5698.49425	2.779500000000553	epochs															maze_arm	375.0
5701.295	5.184250000000247	epochs															feedback_and_iti	375.0
5701.295	0.992750000000342	epochs															feedback_delay	375.0
5702.30325	1.979500000000371	epochs															feedback	375.0
5704.50075	1.9785000000001673	epochs															iti	375.0
5706.50025	8.672749999999724	epochs															maze	376.0
5706.50025	7.125	epochs															maze_stem	376.0
5706.52025	13.874000000000706	trials	False	False	False	False	True	True	[0.023060457780957222, 0.9769395589828491, 0.47558513283729553, 0.5244148969650269]	-0.4525246685370803	0.5013544326648116	0.22626233100891113	0.250677227973938	0.9769395589828491	[33543, 33542, 33542, 33542, 33542]	[33594, 33593, 33593, 33593, 33593]		
5713.6435	1.5294999999996435	epochs															maze_arm	376.0
5715.19575	5.174750000000131	epochs															feedback_and_iti	376.0
5715.19575	1.0007500000001528	epochs															feedback_delay	376.0
5716.22	1.9659999999994398	epochs															feedback	376.0
5718.36975	2.000750000000153	epochs															iti	376.0
5720.39425	9.940999999999804	epochs															maze	377.0
5720.39425	8.369249999999738	epochs															maze_stem	377.0
5720.4165	15.143000000000029	trials	False	False	False	False	True	True	[0.02474384568631649, 0.9752561450004578, 0.5166293978691101, 0.4833706021308899]	-0.49188554752618074	0.45862675178796053	0.24594277143478394	0.22931337356567383	0.9752561450004578	[33626, 33626, 33626, 33625, 33625]	[33685, 33684, 33684, 33684, 33684]		
5728.78825	1.5470000000004802	epochs															maze_arm	377.0
5730.35925	5.177499999999782	epochs															feedback_and_iti	377.0
5730.35925	0.9894999999996799	epochs															feedback_delay	377.0
5731.37175	1.9839999999994689	epochs															feedback	377.0
5733.54075	1.9960000000000946	epochs															iti	377.0
5735.5595	11.056749999999738	epochs															maze	378.0
5735.5595	9.025499999999738	epochs															maze_stem	378.0
5735.58025	18.100749999999607	trials	False	False	False	True	True	False	[0.02465469017624855, 0.9753453731536865, 0.5283359885215759, 0.4716640114784241]	-0.5036813300102949	0.44700935296714306	-0.2518406808376312	0.2235046923160553	0.4716640114784241	[33717, 33717, 33716, 33716, 33716]	[33782, 33782, 33782, 33782, 33781]		
5744.611	2.00525000000016	epochs															maze_arm	378.0
5746.634	7.02350000000024	epochs															feedback_and_iti	378.0
5746.634	0.9807499999997162	epochs															feedback_delay	378.0
5747.63825	1.9840000000003783	epochs															feedback	378.0
5749.6575	4.0	epochs															iti	378.0
5753.681	7.041000000000167	epochs															maze	379.0
5753.681	5.498000000000502	epochs															maze_stem	379.0
5753.704	12.235500000000684	trials	False	False	False	False	True	True	[0.08528447896242142, 0.9147155284881592, 0.41891995072364807, 0.5810800790786743]	-0.33363546058535576	0.495795588940382	0.16681772470474243	0.24789780378341675	0.9147155284881592	[33825, 33825, 33825, 33825, 33825]	[33867, 33867, 33866, 33866, 33866]		
5759.19925	1.5227500000000873	epochs															maze_arm	379.0
5760.745	5.175250000000233	epochs															feedback_and_iti	379.0
5760.745	0.9890000000004875	epochs															feedback_delay	379.0
5761.76475	1.969000000000051	epochs															feedback	379.0
5763.94775	1.9724999999998545	epochs															iti	379.0
5765.9395	7.693249999999352	epochs															maze	380.0
5765.9395	5.35149999999976	epochs															maze_stem	380.0
5765.959	14.722499999999854	trials	False	False	False	True	True	False	[0.026721321046352386, 0.9732786417007446, 0.3555450737476349, 0.6444548964500427]	-0.3288237489759922	0.6177335716784	-0.16441187262535095	0.3088667690753937	0.6444548964500427	[33899, 33899, 33899, 33898, 33898]	[33944, 33944, 33944, 33944, 33943]		
5771.31025	2.322499999999309	epochs															maze_arm	380.0
5773.64825	7.009500000000116	epochs															feedback_and_iti	380.0
5773.64825	0.987250000000131	epochs															feedback_delay	380.0
5774.652	1.979500000000371	epochs															feedback	380.0
5776.66775	3.990000000000691	epochs															iti	380.0
5780.6815	8.810750000000553	epochs															maze	381.0
5780.6815	6.402250000000095	epochs															maze_stem	381.0
5780.701	15.858000000000175	trials	True	False	False	True	True	False	[0.06469251215457916, 0.9353074431419373, 0.3011186718940735, 0.6988813281059265]	-0.23642613738775253	0.6341887935996056	-0.11821305751800537	0.3170943856239319	0.6988813281059265	[33987, 33987, 33987, 33987, 33987]	[34039, 34039, 34039, 34039, 34038]		
5787.1015	2.39075000000048	epochs															maze_arm	381.0
5789.5095	7.02849999999944	epochs															feedback_and_iti	381.0
5789.5095	0.9957500000000437	epochs															feedback_delay	381.0
5790.5235	1.9794999999994616	epochs															feedback	381.0
5792.553	3.9849999999996726	epochs															iti	381.0
5796.559	8.501250000000255	epochs															maze	382.0
5796.559	6.556249999999636	epochs															maze_stem	382.0
5796.578	15.554249999999229	trials	False	False	False	True	True	False	[0.030504100024700165, 0.9694958925247192, 0.1512279361486435, 0.8487721085548401]	-0.12072381004691124	0.8182679824531078	-0.060361891984939575	0.40913400053977966	0.8487721085548401	[34083, 34082, 34082, 34082, 34082]	[34133, 34132, 34132, 34132, 34132]		
5803.13825	1.9220000000004802	epochs															maze_arm	382.0
5805.0765	7.0294999999996435	epochs															feedback_and_iti	382.0
5805.0765	0.9882499999994252	epochs															feedback_delay	382.0
5806.082	1.99474999999984	epochs															feedback	382.0
5808.11125	3.99474999999984	epochs															iti	382.0
5812.13225	7.133250000000771	epochs															maze	383.0
5812.13225	5.711500000000342	epochs															maze_stem	383.0
5812.151	12.320749999999862	trials	False	False	False	False	True	True	[0.04616808146238327, 0.9538318514823914, 0.157434344291687, 0.842565655708313]	-0.11126622930169106	0.796397540718317	0.055633097887039185	0.3981987535953522	0.9538318514823914	[34176, 34176, 34176, 34175, 34175]	[34218, 34218, 34217, 34217, 34217]		
5817.86525	1.4002500000005966	epochs															maze_arm	383.0
5819.2895	5.160499999999956	epochs															feedback_and_iti	383.0
5819.2895	0.9807499999997162	epochs															feedback_delay	383.0
5820.2925	1.9892500000005384	epochs															feedback	383.0
5822.4755	1.974500000000262	epochs															iti	383.0
5824.47175	7.469000000000051	epochs															maze	384.0
5824.47175	6.117750000000342	epochs															maze_stem	384.0
5824.49375	12.678249999999935	trials	False	False	False	False	True	True	[0.023277610540390015, 0.9767224192619324, 0.17242562770843506, 0.8275743126869202]	-0.14914806187152863	0.8042967468500137	0.0745740532875061	0.40214836597442627	0.9767224192619324	[34250, 34250, 34250, 34249, 34249]	[34294, 34294, 34293, 34293, 34293]		
5830.609	1.3317499999993743	epochs															maze_arm	384.0
5831.96325	5.188500000000204	epochs															feedback_and_iti	384.0
5831.96325	0.9922500000002401	epochs															feedback_delay	384.0
5832.98025	1.967000000000553	epochs															feedback	384.0
5835.17675	1.9750000000003638	epochs															iti	384.0
5837.172	9.954250000000684	epochs															maze	385.0
5837.172	8.42975000000024	epochs															maze_stem	385.0
5837.192	15.136749999999665	trials	False	False	False	True	False	True	[0.01779705286026001, 0.9822028875350952, 0.25113022327423096, 0.748869776725769]	-0.23333314061164856	0.7310726940631866	0.11666658520698547	-0.3655363619327545	0.25113022327423096	[34326, 34326, 34326, 34325, 34325]	[34385, 34385, 34384, 34384, 34384]		
5845.62525	1.5010000000002037	epochs															maze_arm	385.0
5847.14125	5.164000000000669	epochs															feedback_and_iti	385.0
5847.14125	0.9947500000007494	epochs															feedback_delay	385.0
5848.1575	1.970999999999549	epochs															feedback	385.0
5850.3265	1.9787500000002183	epochs															iti	385.0
5852.32875	7.081500000000233	epochs															maze	386.0
5852.32875	5.693250000000262	epochs															maze_stem	386.0
5852.34925	14.12774999999965	trials	False	False	False	True	True	False	[0.04852035269141197, 0.9514796137809753, 0.5026681423187256, 0.4973318874835968]	-0.4541477579623461	0.4488115031272173	-0.22707386314868927	0.22440575063228607	0.4973318874835968	[34417, 34417, 34417, 34416, 34416]	[34458, 34458, 34458, 34458, 34458]		
5858.041	1.369249999999738	epochs															maze_arm	386.0
5859.4275	7.030249999999796	epochs															feedback_and_iti	386.0
5859.4275	0.9890000000004875	epochs															feedback_delay	386.0
5860.4345	1.9922499999993306	epochs															feedback	386.0
5862.464	3.993749999999636	epochs															iti	386.0
5866.477	7.481999999999971	epochs															maze	387.0
5866.477	5.9350000000004	epochs															maze_stem	387.0
5866.49425	14.526499999999942	trials	False	False	False	True	True	False	[0.07210592180490494, 0.927894115447998, 0.357305109500885, 0.642694890499115]	-0.28519920632243156	0.5705889873206615	-0.14259961247444153	0.2852945029735565	0.642694890499115	[34502, 34502, 34501, 34501, 34501]	[34546, 34546, 34545, 34545, 34545]		
5872.4335	1.525499999999738	epochs															maze_arm	387.0
5873.97525	7.025249999999687	epochs															feedback_and_iti	387.0
5873.97525	0.9884999999994761	epochs															feedback_delay	387.0
5874.9815	1.986750000000029	epochs															feedback	387.0
5877.0215	3.979000000000269	epochs															iti	387.0
5881.02075	7.052750000000742	epochs															maze	388.0
5881.02075	5.435750000000553	epochs															maze_stem	388.0
5881.0425	12.238250000000335	trials	False	False	False	False	True	True	[0.048198968172073364, 0.951801061630249, 0.20885226130485535, 0.7911477088928223]	-0.16065332293510437	0.7429487705230713	0.08032667636871338	0.37147438526153564	0.951801061630249	[34589, 34589, 34589, 34588, 34588]	[34630, 34630, 34630, 34630, 34630]		
5886.4805	1.5930000000007567	epochs															maze_arm	388.0
5888.0985	5.1597499999998035	epochs															feedback_and_iti	388.0
5888.0985	0.9724999999998545	epochs															feedback_delay	388.0
5889.0985	1.9752499999995052	epochs															feedback	388.0
5891.28075	1.9774999999999636	epochs															iti	388.0
5893.28075	7.930250000000342	epochs															maze	389.0
5893.28075	5.664999999999964	epochs															maze_stem	389.0
5893.302	14.985750000000735	trials	False	False	False	True	True	False	[0.025464510545134544, 0.9745355248451233, 0.23386411368846893, 0.7661358714103699]	-0.2083996282890439	0.7406713860109448	-0.10419982671737671	0.3703356981277466	0.7661358714103699	[34662, 34662, 34662, 34662, 34662]	[34709, 34709, 34709, 34709, 34708]		
5898.97225	2.2387500000004366	epochs															maze_arm	389.0
5901.23	7.029500000000553	epochs															feedback_and_iti	389.0
5901.23	0.9967500000002474	epochs															feedback_delay	389.0
5902.2445	1.9729999999999563	epochs															feedback	389.0
5904.252	4.007499999999709	epochs															iti	389.0
5908.28775	7.248499999999694	epochs															maze	390.0
5908.28775	5.704499999999825	epochs															maze_stem	390.0
5908.3125	12.458999999999833	trials	False	False	False	False	True	True	[0.04952063784003258, 0.9504793882369995, 0.21935361623764038, 0.7806463837623596]	-0.16983299143612385	0.7311257589608431	0.08491650223731995	0.36556288599967957	0.9504793882369995	[34752, 34752, 34752, 34752, 34752]	[34795, 34795, 34795, 34794, 34794]		
5914.01225	1.524000000000342	epochs															maze_arm	390.0
5915.558	5.192500000000109	epochs															feedback_and_iti	390.0
5915.558	0.9975000000004002	epochs															feedback_delay	390.0
5916.57825	1.974250000000211	epochs															feedback	390.0
5918.7515	1.9989999999997963	epochs															iti	390.0
5920.7715	7.337500000000546	epochs															maze	391.0
5920.7715	6.039749999999913	epochs															maze_stem	391.0
5920.7925	12.532750000000306	trials	False	False	False	False	True	True	[0.024400003254413605, 0.975600004196167, 0.21021191775798798, 0.7897881269454956]	-0.18581189587712288	0.7653881050646305	0.0929059386253357	0.3826940655708313	0.975600004196167	[34827, 34827, 34827, 34827, 34827]	[34870, 34870, 34870, 34870, 34870]		
5926.83225	1.2767499999999927	epochs															maze_arm	391.0
5928.12975	5.1729999999997744	epochs															feedback_and_iti	391.0
5928.12975	0.9830000000001746	epochs															feedback_delay	391.0
5929.13725	1.9774999999999636	epochs															feedback	391.0
5931.3085	1.994249999999738	epochs															iti	391.0
5933.32525	11.295000000000073	epochs															maze	392.0
5933.32525	9.524750000000495	epochs															maze_stem	392.0
5933.34325	16.504249999999956	trials	False	False	False	True	False	True	[0.019437752664089203, 0.9805622696876526, 0.28248780965805054, 0.7175121307373047]	-0.2630500979721546	0.6980744190514088	0.13152502849698067	-0.34903721883893013	0.28248780965805054	[34903, 34902, 34902, 34902, 34902]	[34969, 34969, 34969, 34969, 34969]		
5942.87125	1.7489999999997963	epochs															maze_arm	392.0
5944.63975	5.181249999999636	epochs															feedback_and_iti	392.0
5944.63975	0.9967499999993379	epochs															feedback_delay	392.0
5945.6535	1.9829999999992651	epochs															feedback	392.0
5947.83575	1.9852499999997235	epochs															iti	392.0
5949.8475	9.235749999999825	epochs															maze	393.0
5949.8475	6.585250000000087	epochs															maze_stem	393.0
5949.87075	16.272750000000087	trials	False	False	False	False	False	False	[0.05163441598415375, 0.9483655095100403, 0.5263315439224243, 0.47366848587989807]	-0.4746970757842064	0.42203401774168015	-0.23734856396913528	-0.21101702004671097	0.05163441598415375	[35002, 35001, 35001, 35001, 35001]	[35056, 35056, 35056, 35055, 35055]		
5956.4525	2.6307499999993524	epochs															maze_arm	393.0
5959.10725	7.011749999999665	epochs															feedback_and_iti	393.0
5959.10725	0.9902499999998327	epochs															feedback_delay	393.0
5960.12025	1.9732500000000073	epochs															feedback	393.0
5962.1335	3.9854999999997744	epochs															iti	393.0
5966.1435	9.384250000000065	epochs															maze	394.0
5966.1435	7.995750000000044	epochs															maze_stem	394.0
5966.16425	14.613500000000386	trials	False	False	False	False	True	True	[0.3513857424259186, 0.6486142873764038, 0.800766110420227, 0.19923387467861176]	-0.44938039034605026	-0.15215184539556503	0.22469020634889603	-0.07607591897249222	0.6486142873764038	[35099, 35099, 35099, 35099, 35099]	[35155, 35154, 35154, 35154, 35154]		
5974.16175	1.3659999999999854	epochs															maze_arm	394.0
5975.54875	5.2077500000004875	epochs															feedback_and_iti	394.0
5975.54875	0.9894999999996799	epochs															feedback_delay	394.0
5976.56125	1.992500000000291	epochs															feedback	394.0
5978.78675	1.9697500000002037	epochs															iti	394.0
5980.77775	9.527500000000146	epochs															maze	395.0
5980.77775	7.0900000000001455	epochs															maze_stem	395.0
5980.79625	14.732750000000124	trials	True	False	False	True	False	True	[0.049572013318538666, 0.9504280090332031, 0.538914144039154, 0.4610859155654907]	-0.4893421120941639	0.41151388362050056	0.2446710653603077	-0.20575692132115364	0.538914144039154	[35187, 35187, 35187, 35187, 35186]	[35243, 35243, 35243, 35243, 35242]		
5987.88925	2.4160000000001673	epochs															maze_arm	395.0
5990.3245	5.179500000000189	epochs															feedback_and_iti	395.0
5990.3245	1.0020000000004075	epochs															feedback_delay	395.0
5991.3485	1.9712499999995998	epochs															feedback	395.0
5993.52225	1.98174999999992	epochs															iti	395.0
5995.529	8.818249999999352	epochs															maze	396.0
5995.529	6.944499999999607	epochs															maze_stem	396.0
5995.54875	14.030749999999898	trials	False	False	False	False	True	True	[0.05679645389318466, 0.9432035684585571, 0.6603628396987915, 0.3396371901035309]	-0.6035663820803165	0.2828407324850559	0.3017831891775131	0.141420379281044	0.9432035684585571	[35276, 35275, 35275, 35275, 35275]	[35327, 35327, 35327, 35327, 35327]		
6002.4945	1.8527500000000146	epochs															maze_arm	396.0
6004.37075	5.188000000000102	epochs															feedback_and_iti	396.0
6004.37075	0.9997499999999491	epochs															feedback_delay	396.0
6005.40475	1.9625000000005457	epochs															feedback	396.0
6007.58875	1.9700000000002547	epochs															iti	396.0
6009.5795	7.714500000000044	epochs															maze	397.0
6009.5795	5.251500000000306	epochs															maze_stem	397.0
6009.59825	12.888500000000022	trials	False	False	False	False	True	True	[0.04575503244996071, 0.9542449712753296, 0.721712052822113, 0.2782879173755646]	-0.6759570371359587	0.2325329016894102	0.3379785269498825	0.11626644432544708	0.9542449712753296	[35360, 35360, 35359, 35359, 35359]	[35405, 35405, 35405, 35405, 35404]		
6014.85075	2.443250000000262	epochs															maze_arm	397.0
6017.31575	5.15099999999984	epochs															feedback_and_iti	397.0
6017.31575	0.9819999999999709	epochs															feedback_delay	397.0
6018.32075	1.9750000000003638	epochs															feedback	397.0
6020.50075	1.9659999999994398	epochs															iti	397.0
6022.48675	10.104999999999563	epochs															maze	398.0
6022.48675	6.4722499999998035	epochs															maze_stem	398.0
6022.50675	15.279000000000451	trials	False	False	False	True	False	True	[0.03758266940712929, 0.9624173045158386, 0.7216951847076416, 0.278304785490036]	-0.6841125171631575	0.24072211794555187	0.34205625765025616	-0.12036107294261456	0.7216951847076416	[35437, 35437, 35437, 35437, 35436]	[35497, 35497, 35496, 35496, 35496]		
6028.98075	3.6109999999998763	epochs															maze_arm	398.0
6032.607	5.1580000000003565	epochs															feedback_and_iti	398.0
6032.607	0.9942499999997381	epochs															feedback_delay	398.0
6033.61825	1.977999999999156	epochs															feedback	398.0
6035.7705	1.9945000000006985	epochs															iti	398.0
6037.78575	10.255500000000211	epochs															maze	399.0
6037.78575	8.426000000000386	epochs															maze_stem	399.0
6037.80475	13.355999999999767	trials	False	False	False	False	True	True	[0.07649915665388107, 0.9235008358955383, 0.8113577365875244, 0.18864232301712036]	-0.7348585464060307	0.1121431328356266	0.367429256439209	0.056071579456329346	0.9235008358955383	[35529, 35529, 35529, 35528, 35528]	[35589, 35589, 35589, 35589, 35589]		
6046.233	1.8082500000000437	epochs															maze_arm	399.0
6048.06225	3.098500000000058	epochs															feedback_and_iti	399.0
6048.06225	0.9947499999998399	epochs															feedback_delay	399.0
6049.086	1.9749999999994543	epochs															feedback	399.0
