onset	duration	nwb_table	is_vis	is_ruleA	is_switch	is_cueB	is_choL	is_correct	association_mat	rule_belief	signed_bias	rule_following	bias_following	prob_actual_cho	trial_onset_plane_frame_idx	trial_offset_plane_frame_idx	epoch_type	trial_id
36.615	6.726749999999996	epochs															maze	0.0
36.615	5.693249999999999	epochs															maze_stem	0.0
36.6675	13.758000000000003	trials	True	False	False	True	True	False	[0.35533085465431213, 0.6446691751480103, 0.5063574910163879, 0.49364253878593445]	-0.1510266363620758	0.13831168413162231	-0.0755133181810379	0.06915585696697235	0.49364253878593445	[119, 119, 119, 119, 119]	[159, 159, 158, 158, 158]		
42.33125	1.0105000000000004	epochs															maze_arm	0.0
43.36025	7.036000000000001	epochs															feedback_and_iti	0.0
43.36025	0.9939999999999998	epochs															feedback_delay	0.0
44.37275	1.9837499999999935	epochs															feedback	0.0
46.4035	3.992750000000001	epochs															iti	0.0
50.4255	8.26475	epochs															maze	1.0
50.4255	6.96725	epochs															maze_stem	1.0
50.446	13.48525	trials	False	False	False	True	False	True	[0.24212677776813507, 0.7578732371330261, 0.3948131501674652, 0.6051868796348572]	-0.15268636494874954	0.3630600944161415	0.07634318619966507	-0.18153003603219986	0.3948131501674652	[202, 202, 202, 202, 201]	[251, 251, 250, 250, 250]		
57.4125	1.2777499999999975	epochs															maze_arm	1.0
58.70525	5.203749999999999	epochs															feedback_and_iti	1.0
58.70525	0.9872500000000031	epochs															feedback_delay	1.0
59.71	1.988749999999996	epochs															feedback	1.0
61.9365	1.9724999999999966	epochs															iti	1.0
63.93125	5.43	epochs															maze	2.0
63.93125	4.589750000000002	epochs															maze_stem	2.0
63.95025	10.613749999999996	trials	False	False	False	False	True	True	[0.4624311029911041, 0.5375689268112183, 0.7494676113128662, 0.2505323886871338]	-0.2870365232229233	-0.21189869940280914	0.14351826906204224	-0.10594934225082397	0.5375689268112183	[283, 283, 283, 283, 282]	[315, 315, 314, 314, 314]		
68.54275	0.8185000000000002	epochs															maze_arm	2.0
69.38325	5.161000000000001	epochs															feedback_and_iti	2.0
69.38325	0.9922499999999985	epochs															feedback_delay	2.0
70.4095	1.9577500000000043	epochs															feedback	2.0
72.5765	1.9677500000000094	epochs															iti	2.0
74.564	8.894000000000005	epochs															maze	3.0
74.564	7.90625	epochs															maze_stem	3.0
74.5835	14.078999999999994	trials	False	False	False	True	False	True	[0.218429297208786, 0.7815707325935364, 0.6341730952262878, 0.36582693457603455]	-0.41574379801750183	0.14739763736724854	0.20787189900875092	-0.07369880378246307	0.6341730952262878	[347, 347, 347, 346, 346]	[399, 399, 399, 399, 399]		
82.4895	0.9684999999999917	epochs															maze_arm	3.0
83.4755	5.165750000000003	epochs															feedback_and_iti	3.0
83.4755	0.9879999999999995	epochs															feedback_delay	3.0
84.48125	1.9922499999999985	epochs															feedback	3.0
86.654	1.987250000000003	epochs															iti	3.0
88.6625	8.716000000000008	epochs															maze	4.0
88.6625	7.633500000000012	epochs															maze_stem	4.0
88.68325	13.910250000000005	trials	True	False	False	True	False	True	[0.37025314569473267, 0.6297467947006226, 0.8507679104804993, 0.14923213422298431]	-0.4805147126317024	-0.22102106362581253	0.2402573823928833	0.11051052808761597	0.8507679104804993	[432, 431, 431, 431, 431]	[483, 483, 482, 482, 482]		
96.317	1.0615000000000094	epochs															maze_arm	4.0
97.39475	5.176500000000004	epochs															feedback_and_iti	4.0
97.39475	0.9924999999999926	epochs															feedback_delay	4.0
98.40325	1.9817500000000052	epochs															feedback	4.0
100.581	1.9902500000000032	epochs															iti	4.0
102.5935	7.408499999999989	epochs															maze	5.0
102.5935	6.403499999999994	epochs															maze_stem	5.0
102.61575	12.611499999999992	trials	False	False	False	True	False	True	[0.3393110930919647, 0.6606888771057129, 0.8255971074104309, 0.17440293729305267]	-0.4862859770655632	-0.16490819305181503	0.2431430071592331	0.08245410025119781	0.8255971074104309	[515, 515, 515, 514, 514]	[559, 558, 558, 558, 558]		
109.01925	0.9827499999999958	epochs															maze_arm	5.0
110.0205	5.177999999999997	epochs															feedback_and_iti	5.0
110.0205	0.984499999999997	epochs															feedback_delay	5.0
111.02325	1.9874999999999972	epochs															feedback	5.0
113.19175	2.0067499999999967	epochs															iti	5.0
115.22725	5.351749999999996	epochs															maze	6.0
115.22725	4.321750000000009	epochs															maze_stem	6.0
115.25425	10.519000000000005	trials	True	False	False	False	True	True	[0.33651065826416016, 0.6634892821311951, 0.8981724381446838, 0.10182754695415497]	-0.5616617575287819	-0.23468313366174698	0.28083086758852005	-0.11734158545732498	0.6634892821311951	[591, 591, 590, 590, 590]	[622, 622, 622, 621, 621]		
119.57	1.0090000000000003	epochs															maze_arm	6.0
120.596	5.156750000000002	epochs															feedback_and_iti	6.0
120.596	0.9952499999999986	epochs															feedback_delay	6.0
121.609	1.9765000000000015	epochs															feedback	6.0
123.767	1.9857500000000101	epochs															iti	6.0
125.77325	5.2819999999999965	epochs															maze	7.0
125.77325	4.182249999999996	epochs															maze_stem	7.0
125.79375	10.469499999999996	trials	True	False	False	False	True	True	[0.13509684801101685, 0.8649030923843384, 0.8428620100021362, 0.15713796019554138]	-0.7077651470899582	0.022041097283363342	0.3538825660943985	0.01102052628993988	0.8649030923843384	[654, 654, 654, 653, 653]	[685, 685, 684, 684, 684]		
129.9755	1.07974999999999	epochs															maze_arm	7.0
131.07325	5.168749999999989	epochs															feedback_and_iti	7.0
131.07325	0.9950000000000045	epochs															feedback_delay	7.0
132.08725	1.9684999999999775	epochs															feedback	7.0
134.25175	1.9902500000000032	epochs															iti	7.0
136.26325	10.27725000000001	epochs															maze	8.0
136.26325	9.274249999999995	epochs															maze_stem	8.0
136.28325	15.45399999999998	trials	False	False	False	True	False	True	[0.07686997205018997, 0.9231300354003906, 0.8177744150161743, 0.18222558498382568]	-0.7409044466912746	0.10535561665892601	0.37045222148299217	-0.052677806466817856	0.8177744150161743	[717, 717, 717, 716, 716]	[778, 777, 777, 777, 777]		
145.55775	0.98275000000001	epochs															maze_arm	8.0
146.55525	5.157250000000005	epochs															feedback_and_iti	8.0
146.55525	0.9862500000000125	epochs															feedback_delay	8.0
147.55675	1.9917499999999961	epochs															feedback	8.0
149.731	1.9815000000000111	epochs															iti	8.0
151.73725	9.692250000000001	epochs															maze	9.0
151.73725	8.694000000000017	epochs															maze_stem	9.0
151.7585	14.887499999999989	trials	False	False	False	True	False	True	[0.2007879763841629, 0.7992120385169983, 0.8758774995803833, 0.1241225153207779]	-0.6750895231962204	-0.07666546106338501	0.3375447615981102	0.0383327379822731	0.8758774995803833	[810, 810, 809, 809, 809]	[867, 867, 866, 866, 866]		
160.44925	0.9802499999999839	epochs															maze_arm	9.0
161.44525	5.17825000000002	epochs															feedback_and_iti	9.0
161.44525	0.9947500000000105	epochs															feedback_delay	9.0
162.45725	1.9745000000000061	epochs															feedback	9.0
164.6315	1.9920000000000186	epochs															iti	9.0
166.646	5.336250000000007	epochs															maze	10.0
166.646	4.109250000000003	epochs															maze_stem	10.0
166.66725	10.534500000000008	trials	False	False	False	False	True	True	[0.22681924700737, 0.7731807827949524, 0.9025108218193054, 0.09748920798301697]	-0.6756915748119354	-0.12933003902435303	0.3378457874059677	-0.06466500461101532	0.7731807827949524	[899, 899, 899, 899, 898]	[930, 930, 930, 930, 929]		
170.7755	1.2067499999999995	epochs															maze_arm	10.0
172.00775	5.173000000000002	epochs															feedback_and_iti	10.0
172.00775	0.9819999999999993	epochs															feedback_delay	10.0
173.0125	1.9802500000000123	epochs															feedback	10.0
175.18875	1.9919999999999902	epochs															iti	10.0
177.20175	10.334749999999985	epochs															maze	11.0
177.20175	9.015999999999991	epochs															maze_stem	11.0
177.22225	15.498999999999995	trials	True	False	False	True	False	True	[0.07119680196046829, 0.9288032054901123, 0.8519567251205444, 0.14804323017597198]	-0.7807599492371082	0.07684645429253578	0.39037996158003807	-0.03842323645949364	0.8519567251205444	[962, 962, 962, 962, 962]	[1023, 1023, 1023, 1023, 1023]		
186.238	1.29849999999999	epochs															maze_arm	11.0
187.55275	5.149000000000001	epochs															feedback_and_iti	11.0
187.55275	0.9909999999999854	epochs															feedback_delay	11.0
188.56175	1.9805000000000064	epochs															feedback	11.0
190.7195	1.9822499999999934	epochs															iti	11.0
192.72125	9.540500000000009	epochs															maze	12.0
192.72125	8.539500000000004	epochs															maze_stem	12.0
192.7405	14.734250000000003	trials	False	False	False	True	False	True	[0.13346169888973236, 0.8665382862091064, 0.7945384383201599, 0.2054615467786789]	-0.6610767394304276	0.07199984788894653	0.3305383697152138	-0.035999931395053864	0.7945384383201599	[1055, 1055, 1055, 1055, 1055]	[1112, 1112, 1111, 1111, 1111]		
201.2805	0.981250000000017	epochs															maze_arm	12.0
202.27875	5.174000000000007	epochs															feedback_and_iti	12.0
202.27875	0.9950000000000045	epochs															feedback_delay	12.0
203.29225	1.9770000000000039	epochs															feedback	12.0
205.4605	1.9922500000000127	epochs															iti	12.0
207.47475	5.90625	epochs															maze	13.0
207.47475	4.758250000000004	epochs															maze_stem	13.0
207.49625	11.105500000000006	trials	False	False	False	False	True	True	[0.16091573238372803, 0.839084267616272, 0.8939810991287231, 0.10601892322301865]	-0.7330653555691242	-0.054896820336580276	0.36653267219662666	-0.02744840458035469	0.839084267616272	[1144, 1144, 1144, 1143, 1143]	[1178, 1178, 1178, 1178, 1178]		
212.2535	1.1274999999999977	epochs															maze_arm	13.0
213.40175	5.1752500000000055	epochs															feedback_and_iti	13.0
213.40175	0.9855000000000018	epochs															feedback_delay	13.0
214.40975	1.9882499999999936	epochs															feedback	13.0
216.589	1.9879999999999995	epochs															iti	13.0
218.60175	6.547499999999985	epochs															maze	14.0
218.60175	5.353999999999985	epochs															maze_stem	14.0
218.62275	11.73675	trials	False	False	False	False	True	True	[0.05437207221984863, 0.9456279873847961, 0.8493432402610779, 0.15065674483776093]	-0.7949712052941322	0.09628470987081528	0.3974856212735176	0.048142366111278534	0.9456279873847961	[1211, 1210, 1210, 1210, 1210]	[1249, 1249, 1249, 1248, 1248]		
223.977	1.1722499999999911	epochs															maze_arm	14.0
225.1725	5.166749999999979	epochs															feedback_and_iti	14.0
225.1725	0.9977499999999964	epochs															feedback_delay	14.0
226.19225	1.971749999999986	epochs															feedback	14.0
228.35425	1.9849999999999852	epochs															iti	14.0
230.3595	5.4862500000000125	epochs															maze	15.0
230.3595	4.175749999999994	epochs															maze_stem	15.0
230.37975	10.66825	trials	False	False	False	False	True	True	[0.03751542791724205, 0.9624845385551453, 0.8814409375190735, 0.1185590922832489]	-0.8439254779368639	0.08104363270103931	0.4219627231359482	0.04052181541919708	0.9624845385551453	[1281, 1281, 1281, 1281, 1280]	[1313, 1313, 1313, 1313, 1312]		
234.55375	1.2920000000000016	epochs															maze_arm	15.0
235.8675	5.158999999999992	epochs															feedback_and_iti	15.0
235.8675	0.9814999999999827	epochs															feedback_delay	15.0
236.8735	1.98599999999999	epochs															feedback	15.0
239.0555	1.9710000000000036	epochs															iti	15.0
241.048	8.59375	epochs															maze	16.0
241.048	7.348500000000001	epochs															maze_stem	16.0
241.0695	15.642999999999972	trials	False	False	False	False	False	False	[0.036896321922540665, 0.9631036520004272, 0.8895363807678223, 0.11046365648508072]	-0.8526400271803141	0.07356730289757252	-0.4263200294226408	-0.036783648654818535	0.036896321922540665	[1345, 1345, 1345, 1345, 1344]	[1396, 1396, 1395, 1395, 1395]		
248.41775	1.2239999999999895	epochs															maze_arm	16.0
249.66675	7.023499999999984	epochs															feedback_and_iti	16.0
249.66675	0.9934999999999832	epochs															feedback_delay	16.0
250.683	1.9707500000000095	epochs															feedback	16.0
252.696	3.994249999999994	epochs															iti	16.0
256.7125	8.210000000000036	epochs															maze	17.0
256.7125	7.136000000000024	epochs															maze_stem	17.0
256.733	13.39100000000002	trials	False	False	False	True	False	True	[0.6254740357398987, 0.3745259940624237, 0.9622653722763062, 0.03773461654782295]	-0.3367913570255041	-0.5877393987029791	0.16839566826820374	0.2938697040081024	0.9622653722763062	[1439, 1439, 1439, 1439, 1438]	[1488, 1487, 1487, 1487, 1487]		
263.8705	1.052000000000021	epochs															maze_arm	17.0
264.93975	5.162750000000017	epochs															feedback_and_iti	17.0
264.93975	0.9830000000000041	epochs															feedback_delay	17.0
265.941	1.9845000000000255	epochs															feedback	17.0
268.12925	1.9732500000000073	epochs															iti	17.0
270.124	5.705749999999966	epochs															maze	18.0
270.124	4.395749999999964	epochs															maze_stem	18.0
270.14525	10.897000000000048	trials	False	False	False	False	True	True	[0.20946522057056427, 0.7905347943305969, 0.8287238478660583, 0.17127615213394165]	-0.6192586347460747	-0.03818906098604202	0.30962932109832764	-0.019094526767730713	0.7905347943305969	[1520, 1519, 1519, 1519, 1519]	[1553, 1553, 1553, 1552, 1552]		
274.5395	1.2902500000000146	epochs															maze_arm	18.0
275.8505	5.170500000000004	epochs															feedback_and_iti	18.0
275.8505	0.9780000000000086	epochs															feedback_delay	18.0
276.85225	1.9869999999999663	epochs															feedback	18.0
279.03375	1.9872500000000173	epochs															iti	18.0
281.04225	7.265999999999963	epochs															maze	19.0
281.04225	5.095749999999953	epochs															maze_stem	19.0
281.0625	12.448500000000024	trials	True	False	False	False	True	True	[0.07506383210420609, 0.9249361753463745, 0.847076952457428, 0.1529231071472168]	-0.7720130942761898	0.07785924896597862	0.38600653409957886	0.038929641246795654	0.9249361753463745	[1585, 1585, 1585, 1585, 1584]	[1628, 1628, 1627, 1627, 1627]		
286.15575	2.152499999999975	epochs															maze_arm	19.0
288.32675	5.162750000000017	epochs															feedback_and_iti	19.0
288.32675	0.9909999999999854	epochs															feedback_delay	19.0
289.33675	1.9877500000000055	epochs															feedback	19.0
291.5065	1.983000000000004	epochs															iti	19.0
293.511	7.658500000000004	epochs															maze	20.0
293.511	5.660249999999962	epochs															maze_stem	20.0
293.5315	12.865749999999991	trials	False	False	False	False	True	True	[0.05695173516869545, 0.9430482983589172, 0.8336929082870483, 0.16630713641643524]	-0.7767411675304174	0.10935539565980434	0.388370580971241	0.05467771738767624	0.9430482983589172	[1660, 1660, 1659, 1659, 1659]	[1705, 1705, 1704, 1704, 1704]		
299.1915	1.9780000000000086	epochs															maze_arm	20.0
301.1915	5.181749999999965	epochs															feedback_and_iti	20.0
301.1915	0.9889999999999759	epochs															feedback_delay	20.0
302.20775	1.972750000000019	epochs															feedback	20.0
304.3785	1.9947500000000105	epochs															iti	20.0
306.39725	6.027250000000038	epochs															maze	21.0
306.39725	4.908999999999992	epochs															maze_stem	21.0
306.41675	13.061000000000035	trials	False	False	False	True	True	False	[0.04139883071184158, 0.9586012363433838, 0.8686714172363281, 0.1313285231590271]	-0.8272726498544216	0.08992975577712059	-0.41363635659217834	0.044964879751205444	0.1313285231590271	[1737, 1737, 1737, 1737, 1736]	[1772, 1772, 1772, 1772, 1772]		
311.32575	1.0987499999999955	epochs															maze_arm	21.0
312.441	7.014250000000004	epochs															feedback_and_iti	21.0
312.441	0.9890000000000327	epochs															feedback_delay	21.0
313.446	1.9877499999999486	epochs															feedback	21.0
315.46775	3.9874999999999545	epochs															iti	21.0
319.47775	7.1334999999999695	epochs															maze	22.0
319.47775	4.2692499999999995	epochs															maze_stem	22.0
319.50175	12.296249999999986	trials	False	False	False	False	True	True	[0.15669457614421844, 0.8433054685592651, 0.5519124865531921, 0.44808751344680786]	-0.3952179327607155	0.2913929596543312	0.19760897755622864	0.1456964910030365	0.8433054685592651	[1816, 1815, 1815, 1815, 1815]	[1857, 1857, 1857, 1857, 1857]		
323.76675	2.8444999999999823	epochs															maze_arm	22.0
326.63375	5.146249999999952	epochs															feedback_and_iti	22.0
326.63375	0.9769999999999754	epochs															feedback_delay	22.0
327.63525	1.9772500000000264	epochs															feedback	22.0
329.795	1.9849999999999568	epochs															iti	22.0
331.798	11.594249999999988	epochs															maze	23.0
331.798	10.475750000000005	epochs															maze_stem	23.0
331.818	16.80125000000004	trials	False	False	False	True	False	True	[0.06773418933153152, 0.9322658181190491, 0.5689375996589661, 0.4310624599456787]	-0.5012033842504025	0.3633282445371151	0.25060170516371727	-0.1816641055047512	0.5689375996589661	[1889, 1889, 1889, 1889, 1889]	[1958, 1958, 1958, 1957, 1957]		
342.29375	1.0985000000000014	epochs															maze_arm	23.0
343.40725	5.185500000000047	epochs															feedback_and_iti	23.0
343.40725	0.9987500000000296	epochs															feedback_delay	23.0
344.42275	1.983000000000004	epochs															feedback	23.0
346.60775	1.9850000000000136	epochs															iti	23.0
348.61925	10.833249999999964	epochs															maze	24.0
348.61925	9.728749999999991	epochs															maze_stem	24.0
348.64925	16.004500000000007	trials	False	False	False	True	False	True	[0.12283655256032944, 0.8771634697914124, 0.8147711157798767, 0.18522892892360687]	-0.6919345520436764	0.06239236518740654	0.34596728160977364	-0.031196165829896927	0.8147711157798767	[1990, 1990, 1990, 1990, 1990]	[2054, 2054, 2054, 2054, 2054]		
358.3675	1.0849999999999795	epochs															maze_arm	24.0
359.47025	5.165999999999997	epochs															feedback_and_iti	24.0
359.47025	0.98599999999999	epochs															feedback_delay	24.0
360.47475	1.9920000000000186	epochs															feedback	24.0
362.652	1.9842500000000314	epochs															iti	24.0
364.65375	9.039499999999975	epochs															maze	25.0
364.65375	7.981749999999977	epochs															maze_stem	25.0
364.6725	14.224249999999984	trials	False	False	False	True	False	True	[0.1726929247379303, 0.8273070454597473, 0.886570930480957, 0.11342910677194595]	-0.713877972215414	-0.05926385149359703	0.35693900287151337	0.029631927609443665	0.886570930480957	[2086, 2086, 2086, 2086, 2086]	[2140, 2140, 2139, 2139, 2139]		
372.659	1.034249999999986	epochs															maze_arm	25.0
373.70775	5.163000000000011	epochs															feedback_and_iti	25.0
373.70775	0.99350000000004	epochs															feedback_delay	25.0
374.719	1.9737499999999955	epochs															feedback	25.0
376.8765	1.9942499999999654	epochs															iti	25.0
378.89675	7.158500000000004	epochs															maze	26.0
378.89675	4.841250000000002	epochs															maze_stem	26.0
378.921	12.354750000000024	trials	False	False	False	False	True	True	[0.18298904597759247, 0.8170109987258911, 0.9004696607589722, 0.09953032433986664]	-0.7174806445837021	-0.08345869183540344	0.35874033719301224	-0.041729338467121124	0.8170109987258911	[2172, 2172, 2171, 2171, 2171]	[2214, 2214, 2214, 2213, 2213]		
383.75975	2.295500000000004	epochs															maze_arm	26.0
386.08125	5.171999999999969	epochs															feedback_and_iti	26.0
386.08125	0.9799999999999613	epochs															feedback_delay	26.0
387.08475	1.9884999999999877	epochs															feedback	26.0
389.26875	1.9844999999999686	epochs															iti	26.0
391.27575	6.019749999999988	epochs															maze	27.0
391.27575	4.763499999999965	epochs															maze_stem	27.0
391.29925	11.210750000000019	trials	False	False	False	False	True	True	[0.05535241961479187, 0.9446475505828857, 0.8552259802818298, 0.14477406442165375]	-0.799873523414135	0.08942160755395889	0.399936743080616	0.044710807502269745	0.9446475505828857	[2246, 2246, 2246, 2246, 2245]	[2281, 2281, 2281, 2281, 2280]		
396.05975	1.235749999999996	epochs															maze_arm	27.0
397.31925	5.170500000000004	epochs															feedback_and_iti	27.0
397.31925	0.9902500000000032	epochs															feedback_delay	27.0
398.33225	1.978999999999985	epochs															feedback	27.0
400.51825	1.9714999999999918	epochs															iti	27.0
402.51	7.576250000000016	epochs															maze	28.0
402.51	5.507249999999999	epochs															maze_stem	28.0
402.53025	12.782749999999965	trials	True	False	False	False	True	True	[0.03907318785786629, 0.9609268307685852, 0.8856167793273926, 0.11438325047492981]	-0.8465435858815908	0.07531005702912807	0.4232717901468277	0.03765504062175751	0.9609268307685852	[2313, 2313, 2313, 2313, 2313]	[2358, 2358, 2358, 2357, 2357]		
408.0385	2.0477500000000077	epochs															maze_arm	28.0
410.104	5.185750000000041	epochs															feedback_and_iti	28.0
410.104	0.98275000000001	epochs															feedback_delay	28.0
411.1025	1.9975000000000023	epochs															feedback	28.0
413.29375	1.9960000000000377	epochs															iti	28.0
415.313	8.32125000000002	epochs															maze	29.0
415.313	6.657750000000021	epochs															maze_stem	29.0
415.335	13.504000000000019	trials	False	False	False	False	True	True	[0.031872138381004333, 0.9681278467178345, 0.8486703038215637, 0.15132971107959747]	-0.8167981505393982	0.11945755779743195	0.4083990678191185	0.05972877889871597	0.9681278467178345	[2390, 2390, 2390, 2390, 2389]	[2439, 2439, 2439, 2439, 2438]		
421.9915	1.642750000000035	epochs															maze_arm	29.0
423.65475	5.163749999999993	epochs															feedback_and_iti	29.0
423.65475	0.9915000000000305	epochs															feedback_delay	29.0
424.66925	1.979250000000036	epochs															feedback	29.0
426.836	1.982499999999959	epochs															iti	29.0
428.839	7.3247499999999945	epochs															maze	30.0
428.839	5.345250000000021	epochs															maze_stem	30.0
428.858	12.534749999999974	trials	False	False	False	False	True	True	[0.028503375127911568, 0.97149658203125, 0.8839815258979797, 0.11601851135492325]	-0.8554781107231975	0.08751509618014097	0.4277390353381634	0.043757546693086624	0.97149658203125	[2471, 2471, 2471, 2471, 2471]	[2514, 2514, 2514, 2514, 2514]		
434.204	1.9597499999999854	epochs															maze_arm	30.0
436.18475	5.184500000000014	epochs															feedback_and_iti	30.0
436.18475	0.9975000000000023	epochs															feedback_delay	30.0
437.204	1.9660000000000082	epochs															feedback	30.0
439.39475	1.9745000000000346	epochs															iti	30.0
441.39275	7.27475000000004	epochs															maze	31.0
441.39275	5.120249999999999	epochs															maze_stem	31.0
441.4145	14.302999999999997	trials	False	False	False	True	True	False	[0.03302852436900139, 0.9669714570045471, 0.8884688019752502, 0.11153113842010498]	-0.8554402980953455	0.07850263454020023	-0.42772015929222107	0.03925129771232605	0.11153113842010498	[2547, 2546, 2546, 2546, 2546]	[2589, 2589, 2589, 2589, 2589]		
446.5325	2.134999999999991	epochs															maze_arm	31.0
448.68375	7.010250000000042	epochs															feedback_and_iti	31.0
448.68375	0.9875000000000114	epochs															feedback_delay	31.0
449.68875	1.982249999999965	epochs															feedback	31.0
451.706	3.9879999999999995	epochs															iti	31.0
455.7175	10.276250000000005	epochs															maze	32.0
455.7175	9.000250000000051	epochs															maze_stem	32.0
455.74175	15.464749999999981	trials	True	False	False	True	False	True	[0.14845140278339386, 0.8515486121177673, 0.5581455230712891, 0.44185444712638855]	-0.409694142639637	0.2934030666947365	0.2048470601439476	-0.14670153707265854	0.5581455230712891	[2633, 2632, 2632, 2632, 2632]	[2693, 2693, 2693, 2693, 2692]		
464.73675	1.257000000000005	epochs															maze_arm	32.0
466.01425	5.170500000000004	epochs															feedback_and_iti	32.0
466.01425	0.9904999999999973	epochs															feedback_delay	32.0
467.02125	1.989750000000015	epochs															feedback	32.0
469.2005	1.9842500000000314	epochs															iti	32.0
471.2065	8.377749999999992	epochs															maze	33.0
471.2065	7.069749999999999	epochs															maze_stem	33.0
471.23025	15.410249999999962	trials	False	False	False	False	False	False	[0.08412785083055496, 0.9158722162246704, 0.7985436320304871, 0.20145633816719055]	-0.714415829628706	0.11732853576540947	-0.35720789059996605	-0.05866425856947899	0.08412785083055496	[2725, 2725, 2725, 2725, 2725]	[2775, 2775, 2774, 2774, 2774]		
478.2965	1.2877500000000168	epochs															maze_arm	33.0
479.605	7.014250000000004	epochs															feedback_and_iti	33.0
479.605	0.9877500000000055	epochs															feedback_delay	33.0
480.61475	1.9747499999999718	epochs															feedback	33.0
482.6395	3.979750000000024	epochs															iti	33.0
486.6405	6.786000000000001	epochs															maze	34.0
486.6405	4.609250000000031	epochs															maze_stem	34.0
486.661	11.978000000000009	trials	False	False	False	False	True	True	[0.4994644522666931, 0.5005355477333069, 0.826900839805603, 0.17309914529323578]	-0.3274363949894905	-0.32636529952287674	0.16371820122003555	-0.16318265348672867	0.5005355477333069	[2818, 2818, 2818, 2817, 2817]	[2858, 2858, 2857, 2857, 2857]		
491.27325	2.1532499999999573	epochs															maze_arm	34.0
493.44725	5.170500000000004	epochs															feedback_and_iti	34.0
493.44725	0.978999999999985	epochs															feedback_delay	34.0
494.449	1.988999999999976	epochs															feedback	34.0
496.62475	1.992999999999995	epochs															iti	34.0
498.639	6.6997499999999945	epochs															maze	35.0
498.639	5.134250000000009	epochs															maze_stem	35.0
498.66275	11.870749999999987	trials	True	False	False	False	True	True	[0.11327612400054932, 0.8867238759994507, 0.7696241736412048, 0.23037587106227875]	-0.6563480272889137	0.11709972470998764	0.32817400246858597	0.058549873530864716	0.8867238759994507	[2890, 2890, 2890, 2889, 2889]	[2929, 2929, 2929, 2929, 2928]		
503.79725	1.541499999999985	epochs															maze_arm	35.0
505.355	5.157999999999959	epochs															feedback_and_iti	35.0
505.355	0.9979999999999905	epochs															feedback_delay	35.0
506.37325	1.9697500000000332	epochs															feedback	35.0
508.54775	1.965249999999969	epochs															iti	35.0
510.5335	7.72950000000003	epochs															maze	36.0
510.5335	5.96875	epochs															maze_stem	36.0
510.5535	12.924499999999966	trials	True	False	False	False	True	True	[0.0504336878657341, 0.9495662450790405, 0.78033846616745, 0.21966151893138885]	-0.7299047522246838	0.16922780498862267	0.36495236307382584	0.08461388200521469	0.9495662450790405	[2961, 2961, 2961, 2961, 2960]	[3007, 3006, 3006, 3006, 3006]		
516.5225	1.7404999999999973	epochs															maze_arm	36.0
518.2805	5.176000000000045	epochs															feedback_and_iti	36.0
518.2805	0.9857500000000528	epochs															feedback_delay	36.0
519.28375	1.9899999999998954	epochs															feedback	36.0
521.479	1.9774999999999636	epochs															iti	36.0
523.478	7.236250000000041	epochs															maze	37.0
523.478	5.525250000000028	epochs															maze_stem	37.0
523.499	12.418749999999932	trials	True	False	False	False	True	True	[0.028087951242923737, 0.9719120860099792, 0.7816269993782043, 0.21837295591831207]	-0.7535390891134739	0.19028504565358162	0.3767695650458336	0.09514252096414566	0.9719120860099792	[3039, 3039, 3038, 3038, 3038]	[3081, 3081, 3081, 3081, 3081]		
529.0225	1.6917499999999563	epochs															maze_arm	37.0
530.73325	5.161000000000058	epochs															feedback_and_iti	37.0
530.73325	0.9982499999999845	epochs															feedback_delay	37.0
531.74775	1.9732500000000073	epochs															feedback	37.0
533.90625	1.9880000000000564	epochs															iti	37.0
535.91775	7.185000000000059	epochs															maze	38.0
535.91775	5.5090000000000146	epochs															maze_stem	38.0
535.942	12.361999999999966	trials	False	False	False	False	True	True	[0.023716531693935394, 0.9762834310531616, 0.7933474779129028, 0.20665253698825836]	-0.7696309201419353	0.18293597921729088	0.38481544703245163	0.09146798402070999	0.9762834310531616	[3113, 3113, 3113, 3113, 3113]	[3156, 3155, 3155, 3155, 3155]		
541.45125	1.6515000000000555	epochs															maze_arm	38.0
543.1255	5.159250000000043	epochs															feedback_and_iti	38.0
543.1255	0.9864999999999782	epochs															feedback_delay	38.0
544.14175	1.964749999999981	epochs															feedback	38.0
546.29925	1.9855000000000018	epochs															iti	38.0
548.304	9.812750000000051	epochs															maze	39.0
548.304	8.640750000000025	epochs															maze_stem	39.0
548.3245	16.849000000000046	trials	False	False	False	False	False	False	[0.02673964947462082, 0.9732603430747986, 0.845931887626648, 0.15406809747219086]	-0.8191922418773174	0.12732845172286034	-0.40959611907601357	-0.06366423144936562	0.02673964947462082	[3188, 3188, 3187, 3187, 3187]	[3246, 3245, 3245, 3245, 3245]		
556.96525	1.1515000000000555	epochs															maze_arm	39.0
558.139	7.014249999999947	epochs															feedback_and_iti	39.0
558.139	0.9885000000000446	epochs															feedback_delay	39.0
559.151	1.969500000000039	epochs															feedback	39.0
561.1685	3.9847499999999627	epochs															iti	39.0
565.1735	9.313250000000039	epochs															maze	40.0
565.1735	6.531500000000051	epochs															maze_stem	40.0
565.19425	14.490999999999985	trials	False	False	False	True	False	True	[0.5809586048126221, 0.41904139518737793, 0.9541009068489075, 0.04589909315109253]	-0.3731423020362854	-0.5350595116615295	0.1865711510181427	0.26752975583076477	0.9541009068489075	[3289, 3289, 3288, 3288, 3288]	[3344, 3344, 3343, 3343, 3343]		
571.72325	2.763500000000022	epochs															maze_arm	40.0
574.5035	5.162249999999972	epochs															feedback_and_iti	40.0
574.5035	0.9929999999999382	epochs															feedback_delay	40.0
575.51475	1.979249999999979	epochs															feedback	40.0
577.66975	1.995999999999981	epochs															iti	40.0
579.68525	9.68425000000002	epochs															maze	41.0
579.68525	8.53449999999998	epochs															maze_stem	41.0
579.70425	14.870999999999981	trials	False	False	False	True	False	True	[0.20913420617580414, 0.7908658385276794, 0.8186107277870178, 0.1813892126083374]	-0.6094765737652779	-0.027744941413402557	0.30473826080560684	0.01387246698141098	0.8186107277870178	[3376, 3376, 3376, 3375, 3375]	[3433, 3433, 3433, 3432, 3432]		
588.2385	1.1309999999999718	epochs															maze_arm	41.0
589.3885	5.1652500000000146	epochs															feedback_and_iti	41.0
589.3885	0.9884999999999309	epochs															feedback_delay	41.0
590.39475	1.9904999999999973	epochs															feedback	41.0
592.575	1.978749999999991	epochs															iti	41.0
594.57525	7.534750000000031	epochs															maze	42.0
594.57525	5.603250000000003	epochs															maze_stem	42.0
594.59475	12.761250000000018	trials	True	False	False	False	True	True	[0.20665574073791504, 0.793344259262085, 0.8907041549682617, 0.1092958077788353]	-0.6840484328567982	-0.09735991433262825	0.34202422574162483	-0.04867996647953987	0.793344259262085	[3465, 3465, 3465, 3465, 3464]	[3509, 3509, 3509, 3509, 3509]		
600.198	1.9120000000000346	epochs															maze_arm	42.0
602.128	5.2062499999999545	epochs															feedback_and_iti	42.0
602.128	0.9909999999999854	epochs															feedback_delay	42.0
603.13675	1.9790000000000418	epochs															feedback	42.0
605.32475	2.0095000000000027	epochs															iti	42.0
607.356	6.71875	epochs															maze	43.0
607.356	5.266750000000002	epochs															maze_stem	43.0
607.381	13.745999999999981	trials	False	False	False	True	True	False	[0.08487189561128616, 0.9151281118392944, 0.8535393476486206, 0.146460622549057]	-0.7686674706637859	0.061588745564222336	-0.3843337446451187	0.03079436719417572	0.146460622549057	[3542, 3542, 3541, 3541, 3541]	[3581, 3581, 3581, 3581, 3580]		
612.64175	1.4329999999999927	epochs															maze_arm	43.0
614.09125	7.016500000000065	epochs															feedback_and_iti	43.0
614.09125	0.99350000000004	epochs															feedback_delay	43.0
615.09975	1.9822500000000218	epochs															feedback	43.0
617.116	3.9917500000000246	epochs															iti	43.0
621.127	10.976500000000101	epochs															maze	44.0
621.127	9.770250000000033	epochs															maze_stem	44.0
621.14675	16.182500000000005	trials	False	False	False	True	False	True	[0.14445358514785767, 0.8555464148521423, 0.5573515892028809, 0.44264841079711914]	-0.4128980040550232	0.2981948256492615	0.2064490020275116	-0.14909741282463074	0.5573515892028809	[3624, 3624, 3624, 3624, 3624]	[3689, 3689, 3689, 3689, 3688]		
630.9185	1.1850000000000591	epochs															maze_arm	44.0
632.12125	5.183499999999981	epochs															feedback_and_iti	44.0
632.12125	0.9979999999999336	epochs															feedback_delay	44.0
633.14125	1.979249999999979	epochs															feedback	44.0
635.30775	1.9969999999999573	epochs															iti	44.0
637.32925	7.874249999999961	epochs															maze	45.0
637.32925	5.864000000000033	epochs															maze_stem	45.0
637.35	13.085749999999962	trials	False	False	False	False	True	True	[0.13799536228179932, 0.8620046973228455, 0.844519317150116, 0.15548066794872284]	-0.7065239921212196	0.017485342919826508	0.3532620146870613	0.00874268263578415	0.8620046973228455	[3722, 3721, 3721, 3721, 3721]	[3768, 3768, 3767, 3767, 3767]		
643.21825	1.9852499999999509	epochs															maze_arm	45.0
645.22525	5.190750000000094	epochs															feedback_and_iti	45.0
645.22525	0.98700000000008	epochs															feedback_delay	45.0
646.2345	1.98924999999997	epochs															feedback	45.0
648.43625	1.979750000000081	epochs															iti	45.0
650.43575	9.401500000000055	epochs															maze	46.0
650.43575	6.672750000000065	epochs															maze_stem	46.0
650.45475	14.585249999999974	trials	False	False	False	True	False	True	[0.053037069737911224, 0.9469629526138306, 0.8055500984191895, 0.19444991648197174]	-0.7525130324065685	0.14141285046935081	0.3762565143406391	-0.07070641592144966	0.8055500984191895	[3800, 3800, 3800, 3800, 3799]	[3856, 3855, 3855, 3855, 3855]		
657.1285	2.708750000000009	epochs															maze_arm	46.0
659.853	5.165750000000003	epochs															feedback_and_iti	46.0
659.853	0.993750000000091	epochs															feedback_delay	46.0
660.86525	1.97950000000003	epochs															feedback	46.0
663.03425	1.9844999999999118	epochs															iti	46.0
665.04	8.695500000000038	epochs															maze	47.0
665.04	5.716499999999996	epochs															maze_stem	47.0
665.05875	13.906999999999925	trials	True	False	False	False	True	True	[0.11538685858249664, 0.8846131563186646, 0.8593552112579346, 0.14064481854438782]	-0.7439683452248573	0.025257952511310577	0.37198416888713837	0.012628987431526184	0.8846131563186646	[3888, 3888, 3887, 3887, 3887]	[3939, 3939, 3939, 3938, 3938]		
670.77725	2.958250000000021	epochs															maze_arm	47.0
673.75725	5.187249999999949	epochs															feedback_and_iti	47.0
673.75725	0.9957500000000437	epochs															feedback_delay	47.0
674.77075	1.9845000000000255	epochs															feedback	47.0
676.9565	1.9879999999999427	epochs															iti	47.0
678.96575	7.815249999999992	epochs															maze	48.0
678.96575	5.549000000000092	epochs															maze_stem	48.0
678.9865	13.018500000000017	trials	False	False	False	False	True	True	[0.05381200090050697, 0.9461880326271057, 0.8546643853187561, 0.14533555507659912]	-0.8008524309843779	0.09152360074222088	0.4004262387752533	0.04576179385185242	0.9461880326271057	[3971, 3971, 3971, 3971, 3970]	[4017, 4017, 4017, 4017, 4016]		
684.53675	2.2442499999999654	epochs															maze_arm	48.0
686.8035	5.182000000000016	epochs															feedback_and_iti	48.0
686.8035	0.9997500000000628	epochs															feedback_delay	48.0
687.827	1.9750000000000227	epochs															feedback	48.0
690.0005	1.9850000000000136	epochs															iti	48.0
692.005	7.7657500000000255	epochs															maze	49.0
692.005	5.750999999999976	epochs															maze_stem	49.0
692.0265	12.961999999999989	trials	False	False	False	False	True	True	[0.033149268478155136, 0.966850757598877, 0.8700166344642639, 0.12998339533805847]	-0.8368673641234636	0.09683412499725819	0.41843368113040924	0.04841707646846771	0.966850757598877	[4049, 4049, 4049, 4049, 4049]	[4095, 4095, 4095, 4094, 4094]		
697.777	1.9937499999999773	epochs															maze_arm	49.0
699.7935	5.174250000000029	epochs															feedback_and_iti	49.0
699.7935	0.99350000000004	epochs															feedback_delay	49.0
700.809	1.9660000000000082	epochs															feedback	49.0
702.9685	1.9992500000000746	epochs															iti	49.0
704.9885	10.631249999999909	epochs															maze	50.0
704.9885	9.365999999999985	epochs															maze_stem	50.0
705.006	15.813250000000039	trials	False	False	False	True	False	True	[0.03293203189969063, 0.9670680165290833, 0.8810096383094788, 0.11899035423994064]	-0.8480776343494654	0.08605835027992725	0.42403880320489407	-0.043029164895415306	0.8810096383094788	[4127, 4127, 4127, 4127, 4126]	[4190, 4190, 4190, 4189, 4189]		
714.3815	1.2382499999999936	epochs															maze_arm	50.0
715.63575	5.163249999999948	epochs															feedback_and_iti	50.0
715.63575	0.9872500000000173	epochs															feedback_delay	50.0
716.6405	1.9800000000000182	epochs															feedback	50.0
718.81475	1.9842499999999745	epochs															iti	50.0
720.81925	10.202249999999935	epochs															maze	51.0
720.81925	8.98924999999997	epochs															maze_stem	51.0
720.839	15.406499999999937	trials	False	False	False	True	False	True	[0.09772423654794693, 0.902275800704956, 0.8312625885009766, 0.16873744130134583]	-0.7335383556783199	0.0710132084786892	0.3667691759765148	-0.035506587475538254	0.8312625885009766	[4222, 4222, 4222, 4222, 4221]	[4282, 4282, 4282, 4282, 4282]		
729.82875	1.1927499999999327	epochs															maze_arm	51.0
731.04125	5.179250000000025	epochs															feedback_and_iti	51.0
731.04125	0.9824999999999591	epochs															feedback_delay	51.0
732.04275	1.9957500000000437	epochs															feedback	51.0
734.2275	1.9930000000000518	epochs															iti	51.0
736.2455	9.293999999999983	epochs															maze	52.0
736.2455	8.100750000000062	epochs															maze_stem	52.0
736.26625	14.471499999999992	trials	False	False	False	True	False	True	[0.1438436359167099, 0.8561563491821289, 0.9008747935295105, 0.09912525862455368]	-0.7570311240851879	-0.044718410819768906	0.3785155788064003	0.0223592147231102	0.9008747935295105	[4315, 4315, 4314, 4314, 4314]	[4369, 4369, 4369, 4369, 4369]		
744.36825	1.1712499999999864	epochs															maze_arm	52.0
745.5555	5.160749999999894	epochs															feedback_and_iti	52.0
745.5555	0.9962499999999181	epochs															feedback_delay	52.0
746.56875	1.9724999999999682	epochs															feedback	52.0
748.72575	1.9904999999999973	epochs															iti	52.0
750.73775	10.009500000000003	epochs															maze	53.0
750.73775	8.553999999999974	epochs															maze_stem	53.0
750.75575	15.187000000000012	trials	False	False	False	True	False	True	[0.15146902203559875, 0.8485310077667236, 0.9021598696708679, 0.09784012287855148]	-0.7506908662617207	-0.05362888053059578	0.3753454238176346	0.026814445853233337	0.9021598696708679	[4402, 4401, 4401, 4401, 4401]	[4461, 4460, 4460, 4460, 4460]		
759.30875	1.4384999999999764	epochs															maze_arm	53.0
760.76325	5.159250000000043	epochs															feedback_and_iti	53.0
760.76325	0.9917500000000246	epochs															feedback_delay	53.0
761.772	1.9814999999999827	epochs															feedback	53.0
763.946	1.9764999999999873	epochs															iti	53.0
765.94275	9.920999999999935	epochs															maze	54.0
765.94275	8.675499999999943	epochs															maze_stem	54.0
765.96125	15.098500000000058	trials	False	False	False	True	False	True	[0.15327927470207214, 0.8467207551002502, 0.9075621962547302, 0.09243785589933395]	-0.7542829103767872	-0.060841429978609085	0.37714146077632904	0.030420735478401184	0.9075621962547302	[4493, 4493, 4492, 4492, 4492]	[4551, 4551, 4551, 4551, 4551]		
774.6405	1.2232500000000073	epochs															maze_arm	54.0
775.8835	5.156499999999937	epochs															feedback_and_iti	54.0
775.8835	0.9874999999999545	epochs															feedback_delay	54.0
776.89025	1.9807499999999436	epochs															feedback	54.0
779.07575	1.9642499999999927	epochs															iti	54.0
781.05975	8.206999999999994	epochs															maze	55.0
781.05975	5.769499999999994	epochs															maze_stem	55.0
781.08	15.245999999999981	trials	False	False	False	False	False	False	[0.15280237793922424, 0.8471976518630981, 0.90924471616745, 0.09075532108545303]	-0.7564423345029354	-0.06204706057906151	-0.37822116911411285	0.031023547053337097	0.15280237793922424	[4583, 4583, 4583, 4583, 4583]	[4632, 4632, 4631, 4631, 4631]		
786.851	2.4157500000000027	epochs															maze_arm	55.0
789.28975	7.015999999999963	epochs															feedback_and_iti	55.0
789.28975	0.9962499999999181	epochs															feedback_delay	55.0
790.3065	1.9732500000000073	epochs															feedback	55.0
792.32475	3.9809999999999945	epochs															iti	55.0
796.326	8.552999999999997	epochs															maze	56.0
796.326	7.348999999999933	epochs															maze_stem	56.0
796.34575	13.728500000000054	trials	False	False	False	True	False	True	[0.5591616630554199, 0.4408383071422577, 0.9043270945549011, 0.09567287564277649]	-0.3451654314994812	-0.46348878741264343	0.1725827157497406	0.23174437880516052	0.9043270945549011	[4675, 4675, 4675, 4674, 4674]	[4725, 4725, 4725, 4725, 4725]		
803.69425	1.1847500000000082	epochs															maze_arm	56.0
804.896	5.157500000000027	epochs															feedback_and_iti	56.0
804.896	0.9832499999999982	epochs															feedback_delay	56.0
805.89625	1.9945000000000164	epochs															feedback	56.0
808.07	1.9834999999999354	epochs															iti	56.0
810.07425	12.274000000000001	epochs															maze	57.0
810.07425	10.315500000000043	epochs															maze_stem	57.0
810.095	17.447749999999928	trials	False	False	False	True	False	True	[0.1728897988796234, 0.827110230922699, 0.8654677271842957, 0.13453230261802673]	-0.6925779283046722	-0.03835749626159668	0.3462889641523361	0.019178763031959534	0.8654677271842957	[4757, 4757, 4757, 4757, 4757]	[4830, 4830, 4830, 4829, 4829]		
820.40825	1.9400000000000546	epochs															maze_arm	57.0
822.36575	5.156499999999937	epochs															feedback_and_iti	57.0
822.36575	0.9964999999999691	epochs															feedback_delay	57.0
823.3795	1.97524999999996	epochs															feedback	57.0
825.55325	1.9689999999999372	epochs															iti	57.0
827.54275	7.333250000000021	epochs															maze	58.0
827.54275	4.822499999999991	epochs															maze_stem	58.0
827.56125	14.397500000000036	trials	False	False	False	True	True	False	[0.15856750309467316, 0.8414325714111328, 0.89798504114151, 0.10201501846313477]	-0.7394175454974174	-0.056552477180957794	-0.369708776473999	-0.02827620506286621	0.10201501846313477	[4862, 4862, 4862, 4862, 4861]	[4905, 4905, 4905, 4905, 4904]		
832.3865	2.489500000000021	epochs															maze_arm	58.0
834.8925	7.0424999999999045	epochs															feedback_and_iti	58.0
834.8925	0.9799999999999045	epochs															feedback_delay	58.0
835.89475	1.98599999999999	epochs															feedback	58.0
837.9185	4.016499999999951	epochs															iti	58.0
841.95875	5.870750000000044	epochs															maze	59.0
841.95875	4.51400000000001	epochs															maze_stem	59.0
841.98025	11.085000000000036	trials	False	False	False	False	True	True	[0.15126849710941315, 0.8487315773963928, 0.6938158273696899, 0.30618420243263245]	-0.5425473526120186	0.1549157276749611	0.2712736874818802	0.07745788991451263	0.8487315773963928	[4949, 4948, 4948, 4948, 4948]	[4983, 4983, 4982, 4982, 4982]		
846.4945	1.3350000000000364	epochs															maze_arm	59.0
847.8525	5.1935000000000855	epochs															feedback_and_iti	59.0
847.8525	0.9912500000000364	epochs															feedback_delay	59.0
848.86775	1.9774999999999636	epochs															feedback	59.0
851.05775	1.9882499999999936	epochs															iti	59.0
853.06525	8.974000000000046	epochs															maze	60.0
853.06525	6.955000000000041	epochs															maze_stem	60.0
853.08375	14.167500000000018	trials	False	False	False	True	False	True	[0.07699654251337051, 0.9230034351348877, 0.7231230735778809, 0.27687689661979675]	-0.6461265347898006	0.19988035783171654	0.3230632655322552	-0.09994019195437431	0.7231230735778809	[5015, 5015, 5015, 5015, 5014]	[5068, 5068, 5068, 5067, 5067]		
860.04	1.9992500000000746	epochs															maze_arm	60.0
862.0565	5.174750000000017	epochs															feedback_and_iti	60.0
862.0565	0.9902499999999463	epochs															feedback_delay	60.0
863.06275	1.988999999999919	epochs															feedback	60.0
865.2535	1.9777500000000146	epochs															iti	60.0
867.25125	7.829499999999939	epochs															maze	61.0
867.25125	6.443499999999972	epochs															maze_stem	61.0
867.2715	13.00100000000009	trials	False	False	False	True	False	True	[0.11012757569551468, 0.8898724913597107, 0.8625150918960571, 0.13748493790626526]	-0.7523875348269939	0.027357380837202072	0.3761937581002712	-0.013678666204214096	0.8625150918960571	[5100, 5100, 5100, 5100, 5099]	[5146, 5146, 5146, 5146, 5145]		
873.713	1.367750000000001	epochs															maze_arm	61.0
875.09925	5.152249999999981	epochs															feedback_and_iti	61.0
875.09925	0.9957500000000437	epochs															feedback_delay	61.0
876.11125	1.9822499999999081	epochs															feedback	61.0
878.27025	1.9812499999999318	epochs															iti	61.0
880.2725	9.502749999999992	epochs															maze	62.0
880.2725	7.83299999999997	epochs															maze_stem	62.0
880.2925	14.692499999999995	trials	True	False	False	True	False	True	[0.15021081268787384, 0.8497892022132874, 0.8969045877456665, 0.1030954122543335]	-0.7466937825083733	-0.04711539298295975	0.37334688752889633	0.023557700216770172	0.8969045877456665	[5178, 5178, 5178, 5178, 5178]	[5234, 5234, 5234, 5234, 5234]		
888.12625	1.649000000000001	epochs															maze_arm	62.0
889.79375	5.170499999999947	epochs															feedback_and_iti	62.0
889.79375	0.9909999999999854	epochs															feedback_delay	62.0
890.80425	1.989500000000021	epochs															feedback	62.0
892.9825	1.9817500000000337	epochs															iti	62.0
894.985	7.355749999999944	epochs															maze	63.0
894.985	5.990499999999997	epochs															maze_stem	63.0
895.00375	12.520250000000033	trials	False	False	False	False	True	True	[0.12778103351593018, 0.8722189664840698, 0.8467668294906616, 0.15323320031166077]	-0.7189857810735703	0.025452151894569397	0.35949288308620453	0.012726083397865295	0.8722189664840698	[5267, 5266, 5266, 5266, 5266]	[5310, 5310, 5309, 5309, 5309]		
900.99525	1.3454999999999018	epochs															maze_arm	63.0
902.36025	5.143500000000017	epochs															feedback_and_iti	63.0
902.36025	0.9985000000000355	epochs															feedback_delay	63.0
903.381	1.9635000000000673	epochs															feedback	63.0
905.52925	1.9744999999999209	epochs															iti	63.0
907.524	7.129000000000019	epochs															maze	64.0
907.524	5.655999999999949	epochs															maze_stem	64.0
907.54425	14.15625	trials	False	False	False	True	True	False	[0.04421916976571083, 0.9557808041572571, 0.8612755537033081, 0.13872438669204712]	-0.8170564007014036	0.09450523369014263	-0.408528208732605	0.0472525954246521	0.13872438669204712	[5342, 5342, 5341, 5341, 5341]	[5384, 5383, 5383, 5383, 5383]		
913.201	1.4519999999999982	epochs															maze_arm	64.0
914.6695	7.011250000000018	epochs															feedback_and_iti	64.0
914.6695	0.9930000000000518	epochs															feedback_delay	64.0
915.6805	1.9710000000000036	epochs															feedback	64.0
917.68925	3.9914999999999736	epochs															iti	64.0
921.7005	10.476249999999936	epochs															maze	65.0
921.7005	9.141250000000014	epochs															maze_stem	65.0
921.72	15.678249999999935	trials	False	False	False	True	False	True	[0.12313923984766006, 0.8768607974052429, 0.553792417049408, 0.44620755314826965]	-0.4306532107293606	0.3230683468282223	0.21532658860087395	-0.161534171551466	0.553792417049408	[5427, 5427, 5426, 5426, 5426]	[5489, 5488, 5488, 5488, 5488]		
930.85975	1.3170000000000073	epochs															maze_arm	65.0
932.19425	5.1825000000000045	epochs															feedback_and_iti	65.0
932.19425	0.9914999999999736	epochs															feedback_delay	65.0
933.20125	1.9882499999999936	epochs															feedback	65.0
935.40025	1.9764999999999873	epochs															iti	65.0
937.39825	8.296750000000088	epochs															maze	66.0
937.39825	5.961750000000052	epochs															maze_stem	66.0
937.41975	13.476999999999975	trials	False	False	False	False	True	True	[0.09905942529439926, 0.9009405374526978, 0.8461776971817017, 0.15382234752178192]	-0.7471182309091091	0.05476288124918938	0.3735590949654579	0.027381442487239838	0.9009405374526978	[5521, 5521, 5520, 5520, 5520]	[5570, 5570, 5569, 5569, 5569]		
943.3815	2.31350000000009	epochs															maze_arm	66.0
945.718	5.156749999999988	epochs															feedback_and_iti	66.0
945.718	0.97950000000003	epochs															feedback_delay	66.0
946.72025	1.9832499999999982	epochs															feedback	66.0
948.893	1.98174999999992	epochs															iti	66.0
950.89675	9.336999999999989	epochs															maze	67.0
950.89675	6.285250000000019	epochs															maze_stem	67.0
950.9195	14.516000000000076	trials	False	False	False	False	True	True	[0.037354160100221634, 0.9626458883285522, 0.8111868500709534, 0.18881317973136902]	-0.7738326992839575	0.15145902894437313	0.3869163542985916	0.07572953402996063	0.9626458883285522	[5602, 5602, 5601, 5601, 5601]	[5657, 5657, 5656, 5656, 5656]		
957.2035	3.0302500000000236	epochs															maze_arm	67.0
960.25475	5.158250000000066	epochs															feedback_and_iti	67.0
960.25475	0.9960000000000946	epochs															feedback_delay	67.0
961.27425	1.9634999999999536	epochs															feedback	67.0
963.43025	1.98275000000001	epochs															iti	67.0
965.4355	9.634500000000003	epochs															maze	68.0
965.4355	8.150999999999954	epochs															maze_stem	68.0
965.4565	14.831000000000017	trials	True	False	False	True	False	True	[0.02553596720099449, 0.9744639992713928, 0.8485962152481079, 0.15140379965305328]	-0.8230602238327265	0.12586780823767185	0.4115301240235567	-0.0629339087754488	0.8485962152481079	[5689, 5689, 5689, 5688, 5688]	[5746, 5746, 5745, 5745, 5745]		
973.60475	1.4652500000000828	epochs															maze_arm	68.0
975.08875	5.177749999999946	epochs															feedback_and_iti	68.0
975.08875	0.9872500000000173	epochs															feedback_delay	68.0
976.095	1.9912499999999227	epochs															feedback	68.0
978.29175	1.9747499999999718	epochs															iti	68.0
980.2875	6.992750000000001	epochs															maze	69.0
980.2875	5.369749999999954	epochs															maze_stem	69.0
980.307	12.193250000000035	trials	False	False	False	False	True	True	[0.07337581366300583, 0.9266241788864136, 0.7420052289962769, 0.25799474120140076]	-0.6686294265091419	0.18461893871426582	0.3343147188425064	0.09230946004390717	0.9266241788864136	[5778, 5778, 5778, 5777, 5777]	[5819, 5819, 5819, 5818, 5818]		
985.678	1.6022500000000264	epochs															maze_arm	69.0
987.30175	5.1784999999999854	epochs															feedback_and_iti	69.0
987.30175	0.9937499999999773	epochs															feedback_delay	69.0
988.31725	1.9820000000000846	epochs															feedback	69.0
990.52	1.9602499999999736	epochs															iti	69.0
992.50025	12.009249999999952	epochs															maze	70.0
992.50025	10.566249999999968	epochs															maze_stem	70.0
992.52	17.21225000000004	trials	True	False	False	True	False	True	[0.035797420889139175, 0.9642025828361511, 0.8402405381202698, 0.15975947678089142]	-0.8044431116431952	0.1239620503038168	0.4022215586155653	-0.061981020495295525	0.8402405381202698	[5851, 5851, 5851, 5851, 5851]	[5922, 5922, 5922, 5922, 5922]		
1003.088	1.4215000000000373	epochs															maze_arm	70.0
1004.5305	5.181250000000091	epochs															feedback_and_iti	70.0
1004.5305	0.9977499999999964	epochs															feedback_delay	70.0
1005.54675	1.9777500000000146	epochs															feedback	70.0
1007.73675	1.9750000000000227	epochs															iti	70.0
1009.73225	8.956999999999994	epochs															maze	71.0
1009.73225	7.67025000000001	epochs															maze_stem	71.0
1009.752	14.158500000000004	trials	False	False	False	True	False	True	[0.07851201295852661, 0.9214879274368286, 0.7491441965103149, 0.25085580348968506]	-0.6706321537494659	0.17234376072883606	0.33531609177589417	-0.08617189526557922	0.7491441965103149	[5955, 5954, 5954, 5954, 5954]	[6007, 6007, 6007, 6007, 6007]		
1017.423	1.2662500000000136	epochs															maze_arm	71.0
1018.70475	5.18425000000002	epochs															feedback_and_iti	71.0
1018.70475	0.9964999999999691	epochs															feedback_delay	71.0
1019.71775	1.9842499999999745	epochs															feedback	71.0
1021.90125	1.9877500000000055	epochs															iti	71.0
1023.9105	8.357250000000022	epochs															maze	72.0
1023.9105	5.276000000000067	epochs															maze_stem	72.0
1023.933	13.538500000000113	trials	False	False	False	False	True	True	[0.10822534561157227, 0.8917747139930725, 0.8768841624259949, 0.12311583757400513]	-0.768658846616745	0.014890521764755249	0.3843294382095337	0.007445275783538818	0.8917747139930725	[6040, 6039, 6039, 6039, 6039]	[6089, 6089, 6088, 6088, 6088]		
1029.20575	3.061999999999898	epochs															maze_arm	72.0
1032.2905	5.158749999999827	epochs															feedback_and_iti	72.0
1032.2905	0.9980000000000473	epochs															feedback_delay	72.0
1033.31025	1.95900000000006	epochs															feedback	72.0
1035.478	1.9712499999998272	epochs															iti	72.0
1037.4715	7.747499999999945	epochs															maze	73.0
1037.4715	5.6684999999999945	epochs															maze_stem	73.0
1037.492	12.949749999999995	trials	False	False	False	False	True	True	[0.041020601987838745, 0.9589793682098389, 0.8472920060157776, 0.15270793437957764]	-0.8062714189291	0.11168734729290009	0.4031357169151306	0.05584365129470825	0.9589793682098389	[6121, 6121, 6121, 6120, 6120]	[6167, 6166, 6166, 6166, 6166]		
1043.15975	2.05925000000002	epochs															maze_arm	73.0
1045.2415	5.179499999999962	epochs															feedback_and_iti	73.0
1045.2415	0.9824999999998454	epochs															feedback_delay	73.0
1046.25075	1.984000000000151	epochs															feedback	73.0
1048.4515	1.9695000000001528	epochs															iti	73.0
1050.44175	9.982500000000073	epochs															maze	74.0
1050.44175	6.83400000000006	epochs															maze_stem	74.0
1050.46125	15.182749999999942	trials	False	False	False	False	True	True	[0.02846628427505493, 0.9715337157249451, 0.8794822096824646, 0.1205177903175354]	-0.8510159254074097	0.09205150604248047	0.42550796270370483	0.046025753021240234	0.9715337157249451	[6199, 6199, 6198, 6198, 6198]	[6258, 6257, 6257, 6257, 6257]		
1057.29675	3.1275000000000546	epochs															maze_arm	74.0
1060.45025	5.168749999999818	epochs															feedback_and_iti	74.0
1060.45025	0.9777500000000146	epochs															feedback_delay	74.0
1061.45325	1.9847500000000764	epochs															feedback	74.0
1063.6325	1.9864999999999782	epochs															iti	74.0
1065.644	10.388999999999896	epochs															maze	75.0
1065.644	8.349750000000085	epochs															maze_stem	75.0
1065.66325	15.56724999999983	trials	False	False	False	False	True	True	[0.027682118117809296, 0.9723178148269653, 0.8886550664901733, 0.11134489625692368]	-0.8609729334712029	0.08366276323795319	0.43048645928502083	0.041831355541944504	0.9723178148269653	[6290, 6290, 6290, 6289, 6289]	[6351, 6351, 6351, 6351, 6350]		
1074.01275	2.0202499999998054	epochs															maze_arm	75.0
1076.05525	5.155250000000024	epochs															feedback_and_iti	75.0
1076.05525	0.9835000000000491	epochs															feedback_delay	75.0
1077.061	1.981999999999971	epochs															feedback	75.0
1079.2515	1.9589999999998327	epochs															iti	75.0
1081.2305	11.651250000000118	epochs															maze	76.0
1081.2305	9.916000000000167	epochs															maze_stem	76.0
1081.252	16.83225000000016	trials	True	False	False	True	False	True	[0.027377165853977203, 0.972622811794281, 0.8896738290786743, 0.11032623052597046]	-0.8622966222465038	0.08294902369379997	0.43114833161234856	-0.04147450253367424	0.8896738290786743	[6383, 6383, 6383, 6383, 6383]	[6452, 6452, 6452, 6452, 6451]		
1091.1685	1.7132500000000164	epochs															maze_arm	76.0
1092.899	5.163250000000062	epochs															feedback_and_iti	76.0
1092.899	0.9900000000000091	epochs															feedback_delay	76.0
1093.90525	1.981499999999869	epochs															feedback	76.0
1096.07775	1.9845000000000255	epochs															iti	76.0
1098.08425	9.325999999999794	epochs															maze	77.0
1098.08425	5.6007499999998345	epochs															maze_stem	77.0
1098.1065	14.499749999999949	trials	False	False	False	False	True	True	[0.07731076329946518, 0.9226892590522766, 0.740471363067627, 0.25952866673469543]	-0.6631605960428715	0.18221789970993996	0.3315802961587906	0.09110896289348602	0.9226892590522766	[6484, 6484, 6484, 6484, 6484]	[6539, 6539, 6539, 6539, 6539]		
1103.705	3.705249999999978	epochs															maze_arm	77.0
1107.4365	5.150750000000016	epochs															feedback_and_iti	77.0
1107.4365	0.9852499999999509	epochs															feedback_delay	77.0
1108.445	1.9725000000000819	epochs															feedback	77.0
1110.608	1.9792500000000928	epochs															iti	77.0
1112.60625	10.648249999999962	epochs															maze	78.0
1112.60625	8.548749999999927	epochs															maze_stem	78.0
1112.6265	15.842249999999922	trials	False	False	False	True	False	True	[0.03646927699446678, 0.9635306596755981, 0.8467822670936584, 0.15321777760982513]	-0.8103129360824823	0.11674844659864902	0.40515649504959583	-0.058374227955937386	0.8467822670936584	[6572, 6571, 6571, 6571, 6571]	[6634, 6634, 6634, 6634, 6634]		
1121.17475	2.0797500000001037	epochs															maze_arm	78.0
1123.272	5.176000000000158	epochs															feedback_and_iti	78.0
1123.272	0.9895000000001346	epochs															feedback_delay	78.0
1124.27925	1.981999999999971	epochs															feedback	78.0
1126.4605	1.987500000000182	epochs															iti	78.0
1128.46875	10.423000000000002	epochs															maze	79.0
1128.46875	8.427500000000009	epochs															maze_stem	79.0
1128.4895	15.631750000000011	trials	False	False	False	False	True	True	[0.08725759387016296, 0.9127423763275146, 0.8396669030189514, 0.16033311188220978]	-0.7524092867970467	0.07307549566030502	0.37620463222265244	0.03653774410486221	0.9127423763275146	[6667, 6666, 6666, 6666, 6666]	[6728, 6728, 6728, 6728, 6727]		
1136.9175	1.9742499999999836	epochs															maze_arm	79.0
1138.913	5.186249999999973	epochs															feedback_and_iti	79.0
1138.913	0.9954999999999927	epochs															feedback_delay	79.0
1139.9335	1.978749999999991	epochs															feedback	79.0
1142.1075	1.9917499999999109	epochs															iti	79.0
1144.12125	10.396250000000009	epochs															maze	80.0
1144.12125	7.624000000000024	epochs															maze_stem	80.0
1144.14125	15.59550000000013	trials	False	False	False	False	True	True	[0.03717202693223953, 0.9628279805183411, 0.8590380549430847, 0.1409619152545929]	-0.8218660466372967	0.10378990694880486	0.4109330326318741	0.05189494788646698	0.9628279805183411	[6760, 6760, 6760, 6760, 6760]	[6822, 6822, 6821, 6821, 6821]		
1151.76475	2.752749999999878	epochs															maze_arm	80.0
1154.54	5.1749999999999545	epochs															feedback_and_iti	80.0
1154.54	0.9950000000001182	epochs															feedback_delay	80.0
1155.5585	1.975500000000011	epochs															feedback	80.0
1157.73225	1.9827499999998963	epochs															iti	80.0
1159.73675	10.31574999999998	epochs															maze	81.0
1159.73675	7.39650000000006	epochs															maze_stem	81.0
1159.75825	15.537499999999909	trials	False	False	False	False	True	True	[0.028311187401413918, 0.9716888070106506, 0.8812454342842102, 0.11875451356172562]	-0.8529342701658607	0.09044334944337606	0.4264671467244625	0.045221660286188126	0.9716888070106506	[6854, 6854, 6854, 6854, 6853]	[6915, 6915, 6915, 6914, 6914]		
1167.155	2.8975000000000364	epochs															maze_arm	81.0
1170.074	5.19724999999994	epochs															feedback_and_iti	81.0
1170.074	0.9962499999999181	epochs															feedback_delay	81.0
1171.095	1.9674999999999727	epochs															feedback	81.0
1173.2745	1.99675000000002	epochs															iti	81.0
1175.29575	10.880499999999984	epochs															maze	82.0
1175.29575	8.009499999999889	epochs															maze_stem	82.0
1175.319	16.051750000000084	trials	False	False	False	False	True	True	[0.026908980682492256, 0.9730910062789917, 0.8885659575462341, 0.11143410205841064]	-0.8616569405421615	0.08452508505433798	0.4308284521102905	0.04226255416870117	0.9730910062789917	[6947, 6947, 6947, 6947, 6947]	[7012, 7012, 7011, 7011, 7011]		
1183.32675	2.8495000000000346	epochs															maze_arm	82.0
1186.199	5.151249999999891	epochs															feedback_and_iti	82.0
1186.199	0.9902499999998327	epochs															feedback_delay	82.0
1187.21	1.9759999999998854	epochs															feedback	82.0
1189.36125	1.9890000000000327	epochs															iti	82.0
1191.37075	9.996249999999918	epochs															maze	83.0
1191.37075	8.434999999999945	epochs															maze_stem	83.0
1191.3905	15.198249999999916	trials	True	False	False	True	False	True	[0.02663274109363556, 0.9733673334121704, 0.889699399471283, 0.11030060797929764]	-0.8630666919052601	0.08366790041327477	0.4315333291888237	-0.04183392971754074	0.889699399471283	[7044, 7044, 7043, 7043, 7043]	[7103, 7103, 7102, 7102, 7102]		
1199.82675	1.5402500000000146	epochs															maze_arm	83.0
1201.38575	5.182000000000016	epochs															feedback_and_iti	83.0
1201.38575	0.9920000000001892	epochs															feedback_delay	83.0
1202.395	1.9880000000000564	epochs															feedback	83.0
1204.577	1.9907499999999345	epochs															iti	83.0
1206.58875	8.852750000000015	epochs															maze	84.0
1206.58875	5.838750000000118	epochs															maze_stem	84.0
1206.60875	14.041749999999865	trials	False	False	False	False	True	True	[0.07551122456789017, 0.9244887828826904, 0.7403480410575867, 0.2596519887447357]	-0.6648368053138256	0.18414075300097466	0.33241839706897736	0.09207038581371307	0.9244887828826904	[7135, 7135, 7135, 7134, 7134]	[7187, 7187, 7187, 7187, 7186]		
1212.4485	2.992999999999938	epochs															maze_arm	84.0
1215.46125	5.166999999999916	epochs															feedback_and_iti	84.0
1215.46125	0.9824999999998454	epochs															feedback_delay	84.0
1216.46475	1.9832499999999982	epochs															feedback	84.0
1218.635	1.993249999999989	epochs															iti	84.0
1220.6505	10.212999999999965	epochs															maze	85.0
1220.6505	7.049250000000029	epochs															maze_stem	85.0
1220.6735	15.413749999999936	trials	False	False	False	False	True	True	[0.035737067461013794, 0.9642629027366638, 0.8464167714118958, 0.15358324348926544]	-0.8106796815991402	0.11784615367650986	0.4053398296236992	0.05892307311296463	0.9642629027366638	[7219, 7219, 7219, 7219, 7219]	[7280, 7279, 7279, 7279, 7279]		
1227.72125	3.1422499999998763	epochs															maze_arm	85.0
1230.887	5.179499999999962	epochs															feedback_and_iti	85.0
1230.887	0.9997499999999491	epochs															feedback_delay	85.0
1231.91	1.9729999999999563	epochs															feedback	85.0
1234.0745	1.9919999999999618	epochs															iti	85.0
1236.08725	9.817499999999882	epochs															maze	86.0
1236.08725	7.215249999999969	epochs															maze_stem	86.0
1236.10925	15.010500000000093	trials	True	False	False	False	True	True	[0.027708783745765686, 0.9722912311553955, 0.8646994829177856, 0.13530048727989197]	-0.8369907215237617	0.10759172588586807	0.41849537193775177	0.05379585921764374	0.9722912311553955	[7312, 7312, 7312, 7311, 7311]	[7370, 7370, 7369, 7369, 7369]		
1243.32175	2.5829999999998563	epochs															maze_arm	86.0
1245.92325	5.174499999999853	epochs															feedback_and_iti	86.0
1245.92325	0.9972499999998945	epochs															feedback_delay	86.0
1246.93775	1.9692499999998745	epochs															feedback	86.0
1249.102	1.9957499999998163	epochs															iti	86.0
1251.11975	9.515499999999975	epochs															maze	87.0
1251.11975	6.867250000000013	epochs															maze_stem	87.0
1251.14075	14.712499999999864	trials	False	False	False	False	True	True	[0.02319348230957985, 0.9768064618110657, 0.8349059224128723, 0.1650940328836441]	-0.811712434515357	0.1419005449861288	0.4058562144637108	0.07095024734735489	0.9768064618110657	[7402, 7402, 7402, 7401, 7401]	[7458, 7458, 7458, 7458, 7457]		
1258.00775	2.6275000000000546	epochs															maze_arm	87.0
1260.65675	5.173249999999825	epochs															feedback_and_iti	87.0
1260.65675	0.9977499999999964	epochs															feedback_delay	87.0
1261.6765	1.9797499999999673	epochs															feedback	87.0
1263.8365	1.99350000000004	epochs															iti	87.0
1265.85325	10.989750000000186	epochs															maze	88.0
1265.85325	9.181250000000091	epochs															maze_stem	88.0
1265.8735	16.17475000000013	trials	False	False	False	True	False	True	[0.02125248871743679, 0.9787474870681763, 0.8750507235527039, 0.12494927644729614]	-0.8537982227280736	0.10369677562266588	0.42689911741763353	-0.051848393864929676	0.8750507235527039	[7490, 7490, 7490, 7490, 7490]	[7555, 7555, 7555, 7555, 7555]		
1275.05425	1.7887500000001637	epochs															maze_arm	88.0
1276.85825	5.169000000000096	epochs															feedback_and_iti	88.0
1276.85825	0.9947500000000673	epochs															feedback_delay	88.0
1277.87	1.9730000000001837	epochs															feedback	88.0
1280.031	1.9962500000001455	epochs															iti	88.0
1282.04825	8.788499999999885	epochs															maze	89.0
1282.04825	6.5162499999999	epochs															maze_stem	89.0
1282.06925	13.962500000000091	trials	False	False	False	False	True	True	[0.07961871474981308, 0.9203812479972839, 0.8239206671714783, 0.1760793924331665]	-0.7443019039928913	0.09646062925457954	0.3721509277820587	0.04823032021522522	0.9203812479972839	[7588, 7587, 7587, 7587, 7587]	[7639, 7639, 7639, 7639, 7639]		
1288.5865	2.250250000000051	epochs															maze_arm	89.0
1290.8605	5.150499999999965	epochs															feedback_and_iti	89.0
1290.8605	0.9882500000001073	epochs															feedback_delay	89.0
1291.871	1.9672499999999218	epochs															feedback	89.0
1294.02825	1.9827499999998963	epochs															iti	89.0
1296.03175	9.285750000000007	epochs															maze	90.0
1296.03175	6.843249999999898	epochs															maze_stem	90.0
1296.054	14.458249999999907	trials	False	False	False	False	True	True	[0.03605319559574127, 0.9639467597007751, 0.8633437752723694, 0.13665622472763062]	-0.8272905573248863	0.10060300678014755	0.41364526748657227	0.05030149221420288	0.9639467597007751	[7671, 7671, 7671, 7671, 7671]	[7726, 7726, 7726, 7726, 7725]		
1302.8955	2.4220000000000255	epochs															maze_arm	90.0
1305.34025	5.15300000000002	epochs															feedback_and_iti	90.0
1305.34025	0.9884999999999309	epochs															feedback_delay	90.0
1306.35175	1.97199999999998	epochs															feedback	90.0
1308.50275	1.9904999999998836	epochs															iti	90.0
1310.51225	9.400750000000016	epochs															maze	91.0
1310.51225	7.235500000000002	epochs															maze_stem	91.0
1310.53375	14.601750000000038	trials	False	False	False	False	True	True	[0.02854396589100361, 0.971455991268158, 0.8825101256370544, 0.11748991161584854]	-0.8539661196991801	0.08894590567797422	0.4269830398261547	0.04447295144200325	0.971455991268158	[7758, 7758, 7758, 7758, 7757]	[7814, 7813, 7813, 7813, 7813]		
1317.76575	2.1472499999999854	epochs															maze_arm	91.0
1319.937	5.178000000000111	epochs															feedback_and_iti	91.0
1319.937	0.9960000000000946	epochs															feedback_delay	91.0
1320.955	1.9647500000000946	epochs															feedback	91.0
1323.117	1.9980000000000473	epochs															iti	91.0
1325.1355	9.043499999999995	epochs															maze	92.0
1325.1355	6.673000000000002	epochs															maze_stem	92.0
1325.15675	14.228249999999889	trials	False	False	False	False	True	True	[0.026950126513838768, 0.9730498194694519, 0.8887189030647278, 0.11128105223178864]	-0.8617687718942761	0.084330921061337	0.43088438361883163	0.04216543585062027	0.9730498194694519	[7846, 7846, 7845, 7845, 7845]	[7899, 7899, 7899, 7899, 7898]		
1331.82925	2.3497500000000855	epochs															maze_arm	92.0
1334.20225	5.161749999999984	epochs															feedback_and_iti	92.0
1334.20225	0.9857500000000528	epochs															feedback_delay	92.0
1335.21025	1.9699999999998	epochs															feedback	92.0
1337.387	1.9770000000000891	epochs															iti	92.0
1339.385	10.428750000000036	epochs															maze	93.0
1339.385	9.063249999999925	epochs															maze_stem	93.0
1339.405	15.629249999999956	trials	False	False	False	True	False	True	[0.02665969543159008, 0.9733403325080872, 0.889651358127594, 0.11034862697124481]	-0.8629916841164231	0.08368895296007395	0.43149583134800196	-0.04184447322040796	0.889651358127594	[7931, 7931, 7931, 7931, 7931]	[7993, 7993, 7993, 7992, 7992]		
1348.467	1.346749999999929	epochs															maze_arm	93.0
1349.8325	5.18100000000004	epochs															feedback_and_iti	93.0
1349.8325	0.9894999999999072	epochs															feedback_delay	93.0
1350.84125	1.9880000000000564	epochs															feedback	93.0
1353.04125	1.972250000000031	epochs															iti	93.0
1355.03425	9.572250000000167	epochs															maze	94.0
1355.03425	6.747749999999996	epochs															maze_stem	94.0
1355.056	14.749499999999898	trials	False	False	False	False	True	True	[0.08364305645227432, 0.9163569211959839, 0.8297333121299744, 0.17026668787002563]	-0.7460902445018291	0.08662362024188042	0.3730451166629791	0.04331180453300476	0.9163569211959839	[8025, 8025, 8025, 8025, 8024]	[8082, 8081, 8081, 8081, 8081]		
1361.804	2.802500000000009	epochs															maze_arm	94.0
1364.627	5.157750000000078	epochs															feedback_and_iti	94.0
1364.627	0.97849999999994	epochs															feedback_delay	94.0
1365.6275	1.978249999999889	epochs															feedback	94.0
1367.7995	1.9852499999999509	epochs															iti	94.0
1369.8055	10.63149999999996	epochs															maze	95.0
1369.8055	9.098250000000007	epochs															maze_stem	95.0
1369.82625	15.826999999999998	trials	True	False	False	True	False	True	[0.03670354187488556, 0.9632964730262756, 0.866001307964325, 0.13399866223335266]	-0.8292977884411812	0.09729514271020889	0.4146488830447197	-0.048647575080394745	0.866001307964325	[8114, 8114, 8113, 8113, 8113]	[8177, 8176, 8176, 8176, 8176]		
1378.9235	1.5134999999997945	epochs															maze_arm	95.0
1380.4545	5.1752500000000055	epochs															feedback_and_iti	95.0
1380.4545	0.99675000000002	epochs															feedback_delay	95.0
1381.46625	1.9825000000000728	epochs															feedback	95.0
1383.6295	2.000250000000051	epochs															iti	95.0
1385.65325	8.697750000000042	epochs															maze	96.0
1385.65325	6.182999999999993	epochs															maze_stem	96.0
1385.6765	13.887749999999869	trials	False	False	False	False	True	True	[0.08132895827293396, 0.9186710715293884, 0.7660343647003174, 0.23396560549736023]	-0.6847054362297058	0.15263667702674866	0.3423527330160141	0.07631833851337433	0.9186710715293884	[8209, 8209, 8208, 8208, 8208]	[8260, 8260, 8260, 8259, 8259]		
1391.85775	2.4932500000002165	epochs															maze_arm	96.0
1394.3745	5.169750000000022	epochs															feedback_and_iti	96.0
1394.3745	0.9795000000001437	epochs															feedback_delay	96.0
1395.379	1.986750000000029	epochs															feedback	96.0
1397.55425	1.990000000000009	epochs															iti	96.0
1399.56425	8.981500000000096	epochs															maze	97.0
1399.56425	6.334500000000162	epochs															maze_stem	97.0
1399.58525	14.166249999999991	trials	False	False	False	False	True	True	[0.036385972052812576, 0.9636140465736389, 0.8544057607650757, 0.14559419453144073]	-0.8180198203772306	0.1092082541435957	0.4090099260210991	0.054604120552539825	0.9636140465736389	[8292, 8292, 8292, 8292, 8291]	[8345, 8345, 8345, 8345, 8344]		
1405.9205	2.625250000000051	epochs															maze_arm	97.0
1408.568	5.163999999999987	epochs															feedback_and_iti	97.0
1408.568	0.9790000000000418	epochs															feedback_delay	97.0
1409.5675	1.9872499999999036	epochs															feedback	97.0
1411.74475	1.9872499999999036	epochs															iti	97.0
1413.7515	10.277499999999918	epochs															maze	98.0
1413.7515	9.016750000000002	epochs															maze_stem	98.0
1413.77025	15.483249999999998	trials	False	False	False	True	False	True	[0.028082139790058136, 0.9719178080558777, 0.8725051879882812, 0.12749481201171875]	-0.844423022121191	0.09941264614462852	0.42221152409911156	-0.04970633611083031	0.8725051879882812	[8377, 8377, 8377, 8377, 8376]	[8438, 8438, 8438, 8437, 8437]		
1422.788	1.2409999999999854	epochs															maze_arm	98.0
1424.0465	5.185249999999996	epochs															feedback_and_iti	98.0
1424.0465	0.9845000000000255	epochs															feedback_delay	98.0
1425.04825	1.99474999999984	epochs															feedback	98.0
1427.23475	1.9969999999998436	epochs															iti	98.0
1429.2535	9.865749999999935	epochs															maze	99.0
1429.2535	8.424749999999904	epochs															maze_stem	99.0
1429.27325	15.056749999999965	trials	True	False	False	True	False	True	[0.08377791196107864, 0.916222095489502, 0.8359388709068298, 0.16406118869781494]	-0.7521609328687191	0.08028325065970421	0.3760804794728756	-0.04014160856604576	0.8359388709068298	[8470, 8470, 8470, 8470, 8469]	[8528, 8528, 8528, 8528, 8528]		
1437.69775	1.4214999999999236	epochs															maze_arm	99.0
1439.136	5.172250000000076	epochs															feedback_and_iti	99.0
1439.136	0.9980000000000473	epochs															feedback_delay	99.0
1440.154	1.9704999999999018	epochs															feedback	99.0
1442.32075	1.9874999999999545	epochs															iti	99.0
1444.33	8.707250000000158	epochs															maze	100.0
1444.33	7.41475000000014	epochs															maze_stem	100.0
1444.35025	15.737499999999955	trials	False	True	True	True	False	False	[0.1230320855975151, 0.8769678473472595, 0.8640433549880981, 0.13595661520957947]	-0.7410112507641315	0.01292451098561287	0.3705056346952915	-0.006462279707193375	0.8640433549880981	[8561, 8560, 8560, 8560, 8560]	[8612, 8612, 8611, 8611, 8611]		
1451.7635	1.2737500000000637	epochs															maze_arm	100.0
1453.05425	7.012750000000096	epochs															feedback_and_iti	100.0
1453.05425	0.99025000000006	epochs															feedback_delay	100.0
1454.063	1.9834999999998217	epochs															feedback	100.0
1456.08725	3.9797499999999673	epochs															iti	100.0
1460.08775	8.34550000000013	epochs															maze	101.0
1460.08775	7.207250000000158	epochs															maze_stem	101.0
1460.1095	15.375250000000051	trials	False	True	False	True	False	False	[0.27314451336860657, 0.7268555164337158, 0.7429883480072021, 0.25701165199279785]	-0.4698438495397568	-0.016132846474647522	0.2349219173192978	0.008066430687904358	0.7429883480072021	[8655, 8655, 8655, 8655, 8654]	[8704, 8704, 8704, 8704, 8703]		
1467.31375	1.1195000000000164	epochs															maze_arm	101.0
1468.451	7.011999999999944	epochs															feedback_and_iti	101.0
1468.451	0.9987499999999727	epochs															feedback_delay	101.0
1469.46725	1.97725000000014	epochs															feedback	101.0
1471.48225	3.9807499999999436	epochs															iti	101.0
1475.48475	6.302500000000009	epochs															maze	102.0
1475.48475	4.441499999999905	epochs															maze_stem	102.0
1475.5065	13.338250000000016	trials	False	True	False	False	True	False	[0.18215909600257874, 0.8178408741950989, 0.49520519375801086, 0.5047948360443115]	-0.31304606795310974	0.3226357102394104	0.15652301907539368	0.1613178551197052	0.8178408741950989	[8747, 8747, 8747, 8747, 8747]	[8784, 8784, 8784, 8784, 8783]		
1479.94575	1.8414999999999964	epochs															maze_arm	102.0
1481.80475	7.0190000000000055	epochs															feedback_and_iti	102.0
1481.80475	0.9982500000000982	epochs															feedback_delay	102.0
1482.826	1.9764999999999873	epochs															feedback	102.0
1484.842	3.98174999999992	epochs															iti	102.0
1488.84475	10.314000000000078	epochs															maze	103.0
1488.84475	6.38675000000012	epochs															maze_stem	103.0
1488.86425	15.512499999999818	trials	True	True	False	True	True	True	[0.23434649407863617, 0.7656534314155579, 0.6202227473258972, 0.3797772228717804]	-0.38587623089551926	0.14543070644140244	-0.19293810427188873	0.07271532714366913	0.3797772228717804	[8828, 8827, 8827, 8827, 8827]	[8888, 8888, 8888, 8888, 8888]		
1495.253	3.9057500000001255	epochs															maze_arm	103.0
1499.177	5.177500000000009	epochs															feedback_and_iti	103.0
1499.177	0.9802500000000691	epochs															feedback_delay	103.0
1500.179	1.9962499999999181	epochs															feedback	103.0
1502.3595	1.9949999999998909	epochs															iti	103.0
1504.37675	8.501250000000027	epochs															maze	104.0
1504.37675	5.548250000000053	epochs															maze_stem	104.0
1504.39825	15.53774999999996	trials	False	True	False	True	False	False	[0.060384564101696014, 0.9396153688430786, 0.5258191823959351, 0.47418084740638733]	-0.46543456986546516	0.41379623487591743	0.23271730914711952	-0.20689812675118446	0.5258191823959351	[8921, 8920, 8920, 8920, 8920]	[8971, 8971, 8970, 8970, 8970]		
1509.946	2.9320000000000164	epochs															maze_arm	104.0
1512.896	7.017000000000053	epochs															feedback_and_iti	104.0
1512.896	0.9860000000001037	epochs															feedback_delay	104.0
1513.89975	1.9855000000000018	epochs															feedback	104.0
1515.9215	3.9915000000000873	epochs															iti	104.0
1519.936	5.518750000000182	epochs															maze	105.0
1519.936	4.1062500000000455	epochs															maze_stem	105.0
1519.95725	12.554250000000138	trials	False	True	False	False	True	False	[0.12400640547275543, 0.8759936690330505, 0.5929559469223022, 0.40704411268234253]	-0.4689495489001274	0.2830377146601677	0.234474778175354	0.14151889085769653	0.8759936690330505	[9014, 9014, 9014, 9013, 9013]	[9046, 9046, 9046, 9046, 9045]		
1524.06225	1.3925000000001546	epochs															maze_arm	105.0
1525.474	7.0187499999999545	epochs															feedback_and_iti	105.0
1525.474	0.9997500000001764	epochs															feedback_delay	105.0
1526.49375	1.9739999999999327	epochs															feedback	105.0
1528.506	3.9867499999998017	epochs															iti	105.0
1532.5115	7.124249999999847	epochs															maze	106.0
1532.5115	4.692000000000007	epochs															maze_stem	106.0
1532.5315	14.176749999999856	trials	False	True	False	False	True	False	[0.2410307377576828, 0.758969247341156, 0.648908257484436, 0.35109177231788635]	-0.40787749737501144	0.11006101220846176	0.20393873751163483	0.05503050982952118	0.758969247341156	[9089, 9089, 9089, 9089, 9089]	[9131, 9131, 9131, 9131, 9130]		
1537.2245	2.4112499999998818	epochs															maze_arm	106.0
1539.653	7.032500000000027	epochs															feedback_and_iti	106.0
1539.653	0.9925000000000637	epochs															feedback_delay	106.0
1540.66325	1.981499999999869	epochs															feedback	106.0
1542.6815	4.004000000000133	epochs															iti	106.0
1546.70825	7.648000000000138	epochs															maze	107.0
1546.70825	4.934500000000071	epochs															maze_stem	107.0
1546.7295	12.849249999999984	trials	False	True	False	True	True	True	[0.21563248336315155, 0.7843675017356873, 0.5960864424705505, 0.40391358733177185]	-0.3804539367556572	0.1882810816168785	-0.1902269572019577	0.09414054453372955	0.40391358733177185	[9175, 9174, 9174, 9174, 9174]	[9219, 9219, 9219, 9219, 9219]		
1551.6615	2.6947500000001128	epochs															maze_arm	107.0
1554.375	5.182499999999891	epochs															feedback_and_iti	107.0
1554.375	1.0007499999999254	epochs															feedback_delay	107.0
1555.39625	1.9735000000000582	epochs															feedback	107.0
1557.56475	1.9927499999998872	epochs															iti	107.0
1559.57875	7.9682500000001255	epochs															maze	108.0
1559.57875	6.2052500000002055	epochs															maze_stem	108.0
1559.599	15.014250000000175	trials	False	True	False	False	True	False	[0.04261220991611481, 0.9573878049850464, 0.4636925160884857, 0.5363075137138367]	-0.4210802987217903	0.49369529634714127	0.21054014563560486	0.24684765934944153	0.9573878049850464	[9252, 9251, 9251, 9251, 9251]	[9299, 9298, 9298, 9298, 9298]		
1565.805	1.7419999999999618	epochs															maze_arm	108.0
1567.56375	7.0219999999999345	epochs															feedback_and_iti	108.0
1567.56375	0.99675000000002	epochs															feedback_delay	108.0
1568.5785	1.97849999999994	epochs															feedback	108.0
1570.6115	3.9742499999999836	epochs															iti	108.0
1574.61325	8.4375	epochs															maze	109.0
1574.61325	4.989749999999958	epochs															maze_stem	109.0
1574.63725	13.64325000000008	trials	False	True	False	False	False	True	[0.09810387343168259, 0.9018961191177368, 0.4571949243545532, 0.5428051352500916]	-0.35909101739525795	0.4447012282907963	-0.17954552546143532	-0.2223506011068821	0.09810387343168259	[9342, 9342, 9341, 9341, 9341]	[9391, 9391, 9391, 9391, 9391]		
1579.62325	3.427500000000009	epochs															maze_arm	109.0
1583.06625	5.192000000000007	epochs															feedback_and_iti	109.0
1583.06625	0.9864999999999782	epochs															feedback_delay	109.0
1584.06825	1.9990000000000236	epochs															feedback	109.0
1586.2635	1.9947500000000673	epochs															iti	109.0
1588.2805	7.665749999999889	epochs															maze	110.0
1588.2805	6.070999999999913	epochs															maze_stem	110.0
1588.3005	14.689499999999953	trials	False	True	False	False	True	False	[0.1545589119195938, 0.8454410433769226, 0.5917778015136719, 0.4082222282886505]	-0.4372188523411751	0.2536632791161537	0.21860940754413605	0.12683163583278656	0.8454410433769226	[9424, 9424, 9423, 9423, 9423]	[9469, 9469, 9468, 9468, 9468]		
1594.3725	1.5737500000000182	epochs															maze_arm	110.0
1595.963	7.005499999999984	epochs															feedback_and_iti	110.0
1595.963	0.9862499999999272	epochs															feedback_delay	110.0
1596.96625	1.9822500000000218	epochs															feedback	110.0
1598.9835	3.9849999999999	epochs															iti	110.0
1602.99	9.846000000000004	epochs															maze	111.0
1602.99	8.362499999999955	epochs															maze_stem	111.0
1603.01075	15.056500000000142	trials	True	True	False	False	False	True	[0.26403772830963135, 0.7359622120857239, 0.6063801050186157, 0.3936198949813843]	-0.342342346906662	0.12958213686943054	-0.1711711883544922	-0.06479108333587646	0.26403772830963135	[9512, 9512, 9512, 9511, 9511]	[9570, 9570, 9570, 9569, 9569]		
1611.37225	1.4637500000001182	epochs															maze_arm	111.0
1612.85325	5.181250000000091	epochs															feedback_and_iti	111.0
1612.85325	0.9975000000001728	epochs															feedback_delay	111.0
1613.86875	1.9692499999998745	epochs															feedback	111.0
1616.0285	2.0060000000000855	epochs															iti	111.0
1618.06725	11.394000000000005	epochs															maze	112.0
1618.06725	10.265750000000025	epochs															maze_stem	112.0
1618.094	18.428750000000036	trials	False	True	False	True	False	False	[0.4452628493309021, 0.5547370910644531, 0.6821554899215698, 0.3178444504737854]	-0.23689264059066772	-0.1274183988571167	0.11844632029533386	0.06370916962623596	0.6821554899215698	[9602, 9602, 9602, 9602, 9602]	[9670, 9670, 9669, 9669, 9669]		
1628.35375	1.1075000000000728	epochs															maze_arm	112.0
1629.4795	7.0210000000001855	epochs															feedback_and_iti	112.0
1629.4795	0.9952500000001692	epochs															feedback_delay	112.0
1630.49275	1.9760000000001128	epochs															feedback	112.0
1632.50825	3.9922500000000127	epochs															iti	112.0
1636.52275	7.4659999999998945	epochs															maze	113.0
1636.52275	5.964749999999867	epochs															maze_stem	113.0
1636.545	12.671749999999975	trials	True	True	False	False	False	True	[0.5810649394989014, 0.41893503069877625, 0.6924589276313782, 0.3075410723686218]	-0.11139397323131561	-0.27352388203144073	-0.0556969940662384	0.13676193356513977	0.5810649394989014	[9713, 9713, 9713, 9712, 9712]	[9757, 9757, 9756, 9756, 9756]		
1642.5075	1.4812500000000455	epochs															maze_arm	113.0
1644.00675	5.184999999999945	epochs															feedback_and_iti	113.0
1644.00675	0.9994999999998981	epochs															feedback_delay	113.0
1645.03	1.9710000000000036	epochs															feedback	113.0
1647.19575	1.9959999999998672	epochs															iti	113.0
1649.21675	13.870750000000044	epochs															maze	114.0
1649.21675	10.293249999999944	epochs															maze_stem	114.0
1649.238	19.098999999999933	trials	False	True	False	False	False	True	[0.6812439560890198, 0.3187560439109802, 0.6574958562850952, 0.3425041139125824]	0.023748084902763367	-0.3387398272752762	0.01187404990196228	0.1693699061870575	0.6812439560890198	[9789, 9789, 9789, 9789, 9788]	[9871, 9871, 9871, 9871, 9871]		
1659.53125	3.556250000000091	epochs															maze_arm	114.0
1663.10675	5.202250000000049	epochs															feedback_and_iti	114.0
1663.10675	0.9862500000001546	epochs															feedback_delay	114.0
1664.11025	1.9862500000001546	epochs															feedback	114.0
1666.31725	1.9917499999999109	epochs															iti	114.0
1668.337	9.114000000000033	epochs															maze	115.0
1668.337	7.961749999999938	epochs															maze_stem	115.0
1668.362	16.140249999999924	trials	False	True	False	True	False	False	[0.8126282095909119, 0.18737182021141052, 0.7328325510025024, 0.26716744899749756]	0.07979564368724823	-0.5454607456922531	-0.03989782929420471	0.27273038029670715	0.7328325510025024	[9904, 9904, 9903, 9903, 9903]	[9958, 9957, 9957, 9957, 9957]		
1676.31825	1.1327499999999873	epochs															maze_arm	115.0
1677.4675	7.01299999999992	epochs															feedback_and_iti	115.0
1677.4675	0.9887499999999818	epochs															feedback_delay	115.0
1678.47575	1.9824999999998454	epochs															feedback	115.0
1680.49625	3.9842499999999745	epochs															iti	115.0
1684.50225	9.753999999999905	epochs															maze	116.0
1684.50225	8.589750000000095	epochs															maze_stem	116.0
1684.5245	16.80600000000004	trials	False	True	False	True	False	False	[0.7409152388572693, 0.2590847909450531, 0.6936456561088562, 0.3063543140888214]	0.0472695529460907	-0.4345608949661255	-0.023634791374206543	0.21728044748306274	0.6936456561088562	[10001, 10001, 10000, 10000, 10000]	[10058, 10058, 10058, 10058, 10057]		
1693.1135	1.1427499999999782	epochs															maze_arm	116.0
1694.27425	7.031500000000051	epochs															feedback_and_iti	116.0
1694.27425	0.9915000000000873	epochs															feedback_delay	116.0
1695.28325	1.9835000000000491	epochs															feedback	116.0
1697.3115	3.9942499999999654	epochs															iti	116.0
1701.3305	8.248499999999922	epochs															maze	117.0
1701.3305	4.179249999999911	epochs															maze_stem	117.0
1701.35375	15.291750000000093	trials	False	True	False	False	True	False	[0.5715392231941223, 0.4284608066082001, 0.536812424659729, 0.4631875157356262]	0.03472675383090973	-0.10835166275501251	-0.017363354563713074	-0.05417583882808685	0.4284608066082001	[10102, 10101, 10101, 10101, 10101]	[10150, 10150, 10150, 10150, 10149]		
1705.53475	4.04424999999992	epochs															maze_arm	117.0
1709.60125	7.023249999999962	epochs															feedback_and_iti	117.0
1709.60125	0.9980000000000473	epochs															feedback_delay	117.0
1710.61925	1.98050000000012	epochs															feedback	117.0
1712.63675	3.9877500000000055	epochs															iti	117.0
1716.6455	8.155250000000024	epochs															maze	118.0
1716.6455	5.305499999999938	epochs															maze_stem	118.0
1716.665	13.345250000000078	trials	False	True	False	False	False	True	[0.364841103553772, 0.635158896446228, 0.5713387131690979, 0.4286612868309021]	-0.20649760961532593	0.06382018327713013	-0.10324880480766296	-0.031910091638565063	0.364841103553772	[10193, 10193, 10193, 10193, 10193]	[10241, 10241, 10241, 10241, 10241]		
1721.97075	2.8300000000001546	epochs															maze_arm	118.0
1724.81825	5.1717499999999745	epochs															feedback_and_iti	118.0
1724.81825	0.9874999999999545	epochs															feedback_delay	118.0
1725.82225	1.990750000000162	epochs															feedback	118.0
1728.01825	1.971749999999929	epochs															iti	118.0
1730.01025	13.28274999999985	epochs															maze	119.0
1730.01025	11.045749999999998	epochs															maze_stem	119.0
1730.0315	18.46374999999989	trials	False	True	False	False	False	True	[0.6623222231864929, 0.3376777768135071, 0.650132954120636, 0.3498670160770416]	0.01218925416469574	-0.3124551922082901	0.006094634532928467	0.15622758865356445	0.6623222231864929	[10274, 10273, 10273, 10273, 10273]	[10352, 10352, 10352, 10352, 10352]		
1741.077	2.2159999999998945	epochs															maze_arm	119.0
1743.3085	5.165499999999838	epochs															feedback_and_iti	119.0
1743.3085	0.9852499999999509	epochs															feedback_delay	119.0
1744.311	1.9972500000001219	epochs															feedback	119.0
1746.497	1.9769999999998618	epochs															iti	119.0
1748.49525	12.13350000000014	epochs															maze	120.0
1748.49525	8.873250000000098	epochs															maze_stem	120.0
1748.51475	17.320500000000038	trials	False	True	False	False	False	True	[0.8363053202629089, 0.16369467973709106, 0.6965252161026001, 0.3034747242927551]	0.13978007435798645	-0.5328305661678314	0.06989005208015442	0.2664152681827545	0.8363053202629089	[10384, 10384, 10384, 10384, 10384]	[10456, 10456, 10456, 10456, 10455]		
1757.39025	3.2385000000001583	epochs															maze_arm	120.0
1760.64575	5.167000000000144	epochs															feedback_and_iti	120.0
1760.64575	0.9945000000000164	epochs															feedback_delay	120.0
1761.661	1.9759999999998854	epochs															feedback	120.0
1763.8325	1.9802500000000691	epochs															iti	120.0
1765.83525	12.397499999999809	epochs															maze	121.0
1765.83525	11.055749999999989	epochs															maze_stem	121.0
1765.85725	19.432999999999993	trials	False	True	False	True	False	False	[0.871475338935852, 0.12852464616298676, 0.647617757320404, 0.35238221287727356]	0.2238575741648674	-0.5190931186079979	-0.111928790807724	0.25954654812812805	0.647617757320404	[10488, 10488, 10488, 10488, 10488]	[10562, 10562, 10561, 10561, 10561]		
1776.91425	1.3184999999998581	epochs															maze_arm	121.0
1778.25025	7.016499999999951	epochs															feedback_and_iti	121.0
1778.25025	0.9992499999998472	epochs															feedback_delay	121.0
1779.26775	1.9770000000000891	epochs															feedback	121.0
1781.28275	3.9839999999999236	epochs															iti	121.0
1785.29025	9.581750000000056	epochs															maze	122.0
1785.29025	8.184500000000071	epochs															maze_stem	122.0
1785.3115	16.61999999999989	trials	False	True	False	True	False	False	[0.8201025724411011, 0.17989741265773773, 0.7124130129814148, 0.2875869870185852]	0.10768956691026688	-0.5325155928730965	-0.05384477972984314	0.26625779271125793	0.7124130129814148	[10605, 10605, 10605, 10605, 10604]	[10662, 10661, 10661, 10661, 10661]		
1793.49475	1.3772500000000036	epochs															maze_arm	122.0
1794.8925	7.017500000000155	epochs															feedback_and_iti	122.0
1794.8925	0.9980000000000473	epochs															feedback_delay	122.0
1795.9095	1.9705000000001291	epochs															feedback	122.0
1797.9155	3.9945000000000164	epochs															iti	122.0
1801.9315	9.377250000000004	epochs															maze	123.0
1801.9315	8.067999999999984	epochs															maze_stem	123.0
1801.9525	14.576249999999845	trials	False	True	False	False	False	True	[0.6615646481513977, 0.3384353220462799, 0.538830578327179, 0.4611694812774658]	0.12273411452770233	-0.20039521157741547	0.061367034912109375	0.10019761323928833	0.6615646481513977	[10705, 10705, 10704, 10704, 10704]	[10760, 10760, 10760, 10760, 10759]		
1810.0185	1.2902500000000146	epochs															maze_arm	123.0
1811.3245	5.181500000000142	epochs															feedback_and_iti	123.0
1811.3245	0.9930000000001655	epochs															feedback_delay	123.0
1812.33825	1.97524999999996	epochs															feedback	123.0
1814.5145	1.9915000000000873	epochs															iti	123.0
1816.52875	13.13350000000014	epochs															maze	124.0
1816.52875	11.336999999999989	epochs															maze_stem	124.0
1816.55075	18.30899999999997	trials	False	True	False	False	False	True	[0.8311576843261719, 0.16884233057498932, 0.6694357395172119, 0.3305642306804657]	0.16172192245721817	-0.5005934312939644	0.08086097240447998	0.2502967119216919	0.8311576843261719	[10792, 10792, 10792, 10792, 10792]	[10870, 10870, 10870, 10870, 10869]		
1827.887	1.7752500000001419	epochs															maze_arm	124.0
1829.6805	5.158750000000055	epochs															feedback_and_iti	124.0
1829.6805	0.9930000000001655	epochs															feedback_delay	124.0
1830.69225	1.971749999999929	epochs															feedback	124.0
1832.866	1.9732500000000073	epochs															iti	124.0
1834.85975	7.9252500000000055	epochs															maze	125.0
1834.85975	6.1472499999999854	epochs															maze_stem	125.0
1834.881	13.136250000000018	trials	False	True	False	True	True	True	[0.8986095190048218, 0.10139046609401703, 0.6395764946937561, 0.3604235053062439]	0.25903303176164627	-0.5381860211491585	0.12951651960611343	-0.26909301429986954	0.3604235053062439	[10902, 10902, 10902, 10902, 10902]	[10949, 10949, 10949, 10948, 10948]		
1841.027	1.7580000000000382	epochs															maze_arm	125.0
1842.8045	5.193250000000035	epochs															feedback_and_iti	125.0
1842.8045	0.9927500000001146	epochs															feedback_delay	125.0
1843.81375	1.9872499999999036	epochs															feedback	125.0
1846.0175	1.9802500000000691	epochs															iti	125.0
1848.01725	8.094249999999874	epochs															maze	126.0
1848.01725	6.304499999999962	epochs															maze_stem	126.0
1848.038	13.291999999999916	trials	False	True	False	True	True	True	[0.8052020072937012, 0.1947980523109436, 0.5334648489952087, 0.46653518080711365]	0.27173714339733124	-0.33866681158542633	0.13586856424808502	-0.16933338344097137	0.46653518080711365	[10981, 10981, 10981, 10981, 10980]	[11029, 11029, 11028, 11028, 11028]		
1854.34225	1.7692500000000564	epochs															maze_arm	126.0
1856.13	5.176999999999907	epochs															feedback_and_iti	126.0
1856.13	0.9919999999999618	epochs															feedback_delay	126.0
1857.14025	1.98050000000012	epochs															feedback	126.0
1859.31375	1.993249999999989	epochs															iti	126.0
1861.33	9.499250000000075	epochs															maze	127.0
1861.33	7.880499999999984	epochs															maze_stem	127.0
1861.355	16.53749999999991	trials	False	True	False	False	True	False	[0.8043794631958008, 0.19562052190303802, 0.4473854899406433, 0.5526145100593567]	0.35699398070573807	-0.2517649605870247	-0.17849699407815933	-0.12588248401880264	0.19562052190303802	[11061, 11061, 11061, 11060, 11060]	[11117, 11117, 11117, 11116, 11116]		
1869.23225	1.59699999999998	epochs															maze_arm	127.0
1870.84675	7.023249999999962	epochs															feedback_and_iti	127.0
1870.84675	0.9897499999999582	epochs															feedback_delay	127.0
1871.8555	1.9797500000001946	epochs															feedback	127.0
1873.872	3.99799999999982	epochs															iti	127.0
1877.8925	9.445500000000038	epochs															maze	128.0
1877.8925	5.093000000000075	epochs															maze_stem	128.0
1877.9135	16.486499999999978	trials	False	True	False	True	False	False	[0.2811141610145569, 0.7188858389854431, 0.30362340807914734, 0.6963765621185303]	-0.022509261965751648	0.4152624160051346	0.011254623532295227	-0.2076312154531479	0.30362340807914734	[11160, 11160, 11160, 11160, 11160]	[11216, 11216, 11216, 11215, 11215]		
1883.0065	4.3315000000000055	epochs															maze_arm	128.0
1887.3565	7.02274999999986	epochs															feedback_and_iti	128.0
1887.3565	0.9967499999997926	epochs															feedback_delay	128.0
1888.36975	1.9774999999999636	epochs															feedback	128.0
1890.4045	3.974749999999858	epochs															iti	128.0
1894.4	6.733999999999924	epochs															maze	129.0
1894.4	4.829250000000002	epochs															maze_stem	129.0
1894.4205	13.778250000000071	trials	False	True	False	False	True	False	[0.699270486831665, 0.30072957277297974, 0.5715291500091553, 0.4284708797931671]	0.12774132192134857	-0.27079959213733673	-0.06387065351009369	-0.13539977371692657	0.30072957277297974	[11259, 11259, 11259, 11259, 11259]	[11299, 11299, 11298, 11298, 11298]		
1899.2495	1.8845000000001164	epochs															maze_arm	129.0
1901.15175	7.022750000000087	epochs															feedback_and_iti	129.0
1901.15175	0.9947500000000673	epochs															feedback_delay	129.0
1902.16325	1.9864999999999782	epochs															feedback	129.0
1904.1875	3.98700000000008	epochs															iti	129.0
1908.19875	9.46225000000004	epochs															maze	130.0
1908.19875	7.757749999999987	epochs															maze_stem	130.0
1908.22025	14.652749999999969	trials	True	True	False	False	False	True	[0.3306436240673065, 0.6693564057350159, 0.41864556074142456, 0.5813544988632202]	-0.08800192177295685	0.2507108598947525	-0.04400096833705902	-0.12535540759563446	0.3306436240673065	[11342, 11342, 11342, 11341, 11341]	[11398, 11398, 11397, 11397, 11397]		
1915.9765	1.684500000000071	epochs															maze_arm	130.0
1917.67925	5.175000000000182	epochs															feedback_and_iti	130.0
1917.67925	1.0009999999999764	epochs															feedback_delay	130.0
1918.69975	1.9790000000000418	epochs															feedback	130.0
1920.8635	1.990750000000162	epochs															iti	130.0
1922.873	8.915500000000065	epochs															maze	131.0
1922.873	6.021749999999884	epochs															maze_stem	131.0
1922.8935	14.106500000000096	trials	True	True	False	True	True	True	[0.585925281047821, 0.41407471895217896, 0.48522672057151794, 0.5147733092308044]	0.1006985753774643	-0.0711519867181778	0.050349295139312744	-0.0355759859085083	0.5147733092308044	[11430, 11430, 11430, 11429, 11429]	[11483, 11482, 11482, 11482, 11482]		
1928.91575	2.8727500000002237	epochs															maze_arm	131.0
1931.80625	5.1724999999999	epochs															feedback_and_iti	131.0
1931.80625	0.9919999999999618	epochs															feedback_delay	131.0
1932.8145	1.9842499999999745	epochs															feedback	131.0
1935.008	1.9707499999999527	epochs															iti	131.0
1937.0	10.823000000000093	epochs															maze	132.0
1937.0	7.587500000000091	epochs															maze_stem	132.0
1937.02	16.02125000000001	trials	False	True	False	False	False	True	[0.6295892596244812, 0.3704107105731964, 0.4450678527355194, 0.554932177066803]	0.18452143669128418	-0.07465711236000061	0.0922607034444809	0.037328556180000305	0.6295892596244812	[11515, 11515, 11514, 11514, 11514]	[11579, 11579, 11578, 11578, 11578]		
1944.60825	3.2147500000000946	epochs															maze_arm	132.0
1947.842	5.1784999999999854	epochs															feedback_and_iti	132.0
1947.842	0.9892499999998563	epochs															feedback_delay	132.0
1948.85025	1.97849999999994	epochs															feedback	132.0
1951.024	1.9965000000001965	epochs															iti	132.0
1953.04125	12.661000000000058	epochs															maze	133.0
1953.04125	11.224999999999909	epochs															maze_stem	133.0
1953.06325	17.85050000000001	trials	False	True	False	False	False	True	[0.8355411291122437, 0.16445885598659515, 0.43936002254486084, 0.5606399774551392]	0.3961811140179634	-0.2749011591076851	0.1980905532836914	0.13745057582855225	0.8355411291122437	[11611, 11611, 11611, 11610, 11610]	[11686, 11686, 11686, 11685, 11685]		
1964.28575	1.4165000000000418	epochs															maze_arm	133.0
1965.71975	5.173500000000104	epochs															feedback_and_iti	133.0
1965.71975	0.9925000000000637	epochs															feedback_delay	133.0
1966.73775	1.9639999999999418	epochs															feedback	133.0
1968.9035	1.9897500000001855	epochs															iti	133.0
1970.91375	10.632749999999987	epochs															maze	134.0
1970.91375	8.094500000000153	epochs															maze_stem	134.0
1970.93375	17.677250000000186	trials	False	True	False	False	True	False	[0.8839619755744934, 0.11603809893131256, 0.4053608477115631, 0.5946391820907593]	0.4786011055111885	-0.28932277113199234	-0.23930054157972336	-0.14466135948896408	0.11603809893131256	[11718, 11718, 11718, 11718, 11717]	[11781, 11781, 11781, 11780, 11780]		
1979.0285	2.518000000000029	epochs															maze_arm	134.0
1981.5635	7.027000000000044	epochs															feedback_and_iti	134.0
1981.5635	0.9974999999999454	epochs															feedback_delay	134.0
1982.57825	1.9804999999998927	epochs															feedback	134.0
1984.59875	3.991749999999911	epochs															iti	134.0
1988.611	10.203249999999798	epochs															maze	135.0
1988.611	6.2159999999998945	epochs															maze_stem	135.0
1988.63175	15.39449999999988	trials	False	True	False	False	False	True	[0.45545467734336853, 0.5445452928543091, 0.37632787227630615, 0.6236720681190491]	0.07912679016590118	0.16821740567684174	0.03956340253353119	-0.08410872519016266	0.45545467734336853	[11824, 11824, 11824, 11824, 11823]	[11884, 11884, 11884, 11884, 11884]		
1994.8475	3.96674999999982	epochs															maze_arm	135.0
1998.83325	5.171500000000151	epochs															feedback_and_iti	135.0
1998.83325	0.9837500000001	epochs															feedback_delay	135.0
1999.8345	1.993750000000091	epochs															feedback	135.0
2002.01925	1.9855000000000018	epochs															iti	135.0
2004.02625	11.010000000000218	epochs															maze	136.0
2004.02625	9.429000000000087	epochs															maze_stem	136.0
2004.05325	16.195500000000038	trials	False	True	False	False	False	True	[0.7253296971321106, 0.27467024326324463, 0.3346264660358429, 0.6653735637664795]	0.3907032757997513	-0.059956178069114685	0.19535161554813385	0.029978081583976746	0.7253296971321106	[11917, 11916, 11916, 11916, 11916]	[11982, 11982, 11981, 11981, 11981]		
2013.47425	1.5620000000001255	epochs															maze_arm	136.0
2015.054	5.173249999999825	epochs															feedback_and_iti	136.0
2015.054	1.0057499999998072	epochs															feedback_delay	136.0
2016.08675	1.9505000000001473	epochs															feedback	136.0
2018.2385	1.9887499999999818	epochs															iti	136.0
2020.24875	8.57224999999994	epochs															maze	137.0
2020.24875	6.1720000000000255	epochs															maze_stem	137.0
2020.2705	13.767749999999978	trials	False	True	False	True	True	True	[0.8942154049873352, 0.105784572660923, 0.3666857182979584, 0.6333142518997192]	0.5275296829640865	-0.26090114936232567	0.2637648396193981	-0.13045058771967888	0.6333142518997192	[12014, 12014, 12014, 12013, 12013]	[12064, 12064, 12064, 12064, 12064]		
2026.44175	2.3792499999999563	epochs															maze_arm	137.0
2028.84025	5.176249999999982	epochs															feedback_and_iti	137.0
2028.84025	0.9980000000000473	epochs															feedback_delay	137.0
2029.85675	1.9800000000000182	epochs															feedback	137.0
2032.01475	2.0017499999999018	epochs															iti	137.0
2034.03825	9.777749999999969	epochs															maze	138.0
2034.03825	6.294999999999845	epochs															maze_stem	138.0
2034.059	14.950500000000147	trials	True	True	False	True	True	True	[0.8161874413490295, 0.18381251394748688, 0.31730395555496216, 0.6826959848403931]	0.4988834783434868	-0.13349144905805588	0.2494417354464531	-0.06674575060606003	0.6826959848403931	[12097, 12096, 12096, 12096, 12096]	[12154, 12154, 12154, 12154, 12154]		
2040.354	3.461999999999989	epochs															maze_arm	138.0
2043.83375	5.154499999999871	epochs															feedback_and_iti	138.0
2043.83375	0.9855000000000018	epochs															feedback_delay	138.0
2044.837	1.981999999999971	epochs															feedback	138.0
2046.99575	1.9924999999998363	epochs															iti	138.0
2049.0095	7.77475000000004	epochs															maze	139.0
2049.0095	5.670249999999669	epochs															maze_stem	139.0
2049.03	12.973250000000007	trials	False	True	False	True	True	True	[0.8179826736450195, 0.18201731145381927, 0.23690557479858398, 0.763094425201416]	0.5810771062970161	-0.05488825589418411	0.29053855687379837	-0.027444131672382355	0.763094425201416	[12186, 12186, 12186, 12186, 12186]	[12232, 12232, 12232, 12232, 12231]		
2054.70125	2.0830000000000837	epochs															maze_arm	139.0
2056.80275	5.179250000000138	epochs															feedback_and_iti	139.0
2056.80275	0.9825000000000728	epochs															feedback_delay	139.0
2057.80825	1.9789999999998145	epochs															feedback	139.0
2059.99525	1.986750000000029	epochs															iti	139.0
2062.00325	11.618999999999687	epochs															maze	140.0
2062.00325	9.997999999999593	epochs															maze_stem	140.0
2062.02325	16.829249999999774	trials	False	True	False	False	False	True	[0.8076386451721191, 0.19236142933368683, 0.21145103871822357, 0.78854900598526]	0.5961875915527344	-0.019089624285697937	0.2980938032269478	0.009544841945171356	0.8076386451721191	[12264, 12264, 12264, 12264, 12264]	[12333, 12333, 12333, 12332, 12332]		
2072.02225	1.599999999999909	epochs															maze_arm	140.0
2073.6415	5.188999999999851	epochs															feedback_and_iti	140.0
2073.6415	0.9992499999998472	epochs															feedback_delay	140.0
2074.65975	1.9852500000001783	epochs															feedback	140.0
2076.839	1.9915000000000873	epochs															iti	140.0
2078.8525	9.206500000000233	epochs															maze	141.0
2078.8525	6.003500000000258	epochs															maze_stem	141.0
2078.8715	14.40099999999984	trials	False	True	False	True	True	True	[0.8832910656929016, 0.11670899391174316, 0.1343226432800293, 0.8656774163246155]	0.7489684224128723	-0.017613649368286133	0.37448421120643616	-0.008806794881820679	0.8656774163246155	[12365, 12365, 12365, 12365, 12365]	[12420, 12419, 12419, 12419, 12419]		
2084.87875	3.180250000000342	epochs															maze_arm	141.0
2088.07575	5.177000000000135	epochs															feedback_and_iti	141.0
2088.07575	0.9954999999999927	epochs															feedback_delay	141.0
2089.09125	1.97400000000016	epochs															feedback	141.0
2091.26075	1.9920000000001892	epochs															iti	141.0
2093.2725	8.076750000000175	epochs															maze	142.0
2093.2725	6.173249999999825	epochs															maze_stem	142.0
2093.2935	13.280749999999898	trials	False	True	False	True	True	True	[0.8669109344482422, 0.13308914005756378, 0.18471460044384003, 0.8152853846549988]	0.6821962893009186	-0.05162550508975983	0.3410981222987175	-0.02581273764371872	0.8152853846549988	[12452, 12452, 12451, 12451, 12451]	[12499, 12499, 12499, 12499, 12499]		
2099.467	1.8822500000001128	epochs															maze_arm	142.0
2101.36475	5.18224999999984	epochs															feedback_and_iti	142.0
2101.36475	0.9989999999997963	epochs															feedback_delay	142.0
2102.38375	1.9717500000001564	epochs															feedback	142.0
2104.54825	1.9987500000002	epochs															iti	142.0
2106.57425	7.544499999999971	epochs															maze	143.0
2106.57425	5.665999999999713	epochs															maze_stem	143.0
2106.599	12.710499999999683	trials	False	True	False	True	True	True	[0.8565130829811096, 0.143486887216568, 0.164153590798378, 0.8358464241027832]	0.6923595145344734	-0.020666681230068207	0.3461797684431076	-0.010333344340324402	0.8358464241027832	[12532, 12531, 12531, 12531, 12531]	[12576, 12576, 12575, 12575, 12575]		
2112.26025	1.8585000000002765	epochs															maze_arm	143.0
2114.1375	5.150250000000142	epochs															feedback_and_iti	143.0
2114.1375	0.9912500000000364	epochs															feedback_delay	143.0
2115.148	1.9732500000000073	epochs															feedback	143.0
2117.32425	1.96349999999984	epochs															iti	143.0
2119.3095	9.402750000000196	epochs															maze	144.0
2119.3095	5.949750000000222	epochs															maze_stem	144.0
2119.33025	14.597999999999956	trials	True	True	False	True	True	True	[0.8484768271446228, 0.15152311325073242, 0.1511285901069641, 0.8488713502883911]	0.6973482370376587	0.00039452314376831055	0.34867411851882935	0.00019723176956176758	0.8488713502883911	[12608, 12608, 12608, 12607, 12607]	[12663, 12663, 12663, 12663, 12663]		
2125.27925	3.4329999999999927	epochs															maze_arm	144.0
2128.7295	5.175250000000233	epochs															feedback_and_iti	144.0
2128.7295	1.0	epochs															feedback_delay	144.0
2129.74925	1.974250000000211	epochs															feedback	144.0
2131.9125	1.99225000000024	epochs															iti	144.0
2133.92825	11.809999999999945	epochs															maze	145.0
2133.92825	10.139000000000124	epochs															maze_stem	145.0
2133.95	17.015499999999975	trials	False	True	False	False	False	True	[0.8378657698631287, 0.16213424503803253, 0.13192109763622284, 0.8680789470672607]	0.705944687128067	0.030213162302970886	0.3529723361134529	-0.01510656625032425	0.8378657698631287	[12696, 12695, 12695, 12695, 12695]	[12765, 12765, 12765, 12765, 12765]		
2144.08825	1.650000000000091	epochs															maze_arm	145.0
2145.75675	5.186749999999847	epochs															feedback_and_iti	145.0
2145.75675	0.9845000000000255	epochs															feedback_delay	145.0
2146.759	1.9974999999999454	epochs															feedback	145.0
2148.945	1.9984999999996944	epochs															iti	145.0
2150.9655	8.0612500000002	epochs															maze	146.0
2150.9655	6.140500000000429	epochs															maze_stem	146.0
2150.98575	13.235250000000178	trials	False	True	False	True	True	True	[0.9092735052108765, 0.09072655439376831, 0.0813838392496109, 0.9186161756515503]	0.8278896436095238	0.009342692792415619	0.413944810628891	0.004671365022659302	0.9186161756515503	[12798, 12798, 12797, 12797, 12797]	[12845, 12845, 12845, 12845, 12844]		
2157.12525	1.9014999999999418	epochs															maze_arm	146.0
2159.0435	5.158500000000004	epochs															feedback_and_iti	146.0
2159.0435	0.987999999999829	epochs															feedback_delay	146.0
2160.05025	1.9767500000002656	epochs															feedback	146.0
2162.21775	1.9842500000004293	epochs															iti	146.0
2164.221	11.66424999999981	epochs															maze	147.0
2164.221	10.344750000000204	epochs															maze_stem	147.0
2164.242	16.827749999999924	trials	False	True	False	False	False	True	[0.8836216926574707, 0.11637825518846512, 0.12616084516048431, 0.8738391995429993]	0.7574608959257603	-0.009782541543245316	0.3787304237484932	0.0048912689089775085	0.8836216926574707	[12877, 12877, 12877, 12877, 12876]	[12946, 12946, 12946, 12946, 12945]		
2174.58575	1.2994999999996253	epochs															maze_arm	147.0
2175.903	5.147500000000036	epochs															feedback_and_iti	147.0
2175.903	0.9897500000001855	epochs															feedback_delay	147.0
2176.91175	1.97524999999996	epochs															feedback	147.0
2179.065	1.9854999999997744	epochs															iti	147.0
2181.06975	8.091499999999996	epochs															maze	148.0
2181.06975	5.973500000000058	epochs															maze_stem	148.0
2181.09125	13.284250000000156	trials	False	True	False	True	True	True	[0.9349018931388855, 0.06509812921285629, 0.07644958049058914, 0.9235503673553467]	0.8584522753953934	-0.011351488530635834	0.4292261190712452	-0.005675751715898514	0.9235503673553467	[12978, 12978, 12978, 12978, 12977]	[13026, 13026, 13025, 13025, 13025]		
2187.0645	2.0967500000001564	epochs															maze_arm	148.0
2189.17925	5.176500000000033	epochs															feedback_and_iti	148.0
2189.17925	0.9837499999998727	epochs															feedback_delay	148.0
2190.18075	1.9852500000001783	epochs															feedback	148.0
2192.37025	1.9855000000002292	epochs															iti	148.0
2194.3755	7.6965000000000146	epochs															maze	149.0
2194.3755	5.63149999999996	epochs															maze_stem	149.0
2194.40125	12.884000000000015	trials	False	True	False	True	True	True	[0.9018582105636597, 0.09814176708459854, 0.12216641008853912, 0.8778336048126221]	0.779691819101572	-0.02402462437748909	0.38984591886401176	-0.012012314051389694	0.8778336048126221	[13058, 13058, 13058, 13057, 13057]	[13103, 13103, 13103, 13103, 13102]		
2200.02525	2.0467499999999745	epochs															maze_arm	149.0
2202.08975	5.173999999999978	epochs															feedback_and_iti	149.0
2202.08975	0.9862499999999272	epochs															feedback_delay	149.0
2203.09475	1.989249999999629	epochs															feedback	149.0
2205.2865	1.9772499999999127	epochs															iti	149.0
2207.28525	12.364500000000135	epochs															maze	150.0
2207.28525	10.724250000000211	epochs															maze_stem	150.0
2207.30725	17.5607500000001	trials	False	True	False	False	False	True	[0.8974742889404297, 0.10252571851015091, 0.11434654891490936, 0.8856534361839294]	0.7831277288496494	-0.011820841580629349	0.39156387001276016	0.005910418927669525	0.8974742889404297	[13135, 13135, 13135, 13135, 13135]	[13209, 13208, 13208, 13208, 13208]		
2218.03025	1.6195000000002437	epochs															maze_arm	150.0
2219.6665	5.180000000000291	epochs															feedback_and_iti	150.0
2219.6665	0.992750000000342	epochs															feedback_delay	150.0
2220.67625	1.986750000000029	epochs															feedback	150.0
2222.86025	1.9862499999999272	epochs															iti	150.0
2224.868	11.623000000000047	epochs															maze	151.0
2224.868	9.73824999999988	epochs															maze_stem	151.0
2224.889	16.798749999999927	trials	False	True	False	False	False	True	[0.9395065903663635, 0.060493431985378265, 0.06700631231069565, 0.9329937100410461]	0.8725002780556679	-0.006512880325317383	0.43625013902783394	0.003256451338529587	0.9395065903663635	[13241, 13241, 13241, 13240, 13240]	[13310, 13309, 13309, 13309, 13309]		
2234.6245	1.8665000000000873	epochs															maze_arm	151.0
2236.50925	5.158249999999953	epochs															feedback_and_iti	151.0
2236.50925	0.9974999999999454	epochs															feedback_delay	151.0
2237.5245	1.9710000000000036	epochs															feedback	151.0
2239.68675	1.980750000000171	epochs															iti	151.0
2241.68775	8.352249999999913	epochs															maze	152.0
2241.68775	6.327499999999873	epochs															maze_stem	152.0
2241.7075	13.558750000000146	trials	False	True	False	True	True	True	[0.9422703385353088, 0.057729680091142654, 0.07882760465145111, 0.9211723208427429]	0.863442687317729	-0.021097971126437187	0.43172132037580013	-0.010548999533057213	0.9211723208427429	[13342, 13342, 13341, 13341, 13341]	[13391, 13391, 13391, 13390, 13390]		
2248.03825	2.0017499999999018	epochs															maze_arm	152.0
2250.05725	5.185500000000047	epochs															feedback_and_iti	152.0
2250.05725	0.9845000000000255	epochs															feedback_delay	152.0
2251.0605	1.9927499999998872	epochs															feedback	152.0
2253.25025	1.9924999999998363	epochs															iti	152.0
2255.26625	7.897750000000087	epochs															maze	153.0
2255.26625	5.817999999999756	epochs															maze_stem	153.0
2255.29225	13.072749999999814	trials	False	True	False	True	True	True	[0.9121402502059937, 0.08785979449748993, 0.12007493525743484, 0.8799250721931458]	0.7920652963221073	-0.03221515938639641	0.3960326388478279	-0.01610756665468216	0.8799250721931458	[13423, 13423, 13423, 13423, 13422]	[13470, 13469, 13469, 13469, 13469]		
2261.1045	2.0595000000002983	epochs															maze_arm	153.0
2263.18325	5.161250000000109	epochs															feedback_and_iti	153.0
2263.18325	0.9897499999997308	epochs															feedback_delay	153.0
2264.19575	1.9757500000000618	epochs															feedback	153.0
2266.36025	1.9842499999999745	epochs															iti	153.0
2268.365	9.52350000000024	epochs															maze	154.0
2268.365	6.301000000000386	epochs															maze_stem	154.0
2268.38525	14.705500000000029	trials	True	True	False	True	True	True	[0.9051226377487183, 0.09487739205360413, 0.11235057562589645, 0.8876493573188782]	0.7927720136940479	-0.017473232001066208	0.396385982632637	-0.00873662531375885	0.8876493573188782	[13502, 13502, 13501, 13501, 13501]	[13558, 13558, 13557, 13557, 13557]		
2274.6895	3.199000000000069	epochs															maze_arm	154.0
2277.90575	5.164250000000266	epochs															feedback_and_iti	154.0
2277.90575	0.993750000000091	epochs															feedback_delay	154.0
2278.916	1.9744999999998072	epochs															feedback	154.0
2281.0735	1.9965000000001965	epochs															iti	154.0
2283.09075	9.2800000000002	epochs															maze	155.0
2283.09075	8.031750000000102	epochs															maze_stem	155.0
2283.11175	16.32724999999982	trials	False	True	False	True	False	False	[0.8961179852485657, 0.10388205945491791, 0.10388379544019699, 0.8961161971092224]	0.7922341637313366	-1.7620623111724854e-06	-0.39611709490418434	8.903443813323975e-07	0.10388379544019699	[13590, 13590, 13590, 13589, 13589]	[13645, 13645, 13644, 13644, 13644]		
2291.144	1.2267500000002656	epochs															maze_arm	155.0
2292.38975	7.028500000000349	epochs															feedback_and_iti	155.0
2292.38975	0.9864999999999782	epochs															feedback_delay	155.0
2293.394	1.993750000000091	epochs															feedback	155.0
2295.42375	3.9945000000002437	epochs															iti	155.0
2299.439	10.546499999999924	epochs															maze	156.0
2299.439	9.065500000000156	epochs															maze_stem	156.0
2299.4605	17.58725000000004	trials	False	True	False	True	False	False	[0.8857136368751526, 0.11428632587194443, 0.21965372562408447, 0.7803462743759155]	0.6660599298775196	-0.10536738112568855	-0.33302995562553406	0.05268368124961853	0.21965372562408447	[13688, 13688, 13688, 13687, 13687]	[13750, 13750, 13750, 13750, 13750]		
2308.525	1.4604999999996835	epochs															maze_arm	156.0
2310.00325	7.023999999999887	epochs															feedback_and_iti	156.0
2310.00325	0.9929999999999382	epochs															feedback_delay	156.0
2311.01375	1.974999999999909	epochs															feedback	156.0
2313.04125	3.9859999999998763	epochs															iti	156.0
2317.04775	9.474249999999756	epochs															maze	157.0
2317.04775	5.6652500000000146	epochs															maze_stem	157.0
2317.06825	16.50500000000011	trials	False	True	False	True	False	False	[0.8671711683273315, 0.13282881677150726, 0.2920776605606079, 0.7079223394393921]	0.5750935152173042	-0.15924883633852005	-0.2875467538833618	0.07962441444396973	0.2920776605606079	[13794, 13793, 13793, 13793, 13793]	[13849, 13849, 13849, 13849, 13849]		
2322.7345	3.787499999999909	epochs															maze_arm	157.0
2326.5395	7.014000000000124	epochs															feedback_and_iti	157.0
2326.5395	0.9952499999999418	epochs															feedback_delay	157.0
2327.5535	1.9737500000001091	epochs															feedback	157.0
2329.56625	3.987250000000131	epochs															iti	157.0
2333.57325	8.990250000000287	epochs															maze	158.0
2333.57325	7.785499999999956	epochs															maze_stem	158.0
2333.5955	14.19925000000012	trials	False	True	False	False	False	True	[0.8754158020019531, 0.12458417564630508, 0.399312287569046, 0.6006876826286316]	0.4761035107076168	-0.27472811564803123	0.23805175721645355	0.13736404478549957	0.8754158020019531	[13893, 13893, 13892, 13892, 13892]	[13946, 13945, 13945, 13945, 13945]		
2341.38125	1.1822500000002947	epochs															maze_arm	158.0
2342.58175	5.192250000000058	epochs															feedback_and_iti	158.0
2342.58175	0.9867500000000291	epochs															feedback_delay	158.0
2343.5865	1.9837500000003274	epochs															feedback	158.0
2345.78025	1.993750000000091	epochs															iti	158.0
2347.79475	10.731499999999869	epochs															maze	159.0
2347.79475	9.309000000000196	epochs															maze_stem	159.0
2347.8145	15.92975000000024	trials	True	True	False	False	False	True	[0.8689295649528503, 0.13107043504714966, 0.1694420725107193, 0.8305578827857971]	0.6994874700903893	-0.03837165981531143	0.3497437462210655	0.01918581873178482	0.8689295649528503	[13978, 13978, 13978, 13977, 13977]	[14041, 14041, 14041, 14041, 14041]		
2357.124	1.4022500000000946	epochs															maze_arm	159.0
2358.54575	5.176749999999629	epochs															feedback_and_iti	159.0
2358.54575	0.9979999999995925	epochs															feedback_delay	159.0
2359.5615	1.9812500000002728	epochs															feedback	159.0
2361.7355	1.98700000000008	epochs															iti	159.0
2363.74425	9.23174999999992	epochs															maze	160.0
2363.74425	7.876749999999902	epochs															maze_stem	160.0
2363.76475	14.408249999999953	trials	False	True	False	False	False	True	[0.9040191769599915, 0.09598086029291153, 0.1724974513053894, 0.8275024890899658]	0.7315216772258282	-0.07651663944125175	0.365760862827301	0.03825831413269043	0.9040191769599915	[14074, 14073, 14073, 14073, 14073]	[14128, 14128, 14128, 14127, 14127]		
2371.64175	1.3342500000003383	epochs															maze_arm	160.0
2372.996	5.156500000000051	epochs															feedback_and_iti	160.0
2372.996	0.9939999999996871	epochs															feedback_delay	160.0
2374.011	1.9672500000001492	epochs															feedback	160.0
2376.17125	1.9812500000002728	epochs															iti	160.0
2378.173	8.667500000000018	epochs															maze	161.0
2378.173	6.220250000000306	epochs															maze_stem	161.0
2378.1955	13.885750000000371	trials	False	True	False	True	True	True	[0.9294302463531494, 0.07056979835033417, 0.16021111607551575, 0.8397889137268066]	0.7692191228270531	-0.08964132517576218	0.38460955768823624	-0.044820643961429596	0.8397889137268066	[14160, 14160, 14160, 14160, 14159]	[14211, 14211, 14211, 14211, 14210]		
2384.4145	2.425999999999931	epochs															maze_arm	161.0
2386.8595	5.199999999999818	epochs															feedback_and_iti	161.0
2386.8595	0.981499999999869	epochs															feedback_delay	161.0
2387.8595	1.993750000000091	epochs															feedback	161.0
2390.06625	1.993249999999989	epochs															iti	161.0
2392.08125	11.61974999999984	epochs															maze	162.0
2392.08125	9.461499999999887	epochs															maze_stem	162.0
2392.10225	16.826500000000124	trials	True	True	False	False	False	True	[0.9024403095245361, 0.09755963832139969, 0.1994069516658783, 0.8005930781364441]	0.7030333988368511	-0.10184727236628532	0.3515166789293289	0.050923630595207214	0.9024403095245361	[14244, 14243, 14243, 14243, 14243]	[14312, 14312, 14312, 14312, 14311]		
2401.563	2.13799999999992	epochs															maze_arm	162.0
2403.71725	5.1912499999998545	epochs															feedback_and_iti	162.0
2403.71725	0.9869999999996253	epochs															feedback_delay	162.0
2404.72275	1.9897500000001855	epochs															feedback	162.0
2406.9195	1.9890000000000327	epochs															iti	162.0
2408.92875	8.015750000000025	epochs															maze	163.0
2408.92875	5.7085000000001855	epochs															maze_stem	163.0
2408.9525	13.202999999999975	trials	False	True	False	True	True	True	[0.9190719723701477, 0.08092806488275528, 0.1305791586637497, 0.8694208264350891]	0.7884927876293659	-0.049651119858026505	0.3942463807761669	-0.024825554341077805	0.8694208264350891	[14345, 14344, 14344, 14344, 14344]	[14392, 14391, 14391, 14391, 14391]		
2414.65925	2.2852499999999054	epochs															maze_arm	163.0
2416.96325	5.171250000000327	epochs															feedback_and_iti	163.0
2416.96325	0.987250000000131	epochs															feedback_delay	163.0
2417.96825	1.9839999999999236	epochs															feedback	163.0
2420.1385	1.9960000000000946	epochs															iti	163.0
2422.1555	8.801249999999982	epochs															maze	164.0
2422.1555	6.525000000000091	epochs															maze_stem	164.0
2422.175	14.002999999999702	trials	False	True	False	True	True	True	[0.9076471924781799, 0.09235280007123947, 0.1753438413143158, 0.8246561884880066]	0.7323033697903156	-0.08299102261662483	0.36615169420838356	-0.04149550572037697	0.8246561884880066	[14424, 14424, 14423, 14423, 14423]	[14476, 14476, 14475, 14475, 14475]		
2428.70175	2.2549999999996544	epochs															maze_arm	164.0
2430.974	5.184499999999844	epochs															feedback_and_iti	164.0
2430.974	0.9937499999996362	epochs															feedback_delay	164.0
2431.98675	1.9854999999997744	epochs															feedback	164.0
2434.1725	1.9859999999998763	epochs															iti	164.0
2436.178	11.106999999999971	epochs															maze	165.0
2436.178	9.707499999999982	epochs															maze_stem	165.0
2436.19925	16.291249999999764	trials	False	True	False	False	False	True	[0.9076405167579651, 0.09235947579145432, 0.15748390555381775, 0.8425160646438599]	0.7501566000282764	-0.06512444093823433	0.37507830560207367	0.03256221115589142	0.9076405167579651	[14508, 14508, 14508, 14507, 14507]	[14574, 14573, 14573, 14573, 14573]		
2445.90675	1.3782499999997526	epochs															maze_arm	165.0
2447.3025	5.167750000000069	epochs															feedback_and_iti	165.0
2447.3025	0.9980000000000473	epochs															feedback_delay	165.0
2448.32075	1.9702500000003056	epochs															feedback	165.0
2450.487	1.9832499999997708	epochs															iti	165.0
2452.4905	11.516500000000178	epochs															maze	166.0
2452.4905	9.762750000000324	epochs															maze_stem	166.0
2452.51275	16.71100000000024	trials	False	True	False	False	False	True	[0.9432838559150696, 0.05671611428260803, 0.08824688196182251, 0.9117531180381775]	0.8550369888544083	-0.031530752778053284	0.42751848697662354	0.015765368938446045	0.9432838559150696	[14606, 14606, 14605, 14605, 14605]	[14674, 14674, 14673, 14673, 14673]		
2462.2725	1.7345000000000255	epochs															maze_arm	166.0
2464.0235	5.18100000000004	epochs															feedback_and_iti	166.0
2464.0235	0.9972500000003492	epochs															feedback_delay	166.0
2465.0395	1.9832500000002256	epochs															feedback	166.0
2467.21375	1.9907499999999345	epochs															iti	166.0
2469.22375	11.786000000000058	epochs															maze	167.0
2469.22375	10.205249999999978	epochs															maze_stem	167.0
2469.244	16.977499999999964	trials	True	True	False	False	False	True	[0.9485196471214294, 0.051480408757925034, 0.10326190292835236, 0.8967380523681641]	0.8452576939016581	-0.05178154446184635	0.42262887209653854	0.0258907750248909	0.9485196471214294	[14706, 14706, 14706, 14706, 14705]	[14776, 14776, 14775, 14775, 14775]		
2479.45	1.5597500000003492	epochs															maze_arm	167.0
2481.02575	5.176500000000033	epochs															feedback_and_iti	167.0
2481.02575	0.992500000000291	epochs															feedback_delay	167.0
2482.04	1.98050000000012	epochs															feedback	167.0
2484.2255	1.9767499999998108	epochs															iti	167.0
2486.2215	13.64574999999968	epochs															maze	168.0
2486.2215	12.325249999999869	epochs															maze_stem	168.0
2486.243	18.83050000000003	trials	False	True	False	False	False	True	[0.9337751269340515, 0.06622491031885147, 0.1074443981051445, 0.8925555944442749]	0.8263307064771652	-0.04121951013803482	0.4131653644144535	0.020609762519598007	0.9337751269340515	[14808, 14808, 14808, 14807, 14807]	[14889, 14889, 14888, 14888, 14888]		
2498.56675	1.300499999999829	epochs															maze_arm	168.0
2499.884	5.170749999999771	epochs															feedback_and_iti	168.0
2499.884	0.9917500000001382	epochs															feedback_delay	168.0
2500.895	1.9839999999999236	epochs															feedback	168.0
2503.09525	1.9594999999999345	epochs															iti	168.0
2505.0735	10.443499999999858	epochs															maze	169.0
2505.0735	9.184999999999945	epochs															maze_stem	169.0
2505.09475	15.659499999999753	trials	False	True	False	False	False	True	[0.9461656212806702, 0.053834352642297745, 0.11318813264369965, 0.8868118524551392]	0.832977494224906	-0.059353774413466454	0.41648874431848526	0.029676876962184906	0.9461656212806702	[14921, 14921, 14921, 14920, 14920]	[14983, 14983, 14982, 14982, 14982]		
2514.27725	1.2397499999997308	epochs															maze_arm	169.0
2515.536	5.197000000000116	epochs															feedback_and_iti	169.0
2515.536	0.9857499999998254	epochs															feedback_delay	169.0
2516.5405	1.9962500000001455	epochs															feedback	169.0
2518.75725	1.9757500000000618	epochs															iti	169.0
2520.75425	7.39975000000004	epochs															maze	170.0
2520.75425	5.603750000000218	epochs															maze_stem	170.0
2520.775	12.585499999999683	trials	False	True	False	True	True	True	[0.951651394367218, 0.04834859445691109, 0.11477959901094437, 0.8852204084396362]	0.8368718046694994	-0.06643099524080753	0.41843590699136257	-0.03321549855172634	0.8852204084396362	[15015, 15015, 15015, 15014, 15014]	[15059, 15058, 15058, 15058, 15058]		
2526.3765	1.7775000000001455	epochs															maze_arm	170.0
2528.171	5.168500000000222	epochs															feedback_and_iti	170.0
2528.171	0.9945000000002437	epochs															feedback_delay	170.0
2529.1835	1.9842499999999745	epochs															feedback	170.0
2531.353	1.9864999999999782	epochs															iti	170.0
2533.3605	12.91125000000011	epochs															maze	171.0
2533.3605	11.556500000000142	epochs															maze_stem	171.0
2533.3795	18.091249999999945	trials	True	True	False	False	False	True	[0.9215615391731262, 0.07843849807977676, 0.15524795651435852, 0.8447520136833191]	0.766313549131155	-0.07680949196219444	0.38315679132938385	0.03840474784374237	0.9215615391731262	[15091, 15090, 15090, 15090, 15090]	[15167, 15167, 15167, 15167, 15166]		
2544.93725	1.3344999999999345	epochs															maze_arm	171.0
2546.2935	5.156499999999596	epochs															feedback_and_iti	171.0
2546.2935	0.9859999999998763	epochs															feedback_delay	171.0
2547.29925	1.9760000000001128	epochs															feedback	171.0
2549.46575	1.9842499999999745	epochs															iti	171.0
2551.47075	11.212750000000142	epochs															maze	172.0
2551.47075	9.749249999999847	epochs															maze_stem	172.0
2551.4915	16.402000000000044	trials	False	True	False	False	False	True	[0.9454217553138733, 0.0545782595872879, 0.10391077399253845, 0.8960892558097839]	0.8415109887719154	-0.04933250695466995	0.4207554906606674	0.02466626465320587	0.9454217553138733	[15199, 15199, 15199, 15199, 15198]	[15266, 15265, 15265, 15265, 15265]		
2561.2425	1.4410000000002583	epochs															maze_arm	172.0
2562.70175	5.167999999999665	epochs															feedback_and_iti	172.0
2562.70175	0.9867500000000291	epochs															feedback_delay	172.0
2563.70825	1.9789999999998145	epochs															feedback	172.0
2565.87825	1.9914999999996326	epochs															iti	172.0
2567.8935	7.069500000000062	epochs															maze	173.0
2567.8935	5.480000000000018	epochs															maze_stem	173.0
2567.914	12.248999999999796	trials	False	True	False	True	True	True	[0.9409136176109314, 0.05908633768558502, 0.11000759899616241, 0.889992356300354]	0.830906018614769	-0.05092126131057739	0.4154530093073845	-0.025460653007030487	0.889992356300354	[15298, 15298, 15297, 15297, 15297]	[15339, 15339, 15339, 15339, 15338]		
2573.3945	1.5685000000003129	epochs															maze_arm	173.0
2574.9825	5.160249999999905	epochs															feedback_and_iti	173.0
2574.9825	0.9974999999999454	epochs															feedback_delay	173.0
2575.9985	1.9659999999998945	epochs															feedback	173.0
2578.1555	1.987250000000131	epochs															iti	173.0
2580.163	10.854499999999916	epochs															maze	174.0
2580.163	9.267749999999978	epochs															maze_stem	174.0
2580.18325	16.055249999999887	trials	True	True	False	False	False	True	[0.9162569046020508, 0.08374305814504623, 0.15783469378948212, 0.8421652913093567]	0.7584222219884396	-0.07409162446856499	0.37921110540628433	0.03704579919576645	0.9162569046020508	[15371, 15371, 15371, 15371, 15371]	[15435, 15435, 15435, 15435, 15435]		
2589.45275	1.5647500000000036	epochs															maze_arm	174.0
2591.03475	5.18100000000004	epochs															feedback_and_iti	174.0
2591.03475	0.9890000000000327	epochs															feedback_delay	174.0
2592.04325	1.9852499999997235	epochs															feedback	174.0
2594.24025	1.975500000000011	epochs															iti	174.0
2596.2385	9.96875	epochs															maze	175.0
2596.2385	8.425250000000233	epochs															maze_stem	175.0
2596.26025	15.145250000000033	trials	True	True	False	False	False	True	[0.9405019879341125, 0.05949806421995163, 0.10482493788003922, 0.8951749801635742]	0.835676982998848	-0.04532694071531296	0.41783852502703667	0.022663462907075882	0.9405019879341125	[15468, 15468, 15467, 15467, 15467]	[15527, 15526, 15526, 15526, 15526]		
2604.683	1.5242499999999382	epochs															maze_arm	175.0
2606.2245	5.160000000000309	epochs															feedback_and_iti	175.0
2606.2245	0.986250000000382	epochs															feedback_delay	175.0
2607.2275	1.98174999999992	epochs															feedback	175.0
2609.40425	1.9802500000000691	epochs															iti	175.0
2611.4055	7.855250000000069	epochs															maze	176.0
2611.4055	5.860500000000229	epochs															maze_stem	176.0
2611.42425	13.05099999999993	trials	False	True	False	True	True	True	[0.9264340400695801, 0.0735659971833229, 0.10753579437732697, 0.892464280128479]	0.8188982643187046	-0.033969778567552567	0.40944914147257805	-0.016984861344099045	0.892464280128479	[15559, 15558, 15558, 15558, 15558]	[15605, 15605, 15604, 15604, 15604]		
2617.286	1.9747499999998581	epochs															maze_arm	176.0
2619.278	5.171750000000429	epochs															feedback_and_iti	176.0
2619.278	0.9900000000002365	epochs															feedback_delay	176.0
2620.2875	1.9777500000000146	epochs															feedback	176.0
2622.46375	1.986000000000331	epochs															iti	176.0
2624.47525	10.315500000000156	epochs															maze	177.0
2624.47525	6.235000000000127	epochs															maze_stem	177.0
2624.50025	15.508749999999964	trials	False	True	False	True	True	True	[0.9253064393997192, 0.07469351589679718, 0.17181020975112915, 0.8281898498535156]	0.7534962818026543	-0.09711664170026779	0.3767481669783592	-0.0485583171248436	0.8281898498535156	[15637, 15637, 15637, 15636, 15636]	[15698, 15698, 15698, 15697, 15697]		
2630.7285	4.062249999999949	epochs															maze_arm	177.0
2634.81575	5.172249999999622	epochs															feedback_and_iti	177.0
2634.81575	0.9892499999996289	epochs															feedback_delay	177.0
2635.82375	1.9852500000001783	epochs															feedback	177.0
2637.99625	1.9917499999996835	epochs															iti	177.0
2640.009	12.033249999999953	epochs															maze	178.0
2640.009	10.478000000000065	epochs															maze_stem	178.0
2640.0325	17.22400000000016	trials	False	True	False	False	False	True	[0.9168040752410889, 0.08319590985774994, 0.15235397219657898, 0.8476460576057434]	0.7644501253962517	-0.06915803998708725	0.38222505152225494	0.03457902371883392	0.9168040752410889	[15730, 15730, 15730, 15730, 15729]	[15801, 15801, 15801, 15801, 15801]		
2650.5085	1.5337500000000546	epochs															maze_arm	178.0
2652.06	5.175999999999931	epochs															feedback_and_iti	178.0
2652.06	0.993750000000091	epochs															feedback_delay	178.0
2653.072	1.9809999999997672	epochs															feedback	178.0
2655.25725	1.9787499999997635	epochs															iti	178.0
2657.2565	7.850500000000011	epochs															maze	179.0
2657.2565	5.730000000000018	epochs															maze_stem	179.0
2657.2755	13.04424999999992	trials	False	True	False	True	True	True	[0.9492577910423279, 0.05074221268296242, 0.08458512276411057, 0.9154148101806641]	0.8646726328879595	-0.03384294547140598	0.4323362987488508	-0.01692148856818676	0.9154148101806641	[15834, 15833, 15833, 15833, 15833]	[15880, 15880, 15879, 15879, 15879]		
2663.0065	2.100500000000011	epochs															maze_arm	179.0
2665.12325	5.175499999999829	epochs															feedback_and_iti	179.0
2665.12325	0.9904999999998836	epochs															feedback_delay	179.0
2666.13375	1.9887499999999818	epochs															feedback	179.0
2668.3025	1.9962500000001455	epochs															iti	179.0
2670.31975	13.58324999999968	epochs															maze	180.0
2670.31975	11.618249999999989	epochs															maze_stem	180.0
2670.3405	18.761250000000018	trials	False	True	False	False	False	True	[0.9215771555900574, 0.07842284440994263, 0.14327773451805115, 0.8567222356796265]	0.778299406170845	-0.06485490500926971	0.3891497105360031	0.03242744505405426	0.9215771555900574	[15912, 15912, 15912, 15911, 15911]	[15992, 15992, 15992, 15992, 15992]		
2681.9595	1.9434999999998581	epochs															maze_arm	180.0
2683.9195	5.161750000000211	epochs															feedback_and_iti	180.0
2683.9195	0.9802500000000691	epochs															feedback_delay	180.0
2684.92275	1.9847499999996217	epochs															feedback	180.0
2687.094	1.987250000000131	epochs															iti	180.0
2689.10175	7.793500000000222	epochs															maze	181.0
2689.10175	5.864250000000084	epochs															maze_stem	181.0
2689.12225	12.970000000000255	trials	False	True	False	True	True	True	[0.9557324647903442, 0.04426758363842964, 0.08302968740463257, 0.9169703722000122]	0.8727027829736471	-0.03876209817826748	0.4363513942807913	-0.019381022080779076	0.9169703722000122	[16025, 16024, 16024, 16024, 16024]	[16070, 16070, 16070, 16070, 16070]		
2694.98575	1.9095000000002074	epochs															maze_arm	181.0
2696.91325	5.15625	epochs															feedback_and_iti	181.0
2696.91325	0.9897499999997308	epochs															feedback_delay	181.0
2697.91925	1.9692500000001019	epochs															feedback	181.0
2700.077	1.9924999999998363	epochs															iti	181.0
2702.09225	12.755999999999858	epochs															maze	182.0
2702.09225	10.907999999999902	epochs															maze_stem	182.0
2702.1135	17.952250000000276	trials	False	True	False	False	False	True	[0.9232304692268372, 0.07676951587200165, 0.135959193110466, 0.8640408515930176]	0.7872713059186935	-0.05918964743614197	0.3936356380581856	0.02959483116865158	0.9232304692268372	[16102, 16102, 16102, 16102, 16102]	[16178, 16178, 16178, 16177, 16177]		
2713.0205	1.8277499999999236	epochs															maze_arm	182.0
2714.86625	5.176249999999982	epochs															feedback_and_iti	182.0
2714.86625	0.98824999999988	epochs															feedback_delay	182.0
2715.87175	1.9920000000001892	epochs															feedback	182.0
2718.07275	1.9697500000002037	epochs															iti	182.0
2720.06575	11.986749999999574	epochs															maze	183.0
2720.06575	10.31524999999965	epochs															maze_stem	183.0
2720.08575	17.173999999999978	trials	False	True	False	False	False	True	[0.9575706124305725, 0.04242934659123421, 0.0799478217959404, 0.920052170753479]	0.8776228073984385	-0.03751845844089985	0.43881139531731606	0.018759217113256454	0.9575706124305725	[16210, 16210, 16210, 16210, 16209]	[16281, 16281, 16281, 16281, 16280]		
2730.40225	1.6502499999996871	epochs															maze_arm	183.0
2732.0685	5.168500000000222	epochs															feedback_and_iti	183.0
2732.0685	0.9847500000000764	epochs															feedback_delay	183.0
2733.075	1.9900000000002365	epochs															feedback	183.0
2735.24925	1.9877500000002328	epochs															iti	183.0
2737.25975	12.850999999999658	epochs															maze	184.0
2737.25975	10.818749999999909	epochs															maze_stem	184.0
2737.2795	18.04449999999997	trials	True	True	False	False	False	True	[0.9549007415771484, 0.04509923979640007, 0.0897626280784607, 0.9102373123168945]	0.8651380930095911	-0.044663408771157265	0.43256905674934387	0.022331684827804565	0.9549007415771484	[16313, 16313, 16313, 16313, 16312]	[16389, 16389, 16389, 16389, 16389]		
2748.10025	2.0104999999998654	epochs															maze_arm	184.0
2750.1275	5.17574999999988	epochs															feedback_and_iti	184.0
2750.1275	0.9895000000001346	epochs															feedback_delay	184.0
2751.133	1.9880000000002838	epochs															feedback	184.0
2753.31425	1.9890000000000327	epochs															iti	184.0
2755.324	7.998999999999796	epochs															maze	185.0
2755.324	5.673249999999825	epochs															maze_stem	185.0
2755.34425	13.181749999999738	trials	True	True	False	True	True	True	[0.9435346722602844, 0.05646538734436035, 0.09661107510328293, 0.9033889770507812]	0.8469235934317112	-0.040145691484212875	0.42346179485321045	-0.0200728178024292	0.9033889770507812	[16422, 16421, 16421, 16421, 16421]	[16469, 16468, 16468, 16468, 16468]		
2761.018	2.3049999999998363	epochs															maze_arm	185.0
2763.342	5.161749999999756	epochs															feedback_and_iti	185.0
2763.342	0.9977499999999964	epochs															feedback_delay	185.0
2764.358	1.9717499999997017	epochs															feedback	185.0
2766.51225	1.9914999999996326	epochs															iti	185.0
2768.526	13.925250000000233	epochs															maze	186.0
2768.526	12.660750000000007	epochs															maze_stem	186.0
2768.54625	19.12400000000025	trials	False	True	False	False	False	True	[0.9237035512924194, 0.07629647850990295, 0.13858148455619812, 0.8614184856414795]	0.7851220369338989	-0.062285035848617554	0.39256103336811066	0.031142517924308777	0.9237035512924194	[16501, 16501, 16500, 16500, 16500]	[16583, 16583, 16583, 16583, 16583]		
2781.20775	1.24350000000004	epochs															maze_arm	186.0
2782.4695	5.177999999999884	epochs															feedback_and_iti	186.0
2782.4695	0.9952499999999418	epochs															feedback_delay	186.0
2783.48175	1.9797499999999673	epochs															feedback	186.0
2785.657	1.9904999999998836	epochs															iti	186.0
2787.67025	11.78125	epochs															maze	187.0
2787.67025	10.045000000000073	epochs															maze_stem	187.0
2787.69475	16.974499999999807	trials	False	True	False	False	False	True	[0.9576255083084106, 0.042374465614557266, 0.08342830091714859, 0.9165716767311096]	0.8741972092539072	-0.041053833439946175	0.437098603695631	0.020526904612779617	0.9576255083084106	[16616, 16615, 16615, 16615, 16615]	[16685, 16685, 16685, 16685, 16684]		
2797.73625	1.7152500000001965	epochs															maze_arm	187.0
2799.46925	5.1784999999999854	epochs															feedback_and_iti	187.0
2799.46925	0.9984999999996944	epochs															feedback_delay	187.0
2800.4865	1.9760000000001128	epochs															feedback	187.0
2802.6545	1.993249999999989	epochs															iti	187.0
2804.66925	7.6397500000002765	epochs															maze	188.0
2804.66925	5.943000000000211	epochs															maze_stem	188.0
2804.69	12.819750000000113	trials	False	True	False	True	True	True	[0.9547722339630127, 0.04522775858640671, 0.09188985824584961, 0.9081102013587952]	0.8628824092447758	-0.046662066131830215	0.43144122138619423	-0.023331020027399063	0.9081102013587952	[16717, 16717, 16717, 16717, 16717]	[16762, 16762, 16762, 16762, 16762]		
2810.634	1.675000000000182	epochs															maze_arm	188.0
2812.32525	5.163750000000164	epochs															feedback_and_iti	188.0
2812.32525	0.9882500000003347	epochs															feedback_delay	188.0
2813.33025	1.9792499999998654	epochs															feedback	188.0
2815.49475	1.9942500000001928	epochs															iti	188.0
2817.50975	16.612749999999778	epochs															maze	189.0
2817.50975	14.983749999999873	epochs															maze_stem	189.0
2817.5285	21.796499999999924	trials	False	True	False	False	False	True	[0.9276109933853149, 0.07238896191120148, 0.13887643814086914, 0.8611236214637756]	0.78873460739851	-0.06648742407560349	0.3943672776222229	0.03324371576309204	0.9276109933853149	[16794, 16794, 16794, 16794, 16794]	[16893, 16893, 16893, 16893, 16892]		
2832.5155	1.606999999999971	epochs															maze_arm	189.0
2834.13975	5.163750000000164	epochs															feedback_and_iti	189.0
2834.13975	0.9890000000000327	epochs															feedback_delay	189.0
2835.14775	1.981499999999869	epochs															feedback	189.0
2837.3205	1.9830000000001746	epochs															iti	189.0
2839.325	9.327999999999975	epochs															maze	190.0
2839.325	7.041000000000167	epochs															maze_stem	190.0
2839.34775	16.363749999999982	trials	False	True	False	False	True	False	[0.9589952826499939, 0.041004765778779984, 0.08253397047519684, 0.9174659848213196]	0.8764612656086683	-0.041529251262545586	-0.4382306095212698	-0.020764624699950218	0.041004765778779984	[16925, 16925, 16925, 16925, 16924]	[16980, 16980, 16980, 16980, 16979]		
2846.38725	2.2657499999995707	epochs															maze_arm	190.0
2848.67275	7.018000000000029	epochs															feedback_and_iti	190.0
2848.67275	0.9969999999998436	epochs															feedback_delay	190.0
2849.6965	1.9737500000001091	epochs															feedback	190.0
2851.70825	3.9825000000000728	epochs															iti	190.0
2855.7115	10.116750000000138	epochs															maze	191.0
2855.7115	8.727499999999964	epochs															maze_stem	191.0
2855.73	17.16924999999992	trials	False	True	False	True	False	False	[0.5231966376304626, 0.47680342197418213, 0.15680387616157532, 0.8431960940361023]	0.36639271676540375	0.31999950110912323	-0.18319638073444366	-0.15999974310398102	0.15680387616157532	[17024, 17023, 17023, 17023, 17023]	[17083, 17083, 17083, 17083, 17082]		
2864.45975	1.36850000000004	epochs															maze_arm	191.0
2865.852	7.027000000000044	epochs															feedback_and_iti	191.0
2865.852	0.9980000000000473	epochs															feedback_delay	191.0
2866.86925	1.9789999999998145	epochs															feedback	191.0
2868.88475	3.994249999999738	epochs															iti	191.0
2872.89925	8.30475000000024	epochs															maze	192.0
2872.89925	6.664749999999913	epochs															maze_stem	192.0
2872.92	15.337500000000091	trials	False	True	False	True	False	False	[0.8802900910377502, 0.11970989406108856, 0.3844515085220337, 0.6155484914779663]	0.49583858996629715	-0.26474160701036453	-0.24791929125785828	0.13237079977989197	0.3844515085220337	[17127, 17126, 17126, 17126, 17126]	[17175, 17175, 17175, 17175, 17175]		
2879.5835	1.6204999999999927	epochs															maze_arm	192.0
2881.21925	7.014749999999822	epochs															feedback_and_iti	192.0
2881.21925	0.9939999999996871	epochs															feedback_delay	192.0
2882.22975	1.981249999999818	epochs															feedback	192.0
2884.2465	3.987499999999727	epochs															iti	192.0
2888.2575	10.36449999999968	epochs															maze	193.0
2888.2575	8.301749999999629	epochs															maze_stem	193.0
2888.28875	17.413499999999658	trials	True	True	False	True	False	False	[0.9021210670471191, 0.09787897765636444, 0.5118029713630676, 0.4881970286369324]	0.3903180733323097	-0.413924016058445	-0.19515904784202576	0.20696201920509338	0.5118029713630676	[17219, 17218, 17218, 17218, 17218]	[17280, 17280, 17279, 17279, 17279]		
2896.5805	2.0414999999998145	epochs															maze_arm	193.0
2898.6395	7.037249999999858	epochs															feedback_and_iti	193.0
2898.6395	0.9904999999998836	epochs															feedback_delay	193.0
2899.64875	1.9900000000002365	epochs															feedback	193.0
2901.6745	4.002250000000004	epochs															iti	193.0
2905.70225	8.394500000000335	epochs															maze	194.0
2905.70225	7.047750000000178	epochs															maze_stem	194.0
2905.7235	15.428750000000036	trials	False	True	False	True	False	False	[0.8969995379447937, 0.1030004546046257, 0.6425997018814087, 0.3574003577232361]	0.2543998695909977	-0.5395992137491703	-0.1271999180316925	0.2697996199131012	0.6425997018814087	[17323, 17323, 17323, 17323, 17322]	[17373, 17372, 17372, 17372, 17372]		
2912.76975	1.3270000000002256	epochs															maze_arm	194.0
2914.1225	7.008249999999862	epochs															feedback_and_iti	194.0
2914.1225	0.9859999999998763	epochs															feedback_delay	194.0
2915.1255	1.9832499999997708	epochs															feedback	194.0
2917.146	3.9847499999996217	epochs															iti	194.0
2921.15225	7.923999999999978	epochs															maze	195.0
2921.15225	6.716499999999996	epochs															maze_stem	195.0
2921.173	14.965500000000247	trials	False	True	False	True	False	False	[0.8648185133934021, 0.13518153131008148, 0.5448194742202759, 0.4551805257797241]	0.31999901682138443	-0.4096379652619362	-0.1599995195865631	0.204818993806839	0.5448194742202759	[17416, 17416, 17416, 17415, 17415]	[17462, 17462, 17462, 17462, 17462]		
2927.891	1.1852499999999964	epochs															maze_arm	195.0
2929.09475	7.020999999999731	epochs															feedback_and_iti	195.0
2929.09475	0.994499999999789	epochs															feedback_delay	195.0
2930.1075	1.9800000000000182	epochs															feedback	195.0
2932.26675	3.84900000000016	epochs															iti	195.0
2936.1385	10.968249999999898	epochs															maze	196.0
2936.1385	6.177499999999782	epochs															maze_stem	196.0
2936.164	16.16274999999996	trials	True	True	False	True	True	True	[0.790387749671936, 0.20961223542690277, 0.4348030090332031, 0.5651970505714417]	0.3555847778916359	-0.22519073635339737	0.17779240757226944	-0.11259535700082779	0.5651970505714417	[17506, 17506, 17505, 17505, 17505]	[17507, 17507, 17507, 17507, 17507]		
2942.3365	4.770250000000033	epochs															maze_arm	196.0
2947.12425	5.17975000000024	epochs															feedback_and_iti	196.0
2947.12425	0.9920000000001892	epochs															feedback_delay	196.0
2948.133	1.9877500000002328	epochs															feedback	196.0
2950.30575	1.9982500000000982	epochs															iti	196.0
2952.32675	8.696999999999662	epochs															maze	197.0
2952.32675	6.6167499999996835	epochs															maze_stem	197.0
2952.35	13.891500000000178	trials	False	True	False	True	True	True	[0.7604923844337463, 0.23950758576393127, 0.2734566628932953, 0.7265433073043823]	0.48703572154045105	-0.033949077129364014	0.24351786077022552	-0.0169745534658432	0.7265433073043823	[-2147483648, -2147483648, -2147483648, -2147483648, -2147483648]	[-2147483648, -2147483648, -2147483648, -2147483648, -2147483648]		
2958.96475	2.0589999999997417	epochs															maze_arm	197.0
2961.042	5.1772500000001855	epochs															feedback_and_iti	197.0
2961.042	0.9917500000001382	epochs															feedback_delay	197.0
2962.054	1.9727499999999054	epochs															feedback	197.0
2964.231	1.98824999999988	epochs															iti	197.0
2966.2415	13.00500000000011	epochs															maze	198.0
2966.2415	11.040750000000116	epochs															maze_stem	198.0
2966.263	20.040250000000015	trials	False	True	False	False	True	False	[0.8402848243713379, 0.1597151756286621, 0.2523036301136017, 0.7476963996887207]	0.5879812091588974	-0.09258843958377838	-0.2939906120300293	-0.046294212341308594	0.1597151756286621	[-2147483648, -2147483648, -2147483648, -2147483648, -2147483648]	[-2147483648, -2147483648, -2147483648, -2147483648, -2147483648]		
2977.303	1.9435000000003129	epochs															maze_arm	198.0
2979.2665	7.0154999999999745	epochs															feedback_and_iti	198.0
2979.2665	0.9907499999999345	epochs															feedback_delay	198.0
2980.27475	1.9854999999997744	epochs															feedback	198.0
2982.29975	3.982250000000022	epochs															iti	198.0
2986.30325	11.560500000000047	epochs															maze	199.0
2986.30325	8.627500000000055	epochs															maze_stem	199.0
2986.32525	18.59900000000016	trials	False	True	False	False	True	False	[0.34278419613838196, 0.6572158336639404, 0.20417042076587677, 0.7958295941352844]	0.1386137679219246	0.45304540544748306	-0.069306880235672	0.22652271389961243	0.6572158336639404	[-2147483648, -2147483648, -2147483648, -2147483648, -2147483648]	[-2147483648, -2147483648, -2147483648, -2147483648, -2147483648]		
2994.953	2.9107500000000073	epochs															maze_arm	199.0
2997.881	7.0212500000002365	epochs															feedback_and_iti	199.0
2997.881	0.9945000000002437	epochs															feedback_delay	199.0
2998.89575	1.9837499999998727	epochs															feedback	199.0
3000.91925	3.9830000000001746	epochs															iti	199.0
3004.92425	17.023749999999836	epochs															maze	200.0
3004.92425	14.805499999999938	epochs															maze_stem	200.0
3004.94625	24.073499999999967	trials	False	True	False	False	True	False	[0.23655055463314056, 0.7634494304656982, 0.2154408097267151, 0.7845591902732849]	0.021109752357006073	0.5480086281895638	-0.010554879903793335	0.2740043103694916	0.7634494304656982	[-2147483648, -2147483648, -2147483648, -2147483648, -2147483648]	[-2147483648, -2147483648, -2147483648, -2147483648, -2147483648]		
3019.75375	2.194250000000011	epochs															maze_arm	200.0
3021.9735	7.023999999999887	epochs															feedback_and_iti	200.0
3021.9735	0.98824999999988	epochs															feedback_delay	200.0
3022.9785	1.9852499999997235	epochs															feedback	200.0
3025.0	3.9974999999999454	epochs															iti	200.0
3029.01975	9.663500000000113	epochs															maze	201.0
3029.01975	7.856499999999869	epochs															maze_stem	201.0
3029.042	14.848500000000058	trials	False	True	False	True	True	True	[0.23591625690460205, 0.764083743095398, 0.22546376287937164, 0.7745362520217896]	0.010452501475811005	0.5386199876666069	0.005226254463195801	0.26930999755859375	0.7745362520217896	[-2147483648, -2147483648, -2147483648, -2147483648, -2147483648]	[-2147483648, -2147483648, -2147483648, -2147483648, -2147483648]		
3036.8975	1.7857500000000073	epochs															maze_arm	201.0
3038.703	5.165750000000116	epochs															feedback_and_iti	201.0
3038.703	0.9927499999998872	epochs															feedback_delay	201.0
3039.714	1.9864999999999782	epochs															feedback	201.0
3041.88575	1.9830000000001746	epochs															iti	201.0
3043.8905	10.075249999999869	epochs															maze	202.0
3043.8905	8.001749999999902	epochs															maze_stem	202.0
3043.91125	15.25774999999976	trials	False	True	False	True	True	True	[0.33234092593193054, 0.6676590442657471, 0.16015298664569855, 0.8398470282554626]	0.17218796163797379	0.5075060799717903	0.08609399199485779	0.25375303626060486	0.8398470282554626	[-2147483648, -2147483648, -2147483648, -2147483648, -2147483648]	[-2147483648, -2147483648, -2147483648, -2147483648, -2147483648]		
3051.91375	2.05199999999968	epochs															maze_arm	202.0
3053.983	5.164999999999964	epochs															feedback_and_iti	202.0
3053.983	0.9969999999998436	epochs															feedback_delay	202.0
3055.0	1.9710000000000036	epochs															feedback	202.0
3057.15975	1.9882500000003347	epochs															iti	202.0
3059.169	10.528749999999945	epochs															maze	203.0
3059.169	6.887250000000222	epochs															maze_stem	203.0
3059.19025	15.695749999999862	trials	False	True	False	True	True	True	[0.47619661688804626, 0.5238034129142761, 0.16144756972789764, 0.8385524749755859]	0.3147490546107292	0.3623558506369591	0.1573745310306549	0.18117794394493103	0.8385524749755859	[-2147483648, -2147483648, -2147483648, -2147483648, -2147483648]	[-2147483648, -2147483648, -2147483648, -2147483648, -2147483648]		
3066.07725	3.6204999999999927	epochs															maze_arm	203.0
3069.71675	5.150000000000091	epochs															feedback_and_iti	203.0
3069.71675	0.9842499999999745	epochs															feedback_delay	203.0
3070.71875	1.9862499999999272	epochs															feedback	203.0
3072.87575	1.9909999999999854	epochs															iti	203.0
3074.886	13.764250000000175	epochs															maze	204.0
3074.886	10.647750000000087	epochs															maze_stem	204.0
3074.91	20.815500000000156	trials	False	True	False	False	True	False	[0.45072612166404724, 0.5492739081382751, 0.14639632403850555, 0.8536036610603333]	0.3043297752737999	0.4028775617480278	-0.15216487646102905	0.2014387845993042	0.5492739081382751	[-2147483648, -2147483648, -2147483648, -2147483648, -2147483648]	[-2147483648, -2147483648, -2147483648, -2147483648, -2147483648]		
3085.555	3.0952500000003056	epochs															maze_arm	204.0
3088.6685	7.032749999999851	epochs															feedback_and_iti	204.0
3088.6685	0.9837499999998727	epochs															feedback_delay	204.0
3089.6705	1.9962499999996908	epochs															feedback	204.0
3091.70525	3.9960000000000946	epochs															iti	204.0
3095.7255	8.045999999999822	epochs															maze	205.0
3095.7255	5.952499999999873	epochs															maze_stem	205.0
3095.7475	13.226000000000113	trials	False	True	False	True	True	True	[0.24040868878364563, 0.759591281414032, 0.1619347482919693, 0.8380652070045471]	0.07847393304109573	0.5976565256714821	0.03923696279525757	0.29882824420928955	0.8380652070045471	[-2147483648, -2147483648, -2147483648, -2147483648, -2147483648]	[-2147483648, -2147483648, -2147483648, -2147483648, -2147483648]		
3101.7015	2.069999999999709	epochs															maze_arm	205.0
3103.79	5.162000000000262	epochs															feedback_and_iti	205.0
3103.79	0.9945000000002437	epochs															feedback_delay	205.0
3104.8035	1.9802500000000691	epochs															feedback	205.0
3106.97775	1.974250000000211	epochs															iti	205.0
3108.9735	11.050499999999829	epochs															maze	206.0
3108.9735	8.079249999999774	epochs															maze_stem	206.0
3108.9955	18.09375	trials	False	True	False	False	True	False	[0.2669742703437805, 0.7330257296562195, 0.1181323304772377, 0.8818676471710205]	0.14884192869067192	0.6148933880031109	-0.07442095875740051	0.30744668841362	0.7330257296562195	[17516, 17516, 17516, 17516, 17516]	[17582, 17582, 17581, 17581, 17581]		
3117.07325	2.950749999999971	epochs															maze_arm	206.0
3120.04225	7.022750000000087	epochs															feedback_and_iti	206.0
3120.04225	0.9992499999998472	epochs															feedback_delay	206.0
3121.0605	1.969749999999749	epochs															feedback	206.0
3123.06925	3.9957500000000437	epochs															iti	206.0
3127.08925	8.910499999999956	epochs															maze	207.0
3127.08925	6.5090000000000146	epochs															maze_stem	207.0
3127.113	14.119750000000295	trials	True	True	False	True	True	True	[0.2101253867149353, 0.7898746132850647, 0.1566859781742096, 0.843313992023468]	0.053439393639564514	0.6331886202096939	0.02671968936920166	0.31659430265426636	0.843313992023468	[17625, 17625, 17625, 17624, 17624]	[17678, 17677, 17677, 17677, 17677]		
3133.62	2.379750000000058	epochs															maze_arm	207.0
3136.0175	5.192500000000109	epochs															feedback_and_iti	207.0
3136.0175	0.987250000000131	epochs															feedback_delay	207.0
3137.023	1.9862499999999272	epochs															feedback	207.0
3139.20975	2.000250000000051	epochs															iti	207.0
3141.23275	11.495249999999942	epochs															maze	208.0
3141.23275	8.920249999999669	epochs															maze_stem	208.0
3141.2535	16.69775000000027	trials	True	True	False	True	True	True	[0.19781997799873352, 0.8021799921989441, 0.09603968262672424, 0.9039602875709534]	0.10178029537200928	0.7061403095722198	0.05089014768600464	0.35307013988494873	0.9039602875709534	[17710, 17710, 17709, 17709, 17709]	[17778, 17778, 17777, 17777, 17777]		
3150.17475	2.5532499999999345	epochs															maze_arm	208.0
3152.74725	5.18100000000004	epochs															feedback_and_iti	208.0
3152.74725	0.9835000000002765	epochs															feedback_delay	208.0
3153.7485	1.9964999999997417	epochs															feedback	208.0
3155.9405	1.987749999999778	epochs															iti	208.0
3157.95125	12.185750000000098	epochs															maze	209.0
3157.95125	9.130749999999807	epochs															maze_stem	209.0
3157.9755	19.22375000000011	trials	False	True	False	False	True	False	[0.3085077702999115, 0.6914921998977661, 0.10858114063739777, 0.8914188742637634]	0.19992665201425552	0.5829110816121101	-0.09996333718299866	0.29145553708076477	0.6914921998977661	[17810, 17810, 17810, 17810, 17809]	[17882, 17882, 17882, 17882, 17881]		
3167.1055	3.031500000000051	epochs															maze_arm	209.0
3170.156	7.021499999999833	epochs															feedback_and_iti	209.0
3170.156	0.9982500000000982	epochs															feedback_delay	209.0
3171.17225	1.9800000000000182	epochs															feedback	209.0
3173.191	3.986499999999978	epochs															iti	209.0
3177.19925	9.305749999999989	epochs															maze	210.0
3177.19925	5.995750000000044	epochs															maze_stem	210.0
3177.22025	14.50649999999996	trials	False	True	False	True	True	True	[0.18805603682994843, 0.8119439482688904, 0.1273992657661438, 0.8726006746292114]	0.060656748712062836	0.6845446601510048	0.030328363180160522	0.3422723114490509	0.8726006746292114	[17926, 17925, 17925, 17925, 17925]	[17980, 17980, 17980, 17980, 17980]		
3183.21625	3.2887500000001637	epochs															maze_arm	210.0
3186.523	5.182499999999891	epochs															feedback_and_iti	210.0
3186.523	0.9897499999997308	epochs															feedback_delay	210.0
3187.5305	1.9920000000001892	epochs															feedback	210.0
3189.72025	1.9852500000001783	epochs															iti	210.0
3191.72675	9.728750000000218	epochs															maze	211.0
3191.72675	7.315500000000156	epochs															maze_stem	211.0
3191.748	16.766250000000127	trials	False	True	False	False	True	False	[0.16766563057899475, 0.8323343992233276, 0.08847254514694214, 0.9115273952484131]	0.07919304072856903	0.7438618093729019	-0.039596498012542725	0.37193089723587036	0.8323343992233276	[18013, 18012, 18012, 18012, 18012]	[18070, 18070, 18070, 18069, 18069]		
3199.0635	2.3919999999998254	epochs															maze_arm	211.0
3201.47425	7.017749999999978	epochs															feedback_and_iti	211.0
3201.47425	0.9919999999997344	epochs															feedback_delay	211.0
3202.48325	1.9784999999997126	epochs															feedback	211.0
3204.50025	3.9917500000001382	epochs															iti	211.0
3208.51425	9.86999999999989	epochs															maze	212.0
3208.51425	7.513999999999669	epochs															maze_stem	212.0
3208.53375	16.90774999999985	trials	False	True	False	False	True	False	[0.16609305143356323, 0.833906888961792, 0.12711742520332336, 0.8728825449943542]	0.03897564113140106	0.7067894786596298	-0.019487828016281128	0.3533947169780731	0.833906888961792	[18113, 18113, 18113, 18113, 18113]	[18172, 18171, 18171, 18171, 18171]		
3216.04925	2.3350000000000364	epochs															maze_arm	212.0
3218.40275	7.013999999999669	epochs															feedback_and_iti	212.0
3218.40275	0.9989999999997963	epochs															feedback_delay	212.0
3219.4295	1.9637499999998909	epochs															feedback	212.0
3221.43175	3.9849999999996726	epochs															iti	212.0
3225.4415	8.71875	epochs															maze	213.0
3225.4415	6.9337500000001455	epochs															maze_stem	213.0
3225.46425	15.7487500000002	trials	False	True	False	False	True	False	[0.09389178454875946, 0.9061082601547241, 0.09847848117351532, 0.9015215039253235]	-0.004586726427078247	0.8076297491788864	0.0022933781147003174	0.4038148820400238	0.9061082601547241	[18215, 18215, 18214, 18214, 18214]	[18266, 18266, 18266, 18266, 18265]		
3232.399	1.7612500000000182	epochs															maze_arm	213.0
3234.177	7.011749999999665	epochs															feedback_and_iti	213.0
3234.177	0.9997499999999491	epochs															feedback_delay	213.0
3235.19425	1.9727499999999054	epochs															feedback	213.0
3237.2045	3.9842499999999745	epochs															iti	213.0
3241.213	13.203749999999673	epochs															maze	214.0
3241.213	8.06399999999985	epochs															maze_stem	214.0
3241.2345	20.24850000000015	trials	False	True	False	False	True	False	[0.09309171885251999, 0.9069083333015442, 0.10610375553369522, 0.893896222114563]	-0.013012073934078217	0.800804540514946	0.006506055593490601	0.4004022777080536	0.9069083333015442	[18309, 18309, 18309, 18309, 18309]	[18388, 18387, 18387, 18387, 18387]		
3249.29875	5.117999999999938	epochs															maze_arm	214.0
3254.43425	7.028000000000247	epochs															feedback_and_iti	214.0
3254.43425	0.9875000000001819	epochs															feedback_delay	214.0
3255.441	1.9790000000002692	epochs															feedback	214.0
3257.46325	3.999000000000251	epochs															iti	214.0
3261.483	9.261250000000018	epochs															maze	215.0
3261.483	5.737999999999829	epochs															maze_stem	215.0
3261.5045	14.460000000000036	trials	True	True	False	True	True	True	[0.08971148729324341, 0.9102885127067566, 0.10728617757558823, 0.8927138447761536]	-0.017574679106473923	0.8030023463070393	-0.008787333965301514	0.4015011787414551	0.8927138447761536	[18431, 18431, 18431, 18430, 18430]	[18485, 18485, 18485, 18485, 18485]		
3267.24775	3.4965000000001965	epochs															maze_arm	215.0
3270.76225	5.181499999999687	epochs															feedback_and_iti	215.0
3270.76225	0.9977499999999964	epochs															feedback_delay	215.0
3271.776	1.97400000000016	epochs															feedback	215.0
3273.95325	1.9904999999998836	epochs															iti	215.0
3275.9645	9.169750000000022	epochs															maze	216.0
3275.9645	5.387249999999767	epochs															maze_stem	216.0
3275.9835	14.36725000000024	trials	True	True	False	True	True	True	[0.11087390035390854, 0.8891261219978333, 0.07882566004991531, 0.9211743474006653]	0.03204823285341263	0.8103004544973373	0.016024112701416016	0.40515023469924927	0.9211743474006653	[18518, 18518, 18517, 18517, 18517]	[18572, 18572, 18571, 18571, 18571]		
3281.373	3.761250000000018	epochs															maze_arm	216.0
3285.15275	5.175249999999778	epochs															feedback_and_iti	216.0
3285.15275	0.9819999999999709	epochs															feedback_delay	216.0
3286.1545	1.98824999999988	epochs															feedback	216.0
3288.3675	1.9605000000001382	epochs															iti	216.0
3290.35075	14.429749999999785	epochs															maze	217.0
3290.35075	12.726250000000164	epochs															maze_stem	217.0
3290.3715	19.620249999999942	trials	True	True	False	False	False	True	[0.20660839974880219, 0.7933915853500366, 0.09800916165113449, 0.9019908905029297]	0.10859927162528038	0.6953824572265148	0.05429961904883385	-0.34769121930003166	0.20660839974880219	[18604, 18604, 18604, 18603, 18603]	[18690, 18689, 18689, 18689, 18689]		
3303.09825	1.68224999999984	epochs															maze_arm	217.0
3304.79975	5.17049999999972	epochs															feedback_and_iti	217.0
3304.79975	0.9884999999999309	epochs															feedback_delay	217.0
3305.80525	1.9895000000001346	epochs															feedback	217.0
3308.0	1.9702499999998508	epochs															iti	217.0
3309.99175	8.862749999999778	epochs															maze	218.0
3309.99175	7.2914999999998145	epochs															maze_stem	218.0
3310.0145	15.901999999999589	trials	False	True	False	False	True	False	[0.28579068183898926, 0.714209258556366, 0.09054221957921982, 0.909457802772522]	0.19524850323796272	0.6236670799553394	-0.097624272108078	0.31183353066444397	0.714209258556366	[18722, 18722, 18721, 18721, 18721]	[18774, 18774, 18774, 18773, 18773]		
3317.30425	1.550249999999778	epochs															maze_arm	218.0
3318.872	7.018500000000131	epochs															feedback_and_iti	218.0
3318.872	0.9957500000000437	epochs															feedback_delay	218.0
3319.885	1.98174999999992	epochs															feedback	218.0
3321.9055	3.9850000000001273	epochs															iti	218.0
3325.9165	11.239250000000084	epochs															maze	219.0
3325.9165	7.650500000000193	epochs															maze_stem	219.0
3325.94375	18.270750000000135	trials	False	True	False	True	False	False	[0.2169148027896881, 0.7830851674079895, 0.14712435007095337, 0.8528755903244019]	0.06979043781757355	0.6359608024358749	-0.03489522635936737	-0.31798042356967926	0.14712435007095337	[18817, 18817, 18817, 18817, 18816]	[18884, 18884, 18883, 18883, 18883]		
3333.5865	3.569250000000011	epochs															maze_arm	219.0
3337.1735	7.0145000000002256	epochs															feedback_and_iti	219.0
3337.1735	0.9932499999999891	epochs															feedback_delay	219.0
3338.1855	1.9715000000001055	epochs															feedback	219.0
3340.1975	3.9904999999998836	epochs															iti	219.0
3344.2145	6.880000000000109	epochs															maze	220.0
3344.2145	5.118249999999989	epochs															maze_stem	220.0
3344.242	13.911999999999807	trials	False	True	False	False	True	False	[0.32659056782722473, 0.6734094023704529, 0.2633955478668213, 0.7366044521331787]	0.06319503486156464	0.4100138694047928	-0.031597524881362915	0.2050069272518158	0.6734094023704529	[18927, 18927, 18927, 18926, 18926]	[18967, 18967, 18967, 18967, 18966]		
3349.356	1.7384999999999309	epochs															maze_arm	220.0
3351.11425	7.018500000000131	epochs															feedback_and_iti	220.0
3351.11425	0.9972499999998945	epochs															feedback_delay	220.0
3352.1295	1.9774999999999636	epochs															feedback	220.0
3354.147	3.98575000000028	epochs															iti	220.0
3358.154	9.034749999999804	epochs															maze	221.0
3358.154	5.44275000000016	epochs															maze_stem	221.0
3358.1745	14.224749999999858	trials	False	True	False	True	True	True	[0.18055014312267303, 0.8194498419761658, 0.18485862016677856, 0.8151413202285767]	-0.0043084993958473206	0.6345911994576454	-0.0021542608737945557	0.3172955811023712	0.8151413202285767	[19011, 19010, 19010, 19010, 19010]	[19064, 19064, 19063, 19063, 19063]		
3363.62025	3.568499999999858	epochs															maze_arm	221.0
3367.2075	5.16924999999992	epochs															feedback_and_iti	221.0
3367.2075	0.9967499999997926	epochs															feedback_delay	221.0
3368.2235	1.9724999999998545	epochs															feedback	221.0
3370.3955	1.981249999999818	epochs															iti	221.0
3372.39925	10.276499999999942	epochs															maze	222.0
3372.39925	8.858000000000175	epochs															maze_stem	222.0
3372.42025	15.461999999999989	trials	True	True	False	False	False	True	[0.1328435093164444, 0.867156445980072, 0.13357463479042053, 0.8664253354072571]	-0.0007311180233955383	0.7335818186402321	-0.0003655627369880676	-0.36679092794656754	0.1328435093164444	[19096, 19096, 19096, 19095, 19095]	[19157, 19156, 19156, 19156, 19156]		
3381.27775	1.3979999999996835	epochs															maze_arm	222.0
3382.69325	5.167249999999967	epochs															feedback_and_iti	222.0
3382.69325	0.9877500000002328	epochs															feedback_delay	222.0
3383.69825	1.9774999999999636	epochs															feedback	222.0
3385.87825	1.982249999999567	epochs															iti	222.0
3387.88225	8.490499999999884	epochs															maze	223.0
3387.88225	5.567999999999756	epochs															maze_stem	223.0
3387.904	13.693749999999909	trials	False	True	False	True	True	True	[0.3599531650543213, 0.6400468349456787, 0.1817665547132492, 0.8182334899902344]	0.17818663269281387	0.4582803025841713	0.08909332752227783	0.22914016246795654	0.8182334899902344	[19189, 19189, 19188, 19188, 19188]	[19239, 19239, 19238, 19238, 19238]		
3393.4715	2.901249999999891	epochs															maze_arm	223.0
3396.389	5.186499999999796	epochs															feedback_and_iti	223.0
3396.389	0.9960000000000946	epochs															feedback_delay	223.0
3397.4035	1.9857500000002801	epochs															feedback	223.0
3399.57875	1.9967499999997926	epochs															iti	223.0
3401.59775	7.345250000000306	epochs															maze	224.0
3401.59775	5.617999999999938	epochs															maze_stem	224.0
3401.61875	12.517749999999978	trials	False	True	False	True	True	True	[0.709588348865509, 0.2904116213321686, 0.18548619747161865, 0.8145138621330261]	0.524102196097374	0.10492546856403351	0.26205112040042877	0.05246274173259735	0.8145138621330261	[19271, 19271, 19271, 19270, 19270]	[19314, 19314, 19314, 19314, 19313]		
3407.235	1.7080000000000837	epochs															maze_arm	224.0
3408.9615	5.155999999999949	epochs															feedback_and_iti	224.0
3408.9615	0.9847500000000764	epochs															feedback_delay	224.0
3409.96475	1.9832499999997708	epochs															feedback	224.0
3412.1365	1.9809999999997672	epochs															iti	224.0
3414.1365	19.446500000000015	epochs															maze	225.0
3414.1365	5.938999999999851	epochs															maze_stem	225.0
3414.15675	26.492999999999938	trials	False	True	False	True	False	False	[0.6972071528434753, 0.30279284715652466, 0.164585679769516, 0.8354142904281616]	0.5326214581727982	0.13820715248584747	-0.2663107365369797	-0.06910358369350433	0.164585679769516	[19346, 19346, 19346, 19346, 19345]	[19462, 19462, 19461, 19461, 19461]		
3420.09725	13.48575000000028	epochs															maze_arm	225.0
3433.601	7.023749999999836	epochs															feedback_and_iti	225.0
3433.601	0.9922499999997854	epochs															feedback_delay	225.0
3434.6115	1.981249999999818	epochs															feedback	225.0
3436.6335	3.9912500000000364	epochs															iti	225.0
3440.64975	7.047750000000178	epochs															maze	226.0
3440.64975	5.49474999999984	epochs															maze_stem	226.0
3440.675	12.2212499999996	trials	False	True	False	False	False	True	[0.7310564517974854, 0.2689436078071594, 0.42376771569252014, 0.5762322545051575]	0.30728869140148163	-0.1548241525888443	0.1536443680524826	0.07741208374500275	0.7310564517974854	[19505, 19505, 19505, 19505, 19504]	[19547, 19546, 19546, 19546, 19546]		
3446.16575	1.5317500000001019	epochs															maze_arm	226.0
3447.71425	5.160249999999905	epochs															feedback_and_iti	226.0
3447.71425	0.993750000000091	epochs															feedback_delay	226.0
3448.72725	1.9760000000001128	epochs															feedback	226.0
3450.8835	1.9909999999999854	epochs															iti	226.0
3452.89625	9.39325000000008	epochs															maze	227.0
3452.89625	7.923500000000331	epochs															maze_stem	227.0
3452.91675	14.593499999999949	trials	False	True	False	False	False	True	[0.7336115837097168, 0.2663884162902832, 0.2350594401359558, 0.764940619468689]	0.4985521733760834	0.03132900595664978	0.2492760717868805	-0.015664488077163696	0.7336115837097168	[19579, 19578, 19578, 19578, 19578]	[19634, 19634, 19634, 19633, 19633]		
3460.83875	1.450749999999971	epochs															maze_arm	227.0
3462.30775	5.180499999999938	epochs															feedback_and_iti	227.0
3462.30775	0.9822500000000218	epochs															feedback_delay	227.0
3463.3095	1.9905000000003383	epochs															feedback	227.0
3465.497	1.9912500000000364	epochs															iti	227.0
3467.51025	9.072500000000218	epochs															maze	228.0
3467.51025	6.071249999999964	epochs															maze_stem	228.0
3467.53075	14.253500000000258	trials	False	True	False	False	False	True	[0.8719838261604309, 0.12801620364189148, 0.26139596104621887, 0.7386040091514587]	0.6105878353118896	-0.13337978720664978	0.305293932557106	0.06668989360332489	0.8719838261604309	[19666, 19666, 19666, 19666, 19665]	[19720, 19720, 19719, 19719, 19719]		
3473.60325	2.9794999999999163	epochs															maze_arm	228.0
3476.6005	5.164000000000215	epochs															feedback_and_iti	228.0
3476.6005	0.9940000000001419	epochs															feedback_delay	228.0
3477.6185	1.9802500000000691	epochs															feedback	228.0
3479.7775	1.98700000000008	epochs															iti	228.0
3481.78425	8.567000000000007	epochs															maze	229.0
3481.78425	6.7104999999996835	epochs															maze_stem	229.0
3481.806	15.593499999999949	trials	False	True	False	False	True	False	[0.9014888405799866, 0.09851112961769104, 0.23689474165439606, 0.7631052136421204]	0.6645940914750099	-0.13838361948728561	-0.33229704201221466	-0.0691918283700943	0.09851112961769104	[19752, 19752, 19751, 19751, 19751]	[19802, 19802, 19802, 19802, 19801]		
3488.5145	1.8367499999999382	epochs															maze_arm	229.0
3490.37	7.008499999999913	epochs															feedback_and_iti	229.0
3490.37	0.9974999999999454	epochs															feedback_delay	229.0
3491.384	1.9720000000002074	epochs															feedback	229.0
3493.3945	3.9839999999999236	epochs															iti	229.0
3497.3995	10.074999999999818	epochs															maze	230.0
3497.3995	8.844750000000204	epochs															maze_stem	230.0
3497.42025	15.277749999999742	trials	False	True	False	False	False	True	[0.4858311116695404, 0.514168918132782, 0.27855122089385986, 0.7214487791061401]	0.20727987587451935	0.23561768233776093	0.10363994538784027	-0.11780883371829987	0.4858311116695404	[19845, 19845, 19845, 19845, 19845]	[19905, 19905, 19905, 19904, 19904]		
3506.26325	1.2112499999998363	epochs															maze_arm	230.0
3507.4955	5.18224999999984	epochs															feedback_and_iti	230.0
3507.4955	0.9982500000000982	epochs															feedback_delay	230.0
3508.513	1.9769999999998618	epochs															feedback	230.0
3510.68075	1.9969999999998436	epochs															iti	230.0
3512.698	12.034750000000258	epochs															maze	231.0
3512.698	10.67950000000019	epochs															maze_stem	231.0
3512.71975	17.217499999999745	trials	False	True	False	False	False	True	[0.7402965426445007, 0.25970345735549927, 0.23284149169921875, 0.7671585083007812]	0.507455050945282	0.026861965656280518	0.253727525472641	-0.013430982828140259	0.7402965426445007	[19937, 19937, 19937, 19937, 19936]	[20008, 20008, 20008, 20008, 20008]		
3523.3985	1.3342500000003383	epochs															maze_arm	231.0
3524.74975	5.167750000000069	epochs															feedback_and_iti	231.0
3524.74975	0.999000000000251	epochs															feedback_delay	231.0
3525.768	1.9654999999997926	epochs															feedback	231.0
3527.9335	1.9839999999999236	epochs															iti	231.0
3529.93725	12.02624999999989	epochs															maze	232.0
3529.93725	10.555499999999938	epochs															maze_stem	232.0
3529.95975	17.204999999999927	trials	False	True	False	False	False	True	[0.9054223895072937, 0.09457765519618988, 0.26221656799316406, 0.7377834320068359]	0.6432057991623878	-0.16763893514871597	0.3216029107570648	0.08381947875022888	0.9054223895072937	[20041, 20040, 20040, 20040, 20040]	[20112, 20112, 20111, 20111, 20111]		
3540.513	1.45049999999992	epochs															maze_arm	232.0
3541.98	5.16274999999996	epochs															feedback_and_iti	232.0
3541.98	0.987999999999829	epochs															feedback_delay	232.0
3542.98475	1.9847500000000764	epochs															feedback	232.0
3545.162	1.980750000000171	epochs															iti	232.0
3547.16475	7.034250000000156	epochs															maze	233.0
3547.16475	5.508749999999964	epochs															maze_stem	233.0
3547.1865	14.075250000000324	trials	False	True	False	False	True	False	[0.9177743196487427, 0.08222570270299911, 0.2178550362586975, 0.7821449637413025]	0.6999192722141743	-0.1356293447315693	-0.3499596305191517	-0.0678146667778492	0.08222570270299911	[20144, 20144, 20143, 20143, 20143]	[20185, 20185, 20185, 20185, 20184]		
3552.69325	1.505750000000262	epochs															maze_arm	233.0
3554.21675	7.023249999999734	epochs															feedback_and_iti	233.0
3554.21675	0.9850000000001273	epochs															feedback_delay	233.0
3555.22	1.9842499999999745	epochs															feedback	233.0
3557.241	3.9989999999997963	epochs															iti	233.0
3561.26175	7.179000000000087	epochs															maze	234.0
3561.26175	5.570499999999811	epochs															maze_stem	234.0
3561.28375	12.362749999999778	trials	False	True	False	False	False	True	[0.4993727505207062, 0.5006272792816162, 0.2677662968635559, 0.7322336435317993]	0.2316064089536667	0.23286093771457672	0.11580322682857513	-0.11643047630786896	0.4993727505207062	[20228, 20228, 20228, 20228, 20228]	[20271, 20270, 20270, 20270, 20270]		
3566.8525	1.5882500000002437	epochs															maze_arm	234.0
3568.45875	5.1652500000000146	epochs															feedback_and_iti	234.0
3568.45875	0.9912500000000364	epochs															feedback_delay	234.0
3569.46825	1.9839999999999236	epochs															feedback	234.0
3571.64625	1.9777500000000146	epochs															iti	234.0
3573.6465	12.807999999999993	epochs															maze	235.0
3573.6465	11.028749999999945	epochs															maze_stem	235.0
3573.66725	18.000750000000153	trials	True	True	False	False	False	True	[0.7506856322288513, 0.2493143528699875, 0.21806566417217255, 0.7819343209266663]	0.5326199680566788	0.03124868869781494	0.2663099840283394	-0.015624351799488068	0.7506856322288513	[20303, 20302, 20302, 20302, 20302]	[20379, 20378, 20378, 20378, 20378]		
3584.6975	1.756999999999607	epochs															maze_arm	235.0
3586.473	5.17450000000008	epochs															feedback_and_iti	235.0
3586.473	0.9949999999998909	epochs															feedback_delay	235.0
3587.4855	1.9822500000000218	epochs															feedback	235.0
3589.659	1.9884999999999309	epochs															iti	235.0
3591.668	10.907999999999902	epochs															maze	236.0
3591.668	9.504750000000058	epochs															maze_stem	236.0
3591.68675	16.11725000000024	trials	False	True	False	False	False	True	[0.8542026281356812, 0.14579743146896362, 0.21537479758262634, 0.784625232219696]	0.6388278156518936	-0.06957738101482391	0.3194139152765274	0.03478871285915375	0.8542026281356812	[20411, 20411, 20410, 20410, 20410]	[20475, 20475, 20475, 20475, 20474]		
3601.19325	1.3827500000002146	epochs															maze_arm	236.0
3602.59175	5.190749999999753	epochs															feedback_and_iti	236.0
3602.59175	0.9932499999999891	epochs															feedback_delay	236.0
3603.60325	1.9862499999999272	epochs															feedback	236.0
3605.80625	1.976249999999709	epochs															iti	236.0
3607.804	10.318499999999858	epochs															maze	237.0
3607.804	8.855749999999716	epochs															maze_stem	237.0
3607.825	15.519999999999982	trials	False	True	False	False	False	True	[0.9042204022407532, 0.09577964246273041, 0.19768884778022766, 0.8023111820220947]	0.7065315470099449	-0.10190921276807785	0.35326577723026276	0.05095462501049042	0.9042204022407532	[20507, 20507, 20507, 20507, 20507]	[20568, 20568, 20568, 20568, 20568]		
3616.681	1.4414999999999054	epochs															maze_arm	237.0
3618.13875	5.184999999999945	epochs															feedback_and_iti	237.0
3618.13875	0.9915000000000873	epochs															feedback_delay	237.0
3619.14825	1.9852499999997235	epochs															feedback	237.0
3621.35175	1.9720000000002074	epochs															iti	237.0
3623.345	7.145250000000033	epochs															maze	238.0
3623.345	5.228250000000116	epochs															maze_stem	238.0
3623.366	12.333999999999833	trials	False	True	False	True	True	True	[0.9259737133979797, 0.07402630150318146, 0.18821275234222412, 0.8117873072624207]	0.7377609834074974	-0.11418642848730087	0.3688805028796196	-0.057093195617198944	0.8117873072624207	[20601, 20600, 20600, 20600, 20600]	[20643, 20642, 20642, 20642, 20642]		
3628.5945	1.8957499999996799	epochs															maze_arm	238.0
3630.50775	5.171499999999924	epochs															feedback_and_iti	238.0
3630.50775	0.9982499999996435	epochs															feedback_delay	238.0
3631.526	1.980750000000171	epochs															feedback	238.0
3633.7095	1.9697500000002037	epochs															iti	238.0
3635.7	12.769000000000233	epochs															maze	239.0
3635.7	11.257000000000062	epochs															maze_stem	239.0
3635.721	17.945999999999913	trials	False	True	False	False	False	True	[0.8829930424690247, 0.11700691282749176, 0.2103380411863327, 0.7896619439125061]	0.6726550161838531	-0.09333111345767975	0.336327500641346	0.04666554182767868	0.8829930424690247	[20675, 20675, 20674, 20674, 20674]	[20750, 20750, 20750, 20750, 20750]		
3646.978	1.4909999999999854	epochs															maze_arm	239.0
3648.48475	5.161250000000109	epochs															feedback_and_iti	239.0
3648.48475	0.98700000000008	epochs															feedback_delay	239.0
3649.49375	1.9744999999998072	epochs															feedback	239.0
3651.65825	1.9877500000002328	epochs															iti	239.0
3653.667	8.528250000000298	epochs															maze	240.0
3653.667	6.262749999999869	epochs															maze_stem	240.0
3653.68775	13.713249999999789	trials	False	True	False	True	True	True	[0.9289309978485107, 0.07106904685497284, 0.12143129855394363, 0.8785686492919922]	0.8074996508657932	-0.050362300127744675	0.4037498012185097	-0.025181151926517487	0.8785686492919922	[20782, 20782, 20782, 20782, 20782]	[20833, 20832, 20832, 20832, 20832]		
3659.95175	2.24350000000004	epochs															maze_arm	240.0
3662.2135	5.164999999999964	epochs															feedback_and_iti	240.0
3662.2135	0.9830000000001746	epochs															feedback_delay	240.0
3663.21425	1.9802500000000691	epochs															feedback	240.0
3665.39475	1.9837499999998727	epochs															iti	240.0
3667.401	8.07275000000027	epochs															maze	241.0
3667.401	5.7710000000001855	epochs															maze_stem	241.0
3667.424	13.253000000000156	trials	False	True	False	True	True	True	[0.8998727202415466, 0.10012723505496979, 0.17491421103477478, 0.8250858187675476]	0.7249585464596748	-0.07478693872690201	0.3624792918562889	-0.0373934730887413	0.8250858187675476	[20865, 20865, 20864, 20864, 20864]	[20912, 20912, 20912, 20912, 20911]		
3673.194	2.279750000000149	epochs															maze_arm	241.0
3675.4895	5.167249999999967	epochs															feedback_and_iti	241.0
3675.4895	0.9992499999998472	epochs															feedback_delay	241.0
3676.50875	1.9715000000001055	epochs															feedback	241.0
3678.683	1.9737500000001091	epochs															iti	241.0
3680.677	12.850500000000011	epochs															maze	242.0
3680.677	10.917999999999665	epochs															maze_stem	242.0
3680.6975	18.057749999999942	trials	True	True	False	False	False	True	[0.8934926986694336, 0.106507308781147, 0.15548458695411682, 0.8445154428482056]	0.7380081228911877	-0.04897726699709892	0.3690040558576584	0.024488642811775208	0.8934926986694336	[20944, 20944, 20944, 20944, 20944]	[21021, 21020, 21020, 21020, 21020]		
3691.615	1.9125000000003638	epochs															maze_arm	242.0
3693.54375	5.1892500000003565	epochs															feedback_and_iti	242.0
3693.54375	0.9942500000001928	epochs															feedback_delay	242.0
3694.55675	1.9852499999997235	epochs															feedback	242.0
3696.74675	1.986250000000382	epochs															iti	242.0
3698.75525	13.793249999999716	epochs															maze	243.0
3698.75525	12.225500000000011	epochs															maze_stem	243.0
3698.77575	18.984500000000025	trials	False	True	False	False	False	True	[0.9222571849822998, 0.07774277031421661, 0.10473685711622238, 0.8952631950378418]	0.8175203762948513	-0.026994038373231888	0.4087601639330387	0.013497021049261093	0.9222571849822998	[21053, 21053, 21052, 21052, 21052]	[21135, 21134, 21134, 21134, 21134]		
3711.003	1.5454999999997199	epochs															maze_arm	243.0
3712.566	5.173000000000229	epochs															feedback_and_iti	243.0
3712.566	0.9920000000001892	epochs															feedback_delay	243.0
3713.5775	1.980750000000171	epochs															feedback	243.0
3715.74375	1.9952499999999418	epochs															iti	243.0
3717.76025	6.892500000000382	epochs															maze	244.0
3717.76025	4.955500000000029	epochs															maze_stem	244.0
3717.78125	12.062750000000051	trials	False	True	False	True	True	True	[0.92545485496521, 0.07454516738653183, 0.11624454706907272, 0.8837555050849915]	0.8092103227972984	-0.0416993647813797	0.4046051688492298	-0.020849663764238358	0.8837555050849915	[21167, 21167, 21166, 21166, 21166]	[21207, 21207, 21207, 21207, 21206]		
3722.7355	1.917250000000422	epochs															maze_arm	244.0
3724.67025	5.153249999999844	epochs															feedback_and_iti	244.0
3724.67025	0.9904999999998836	epochs															feedback_delay	244.0
3725.67825	1.9760000000001128	epochs															feedback	244.0
3727.8475	1.9760000000001128	epochs															iti	244.0
3729.844	13.749749999999949	epochs															maze	245.0
3729.844	12.380499999999756	epochs															maze_stem	245.0
3729.8645	18.936249999999745	trials	False	True	False	False	False	True	[0.898344099521637, 0.10165590047836304, 0.1601172387599945, 0.8398827910423279]	0.7382268756628036	-0.058461323380470276	0.36911343038082123	0.029230669140815735	0.898344099521637	[21239, 21239, 21239, 21239, 21238]	[21321, 21321, 21320, 21320, 21320]		
3742.24525	1.3485000000000582	epochs															maze_arm	245.0
3743.611	5.168500000000222	epochs															feedback_and_iti	245.0
3743.611	0.9940000000001419	epochs															feedback_delay	245.0
3744.6225	1.974500000000262	epochs															feedback	245.0
3746.7875	1.9920000000001892	epochs															iti	245.0
3748.80075	7.383000000000266	epochs															maze	246.0
3748.80075	5.375500000000102	epochs															maze_stem	246.0
3748.82125	12.56775000000016	trials	False	True	False	True	True	True	[0.9396363496780396, 0.06036372110247612, 0.0944594070315361, 0.9055406451225281]	0.8451769333332777	-0.03409569524228573	0.422588462010026	-0.017047816887497902	0.9055406451225281	[21353, 21353, 21353, 21352, 21352]	[21396, 21396, 21396, 21396, 21395]		
3754.1965	1.987250000000131	epochs															maze_arm	246.0
3756.202	5.166999999999916	epochs															feedback_and_iti	246.0
3756.202	0.9972499999998945	epochs															feedback_delay	246.0
3757.2185	1.981000000000222	epochs															feedback	246.0
3759.379	1.9900000000002365	epochs															iti	246.0
3761.389	7.718249999999898	epochs															maze	247.0
3761.389	5.681749999999738	epochs															maze_stem	247.0
3761.41325	12.913500000000113	trials	False	True	False	True	True	True	[0.9074794054031372, 0.09252063930034637, 0.14559467136859894, 0.8544053435325623]	0.7618847191333771	-0.05307404696941376	0.38094235211610794	-0.026537008583545685	0.8544053435325623	[21428, 21428, 21428, 21428, 21428]	[21474, 21474, 21473, 21473, 21473]		
3767.08925	2.018000000000029	epochs															maze_arm	247.0
3769.1255	5.176249999999982	epochs															feedback_and_iti	247.0
3769.1255	0.9904999999998836	epochs															feedback_delay	247.0
3770.1335	1.9842499999999745	epochs															feedback	247.0
3772.3155	1.9862499999999272	epochs															iti	247.0
3774.32675	8.485749999999825	epochs															maze	248.0
3774.32675	5.401249999999891	epochs															maze_stem	248.0
3774.3525	13.675250000000233	trials	False	True	False	True	True	True	[0.902498185634613, 0.09750183671712875, 0.132920041680336, 0.8670799136161804]	0.7695781104266644	-0.03541823849081993	0.38478903844952583	-0.017709124833345413	0.8670799136161804	[21506, 21506, 21506, 21505, 21505]	[21556, 21556, 21555, 21555, 21555]		
3779.74925	3.063250000000153	epochs															maze_arm	248.0
3782.83025	5.176249999999982	epochs															feedback_and_iti	248.0
3782.83025	0.9954999999999927	epochs															feedback_delay	248.0
3783.8425	1.975749999999607	epochs															feedback	248.0
3786.0105	1.9960000000000946	epochs															iti	248.0
3788.02775	10.172999999999774	epochs															maze	249.0
3788.02775	8.791999999999916	epochs															maze_stem	249.0
3788.04875	15.369250000000193	trials	True	True	False	False	False	True	[0.8976134657859802, 0.1023864895105362, 0.12469998747110367, 0.8752999901771545]	0.7729134894907475	-0.02231348678469658	0.3864567391574383	0.011156726628541946	0.8976134657859802	[21588, 21588, 21588, 21588, 21587]	[21648, 21648, 21648, 21648, 21647]		
3796.83875	1.36200000000008	epochs															maze_arm	249.0
3798.21975	5.173999999999978	epochs															feedback_and_iti	249.0
3798.21975	0.9934999999995853	epochs															feedback_delay	249.0
3799.23425	1.9797499999999673	epochs															feedback	249.0
3801.3985	1.9952500000003965	epochs															iti	249.0
3803.418	7.1534999999998945	epochs															maze	250.0
3803.418	5.295249999999669	epochs															maze_stem	250.0
3803.43625	14.189499999999953	trials	False	False	True	True	True	False	[0.9337210655212402, 0.06627893447875977, 0.08443928509950638, 0.9155607223510742]	0.8492817841470242	-0.018160346895456314	0.4246408939361572	-0.009080171585083008	0.9155607223510742	[21680, 21680, 21680, 21680, 21680]	[21722, 21722, 21722, 21722, 21722]		
3808.732	1.8395000000000437	epochs															maze_arm	250.0
3810.5875	7.018000000000029	epochs															feedback_and_iti	250.0
3810.5875	0.9847500000000764	epochs															feedback_delay	250.0
3811.589	1.9822500000000218	epochs															feedback	250.0
3813.60725	3.9982500000000982	epochs															iti	250.0
3817.62575	8.478499999999713	epochs															maze	251.0
3817.62575	7.0844999999999345	epochs															maze_stem	251.0
3817.64375	13.687749999999596	trials	False	False	False	True	False	True	[0.6999555230140686, 0.300044447183609, 0.17418530583381653, 0.8258147239685059]	0.5257702469825745	0.12585917115211487	-0.26288510859012604	-0.06292958557605743	0.17418530583381653	[21766, 21765, 21765, 21765, 21765]	[21815, 21815, 21815, 21815, 21815]		
3824.733	1.3712499999996908	epochs															maze_arm	251.0
3826.1255	5.185750000000098	epochs															feedback_and_iti	251.0
3826.1255	0.994499999999789	epochs															feedback_delay	251.0
3827.13575	1.98824999999988	epochs															feedback	251.0
3829.316	1.9952500000003965	epochs															iti	251.0
3831.3315	8.713250000000244	epochs															maze	252.0
3831.3315	5.84900000000016	epochs															maze_stem	252.0
3831.352	15.742750000000342	trials	True	False	False	False	False	False	[0.9360971450805664, 0.0639028400182724, 0.2507416903972626, 0.7492583394050598]	0.6853554770350456	-0.18683882802724838	0.3426777273416519	0.09341941773891449	0.9360971450805664	[21848, 21848, 21847, 21847, 21847]	[21899, 21899, 21899, 21898, 21898]		
3837.20075	2.844000000000051	epochs															maze_arm	252.0
3840.06175	7.013000000000375	epochs															feedback_and_iti	252.0
3840.06175	0.999250000000302	epochs															feedback_delay	252.0
3841.08	1.9652500000001965	epochs															feedback	252.0
3843.09975	3.975000000000364	epochs															iti	252.0
3847.09475	7.88274999999976	epochs															maze	253.0
3847.09475	6.673999999999978	epochs															maze_stem	253.0
3847.115	14.92450000000008	trials	False	False	False	False	False	False	[0.943057119846344, 0.05694291368126869, 0.2835121154785156, 0.7164878249168396]	0.6595449578016996	-0.22656924836337566	0.3297725021839142	0.11328461766242981	0.943057119846344	[21942, 21942, 21942, 21942, 21941]	[21989, 21988, 21988, 21988, 21988]		
3853.7875	1.1900000000000546	epochs															maze_arm	253.0
3855.0005	7.020250000000033	epochs															feedback_and_iti	253.0
3855.0005	0.9812499999998181	epochs															feedback_delay	253.0
3856.0055	1.9787499999997635	epochs															feedback	253.0
3858.02525	3.9954999999999927	epochs															iti	253.0
3862.0395	8.42975000000024	epochs															maze	254.0
3862.0395	6.987750000000233	epochs															maze_stem	254.0
3862.0595	13.626750000000357	trials	True	False	False	True	False	True	[0.8481211066246033, 0.15187886357307434, 0.2878226935863495, 0.7121772766113281]	0.5602984130382538	-0.13594383001327515	-0.2801492065191269	0.06797190010547638	0.2878226935863495	[22032, 22032, 22031, 22031, 22031]	[22081, 22081, 22081, 22081, 22081]		
3869.04725	1.4220000000000255	epochs															maze_arm	254.0
3870.486	5.1772500000001855	epochs															feedback_and_iti	254.0
3870.486	0.9920000000001892	epochs															feedback_delay	254.0
3871.49425	1.9862499999999272	epochs															feedback	254.0
3873.683	1.9802500000000691	epochs															iti	254.0
3875.68625	7.811999999999898	epochs															maze	255.0
3875.68625	5.448999999999614	epochs															maze_stem	255.0
3875.7065	14.850500000000011	trials	False	False	False	True	True	False	[0.8958629369735718, 0.10413700342178345, 0.40125587582588196, 0.5987441539764404]	0.4946071058511734	-0.29711882770061493	0.2473035752773285	-0.14855942130088806	0.5987441539764404	[22114, 22114, 22113, 22113, 22113]	[22160, 22159, 22159, 22159, 22159]		
3881.15375	2.344500000000153	epochs															maze_arm	255.0
3883.516	7.020250000000033	epochs															feedback_and_iti	255.0
3883.516	0.9915000000000873	epochs															feedback_delay	255.0
3884.5265	1.9787500000002183	epochs															feedback	255.0
3886.53825	3.9980000000000473	epochs															iti	255.0
3890.557	7.4145000000003165	epochs															maze	256.0
3890.557	5.20575000000008	epochs															maze_stem	256.0
3890.578	14.440750000000207	trials	False	False	False	True	True	False	[0.5649189949035645, 0.43508100509643555, 0.38252004981040955, 0.6174799203872681]	0.1823989301919937	0.05256094038486481	0.09119945764541626	0.026280462741851807	0.6174799203872681	[22203, 22203, 22202, 22202, 22202]	[22246, 22246, 22246, 22246, 22246]		
3895.7835	2.188000000000102	epochs															maze_arm	256.0
3897.988	7.010750000000371	epochs															feedback_and_iti	256.0
3897.988	0.9922500000002401	epochs															feedback_delay	256.0
3898.99575	1.9827500000001237	epochs															feedback	256.0
3901.01525	3.9835000000002765	epochs															iti	256.0
3905.01875	7.324999999999818	epochs															maze	257.0
3905.01875	5.200749999999971	epochs															maze_stem	257.0
3905.037	14.353250000000116	trials	False	False	False	True	True	False	[0.4116610586643219, 0.5883389115333557, 0.24612568318843842, 0.7538743019104004]	0.16553538292646408	0.3422132357954979	0.08276769518852234	0.17110660672187805	0.7538743019104004	[22290, 22289, 22289, 22289, 22289]	[22333, 22332, 22332, 22332, 22332]		
3910.23825	2.10550000000012	epochs															maze_arm	257.0
3912.36125	7.010499999999865	epochs															feedback_and_iti	257.0
3912.36125	0.9915000000000873	epochs															feedback_delay	257.0
3913.3705	1.9757500000000618	epochs															feedback	257.0
3915.383	3.988749999999982	epochs															iti	257.0
3919.39025	7.9337500000001455	epochs															maze	258.0
3919.39025	4.79950000000008	epochs															maze_stem	258.0
3919.411	13.121250000000146	trials	False	False	False	True	False	True	[0.38544005155563354, 0.6145599484443665, 0.19627462327480316, 0.8037253618240356]	0.1891654208302498	0.4182853177189827	-0.09458271414041519	-0.20914266258478165	0.19627462327480316	[22376, 22376, 22375, 22375, 22375]	[22422, 22422, 22422, 22422, 22422]		
3924.2115	3.112500000000182	epochs															maze_arm	258.0
3927.3395	5.168250000000171	epochs															feedback_and_iti	258.0
3927.3395	0.9969999999998436	epochs															feedback_delay	258.0
3928.35475	1.9767499999998108	epochs															feedback	258.0
3930.511	1.9967500000002474	epochs															iti	258.0
3932.53225	10.968499999999949	epochs															maze	259.0
3932.53225	7.33849999999984	epochs															maze_stem	259.0
3932.554	18.005749999999807	trials	False	False	False	False	False	False	[0.8153781294822693, 0.18462185561656952, 0.39187026023864746, 0.6081297397613525]	0.4235078766942024	-0.20724839717149734	0.2117539346218109	0.10362419486045837	0.8153781294822693	[22455, 22454, 22454, 22454, 22454]	[22519, 22519, 22519, 22519, 22519]		
3939.8905	3.6102500000001783	epochs															maze_arm	259.0
3943.524	7.0157500000000255	epochs															feedback_and_iti	259.0
3943.524	0.9837500000003274	epochs															feedback_delay	259.0
3944.52975	1.9809999999997672	epochs															feedback	259.0
3946.55075	3.9890000000000327	epochs															iti	259.0
3950.55975	7.762500000000273	epochs															maze	260.0
3950.55975	6.459249999999884	epochs															maze_stem	260.0
3950.5795	14.817250000000058	trials	False	False	False	False	False	False	[0.819508969783783, 0.18049104511737823, 0.35631152987480164, 0.6436884999275208]	0.4631974473595619	-0.1758204773068428	0.23159871995449066	0.0879102498292923	0.819508969783783	[22563, 22562, 22562, 22562, 22562]	[22608, 22608, 22608, 22608, 22607]		
3957.038	1.2842500000001564	epochs															maze_arm	260.0
3958.34275	7.029500000000098	epochs															feedback_and_iti	260.0
3958.34275	0.9790000000002692	epochs															feedback_delay	260.0
3959.34625	1.9899999999997817	epochs															feedback	260.0
3961.37775	3.994499999999789	epochs															iti	260.0
3965.39675	8.1550000000002	epochs															maze	261.0
3965.39675	6.710750000000189	epochs															maze_stem	261.0
3965.42075	13.354999999999563	trials	False	False	False	False	True	True	[0.732164204120636, 0.267835795879364, 0.3209502100944519, 0.6790498495101929]	0.41121402382850647	-0.0531143844127655	-0.20560702681541443	-0.026557177305221558	0.267835795879364	[22652, 22651, 22651, 22651, 22651]	[22700, 22699, 22699, 22699, 22699]		
3972.13125	1.4205000000001746	epochs															maze_arm	261.0
3973.574	5.18100000000004	epochs															feedback_and_iti	261.0
3973.574	0.9867500000000291	epochs															feedback_delay	261.0
3974.5835	1.9927499999998872	epochs															feedback	261.0
3976.77375	1.9812500000002728	epochs															iti	261.0
3978.77575	11.865250000000287	epochs															maze	262.0
3978.77575	9.27350000000024	epochs															maze_stem	262.0
3978.79625	17.02850000000035	trials	False	False	False	True	False	True	[0.3482539653778076, 0.6517460942268372, 0.15691889822483063, 0.8430811166763306]	0.1913350448012352	0.49482717365026474	-0.0956675335764885	-0.24741356819868088	0.15691889822483063	[22732, 22732, 22731, 22731, 22731]	[22802, 22802, 22802, 22801, 22801]		
3988.06975	2.5712499999999636	epochs															maze_arm	262.0
3990.66	5.143750000000182	epochs															feedback_and_iti	262.0
3990.66	0.987250000000131	epochs															feedback_delay	262.0
3991.66575	1.97649999999976	epochs															feedback	262.0
3993.8345	1.9692500000001019	epochs															iti	262.0
3995.82475	9.541499999999814	epochs															maze	263.0
3995.82475	5.715749999999844	epochs															maze_stem	263.0
3995.843	16.581750000000284	trials	False	False	False	True	True	False	[0.7587049007415771, 0.24129511415958405, 0.4617854654788971, 0.5382145643234253]	0.29691944271326065	-0.22049034386873245	0.14845972508192062	-0.11024516075849533	0.5382145643234253	[22834, 22834, 22834, 22833, 22833]	[22890, 22890, 22890, 22890, 22890]		
4001.56	3.806250000000091	epochs															maze_arm	263.0
4005.3815	7.022500000000036	epochs															feedback_and_iti	263.0
4005.3815	0.999000000000251	epochs															feedback_delay	263.0
4006.3985	1.979500000000371	epochs															feedback	263.0
4008.4185	3.9854999999997744	epochs															iti	263.0
4012.42475	10.138249999999971	epochs															maze	264.0
4012.42475	8.038749999999709	epochs															maze_stem	264.0
4012.447	15.327999999999975	trials	True	False	False	True	False	True	[0.42054030299186707, 0.5794596672058105, 0.40694761276245117, 0.593052327632904]	0.0135926753282547	0.17251203954219818	-0.006796345114707947	-0.08625604212284088	0.40694761276245117	[22934, 22933, 22933, 22933, 22933]	[22993, 22993, 22993, 22993, 22993]		
4020.48625	2.0767500000001746	epochs															maze_arm	264.0
4022.58	5.174250000000029	epochs															feedback_and_iti	264.0
4022.58	0.9875000000001819	epochs															feedback_delay	264.0
4023.5875	1.9919999999997344	epochs															feedback	264.0
4025.77025	1.9839999999999236	epochs															iti	264.0
4027.775	8.681749999999738	epochs															maze	265.0
4027.775	7.1342500000000655	epochs															maze_stem	265.0
4027.79775	13.87774999999965	trials	False	False	False	False	True	True	[0.5447462201118469, 0.4552537798881531, 0.5013352632522583, 0.4986647963523865]	0.04341098666191101	-0.04608145356178284	-0.0217055082321167	-0.023040711879730225	0.4552537798881531	[23026, 23025, 23025, 23025, 23025]	[23077, 23077, 23076, 23076, 23076]		
4034.929	1.5277499999997417	epochs															maze_arm	265.0
4036.481	5.173249999999825	epochs															feedback_and_iti	265.0
4036.481	0.9929999999999382	epochs															feedback_delay	265.0
4037.5	1.9729999999999563	epochs															feedback	265.0
4039.682	1.9722500000002583	epochs															iti	265.0
4041.6755	7.013750000000073	epochs															maze	266.0
4041.6755	5.311500000000251	epochs															maze_stem	266.0
4041.69775	12.233000000000175	trials	False	False	False	False	True	True	[0.2257368564605713, 0.7742630839347839, 0.34909799695014954, 0.6509020328521729]	-0.12336109578609467	0.425165131688118	0.06168052554130554	0.2125825583934784	0.7742630839347839	[23109, 23109, 23109, 23108, 23108]	[23150, 23150, 23150, 23150, 23149]		
4047.0075	1.681749999999738	epochs															maze_arm	266.0
4048.712	5.198249999999916	epochs															feedback_and_iti	266.0
4048.712	0.9812499999998181	epochs															feedback_delay	266.0
4049.71625	1.9945000000002437	epochs															feedback	266.0
4051.90025	2.0099999999997635	epochs															iti	266.0
4053.93075	9.493249999999989	epochs															maze	267.0
4053.93075	5.439750000000004	epochs															maze_stem	267.0
4053.95275	16.5282500000003	trials	False	False	False	True	True	False	[0.17417557537555695, 0.8258244395256042, 0.35893264412879944, 0.6410673260688782]	-0.18475709110498428	0.466891773045063	-0.09237855672836304	0.2334458827972412	0.6410673260688782	[23182, 23182, 23182, 23182, 23182]	[23238, 23238, 23238, 23238, 23238]		
4059.3875	4.03650000000016	epochs															maze_arm	267.0
4063.44125	7.01825000000008	epochs															feedback_and_iti	267.0
4063.44125	0.9932499999999891	epochs															feedback_delay	267.0
4064.45175	1.97524999999996	epochs															feedback	267.0
4066.46625	3.993249999999989	epochs															iti	267.0
4070.481	7.851999999999862	epochs															maze	268.0
4070.481	4.780499999999847	epochs															maze_stem	268.0
4070.5015	14.88650000000007	trials	True	False	False	False	False	False	[0.31248149275779724, 0.6875185370445251, 0.43309494853019714, 0.5669050812721252]	-0.1206134557723999	0.254423588514328	-0.06030672788619995	-0.1272117793560028	0.31248149275779724	[23282, 23282, 23281, 23281, 23281]	[23328, 23328, 23327, 23327, 23327]		
4075.2845	3.0484999999998763	epochs															maze_arm	268.0
4078.35075	7.019749999999931	epochs															feedback_and_iti	268.0
4078.35075	0.9957500000000437	epochs															feedback_delay	268.0
4079.3635	1.9727499999999054	epochs															feedback	268.0
4081.37175	3.9987500000002	epochs															iti	268.0
4085.388	9.126749999999902	epochs															maze	269.0
4085.388	4.4659999999998945	epochs															maze_stem	269.0
4085.40775	16.16775000000007	trials	False	False	False	True	True	False	[0.7098560929298401, 0.2901439070701599, 0.49313080310821533, 0.5068691968917847]	0.21672528982162476	-0.20298689603805542	0.10836264491081238	-0.10149344801902771	0.5068691968917847	[23371, 23371, 23371, 23370, 23370]	[23425, 23425, 23424, 23424, 23424]		
4089.87625	4.638500000000022	epochs															maze_arm	269.0
4094.532	7.023750000000291	epochs															feedback_and_iti	269.0
4094.532	0.9864999999999782	epochs															feedback_delay	269.0
4095.53525	1.9899999999997817	epochs															feedback	269.0
4097.56325	3.992500000000291	epochs															iti	269.0
4101.5755	10.127000000000407	epochs															maze	270.0
4101.5755	6.432749999999942	epochs															maze_stem	270.0
4101.59375	17.16374999999971	trials	False	False	False	True	True	False	[0.2510390281677246, 0.7489609122276306, 0.28490570187568665, 0.715094268321991]	-0.03386665880680084	0.46405522525310516	-0.016933321952819824	0.2320275902748108	0.715094268321991	[23468, 23468, 23468, 23468, 23467]	[23528, 23528, 23528, 23527, 23527]		
4108.02725	3.675250000000233	epochs															maze_arm	270.0
4111.72025	7.01549999999952	epochs															feedback_and_iti	270.0
4111.72025	0.9922499999993306	epochs															feedback_delay	270.0
4112.73	1.9757500000005166	epochs															feedback	270.0
4114.742	3.993749999999636	epochs															iti	270.0
4118.7575	9.610999999999876	epochs															maze	271.0
4118.7575	5.698750000000473	epochs															maze_stem	271.0
4118.78025	14.80200000000059	trials	False	False	False	False	True	True	[0.19759750366210938, 0.8024024963378906, 0.21178004145622253, 0.7882199287414551]	-0.014182552695274353	0.5906224399805069	0.0070912837982177734	0.29531121253967285	0.8024024963378906	[23571, 23571, 23571, 23571, 23570]	[23628, 23628, 23627, 23627, 23627]		
4124.4765	3.8919999999998254	epochs															maze_arm	271.0
4128.3915	5.16924999999992	epochs															feedback_and_iti	271.0
4128.3915	0.9902499999998327	epochs															feedback_delay	271.0
4129.404	1.9769999999998618	epochs															feedback	271.0
4131.59425	1.9664999999995416	epochs															iti	271.0
4133.58225	12.326749999999265	epochs															maze	272.0
4133.58225	9.622749999999542	epochs															maze_stem	272.0
4133.605	19.355250000000524	trials	False	False	False	False	False	False	[0.09435567259788513, 0.9056442975997925, 0.1286974996328354, 0.8713025450706482]	-0.03434178978204727	0.7769468352198601	-0.017170913517475128	-0.38847341388463974	0.09435567259788513	[23660, 23660, 23660, 23659, 23659]	[23733, 23733, 23733, 23732, 23732]		
4143.226	2.6829999999999927	epochs															maze_arm	272.0
4145.93175	7.008249999999862	epochs															feedback_and_iti	272.0
4145.93175	0.9867500000000291	epochs															feedback_delay	272.0
4146.94175	1.96875	epochs															feedback	272.0
4148.9515	3.988499999999476	epochs															iti	272.0
4152.96025	11.497999999999593	epochs															maze	273.0
4152.96025	9.571750000000065	epochs															maze_stem	273.0
4152.97975	16.71099999999933	trials	False	False	False	True	False	True	[0.6347575783729553, 0.3652424216270447, 0.38572201132774353, 0.6142779588699341]	0.2490355521440506	-0.020479604601860046	-0.1245177835226059	0.010239794850349426	0.38572201132774353	[23776, 23776, 23776, 23776, 23775]	[23844, 23844, 23844, 23844, 23843]		
4162.55075	1.9074999999993452	epochs															maze_arm	273.0
4164.4765	5.188000000000102	epochs															feedback_and_iti	273.0
4164.4765	0.9907499999999345	epochs															feedback_delay	273.0
4165.4895	1.9822500000000218	epochs															feedback	273.0
4167.69325	1.9712499999995998	epochs															iti	273.0
4169.69075	12.164999999999964	epochs															maze	274.0
4169.69075	10.688250000000153	epochs															maze_stem	274.0
4169.717	19.20550000000003	trials	False	False	False	False	False	False	[0.57887202501297, 0.4211280345916748, 0.41429516673088074, 0.5857048034667969]	0.16457681357860565	0.006832823157310486	0.08228842914104462	-0.003416404128074646	0.57887202501297	[23877, 23876, 23876, 23876, 23876]	[23949, 23948, 23948, 23948, 23948]		
4180.4015	1.4542499999997744	epochs															maze_arm	274.0
4181.877	7.024999999999636	epochs															feedback_and_iti	274.0
4181.877	0.9797499999995125	epochs															feedback_delay	274.0
4182.879	1.9854999999997744	epochs															feedback	274.0
4184.9045	3.9975000000004	epochs															iti	274.0
4188.9225	6.380750000000262	epochs															maze	275.0
4188.9225	4.1850000000004	epochs															maze_stem	275.0
4188.9415	11.584249999999884	trials	False	False	False	False	True	True	[0.7666465044021606, 0.23335346579551697, 0.49466121196746826, 0.5053387880325317]	0.2719853073358536	-0.2613077312707901	-0.13599266111850739	-0.13065387308597565	0.23335346579551697	[23992, 23992, 23991, 23991, 23991]	[24029, 24029, 24029, 24029, 24028]		
4193.1275	2.1757500000003347	epochs															maze_arm	275.0
4195.32625	5.176249999999527	epochs															feedback_and_iti	275.0
4195.32625	0.9979999999995925	epochs															feedback_delay	275.0
4196.34575	1.970999999999549	epochs															feedback	275.0
4198.51175	1.9907499999999345	epochs															iti	275.0
4200.52575	9.965750000000298	epochs															maze	276.0
4200.52575	7.982750000000124	epochs															maze_stem	276.0
4200.55	17.027000000000044	trials	False	False	False	False	False	False	[0.25581663846969604, 0.744183361530304, 0.2151450663805008, 0.7848549485206604]	0.04067157953977585	0.5290383026003838	0.020335786044597626	-0.2645191475749016	0.25581663846969604	[24061, 24061, 24061, 24061, 24061]	[24120, 24120, 24120, 24120, 24119]		
4208.5295	1.9620000000004438	epochs															maze_arm	276.0
4210.516	7.039750000000822	epochs															feedback_and_iti	276.0
4210.516	0.9885000000003856	epochs															feedback_delay	276.0
4211.5265	1.9852499999997235	epochs															feedback	276.0
4213.55325	4.002500000000509	epochs															iti	276.0
4217.577	8.118249999999534	epochs															maze	277.0
4217.577	4.909499999999753	epochs															maze_stem	277.0
4217.5955	13.299749999999221	trials	False	False	False	True	False	True	[0.7756235599517822, 0.22437645494937897, 0.4916123151779175, 0.5083876848220825]	0.28401123732328415	-0.2672358676791191	-0.14200562238693237	0.13361793756484985	0.4916123151779175	[24164, 24163, 24163, 24163, 24163]	[24211, 24211, 24211, 24211, 24211]		
4222.507	3.188250000000153	epochs															maze_arm	277.0
4225.7125	5.163000000000466	epochs															feedback_and_iti	277.0
4225.7125	0.9905000000007931	epochs															feedback_delay	277.0
4226.7205	1.9852499999997235	epochs															feedback	277.0
4228.883	1.992500000000291	epochs															iti	277.0
4230.89525	9.318000000000211	epochs															maze	278.0
4230.89525	7.945250000000669	epochs															maze_stem	278.0
4230.9175	16.358750000000327	trials	False	False	False	False	False	False	[0.7560282349586487, 0.2439718097448349, 0.5542851686477661, 0.4457148015499115]	0.20174302905797958	-0.3103133961558342	0.10087153315544128	0.1551567018032074	0.7560282349586487	[24244, 24243, 24243, 24243, 24243]	[24298, 24298, 24298, 24298, 24298]		
4238.86075	1.3524999999999636	epochs															maze_arm	278.0
4240.2355	7.020500000000538	epochs															feedback_and_iti	278.0
4240.2355	0.9917500000001382	epochs															feedback_delay	278.0
4241.24975	1.9807499999997162	epochs															feedback	278.0
4243.2685	3.987500000000182	epochs															iti	278.0
4247.27625	7.849750000000313	epochs															maze	279.0
4247.27625	5.925250000000233	epochs															maze_stem	279.0
4247.301	14.891749999999774	trials	False	False	False	False	False	False	[0.8024203181266785, 0.19757969677448273, 0.5422297120094299, 0.45777031779289246]	0.26019061356782913	-0.3446500077843666	0.13009530305862427	0.1723250150680542	0.8024203181266785	[24342, 24342, 24341, 24341, 24341]	[24388, 24388, 24388, 24387, 24387]		
4253.22625	1.8997500000004948	epochs															maze_arm	279.0
4255.146	7.024000000000342	epochs															feedback_and_iti	279.0
4255.146	0.9792500000003201	epochs															feedback_delay	279.0
4256.15125	1.9822500000000218	epochs															feedback	279.0
4258.174	3.9960000000000946	epochs															iti	279.0
4262.19275	8.683500000000095	epochs															maze	280.0
4262.19275	6.324249999999665	epochs															maze_stem	280.0
4262.2135	15.717749999999796	trials	False	False	False	False	False	False	[0.7319841980934143, 0.2680158317089081, 0.41880640387535095, 0.5811936259269714]	0.31317779421806335	-0.15079057216644287	0.15658889710903168	0.07539530098438263	0.7319841980934143	[24431, 24431, 24431, 24431, 24430]	[24482, 24482, 24482, 24482, 24482]		
4268.5385	2.3377500000005966	epochs															maze_arm	280.0
4270.8965	7.012499999999818	epochs															feedback_and_iti	280.0
4270.8965	0.9954999999999927	epochs															feedback_delay	280.0
4271.9145	1.9672499999996944	epochs															feedback	280.0
4273.921	3.9879999999993743	epochs															iti	280.0
4277.93125	8.84900000000016	epochs															maze	281.0
4277.93125	5.147750000000087	epochs															maze_stem	281.0
4277.95175	15.883749999999964	trials	True	False	False	False	False	False	[0.7102219462394714, 0.28977808356285095, 0.36381056904792786, 0.6361894011497498]	0.3464113473892212	-0.07403251528739929	0.1732056885957718	0.037016257643699646	0.7102219462394714	[24526, 24525, 24525, 24525, 24525]	[24578, 24577, 24577, 24577, 24577]		
4283.098	3.68224999999984	epochs															maze_arm	281.0
4286.79625	7.014999999999418	epochs															feedback_and_iti	281.0
4286.79625	0.9859999999998763	epochs															feedback_delay	281.0
4287.79975	1.9825000000000728	epochs															feedback	281.0
4289.81675	3.994499999999789	epochs															iti	281.0
4293.8355	10.614249999999629	epochs															maze	282.0
4293.8355	4.603250000000116	epochs															maze_stem	282.0
4293.8575	15.800500000000284	trials	True	False	False	False	True	True	[0.7903327941894531, 0.20966722071170807, 0.5128982067108154, 0.48710182309150696]	0.2774345949292183	-0.30323097854852676	-0.13871730118989944	-0.1516154780983925	0.20966722071170807	[24621, 24621, 24621, 24620, 24620]	[24684, 24683, 24683, 24683, 24683]		
4298.4605	5.989249999999629	epochs															maze_arm	282.0
4304.46775	5.168749999999818	epochs															feedback_and_iti	282.0
4304.46775	1.0015000000003056	epochs															feedback_delay	282.0
4305.48925	1.9774999999999636	epochs															feedback	282.0
4307.665	1.9714999999996508	epochs															iti	282.0
4309.658	11.168249999999716	epochs															maze	283.0
4309.658	6.802249999999731	epochs															maze_stem	283.0
4309.6825	16.355749999999716	trials	False	False	False	False	True	True	[0.3400484621524811, 0.6599515080451965, 0.19753949344158173, 0.8024605512619019]	0.14250900596380234	0.4624120518565178	-0.07125452160835266	0.2312060296535492	0.6599515080451965	[24716, 24716, 24715, 24715, 24715]	[24782, 24782, 24781, 24781, 24781]		
4316.482	4.344250000000102	epochs															maze_arm	283.0
4320.8465	5.171250000000327	epochs															feedback_and_iti	283.0
4320.8465	0.9937500000005457	epochs															feedback_delay	283.0
4321.86375	1.977999999999156	epochs															feedback	283.0
4324.0295	1.9882500000003347	epochs															iti	283.0
4326.03825	9.238250000000335	epochs															maze	284.0
4326.03825	7.513249999999971	epochs															maze_stem	284.0
4326.05925	14.43224999999984	trials	True	False	False	True	False	True	[0.20903493463993073, 0.7909650206565857, 0.1718449592590332, 0.8281551003456116]	0.0371900275349617	0.6191201135516167	-0.01859498769044876	-0.30956005305051804	0.1718449592590332	[24814, 24814, 24814, 24813, 24813]	[24868, 24868, 24868, 24868, 24868]		
4333.571	1.705500000000029	epochs															maze_arm	284.0
4335.29375	5.176250000000437	epochs															feedback_and_iti	284.0
4335.29375	0.9897499999997308	epochs															feedback_delay	284.0
4336.3	1.9830000000001746	epochs															feedback	284.0
4338.481	1.9890000000004875	epochs															iti	284.0
4340.4915	8.847749999999905	epochs															maze	285.0
4340.4915	6.2352499999997235	epochs															maze_stem	285.0
4340.5165	14.032750000000306	trials	False	False	False	False	True	True	[0.37408512830734253, 0.6259149312973022, 0.42088568210601807, 0.5791143774986267]	-0.04680055379867554	0.20502924919128418	0.02340027689933777	0.10251465439796448	0.6259149312973022	[24901, 24900, 24900, 24900, 24900]	[24953, 24953, 24952, 24952, 24952]		
4346.74575	2.593499999999949	epochs															maze_arm	285.0
4349.3615	5.167250000000422	epochs															feedback_and_iti	285.0
4349.3615	1.0050000000001091	epochs															feedback_delay	285.0
4350.40075	1.9454999999998108	epochs															feedback	285.0
4352.5435	1.985250000000633	epochs															iti	285.0
4354.54925	7.63550000000032	epochs															maze	286.0
4354.54925	5.786750000000211	epochs															maze_stem	286.0
4354.569	14.668499999999767	trials	False	False	False	True	True	False	[0.15622946619987488, 0.8437705039978027, 0.31863707304000854, 0.6813629269599915]	-0.16240759193897247	0.5251334458589554	-0.08120378851890564	0.2625667154788971	0.6813629269599915	[24985, 24985, 24985, 24984, 24984]	[25030, 25030, 25029, 25029, 25029]		
4360.3555	1.829250000000684	epochs															maze_arm	286.0
4362.2025	7.014249999999265	epochs															feedback_and_iti	286.0
4362.2025	0.9892499999996289	epochs															feedback_delay	286.0
4363.20875	1.9892500000005384	epochs															feedback	286.0
4365.235	3.98174999999992	epochs															iti	286.0
4369.2375	9.534749999999804	epochs															maze	287.0
4369.2375	7.818999999999505	epochs															maze_stem	287.0
4369.25775	14.72674999999981	trials	False	False	False	True	False	True	[0.24608148634433746, 0.7539185285568237, 0.40041935443878174, 0.5995806455612183]	-0.15433787554502487	0.3534991666674614	0.07716893404722214	-0.1767495796084404	0.40041935443878174	[25073, 25073, 25073, 25072, 25072]	[25129, 25129, 25129, 25129, 25128]		
4377.07725	1.694999999999709	epochs															maze_arm	287.0
4378.7875	5.174999999999272	epochs															feedback_and_iti	287.0
4378.7875	0.9984999999996944	epochs															feedback_delay	287.0
4379.8035	1.9780000000000655	epochs															feedback	287.0
4381.967	1.9954999999999927	epochs															iti	287.0
4383.9845	7.709250000000793	epochs															maze	288.0
4383.9845	5.681750000000648	epochs															maze_stem	288.0
4384.004	14.736499999999978	trials	False	False	False	True	True	False	[0.30237433314323425, 0.6976256370544434, 0.5721880197525024, 0.42781201004981995]	-0.2698136568069458	0.1254376471042633	-0.1349068135023117	0.06271882355213165	0.42781201004981995	[25161, 25161, 25161, 25161, 25161]	[25207, 25207, 25206, 25206, 25206]		
4389.68775	2.006000000000313	epochs															maze_arm	288.0
4391.7115	7.01024999999936	epochs															feedback_and_iti	288.0
4391.7115	0.9960000000000946	epochs															feedback_delay	288.0
4392.725	1.9742499999993015	epochs															feedback	288.0
4394.73525	3.986499999999978	epochs															iti	288.0
4398.7405	10.42175000000043	epochs															maze	289.0
4398.7405	4.477499999999964	epochs															maze_stem	289.0
4398.76125	17.47100000000046	trials	False	False	False	False	False	False	[0.23530660569667816, 0.7646933197975159, 0.5058045387268066, 0.49419552087783813]	-0.2704978659749031	0.2588888481259346	-0.13524896651506424	-0.1294444277882576	0.23530660569667816	[25250, 25250, 25250, 25249, 25249]	[25312, 25311, 25311, 25311, 25311]		
4403.24225	5.920000000000073	epochs															maze_arm	289.0
4409.186	7.025500000000648	epochs															feedback_and_iti	289.0
4409.186	0.9800000000004729	epochs															feedback_delay	289.0
4410.188	1.9972500000003492	epochs															feedback	289.0
4412.227	3.98450000000048	epochs															iti	289.0
4416.23225	9.443750000000364	epochs															maze	290.0
4416.23225	8.031750000000102	epochs															maze_stem	290.0
4416.2525	14.637000000000626	trials	True	False	False	True	False	True	[0.5805995464324951, 0.4194004535675049, 0.5830377340316772, 0.41696223616600037]	-0.0024382025003433228	-0.16363729536533356	0.0012190937995910645	0.08181864023208618	0.5830377340316772	[25355, 25355, 25354, 25354, 25354]	[25411, 25410, 25410, 25410, 25410]		
4424.28575	1.3902500000003783	epochs															maze_arm	290.0
4425.69225	5.175500000000284	epochs															feedback_and_iti	290.0
4425.69225	0.9880000000002838	epochs															feedback_delay	290.0
4426.69725	1.9864999999999782	epochs															feedback	290.0
4428.89775	1.9700000000002547	epochs															iti	290.0
4430.8895	9.62774999999965	epochs															maze	291.0
4430.8895	5.7167499999995925	epochs															maze_stem	291.0
4430.90975	16.663500000000568	trials	False	False	False	True	True	False	[0.41750648617744446, 0.5824935436248779, 0.47249072790145874, 0.5275092720985413]	-0.054984256625175476	0.110002800822258	-0.027492135763168335	0.055001407861709595	0.5275092720985413	[25443, 25443, 25442, 25442, 25442]	[25500, 25499, 25499, 25499, 25499]		
4436.626	3.8912499999996726	epochs															maze_arm	291.0
4440.537	7.011999999999716	epochs															feedback_and_iti	291.0
4440.537	0.98174999999992	epochs															feedback_delay	291.0
4441.54	1.9877500000002328	epochs															feedback	291.0
4443.5625	3.986499999999978	epochs															iti	291.0
4447.57325	10.417499999999563	epochs															maze	292.0
4447.57325	8.759000000000015	epochs															maze_stem	292.0
4447.59625	17.46050000000014	trials	False	False	False	False	False	False	[0.20279256999492645, 0.7972074151039124, 0.35252708196640015, 0.6474729776382446]	-0.1497344747185707	0.4446803703904152	-0.07486725598573685	-0.2223401740193367	0.20279256999492645	[25543, 25543, 25542, 25542, 25542]	[25604, 25604, 25604, 25604, 25603]		
4456.35225	1.6385000000000218	epochs															maze_arm	292.0
4458.014	7.0222499999999854	epochs															feedback_and_iti	292.0
4458.014	0.9807499999997162	epochs															feedback_delay	292.0
4459.0205	1.992500000000291	epochs															feedback	292.0
4461.055	3.981249999999818	epochs															iti	292.0
4465.05675	8.57275000000027	epochs															maze	293.0
4465.05675	6.905250000000706	epochs															maze_stem	293.0
4465.07725	15.608749999999418	trials	False	False	False	False	False	False	[0.5460719466209412, 0.45392799377441406, 0.4607863426208496, 0.5392136573791504]	0.08528563380241394	-0.006858319044113159	0.042642802000045776	0.0034291446208953857	0.5460719466209412	[25648, 25647, 25647, 25647, 25647]	[25698, 25698, 25698, 25697, 25697]		
4471.983	1.6464999999998327	epochs															maze_arm	293.0
4473.65425	7.012000000000626	epochs															feedback_and_iti	293.0
4473.65425	0.9792500000003201	epochs															feedback_delay	293.0
4474.65625	1.9787500000002183	epochs															feedback	293.0
4476.673	3.993250000000444	epochs															iti	293.0
4480.686	7.951750000000175	epochs															maze	294.0
4480.686	6.272750000000087	epochs															maze_stem	294.0
4480.70575	13.159499999999753	trials	False	False	False	True	False	True	[0.6717925667762756, 0.32820746302604675, 0.46347030997276306, 0.5365297198295593]	0.20832225680351257	-0.1352628469467163	-0.10416112840175629	0.06763143837451935	0.46347030997276306	[25741, 25741, 25741, 25741, 25740]	[25788, 25788, 25788, 25787, 25787]		
4486.97725	1.6604999999999563	epochs															maze_arm	294.0
4488.6545	5.1840000000001965	epochs															feedback_and_iti	294.0
4488.6545	0.992500000000291	epochs															feedback_delay	294.0
4489.66525	1.9849999999996726	epochs															feedback	294.0
4491.84125	1.9972499999994398	epochs															iti	294.0
4493.86525	9.722249999999804	epochs															maze	295.0
4493.86525	6.461250000000291	epochs															maze_stem	295.0
4493.8895	14.898749999999382	trials	False	False	False	False	True	True	[0.5513971447944641, 0.4486028850078583, 0.5517998337745667, 0.44820019602775574]	-0.00040268898010253906	-0.10319694876670837	0.00020134449005126953	-0.05159845948219299	0.4486028850078583	[25820, 25820, 25820, 25820, 25820]	[25878, 25877, 25877, 25877, 25877]		
4500.34625	3.2412500000000364	epochs															maze_arm	295.0
4503.60825	5.157999999999447	epochs															feedback_and_iti	295.0
4503.60825	0.98174999999992	epochs															feedback_delay	295.0
4504.61475	1.9859999999998763	epochs															feedback	295.0
4506.807	1.9592499999998836	epochs															iti	295.0
4508.78825	11.171000000000276	epochs															maze	296.0
4508.78825	8.899750000000495	epochs															maze_stem	296.0
4508.811	18.20800000000054	trials	False	False	False	False	False	False	[0.23077018558979034, 0.7692298293113708, 0.37112241983413696, 0.628877580165863]	-0.14035224169492722	0.3981074020266533	-0.07017611712217331	-0.19905369728803635	0.23077018558979034	[25910, 25910, 25909, 25909, 25909]	[25976, 25976, 25975, 25975, 25975]		
4517.71075	2.2484999999996944	epochs															maze_arm	296.0
4519.985	7.0127500000007785	epochs															feedback_and_iti	296.0
4519.985	0.9909999999999854	epochs															feedback_delay	296.0
4520.99725	1.9664999999995416	epochs															feedback	296.0
4523.0105	3.987250000000131	epochs															iti	296.0
4527.019	8.253499999999804	epochs															maze	297.0
4527.019	4.5277500000001965	epochs															maze_stem	297.0
4527.04025	13.438750000000255	trials	False	False	False	False	True	True	[0.7781394720077515, 0.22186055779457092, 0.6929736137390137, 0.3070264160633087]	0.08516585826873779	-0.47111305594444275	-0.042582929134368896	-0.23555651307106018	0.22186055779457092	[26019, 26019, 26019, 26019, 26018]	[26068, 26067, 26067, 26067, 26067]		
4531.56575	3.7067500000002838	epochs															maze_arm	297.0
4535.295	5.1597499999998035	epochs															feedback_and_iti	297.0
4535.295	0.9902499999998327	epochs															feedback_delay	297.0
4536.30725	1.9752500000004147	epochs															feedback	297.0
4538.469	1.9857499999998254	epochs															iti	297.0
4540.479	8.73974999999973	epochs															maze	298.0
4540.479	5.833749999999782	epochs															maze_stem	298.0
4540.49825	13.920000000000073	trials	False	False	False	False	True	True	[0.26199936866760254, 0.7380006313323975, 0.3249988257884979, 0.6750011444091797]	-0.06299947202205658	0.41300179064273834	0.03149974346160889	0.20650088787078857	0.7380006313323975	[26100, 26100, 26099, 26099, 26099]	[26151, 26151, 26151, 26151, 26150]		
4546.33425	2.8845000000001164	epochs															maze_arm	298.0
4549.23975	5.157750000000306	epochs															feedback_and_iti	298.0
4549.23975	0.9795000000003711	epochs															feedback_delay	298.0
4550.24175	1.9884999999994761	epochs															feedback	298.0
4552.40975	1.9877500000002328	epochs															iti	298.0
4554.41825	8.58075000000008	epochs															maze	299.0
4554.41825	5.4284999999999854	epochs															maze_stem	299.0
4554.4385	13.769749999999476	trials	False	False	False	False	True	True	[0.2111912965774536, 0.7888087034225464, 0.32622820138931274, 0.6737717986106873]	-0.11503690481185913	0.46258050203323364	0.057518452405929565	0.23129025101661682	0.7888087034225464	[26183, 26183, 26183, 26183, 26183]	[26234, 26234, 26234, 26233, 26233]		
4559.86775	3.1312499999994543	epochs															maze_arm	299.0
4563.0245	5.162499999999454	epochs															feedback_and_iti	299.0
4563.0245	0.9924999999993815	epochs															feedback_delay	299.0
4564.04025	1.9647500000000946	epochs															feedback	299.0
4566.20025	1.986750000000029	epochs															iti	299.0
4568.20825	8.625750000000153	epochs															maze	300.0
4568.20825	7.0844999999999345	epochs															maze_stem	300.0
4568.2285	15.681499999999687	trials	False	False	False	False	False	False	[0.169694721698761, 0.8303053379058838, 0.3159196674823761, 0.6840803623199463]	-0.1462249606847763	0.5143856555223465	-0.07311247289180756	-0.25719280540943146	0.169694721698761	[26266, 26266, 26266, 26265, 26265]	[26317, 26317, 26316, 26316, 26316]		
4575.313	1.5209999999997308	epochs															maze_arm	300.0
4576.85575	7.0332500000004075	epochs															feedback_and_iti	300.0
4576.85575	0.9802500000005239	epochs															feedback_delay	300.0
4577.8605	1.9970000000002983	epochs															feedback	300.0
4579.89925	3.989749999999731	epochs															iti	300.0
4583.91	9.8125	epochs															maze	301.0
4583.91	8.326250000000073	epochs															maze_stem	301.0
4583.93025	15.009499999999207	trials	True	False	False	True	False	True	[0.7353857159614563, 0.2646142840385437, 0.6385684609413147, 0.3614315986633301]	0.09681728482246399	-0.3739541471004486	-0.0484086275100708	0.1869770884513855	0.6385684609413147	[26360, 26360, 26360, 26360, 26359]	[26418, 26418, 26418, 26418, 26417]		
4592.25725	1.4652500000001965	epochs															maze_arm	301.0
4593.7375	5.1784999999999854	epochs															feedback_and_iti	301.0
4593.7375	0.9849999999996726	epochs															feedback_delay	301.0
4594.74225	1.983749999999418	epochs															feedback	301.0
4596.93525	1.9807499999997162	epochs															iti	301.0
4598.93975	8.308250000000044	epochs															maze	302.0
4598.93975	6.954750000000786	epochs															maze_stem	302.0
4598.9625	13.493250000000444	trials	True	False	False	True	False	True	[0.520515501499176, 0.479484498500824, 0.43764528632164, 0.5623546838760376]	0.08287020027637482	0.041839197278022766	-0.041435107588768005	-0.02091960608959198	0.43764528632164	[26450, 26450, 26450, 26450, 26450]	[26499, 26499, 26499, 26499, 26498]		
4605.9145	1.3334999999997308	epochs															maze_arm	302.0
4607.26675	5.168500000000677	epochs															feedback_and_iti	302.0
4607.26675	0.9832500000002256	epochs															feedback_delay	302.0
4608.2695	1.9937499999996362	epochs															feedback	302.0
4610.45975	1.9755000000004657	epochs															iti	302.0
4612.45575	28.310999999999694	epochs															maze	303.0
4612.45575	25.84375	epochs															maze_stem	303.0
4612.4755	33.51650000000063	trials	False	False	False	True	False	True	[0.5900144577026367, 0.4099855422973633, 0.6607880592346191, 0.33921191096305847]	-0.07077361643314362	-0.25080253183841705	0.03538680076599121	0.12540125846862793	0.6607880592346191	[26531, 26531, 26531, 26531, 26531]	[26700, 26700, 26700, 26700, 26699]		
4638.32275	2.4439999999995052	epochs															maze_arm	303.0
4640.7835	5.1765000000004875	epochs															feedback_and_iti	303.0
4640.7835	0.998000000000502	epochs															feedback_delay	303.0
4641.798	1.9729999999999563	epochs															feedback	303.0
4643.96075	1.9992499999998472	epochs															iti	303.0
4645.992	8.23949999999968	epochs															maze	304.0
4645.992	6.797249999999622	epochs															maze_stem	304.0
4646.01225	13.42450000000008	trials	True	False	False	True	False	True	[0.5559356808662415, 0.44406434893608093, 0.7606623768806458, 0.23933762311935425]	-0.2047267109155655	-0.316598042845726	0.10236334800720215	0.1582990288734436	0.7606623768806458	[26732, 26732, 26732, 26732, 26732]	[26781, 26781, 26781, 26780, 26780]		
4652.80925	1.4222499999996217	epochs															maze_arm	304.0
4654.24775	5.167499999999563	epochs															feedback_and_iti	304.0
4654.24775	0.9922499999993306	epochs															feedback_delay	304.0
4655.2585	1.981499999999869	epochs															feedback	304.0
4657.43075	1.9844999999995707	epochs															iti	304.0
4659.43675	8.504750000000058	epochs															maze	305.0
4659.43675	5.91675000000032	epochs															maze_stem	305.0
4659.45725	13.677999999999884	trials	False	False	False	True	False	True	[0.5620848536491394, 0.437915176153183, 0.7424651980400085, 0.25753480195999146]	-0.18038035929203033	-0.30455003678798676	0.09019017219543457	0.15227502584457397	0.7424651980400085	[26813, 26813, 26813, 26812, 26812]	[26863, 26863, 26863, 26863, 26862]		
4665.373	2.568500000000313	epochs															maze_arm	305.0
4667.959	5.15625	epochs															feedback_and_iti	305.0
4667.959	1.000250000000051	epochs															feedback_delay	305.0
4668.977	1.9719999999997526	epochs															feedback	305.0
4671.126	1.989249999999629	epochs															iti	305.0
4673.13525	9.219000000000051	epochs															maze	306.0
4673.13525	7.876999999999498	epochs															maze_stem	306.0
4673.1535	14.412999999999556	trials	False	False	False	True	False	True	[0.4874887764453888, 0.5125112533569336, 0.8124706149101257, 0.18752937018871307]	-0.32498186081647873	-0.29995938390493393	0.16249091923236847	0.14997969567775726	0.8124706149101257	[26895, 26895, 26895, 26895, 26894]	[26950, 26949, 26949, 26949, 26949]		
4681.0315	1.3227500000002692	epochs															maze_arm	306.0
4682.371	5.175250000000233	epochs															feedback_and_iti	306.0
4682.371	0.9849999999996726	epochs															feedback_delay	306.0
4683.3735	1.9920000000001892	epochs															feedback	306.0
4685.563	1.9832500000002256	epochs															iti	306.0
4687.5665	12.319250000000466	epochs															maze	307.0
4687.5665	10.402000000000044	epochs															maze_stem	307.0
4687.58675	17.522500000000036	trials	False	False	False	False	True	True	[0.42119282484054565, 0.5788071751594543, 0.8399026393890381, 0.16009733080863953]	-0.4187098294496536	-0.26109547913074493	0.2093549221754074	-0.13054774701595306	0.5788071751594543	[26982, 26982, 26981, 26981, 26981]	[27055, 27054, 27054, 27054, 27054]		
4697.98925	1.8965000000007421	epochs															maze_arm	307.0
4699.90925	5.179000000000087	epochs															feedback_and_iti	307.0
4699.90925	0.9862499999999272	epochs															feedback_delay	307.0
4700.9245	1.981999999999971	epochs															feedback	307.0
4703.0935	1.99474999999984	epochs															iti	307.0
4705.10925	8.95849999999973	epochs															maze	308.0
4705.10925	6.67699999999968	epochs															maze_stem	308.0
4705.1295	14.160750000000007	trials	True	False	False	False	True	True	[0.13155123591423035, 0.8684487342834473, 0.7511325478553772, 0.2488674521446228]	-0.6195812970399857	0.11731620132923126	0.30979064106941223	0.058658093214035034	0.8684487342834473	[27087, 27087, 27087, 27086, 27086]	[27140, 27140, 27139, 27139, 27139]		
4711.8065	2.261250000000473	epochs															maze_arm	308.0
4714.0865	5.18224999999984	epochs															feedback_and_iti	308.0
4714.0865	0.9917499999992287	epochs															feedback_delay	308.0
4715.096	1.9857500000007349	epochs															feedback	308.0
4717.27075	1.998000000000502	epochs															iti	308.0
4719.29025	7.461999999999534	epochs															maze	309.0
4719.29025	5.379249999999956	epochs															maze_stem	309.0
4719.31175	14.488000000000284	trials	False	False	False	True	True	False	[0.1032428964972496, 0.8967570662498474, 0.7580946087837219, 0.2419053465127945]	-0.6548517160117626	0.1386624537408352	-0.32742585986852646	0.06933120638132095	0.2419053465127945	[27172, 27172, 27172, 27171, 27171]	[27216, 27216, 27215, 27215, 27215]		
4724.6895	2.0627499999991414	epochs															maze_arm	309.0
4726.7735	7.008249999999862	epochs															feedback_and_iti	309.0
4726.7735	0.9852499999997235	epochs															feedback_delay	309.0
4727.7775	1.9847499999996217	epochs															feedback	309.0
4729.79775	3.9840000000003783	epochs															iti	309.0
4733.79975	8.32824999999957	epochs															maze	310.0
4733.79975	6.8787499999998545	epochs															maze_stem	310.0
4733.819	13.506499999999505	trials	False	False	False	True	False	True	[0.20484605431556702, 0.7951539158821106, 0.6196942329406738, 0.38030576705932617]	-0.4148481637239456	0.17545969784259796	0.2074240893125534	-0.08772985637187958	0.6196942329406738	[27259, 27259, 27259, 27258, 27258]	[27308, 27308, 27308, 27307, 27307]		
4740.69725	1.4307499999995343	epochs															maze_arm	310.0
4742.1445	5.161000000000058	epochs															feedback_and_iti	310.0
4742.1445	0.9937499999996362	epochs															feedback_delay	310.0
4743.1565	1.9842499999995198	epochs															feedback	310.0
4745.324	1.9815000000007785	epochs															iti	310.0
4747.3255	11.675250000000233	epochs															maze	311.0
4747.3255	6.373499999999694	epochs															maze_stem	311.0
4747.343	18.706250000000182	trials	False	False	False	True	True	False	[0.2393927127122879, 0.7606073021888733, 0.8127776980400085, 0.18722225725650787]	-0.573385015130043	-0.05217042565345764	-0.2866925224661827	-0.026085220277309418	0.18722225725650787	[27340, 27340, 27340, 27339, 27339]	[27409, 27409, 27409, 27409, 27408]		
4753.718	5.282750000000306	epochs															maze_arm	311.0
4759.017	7.013249999999971	epochs															feedback_and_iti	311.0
4759.017	0.9907499999999345	epochs															feedback_delay	311.0
4760.0255	1.9757500000005166	epochs															feedback	311.0
4762.038	3.99225000000024	epochs															iti	311.0
4766.04925	6.537500000000364	epochs															maze	312.0
4766.04925	4.539249999999811	epochs															maze_stem	312.0
4766.06925	13.573250000000371	trials	False	False	False	True	True	False	[0.1784457266330719, 0.8215542435646057, 0.5804849863052368, 0.41951507329940796]	-0.40203921496868134	0.24106930196285248	-0.20101958513259888	0.12053465843200684	0.41951507329940796	[27452, 27452, 27452, 27452, 27452]	[27491, 27490, 27490, 27490, 27490]		
4770.6085	1.9782500000001164	epochs															maze_arm	312.0
4772.60275	7.015749999999571	epochs															feedback_and_iti	312.0
4772.60275	0.9934999999995853	epochs															feedback_delay	312.0
4773.613	1.9782500000001164	epochs															feedback	312.0
4775.62925	3.989249999999629	epochs															iti	312.0
4779.6425	7.943500000000313	epochs															maze	313.0
4779.6425	6.491750000000138	epochs															maze_stem	313.0
4779.662	13.109749999999622	trials	False	False	False	True	False	True	[0.10954159498214722, 0.8904584050178528, 0.36339813470840454, 0.6366018056869507]	-0.2538565695285797	0.5270602405071259	0.12692826986312866	-0.2635301351547241	0.36339813470840454	[27534, 27534, 27533, 27533, 27533]	[27581, 27580, 27580, 27580, 27580]		
4786.15175	1.4342500000002474	epochs															maze_arm	313.0
4787.6015	5.149250000000393	epochs															feedback_and_iti	313.0
4787.6015	0.9987500000006548	epochs															feedback_delay	313.0
4788.617	1.970499999999447	epochs															feedback	313.0
4790.7685	1.9822500000000218	epochs															iti	313.0
4792.77175	8.90625	epochs															maze	314.0
4792.77175	7.734750000000531	epochs															maze_stem	314.0
4792.7925	14.094750000000204	trials	False	False	False	True	False	True	[0.14234954118728638, 0.8576504588127136, 0.7055572271347046, 0.2944428026676178]	-0.563207671046257	0.15209324657917023	0.2816038429737091	-0.07604661583900452	0.7055572271347046	[27613, 27612, 27612, 27612, 27612]	[27665, 27665, 27665, 27664, 27664]		
4800.526	1.1520000000000437	epochs															maze_arm	314.0
4801.694	5.171999999999571	epochs															feedback_and_iti	314.0
4801.694	0.9929999999994834	epochs															feedback_delay	314.0
4802.70275	1.981999999999971	epochs															feedback	314.0
4804.8655	2.000500000000102	epochs															iti	314.0
4806.88725	8.94800000000032	epochs															maze	315.0
4806.88725	7.695499999999811	epochs															maze_stem	315.0
4806.90825	14.139749999999367	trials	True	False	False	True	False	True	[0.18570293486118317, 0.8142970204353333, 0.8406570553779602, 0.15934300422668457]	-0.6549540683627129	-0.026359982788562775	0.3274770602583885	0.013179995119571686	0.8406570553779602	[27697, 27697, 27697, 27697, 27696]	[27750, 27750, 27749, 27749, 27749]		
4814.60225	1.2330000000001746	epochs															maze_arm	315.0
4815.8515	5.17725000000064	epochs															feedback_and_iti	315.0
4815.8515	0.9949999999998909	epochs															feedback_delay	315.0
4816.86475	1.9810000000006767	epochs															feedback	315.0
4819.031	1.997750000000451	epochs															iti	315.0
4821.048	9.748000000000502	epochs															maze	316.0
4821.048	6.9392500000003565	epochs															maze_stem	316.0
4821.069	16.78149999999914	trials	False	False	False	True	True	False	[0.18371880054473877, 0.8162811398506165, 0.8055528998374939, 0.1944471299648285]	-0.6218340545892715	0.01072828471660614	-0.310917004942894	0.005364134907722473	0.1944471299648285	[27782, 27782, 27782, 27781, 27781]	[27840, 27839, 27839, 27839, 27839]		
4828.0085	2.787500000000364	epochs															maze_arm	316.0
4830.81425	7.015999999999622	epochs															feedback_and_iti	316.0
4830.81425	0.988999999999578	epochs															feedback_delay	316.0
4831.82225	1.9777500000000146	epochs															feedback	316.0
4833.839	3.9912500000000364	epochs															iti	316.0
4837.8505	9.694250000000466	epochs															maze	317.0
4837.8505	8.416000000000167	epochs															maze_stem	317.0
4837.87225	14.871999999999389	trials	True	False	False	True	False	True	[0.13415609300136566, 0.8658439517021179, 0.5745265483856201, 0.4254734218120575]	-0.44037049263715744	0.2913173660635948	0.22018522769212723	-0.1456586793065071	0.5745265483856201	[27883, 27883, 27882, 27882, 27882]	[27940, 27940, 27940, 27939, 27939]		
4846.2885	1.2562500000003638	epochs															maze_arm	317.0
4847.563	5.158249999999498	epochs															feedback_and_iti	317.0
4847.563	0.9922500000002401	epochs															feedback_delay	317.0
4848.5725	1.981249999999818	epochs															feedback	317.0
4850.74575	1.9754999999995562	epochs															iti	317.0
4852.74425	10.338250000000698	epochs															maze	318.0
4852.74425	8.062750000000051	epochs															maze_stem	318.0
4852.76475	15.537999999999556	trials	False	False	False	False	True	True	[0.10601525008678436, 0.8939847946166992, 0.725225031375885, 0.2747749388217926]	-0.6192098185420036	0.16875972598791122	0.3096049278974533	0.08437986671924591	0.8939847946166992	[27972, 27972, 27972, 27972, 27971]	[28033, 28033, 28033, 28033, 28032]		
4860.82775	2.254750000000058	epochs															maze_arm	318.0
4863.10825	5.174250000000029	epochs															feedback_and_iti	318.0
4863.10825	0.9859999999998763	epochs															feedback_delay	318.0
4864.11675	1.9880000000002838	epochs															feedback	318.0
4866.28875	1.9937500000005457	epochs															iti	318.0
4868.30275	9.20325000000048	epochs															maze	319.0
4868.30275	6.761000000000422	epochs															maze_stem	319.0
4868.326	14.373499999999694	trials	True	False	False	False	True	True	[0.051022566854953766, 0.9489774107933044, 0.7876123785972595, 0.21238766610622406]	-0.7365897782146931	0.1613650657236576	0.3682948723435402	0.08068253844976425	0.9489774107933044	[28065, 28065, 28065, 28065, 28065]	[28120, 28119, 28119, 28119, 28119]		
4875.08425	2.4217500000004293	epochs															maze_arm	319.0
4877.5225	5.158499999999549	epochs															feedback_and_iti	319.0
4877.5225	0.9994999999998981	epochs															feedback_delay	319.0
4878.541	1.9700000000002547	epochs															feedback	319.0
4880.7035	1.9774999999999636	epochs															iti	319.0
4882.6995	8.562750000000051	epochs															maze	320.0
4882.6995	6.206250000000182	epochs															maze_stem	320.0
4882.72075	13.732749999999214	trials	True	False	False	False	True	True	[0.03719571605324745, 0.9628043174743652, 0.7799844741821289, 0.2200155258178711]	-0.7427887748926878	0.18281982652842999	0.37139439582824707	0.09140992164611816	0.9628043174743652	[28152, 28152, 28151, 28151, 28151]	[28202, 28202, 28202, 28202, 28201]		
4888.925	2.3372499999995853	epochs															maze_arm	320.0
4891.279	5.155749999999898	epochs															feedback_and_iti	320.0
4891.279	1.0009999999992942	epochs															feedback_delay	320.0
4892.29775	1.9645000000000437	epochs															feedback	320.0
4894.462	1.9727499999999054	epochs															iti	320.0
4896.4535	10.303000000000793	epochs															maze	321.0
4896.4535	5.969750000000204	epochs															maze_stem	321.0
4896.473	15.485499999999774	trials	False	False	False	True	False	True	[0.02470812015235424, 0.9752918481826782, 0.784224271774292, 0.21577571332454681]	-0.7595161432400346	0.1910675847902894	0.3797580758109689	-0.09553380403667688	0.784224271774292	[28234, 28234, 28234, 28234, 28233]	[28295, 28295, 28295, 28294, 28294]		
4902.443	4.313500000000204	epochs															maze_arm	321.0
4906.77625	5.162500000000364	epochs															feedback_and_iti	321.0
4906.77625	0.9857499999998254	epochs															feedback_delay	321.0
4907.7795	1.9845000000004802	epochs															feedback	321.0
4909.94425	1.9945000000006985	epochs															iti	321.0
4911.9585	9.811500000000706	epochs															maze	322.0
4911.9585	7.315000000000509	epochs															maze_stem	322.0
4911.97825	15.00774999999976	trials	False	False	False	True	False	True	[0.10046776384115219, 0.8995322585105896, 0.8357723951339722, 0.16422760486602783]	-0.7353046424686909	0.06375985220074654	0.36765231564641	-0.03187992051243782	0.8357723951339722	[28327, 28327, 28327, 28327, 28326]	[28385, 28385, 28385, 28384, 28384]		
4919.2935	2.4765000000006694	epochs															maze_arm	322.0
4921.78625	5.177499999999782	epochs															feedback_and_iti	322.0
4921.78625	0.9849999999996726	epochs															feedback_delay	322.0
4922.7885	1.9967500000002474	epochs															feedback	322.0
4924.9775	1.9862499999999272	epochs															iti	322.0
4926.986	10.531500000000051	epochs															maze	323.0
4926.986	9.212000000000444	epochs															maze_stem	323.0
4927.011	17.573499999999513	trials	False	False	False	False	False	False	[0.1492542177438736, 0.8507457971572876, 0.8917914628982544, 0.10820849984884262]	-0.7425372712314129	-0.041045691817998886	-0.3712686225771904	0.020522840321063995	0.1492542177438736	[28417, 28417, 28417, 28417, 28417]	[28480, 28479, 28479, 28479, 28479]		
4936.219	1.2984999999998763	epochs															maze_arm	323.0
4937.5425	7.021250000000691	epochs															feedback_and_iti	323.0
4937.5425	0.9950000000008004	epochs															feedback_delay	323.0
4938.56	1.970499999999447	epochs															feedback	323.0
4940.56875	3.994999999999891	epochs															iti	323.0
4944.5845	7.497000000000298	epochs															maze	324.0
4944.5845	6.331000000000131	epochs															maze_stem	324.0
4944.603	14.552749999999833	trials	False	False	False	False	False	False	[0.5465091466903687, 0.45349082350730896, 0.878079891204834, 0.1219201534986496]	-0.33157070726156235	-0.42458903044462204	-0.16578537225723267	0.21229451894760132	0.5465091466903687	[28523, 28523, 28522, 28522, 28522]	[28567, 28567, 28566, 28566, 28566]		
4950.936	1.1455000000005384	epochs															maze_arm	324.0
4952.1025	7.032500000000255	epochs															feedback_and_iti	324.0
4952.1025	0.9937499999996362	epochs															feedback_delay	324.0
4953.121	1.981499999999869	epochs															feedback	324.0
4955.14275	3.99225000000024	epochs															iti	324.0
4959.15575	9.901749999999993	epochs															maze	325.0
4959.15575	8.67175000000043	epochs															maze_stem	325.0
4959.1775	16.942250000000058	trials	False	False	False	False	False	False	[0.6900220513343811, 0.3099778890609741, 0.8391726613044739, 0.1608273684978485]	-0.1491505652666092	-0.5291947275400162	-0.07457530498504639	0.2645973563194275	0.6900220513343811	[28610, 28610, 28610, 28610, 28609]	[28669, 28668, 28668, 28668, 28668]		
4967.84925	1.2082499999996799	epochs															maze_arm	325.0
4969.078	7.020499999999629	epochs															feedback_and_iti	325.0
4969.078	0.9807499999997162	epochs															feedback_delay	325.0
4970.08175	1.9849999999996726	epochs															feedback	325.0
4972.10525	3.993250000000444	epochs															iti	325.0
4976.11975	6.497250000000349	epochs															maze	326.0
4976.11975	4.551750000000538	epochs															maze_stem	326.0
4976.141	11.701250000000073	trials	False	False	False	False	True	True	[0.7279371619224548, 0.27206283807754517, 0.8049131035804749, 0.19508694112300873]	-0.07697591930627823	-0.5328502431511879	0.03848794847726822	-0.26642511039972305	0.27206283807754517	[28712, 28712, 28712, 28711, 28711]	[28750, 28750, 28750, 28749, 28749]		
4980.6925	1.92450000000008	epochs															maze_arm	326.0
4982.63875	5.182749999999942	epochs															feedback_and_iti	326.0
4982.63875	0.9984999999996944	epochs															feedback_delay	326.0
4983.66125	1.9589999999998327	epochs															feedback	326.0
4985.8385	1.9830000000001746	epochs															iti	326.0
4987.84225	9.146999999999935	epochs															maze	327.0
4987.84225	7.630750000000262	epochs															maze_stem	327.0
4987.862	14.33849999999984	trials	False	False	False	True	False	True	[0.21659061312675476, 0.7834093570709229, 0.729022204875946, 0.2709777355194092]	-0.5124316066503525	0.05438713729381561	0.25621579587459564	-0.027193590998649597	0.729022204875946	[28782, 28782, 28782, 28782, 28781]	[28836, 28836, 28836, 28835, 28835]		
4995.49325	1.495999999999185	epochs															maze_arm	327.0
4997.0045	5.17699999999968	epochs															feedback_and_iti	327.0
4997.0045	0.9909999999999854	epochs															feedback_delay	327.0
4998.01325	1.9852499999997235	epochs															feedback	327.0
5000.21225	1.9692500000001019	epochs															iti	327.0
5002.2005	9.946750000000065	epochs															maze	328.0
5002.2005	6.0515000000004875	epochs															maze_stem	328.0
5002.22	16.996000000000095	trials	False	False	False	True	True	False	[0.19936569035053253, 0.8006343245506287, 0.8539341688156128, 0.14606577157974243]	-0.6545685157179832	-0.053299881517887115	-0.3272842764854431	-0.026649951934814453	0.14606577157974243	[28868, 28868, 28868, 28868, 28867]	[28927, 28927, 28927, 28926, 28926]		
5008.2725	3.874749999999949	epochs															maze_arm	328.0
5012.16425	7.030249999999796	epochs															feedback_and_iti	328.0
5012.16425	0.985250000000633	epochs															feedback_delay	328.0
5013.16825	1.9949999999998909	epochs															feedback	328.0
5015.198	3.996499999999287	epochs															iti	328.0
5019.216	7.714999999999236	epochs															maze	329.0
5019.216	6.030749999999898	epochs															maze_stem	329.0
5019.23725	14.762249999999767	trials	False	False	False	False	False	False	[0.15499348938465118, 0.84500652551651, 0.5729502439498901, 0.42704978585243225]	-0.41795674711465836	0.27205628901720047	-0.20897837728261948	-0.13602813333272934	0.15499348938465118	[28970, 28970, 28970, 28970, 28970]	[29016, 29015, 29015, 29015, 29015]		
5025.26625	1.6647499999999127	epochs															maze_arm	329.0
5026.95175	7.0277500000001965	epochs															feedback_and_iti	329.0
5026.95175	0.9977499999995416	epochs															feedback_delay	329.0
5027.972	1.9750000000003638	epochs															feedback	329.0
5029.99875	3.9807500000006257	epochs															iti	329.0
5033.9995	6.250750000000153	epochs															maze	330.0
5033.9995	4.59900000000016	epochs															maze_stem	330.0
5034.0215	11.439750000000458	trials	False	False	False	False	True	True	[0.6040712594985962, 0.3959287405014038, 0.7806037068367004, 0.21939632296562195]	-0.17653243243694305	-0.38467495143413544	0.08826620876789093	-0.19233746826648712	0.3959287405014038	[29059, 29059, 29059, 29058, 29058]	[29095, 29095, 29095, 29095, 29095]		
5038.623	1.6272500000004584	epochs															maze_arm	330.0
5040.2725	5.167749999999614	epochs															feedback_and_iti	330.0
5040.2725	0.9960000000000946	epochs															feedback_delay	330.0
5041.2925	1.9635000000007494	epochs															feedback	330.0
5043.46225	1.9780000000000655	epochs															iti	330.0
5045.46125	9.525749999999789	epochs															maze	331.0
5045.46125	6.722999999999956	epochs															maze_stem	331.0
5045.48125	14.71875	trials	False	False	False	False	True	True	[0.16345897316932678, 0.8365410566329956, 0.6186357140541077, 0.38136428594589233]	-0.4551767557859421	0.21790532767772675	0.22758838534355164	0.10895267128944397	0.8365410566329956	[29128, 29127, 29127, 29127, 29127]	[29184, 29184, 29183, 29183, 29183]		
5052.20275	2.7842499999997017	epochs															maze_arm	331.0
5055.01	5.1707500000002256	epochs															feedback_and_iti	331.0
5055.01	0.9859999999998763	epochs															feedback_delay	331.0
5056.01825	1.970749999999498	epochs															feedback	331.0
5058.181	1.9997500000008586	epochs															iti	331.0
5060.2	9.053499999999985	epochs															maze	332.0
5060.2	7.386000000000422	epochs															maze_stem	332.0
5060.22025	14.234999999999673	trials	True	False	False	True	False	True	[0.07478518038988113, 0.9252148270606995, 0.621795117855072, 0.37820491194725037]	-0.54700992628932	0.30341972038149834	0.27350496873259544	-0.15170985087752342	0.621795117855072	[29216, 29216, 29216, 29215, 29215]	[29269, 29269, 29269, 29269, 29269]		
5067.60525	1.6482500000001892	epochs															maze_arm	332.0
5069.271	5.162750000000415	epochs															feedback_and_iti	332.0
5069.271	0.9850000000005821	epochs															feedback_delay	332.0
5070.275	1.9947500000007494	epochs															feedback	332.0
5072.45225	1.981499999999869	epochs															iti	332.0
5074.45525	9.685250000000451	epochs															maze	333.0
5074.45525	8.07049999999981	epochs															maze_stem	333.0
5074.47775	14.873249999999643	trials	False	False	False	False	True	True	[0.17273828387260437, 0.8272616863250732, 0.7154974341392517, 0.2845025658607483]	-0.5427591353654861	0.11176426708698273	0.2713795602321625	0.05588212609291077	0.8272616863250732	[29302, 29301, 29301, 29301, 29301]	[29359, 29358, 29358, 29358, 29358]		
5082.54575	1.5947500000002037	epochs															maze_arm	333.0
5084.16225	5.170250000000124	epochs															feedback_and_iti	333.0
5084.16225	0.994499999999789	epochs															feedback_delay	333.0
5085.18075	1.970999999999549	epochs															feedback	333.0
5087.3555	1.9770000000007713	epochs															iti	333.0
5089.351	7.64850000000024	epochs															maze	334.0
5089.351	5.703000000000429	epochs															maze_stem	334.0
5089.37125	14.676749999999629	trials	False	False	False	True	True	False	[0.08198653906583786, 0.9180134534835815, 0.7556752562522888, 0.24432474374771118]	-0.6736887134611607	0.16233820095658302	-0.3368443548679352	0.08116909861564636	0.24432474374771118	[29391, 29391, 29390, 29390, 29390]	[29436, 29436, 29435, 29435, 29435]		
5095.07475	1.924750000000131	epochs															maze_arm	334.0
5097.016	7.009500000000116	epochs															feedback_and_iti	334.0
5097.016	0.9950000000008004	epochs															feedback_delay	334.0
5098.02825	1.9729999999999563	epochs															feedback	334.0
5100.0375	3.9879999999993743	epochs															iti	334.0
5104.048	7.2042499999997744	epochs															maze	335.0
5104.048	4.402250000000095	epochs															maze_stem	335.0
5104.07025	12.412000000000262	trials	False	False	False	False	True	True	[0.13977882266044617, 0.8602211475372314, 0.48229408264160156, 0.5177059173583984]	-0.3425152450799942	0.3779270797967911	0.1712576150894165	0.18896353244781494	0.8602211475372314	[29479, 29479, 29479, 29478, 29478]	[29521, 29521, 29521, 29521, 29520]		
5108.47075	2.7814999999991414	epochs															maze_arm	335.0
5111.27375	5.1875	epochs															feedback_and_iti	335.0
5111.27375	0.9997499999999491	epochs															feedback_delay	335.0
5112.296	1.9774999999999636	epochs															feedback	335.0
5114.48125	1.980000000000473	epochs															iti	335.0
5116.48225	9.51025000000027	epochs															maze	336.0
5116.48225	6.993499999999585	epochs															maze_stem	336.0
5116.50125	14.694749999999658	trials	True	False	False	False	True	True	[0.07520037889480591, 0.9247996807098389, 0.47990116477012634, 0.520098865032196]	-0.40470080077648163	0.44489850103855133	0.2023504078388214	0.22244927287101746	0.9247996807098389	[29554, 29553, 29553, 29553, 29553]	[29610, 29609, 29609, 29609, 29609]		
5123.4955	2.4970000000002983	epochs															maze_arm	336.0
5126.01175	5.160750000000007	epochs															feedback_and_iti	336.0
5126.01175	0.9887500000004366	epochs															feedback_delay	336.0
5127.01725	1.976249999999709	epochs															feedback	336.0
5129.179	1.9934999999995853	epochs															iti	336.0
5131.196	10.266000000000531	epochs															maze	337.0
5131.196	7.590500000000247	epochs															maze_stem	337.0
5131.21875	15.488500000000386	trials	False	False	False	False	True	True	[0.053513843566179276, 0.9464861154556274, 0.452152818441391, 0.5478471517562866]	-0.39863896928727627	0.4943333026021719	0.1993194818496704	0.24716663360595703	0.9464861154556274	[29642, 29642, 29641, 29641, 29641]	[29702, 29702, 29702, 29702, 29702]		
5138.806	2.6560000000008586	epochs															maze_arm	337.0
5141.4855	5.200749999999971	epochs															feedback_and_iti	337.0
5141.4855	0.9967500000002474	epochs															feedback_delay	337.0
5142.51375	1.9542499999997744	epochs															feedback	337.0
5144.6955	1.9907499999999345	epochs															iti	337.0
5146.70725	9.188499999999294	epochs															maze	338.0
5146.70725	7.633499999999913	epochs															maze_stem	338.0
5146.7285	14.391749999999774	trials	False	False	False	True	False	True	[0.027617206797003746, 0.9723827838897705, 0.5052438974380493, 0.4947561025619507]	-0.4776266859844327	0.46713889110833406	0.23881334532052279	-0.23356944788247347	0.5052438974380493	[29735, 29735, 29734, 29734, 29734]	[29789, 29789, 29788, 29788, 29788]		
5154.361	1.5347499999998035	epochs															maze_arm	338.0
5155.91325	5.182250000000749	epochs															feedback_and_iti	338.0
5155.91325	0.9842500000004293	epochs															feedback_delay	338.0
5156.917	1.9952499999999418	epochs															feedback	338.0
5159.096	1.9995000000008076	epochs															iti	338.0
5161.12025	8.197250000000167	epochs															maze	339.0
5161.12025	5.597749999999905	epochs															maze_stem	339.0
5161.14225	13.413000000000466	trials	False	False	False	False	True	True	[0.11095961928367615, 0.8890403509140015, 0.7066030502319336, 0.2933969497680664]	-0.5956434160470963	0.18243731558322906	0.29782170057296753	0.09121865034103394	0.8890403509140015	[29821, 29821, 29821, 29821, 29820]	[29869, 29869, 29869, 29869, 29869]		
5166.73925	2.57825000000048	epochs															maze_arm	339.0
5169.34	5.196249999999964	epochs															feedback_and_iti	339.0
5169.34	0.9997499999999491	epochs															feedback_delay	339.0
5170.3645	1.9729999999999563	epochs															feedback	339.0
5172.54625	1.9899999999997817	epochs															iti	339.0
5174.55525	9.341999999999643	epochs															maze	340.0
5174.55525	7.887499999999818	epochs															maze_stem	340.0
5174.5755	14.529250000000502	trials	True	False	False	True	False	True	[0.05014679953455925, 0.949853241443634, 0.7040116786956787, 0.2959883511066437]	-0.6538648847490549	0.24584155716001987	0.32693243958055973	-0.12292076088488102	0.7040116786956787	[29902, 29902, 29901, 29901, 29901]	[29957, 29957, 29956, 29956, 29956]		
5182.463	1.4342500000002474	epochs															maze_arm	340.0
5183.9155	5.16924999999992	epochs															feedback_and_iti	340.0
5183.9155	0.9957500000000437	epochs															feedback_delay	340.0
5184.93	1.981999999999971	epochs															feedback	340.0
5187.1035	1.981249999999818	epochs															iti	340.0
5189.10475	9.139499999999316	epochs															maze	341.0
5189.10475	6.3462499999996	epochs															maze_stem	341.0
5189.1255	14.329749999999876	trials	False	False	False	False	True	True	[0.1158440113067627, 0.8841560482978821, 0.7464055418968201, 0.25359445810317993]	-0.6305615603923798	0.13775047659873962	0.3152807950973511	0.068875253200531	0.8841560482978821	[29989, 29989, 29989, 29988, 29988]	[30043, 30043, 30042, 30042, 30042]		
5195.472	2.7722499999999854	epochs															maze_arm	341.0
5198.26725	5.163749999999709	epochs															feedback_and_iti	341.0
5198.26725	0.9819999999999709	epochs															feedback_delay	341.0
5199.27525	1.9774999999999636	epochs															feedback	341.0
5201.445	1.9859999999998763	epochs															iti	341.0
5203.45525	9.555000000000291	epochs															maze	342.0
5203.45525	8.245750000000044	epochs															maze_stem	342.0
5203.47725	14.740249999999833	trials	True	False	False	True	False	True	[0.0542079322040081, 0.945792019367218, 0.8028694987297058, 0.19713051617145538]	-0.7486615348607302	0.14292255230247974	0.37433078326284885	-0.07146128453314304	0.8028694987297058	[30075, 30075, 30075, 30074, 30074]	[30131, 30131, 30131, 30131, 30131]		
5211.721	1.2892500000007203	epochs															maze_arm	342.0
5213.0275	5.1672499999995125	epochs															feedback_and_iti	342.0
5213.0275	0.9904999999998836	epochs															feedback_delay	342.0
5214.03575	1.9894999999996799	epochs															feedback	342.0
5216.2065	1.9882499999994252	epochs															iti	342.0
5218.2175	9.527500000000146	epochs															maze	343.0
5218.2175	8.034999999999854	epochs															maze_stem	343.0
5218.23875	14.711749999999483	trials	True	False	False	True	False	True	[0.1175057590007782, 0.8824942111968994, 0.754565417766571, 0.24543452262878418]	-0.637059673666954	0.12792877852916718	0.3185298293828964	-0.06396441161632538	0.754565417766571	[30164, 30163, 30163, 30163, 30163]	[30220, 30219, 30219, 30219, 30219]		
5226.27375	1.4712499999995998	epochs															maze_arm	343.0
5227.763	5.166250000000218	epochs															feedback_and_iti	343.0
5227.763	0.9997499999999491	epochs															feedback_delay	343.0
5228.78225	1.9642499999999927	epochs															feedback	343.0
5230.93625	1.993000000000393	epochs															iti	343.0
5232.9505	8.953500000000531	epochs															maze	344.0
5232.9505	7.73450000000048	epochs															maze_stem	344.0
5232.9705	14.146749999999884	trials	False	False	False	True	False	True	[0.17940568923950195, 0.820594310760498, 0.8658550381660461, 0.13414493203163147]	-0.6864493638277054	-0.04526074230670929	0.3432246744632721	0.022630363702774048	0.8658550381660461	[30252, 30252, 30251, 30251, 30251]	[30305, 30304, 30304, 30304, 30304]		
5240.70375	1.2002500000007785	epochs															maze_arm	344.0
5241.92225	5.171750000000429	epochs															feedback_and_iti	344.0
5241.92225	0.9902500000007421	epochs															feedback_delay	344.0
5242.92975	1.9882499999994252	epochs															feedback	344.0
5245.103	1.9909999999999854	epochs															iti	344.0
5247.11725	9.01549999999952	epochs															maze	345.0
5247.11725	6.765749999999571	epochs															maze_stem	345.0
5247.1415	14.201000000000022	trials	False	False	False	False	True	True	[0.18236856162548065, 0.8176314234733582, 0.8974544405937195, 0.10254555195569992]	-0.7150858752429485	-0.07982301339507103	0.3575429357588291	-0.03991151228547096	0.8176314234733582	[30337, 30337, 30336, 30336, 30336]	[30390, 30390, 30390, 30389, 30389]		
5253.903	2.2297499999995125	epochs															maze_arm	345.0
5256.1535	5.167999999999665	epochs															feedback_and_iti	345.0
5256.1535	0.9857499999998254	epochs															feedback_delay	345.0
5257.161	1.9885000000003856	epochs															feedback	345.0
5259.32725	1.994249999999738	epochs															iti	345.0
5261.3425	8.540250000000015	epochs															maze	346.0
5261.3425	7.203000000000429	epochs															maze_stem	346.0
5261.3625	13.734999999999673	trials	False	False	False	False	True	True	[0.055485546588897705, 0.9445144534111023, 0.8507584929466248, 0.14924150705337524]	-0.795272946357727	0.09375596046447754	0.3976364731788635	0.04687798023223877	0.9445144534111023	[30422, 30422, 30422, 30421, 30421]	[30472, 30472, 30472, 30472, 30472]		
5268.56575	1.3170000000000073	epochs															maze_arm	346.0
5269.90325	5.1729999999997744	epochs															feedback_and_iti	346.0
5269.90325	0.9864999999999782	epochs															feedback_delay	346.0
5270.91425	1.9792500000003201	epochs															feedback	346.0
5273.09225	1.9840000000003783	epochs															iti	346.0
5275.0975	8.277250000000095	epochs															maze	347.0
5275.0975	6.141250000000582	epochs															maze_stem	347.0
5275.11975	13.449749999999767	trials	True	False	False	False	True	True	[0.038893744349479675, 0.9611061811447144, 0.8820752501487732, 0.1179247722029686]	-0.8431814573705196	0.07903097942471504	0.4215907044708729	0.039515476673841476	0.9611061811447144	[30505, 30504, 30504, 30504, 30504]	[30553, 30553, 30553, 30553, 30552]		
5281.257	2.117750000000342	epochs															maze_arm	347.0
5283.393	5.155749999999898	epochs															feedback_and_iti	347.0
5283.393	0.9979999999995925	epochs															feedback_delay	347.0
5284.40775	1.96875	epochs															feedback	347.0
5286.5645	1.9842499999995198	epochs															iti	347.0
5288.5695	9.499000000000706	epochs															maze	348.0
5288.5695	6.988000000000284	epochs															maze_stem	348.0
5288.59	14.681999999999789	trials	False	False	False	False	True	True	[0.03202236443758011, 0.9679775834083557, 0.846258819103241, 0.1537412405014038]	-0.8142363987863064	0.12171882018446922	0.40711817145347595	0.06085941195487976	0.9679775834083557	[30585, 30585, 30585, 30585, 30585]	[30641, 30641, 30641, 30641, 30641]		
5295.58025	2.4882500000003347	epochs															maze_arm	348.0
5298.09175	5.157000000000153	epochs															feedback_and_iti	348.0
5298.09175	0.9840000000003783	epochs															feedback_delay	348.0
5299.0995	1.9719999999997526	epochs															feedback	348.0
5301.26025	1.9884999999994761	epochs															iti	348.0
5303.272	8.515250000000378	epochs															maze	349.0
5303.272	5.524500000000444	epochs															maze_stem	349.0
5303.29225	13.704499999999825	trials	False	False	False	True	False	True	[0.02881016582250595, 0.9711899161338806, 0.8825128078460693, 0.11748719215393066]	-0.8537026830017567	0.088677067309618	0.4268513210117817	-0.04433851316571236	0.8825128078460693	[30673, 30673, 30673, 30673, 30673]	[30724, 30723, 30723, 30723, 30723]		
5308.81775	2.969500000000153	epochs															maze_arm	349.0
5311.803	5.172499999999673	epochs															feedback_and_iti	349.0
5311.803	0.9930000000003929	epochs															feedback_delay	349.0
5312.8135	1.987250000000131	epochs															feedback	349.0
5314.9965	1.9789999999993597	epochs															iti	349.0
5316.99675	9.245249999999942	epochs															maze	350.0
5316.99675	7.792999999999665	epochs															maze_stem	350.0
5317.021	14.405499999999847	trials	False	False	False	True	False	True	[0.09847678989171982, 0.901523232460022, 0.8326801657676697, 0.16731984913349152]	-0.7342033796012402	0.068843062967062	0.36710168793797493	-0.03442152217030525	0.8326801657676697	[30756, 30756, 30755, 30755, 30755]	[30810, 30810, 30810, 30810, 30809]		
5324.81275	1.4292500000001382	epochs															maze_arm	350.0
5326.25825	5.14850000000024	epochs															feedback_and_iti	350.0
5326.25825	0.9984999999996944	epochs															feedback_delay	350.0
5327.275	1.9692500000001019	epochs															feedback	350.0
5329.418	1.9887500000004366	epochs															iti	350.0
5331.4265	13.911000000000058	epochs															maze	351.0
5331.4265	12.5887500000008	epochs															maze_stem	351.0
5331.44675	19.110499999999774	trials	False	False	False	True	False	True	[0.14464570581912994, 0.8553542494773865, 0.9004024267196655, 0.09959756582975388]	-0.7557567022740841	-0.04504815861582756	0.3778783604502678	0.022524066269397736	0.9004024267196655	[30842, 30842, 30842, 30842, 30842]	[30925, 30925, 30924, 30924, 30924]		
5344.0335	1.3040000000000873	epochs															maze_arm	351.0
5345.35325	5.1784999999999854	epochs															feedback_and_iti	351.0
5345.35325	0.9970000000002983	epochs															feedback_delay	351.0
5346.369	1.9777500000000146	epochs															feedback	351.0
5348.53775	1.9939999999996871	epochs															iti	351.0
5350.55725	8.52325000000019	epochs															maze	352.0
5350.55725	6.210500000000138	epochs															maze_stem	352.0
5350.587	13.71349999999984	trials	False	False	False	False	True	True	[0.1516353189945221, 0.8483647108078003, 0.9017088413238525, 0.09829114377498627]	-0.7500735446810722	-0.05334415286779404	0.375036783516407	-0.02667207270860672	0.8483647108078003	[30957, 30957, 30957, 30956, 30956]	[31007, 31007, 31007, 31007, 31006]		
5356.78775	2.2927499999996144	epochs															maze_arm	352.0
5359.10275	5.176499999999578	epochs															feedback_and_iti	352.0
5359.10275	1.000250000000051	epochs															feedback_delay	352.0
5360.12625	1.976249999999709	epochs															feedback	352.0
5362.292	1.9872499999992215	epochs															iti	352.0
5364.3005	9.08324999999968	epochs															maze	353.0
5364.3005	6.876249999999345	epochs															maze_stem	353.0
5364.32225	14.274749999999585	trials	False	False	False	False	True	True	[0.04521546885371208, 0.9547845125198364, 0.8667665123939514, 0.1332334727048874]	-0.8215510416775942	0.08801800198853016	0.4107755199074745	0.04400899261236191	0.9547845125198364	[31039, 31039, 31039, 31039, 31039]	[31093, 31093, 31093, 31092, 31092]		
5371.19775	2.1859999999996944	epochs															maze_arm	353.0
5373.40475	5.1710000000002765	epochs															feedback_and_iti	353.0
5373.40475	0.9907499999999345	epochs															feedback_delay	353.0
5374.41925	1.9782500000001164	epochs															feedback	353.0
5376.5865	1.989249999999629	epochs															iti	353.0
5378.597	8.684000000000196	epochs															maze	354.0
5378.597	6.467500000000655	epochs															maze_stem	354.0
5378.61775	13.879750000000058	trials	False	False	False	False	True	True	[0.03234483674168587, 0.9676551222801208, 0.8962608575820923, 0.1037391871213913]	-0.863915977999568	0.071394307538867	0.4319579675793648	0.03569715470075607	0.9676551222801208	[31125, 31125, 31125, 31125, 31124]	[31176, 31176, 31176, 31176, 31175]		
5385.08525	2.1957499999998618	epochs															maze_arm	354.0
5387.303	5.1729999999997744	epochs															feedback_and_iti	354.0
5387.303	0.9960000000000946	epochs															feedback_delay	354.0
5388.32325	1.9692499999991924	epochs															feedback	354.0
5390.4785	1.9974999999994907	epochs															iti	354.0
5392.4975	9.451000000000022	epochs															maze	355.0
5392.4975	7.071749999999156	epochs															maze_stem	355.0
5392.5185	14.67724999999973	trials	True	False	False	False	True	True	[0.031040221452713013, 0.9689597487449646, 0.9012959003448486, 0.09870405495166779]	-0.8702556863427162	0.06766384094953537	0.4351278468966484	0.03383190184831619	0.9689597487449646	[31208, 31208, 31208, 31208, 31208]	[31264, 31264, 31264, 31264, 31263]		
5399.58975	2.3587500000003274	epochs															maze_arm	355.0
5401.96775	5.207500000000437	epochs															feedback_and_iti	355.0
5401.96775	0.9850000000005821	epochs															feedback_delay	355.0
5402.97	1.9909999999999854	epochs															feedback	355.0
5405.175	2.000250000000051	epochs															iti	355.0
5407.19575	10.744249999999738	epochs															maze	356.0
5407.19575	9.266499999999724	epochs															maze_stem	356.0
5407.218	15.936000000000604	trials	True	False	False	True	False	True	[0.024690859019756317, 0.9753091931343079, 0.8618496656417847, 0.13815027475357056]	-0.8371588625013828	0.11345947161316872	0.4185794033110142	-0.05672973766922951	0.8618496656417847	[31297, 31296, 31296, 31296, 31296]	[31360, 31360, 31360, 31359, 31359]		
5416.48475	1.4552499999999782	epochs															maze_arm	356.0
5417.95625	5.175250000000233	epochs															feedback_and_iti	356.0
5417.95625	0.9937499999996362	epochs															feedback_delay	356.0
5418.967	1.9757500000005166	epochs															feedback	356.0
5421.134	1.9975000000004002	epochs															iti	356.0
5423.154	7.967999999999847	epochs															maze	357.0
5423.154	6.8179999999993015	epochs															maze_stem	357.0
5423.17375	13.154999999999745	trials	False	False	False	True	False	True	[0.07145460695028305, 0.928545355796814, 0.7399564385414124, 0.26004356145858765]	-0.6685018129646778	0.1885889358818531	0.33425091579556465	-0.0942944772541523	0.7399564385414124	[31392, 31392, 31392, 31392, 31391]	[31439, 31439, 31439, 31439, 31438]		
5429.99075	1.1312500000003638	epochs															maze_arm	357.0
5431.13875	5.16924999999992	epochs															feedback_and_iti	357.0
5431.13875	0.9892499999996289	epochs															feedback_delay	357.0
5432.1465	1.9802500000005239	epochs															feedback	357.0
5434.3205	1.987500000000182	epochs															iti	357.0
5436.32875	8.834249999999884	epochs															maze	358.0
5436.32875	7.011500000000524	epochs															maze_stem	358.0
5436.34925	14.028249999999389	trials	False	False	False	False	True	True	[0.09464942663908005, 0.9053505659103394, 0.8626344203948975, 0.13736563920974731]	-0.7679849602282047	0.04271617904305458	0.383992463350296	0.021358102560043335	0.9053505659103394	[31471, 31471, 31471, 31471, 31470]	[31523, 31523, 31523, 31523, 31523]		
5443.35875	1.8042499999992287	epochs															maze_arm	358.0
5445.1855	5.171250000000327	epochs															feedback_and_iti	358.0
5445.1855	0.992750000000342	epochs															feedback_delay	358.0
5446.2005	1.9772499999999127	epochs															feedback	358.0
5448.3685	1.9882500000003347	epochs															iti	358.0
5450.3775	8.05225000000064	epochs															maze	359.0
5450.3775	6.765250000000378	epochs															maze_stem	359.0
5450.398	13.22924999999941	trials	False	False	False	True	False	True	[0.038503989577293396, 0.9614960551261902, 0.8483437299728394, 0.15165625512599945]	-0.8098397701978683	0.11315229535102844	0.404919870197773	-0.056576140224933624	0.8483437299728394	[31556, 31555, 31555, 31555, 31555]	[31603, 31603, 31602, 31602, 31602]		
5457.1615	1.26825000000008	epochs															maze_arm	359.0
5458.45275	5.153999999999542	epochs															feedback_and_iti	359.0
5458.45275	0.9992499999998472	epochs															feedback_delay	359.0
5459.4705	1.9697499999992942	epochs															feedback	359.0
5461.61625	1.9904999999998836	epochs															iti	359.0
5463.62725	7.456750000000284	epochs															maze	360.0
5463.62725	5.424250000000029	epochs															maze_stem	360.0
5463.6475	12.631500000000415	trials	True	False	False	False	True	True	[0.0898834839463234, 0.9101165533065796, 0.8563634753227234, 0.14363650977611542]	-0.7664800174534321	0.05375305190682411	0.3832400217652321	0.026876531541347504	0.9101165533065796	[31635, 31635, 31635, 31634, 31634]	[31679, 31679, 31678, 31678, 31678]		
5469.07175	2.012249999999767	epochs															maze_arm	360.0
5471.1	5.15625	epochs															feedback_and_iti	360.0
5471.1	0.9979999999995925	epochs															feedback_delay	360.0
5472.11625	1.969000000000051	epochs															feedback	360.0
5474.2785	1.9777500000000146	epochs															iti	360.0
5476.279	7.73424999999952	epochs															maze	361.0
5476.279	5.846749999999702	epochs															maze_stem	361.0
5476.301	12.926249999999527	trials	False	False	False	False	True	True	[0.04230980947613716, 0.9576902389526367, 0.8669179081916809, 0.13308212161064148]	-0.8246081080287695	0.09077232144773006	0.4123040586709976	0.0453861802816391	0.9576902389526367	[31711, 31711, 31710, 31710, 31710]	[31756, 31756, 31756, 31756, 31755]		
5482.14525	1.868000000000393	epochs															maze_arm	361.0
5484.036	5.1710000000002765	epochs															feedback_and_iti	361.0
5484.036	0.9799999999995634	epochs															feedback_delay	361.0
5485.03875	1.9777500000000146	epochs															feedback	361.0
5487.229	1.9780000000000655	epochs															iti	361.0
5489.22725	8.194749999999658	epochs															maze	362.0
5489.22725	7.030999999999949	epochs															maze_stem	362.0
5489.247	13.381499999999505	trials	False	False	False	True	False	True	[0.025645630434155464, 0.9743543267250061, 0.8831745386123657, 0.11682550609111786]	-0.8575288644060493	0.09117983188480139	0.42876445408910513	-0.04558991547673941	0.8831745386123657	[31788, 31788, 31788, 31788, 31788]	[31837, 31836, 31836, 31836, 31836]		
5496.28125	1.1407499999995707	epochs															maze_arm	362.0
5497.43875	5.168249999999716	epochs															feedback_and_iti	362.0
5497.43875	0.9932499999995343	epochs															feedback_delay	362.0
5498.44725	1.9804999999996653	epochs															feedback	362.0
5500.62075	1.9862499999999272	epochs															iti	362.0
5502.6285	8.778250000000298	epochs															maze	363.0
5502.6285	6.414749999999913	epochs															maze_stem	363.0
5502.65	13.998000000000502	trials	False	False	False	False	True	True	[0.0813337042927742, 0.9186662435531616, 0.8379126191139221, 0.16208742558956146]	-0.756578866392374	0.08075367286801338	0.3782894089818001	0.04037683457136154	0.9186662435531616	[31869, 31869, 31868, 31868, 31868]	[31921, 31920, 31920, 31920, 31920]		
5509.064	2.3427499999997963	epochs															maze_arm	363.0
5511.43	5.197249999999258	epochs															feedback_and_iti	363.0
5511.43	0.9969999999993888	epochs															feedback_delay	363.0
5512.451	1.9707500000004075	epochs															feedback	363.0
5514.62575	2.001499999999396	epochs															iti	363.0
5516.648	8.411000000000058	epochs															maze	364.0
5516.648	7.198999999999614	epochs															maze_stem	364.0
5516.669	13.5912500000004	trials	False	False	False	True	False	True	[0.035176098346710205, 0.964823842048645, 0.8705018162727356, 0.1294981837272644]	-0.835325688123703	0.09432205557823181	0.4176628589630127	-0.0471610426902771	0.8705018162727356	[31953, 31953, 31952, 31952, 31952]	[32002, 32002, 32002, 32002, 32002]		
5523.8725	1.1864999999997963	epochs															maze_arm	364.0
5525.075	5.1655000000000655	epochs															feedback_and_iti	364.0
5525.075	0.9922500000002401	epochs															feedback_delay	364.0
5526.086	1.9794999999994616	epochs															feedback	364.0
5528.25525	1.9852499999997235	epochs															iti	364.0
5530.26025	8.10424999999941	epochs															maze	365.0
5530.26025	5.897750000000087	epochs															maze_stem	365.0
5530.2805	13.300000000000182	trials	False	False	False	False	True	True	[0.08934479206800461, 0.9106552004814148, 0.856609582901001, 0.1433904469013214]	-0.7672647722065449	0.05404563620686531	0.3836323767900467	0.027022823691368103	0.9106552004814148	[32035, 32034, 32034, 32034, 32034]	[32082, 32082, 32082, 32082, 32081]		
5536.179	2.1854999999995925	epochs															maze_arm	365.0
5538.38725	5.1707500000002256	epochs															feedback_and_iti	365.0
5538.38725	0.9895000000005894	epochs															feedback_delay	365.0
5539.3995	1.9752499999995052	epochs															feedback	365.0
5541.57025	1.9877500000002328	epochs															iti	365.0
5543.5805	8.204249999999774	epochs															maze	366.0
5543.5805	6.285750000000007	epochs															maze_stem	366.0
5543.602	13.391749999999774	trials	True	False	False	False	True	True	[0.03578409180045128, 0.9642159342765808, 0.8693891167640686, 0.1306108683347702]	-0.833605045452714	0.09482679702341557	0.4168025329709053	0.04741340130567551	0.9642159342765808	[32114, 32114, 32114, 32114, 32114]	[32163, 32162, 32162, 32162, 32162]		
5549.88725	1.8975000000000364	epochs															maze_arm	366.0
5551.80075	5.1729999999997744	epochs															feedback_and_iti	366.0
5551.80075	0.9969999999993888	epochs															feedback_delay	366.0
5552.81375	1.9844999999995707	epochs															feedback	366.0
5554.9785	1.9952499999999418	epochs															iti	366.0
5556.99375	8.188250000000153	epochs															maze	367.0
5556.99375	6.722250000000713	epochs															maze_stem	367.0
5557.014	13.385999999999513	trials	False	False	False	True	False	True	[0.026377936825156212, 0.9736220836639404, 0.8560938835144043, 0.1439061015844345]	-0.829715964384377	0.11752818245440722	0.41485797334462404	-0.058764089830219746	0.8560938835144043	[32195, 32195, 32194, 32194, 32194]	[32243, 32243, 32243, 32242, 32242]		
5563.7365	1.4454999999998108	epochs															maze_arm	367.0
5565.19675	5.180499999999483	epochs															feedback_and_iti	367.0
5565.19675	0.9867500000000291	epochs															feedback_delay	367.0
5566.19975	1.9887500000004366	epochs															feedback	367.0
5568.38625	1.9909999999999854	epochs															iti	367.0
5570.4	8.094000000000051	epochs															maze	368.0
5570.4	6.201250000000073	epochs															maze_stem	368.0
5570.42075	13.290750000000116	trials	False	False	False	False	True	True	[0.08387864381074905, 0.9161213636398315, 0.8583865165710449, 0.14161346852779388]	-0.7745078839361668	0.057734835892915726	0.38725394755601883	0.028867416083812714	0.9161213636398315	[32275, 32275, 32275, 32275, 32274]	[32323, 32323, 32322, 32322, 32322]		
5576.62175	1.8722499999994398	epochs															maze_arm	368.0
5578.518	5.1727499999997235	epochs															feedback_and_iti	368.0
5578.518	0.9830000000001746	epochs															feedback_delay	368.0
5579.52375	1.98700000000008	epochs															feedback	368.0
5581.70575	1.9849999999996726	epochs															iti	368.0
5583.7115	7.954999999999927	epochs															maze	369.0
5583.7115	6.081749999999374	epochs															maze_stem	369.0
5583.73275	13.14599999999973	trials	False	False	False	False	True	True	[0.03459542989730835, 0.9654045701026917, 0.8707244992256165, 0.12927544116973877]	-0.8361290991306305	0.09468004107475281	0.41806456446647644	0.04734000563621521	0.9654045701026917	[32355, 32355, 32355, 32354, 32354]	[32402, 32402, 32401, 32401, 32401]		
5589.81425	1.8522499999999127	epochs															maze_arm	369.0
5591.6915	5.1655000000000655	epochs															feedback_and_iti	369.0
5591.6915	0.9982499999996435	epochs															feedback_delay	369.0
5592.7115	1.9604999999992287	epochs															feedback	369.0
5594.86625	1.9907499999999345	epochs															iti	369.0
5596.87875	8.375750000000153	epochs															maze	370.0
5596.87875	6.33849999999984	epochs															maze_stem	370.0
5596.89925	13.57274999999936	trials	False	False	False	False	True	True	[0.02686433307826519, 0.9731357097625732, 0.8926267623901367, 0.10737329721450806]	-0.8657624209299684	0.0805089557543397	0.4328812062740326	0.04025450348854065	0.9731357097625732	[32434, 32434, 32434, 32433, 32433]	[32483, 32483, 32483, 32483, 32482]		
5603.23825	2.0162499999996726	epochs															maze_arm	370.0
5605.28275	5.164749999999913	epochs															feedback_and_iti	370.0
5605.28275	0.9909999999999854	epochs															feedback_delay	370.0
5606.29675	1.9617499999994834	epochs															feedback	370.0
5608.44875	1.9987500000006548	epochs															iti	370.0
5610.472	8.768500000000131	epochs															maze	371.0
5610.472	6.387250000000677	epochs															maze_stem	371.0
5610.494	13.954250000000684	trials	True	False	False	False	True	True	[0.025163257494568825, 0.9748367667198181, 0.8980346322059631, 0.10196538269519806]	-0.8728713793680072	0.07680212985724211	0.43643569201231003	0.03840107470750809	0.9748367667198181	[32515, 32515, 32515, 32515, 32515]	[32567, 32567, 32567, 32566, 32566]		
5616.87925	2.3612499999999272	epochs															maze_arm	371.0
5619.256	5.170499999999265	epochs															feedback_and_iti	371.0
5619.256	0.9954999999999927	epochs															feedback_delay	371.0
5620.2695	1.9792499999994106	epochs															feedback	371.0
5622.43775	1.988749999999527	epochs															iti	371.0
5624.44825	7.611249999999927	epochs															maze	372.0
5624.44825	5.500499999999192	epochs															maze_stem	372.0
5624.46925	12.790500000000065	trials	False	False	False	False	True	True	[0.020617101341485977, 0.9793828725814819, 0.8616704344749451, 0.13832959532737732]	-0.8410533051937819	0.1177124660462141	0.4205266386270523	0.058856233954429626	0.9793828725814819	[32599, 32599, 32599, 32599, 32598]	[32644, 32644, 32644, 32643, 32643]		
5629.97025	2.0892499999999927	epochs															maze_arm	372.0
5632.082	5.159249999999702	epochs															feedback_and_iti	372.0
5632.082	0.9979999999995925	epochs															feedback_delay	372.0
5633.10525	1.966500000000451	epochs															feedback	372.0
5635.25725	1.9840000000003783	epochs															iti	372.0
5637.25975	8.390999999999622	epochs															maze	373.0
5637.25975	6.482500000000073	epochs															maze_stem	373.0
5637.28025	13.588000000000648	trials	False	False	False	False	True	True	[0.0198531411588192, 0.9801468253135681, 0.8943208456039429, 0.10567916929721832]	-0.8744676802307367	0.08582600392401218	0.4372338280081749	0.04291299730539322	0.9801468253135681	[32676, 32676, 32676, 32675, 32675]	[32725, 32725, 32725, 32725, 32725]		
5643.76225	1.8885000000000218	epochs															maze_arm	373.0
5645.6735	5.172250000000531	epochs															feedback_and_iti	373.0
5645.6735	0.9830000000001746	epochs															feedback_delay	373.0
5646.6785	1.9885000000003856	epochs															feedback	373.0
5648.8505	1.9952500000008513	epochs															iti	373.0
5650.86825	8.33049999999912	epochs															maze	374.0
5650.86825	6.238999999999578	epochs															maze_stem	374.0
5650.88825	13.533500000000458	trials	True	False	False	False	True	True	[0.02303384244441986, 0.9769662022590637, 0.9001436829566956, 0.09985634684562683]	-0.8771098479628563	0.07682251185178757	0.43855492770671844	0.038411274552345276	0.9769662022590637	[32758, 32757, 32757, 32757, 32757]	[32807, 32806, 32806, 32806, 32806]		
5657.1285	2.07024999999976	epochs															maze_arm	374.0
5659.214	5.185999999999694	epochs															feedback_and_iti	374.0
5659.214	0.9915000000000873	epochs															feedback_delay	374.0
5660.22325	1.9864999999999782	epochs															feedback	374.0
5662.405	1.9949999999998909	epochs															iti	374.0
5664.42175	16.6279999999997	epochs															maze	375.0
5664.42175	15.422999999999774	epochs															maze_stem	375.0
5664.44675	23.657250000000204	trials	False	False	False	False	False	False	[0.019930964335799217, 0.9800690412521362, 0.8641043901443481, 0.13589560985565186]	-0.8441734286025167	0.11596464831382036	-0.42208671290427446	-0.05798232275992632	0.019930964335799217	[32839, 32839, 32839, 32838, 32838]	[32938, 32937, 32937, 32937, 32937]		
5679.863	1.1867499999998472	epochs															maze_arm	375.0
5681.07225	7.008249999999862	epochs															feedback_and_iti	375.0
5681.07225	0.9979999999995925	epochs															feedback_delay	375.0
5682.09275	1.96100000000024	epochs															feedback	375.0
5684.0965	3.9840000000003783	epochs															iti	375.0
5688.104	7.905499999999847	epochs															maze	376.0
5688.104	4.795749999999316	epochs															maze_stem	376.0
5688.1265	14.938999999999396	trials	False	False	False	False	False	False	[0.4654076099395752, 0.5345923900604248, 0.9636623859405518, 0.036337535828351974]	-0.4982548151165247	-0.4290700349956751	-0.24912738800048828	0.21453499794006348	0.4654076099395752	[32981, 32981, 32981, 32980, 32980]	[33027, 33027, 33027, 33027, 33027]		
5692.91975	3.0897500000000946	epochs															maze_arm	376.0
5696.03375	7.010750000000371	epochs															feedback_and_iti	376.0
5696.03375	0.998000000000502	epochs															feedback_delay	376.0
5697.0655	1.9525000000003274	epochs															feedback	376.0
5699.05625	3.9882500000003347	epochs															iti	376.0
5703.0655	7.760250000000269	epochs															maze	377.0
5703.0655	5.195749999999862	epochs															maze_stem	377.0
5703.086	12.938749999999345	trials	True	False	False	False	True	True	[0.6827569007873535, 0.3172430694103241, 0.8986775875091553, 0.10132242739200592]	-0.21592066437005997	-0.5814344957470894	0.10796032100915909	-0.290717251598835	0.3172430694103241	[33071, 33070, 33070, 33070, 33070]	[33116, 33116, 33116, 33116, 33115]		
5708.28125	2.544499999999971	epochs															maze_arm	377.0
5710.843	5.156500000000051	epochs															feedback_and_iti	377.0
5710.843	0.9830000000001746	epochs															feedback_delay	377.0
5711.84325	1.9862499999999272	epochs															feedback	377.0
5714.00725	1.99225000000024	epochs															iti	377.0
5716.02475	8.99475000000075	epochs															maze	378.0
5716.02475	7.647000000000844	epochs															maze_stem	378.0
5716.048	16.014750000000276	trials	False	False	False	False	False	False	[0.40997210144996643, 0.5900278687477112, 0.87779301404953, 0.12220694869756699]	-0.4678209163248539	-0.28776514902710915	-0.2339104562997818	0.14388255774974823	0.40997210144996643	[33148, 33148, 33148, 33148, 33148]	[33201, 33201, 33201, 33201, 33201]		
5723.69275	1.3267500000001746	epochs															maze_arm	378.0
5725.0415	7.001749999999447	epochs															feedback_and_iti	378.0
5725.0415	0.9977499999995416	epochs															feedback_delay	378.0
5726.05975	1.9594999999999345	epochs															feedback	378.0
5728.06	3.983249999999316	epochs															iti	378.0
5732.06275	8.522750000000087	epochs															maze	379.0
5732.06275	5.859749999999622	epochs															maze_stem	379.0
5732.08325	15.579749999999876	trials	False	False	False	False	False	False	[0.44647425413131714, 0.5535256862640381, 0.8679755926132202, 0.13202446699142456]	-0.4215012788772583	-0.31444984674453735	-0.21075066924095154	0.15722492337226868	0.44647425413131714	[33244, 33244, 33244, 33244, 33244]	[33295, 33294, 33294, 33294, 33294]		
5737.94225	2.64325000000008	epochs															maze_arm	379.0
5740.6075	7.035750000000007	epochs															feedback_and_iti	379.0
5740.6075	0.9852499999997235	epochs															feedback_delay	379.0
5741.616	1.9862499999999272	epochs															feedback	379.0
5743.64175	4.001500000000306	epochs															iti	379.0
5747.663	7.5600000000004	epochs															maze	380.0
5747.663	5.144250000000284	epochs															maze_stem	380.0
5747.68225	14.591750000000502	trials	False	False	False	True	True	False	[0.7332149147987366, 0.26678502559661865, 0.8749588131904602, 0.125041201710701]	-0.14174386113882065	-0.6081737503409386	-0.07087191194295883	-0.3040868863463402	0.125041201710701	[33338, 33338, 33338, 33337, 33337]	[33382, 33382, 33382, 33382, 33382]		
5752.82625	2.3967499999998836	epochs															maze_arm	380.0
5755.23925	7.012500000000728	epochs															feedback_and_iti	380.0
5755.23925	0.998250000000553	epochs															feedback_delay	380.0
5756.25275	1.9715000000005602	epochs															feedback	380.0
5758.25975	3.992000000000189	epochs															iti	380.0
5762.274	6.914749999999913	epochs															maze	381.0
5762.274	5.312750000000051	epochs															maze_stem	381.0
5762.295	12.114249999999629	trials	False	False	False	False	True	True	[0.11457429826259613, 0.8854256868362427, 0.3409164845943451, 0.6590834856033325]	-0.22634219378232956	0.544509194791317	0.11317110061645508	0.2722545862197876	0.8854256868362427	[33426, 33425, 33425, 33425, 33425]	[33466, 33466, 33466, 33466, 33465]		
5767.606	1.5827500000004875	epochs															maze_arm	381.0
5769.2105	5.179500000000189	epochs															feedback_and_iti	381.0
5769.2105	0.9994999999998981	epochs															feedback_delay	381.0
5770.2325	1.9600000000000364	epochs															feedback	381.0
5772.3935	1.9965000000001965	epochs															iti	381.0
5774.40925	7.415750000000116	epochs															maze	382.0
5774.40925	5.587000000000444	epochs															maze_stem	382.0
5774.432	14.435750000000553	trials	False	False	False	True	True	False	[0.06467477232217789, 0.9353252053260803, 0.42461228370666504, 0.575387716293335]	-0.35993750020861626	0.5107129327952862	-0.17996874451637268	0.25535646080970764	0.575387716293335	[33498, 33498, 33498, 33498, 33498]	[33542, 33542, 33542, 33541, 33541]		
5780.01325	1.8117499999998472	epochs															maze_arm	382.0
5781.8425	7.004750000000058	epochs															feedback_and_iti	382.0
5781.8425	0.9822500000000218	epochs															feedback_delay	382.0
5782.8455	1.9804999999996653	epochs															feedback	382.0
5784.86075	3.986499999999978	epochs															iti	382.0
5788.86775	8.32549999999992	epochs															maze	383.0
5788.86775	5.849499999999352	epochs															maze_stem	383.0
5788.887	15.360750000000735	trials	True	False	False	True	True	False	[0.05835026875138283, 0.9416497945785522, 0.33062201738357544, 0.6693780422210693]	-0.27227175049483776	0.6110277753323317	-0.13613587617874146	0.3055139183998108	0.6693780422210693	[33585, 33585, 33585, 33584, 33584]	[33634, 33634, 33634, 33633, 33633]		
5794.73825	2.4549999999999272	epochs															maze_arm	383.0
5797.21	7.017499999999927	epochs															feedback_and_iti	383.0
5797.21	0.9899999999997817	epochs															feedback_delay	383.0
5798.22075	1.9747499999994034	epochs															feedback	383.0
5800.22975	3.9977499999995416	epochs															iti	383.0
5804.24775	7.020999999999731	epochs															maze	384.0
5804.24775	5.233999999999469	epochs															maze_stem	384.0
5804.268	14.059250000000247	trials	False	False	False	True	True	False	[0.05265611782670021, 0.9473438858985901, 0.2685031294822693, 0.7314968705177307]	-0.21584701351821423	0.6788407545536757	-0.10792350769042969	0.3394203782081604	0.7314968705177307	[33677, 33677, 33677, 33677, 33677]	[33718, 33718, 33718, 33718, 33718]		
5809.50175	1.7669999999998254	epochs															maze_arm	384.0
5811.2875	7.017249999999876	epochs															feedback_and_iti	384.0
5811.2875	0.9927499999994325	epochs															feedback_delay	384.0
5812.3	1.9804999999996653	epochs															feedback	384.0
5814.315	3.9897500000006403	epochs															iti	384.0
5818.32725	7.403999999999542	epochs															maze	385.0
5818.32725	5.414749999999913	epochs															maze_stem	385.0
5818.3485	12.600249999999505	trials	False	False	False	False	True	True	[0.05399608239531517, 0.9460038542747498, 0.2272610366344452, 0.7727389335632324]	-0.17326493747532368	0.7187428344041109	0.08663246035575867	0.3593713939189911	0.9460038542747498	[33762, 33762, 33761, 33761, 33761]	[33805, 33805, 33805, 33805, 33804]		
5823.76	1.9712499999995998	epochs															maze_arm	385.0
5825.7545	5.173249999999825	epochs															feedback_and_iti	385.0
5825.7545	0.9942499999997381	epochs															feedback_delay	385.0
5826.7715	1.9762500000006185	epochs															feedback	385.0
5828.94175	1.9859999999998763	epochs															iti	385.0
5830.94875	7.5900000000001455	epochs															maze	386.0
5830.94875	6.006750000000466	epochs															maze_stem	386.0
5830.97	12.791249999999309	trials	False	False	False	False	True	True	[0.04469241574406624, 0.95530766248703, 0.28424718976020813, 0.7157528400421143]	-0.23955479823052883	0.671060448512435	0.11977741122245789	0.33553025126457214	0.95530766248703	[33837, 33837, 33837, 33837, 33837]	[33882, 33882, 33882, 33881, 33881]		
5836.97575	1.5630000000001019	epochs															maze_arm	386.0
5838.5635	5.179250000000138	epochs															feedback_and_iti	386.0
5838.5635	0.9934999999995853	epochs															feedback_delay	386.0
5839.58225	1.9732500000000073	epochs															feedback	386.0
5841.75525	1.987500000000182	epochs															iti	386.0
5843.76125	6.792250000000422	epochs															maze	387.0
5843.76125	5.182250000000749	epochs															maze_stem	387.0
5843.7815	13.831750000000284	trials	False	False	False	True	True	False	[0.022548744454979897, 0.9774512648582458, 0.3216232657432556, 0.6783767342567444]	-0.2990745259448886	0.6558279944583774	-0.14953726530075073	0.3279139995574951	0.6783767342567444	[33914, 33914, 33914, 33914, 33913]	[33954, 33954, 33954, 33953, 33953]		
5848.9615	1.5919999999996435	epochs															maze_arm	387.0
5850.57025	7.024750000000495	epochs															feedback_and_iti	387.0
5850.57025	0.9845000000004802	epochs															feedback_delay	387.0
5851.5715	1.9954999999999927	epochs															feedback	387.0
5853.606	3.9890000000004875	epochs															iti	387.0
5857.61325	6.956999999999425	epochs															maze	388.0
5857.61325	5.393000000000029	epochs															maze_stem	388.0
5857.6325	13.993500000000495	trials	False	False	False	True	True	False	[0.0656508356332779, 0.9343491196632385, 0.27121439576148987, 0.7287856340408325]	-0.205563522875309	0.6631347611546516	-0.102781742811203	0.3315673768520355	0.7287856340408325	[33997, 33997, 33997, 33997, 33996]	[34038, 34038, 34038, 34037, 34037]		
5863.02525	1.5450000000000728	epochs															maze_arm	388.0
5864.58825	7.015500000000429	epochs															feedback_and_iti	388.0
5864.58825	0.9880000000002838	epochs															feedback_delay	388.0
5865.5945	1.9852499999997235	epochs															feedback	388.0
5867.6155	3.9882500000003347	epochs															iti	388.0
5871.626	10.266499999999724	epochs															maze	389.0
5871.626	6.331749999999374	epochs															maze_stem	389.0
5871.648	17.316749999999956	trials	False	False	False	True	True	False	[0.053602032363414764, 0.9463979005813599, 0.21053676307201385, 0.789463222026825]	-0.156934704631567	0.7358611635863781	-0.07846733927726746	0.3679305613040924	0.789463222026825	[34081, 34081, 34081, 34081, 34081]	[34142, 34142, 34142, 34141, 34141]		
5877.982	3.9104999999999563	epochs															maze_arm	389.0
5881.9075	7.035750000000007	epochs															feedback_and_iti	389.0
5881.9075	0.9954999999999927	epochs															feedback_delay	389.0
5882.921	1.9802499999996144	epochs															feedback	389.0
5884.94	4.003250000000662	epochs															iti	389.0
5888.96475	6.543999999999869	epochs															maze	390.0
5888.96475	4.533499999999549	epochs															maze_stem	390.0
5888.986	11.733250000000226	trials	False	False	False	False	True	True	[0.05323835462331772, 0.9467616081237793, 0.1916639506816864, 0.808336079120636]	-0.138425562530756	0.7550976909697056	0.06921276450157166	0.37754884362220764	0.9467616081237793	[34185, 34185, 34185, 34185, 34184]	[34224, 34223, 34223, 34223, 34223]		
5893.52075	1.9880000000002838	epochs															maze_arm	390.0
5895.53	5.168500000000677	epochs															feedback_and_iti	390.0
5895.53	0.9835000000002765	epochs															feedback_delay	390.0
5896.537	1.9847499999996217	epochs															feedback	390.0
5898.704	1.9945000000006985	epochs															iti	390.0
5900.71925	6.200249999999869	epochs															maze	391.0
5900.71925	4.85674999999992	epochs															maze_stem	391.0
5900.74025	9.206750000000284	trials	False	False	False	True	True	False	[0.04470030963420868, 0.9552996754646301, 0.22483335435390472, 0.7751665711402893]	-0.18013307452201843	0.730466291308403	-0.09006655216217041	0.3652331233024597	0.7751665711402893	[34256, 34256, 34255, 34255, 34255]	[34292, 34292, 34292, 34291, 34291]		
5905.5965	1.3230000000003201	epochs															maze_arm	391.0
5906.9365	3.01050000000032	epochs															feedback_and_iti	391.0
5906.9365	0.9930000000003929	epochs															feedback_delay	391.0
5907.947	1.9807499999997162	epochs															feedback	391.0
