onset	duration	nwb_table	is_vis	is_ruleA	is_switch	is_cueB	is_choL	is_correct	association_mat	rule_belief	signed_bias	rule_following	bias_following	prob_actual_cho	trial_onset_plane_frame_idx	trial_offset_plane_frame_idx	epoch_type	trial_id
87.9295	9.247749999999996	epochs															maze	0.0
87.9295	6.260249999999999	epochs															maze_stem	0.0
87.9845	14.444000000000003	trials	False	False	False	True	False	True	[0.4117547  0.58824527 0.45679799 0.54320204]	-0.04504325985908508	0.13144731521606445	0.022521644830703735	-0.06572365760803223	0.4567979872226715	[318 318 317 317 317]	[372 372 372 372 371]		
94.208	2.9692500000000024	epochs															maze_arm	0.0
97.198	5.204250000000002	epochs															feedback_and_iti	0.0
97.198	0.9865000000000066	epochs															feedback_delay	0.0
98.2055	1.9899999999999949	epochs															feedback	0.0
100.41175	1.9904999999999973	epochs															iti	0.0
102.4285	10.054249999999996	epochs															maze	1.0
102.4285	7.451750000000004	epochs															maze_stem	1.0
102.44775	15.253500000000003	trials	True	False	False	True	False	True	[0.44017813 0.55982184 0.65793288 0.34206712]	-0.21775473654270172	-0.09811101853847504	0.10887737572193146	0.04905550181865692	0.6579328775405884	[405 405 404 404 404]	[464 464 464 463 463]		
109.89975	2.5829999999999984	epochs															maze_arm	1.0
112.50325	5.177000000000007	epochs															feedback_and_iti	1.0
112.50325	0.9815000000000111	epochs															feedback_delay	1.0
113.50525	1.9917499999999961	epochs															feedback	1.0
115.689	1.991250000000008	epochs															iti	1.0
117.70125	8.442999999999998	epochs															maze	2.0
117.70125	6.170000000000002	epochs															maze_stem	2.0
117.7215	15.483999999999995	trials	False	False	False	False	False	False	[0.48369044 0.51630956 0.76361036 0.23638962]	-0.27991992980241776	-0.24730081111192703	-0.13995996117591858	0.12365040183067322	0.48369044065475464	[496 496 496 496 495]	[546 546 546 545 545]		
123.89075	2.2535000000000025	epochs															maze_arm	2.0
126.1635	7.021250000000009	epochs															feedback_and_iti	2.0
126.1635	0.9852500000000077	epochs															feedback_delay	2.0
127.17025	1.9810000000000088	epochs															feedback	2.0
129.19575	3.9890000000000043	epochs															iti	2.0
133.2055	8.771999999999991	epochs															maze	3.0
133.2055	5.494249999999994	epochs															maze_stem	3.0
133.226	13.973500000000001	trials	False	False	False	True	False	True	[0.56285328 0.43714666 0.6989454  0.30105457]	-0.13609211146831512	-0.2617987245321274	0.06804606318473816	0.1308993399143219	0.6989454030990601	[589 589 589 589 588]	[641 641 641 640 640]		
138.7205	3.257000000000005	epochs															maze_arm	3.0
141.99775	5.181749999999994	epochs															feedback_and_iti	3.0
141.99775	0.9975000000000023	epochs															feedback_delay	3.0
143.01425	1.9812499999999886	epochs															feedback	3.0
145.182	1.9975000000000023	epochs															iti	3.0
147.1995	12.512	epochs															maze	4.0
147.1995	8.630500000000012	epochs															maze_stem	4.0
147.219	17.715000000000003	trials	True	False	False	False	True	True	[0.57744759 0.42255244 0.78723925 0.21276078]	-0.2097916603088379	-0.3646868169307709	0.10489583015441895	-0.18234339356422424	0.4225524365901947	[673 673 673 673 672]	[747 747 747 747 746]		
155.8505	3.86099999999999	epochs															maze_arm	4.0
159.731	5.181250000000006	epochs															feedback_and_iti	4.0
159.731	0.9907499999999914	epochs															feedback_delay	4.0
160.7415	1.9897499999999866	epochs															feedback	4.0
162.91625	1.9960000000000093	epochs															iti	4.0
164.934	10.25200000000001	epochs															maze	5.0
164.934	7.510750000000002	epochs															maze_stem	5.0
164.954	15.448250000000002	trials	True	False	False	True	False	True	[0.56401217 0.43598786 0.77918112 0.22081891]	-0.21516895294189453	-0.34319326281547546	0.10758447647094727	0.17159664630889893	0.7791811227798462	[780 779 779 779 779]	[840 840 840 839 839]		
172.4625	2.7235000000000014	epochs															maze_arm	5.0
175.206	5.174500000000023	epochs															feedback_and_iti	5.0
175.206	0.9932500000000175	epochs															feedback_delay	5.0
176.217	1.978999999999985	epochs															feedback	5.0
178.38	2.0005000000000166	epochs															iti	5.0
180.40225	8.332999999999998	epochs															maze	6.0
180.40225	6.641249999999985	epochs															maze_stem	6.0
180.423	13.511750000000006	trials	False	False	False	True	False	True	[0.5189786  0.4810214  0.77853161 0.22146834]	-0.259553037583828	-0.29751022905111313	0.1297765076160431	0.14875510334968567	0.7785316109657288	[872 872 872 872 871]	[921 921 921 921 920]		
187.06225	1.6730000000000018	epochs															maze_arm	6.0
188.75475	5.158749999999998	epochs															feedback_and_iti	6.0
188.75475	0.9900000000000091	epochs															feedback_delay	6.0
189.7635	1.9777500000000146	epochs															feedback	6.0
191.9245	1.9890000000000043	epochs															iti	6.0
193.93475	9.690499999999986	epochs															maze	7.0
193.93475	7.269499999999994	epochs															maze_stem	7.0
193.9555	16.721249999999998	trials	False	False	False	False	False	False	[0.57852042 0.42147958 0.84620661 0.15379335]	-0.2676862105727196	-0.42472704499959946	-0.1338430941104889	0.21236351132392883	0.5785204172134399	[953 953 953 953 953]	[1011 1010 1010 1010 1010]		
201.22425	2.400999999999982	epochs															maze_arm	7.0
203.64525	7.009999999999991	epochs															feedback_and_iti	7.0
203.64525	0.998500000000007	epochs															feedback_delay	7.0
204.6625	1.9639999999999986	epochs															feedback	7.0
206.6635	3.991749999999996	epochs															iti	7.0
210.67675	8.001000000000005	epochs															maze	8.0
210.67675	5.872500000000002	epochs															maze_stem	8.0
210.69675	13.179999999999978	trials	True	False	False	True	False	True	[0.56966454 0.4303354  0.73993629 0.26006371]	-0.17027172446250916	-0.3096008598804474	0.08513587713241577	0.1548004150390625	0.7399362921714783	[1054 1054 1053 1053 1053]	[1101 1101 1100 1100 1100]		
216.567	2.110749999999996	epochs															maze_arm	8.0
218.6975	5.159250000000014	epochs															feedback_and_iti	8.0
218.6975	0.9890000000000043	epochs															feedback_delay	8.0
219.7055	1.9802500000000123	epochs															feedback	8.0
221.86925	1.9875000000000114	epochs															iti	8.0
223.87675	8.260250000000013	epochs															maze	9.0
223.87675	6.124250000000018	epochs															maze_stem	9.0
223.89625	13.435249999999996	trials	True	False	False	True	False	True	[0.52920866 0.47079134 0.76019651 0.23980349]	-0.23098784685134888	-0.2894051671028137	0.11549392342567444	0.14470258355140686	0.7601965069770813	[1133 1133 1133 1132 1132]	[1182 1181 1181 1181 1181]		
230.02075	2.116250000000008	epochs															maze_arm	9.0
232.15625	5.155000000000001	epochs															feedback_and_iti	9.0
232.15625	0.9832499999999982	epochs															feedback_delay	9.0
233.15725	1.986249999999984	epochs															feedback	9.0
235.3185	1.992750000000001	epochs															iti	9.0
237.3315	9.809750000000008	epochs															maze	10.0
237.3315	7.9637500000000045	epochs															maze_stem	10.0
237.35275	15.011500000000012	trials	False	False	False	True	False	True	[0.54972297 0.45027703 0.83093774 0.16906226]	-0.28121477365493774	-0.3806607127189636	0.14060738682746887	0.1903303563594818	0.8309377431869507	[1214 1213 1213 1213 1213]	[1272 1271 1271 1271 1271]		
245.31425	1.8270000000000266	epochs															maze_arm	10.0
247.1595	5.186250000000001	epochs															feedback_and_iti	10.0
247.1595	0.9972499999999798	epochs															feedback_delay	10.0
248.178	1.9770000000000039	epochs															feedback	10.0
250.34825	1.9975000000000023	epochs															iti	10.0
252.36425	9.526750000000021	epochs															maze	11.0
252.36425	7.445999999999998	epochs															maze_stem	11.0
252.3835	14.72150000000002	trials	True	False	False	True	False	True	[0.59360427 0.4063957  0.87680084 0.1231992 ]	-0.283196534961462	-0.47040509805083275	0.14159828424453735	0.23520255088806152	0.8768008351325989	[1304 1304 1303 1303 1303]	[1360 1360 1360 1359 1359]		
259.8295	2.0615000000000236	epochs															maze_arm	11.0
261.90925	5.1752500000000055	epochs															feedback_and_iti	11.0
261.90925	0.9910000000000423	epochs															feedback_delay	11.0
262.92	1.9875000000000114	epochs															feedback	11.0
265.09375	1.9907499999999914	epochs															iti	11.0
267.105	10.725999999999999	epochs															maze	12.0
267.105	8.415750000000003	epochs															maze_stem	12.0
267.12525	15.907750000000021	trials	False	False	False	True	False	True	[0.53457552 0.46542448 0.8594144  0.14058563]	-0.32483886182308197	-0.3939899057149887	0.16241943836212158	0.19699496030807495	0.8594143986701965	[1392 1392 1392 1392 1391]	[1456 1455 1455 1455 1455]		
275.5405	2.2905000000000086	epochs															maze_arm	12.0
277.85125	5.1614999999999895	epochs															feedback_and_iti	12.0
277.85125	0.9830000000000041	epochs															feedback_delay	12.0
278.85575	1.9802500000000123	epochs															feedback	12.0
281.02675	1.98599999999999	epochs															iti	12.0
283.033	9.572749999999985	epochs															maze	13.0
283.033	7.657249999999976	epochs															maze_stem	13.0
283.05325	14.759250000000009	trials	False	False	False	True	False	True	[0.58206129 0.41793868 0.88919669 0.11080329]	-0.3071353957056999	-0.4712580069899559	0.15356770157814026	0.23562899231910706	0.8891966938972473	[1488 1487 1487 1487 1487]	[1544 1544 1544 1544 1543]		
290.70925	1.8965000000000032	epochs															maze_arm	13.0
292.626	5.167500000000018	epochs															feedback_and_iti	13.0
292.626	0.9925000000000068	epochs															feedback_delay	13.0
293.639	1.971749999999986	epochs															feedback	13.0
295.8035	1.990000000000009	epochs															iti	13.0
297.8125	9.638750000000016	epochs															maze	14.0
297.8125	7.380499999999984	epochs															maze_stem	14.0
297.83275	14.84050000000002	trials	False	False	False	True	False	True	[0.55941838 0.44058162 0.9015649  0.09843513]	-0.34214650094509125	-0.4609832614660263	0.17107325792312622	0.23049163818359375	0.90156489610672	[1576 1576 1576 1576 1575]	[1633 1633 1633 1633 1632]		
305.212	2.239250000000027	epochs															maze_arm	14.0
307.47125	5.181500000000028	epochs															feedback_and_iti	14.0
307.47125	0.9900000000000091	epochs															feedback_delay	14.0
308.482	1.979249999999979	epochs															feedback	14.0
310.676	1.9767500000000382	epochs															iti	14.0
312.67325	13.950249999999983	epochs															maze	15.0
312.67325	9.94825000000003	epochs															maze_stem	15.0
312.69325	20.98625000000004	trials	False	False	False	False	False	False	[0.54389256 0.45610744 0.90757984 0.09242012]	-0.36368729546666145	-0.451472420245409	-0.18184363842010498	0.22573620080947876	0.5438925623893738	[1665 1665 1665 1665 1665]	[1748 1748 1748 1748 1747]		
322.642	3.9814999999999827	epochs															maze_arm	15.0
326.64375	7.015749999999969	epochs															feedback_and_iti	15.0
326.64375	0.9825000000000159	epochs															feedback_delay	15.0
327.64675	1.9907499999999914	epochs															feedback	15.0
329.67725	3.982249999999965	epochs															iti	15.0
333.6795	9.09499999999997	epochs															maze	16.0
333.6795	6.1442499999999995	epochs															maze_stem	16.0
333.6995	16.12975	trials	False	False	False	False	False	False	[0.59022099 0.40977895 0.7882086  0.21179143]	-0.19798757135868073	-0.3784296065568924	-0.09899380803108215	0.1892147958278656	0.5902209877967834	[1791 1791 1791 1791 1791]	[1845 1845 1845 1844 1844]		
339.844	2.930499999999995	epochs															maze_arm	16.0
342.79425	7.015000000000043	epochs															feedback_and_iti	16.0
342.79425	0.9985000000000355	epochs															feedback_delay	16.0
343.81125	1.969500000000039	epochs															feedback	16.0
345.8175	3.9917500000000246	epochs															iti	16.0
349.82925	9.728499999999997	epochs															maze	17.0
349.82925	6.656999999999982	epochs															maze_stem	17.0
349.8485	14.914249999999981	trials	True	False	False	True	False	True	[0.63624537 0.36375457 0.75467706 0.24532293]	-0.11843166500329971	-0.3909224644303322	0.05921584367752075	0.1954612135887146	0.7546770572662354	[1888 1888 1888 1888 1887]	[1946 1945 1945 1945 1945]		
356.506	3.051750000000027	epochs															maze_arm	17.0
359.57675	5.166499999999985	epochs															feedback_and_iti	17.0
359.57675	0.9972500000000082	epochs															feedback_delay	17.0
360.59475	1.9740000000000464	epochs															feedback	17.0
362.76525	1.9780000000000086	epochs															iti	17.0
364.76275	10.261500000000012	epochs															maze	18.0
364.76275	7.702500000000043	epochs															maze_stem	18.0
364.78325	15.454499999999996	trials	False	False	False	True	False	True	[0.64296395 0.35703599 0.78997588 0.21002407]	-0.14701192826032639	-0.43293987959623337	0.07350596785545349	0.2164699137210846	0.7899758815765381	[1978 1978 1977 1977 1977]	[2038 2038 2038 2038 2038]		
372.48525	2.5389999999999873	epochs															maze_arm	18.0
375.04475	5.1717499999999745	epochs															feedback_and_iti	18.0
375.04475	0.9912499999999795	epochs															feedback_delay	18.0
376.057	1.978999999999985	epochs															feedback	18.0
378.2225	1.9939999999999714	epochs															iti	18.0
380.23775	14.243249999999989	epochs															maze	19.0
380.23775	10.101249999999993	epochs															maze_stem	19.0
380.25825	19.42500000000001	trials	False	False	False	False	True	True	[0.70294672 0.29705325 0.89095968 0.10904035]	-0.18801292777061462	-0.5939064025878906	0.09400644898414612	-0.2969532012939453	0.2970532476902008	[2071 2070 2070 2070 2070]	[2155 2155 2155 2154 2154]		
390.35975	4.121249999999975	epochs															maze_arm	19.0
394.501	5.162250000000029	epochs															feedback_and_iti	19.0
394.501	0.9995000000000118	epochs															feedback_delay	19.0
395.521	1.9739999999999895	epochs															feedback	19.0
397.6655	1.9977499999999964	epochs															iti	19.0
399.68325	10.3125	epochs															maze	20.0
399.68325	8.042250000000024	epochs															maze_stem	20.0
399.70275	15.477750000000015	trials	False	False	False	True	False	True	[0.45296881 0.54703122 0.81587601 0.18412401]	-0.36290720850229263	-0.2688447907567024	0.18145360052585602	0.1344224065542221	0.8158760070800781	[2187 2187 2187 2187 2186]	[2248 2248 2248 2247 2247]		
407.7455	2.250249999999994	epochs															maze_arm	20.0
410.01375	5.146250000000009	epochs															feedback_and_iti	20.0
410.01375	0.9830000000000041	epochs															feedback_delay	20.0
411.015	1.986750000000029	epochs															feedback	20.0
413.17725	1.98275000000001	epochs															iti	20.0
415.1805	12.6875	epochs															maze	21.0
415.1805	8.763500000000022	epochs															maze_stem	21.0
415.20125	17.878999999999962	trials	False	False	False	False	True	True	[0.55971205 0.44028792 0.87903506 0.12096495]	-0.31932298466563225	-0.4387471191585064	0.15966148301959038	-0.21937356516718864	0.44028791785240173	[2280 2280 2280 2279 2279]	[2355 2355 2355 2355 2354]		
423.96325	3.9047499999999786	epochs															maze_arm	21.0
427.88725	5.172750000000008	epochs															feedback_and_iti	21.0
427.88725	0.9990000000000236	epochs															feedback_delay	21.0
428.907	1.968999999999994	epochs															feedback	21.0
431.07475	1.9852500000000077	epochs															iti	21.0
433.08025	15.738500000000045	epochs															maze	22.0
433.08025	9.801250000000039	epochs															maze_stem	22.0
433.1005	20.929249999999968	trials	False	False	False	False	True	True	[0.35865945 0.64134055 0.81748343 0.18251653]	-0.4588240012526512	-0.17614289373159409	0.2294120118021965	-0.08807145804166794	0.6413405537605286	[2387 2387 2387 2387 2387]	[2481 2481 2480 2480 2480]		
442.90125	5.917500000000018	epochs															maze_arm	22.0
448.83875	5.17025000000001	epochs															feedback_and_iti	22.0
448.83875	1.000249999999994	epochs															feedback_delay	22.0
449.86025	1.9632500000000164	epochs															feedback	22.0
452.026	1.983000000000004	epochs															iti	22.0
454.02975	8.9495	epochs															maze	23.0
454.02975	6.972500000000025	epochs															maze_stem	23.0
454.04975	14.147249999999985	trials	False	False	False	True	False	True	[0.26529494 0.73470503 0.67290193 0.32709804]	-0.40760698914527893	0.06180310249328613	0.20380349457263947	-0.03090156614780426	0.6729019284248352	[2513 2513 2513 2512 2512]	[2566 2566 2565 2565 2565]		
461.0225	1.9567499999999995	epochs															maze_arm	23.0
463.00025	5.176500000000033	epochs															feedback_and_iti	23.0
463.00025	0.9812499999999886	epochs															feedback_delay	23.0
464.00325	1.9800000000000182	epochs															feedback	23.0
466.17475	2.0020000000000095	epochs															iti	23.0
468.197	11.813249999999982	epochs															maze	24.0
468.197	7.610250000000008	epochs															maze_stem	24.0
468.21525	16.98124999999999	trials	False	False	False	False	True	True	[0.28919348 0.71080649 0.85191661 0.14808343]	-0.5627230927348137	-0.14111008495092392	0.28136152774095535	-0.07055503875017166	0.7108064889907837	[2598 2598 2598 2597 2597]	[2668 2668 2667 2667 2667]		
475.827	4.183249999999987	epochs															maze_arm	24.0
480.03	5.146250000000009	epochs															feedback_and_iti	24.0
480.03	0.9940000000000282	epochs															feedback_delay	24.0
481.0445	1.967999999999961	epochs															feedback	24.0
483.196	1.9802499999999554	epochs															iti	24.0
485.1965	10.906000000000006	epochs															maze	25.0
485.1965	7.568499999999972	epochs															maze_stem	25.0
485.215	16.096750000000043	trials	False	False	False	True	False	True	[0.25724772 0.74275231 0.8116554  0.1883446 ]	-0.5544077008962631	-0.06890310347080231	0.27720384299755096	0.03445155918598175	0.8116554021835327	[2700 2700 2699 2699 2699]	[2764 2764 2764 2764 2764]		
492.7845	3.3180000000000405	epochs															maze_arm	25.0
496.1205	5.168999999999983	epochs															feedback_and_iti	25.0
496.1205	0.9912499999999795	epochs															feedback_delay	25.0
497.132	1.9769999999999754	epochs															feedback	25.0
499.29075	1.9987499999999727	epochs															iti	25.0
501.31175	12.076999999999941	epochs															maze	26.0
501.31175	7.843500000000006	epochs															maze_stem	26.0
501.33225	17.264749999999992	trials	False	False	False	False	True	True	[0.29330587 0.70669413 0.88702255 0.11297744]	-0.5937166847288609	-0.18032843247056007	0.2968583442270756	-0.09016421809792519	0.7066941261291504	[2797 2796 2796 2796 2796]	[2868 2868 2868 2867 2867]		
509.1755	4.2132499999999595	epochs															maze_arm	26.0
513.41	5.166500000000042	epochs															feedback_and_iti	26.0
513.41	0.9930000000000518	epochs															feedback_delay	26.0
514.42375	1.9774999999999636	epochs															feedback	26.0
516.5885	1.9880000000000564	epochs															iti	26.0
518.597	9.349500000000035	epochs															maze	27.0
518.597	6.962499999999977	epochs															maze_stem	27.0
518.61525	14.51825000000008	trials	False	False	False	True	False	True	[0.2383509  0.76164907 0.85526973 0.14473027]	-0.6169188171625137	-0.09362064301967621	0.30845941603183746	0.04681031405925751	0.855269730091095	[2900 2900 2900 2900 2899]	[2955 2955 2955 2955 2954]		
525.58025	2.3662500000000364	epochs															maze_arm	27.0
527.965	5.148500000000013	epochs															feedback_and_iti	27.0
527.965	0.9839999999999236	epochs															feedback_delay	27.0
528.96775	1.9805000000000064	epochs															feedback	27.0
531.129	1.9845000000000255	epochs															iti	27.0
533.1335	10.217999999999961	epochs															maze	28.0
533.1335	7.778500000000008	epochs															maze_stem	28.0
533.1535	15.394000000000005	trials	False	False	False	True	False	True	[0.26216555 0.73783445 0.89611083 0.10388922]	-0.6339452601969242	-0.15827635303139687	0.31697264313697815	0.07913818955421448	0.8961108326911926	[2987 2987 2987 2987 2987]	[3048 3047 3047 3047 3047]		
540.93175	2.419750000000022	epochs															maze_arm	28.0
543.37	5.15625	epochs															feedback_and_iti	28.0
543.37	0.9902499999999463	epochs															feedback_delay	28.0
544.38125	1.9710000000000036	epochs															feedback	28.0
546.54875	1.9774999999999636	epochs															iti	28.0
548.5475	9.515999999999963	epochs															maze	29.0
548.5475	7.419999999999959	epochs															maze_stem	29.0
548.567	14.70399999999995	trials	False	False	False	True	False	True	[0.27918318 0.72081679 0.91481853 0.08518148]	-0.6356353275477886	-0.1940017156302929	0.31781767308712006	0.097000852227211	0.914818525314331	[3080 3080 3079 3079 3079]	[3136 3136 3135 3135 3135]		
555.98675	2.0767499999999472	epochs															maze_arm	29.0
558.08325	5.168999999999983	epochs															feedback_and_iti	29.0
558.08325	0.9937499999999773	epochs															feedback_delay	29.0
559.0975	1.9822500000000218	epochs															feedback	29.0
561.2615	1.9907500000000482	epochs															iti	29.0
563.271	10.081750000000056	epochs															maze	30.0
563.271	7.475250000000074	epochs															maze_stem	30.0
563.29125	15.274999999999977	trials	False	False	False	True	False	True	[0.26423532 0.73576474 0.91801959 0.08198036]	-0.6537843272089958	-0.18225490301847458	0.3268921375274658	0.09112745523452759	0.9180195927619934	[3168 3168 3168 3167 3167]	[3228 3227 3227 3227 3227]		
570.7645	2.5882500000000164	epochs															maze_arm	30.0
573.37175	5.176249999999982	epochs															feedback_and_iti	30.0
573.37175	0.9969999999999573	epochs															feedback_delay	30.0
574.389	1.9729999999999563	epochs															feedback	30.0
576.55825	1.9897499999999582	epochs															iti	30.0
578.56625	15.213750000000005	epochs															maze	31.0
578.56625	11.727500000000077	epochs															maze_stem	31.0
578.586	20.40274999999997	trials	False	False	False	True	False	True	[0.26311874 0.73688132 0.91929638 0.08070365]	-0.6561776548624039	-0.18241508305072784	0.32808881998062134	0.09120756387710571	0.919296383857727	[3260 3260 3259 3259 3259]	[3350 3350 3350 3349 3349]		
590.3125	3.4674999999999727	epochs															maze_arm	31.0
593.8	5.1684999999999945	epochs															feedback_and_iti	31.0
593.8	0.9867500000000291	epochs															feedback_delay	31.0
594.807	1.9834999999999354	epochs															feedback	31.0
596.9785	1.9899999999998954	epochs															iti	31.0
598.98875	11.277249999999981	epochs															maze	32.0
598.98875	8.230500000000006	epochs															maze_stem	32.0
599.0085	16.469749999999976	trials	True	False	False	True	False	True	[0.26681355 0.73318642 0.91996449 0.08003546]	-0.6531509533524513	-0.18677807599306107	0.32657547295093536	0.09338901937007904	0.9199644923210144	[3382 3382 3382 3382 3381]	[3449 3449 3448 3448 3448]		
607.238	3.0279999999999063	epochs															maze_arm	32.0
610.2855	5.171750000000088	epochs															feedback_and_iti	32.0
610.2855	0.9842500000000882	epochs															feedback_delay	32.0
611.28875	1.9887499999999818	epochs															feedback	32.0
613.459	1.9982500000000982	epochs															iti	32.0
615.47825	10.513500000000022	epochs															maze	33.0
615.47825	7.538000000000011	epochs															maze_stem	33.0
615.50025	17.55525	trials	False	False	False	False	False	False	[0.26454422 0.73545575 0.89892906 0.10107101]	-0.6343847922980785	-0.16347325965762138	-0.3171924203634262	0.08173663914203644	0.26454421877861023	[3481 3481 3481 3480 3480]	[3543 3543 3543 3543 3542]		
623.036	2.95575000000008	epochs															maze_arm	33.0
626.0115	7.023500000000013	epochs															feedback_and_iti	33.0
626.0115	0.9957500000000437	epochs															feedback_delay	33.0
627.0275	1.97849999999994	epochs															feedback	33.0
629.044	3.9909999999999854	epochs															iti	33.0
633.0555	9.580499999999915	epochs															maze	34.0
633.0555	6.255749999999921	epochs															maze_stem	34.0
633.07525	14.769250000000056	trials	False	False	False	True	False	True	[0.53646123 0.46353874 0.82555729 0.17444277]	-0.28909601271152496	-0.36201851069927216	0.14454802870750427	0.18100926280021667	0.825557291507721	[3586 3586 3586 3586 3586]	[3643 3643 3643 3642 3642]		
639.33075	3.305250000000001	epochs															maze_arm	34.0
642.65575	5.168999999999983	epochs															feedback_and_iti	34.0
642.65575	0.9954999999999927	epochs															feedback_delay	34.0
643.67	1.9714999999999918	epochs															feedback	34.0
645.84025	1.9845000000000255	epochs															iti	34.0
647.8445	10.409749999999917	epochs															maze	35.0
647.8445	6.611749999999915	epochs															maze_stem	35.0
647.86425	15.582499999999982	trials	False	False	False	True	False	True	[0.41895947 0.58104056 0.88506764 0.11493241]	-0.46610816195607185	-0.3040270693600178	0.23305408656597137	0.15201355516910553	0.8850676417350769	[3675 3675 3675 3675 3674]	[3737 3736 3736 3736 3736]		
654.4765	3.777749999999969	epochs															maze_arm	35.0
658.272	5.152749999999969	epochs															feedback_and_iti	35.0
658.272	0.9827499999998963	epochs															feedback_delay	35.0
659.2745	1.983000000000061	epochs															feedback	35.0
661.44625	1.9785000000000537	epochs															iti	35.0
663.44675	10.117500000000064	epochs															maze	36.0
663.44675	7.899500000000103	epochs															maze_stem	36.0
663.46625	15.313750000000027	trials	False	False	False	True	False	True	[0.4555715  0.54442853 0.92151344 0.07848649]	-0.46594198793172836	-0.37708496302366257	0.2329709678888321	0.1885424703359604	0.9215134382247925	[3769 3768 3768 3768 3768]	[3828 3828 3828 3828 3828]		
671.3645	2.1997499999999945	epochs															maze_arm	36.0
673.58425	5.175749999999994	epochs															feedback_and_iti	36.0
673.58425	0.9950000000000045	epochs															feedback_delay	36.0
674.6	1.982499999999959	epochs															feedback	36.0
676.78925	1.9707499999999527	epochs															iti	36.0
678.78	13.417250000000081	epochs															maze	37.0
678.78	6.906000000000063	epochs															maze_stem	37.0
678.80025	18.598250000000007	trials	False	False	False	False	True	True	[0.40297219 0.59702778 0.92444062 0.07555937]	-0.5214684195816517	-0.32741283252835274	0.2607342042028904	-0.16370642557740211	0.5970277786254883	[3861 3860 3860 3860 3860]	[3940 3940 3940 3940 3939]		
685.70575	6.491500000000087	epochs															maze_arm	37.0
692.2155	5.160750000000007	epochs															feedback_and_iti	37.0
692.2155	0.9842499999999745	epochs															feedback_delay	37.0
693.21825	1.9840000000000373	epochs															feedback	37.0
695.381	1.9952500000000555	epochs															iti	37.0
697.3985	9.869000000000028	epochs															maze	38.0
697.3985	7.893249999999966	epochs															maze_stem	38.0
697.4175	15.043999999999983	trials	False	False	False	True	False	True	[0.33038369 0.66961634 0.88425964 0.11574034]	-0.5538759790360928	-0.21464332565665245	0.27693797647953033	0.10732166469097137	0.8842596411705017	[3972 3972 3972 3972 3971]	[4030 4030 4030 4030 4030]		
705.31225	1.9552500000000919	epochs															maze_arm	38.0
707.28675	5.154250000000047	epochs															feedback_and_iti	38.0
707.28675	0.9964999999999691	epochs															feedback_delay	38.0
708.304	1.9660000000000082	epochs															feedback	38.0
710.458	1.983000000000061	epochs															iti	38.0
712.4615	12.04600000000005	epochs															maze	39.0
712.4615	7.100500000000011	epochs															maze_stem	39.0
712.4815	17.236499999999978	trials	False	False	False	False	True	True	[0.35155082 0.64844918 0.90807509 0.09192494]	-0.5565242618322372	-0.2596258968114853	0.278262123465538	-0.12981294095516205	0.648449182510376	[4063 4062 4062 4062 4062]	[4134 4134 4133 4133 4133]		
719.5815	4.926000000000045	epochs															maze_arm	39.0
724.5275	5.1717499999999745	epochs															feedback_and_iti	39.0
724.5275	0.9809999999999945	epochs															feedback_delay	39.0
725.5295	1.9872500000000173	epochs															feedback	39.0
727.7025	1.99675000000002	epochs															iti	39.0
729.718	9.379750000000058	epochs															maze	40.0
729.718	7.172500000000014	epochs															maze_stem	40.0
729.73725	14.574999999999932	trials	True	False	False	True	False	True	[0.24874562 0.75125432 0.87314391 0.12685604]	-0.6243982836604118	-0.12188958376646042	0.3121991455554962	0.06094476580619812	0.8731439113616943	[4166 4166 4166 4165 4165]	[4221 4221 4221 4221 4221]		
736.91	2.187750000000051	epochs															maze_arm	40.0
739.11525	5.176500000000033	epochs															feedback_and_iti	40.0
739.11525	0.9862500000000409	epochs															feedback_delay	40.0
740.119	1.989500000000021	epochs															feedback	40.0
742.293	1.9987499999999727	epochs															iti	40.0
744.31225	9.945500000000038	epochs															maze	41.0
744.31225	7.619250000000079	epochs															maze_stem	41.0
744.334	15.127500000000055	trials	False	False	False	True	False	True	[0.27775756 0.72224247 0.88611186 0.11388816]	-0.6083543077111244	-0.16386938840150833	0.3041771501302719	0.08193470537662506	0.886111855506897	[4254 4253 4253 4253 4253]	[4312 4312 4312 4312 4311]		
751.95125	2.306500000000028	epochs															maze_arm	41.0
754.277	5.163749999999936	epochs															feedback_and_iti	41.0
754.277	0.9927500000000009	epochs															feedback_delay	41.0
755.28975	1.9864999999999782	epochs															feedback	41.0
757.45975	1.9809999999999945	epochs															iti	41.0
759.4615	14.091999999999985	epochs															maze	42.0
759.4615	11.01075000000003	epochs															maze_stem	42.0
759.48175	19.278999999999996	trials	False	False	False	True	False	True	[0.33286536 0.66713464 0.91916603 0.08083394]	-0.5863006860017776	-0.2520314007997513	0.2931503355503082	0.12601569294929504	0.9191660284996033	[4344 4344 4344 4344 4344]	[4428 4428 4428 4427 4427]		
770.49175	3.061749999999961	epochs															maze_arm	42.0
773.57175	5.1687500000000455	epochs															feedback_and_iti	42.0
773.57175	0.9825000000000728	epochs															feedback_delay	42.0
774.5745	1.9912500000000364	epochs															feedback	42.0
776.75575	1.9847499999999627	epochs															iti	42.0
778.76075	12.707499999999982	epochs															maze	43.0
778.76075	9.741750000000025	epochs															maze_stem	43.0
778.78075	19.749000000000024	trials	False	False	False	False	False	False	[0.3075631  0.69243693 0.92436892 0.07563112]	-0.6168058179318905	-0.23193198069930077	-0.3084029108285904	0.11596600711345673	0.30756309628486633	[4460 4460 4460 4460 4459]	[4535 4535 4535 4535 4535]		
788.521	2.9472500000000537	epochs															maze_arm	43.0
791.488	7.021499999999946	epochs															feedback_and_iti	43.0
791.488	0.9972499999998945	epochs															feedback_delay	43.0
792.5065	1.9660000000000082	epochs															feedback	43.0
794.51075	3.9987499999999727	epochs															iti	43.0
798.52975	14.300250000000005	epochs															maze	44.0
798.52975	8.799499999999966	epochs															maze_stem	44.0
798.54975	19.499000000000024	trials	False	False	False	False	True	True	[0.51860768 0.48139235 0.82523501 0.17476501]	-0.3066273406147957	-0.34384266287088394	0.15331367403268814	-0.17192132025957108	0.48139235377311707	[4579 4578 4578 4578 4578]	[4663 4663 4663 4663 4663]		
807.34925	5.480750000000057	epochs															maze_arm	44.0
812.85025	5.178250000000048	epochs															feedback_and_iti	44.0
812.85025	0.9980000000000473	epochs															feedback_delay	44.0
813.867	1.96875	epochs															feedback	44.0
816.03425	1.9942499999999654	epochs															iti	44.0
818.04875	13.563749999999914	epochs															maze	45.0
818.04875	8.277249999999981	epochs															maze_stem	45.0
818.06775	20.60349999999994	trials	False	False	False	True	True	False	[0.37898961 0.62101036 0.86271054 0.13728948]	-0.48372090607881546	-0.24170015007257462	-0.24186044186353683	-0.1208500787615776	0.13728947937488556	[4696 4696 4695 4695 4695]	[4776 4776 4776 4775 4775]		
826.34625	5.2662499999999	epochs															maze_arm	45.0
831.6325	7.019749999999931	epochs															feedback_and_iti	45.0
831.6325	0.9962499999999181	epochs															feedback_delay	45.0
832.649	1.9664999999999964	epochs															feedback	45.0
834.6545	3.9977499999999964	epochs															iti	45.0
838.67125	10.135999999999967	epochs															maze	46.0
838.67125	6.826999999999998	epochs															maze_stem	46.0
838.69125	15.325000000000045	trials	False	False	False	True	False	True	[0.37242472 0.62757528 0.56515056 0.43484947]	-0.19272582232952118	0.062424734234809875	0.09636291861534119	-0.03121235966682434	0.5651505589485168	[4819 4819 4819 4819 4819]	[4879 4879 4879 4879 4878]		
845.51625	3.29099999999994	epochs															maze_arm	46.0
848.82725	5.170249999999896	epochs															feedback_and_iti	46.0
848.82725	0.9967499999999063	epochs															feedback_delay	46.0
849.844	1.9777499999999009	epochs															feedback	46.0
852.011	1.9864999999999782	epochs															iti	46.0
854.01625	9.110749999999939	epochs															maze	47.0
854.01625	6.876250000000027	epochs															maze_stem	47.0
854.03675	14.289499999999975	trials	False	False	False	True	False	True	[0.26021191 0.73978806 0.72311342 0.27688658]	-0.4629014879465103	0.016674652695655823	0.23145075142383575	-0.008337333798408508	0.7231134176254272	[4911 4911 4911 4911 4911]	[4965 4965 4965 4964 4964]		
860.9125	2.21449999999993	epochs															maze_arm	47.0
863.147	5.158749999999941	epochs															feedback_and_iti	47.0
863.147	0.9902499999999463	epochs															feedback_delay	47.0
864.15775	1.9702500000000782	epochs															feedback	47.0
866.3295	1.9762499999999363	epochs															iti	47.0
868.32625	11.740499999999997	epochs															maze	48.0
868.32625	7.199500000000057	epochs															maze_stem	48.0
868.34625	16.934249999999906	trials	False	False	False	False	True	True	[0.38240564 0.61759436 0.87642354 0.12357651]	-0.4940178729593754	-0.25882915034890175	0.24700892344117165	-0.12941456213593483	0.6175943613052368	[4997 4997 4997 4997 4996]	[5067 5066 5066 5066 5066]		
875.546	4.520749999999907	epochs															maze_arm	48.0
880.08675	5.172249999999963	epochs															feedback_and_iti	48.0
880.08675	0.9827499999998963	epochs															feedback_delay	48.0
881.09025	1.9864999999999782	epochs															feedback	48.0
883.2635	1.9954999999999927	epochs															iti	48.0
885.2805	14.442000000000007	epochs															maze	49.0
885.2805	11.129999999999995	epochs															maze_stem	49.0
885.301	21.484499999999912	trials	False	False	False	False	False	False	[0.29224229 0.70775771 0.84759527 0.15240471]	-0.5553529933094978	-0.1398375704884529	-0.2776764929294586	0.06991878151893616	0.29224228858947754	[5099 5099 5098 5098 5098]	[5184 5184 5184 5184 5184]		
896.43	3.292500000000018	epochs															maze_arm	49.0
899.74325	7.018249999999966	epochs															feedback_and_iti	49.0
899.74325	0.9995000000000118	epochs															feedback_delay	49.0
900.76375	1.9735000000000582	epochs															feedback	49.0
902.7745	3.9869999999999663	epochs															iti	49.0
906.7855	11.998500000000035	epochs															maze	50.0
906.7855	6.767750000000092	epochs															maze_stem	50.0
906.80775	17.19049999999993	trials	False	False	False	False	True	True	[0.44199893 0.55800104 0.75991744 0.24008255]	-0.3179185017943382	-0.2019163891673088	0.15895924717187881	-0.1009582057595253	0.5580010414123535	[5228 5228 5227 5227 5227]	[5299 5299 5298 5298 5298]		
913.571	5.212999999999965	epochs															maze_arm	50.0
918.804	5.173250000000053	epochs															feedback_and_iti	50.0
918.804	0.9997500000000628	epochs															feedback_delay	50.0
919.823	1.9797499999999673	epochs															feedback	50.0
921.98825	1.9890000000000327	epochs															iti	50.0
923.99825	10.224249999999984	epochs															maze	51.0
923.99825	7.223500000000058	epochs															maze_stem	51.0
924.017	17.27724999999998	trials	False	False	False	False	False	False	[0.29359415 0.70640588 0.78813195 0.211868  ]	-0.4945378378033638	-0.08172611147165298	-0.2472689002752304	0.040863052010536194	0.2935941517353058	[5331 5331 5331 5330 5330]	[5391 5391 5391 5391 5391]		
931.242	2.9805000000000064	epochs															maze_arm	51.0
934.243	7.03125	epochs															feedback_and_iti	51.0
934.243	0.9887499999999818	epochs															feedback_delay	51.0
935.252	1.9904999999999973	epochs															feedback	51.0
937.2825	3.9917500000000246	epochs															iti	51.0
941.29425	9.560249999999996	epochs															maze	52.0
941.29425	6.094249999999988	epochs															maze_stem	52.0
941.3145	16.596000000000004	trials	False	False	False	False	False	False	[0.42110357 0.5788964  0.70841736 0.29158267]	-0.2873137593269348	-0.12952092289924622	-0.1436568945646286	0.06476046144962311	0.4211035668849945	[5435 5434 5434 5434 5434]	[5491 5491 5491 5490 5490]		
947.40825	3.4462500000000773	epochs															maze_arm	52.0
950.87225	7.018000000000029	epochs															feedback_and_iti	52.0
950.87225	0.9845000000000255	epochs															feedback_delay	52.0
951.877	1.9852500000000646	epochs															feedback	52.0
953.90275	3.987500000000068	epochs															iti	52.0
957.9105	11.543000000000006	epochs															maze	53.0
957.9105	7.225250000000074	epochs															maze_stem	53.0
957.93025	16.728500000000054	trials	False	False	False	True	False	True	[0.49678135 0.50321865 0.73281521 0.26718482]	-0.2360338419675827	-0.22959654033184052	0.11801692843437195	0.11479827761650085	0.7328152060508728	[5534 5534 5534 5534 5534]	[5603 5602 5602 5602 5602]		
965.15675	4.2967499999999745	epochs															maze_arm	53.0
969.47225	5.16599999999994	epochs															feedback_and_iti	53.0
969.47225	0.9895000000000209	epochs															feedback_delay	53.0
970.48225	1.9817500000000337	epochs															feedback	53.0
972.656	1.9822500000000218	epochs															iti	53.0
974.65875	10.737999999999943	epochs															maze	54.0
974.65875	7.403249999999957	epochs															maze_stem	54.0
974.6795	17.763000000000034	trials	False	False	False	False	False	False	[0.53665209 0.46334791 0.86376888 0.13623114]	-0.32711677998304367	-0.4004209563136101	-0.16355839371681213	0.20021048188209534	0.5366520881652832	[5635 5635 5634 5634 5634]	[5698 5698 5698 5698 5697]		
982.08175	3.314999999999941	epochs															maze_arm	54.0
985.41475	7.005499999999984	epochs															feedback_and_iti	54.0
985.41475	0.9942499999999654	epochs															feedback_delay	54.0
986.42925	1.9682500000000118	epochs															feedback	54.0
988.5835	3.836750000000052	epochs															iti	54.0
992.4425	13.657749999999965	epochs															maze	55.0
992.4425	6.445249999999987	epochs															maze_stem	55.0
992.465	18.845249999999965	trials	False	False	False	False	True	True	[0.55420703 0.445793   0.77835917 0.2216408 ]	-0.22415217757225037	-0.33256620168685913	0.11207610368728638	-0.16628310084342957	0.4457930028438568	[5741 5741 5741 5741 5741]	[5822 5822 5822 5822 5822]		
998.9075	7.192749999999933	epochs															maze_arm	55.0
1006.11825	5.1717499999999745	epochs															feedback_and_iti	55.0
1006.11825	0.9980000000000473	epochs															feedback_delay	55.0
1007.13625	1.9814999999999827	epochs															feedback	55.0
1009.30575	1.9842499999999745	epochs															iti	55.0
1011.31025	11.702750000000037	epochs															maze	56.0
1011.31025	7.2409999999999854	epochs															maze_stem	56.0
1011.32975	16.893500000000017	trials	True	False	False	False	True	True	[0.48217183 0.51782817 0.79165387 0.20834613]	-0.30948203802108765	-0.2738257050514221	0.15474101901054382	-0.13691285252571106	0.5178281664848328	[5855 5854 5854 5854 5854]	[5924 5924 5923 5923 5923]		
1018.5695	4.4435000000000855	epochs															maze_arm	56.0
1023.0325	5.1720000000000255	epochs															feedback_and_iti	56.0
1023.0325	0.9819999999999709	epochs															feedback_delay	56.0
1024.03375	1.9852499999999509	epochs															feedback	56.0
1026.2145	1.990000000000009	epochs															iti	56.0
1028.22325	10.21875	epochs															maze	57.0
1028.22325	7.255499999999984	epochs															maze_stem	57.0
1028.24275	15.428250000000162	trials	True	False	False	True	False	True	[0.38720292 0.61279708 0.67845142 0.32154861]	-0.29124848544597626	-0.06565432250499725	0.14562425017356873	0.032827168703079224	0.678451418876648	[5956 5956 5956 5955 5955]	[6016 6016 6016 6016 6015]		
1035.498	2.94399999999996	epochs															maze_arm	57.0
1038.46175	5.179750000000013	epochs															feedback_and_iti	57.0
1038.46175	0.9860000000001037	epochs															feedback_delay	57.0
1039.46525	1.99025000000006	epochs															feedback	57.0
1041.6405	2.0009999999999764	epochs															iti	57.0
1043.671	13.636499999999842	epochs															maze	58.0
1043.671	7.77475000000004	epochs															maze_stem	58.0
1043.69175	18.83075000000008	trials	True	False	False	False	True	True	[0.47492376 0.52507621 0.84093601 0.15906405]	-0.36601220071315765	-0.31585974991321564	0.18300607800483704	-0.15792986750602722	0.5250762104988098	[6049 6048 6048 6048 6048]	[6129 6129 6129 6129 6129]		
1051.46575	5.84174999999982	epochs															maze_arm	58.0
1057.325	5.1784999999999854	epochs															feedback_and_iti	58.0
1057.325	0.9994999999998981	epochs															feedback_delay	58.0
1058.3435	1.9812500000000455	epochs															feedback	58.0
1060.513	1.990500000000111	epochs															iti	58.0
1062.5225	10.312750000000051	epochs															maze	59.0
1062.5225	7.070500000000038	epochs															maze_stem	59.0
1062.5425	17.34874999999988	trials	False	False	False	False	False	False	[0.48688924 0.5131107  0.82380217 0.17619777]	-0.33691293001174927	-0.3106914758682251	-0.16845646500587463	0.15534570813179016	0.4868892431259155	[6162 6161 6161 6161 6161]	[6222 6222 6222 6222 6222]		
1069.61275	3.222500000000082	epochs															maze_arm	59.0
1072.855	7.016499999999951	epochs															feedback_and_iti	59.0
1072.855	0.9947500000000673	epochs															feedback_delay	59.0
1073.87	1.9802500000000691	epochs															feedback	59.0
1075.8885	3.9829999999999472	epochs															iti	59.0
1079.89125	10.801750000000084	epochs															maze	60.0
1079.89125	5.9809999999999945	epochs															maze_stem	60.0
1079.9105	15.973500000000058	trials	True	False	False	False	True	True	[0.50145245 0.49854755 0.74385959 0.25614038]	-0.2424071580171585	-0.24531204998493195	0.12120358645915985	-0.12265603244304657	0.4985475540161133	[6266 6266 6265 6265 6265]	[6330 6329 6329 6329 6329]		
1085.89175	4.801249999999982	epochs															maze_arm	60.0
1090.7125	5.15099999999984	epochs															feedback_and_iti	60.0
1090.7125	0.9994999999998981	epochs															feedback_delay	60.0
1091.73225	1.96875	epochs															feedback	60.0
1093.8775	1.9859999999998763	epochs															iti	60.0
1095.884	10.418750000000045	epochs															maze	61.0
1095.884	7.32224999999994	epochs															maze_stem	61.0
1095.9045	15.624249999999847	trials	False	False	False	True	False	True	[0.51425433 0.4857457  0.7381714  0.26182857]	-0.22391709685325623	-0.2524257302284241	0.11195853352546692	0.12621286511421204	0.738171398639679	[6362 6361 6361 6361 6361]	[6423 6423 6423 6423 6422]		
1103.22425	3.0785000000000764	epochs															maze_arm	61.0
1106.321	5.188000000000102	epochs															feedback_and_iti	61.0
1106.321	0.9985000000001492	epochs															feedback_delay	61.0
1107.34	1.98050000000012	epochs															feedback	61.0
1109.51675	1.9922500000000127	epochs															iti	61.0
1111.52875	10.6875	epochs															maze	62.0
1111.52875	6.9217499999999745	epochs															maze_stem	62.0
1111.548	17.736499999999978	trials	True	False	False	False	False	False	[0.58308065 0.41691935 0.85005313 0.14994684]	-0.26697249710559845	-0.4331337958574295	-0.13348624110221863	0.21656689047813416	0.5830806493759155	[6455 6455 6455 6455 6455]	[6519 6518 6518 6518 6518]		
1118.46875	3.7474999999999454	epochs															maze_arm	62.0
1122.2365	7.027250000000095	epochs															feedback_and_iti	62.0
1122.2365	0.9832499999999982	epochs															feedback_delay	62.0
1123.239	1.9919999999999618	epochs															feedback	62.0
1125.267	3.99675000000002	epochs															iti	62.0
1129.2845	9.959749999999985	epochs															maze	63.0
1129.2845	6.505750000000035	epochs															maze_stem	63.0
1129.30475	17.00675000000001	trials	False	False	False	False	False	False	[0.62044054 0.37955946 0.73908341 0.26091656]	-0.1186428815126419	-0.3595239669084549	-0.059321433305740356	0.17976197600364685	0.6204405426979065	[6562 6562 6561 6561 6561]	[6621 6620 6620 6620 6620]		
1135.81025	3.433999999999969	epochs															maze_arm	63.0
1139.26475	7.026749999999993	epochs															feedback_and_iti	63.0
1139.26475	0.9927499999998872	epochs															feedback_delay	63.0
1140.2765	1.9835000000000491	epochs															feedback	63.0
1142.2995	3.991999999999962	epochs															iti	63.0
1146.3115	10.990499999999884	epochs															maze	64.0
1146.3115	5.741500000000087	epochs															maze_stem	64.0
1146.331	16.178250000000162	trials	True	False	False	False	True	True	[0.60663551 0.39336449 0.73717308 0.26282689]	-0.13053758442401886	-0.3438086062669754	0.06526879966259003	-0.1719043105840683	0.39336448907852173	[6664 6664 6664 6663 6663]	[6729 6729 6729 6728 6728]		
1152.07075	5.231249999999818	epochs															maze_arm	64.0
1157.31975	5.168749999999818	epochs															feedback_and_iti	64.0
1157.31975	0.9969999999998436	epochs															feedback_delay	64.0
1158.3355	1.9737500000001091	epochs															feedback	64.0
1160.49675	1.9917499999999109	epochs															iti	64.0
1162.50925	13.727499999999964	epochs															maze	65.0
1162.50925	7.537249999999858	epochs															maze_stem	65.0
1162.52975	18.914250000000038	trials	True	False	False	False	True	True	[0.71800029 0.28199968 0.76403123 0.23596877]	-0.0460309237241745	-0.48203153908252716	0.023015454411506653	-0.24101577699184418	0.2819996774196625	[6761 6761 6761 6761 6760]	[6842 6842 6842 6842 6842]		
1170.06575	6.171000000000049	epochs															maze_arm	65.0
1176.25575	5.167249999999967	epochs															feedback_and_iti	65.0
1176.25575	0.9939999999999145	epochs															feedback_delay	65.0
1177.2675	1.9730000000001837	epochs															feedback	65.0
1179.44725	1.9757500000000618	epochs															iti	65.0
1181.444	11.61850000000004	epochs															maze	66.0
1181.444	7.354749999999967	epochs															maze_stem	66.0
1181.46425	16.794750000000022	trials	False	False	False	False	True	True	[0.60324907 0.39675096 0.58878756 0.4112125 ]	0.014461532235145569	-0.19203658401966095	-0.007230773568153381	-0.09601826965808868	0.39675095677375793	[6875 6874 6874 6874 6874]	[6943 6943 6943 6943 6943]		
1188.817	4.245499999999993	epochs															maze_arm	66.0
1193.08325	5.1557500000001255	epochs															feedback_and_iti	66.0
1193.08325	0.9987500000002001	epochs															feedback_delay	66.0
1194.103	1.9642499999999927	epochs															feedback	66.0
1196.2505	1.9884999999999309	epochs															iti	66.0
1198.259	9.425250000000005	epochs															maze	67.0
1198.259	6.8034999999999854	epochs															maze_stem	67.0
1198.279	14.614000000000033	trials	False	False	False	True	False	True	[0.45765772 0.54234225 0.42508566 0.57491434]	0.032572075724601746	0.11725659668445587	-0.016286030411720276	-0.05862830579280853	0.4250856637954712	[6975 6975 6975 6975 6975]	[7031 7031 7031 7030 7030]		
1205.083	2.6012499999999363	epochs															maze_arm	67.0
1207.70525	5.166500000000042	epochs															feedback_and_iti	67.0
1207.70525	0.9819999999999709	epochs															feedback_delay	67.0
1208.708	1.9934999999998126	epochs															feedback	67.0
1210.87725	1.9945000000000164	epochs															iti	67.0
1212.893	9.620499999999993	epochs															maze	68.0
1212.893	7.193499999999858	epochs															maze_stem	68.0
1212.9145	14.800499999999829	trials	False	False	False	True	False	True	[0.40105492 0.59894508 0.66211087 0.33788919]	-0.26105591654777527	-0.06316575407981873	0.13052797317504883	0.03158289194107056	0.6621108651161194	[7063 7063 7063 7063 7062]	[7120 7120 7120 7119 7119]		
1220.10625	2.4072499999999764	epochs															maze_arm	68.0
1222.533	5.161250000000109	epochs															feedback_and_iti	68.0
1222.533	0.9950000000001182	epochs															feedback_delay	68.0
1223.54825	1.9674999999999727	epochs															feedback	68.0
1225.7075	1.986750000000029	epochs															iti	68.0
1227.715	9.942250000000058	epochs															maze	69.0
1227.715	7.798500000000104	epochs															maze_stem	69.0
1227.73475	15.124000000000024	trials	False	False	False	True	False	True	[0.54936892 0.45063108 0.8236177  0.17638229]	-0.27424878627061844	-0.3729866221547127	0.13712438941001892	0.18649330735206604	0.823617696762085	[7152 7152 7152 7151 7151]	[7211 7211 7210 7210 7210]		
1235.53325	2.1240000000000236	epochs															maze_arm	69.0
1237.67525	5.163499999999885	epochs															feedback_and_iti	69.0
1237.67525	0.9970000000000709	epochs															feedback_delay	69.0
1238.6925	1.9744999999998072	epochs															feedback	69.0
1240.8485	1.9902499999998327	epochs															iti	69.0
1242.85875	12.664499999999862	epochs															maze	70.0
1242.85875	7.263999999999896	epochs															maze_stem	70.0
1242.8775	17.860500000000002	trials	False	False	False	False	True	True	[0.60945565 0.39054435 0.88120306 0.11879699]	-0.271747387945652	-0.4906586781144142	0.1358736827969551	-0.2453293278813362	0.3905443549156189	[7243 7243 7242 7242 7242]	[7318 7318 7317 7317 7317]		
1250.14325	5.379999999999882	epochs															maze_arm	70.0
1255.5425	5.171499999999924	epochs															feedback_and_iti	70.0
1255.5425	0.9932499999999891	epochs															feedback_delay	70.0
1256.55575	1.9674999999999727	epochs															feedback	70.0
1258.7185	1.9954999999999927	epochs															iti	70.0
1260.738	14.303499999999985	epochs															maze	71.0
1260.738	7.429750000000013	epochs															maze_stem	71.0
1260.758	19.511250000000018	trials	False	False	False	False	True	True	[0.4063392  0.59366083 0.82128853 0.17871149]	-0.41494933515787125	-0.2276277020573616	0.20747467130422592	-0.1138138398528099	0.593660831451416	[7350 7350 7350 7349 7349]	[7435 7435 7435 7434 7434]		
1268.18825	6.853250000000116	epochs															maze_arm	71.0
1275.0625	5.180749999999989	epochs															feedback_and_iti	71.0
1275.0625	0.9962499999999181	epochs															feedback_delay	71.0
1276.0775	1.9767499999998108	epochs															feedback	71.0
1278.24475	1.9984999999999218	epochs															iti	71.0
1280.26925	12.521250000000009	epochs															maze	72.0
1280.26925	7.603749999999991	epochs															maze_stem	72.0
1280.29525	17.69925000000012	trials	False	False	False	False	True	True	[0.29970226 0.70029777 0.65763813 0.34236184]	-0.35793590545654297	0.042659610509872437	0.17896796762943268	0.021329805254936218	0.7002977728843689	[7467 7467 7467 7467 7466]	[7541 7541 7541 7541 7541]		
1287.89275	4.897750000000087	epochs															maze_arm	72.0
1292.80975	5.164000000000215	epochs															feedback_and_iti	72.0
1292.80975	0.9982500000000982	epochs															feedback_delay	72.0
1293.82725	1.96550000000002	epochs															feedback	72.0
1296.003	1.97075000000018	epochs															iti	72.0
1297.9945	12.114499999999907	epochs															maze	73.0
1297.9945	7.171000000000049	epochs															maze_stem	73.0
1298.01525	17.2962500000001	trials	False	False	False	False	True	True	[0.18117259 0.81882745 0.55506784 0.44493216]	-0.3738952651619911	0.2637595906853676	0.18694764375686646	0.1318798065185547	0.8188274502754211	[7573 7573 7573 7573 7573]	[7645 7645 7645 7645 7644]		
1305.1865	4.9224999999999	epochs															maze_arm	73.0
1310.12775	5.1632499999998345	epochs															feedback_and_iti	73.0
1310.12775	0.9967499999997926	epochs															feedback_delay	73.0
1311.145	1.9712500000000546	epochs															feedback	73.0
1313.3	1.9909999999999854	epochs															iti	73.0
1315.3115	11.348250000000007	epochs															maze	74.0
1315.3115	7.027499999999918	epochs															maze_stem	74.0
1315.3325	16.54300000000012	trials	False	False	False	False	True	True	[0.11892435 0.88107568 0.53898108 0.46101895]	-0.4200567305088043	0.3420946002006531	0.21002836525440216	0.17104731500148773	0.8810756802558899	[7677 7677 7677 7677 7677]	[7744 7744 7744 7744 7744]		
1322.359	4.300750000000107	epochs															maze_arm	74.0
1326.67775	5.178750000000036	epochs															feedback_and_iti	74.0
1326.67775	0.987999999999829	epochs															feedback_delay	74.0
1327.686	1.990500000000111	epochs															feedback	74.0
1329.8675	1.9890000000000327	epochs															iti	74.0
1331.8755	11.230749999999944	epochs															maze	75.0
1331.8755	7.10024999999996	epochs															maze_stem	75.0
1331.8955	16.42750000000001	trials	False	False	False	True	False	True	[0.08955303 0.91044694 0.52659649 0.47340351]	-0.4370434433221817	0.38385047018527985	0.21852172911167145	-0.19192524254322052	0.5265964865684509	[7777 7776 7776 7776 7776]	[7843 7843 7843 7842 7842]		
1338.99575	4.110500000000002	epochs															maze_arm	75.0
1343.12425	5.179750000000013	epochs															feedback_and_iti	75.0
1343.12425	0.9874999999999545	epochs															feedback_delay	75.0
1344.13225	1.9854999999997744	epochs															feedback	75.0
1346.32575	1.9782500000001164	epochs															iti	75.0
1348.323	13.706749999999829	epochs															maze	76.0
1348.323	7.533749999999827	epochs															maze_stem	76.0
1348.34225	18.882500000000164	trials	True	False	False	False	True	True	[0.16092472 0.83907527 0.80785072 0.19214927]	-0.6469260007143021	0.031224548816680908	0.32346300035715103	0.015612266957759857	0.8390752673149109	[7875 7875 7875 7875 7874]	[7956 7956 7956 7956 7956]		
1355.8745	6.155250000000024	epochs															maze_arm	76.0
1362.05125	5.154500000000098	epochs															feedback_and_iti	76.0
1362.05125	0.993750000000091	epochs															feedback_delay	76.0
1363.065	1.965249999999969	epochs															feedback	76.0
1365.21125	1.9945000000000164	epochs															iti	76.0
1367.22475	9.90300000000002	epochs															maze	77.0
1367.22475	7.0219999999999345	epochs															maze_stem	77.0
1367.24475	16.944749999999885	trials	False	False	False	False	False	False	[0.22220519 0.77779478 0.76975936 0.23024063]	-0.5475541576743126	0.008035428822040558	-0.2737770825624466	-0.004017725586891174	0.22220519185066223	[7989 7988 7988 7988 7988]	[8047 8047 8047 8046 8046]		
1374.26725	2.860500000000002	epochs															maze_arm	77.0
1377.14825	7.020750000000135	epochs															feedback_and_iti	77.0
1377.14825	0.9982500000000982	epochs															feedback_delay	77.0
1378.169	1.9707499999999527	epochs															feedback	77.0
1380.17675	3.9922500000000127	epochs															iti	77.0
1384.1895	13.216000000000122	epochs															maze	78.0
1384.1895	6.0779999999999745	epochs															maze_stem	78.0
1384.20925	18.415249999999787	trials	True	False	False	False	True	True	[0.3258684  0.67413163 0.75696576 0.2430343 ]	-0.4310973435640335	-0.08283410966396332	0.21554866433143616	-0.04141703248023987	0.6741316318511963	[8090 8090 8090 8090 8090]	[8169 8168 8168 8168 8168]		
1390.2865	7.119000000000142	epochs															maze_arm	78.0
1397.4235	5.181749999999965	epochs															feedback_and_iti	78.0
1397.4235	0.9919999999999618	epochs															feedback_delay	78.0
1398.4355	1.9824999999998454	epochs															feedback	78.0
1400.61525	1.990000000000009	epochs															iti	78.0
1402.6245	12.298250000000053	epochs															maze	79.0
1402.6245	9.230999999999995	epochs															maze_stem	79.0
1402.64425	17.49499999999989	trials	False	False	False	True	False	True	[0.290456   0.709544   0.74909526 0.25090468]	-0.4586392939090729	-0.03955128788948059	0.22931963205337524	0.0197756290435791	0.7490952610969543	[8201 8201 8200 8200 8200]	[8274 8273 8273 8273 8273]		
1411.87425	3.0484999999998763	epochs															maze_arm	79.0
1414.94225	5.175999999999931	epochs															feedback_and_iti	79.0
1414.94225	0.9954999999999927	epochs															feedback_delay	79.0
1415.958	1.9822500000000218	epochs															feedback	79.0
1418.129	1.9892500000000837	epochs															iti	79.0
1420.13925	13.238250000000107	epochs															maze	80.0
1420.13925	9.673750000000155	epochs															maze_stem	80.0
1420.1595	20.269250000000056	trials	False	False	False	False	False	False	[0.27574661 0.72425342 0.82281476 0.17718528]	-0.5470681414008141	-0.09856133908033371	-0.2735340744256973	0.04928068816661835	0.275746613740921	[8306 8306 8305 8305 8305]	[8384 8384 8384 8384 8383]		
1429.833	3.544499999999971	epochs															maze_arm	80.0
1433.39725	7.0125000000000455	epochs															feedback_and_iti	80.0
1433.39725	0.9917499999999109	epochs															feedback_delay	80.0
1434.40925	1.9762500000001637	epochs															feedback	80.0
1436.42325	3.986499999999978	epochs															iti	80.0
1440.42875	11.676749999999856	epochs															maze	81.0
1440.42875	7.42899999999986	epochs															maze_stem	81.0
1440.44875	16.86324999999988	trials	False	False	False	False	True	True	[0.42396912 0.57603091 0.7561186  0.24388145]	-0.3321494683623314	-0.18008767813444138	0.1660747304558754	-0.0900438204407692	0.5760309100151062	[8428 8427 8427 8427 8427]	[8497 8496 8496 8496 8496]		
1447.876	4.229499999999916	epochs															maze_arm	81.0
1452.1235	5.166750000000093	epochs															feedback_and_iti	81.0
1452.1235	0.9890000000000327	epochs															feedback_delay	81.0
1453.1335	1.9857500000000528	epochs															feedback	81.0
1455.30875	1.9815000000000964	epochs															iti	81.0
1457.312	9.972000000000207	epochs															maze	82.0
1457.312	7.064250000000129	epochs															maze_stem	82.0
1457.3305	15.142749999999978	trials	False	False	False	True	False	True	[0.33692041 0.66307962 0.80140674 0.19859323]	-0.46448636054992676	-0.13832715153694153	0.23224316537380219	0.06916357576847076	0.801406741142273	[8529 8529 8528 8528 8528]	[8588 8587 8587 8587 8587]		
1464.39725	2.88675000000012	epochs															maze_arm	82.0
1467.3035	5.1502499999999145	epochs															feedback_and_iti	82.0
1467.3035	0.9827500000001237	epochs															feedback_delay	82.0
1468.30725	1.9772499999999127	epochs															feedback	82.0
1470.4685	1.9852499999999509	epochs															iti	82.0
1472.47325	10.136250000000018	epochs															maze	83.0
1472.47325	7.18425000000002	epochs															maze_stem	83.0
1472.49325	15.331750000000056	trials	True	False	False	True	False	True	[0.31363323 0.68636674 0.845267   0.154733  ]	-0.5316337496042252	-0.15890024602413177	0.2658168822526932	0.07945011556148529	0.8452669978141785	[8620 8619 8619 8619 8619]	[8679 8679 8679 8679 8679]		
1479.67525	2.93425000000002	epochs															maze_arm	83.0
1482.62775	5.177499999999782	epochs															feedback_and_iti	83.0
1482.62775	0.9862499999999272	epochs															feedback_delay	83.0
1483.6335	1.9795000000001437	epochs															feedback	83.0
1485.8125	1.9927499999998872	epochs															iti	83.0
1487.825	15.850999999999885	epochs															maze	84.0
1487.825	11.163999999999987	epochs															maze_stem	84.0
1487.845	21.027499999999918	trials	False	False	False	False	True	True	[0.34489    0.65511006 0.8506617  0.14933828]	-0.505771741271019	-0.19555167853832245	0.2528858929872513	-0.09777583181858063	0.6551100611686707	[8712 8712 8711 8711 8711]	[8806 8806 8805 8805 8805]		
1499.009	4.666999999999916	epochs															maze_arm	84.0
1503.6955	5.157999999999902	epochs															feedback_and_iti	84.0
1503.6955	1.0	epochs															feedback_delay	84.0
1504.7155	1.9647499999998672	epochs															feedback	84.0
1506.867	1.9864999999999782	epochs															iti	84.0
1508.8725	10.03975000000014	epochs															maze	85.0
1508.8725	7.05275000000006	epochs															maze_stem	85.0
1508.89225	15.22849999999994	trials	False	False	False	True	False	True	[0.27803081 0.72196913 0.81638056 0.1836195 ]	-0.5383496880531311	-0.09441137313842773	0.26917487382888794	0.04720568656921387	0.8163805603981018	[8838 8838 8838 8837 8837]	[8897 8897 8897 8897 8896]		
1515.9455	2.9667500000000473	epochs															maze_arm	85.0
1518.9305	5.170000000000073	epochs															feedback_and_iti	85.0
1518.9305	0.9972500000001219	epochs															feedback_delay	85.0
1519.9485	1.9795000000001437	epochs															feedback	85.0
1522.13	1.9704999999999018	epochs															iti	85.0
1524.12075	9.890999999999849	epochs															maze	86.0
1524.12075	6.75649999999996	epochs															maze_stem	86.0
1524.142	15.076499999999896	trials	False	False	False	False	True	True	[0.29274341 0.70725656 0.86155504 0.13844498]	-0.5688116028904915	-0.15429846197366714	0.28440579026937485	-0.07714923471212387	0.707256555557251	[8929 8929 8929 8929 8929]	[8988 8988 8987 8987 8987]		
1530.89725	3.1144999999999072	epochs															maze_arm	86.0
1534.03	5.167750000000069	epochs															feedback_and_iti	86.0
1534.03	0.9974999999999454	epochs															feedback_delay	86.0
1535.0485	1.96875	epochs															feedback	86.0
1537.20625	1.9915000000000873	epochs															iti	86.0
1539.2185	12.670000000000073	epochs															maze	87.0
1539.2185	9.661749999999984	epochs															maze_stem	87.0
1539.23875	17.864499999999907	trials	False	False	False	True	False	True	[0.24466203 0.75533795 0.82892531 0.17107467]	-0.5842632800340652	-0.07358735799789429	0.2921316400170326	0.03679367154836655	0.8289253115653992	[9020 9020 9019 9019 9019]	[9095 9095 9095 9094 9094]		
1548.90025	2.9882500000001073	epochs															maze_arm	87.0
1551.909	5.174499999999853	epochs															feedback_and_iti	87.0
1551.909	0.9939999999999145	epochs															feedback_delay	87.0
1552.92175	1.9725000000000819	epochs															feedback	87.0
1555.09775	1.9857500000000528	epochs															iti	87.0
1557.10325	11.314000000000078	epochs															maze	88.0
1557.10325	8.373250000000098	epochs															maze_stem	88.0
1557.1215	16.48199999999997	trials	False	False	False	True	False	True	[0.25891963 0.74108034 0.86974996 0.13025007]	-0.6108303070068359	-0.1286695897579193	0.30541516840457916	0.06433479487895966	0.8697499632835388	[9127 9127 9127 9127 9126]	[9194 9194 9194 9193 9193]		
1565.49625	2.921000000000049	epochs															maze_arm	88.0
1568.43675	5.146749999999884	epochs															feedback_and_iti	88.0
1568.43675	0.9900000000000091	epochs															feedback_delay	88.0
1569.4475	1.9767500000000382	epochs															feedback	88.0
1571.59925	1.9842499999999745	epochs															iti	88.0
1573.6035	9.567250000000058	epochs															maze	89.0
1573.6035	7.682999999999993	epochs															maze_stem	89.0
1573.622	14.761999999999944	trials	False	False	False	True	False	True	[0.29081288 0.70918709 0.89725441 0.10274565]	-0.6064414829015732	-0.1880672723054886	0.3032207638025284	0.09403364360332489	0.8972544074058533	[9226 9226 9226 9225 9225]	[9282 9282 9282 9282 9282]		
1581.30575	1.865000000000009	epochs															maze_arm	89.0
1583.191	5.171249999999873	epochs															feedback_and_iti	89.0
1583.191	0.9890000000000327	epochs															feedback_delay	89.0
1584.20025	1.9732500000000073	epochs															feedback	89.0
1586.35975	2.002499999999827	epochs															iti	89.0
1588.384	9.436750000000075	epochs															maze	90.0
1588.384	7.308500000000095	epochs															maze_stem	90.0
1588.4045	14.61974999999984	trials	False	False	False	True	False	True	[0.27630755 0.72369248 0.90500647 0.09499351]	-0.6286989413201809	-0.18131401762366295	0.3143494576215744	0.09065701067447662	0.905006468296051	[9315 9314 9314 9314 9314]	[9370 9370 9370 9370 9370]		
1595.71275	2.1080000000001746	epochs															maze_arm	90.0
1597.8405	5.160499999999956	epochs															feedback_and_iti	90.0
1597.8405	0.9949999999998909	epochs															feedback_delay	90.0
1598.857	1.9680000000000746	epochs															feedback	90.0
1601.01075	1.99025000000006	epochs															iti	90.0
1603.02425	9.767000000000053	epochs															maze	91.0
1603.02425	7.525499999999965	epochs															maze_stem	91.0
1603.047	14.949249999999893	trials	False	False	False	True	False	True	[0.27391288 0.72608715 0.90942687 0.09057315]	-0.635513998568058	-0.18333972245454788	0.3177569955587387	0.09166987240314484	0.9094268679618835	[9402 9402 9402 9402 9402]	[9460 9460 9460 9459 9459]		
1610.57	2.2212500000000546	epochs															maze_arm	91.0
1612.81075	5.163499999999885	epochs															feedback_and_iti	91.0
1612.81075	0.9984999999999218	epochs															feedback_delay	91.0
1613.82825	1.9647499999998672	epochs															feedback	91.0
1615.98675	1.9874999999999545	epochs															iti	91.0
1617.99625	13.018000000000029	epochs															maze	92.0
1617.99625	8.558750000000146	epochs															maze_stem	92.0
1618.0175	18.204250000000002	trials	False	False	False	False	True	True	[0.2760458  0.7239542  0.91223276 0.08776724]	-0.636186957359314	-0.18827855587005615	0.318093478679657	-0.09413927793502808	0.7239542007446289	[9492 9492 9492 9492 9491]	[9569 9569 9569 9569 9569]		
1626.5735	4.44074999999998	epochs															maze_arm	92.0
1631.03425	5.166750000000093	epochs															feedback_and_iti	92.0
1631.03425	0.9812500000000455	epochs															feedback_delay	92.0
1632.03575	1.9894999999999072	epochs															feedback	92.0
1634.20325	1.9977499999999964	epochs															iti	92.0
1636.22175	9.618750000000091	epochs															maze	93.0
1636.22175	7.047500000000127	epochs															maze_stem	93.0
1636.2415	14.815249999999878	trials	False	False	False	True	False	True	[0.28606296 0.7139371  0.88034081 0.11965919]	-0.5942778885364532	-0.16640374064445496	0.29713892936706543	0.08320188522338867	0.8803408145904541	[9601 9601 9601 9601 9601]	[9658 9658 9658 9658 9657]		
1643.2895	2.550999999999931	epochs															maze_arm	93.0
1645.8605	5.1749999999999545	epochs															feedback_and_iti	93.0
1645.8605	0.9822500000000218	epochs															feedback_delay	93.0
1646.86375	1.990500000000111	epochs															feedback	93.0
1649.04	1.9954999999999927	epochs															iti	93.0
1651.05675	9.716000000000122	epochs															maze	94.0
1651.05675	7.542500000000018	epochs															maze_stem	94.0
1651.0755	14.900500000000193	trials	False	False	False	True	False	True	[0.2725693  0.7274307  0.89812624 0.10187377]	-0.6255569383502007	-0.17069553583860397	0.3127784729003906	0.08534777164459229	0.8981262445449829	[9690 9690 9690 9690 9690]	[9748 9748 9747 9747 9747]		
1658.61925	2.153500000000122	epochs															maze_arm	94.0
1660.79275	5.1567499999998745	epochs															feedback_and_iti	94.0
1660.79275	0.9867500000000291	epochs															feedback_delay	94.0
1661.8	1.975500000000011	epochs															feedback	94.0
1663.95775	1.9917499999999109	epochs															iti	94.0
1665.976	10.183499999999867	epochs															maze	95.0
1665.976	6.925999999999931	epochs															maze_stem	95.0
1666.00275	17.21699999999987	trials	False	False	False	False	False	False	[0.28385246 0.71614748 0.91586041 0.08413959]	-0.6320079267024994	-0.19971290230751038	-0.3160039782524109	0.099856436252594	0.2838524580001831	[9780 9780 9780 9779 9779]	[9840 9840 9840 9839 9839]		
1672.92225	3.2372499999999036	epochs															maze_arm	95.0
1676.1785	7.021250000000009	epochs															feedback_and_iti	95.0
1676.1785	0.9974999999999454	epochs															feedback_delay	95.0
1677.1965	1.9777500000000146	epochs															feedback	95.0
1679.2135	3.9862499999999272	epochs															iti	95.0
1683.21975	10.56899999999996	epochs															maze	96.0
1683.21975	5.881750000000011	epochs															maze_stem	96.0
1683.23975	15.75850000000014	trials	False	False	False	False	True	True	[0.46476433 0.53523564 0.82374775 0.17625222]	-0.35898342728614807	-0.28851211071014404	0.17949171364307404	-0.14425607025623322	0.5352356433868408	[9883 9883 9883 9883 9882]	[9946 9946 9945 9945 9945]		
1689.1215	4.667249999999967	epochs															maze_arm	96.0
1693.80875	5.1684999999999945	epochs															feedback_and_iti	96.0
1693.80875	0.9847500000000764	epochs															feedback_delay	96.0
1694.8145	1.9835000000000491	epochs															feedback	96.0
1696.98275	1.9945000000000164	epochs															iti	96.0
1698.99825	9.704999999999927	epochs															maze	97.0
1698.99825	6.714999999999918	epochs															maze_stem	97.0
1699.01875	14.877500000000055	trials	False	False	False	True	False	True	[0.33991423 0.6600858  0.8598305  0.14016952]	-0.5199162736535072	-0.19974470883607864	0.2599581331014633	0.09987236559391022	0.8598304986953735	[9978 9978 9978 9977 9977]	[10035 10035 10035 10035 10034]		
1705.73475	2.968499999999949	epochs															maze_arm	97.0
1708.724	5.150750000000016	epochs															feedback_and_iti	97.0
1708.724	0.9907500000001619	epochs															feedback_delay	97.0
1709.73725	1.9770000000000891	epochs															feedback	97.0
1711.89475	1.9800000000000182	epochs															iti	97.0
1713.89625	10.077999999999975	epochs															maze	98.0
1713.89625	7.2970000000000255	epochs															maze_stem	98.0
1713.91625	15.269250000000056	trials	False	False	False	True	False	True	[0.32904187 0.67095816 0.89699703 0.1030029 ]	-0.5679552145302296	-0.22603892162442207	0.28397758305072784	0.11301945149898529	0.8969970345497131	[10067 10067 10067 10067 10066]	[10127 10127 10126 10126 10126]		
1721.21375	2.7605000000000928	epochs															maze_arm	98.0
1723.99425	5.171000000000049	epochs															feedback_and_iti	98.0
1723.99425	0.9925000000000637	epochs															feedback_delay	98.0
1725.00725	1.9867499999998017	epochs															feedback	98.0
1727.17875	1.9864999999999782	epochs															iti	98.0
1729.1855	10.775249999999915	epochs															maze	99.0
1729.1855	8.246499999999969	epochs															maze_stem	99.0
1729.20575	15.964249999999993	trials	False	False	False	True	False	True	[0.33815449 0.66184551 0.91762745 0.0823725 ]	-0.5794729813933372	-0.25578197091817856	0.28973647952079773	0.12789097428321838	0.9176274538040161	[10159 10159 10159 10158 10158]	[10223 10222 10222 10222 10222]		
1737.45225	2.5084999999999127	epochs															maze_arm	99.0
1739.97925	5.170249999999896	epochs															feedback_and_iti	99.0
1739.97925	0.9932499999999891	epochs															feedback_delay	99.0
1740.994	1.978749999999991	epochs															feedback	99.0
1743.158	1.9915000000000873	epochs															iti	99.0
1745.17	10.049749999999904	epochs															maze	100.0
1745.17	7.439249999999902	epochs															maze_stem	100.0
1745.19	15.250999999999976	trials	False	False	False	True	False	True	[0.31898683 0.68101311 0.92070735 0.07929269]	-0.6017204634845257	-0.23969418928027153	0.3008602559566498	0.11984708905220032	0.9207073450088501	[10255 10255 10254 10254 10254]	[10314 10314 10314 10313 10313]		
1752.62775	2.591999999999871	epochs															maze_arm	100.0
1755.23925	5.181249999999864	epochs															feedback_and_iti	100.0
1755.23925	0.9892499999998563	epochs															feedback_delay	100.0
1756.24875	1.9847500000000764	epochs															feedback	100.0
1758.42725	1.993249999999989	epochs															iti	100.0
1760.441	10.929750000000013	epochs															maze	101.0
1760.441	7.08199999999988	epochs															maze_stem	101.0
1760.4615	16.10850000000005	trials	False	False	False	False	True	True	[0.31443825 0.68556178 0.92160022 0.07839981]	-0.6071619652211666	-0.2360384427011013	0.30358098074793816	-0.11801920458674431	0.6855617761611938	[10346 10346 10346 10346 10346]	[10411 10411 10411 10410 10410]		
1767.543	3.827750000000151	epochs															maze_arm	101.0
1771.3905	5.159249999999929	epochs															feedback_and_iti	101.0
1771.3905	0.9987499999999727	epochs															feedback_delay	101.0
1772.41	1.9674999999999727	epochs															feedback	101.0
1774.562	1.9877500000000055	epochs															iti	101.0
1776.57	11.179499999999962	epochs															maze	102.0
1776.57	7.616750000000138	epochs															maze_stem	102.0
1776.58925	16.362499999999955	trials	True	False	False	True	False	True	[0.30533227 0.6946677  0.88712162 0.11287842]	-0.5817893110215664	-0.19245388731360435	0.29089467227458954	0.09622694551944733	0.8871216177940369	[10443 10443 10443 10442 10442]	[10509 10509 10509 10509 10508]		
1784.2065	3.5429999999998927	epochs															maze_arm	102.0
1787.7685	5.162750000000187	epochs															feedback_and_iti	102.0
1787.7685	0.9957500000000437	epochs															feedback_delay	102.0
1788.782	1.9735000000000582	epochs															feedback	102.0
1790.947	1.984250000000202	epochs															iti	102.0
1792.95175	9.916249999999991	epochs															maze	103.0
1792.95175	7.648249999999962	epochs															maze_stem	103.0
1792.97175	15.102499999999964	trials	False	False	False	True	False	True	[0.27888796 0.72111201 0.88182861 0.11817142]	-0.6029406189918518	-0.16071656346321106	0.3014703243970871	0.08035828173160553	0.8818286061286926	[10541 10541 10541 10541 10540]	[10600 10600 10599 10599 10599]		
1800.62025	2.2477499999999964	epochs															maze_arm	103.0
1802.88875	5.1664999999998145	epochs															feedback_and_iti	103.0
1802.88875	0.9947499999998399	epochs															feedback_delay	103.0
1803.90475	1.97075000000018	epochs															feedback	103.0
1806.05225	2.002999999999929	epochs															iti	103.0
1808.07425	10.84900000000016	epochs															maze	104.0
1808.07425	6.748000000000047	epochs															maze_stem	104.0
1808.0945	16.023500000000013	trials	False	False	False	False	True	True	[0.34405616 0.65594387 0.91692847 0.08307151]	-0.5728723369538784	-0.2609846256673336	0.28643618151545525	-0.13049231097102165	0.6559438705444336	[10632 10632 10632 10631 10631]	[10696 10696 10696 10695 10695]		
1814.8425	4.08075000000008	epochs															maze_arm	104.0
1818.944	5.153749999999945	epochs															feedback_and_iti	104.0
1818.944	0.9855000000000018	epochs															feedback_delay	104.0
1819.95	1.975500000000011	epochs															feedback	104.0
1822.12325	1.9744999999998072	epochs															iti	104.0
1824.118	10.09050000000002	epochs															maze	105.0
1824.118	6.589000000000169	epochs															maze_stem	105.0
1824.13825	15.26825000000008	trials	False	False	False	False	True	True	[0.25672683 0.7432732  0.88268274 0.11731728]	-0.6259559132158756	-0.13940954580903053	0.31297795847058296	-0.06970475986599922	0.7432731986045837	[10728 10728 10728 10728 10727]	[10788 10787 10787 10787 10787]		
1830.72575	3.4827499999998963	epochs															maze_arm	105.0
1834.2265	5.15949999999998	epochs															feedback_and_iti	105.0
1834.2265	0.9964999999999691	epochs															feedback_delay	105.0
1835.24475	1.9694999999999254	epochs															feedback	105.0
1837.394	1.9919999999999618	epochs															iti	105.0
1839.4065	10.037249999999858	epochs															maze	106.0
1839.4065	7.450249999999869	epochs															maze_stem	106.0
1839.42525	15.224249999999984	trials	False	False	False	True	False	True	[0.23387983 0.76612014 0.83545375 0.1645463 ]	-0.6015738770365715	-0.06933357566595078	0.30078695714473724	0.034666791558265686	0.8354537487030029	[10820 10820 10819 10819 10819]	[10879 10879 10879 10878 10878]		
1846.8755	2.568249999999807	epochs															maze_arm	106.0
1849.464	5.1655000000000655	epochs															feedback_and_iti	106.0
1849.464	0.9817500000001473	epochs															feedback_delay	106.0
1850.46775	1.99025000000006	epochs															feedback	106.0
1852.6335	1.9960000000000946	epochs															iti	106.0
1854.6495	13.904749999999922	epochs															maze	107.0
1854.6495	8.018000000000029	epochs															maze_stem	107.0
1854.66975	19.099500000000035	trials	False	False	False	False	True	True	[0.23615785 0.76384217 0.90541416 0.09458578]	-0.6692563518881798	-0.1415720358490944	0.3346281945705414	-0.07078602910041809	0.7638421654701233	[10911 10911 10911 10911 10910]	[10994 10993 10993 10993 10993]		
1862.68725	5.866999999999962	epochs															maze_arm	107.0
1868.575	5.174499999999853	epochs															feedback_and_iti	107.0
1868.575	0.9939999999999145	epochs															feedback_delay	107.0
1869.58925	1.9849999999999	epochs															feedback	107.0
1871.767	1.9824999999998454	epochs															iti	107.0
1873.76925	12.528749999999945	epochs															maze	108.0
1873.76925	8.107499999999845	epochs															maze_stem	108.0
1873.78875	17.732250000000022	trials	False	False	False	False	True	True	[0.21232031 0.78767967 0.87685311 0.12314691]	-0.6645327806472778	-0.08917342126369476	0.3322663828730583	-0.04458671063184738	0.7876796722412109	[11026 11026 11025 11025 11025]	[11100 11100 11100 11099 11099]		
1881.897	4.401000000000067	epochs															maze_arm	108.0
1886.31775	5.173999999999978	epochs															feedback_and_iti	108.0
1886.31775	0.9907500000001619	epochs															feedback_delay	108.0
1887.32725	1.9747499999998581	epochs															feedback	108.0
1889.5205	1.9712499999998272	epochs															iti	108.0
1891.521	11.971000000000004	epochs															maze	109.0
1891.521	7.001999999999953	epochs															maze_stem	109.0
1891.541	17.17775000000006	trials	False	False	False	False	True	True	[0.19950505 0.80049497 0.84477985 0.15522021]	-0.64527478069067	-0.04428485780954361	0.3226373791694641	-0.022142410278320312	0.8004949688911438	[11132 11132 11132 11132 11131]	[11203 11203 11203 11203 11202]		
1898.543	4.949000000000069	epochs															maze_arm	109.0
1903.512	5.178000000000111	epochs															feedback_and_iti	109.0
1903.512	0.9962500000001455	epochs															feedback_delay	109.0
1904.528	1.97199999999998	epochs															feedback	109.0
1906.68625	2.003750000000082	epochs															iti	109.0
1908.71875	12.63799999999992	epochs															maze	110.0
1908.71875	8.986499999999978	epochs															maze_stem	110.0
1908.74125	17.827749999999924	trials	True	False	False	False	True	True	[0.14253941 0.85746056 0.81824625 0.18175372]	-0.6757068336009979	0.03921431303024292	0.33785341680049896	0.019607141613960266	0.8574605584144592	[11235 11235 11235 11235 11235]	[11310 11310 11310 11310 11309]		
1917.726	3.630749999999807	epochs															maze_arm	110.0
1921.3745	5.174250000000029	epochs															feedback_and_iti	110.0
1921.3745	0.9842500000002019	epochs															feedback_delay	110.0
1922.37625	1.9954999999999927	epochs															feedback	110.0
1924.571	1.9777500000000146	epochs															iti	110.0
1926.569	9.243249999999989	epochs															maze	111.0
1926.569	6.941000000000031	epochs															maze_stem	111.0
1926.589	14.428250000000162	trials	False	False	False	True	False	True	[0.10752537 0.89247459 0.77864414 0.2213559 ]	-0.6711187325417995	0.11383048817515373	0.3355593867599964	-0.05691524222493172	0.7786441445350647	[11342 11342 11342 11342 11342]	[11397 11397 11396 11396 11396]		
1933.5285	2.2837500000000546	epochs															maze_arm	111.0
1935.8305	5.166500000000042	epochs															feedback_and_iti	111.0
1935.8305	0.99675000000002	epochs															feedback_delay	111.0
1936.84775	1.977500000000191	epochs															feedback	111.0
1939.0305	1.9664999999999964	epochs															iti	111.0
1941.01725	12.985749999999825	epochs															maze	112.0
1941.01725	7.333999999999833	epochs															maze_stem	112.0
1941.03525	18.163999999999987	trials	True	False	False	False	True	True	[0.19604221 0.80395776 0.89292902 0.10707106]	-0.6968867555260658	-0.08897120505571365	0.3484433516860008	-0.04448559135198593	0.8039577603340149	[11429 11429 11429 11428 11428]	[11506 11506 11506 11505 11505]		
1948.3705	5.632499999999936	epochs															maze_arm	112.0
1954.02225	5.156750000000102	epochs															feedback_and_iti	112.0
1954.02225	0.9864999999999782	epochs															feedback_delay	112.0
1955.027	1.9772499999999127	epochs															feedback	112.0
1957.18225	1.99675000000002	epochs															iti	112.0
1959.19925	11.725000000000136	epochs															maze	113.0
1959.19925	6.846000000000004	epochs															maze_stem	113.0
1959.2195	16.91300000000001	trials	False	False	False	False	True	True	[0.22115146 0.77884859 0.8493706  0.15062943]	-0.6282191500067711	-0.0705220177769661	0.31410957872867584	-0.035260990262031555	0.7788485884666443	[11538 11538 11538 11537 11537]	[11607 11607 11607 11607 11607]		
1966.0655	4.8587500000001	epochs															maze_arm	113.0
1970.94475	5.168249999999944	epochs															feedback_and_iti	113.0
1970.94475	0.981499999999869	epochs															feedback_delay	113.0
1971.9465	1.9942499999999654	epochs															feedback	113.0
1974.1245	1.9885000000001583	epochs															iti	113.0
1976.1325	10.606750000000147	epochs															maze	114.0
1976.1325	6.26825000000008	epochs															maze_stem	114.0
1976.1535	17.645500000000084	trials	False	False	False	True	True	False	[0.1781375  0.82186246 0.8517952  0.14820482]	-0.6736576706171036	-0.02993270754814148	-0.3368288204073906	-0.014966361224651337	0.14820481836795807	[11640 11639 11639 11639 11639]	[11702 11702 11702 11702 11701]		
1982.42075	4.3185000000000855	epochs															maze_arm	114.0
1986.76075	7.017749999999978	epochs															feedback_and_iti	114.0
1986.76075	0.9887499999999818	epochs															feedback_delay	114.0
1987.76975	1.98700000000008	epochs															feedback	114.0
1989.79425	3.9842499999999745	epochs															iti	114.0
1993.799	8.948249999999916	epochs															maze	115.0
1993.799	5.916750000000093	epochs															maze_stem	115.0
1993.81925	14.151749999999993	trials	False	False	False	True	False	True	[0.24767768 0.75232232 0.52658784 0.47341216]	-0.27891016006469727	0.22573447227478027	0.13945508003234863	-0.11286723613739014	0.5265878438949585	[11746 11745 11745 11745 11745]	[11798 11798 11798 11798 11797]		
1999.734	3.013249999999971	epochs															maze_arm	115.0
2002.7675	5.183250000000044	epochs															feedback_and_iti	115.0
2002.7675	0.9940000000001419	epochs															feedback_delay	115.0
2003.78	1.981999999999971	epochs															feedback	115.0
2005.951	1.999749999999949	epochs															iti	115.0
2007.971	10.73025000000007	epochs															maze	116.0
2007.971	6.960749999999962	epochs															maze_stem	116.0
2007.99125	17.761999999999944	trials	False	False	False	False	False	False	[0.15002385 0.84997612 0.7079277  0.2920723 ]	-0.557903841137886	0.1420484334230423	-0.2789519280195236	-0.07102422416210175	0.15002384781837463	[11830 11830 11830 11830 11830]	[11894 11894 11893 11893 11893]		
2014.952	3.7492500000000746	epochs															maze_arm	116.0
2018.72125	7.011250000000018	epochs															feedback_and_iti	116.0
2018.72125	0.9894999999999072	epochs															feedback_delay	116.0
2019.7295	1.978749999999991	epochs															feedback	116.0
2021.745	3.987500000000182	epochs															iti	116.0
2025.75325	8.070249999999987	epochs															maze	117.0
2025.75325	5.476499999999987	epochs															maze_stem	117.0
2025.77325	15.099249999999984	trials	False	False	False	False	False	False	[0.28256479 0.71743518 0.69294393 0.3070561 ]	-0.4103791117668152	0.02449128031730652	-0.2051895707845688	-0.01224564015865326	0.28256478905677795	[11937 11937 11937 11937 11936]	[11985 11984 11984 11984 11984]		
2031.24925	2.5742499999998927	epochs															maze_arm	117.0
2033.84325	7.0060000000000855	epochs															feedback_and_iti	117.0
2033.84325	0.9922500000000127	epochs															feedback_delay	117.0
2034.85575	1.9702500000000782	epochs															feedback	117.0
2036.864	3.985249999999951	epochs															iti	117.0
2040.8725	14.79275000000007	epochs															maze	118.0
2040.8725	10.333000000000084	epochs															maze_stem	118.0
2040.89275	21.824750000000222	trials	False	False	False	False	False	False	[0.36460343 0.63539654 0.74881333 0.25118673]	-0.38420985639095306	-0.11341674625873566	-0.19210495054721832	0.056708380579948425	0.3646034300327301	[12028 12028 12027 12027 12027]	[12116 12115 12115 12115 12115]		
2051.2255	4.439750000000004	epochs															maze_arm	118.0
2055.68325	7.013500000000022	epochs															feedback_and_iti	118.0
2055.68325	0.99350000000004	epochs															feedback_delay	118.0
2056.697	1.9757500000000618	epochs															feedback	118.0
2058.71175	3.9850000000001273	epochs															iti	118.0
2062.7175	9.677499999999782	epochs															maze	119.0
2062.7175	5.423249999999825	epochs															maze_stem	119.0
2062.7365	14.881750000000011	trials	False	False	False	False	True	True	[0.45265263 0.54734743 0.76163614 0.23836388]	-0.30898352712392807	-0.21428873389959335	0.15449177473783493	-0.10714434832334518	0.5473474264144897	[12159 12159 12158 12158 12158]	[12216 12216 12215 12215 12215]		
2068.1615	4.233499999999822	epochs															maze_arm	119.0
2072.41475	5.182999999999993	epochs															feedback_and_iti	119.0
2072.41475	0.9845000000000255	epochs															feedback_delay	119.0
2073.4195	1.9765000000002146	epochs															feedback	119.0
2075.5925	2.0052499999997053	epochs															iti	119.0
2077.61825	10.89825000000019	epochs															maze	120.0
2077.61825	6.434999999999945	epochs															maze_stem	120.0
2077.6385	16.092749999999796	trials	False	False	False	True	False	True	[0.33829525 0.66170472 0.81349152 0.18650848]	-0.4751962572336197	-0.15178678929805756	0.23759813606739044	0.07589338719844818	0.8134915232658386	[12248 12248 12248 12247 12247]	[12312 12312 12312 12312 12312]		
2084.07375	4.44275000000016	epochs															maze_arm	120.0
2088.5345	5.177749999999833	epochs															feedback_and_iti	120.0
2088.5345	0.9947499999998399	epochs															feedback_delay	120.0
2089.54925	1.9847500000000764	epochs															feedback	120.0
2091.72525	1.98700000000008	epochs															iti	120.0
2093.73125	10.4037500000004	epochs															maze	121.0
2093.73125	6.866250000000036	epochs															maze_stem	121.0
2093.7515	15.591499999999996	trials	False	False	False	True	False	True	[0.34734356 0.65265644 0.88325447 0.11674546]	-0.5359109379351139	-0.2305980660021305	0.2679554522037506	0.11529901623725891	0.8832544684410095	[12345 12345 12344 12344 12344]	[12406 12406 12406 12406 12405]		
2100.61725	3.517750000000433	epochs															maze_arm	121.0
2104.155	5.167749999999614	epochs															feedback_and_iti	121.0
2104.155	0.9802499999996144	epochs															feedback_delay	121.0
2105.15575	1.9945000000002437	epochs															feedback	121.0
2107.3335	1.989249999999629	epochs															iti	121.0
2109.343	10.426750000000084	epochs															maze	122.0
2109.343	6.3527500000000146	epochs															maze_stem	122.0
2109.36325	15.610000000000127	trials	False	False	False	False	True	True	[0.37307867 0.6269213  0.91102749 0.08897258]	-0.5379487685859203	-0.28410614654421806	0.2689743600785732	-0.14205306395888329	0.6269212961196899	[12438 12438 12438 12438 12438]	[12500 12500 12499 12499 12499]		
2115.71525	4.054499999999734	epochs															maze_arm	122.0
2119.7895	5.163250000000062	epochs															feedback_and_iti	122.0
2119.7895	0.9825000000000728	epochs															feedback_delay	122.0
2120.792	1.98824999999988	epochs															feedback	122.0
2122.9755	1.9772499999999127	epochs															iti	122.0
2124.97325	11.063250000000153	epochs															maze	123.0
2124.97325	7.063000000000102	epochs															maze_stem	123.0
2124.993	16.258000000000266	trials	False	False	False	False	True	True	[0.27904654 0.72095346 0.87481397 0.12518597]	-0.595767468214035	-0.15386053919792175	0.2978837490081787	-0.07693028450012207	0.7209534645080566	[12532 12532 12532 12531 12531]	[12597 12597 12597 12597 12597]		
2132.0565	3.980000000000018	epochs															maze_arm	123.0
2136.056	5.175000000000182	epochs															feedback_and_iti	123.0
2136.056	0.9994999999998981	epochs															feedback_delay	123.0
2137.07625	1.9737500000001091	epochs															feedback	123.0
2139.23625	1.9947500000002947	epochs															iti	123.0
2141.251	14.110249999999724	epochs															maze	124.0
2141.251	10.451499999999669	epochs															maze_stem	124.0
2141.2715	19.288250000000062	trials	False	False	False	True	False	True	[0.240081   0.75991905 0.81310236 0.18689761]	-0.5730214044451714	-0.05318335443735123	0.2865106835961342	0.026591680943965912	0.8131023645401001	[12630 12629 12629 12629 12629]	[12713 12713 12713 12713 12712]		
2151.72275	3.638500000000022	epochs															maze_arm	124.0
2155.3795	5.159500000000207	epochs															feedback_and_iti	124.0
2155.3795	0.9895000000001346	epochs															feedback_delay	124.0
2156.3895	1.9829999999997199	epochs															feedback	124.0
2158.55275	1.986250000000382	epochs															iti	124.0
2160.55975	13.740499999999884	epochs															maze	125.0
2160.55975	9.706000000000131	epochs															maze_stem	125.0
2160.57875	20.7829999999999	trials	False	True	True	True	False	False	[0.24597412 0.75402588 0.89331228 0.10668771]	-0.6473381593823433	-0.13928640633821487	0.32366907596588135	0.06964319944381714	0.8933122754096985	[12745 12745 12745 12745 12745]	[12827 12827 12826 12826 12826]		
2170.2845	4.015749999999571	epochs															maze_arm	125.0
2174.31975	7.021249999999782	epochs															feedback_and_iti	125.0
2174.31975	0.9954999999999927	epochs															feedback_delay	125.0
2175.334	1.9845000000000255	epochs															feedback	125.0
2177.3575	3.9834999999998217	epochs															iti	125.0
2181.36175	9.961999999999989	epochs															maze	126.0
2181.36175	6.204749999999876	epochs															maze_stem	126.0
2181.381	17.013750000000073	trials	False	True	False	False	True	False	[0.34615088 0.65384912 0.83972847 0.16027153]	-0.49357759952545166	-0.18587934970855713	0.24678879976272583	-0.09293967485427856	0.6538491249084473	[12870 12870 12870 12870 12869]	[12929 12929 12929 12928 12928]		
2187.58525	3.738499999999931	epochs															maze_arm	126.0
2191.344	7.030249999999796	epochs															feedback_and_iti	126.0
2191.344	0.9827500000001237	epochs															feedback_delay	126.0
2192.34725	1.9782500000001164	epochs															feedback	126.0
2194.36525	4.0090000000000146	epochs															iti	126.0
2198.39475	8.214500000000044	epochs															maze	127.0
2198.39475	5.374249999999847	epochs															maze_stem	127.0
2198.41575	15.255749999999807	trials	False	True	False	True	False	False	[0.33191311 0.66808683 0.67775339 0.32224658]	-0.345840260386467	-0.009666547179222107	0.1729201376438141	0.004833251237869263	0.6777533888816833	[12972 12972 12972 12972 12971]	[13021 13020 13020 13020 13020]		
2203.78925	2.8200000000001637	epochs															maze_arm	127.0
2206.62725	7.023749999999836	epochs															feedback_and_iti	127.0
2206.62725	0.9825000000000728	epochs															feedback_delay	127.0
2207.62925	1.9924999999998363	epochs															feedback	127.0
2209.661	3.9899999999997817	epochs															iti	127.0
2213.6715	12.347999999999956	epochs															maze	128.0
2213.6715	6.043500000000222	epochs															maze_stem	128.0
2213.692	19.385999999999967	trials	False	True	False	False	True	False	[0.34637773 0.65362227 0.68341404 0.31658599]	-0.33703629672527313	-0.029791757464408875	0.16851814091205597	-0.01489587128162384	0.6536222696304321	[13064 13064 13063 13063 13063]	[13137 13137 13137 13136 13136]		
2219.733	6.286499999999705	epochs															maze_arm	128.0
2226.03875	7.018499999999676	epochs															feedback_and_iti	128.0
2226.03875	0.9872499999996762	epochs															feedback_delay	128.0
2227.0465	1.9757500000000618	epochs															feedback	128.0
2229.07875	3.9784999999997126	epochs															iti	128.0
2233.078	8.170750000000226	epochs															maze	129.0
2233.078	5.3400000000001455	epochs															maze_stem	129.0
2233.09825	15.216499999999996	trials	False	True	False	True	False	False	[0.31086537 0.68913466 0.61858082 0.38141912]	-0.3077154904603958	0.07055379450321198	0.15385772287845612	-0.035276904702186584	0.6185808181762695	[13180 13180 13180 13180 13179]	[13228 13228 13228 13228 13227]		
2238.436	2.812750000000051	epochs															maze_arm	129.0
2241.269	7.025500000000193	epochs															feedback_and_iti	129.0
2241.269	0.9950000000003456	epochs															feedback_delay	129.0
2242.2825	1.9855000000002292	epochs															feedback	129.0
2244.3055	3.9890000000000327	epochs															iti	129.0
2248.31475	12.811999999999898	epochs															maze	130.0
2248.31475	6.408249999999953	epochs															maze_stem	130.0
2248.33325	17.99474999999984	trials	False	True	False	True	True	True	[0.33666638 0.66333365 0.65183973 0.34816027]	-0.3151733726263046	0.011493906378746033	-0.1575866937637329	0.005746960639953613	0.3481602668762207	[13272 13271 13271 13271 13271]	[13347 13347 13347 13347 13347]		
2254.74425	6.382499999999709	epochs															maze_arm	130.0
2261.14625	5.160000000000309	epochs															feedback_and_iti	130.0
2261.14625	0.9902500000002874	epochs															feedback_delay	130.0
2262.15725	1.9837499999998727	epochs															feedback	130.0
2264.3255	1.980750000000171	epochs															iti	130.0
2266.328	11.721250000000055	epochs															maze	131.0
2266.328	6.2175000000002	epochs															maze_stem	131.0
2266.3495	18.765750000000025	trials	True	True	False	True	False	False	[0.25738785 0.74261218 0.473517   0.52648306]	-0.2161291390657425	0.26909519731998444	0.10806457698345184	-0.13454757630825043	0.4735170006752014	[13380 13379 13379 13379 13379]	[13449 13449 13449 13448 13448]		
2272.565	5.4842499999999745	epochs															maze_arm	131.0
2278.0685	7.026000000000295	epochs															feedback_and_iti	131.0
2278.0685	0.98174999999992	epochs															feedback_delay	131.0
2279.06925	1.993750000000091	epochs															feedback	131.0
2281.09825	3.9962500000001455	epochs															iti	131.0
2285.11525	9.934500000000298	epochs															maze	132.0
2285.11525	5.269750000000386	epochs															maze_stem	132.0
2285.13375	15.11999999999989	trials	False	True	False	False	False	True	[0.31409284 0.68590719 0.51815039 0.48184964]	-0.20405754446983337	0.1677567958831787	-0.10202877223491669	-0.08387838304042816	0.31409284472465515	[13492 13492 13492 13492 13491]	[13551 13551 13550 13550 13550]		
2290.4045	4.645250000000033	epochs															maze_arm	132.0
2295.06975	5.163749999999709	epochs															feedback_and_iti	132.0
2295.06975	0.9809999999997672	epochs															feedback_delay	132.0
2296.071	1.9845000000000255	epochs															feedback	132.0
2298.25325	1.9802499999996144	epochs															iti	132.0
2300.25375	9.50525000000016	epochs															maze	133.0
2300.25375	6.663750000000164	epochs															maze_stem	133.0
2300.27375	16.557000000000244	trials	False	True	False	True	False	False	[0.55102634 0.44897363 0.72663271 0.27336726]	-0.175606369972229	-0.2776590883731842	0.0878031849861145	0.1388295292854309	0.7266327142715454	[13583 13583 13583 13582 13582]	[13639 13639 13639 13638 13638]		
2306.93575	2.8232499999999163	epochs															maze_arm	133.0
2309.77875	7.032999999999902	epochs															feedback_and_iti	133.0
2309.77875	0.9967500000002474	epochs															feedback_delay	133.0
2310.79775	1.9772499999999127	epochs															feedback	133.0
2312.8145	3.9972499999998945	epochs															iti	133.0
2316.83075	9.873749999999745	epochs															maze	134.0
2316.83075	6.219250000000102	epochs															maze_stem	134.0
2316.85175	16.92950000000019	trials	False	True	False	True	False	False	[0.34494844 0.65505159 0.69532967 0.3046703 ]	-0.3503812551498413	-0.040278106927871704	0.17519061267375946	0.020139053463935852	0.6953296661376953	[13682 13682 13682 13682 13682]	[13741 13740 13740 13740 13740]		
2323.07025	3.6342499999996107	epochs															maze_arm	134.0
2326.72475	7.037250000000313	epochs															feedback_and_iti	134.0
2326.72475	0.98050000000012	epochs															feedback_delay	134.0
2327.7255	1.9985000000001492	epochs															feedback	134.0
2329.763	3.999000000000251	epochs															iti	134.0
2333.78125	9.197250000000167	epochs															maze	135.0
2333.78125	5.503000000000156	epochs															maze_stem	135.0
2333.8025	16.243250000000444	trials	False	True	False	True	False	False	[0.41960597 0.58039403 0.71244341 0.28755656]	-0.292837455868721	-0.13204939663410187	0.1464187204837799	0.06602469086647034	0.7124434113502502	[13784 13784 13784 13783 13783]	[13838 13838 13838 13838 13837]		
2339.304	3.67450000000008	epochs															maze_arm	135.0
2342.99825	7.027250000000095	epochs															feedback_and_iti	135.0
2342.99825	0.9819999999999709	epochs															feedback_delay	135.0
2344.00075	1.993249999999989	epochs															feedback	135.0
2346.0315	3.994000000000142	epochs															iti	135.0
2350.04575	12.850999999999658	epochs															maze	136.0
2350.04575	6.231999999999971	epochs															maze_stem	136.0
2350.066	18.047000000000025	trials	False	True	False	True	True	True	[0.47040066 0.52959937 0.74357074 0.25642931]	-0.273170068860054	-0.2139713615179062	-0.1365850269794464	-0.1069856584072113	0.2564293146133423	[13882 13881 13881 13881 13881]	[13958 13957 13957 13957 13957]		
2356.2985	6.598250000000007	epochs															maze_arm	136.0
2362.9165	5.176750000000084	epochs															feedback_and_iti	136.0
2362.9165	0.9962500000001455	epochs															feedback_delay	136.0
2363.93175	1.9702499999998508	epochs															feedback	136.0
2366.11325	1.9800000000000182	epochs															iti	136.0
2368.113	10.485250000000178	epochs															maze	137.0
2368.113	8.02200000000039	epochs															maze_stem	137.0
2368.1315	17.51650000000018	trials	False	True	False	True	False	False	[0.40079236 0.59920764 0.70873684 0.2912631 ]	-0.30794450640678406	-0.10952922701835632	0.15397223830223083	0.05476459860801697	0.7087368369102478	[13990 13990 13989 13989 13989]	[14052 14052 14051 14051 14051]		
2376.155	2.443249999999807	epochs															maze_arm	137.0
2378.6185	7.0092500000000655	epochs															feedback_and_iti	137.0
2378.6185	0.9989999999997963	epochs															feedback_delay	137.0
2379.63675	1.9664999999999964	epochs															feedback	137.0
2381.6425	3.9852500000001783	epochs															iti	137.0
2385.648	9.08874999999989	epochs															maze	138.0
2385.648	4.952499999999873	epochs															maze_stem	138.0
2385.66825	14.27599999999984	trials	True	True	False	False	False	True	[0.40243295 0.59756702 0.68998104 0.31001893]	-0.28754809498786926	-0.0924140214920044	-0.14377404749393463	0.046206995844841	0.40243294835090637	[14095 14095 14095 14094 14094]	[14149 14148 14148 14148 14148]		
2390.62	4.116750000000138	epochs															maze_arm	138.0
2394.7555	5.164999999999964	epochs															feedback_and_iti	138.0
2394.7555	0.9914999999996326	epochs															feedback_delay	138.0
2395.76725	1.9837500000003274	epochs															feedback	138.0
2397.931	1.9895000000001346	epochs															iti	138.0
2399.94425	9.946249999999964	epochs															maze	139.0
2399.94425	6.83849999999984	epochs															maze_stem	139.0
2399.96425	15.159500000000207	trials	False	True	False	False	False	True	[0.75457031 0.24542968 0.82674706 0.17325291]	-0.07217676192522049	-0.5813173875212669	-0.036088377237319946	0.2906586825847626	0.7545703053474426	[14181 14181 14180 14180 14180]	[14239 14239 14239 14239 14239]		
2406.80375	3.086749999999938	epochs															maze_arm	139.0
2409.91025	5.188500000000204	epochs															feedback_and_iti	139.0
2409.91025	0.9839999999999236	epochs															feedback_delay	139.0
2410.915	1.9877500000002328	epochs															feedback	139.0
2413.0995	1.999250000000302	epochs															iti	139.0
2415.12375	10.733749999999873	epochs															maze	140.0
2415.12375	8.18349999999964	epochs															maze_stem	140.0
2415.146	17.784999999999854	trials	False	True	False	True	False	False	[0.86536574 0.13463424 0.84778512 0.15221487]	0.017580628395080566	-0.7131508737802505	-0.008790314197540283	0.3565754294395447	0.8477851152420044	[14272 14272 14271 14271 14271]	[14335 14335 14335 14335 14334]		
2423.32675	2.530749999999898	epochs															maze_arm	140.0
2425.878	7.0324999999998	epochs															feedback_and_iti	140.0
2425.878	0.9957500000000437	epochs															feedback_delay	140.0
2426.894	1.979750000000422	epochs															feedback	140.0
2428.9125	3.9980000000000473	epochs															iti	140.0
2432.931	9.1574999999998	epochs															maze	141.0
2432.931	5.864500000000135	epochs															maze_stem	141.0
2432.95125	14.348500000000058	trials	False	True	False	False	False	True	[0.54461634 0.45538366 0.74375129 0.25624871]	-0.1991349458694458	-0.2883676290512085	-0.0995674729347229	0.14418381452560425	0.5446163415908813	[14379 14378 14378 14378 14378]	[14432 14432 14432 14432 14432]		
2438.8155	3.2729999999996835	epochs															maze_arm	141.0
2442.10825	5.168499999999767	epochs															feedback_and_iti	141.0
2442.10825	0.9912499999995816	epochs															feedback_delay	141.0
2443.12075	1.9809999999997672	epochs															feedback	141.0
2445.29425	1.9825000000000728	epochs															iti	141.0
2447.29975	13.206499999999778	epochs															maze	142.0
2447.29975	7.243750000000091	epochs															maze_stem	142.0
2447.32075	18.410499999999956	trials	True	True	False	True	True	True	[0.85263884 0.14736114 0.84675521 0.15324484]	0.005883663892745972	-0.6993940323591232	0.0029418468475341797	-0.349697008728981	0.15324483811855316	[14465 14464 14464 14464 14464]	[14543 14543 14543 14542 14542]		
2454.56275	5.943499999999858	epochs															maze_arm	142.0
2460.52525	5.184999999999945	epochs															feedback_and_iti	142.0
2460.52525	0.9845000000000255	epochs															feedback_delay	142.0
2461.52875	1.9957500000000437	epochs															feedback	142.0
2463.7235	1.986750000000029	epochs															iti	142.0
2465.73125	20.202999999999975	epochs															maze	143.0
2465.73125	17.003250000000207	epochs															maze_stem	143.0
2465.7515	25.388750000000073	trials	False	True	False	True	True	True	[0.66016567 0.3398343  0.69466251 0.30533755]	-0.03449679911136627	-0.3548281639814377	-0.017248377203941345	-0.17741407454013824	0.3053375482559204	[14575 14575 14575 14575 14574]	[14695 14695 14695 14695 14695]		
2482.75425	3.1799999999998363	epochs															maze_arm	143.0
2485.95375	5.167999999999665	epochs															feedback_and_iti	143.0
2485.95375	0.9852499999997235	epochs															feedback_delay	143.0
2486.95925	1.9794999999999163	epochs															feedback	143.0
2489.133	1.9887499999999818	epochs															iti	143.0
2491.14025	9.68899999999985	epochs															maze	144.0
2491.14025	6.35674999999992	epochs															maze_stem	144.0
2491.1595	14.874499999999898	trials	True	True	False	True	True	True	[0.66942298 0.33057708 0.46960211 0.53039783]	0.19982081651687622	-0.13902509212493896	0.09991037845611572	-0.06951254606246948	0.5303978323936462	[14728 14727 14727 14727 14727]	[14785 14784 14784 14784 14784]		
2497.51725	3.311999999999898	epochs															maze_arm	144.0
2500.8485	5.1664999999998145	epochs															feedback_and_iti	144.0
2500.8485	0.9890000000000327	epochs															feedback_delay	144.0
2501.8565	1.9772499999999127	epochs															feedback	144.0
2504.0245	1.9904999999998836	epochs															iti	144.0
2506.034	10.075249999999869	epochs															maze	145.0
2506.034	6.546499999999924	epochs															maze_stem	145.0
2506.058	17.128250000000207	trials	False	True	False	False	True	False	[0.46062636 0.53937358 0.31053394 0.68946606]	0.1500924527645111	0.2288396656513214	-0.07504624128341675	0.11441981792449951	0.5393735766410828	[14817 14817 14816 14816 14816]	[14876 14876 14876 14876 14876]		
2512.60025	3.5090000000000146	epochs															maze_arm	145.0
2516.12925	7.025250000000142	epochs															feedback_and_iti	145.0
2516.12925	0.9839999999999236	epochs															feedback_delay	145.0
2517.13225	1.9837499999998727	epochs															feedback	145.0
2519.1535	4.001000000000204	epochs															iti	145.0
2523.18625	13.329249999999774	epochs															maze	146.0
2523.18625	5.87099999999964	epochs															maze_stem	146.0
2523.209	18.509000000000015	trials	True	True	False	False	False	True	[0.39352399 0.60647601 0.3757464  0.62425357]	0.01777757704257965	0.2307295948266983	0.008888795971870422	-0.11536480486392975	0.3935239911079407	[14920 14919 14919 14919 14919]	[14999 14998 14998 14998 14998]		
2529.0775	7.438000000000102	epochs															maze_arm	146.0
2536.53325	5.163750000000164	epochs															feedback_and_iti	146.0
2536.53325	0.9940000000001419	epochs															feedback_delay	146.0
2537.54675	1.9782500000001164	epochs															feedback	146.0
2539.705	1.9920000000001892	epochs															iti	146.0
2541.718	10.291000000000167	epochs															maze	147.0
2541.718	6.654500000000098	epochs															maze_stem	147.0
2541.737	15.491999999999734	trials	False	True	False	False	False	True	[0.85106635 0.14893365 0.59206253 0.40793753]	0.2590038478374481	-0.4431288540363312	0.12950190901756287	0.22156444191932678	0.8510663509368896	[15031 15031 15030 15030 15030]	[15092 15091 15091 15091 15091]		
2548.39075	3.618249999999989	epochs															maze_arm	147.0
2552.0295	5.179749999999785	epochs															feedback_and_iti	147.0
2552.0295	0.9942499999997381	epochs															feedback_delay	147.0
2553.0445	1.9762500000001637	epochs															feedback	147.0
2555.2275	1.98174999999992	epochs															iti	147.0
2557.229	10.791000000000167	epochs															maze	148.0
2557.229	6.426500000000033	epochs															maze_stem	148.0
2557.24875	15.980499999999665	trials	True	True	False	True	True	True	[0.88460755 0.11539245 0.65133125 0.34866872]	0.23327628895640373	-0.535938810557127	0.11663813516497612	-0.26796941086649895	0.3486687242984772	[15124 15124 15123 15123 15123]	[15188 15187 15187 15187 15187]		
2563.6745	4.345499999999902	epochs															maze_arm	148.0
2568.0375	5.1710000000002765	epochs															feedback_and_iti	148.0
2568.0375	0.9929999999999382	epochs															feedback_delay	148.0
2569.05025	1.9767500000002656	epochs															feedback	148.0
2571.21625	1.99225000000024	epochs															iti	148.0
2573.22925	17.598500000000058	epochs															maze	149.0
2573.22925	6.355750000000171	epochs															maze_stem	149.0
2573.2505	24.639000000000124	trials	False	True	False	False	True	False	[0.66794789 0.33205208 0.34921598 0.65078396]	0.318731889128685	-0.017163917422294617	-0.1593659371137619	-0.008581981062889099	0.332052081823349	[15220 15220 15219 15219 15219]	[15324 15324 15324 15324 15324]		
2579.6045	11.223250000000007	epochs															maze_arm	149.0
2590.848	7.0222499999999854	epochs															feedback_and_iti	149.0
2590.848	0.980750000000171	epochs															feedback_delay	149.0
2591.85	1.9847500000000764	epochs															feedback	149.0
2593.87575	3.994499999999789	epochs															iti	149.0
2597.8895	13.826249999999618	epochs															maze	150.0
2597.8895	9.367999999999938	epochs															maze_stem	150.0
2597.90975	19.000750000000153	trials	False	True	False	True	True	True	[0.48642373 0.51357627 0.38398153 0.61601847]	0.10244220495223999	0.12959474325180054	0.051221102476119995	0.06479737162590027	0.6160184741020203	[15368 15367 15367 15367 15367]	[15450 15449 15449 15449 15449]		
2607.277	4.4387499999998	epochs															maze_arm	150.0
2611.7345	5.155749999999898	epochs															feedback_and_iti	150.0
2611.7345	0.9967499999997926	epochs															feedback_delay	150.0
2612.7535	1.9645000000000437	epochs															feedback	150.0
2614.89525	1.9949999999998909	epochs															iti	150.0
2616.9105	12.787499999999909	epochs															maze	151.0
2616.9105	8.73025000000007	epochs															maze_stem	151.0
2616.93125	17.997499999999945	trials	False	True	False	False	False	True	[0.56548786 0.43451214 0.28651389 0.71348608]	0.2789739519357681	0.14799822866916656	0.13948698341846466	-0.07399912178516388	0.5654878616333008	[15482 15481 15481 15481 15481]	[15557 15557 15557 15557 15557]		
2625.66175	4.036249999999654	epochs															maze_arm	151.0
2629.71925	5.188999999999851	epochs															feedback_and_iti	151.0
2629.71925	0.9894999999996799	epochs															feedback_delay	151.0
2630.7315	1.98050000000012	epochs															feedback	151.0
2632.91725	1.9909999999999854	epochs															iti	151.0
2634.92875	9.050000000000182	epochs															maze	152.0
2634.92875	6.516250000000127	epochs															maze_stem	152.0
2634.9495	14.251999999999953	trials	False	True	False	False	False	True	[0.82840484 0.17159513 0.44111085 0.55888915]	0.3872940093278885	-0.2695157080888748	0.19364699721336365	0.1347578465938568	0.8284048438072205	[15590 15589 15589 15589 15589]	[15643 15643 15643 15642 15642]		
2641.465	2.5137500000000728	epochs															maze_arm	152.0
2643.999	5.181250000000091	epochs															feedback_and_iti	152.0
2643.999	0.9982500000000982	epochs															feedback_delay	152.0
2645.018	1.9789999999998145	epochs															feedback	152.0
2647.18925	1.9909999999999854	epochs															iti	152.0
2649.2015	9.983999999999924	epochs															maze	153.0
2649.2015	7.334249999999884	epochs															maze_stem	153.0
2649.22225	17.01324999999997	trials	True	True	False	True	False	False	[0.87161458 0.12838537 0.53110975 0.46889019]	0.34050482511520386	-0.40272438526153564	-0.17025241255760193	0.20136216282844543	0.5311097502708435	[15675 15675 15675 15675 15674]	[15734 15734 15734 15734 15733]		
2656.55575	2.629750000000058	epochs															maze_arm	153.0
2659.206	7.005499999999756	epochs															feedback_and_iti	153.0
2659.206	0.9952499999999418	epochs															feedback_delay	153.0
2660.2215	1.9657499999998436	epochs															feedback	153.0
2662.22525	3.9862499999999272	epochs															iti	153.0
2666.2355	8.977250000000367	epochs															maze	154.0
2666.2355	5.580000000000382	epochs															maze_stem	154.0
2666.25875	14.151749999999993	trials	False	True	False	False	False	True	[0.60922474 0.39077523 0.50768572 0.49231431]	0.10153904557228088	-0.11691045761108398	0.05076950788497925	0.05845522880554199	0.6092247366905212	[15777 15777 15777 15777 15777]	[15830 15830 15830 15830 15829]		
2671.8345	3.3782500000002074	epochs															maze_arm	154.0
2675.2335	5.156500000000051	epochs															feedback_and_iti	154.0
2675.2335	0.9920000000001892	epochs															feedback_delay	154.0
2676.246	1.9737500000001091	epochs															feedback	154.0
2678.4065	1.9834999999998217	epochs															iti	154.0
2680.4105	10.278999999999996	epochs															maze	155.0
2680.4105	7.514250000000175	epochs															maze_stem	155.0
2680.43	17.313500000000204	trials	False	True	False	True	False	False	[0.88700062 0.11299937 0.68887198 0.31112802]	0.19812864437699318	-0.5758726038038731	-0.09906432032585144	0.2879363000392914	0.6888719797134399	[15862 15862 15862 15862 15862]	[15923 15923 15923 15922 15922]		
2687.945	2.744499999999789	epochs															maze_arm	155.0
2690.7095	7.0154999999999745	epochs															feedback_and_iti	155.0
2690.7095	0.9904999999998836	epochs															feedback_delay	155.0
2691.72	1.9817500000003747	epochs															feedback	155.0
2693.74	3.9850000000001273	epochs															iti	155.0
2697.7435	12.817000000000007	epochs															maze	156.0
2697.7435	7.3595000000000255	epochs															maze_stem	156.0
2697.763	18.000500000000102	trials	True	True	False	True	True	True	[0.69723517 0.3027648  0.56615567 0.43384433]	0.1310795098543167	-0.2633908540010452	0.06553976237773895	-0.1316954344511032	0.43384432792663574	[15966 15966 15966 15966 15966]	[16042 16042 16042 16042 16041]		
2705.123	5.4375	epochs															maze_arm	156.0
2710.5795	5.16274999999996	epochs															feedback_and_iti	156.0
2710.5795	0.993750000000091	epochs															feedback_delay	156.0
2711.59175	1.9789999999998145	epochs															feedback	156.0
2713.774	1.9682499999998981	epochs															iti	156.0
2715.7635	18.714249999999993	epochs															maze	157.0
2715.7635	12.891999999999825	epochs															maze_stem	157.0
2715.78325	23.903749999999945	trials	True	True	False	False	False	True	[0.71520793 0.28479213 0.4387753  0.5612247 ]	0.276432603597641	-0.1539832055568695	0.1382163166999817	0.07699161767959595	0.7152079343795776	[16074 16074 16074 16074 16074]	[16186 16185 16185 16185 16185]		
2728.6745	5.8032499999999345	epochs															maze_arm	157.0
2734.4985	5.169499999999971	epochs															feedback_and_iti	157.0
2734.4985	0.9937499999996362	epochs															feedback_delay	157.0
2735.513	1.9659999999998945	epochs															feedback	157.0
2737.676	1.9920000000001892	epochs															iti	157.0
2739.687	10.35550000000012	epochs															maze	158.0
2739.687	7.501999999999953	epochs															maze_stem	158.0
2739.707	17.385749999999916	trials	False	True	False	True	False	False	[0.86017329 0.13982671 0.51657236 0.48342761]	0.34360091388225555	-0.37674565613269806	-0.17180046439170837	0.18837282061576843	0.5165723562240601	[16218 16218 16217 16217 16217]	[16279 16279 16279 16278 16278]		
2747.2095	2.8330000000000837	epochs															maze_arm	158.0
2750.063	7.0102499999998145	epochs															feedback_and_iti	158.0
2750.063	0.9997499999999491	epochs															feedback_delay	158.0
2751.08325	1.96349999999984	epochs															feedback	158.0
2753.085	3.98824999999988	epochs															iti	158.0
2757.09275	9.846000000000004	epochs															maze	159.0
2757.09275	6.032000000000153	epochs															maze_stem	159.0
2757.1135	15.033750000000055	trials	False	True	False	False	False	True	[0.64414996 0.35585007 0.50171125 0.49828878]	0.14243870973587036	-0.1458611786365509	0.07121935486793518	0.07293060421943665	0.6441499590873718	[16322 16322 16322 16322 16321]	[16380 16380 16380 16380 16379]		
2763.14275	3.7959999999998217	epochs															maze_arm	159.0
2766.959	5.167500000000018	epochs															feedback_and_iti	159.0
2766.959	0.9835000000002765	epochs															feedback_delay	159.0
2767.9635	1.9790000000002692	epochs															feedback	159.0
2770.13475	1.9917499999996835	epochs															iti	159.0
2772.14725	12.17450000000008	epochs															maze	160.0
2772.14725	9.181999999999789	epochs															maze_stem	160.0
2772.1685	17.342499999999745	trials	False	True	False	False	False	True	[0.89037514 0.10962488 0.72739774 0.27260229]	0.1629774048924446	-0.6177728548645973	0.081488698720932	0.30888643860816956	0.8903751373291016	[16412 16412 16412 16412 16412]	[16484 16484 16484 16484 16484]		
2781.35	2.9717500000001564	epochs															maze_arm	160.0
2784.34125	5.150000000000091	epochs															feedback_and_iti	160.0
2784.34125	0.9915000000000873	epochs															feedback_delay	160.0
2785.3545	1.9700000000002547	epochs															feedback	160.0
2787.50725	1.9839999999999236	epochs															iti	160.0
2789.511	9.951500000000124	epochs															maze	161.0
2789.511	6.217750000000251	epochs															maze_stem	161.0
2789.5305	15.146750000000338	trials	True	True	False	True	True	True	[0.87734067 0.12265929 0.6809907  0.3190093 ]	0.19634999707341194	-0.5583313889801502	0.09817500784993172	-0.27916570380330086	0.31900930404663086	[16517 16516 16516 16516 16516]	[16575 16575 16575 16575 16574]		
2795.749	3.7135000000002947	epochs															maze_arm	161.0
2799.48125	5.175500000000284	epochs															feedback_and_iti	161.0
2799.48125	0.9817500000003747	epochs															feedback_delay	161.0
2800.48225	1.9915000000000873	epochs															feedback	161.0
2802.661	1.9957500000000437	epochs															iti	161.0
2804.67725	10.46474999999964	epochs															maze	162.0
2804.67725	6.957499999999982	epochs															maze_stem	162.0
2804.69675	15.644999999999982	trials	False	True	False	False	False	True	[0.76339048 0.2366095  0.32517764 0.67482233]	0.4382128342986107	-0.08856814354658127	0.21910642087459564	0.04428406059741974	0.7633904814720154	[16607 16607 16607 16607 16607]	[16669 16669 16669 16669 16668]		
2811.655	3.4869999999996253	epochs															maze_arm	162.0
2815.16225	5.160750000000007	epochs															feedback_and_iti	162.0
2815.16225	0.9945000000002437	epochs															feedback_delay	162.0
2816.17775	1.974250000000211	epochs															feedback	162.0
2818.33175	1.9912500000000364	epochs															iti	162.0
2820.34175	10.125999999999749	epochs															maze	163.0
2820.34175	6.96349999999984	epochs															maze_stem	163.0
2820.3615	17.165500000000065	trials	False	True	False	False	True	False	[0.86846465 0.13153532 0.38747999 0.61251998]	0.4809846580028534	-0.2559446692466736	-0.2404923290014267	-0.12797234952449799	0.13153532147407532	[16701 16701 16701 16701 16701]	[16761 16761 16761 16761 16760]		
2827.32575	3.1419999999998254	epochs															maze_arm	163.0
2830.48575	7.020750000000135	epochs															feedback_and_iti	163.0
2830.48575	0.9972500000003492	epochs															feedback_delay	163.0
2831.504	1.9700000000002547	epochs															feedback	163.0
2833.5105	3.9960000000000946	epochs															iti	163.0
2837.527	8.876999999999953	epochs															maze	164.0
2837.527	5.920999999999822	epochs															maze_stem	164.0
2837.548	15.905500000000302	trials	False	True	False	True	False	False	[0.57195681 0.42804322 0.34912205 0.65087795]	0.2228347510099411	0.07892115414142609	-0.11141738295555115	-0.039460569620132446	0.3491220474243164	[16804 16804 16804 16804 16804]	[16857 16857 16856 16856 16856]		
2843.468	2.936000000000149	epochs															maze_arm	164.0
2846.42375	7.00649999999996	epochs															feedback_and_iti	164.0
2846.42375	0.9897500000001855	epochs															feedback_delay	164.0
2847.43325	1.9717500000001564	epochs															feedback	164.0
2849.44225	3.987999999999829	epochs															iti	164.0
2853.4535	7.971999999999753	epochs															maze	165.0
2853.4535	5.05600000000004	epochs															maze_stem	165.0
2853.47525	13.152000000000044	trials	False	True	False	False	False	True	[0.55227965 0.44772032 0.42985344 0.57014656]	0.12242622673511505	0.017866894602775574	0.06121310591697693	-0.008933454751968384	0.5522796511650085	[16900 16900 16900 16899 16899]	[16947 16947 16946 16946 16946]		
2858.53	2.895499999999629	epochs															maze_arm	165.0
2861.4445	5.161999999999807	epochs															feedback_and_iti	165.0
2861.4445	0.9964999999997417	epochs															feedback_delay	165.0
2862.46175	1.9692500000001019	epochs															feedback	165.0
2864.62275	1.9837499999998727	epochs															iti	165.0
2866.62725	9.24350000000004	epochs															maze	166.0
2866.62725	6.677499999999782	epochs															maze_stem	166.0
2866.6475	16.278999999999996	trials	False	True	False	True	False	False	[0.88540691 0.11459305 0.66135997 0.33864   ]	0.2240469492971897	-0.5467669107019901	-0.11202347278594971	0.2733834385871887	0.661359965801239	[16979 16979 16979 16978 16978]	[17033 17033 17033 17033 17033]		
2873.32475	2.5459999999998217	epochs															maze_arm	166.0
2875.889	7.0167499999997744	epochs															feedback_and_iti	166.0
2875.889	0.9984999999996944	epochs															feedback_delay	166.0
2876.908	1.968000000000302	epochs															feedback	166.0
2878.9125	3.993249999999989	epochs															iti	166.0
2882.9265	11.660750000000007	epochs															maze	167.0
2882.9265	7.006750000000011	epochs															maze_stem	167.0
2882.9475	18.692499999999654	trials	False	True	False	False	True	False	[0.67868423 0.32131571 0.52633065 0.47366935]	0.15235361456871033	-0.2050149142742157	-0.07617682218551636	-0.10250747203826904	0.3213157057762146	[17077 17076 17076 17076 17076]	[17146 17145 17145 17145 17145]		
2889.9535	4.633749999999964	epochs															maze_arm	167.0
2894.607	7.014250000000175	epochs															feedback_and_iti	167.0
2894.607	0.9965000000001965	epochs															feedback_delay	167.0
2895.62575	1.9662499999999454	epochs															feedback	167.0
2897.63175	3.9895000000001346	epochs															iti	167.0
2901.64	7.435500000000047	epochs															maze	168.0
2901.64	4.907999999999902	epochs															maze_stem	168.0
2901.6615	12.635749999999916	trials	False	True	False	False	False	True	[0.57404649 0.42595348 0.48132005 0.51867992]	0.0927264392375946	-0.055366575717926025	0.0463632196187973	0.02768327295780182	0.5740464925765991	[17189 17189 17188 17188 17188]	[17232 17232 17232 17232 17232]		
2906.569	2.50649999999996	epochs															maze_arm	168.0
2909.09375	5.183250000000044	epochs															feedback_and_iti	168.0
2909.09375	0.9839999999999236	epochs															feedback_delay	168.0
2910.09875	1.9917499999996835	epochs															feedback	168.0
2912.283	1.9940000000001419	epochs															iti	168.0
2914.29725	8.213999999999942	epochs															maze	169.0
2914.29725	5.88799999999992	epochs															maze_stem	169.0
2914.317	13.409250000000156	trials	False	True	False	False	False	True	[0.86238056 0.13761938 0.47162595 0.52837408]	0.39075465500354767	-0.33400653302669525	0.19537730515003204	0.16700325906276703	0.8623805642127991	[17265 17265 17264 17264 17264]	[17313 17313 17313 17312 17312]		
2920.205	2.306250000000091	epochs															maze_arm	169.0
2922.53125	5.174250000000029	epochs															feedback_and_iti	169.0
2922.53125	0.9902499999998327	epochs															feedback_delay	169.0
2923.54075	1.9829999999997199	epochs															feedback	169.0
2925.712	1.99350000000004	epochs															iti	169.0
2927.72625	13.878749999999854	epochs															maze	170.0
2927.72625	6.984999999999673	epochs															maze_stem	170.0
2927.74525	19.045750000000226	trials	True	True	False	True	True	True	[0.88252795 0.11747213 0.46774951 0.53225052]	0.4147784188389778	-0.3502774015069008	0.207389198243618	-0.1751386746764183	0.5322505235671997	[17345 17345 17345 17345 17344]	[17428 17427 17427 17427 17427]		
2934.731	6.873999999999796	epochs															maze_arm	170.0
2941.62525	5.146249999999782	epochs															feedback_and_iti	170.0
2941.62525	0.9977499999999964	epochs															feedback_delay	170.0
2942.641	1.9677499999997963	epochs															feedback	170.0
2944.79	1.981499999999869	epochs															iti	170.0
2946.791	11.040749999999662	epochs															maze	171.0
2946.791	6.889999999999873	epochs															maze_stem	171.0
2946.81175	16.22550000000001	trials	False	True	False	True	True	True	[0.75288785 0.24711213 0.2359356  0.76406437]	0.516952246427536	0.011176526546478271	0.258476123213768	0.005588248372077942	0.764064371585846	[17460 17459 17459 17459 17459]	[17525 17525 17524 17524 17524]		
2953.70075	4.130999999999858	epochs															maze_arm	171.0
2957.852	5.166250000000218	epochs															feedback_and_iti	171.0
2957.852	0.9819999999999709	epochs															feedback_delay	171.0
2958.855	1.9895000000001346	epochs															feedback	171.0
2961.02825	1.9900000000002365	epochs															iti	171.0
2963.03725	14.066000000000258	epochs															maze	172.0
2963.03725	11.290750000000116	epochs															maze_stem	172.0
2963.0575	19.272750000000087	trials	False	True	False	False	False	True	[0.65453672 0.34546325 0.15923861 0.84076142]	0.4952981472015381	0.18622466921806335	0.24764905869960785	-0.09311233460903168	0.6545367240905762	[17557 17557 17557 17556 17556]	[17640 17640 17640 17640 17640]		
2974.3485	2.754750000000058	epochs															maze_arm	172.0
2977.12325	5.186249999999745	epochs															feedback_and_iti	172.0
2977.12325	0.9954999999999927	epochs															feedback_delay	172.0
2978.13825	1.9845000000000255	epochs															feedback	172.0
2980.312	1.9974999999999454	epochs															iti	172.0
2982.33025	17.509000000000015	epochs															maze	173.0
2982.33025	13.940750000000207	epochs															maze_stem	173.0
2982.35075	24.55625000000009	trials	False	True	False	True	False	False	[0.85132176 0.14867827 0.27387205 0.72612792]	0.5774496793746948	-0.12519380450248718	-0.2887248545885086	0.06259690225124359	0.273872047662735	[17673 17672 17672 17672 17672]	[17777 17776 17776 17776 17776]		
2996.29	3.549250000000029	epochs															maze_arm	173.0
2999.85925	7.027250000000095	epochs															feedback_and_iti	173.0
2999.85925	0.9982500000000982	epochs															feedback_delay	173.0
3000.87875	1.9787500000002183	epochs															feedback	173.0
3002.896	3.9904999999998836	epochs															iti	173.0
3006.907	10.729499999999916	epochs															maze	174.0
3006.907	6.727249999999913	epochs															maze_stem	174.0
3006.9275	17.757750000000215	trials	False	True	False	True	False	False	[0.68546331 0.31453669 0.36388561 0.63611436]	0.32157768309116364	-0.04934893548488617	-0.16078884899616241	0.024674460291862488	0.3638856112957001	[17820 17820 17820 17819 17819]	[17883 17883 17883 17883 17883]		
3013.65525	3.981250000000273	epochs															maze_arm	174.0
3017.657	7.007999999999811	epochs															feedback_and_iti	174.0
3017.657	0.9804999999996653	epochs															feedback_delay	174.0
3018.6585	1.9789999999998145	epochs															feedback	174.0
3020.67725	3.987749999999778	epochs															iti	174.0
3024.68525	9.635999999999967	epochs															maze	175.0
3024.68525	5.822500000000218	epochs															maze_stem	175.0
3024.7055	14.832499999999982	trials	False	True	False	True	True	True	[0.65754169 0.34245825 0.49218917 0.50781083]	0.16535255312919617	-0.1497308909893036	0.08267629146575928	-0.07486546039581299	0.5078108310699463	[17927 17926 17926 17926 17926]	[17983 17983 17983 17983 17983]		
3030.52725	3.793999999999869	epochs															maze_arm	175.0
3034.33975	5.173999999999978	epochs															feedback_and_iti	175.0
3034.33975	0.98824999999988	epochs															feedback_delay	175.0
3035.34875	1.9872499999996762	epochs															feedback	175.0
3037.52275	1.9909999999999854	epochs															iti	175.0
3039.538	11.704249999999774	epochs															maze	176.0
3039.538	7.389000000000124	epochs															maze_stem	176.0
3039.55875	18.757249999999658	trials	False	True	False	True	False	False	[0.75473893 0.245261   0.27946097 0.72053903]	0.47527799755334854	-0.03419993072748184	-0.23763898015022278	0.01709994673728943	0.27946096658706665	[18016 18015 18015 18015 18015]	[18085 18085 18084 18084 18084]		
3046.9455	4.2967499999999745	epochs															maze_arm	176.0
3051.26225	7.03125	epochs															feedback_and_iti	176.0
3051.26225	0.9804999999996653	epochs															feedback_delay	176.0
3052.264	1.99350000000004	epochs															feedback	176.0
3054.29525	3.9982500000000982	epochs															iti	176.0
3058.316	11.754250000000411	epochs															maze	177.0
3058.316	6.669250000000375	epochs															maze_stem	177.0
3058.339	16.92450000000008	trials	False	True	False	True	True	True	[0.59338522 0.40661478 0.40460742 0.59539258]	0.18877780437469482	0.0020073652267456055	0.09438890218734741	0.0010036826133728027	0.5953925848007202	[18128 18128 18128 18128 18127]	[18198 18198 18197 18197 18197]		
3065.00525	5.065000000000055	epochs															maze_arm	177.0
3070.08925	5.152999999999793	epochs															feedback_and_iti	177.0
3070.08925	0.9827500000001237	epochs															feedback_delay	177.0
3071.0915	1.9857499999998254	epochs															feedback	177.0
3073.255	1.9872499999996762	epochs															iti	177.0
3075.2635	10.359500000000025	epochs															maze	178.0
3075.2635	7.342000000000098	epochs															maze_stem	178.0
3075.28325	15.559499999999844	trials	False	True	False	False	False	True	[0.70598841 0.29401153 0.21523997 0.78476006]	0.49074847996234894	0.07877160608768463	0.24537421762943268	-0.03938581049442291	0.7059884071350098	[18230 18230 18229 18229 18229]	[18291 18291 18291 18290 18290]		
3082.6255	2.9974999999999454	epochs															maze_arm	178.0
3085.6415	5.182749999999942	epochs															feedback_and_iti	178.0
3085.6415	0.9862499999999272	epochs															feedback_delay	178.0
3086.64875	1.9902500000002874	epochs															feedback	178.0
3088.8265	1.9977499999999964	epochs															iti	178.0
3090.84275	9.37875000000031	epochs															maze	179.0
3090.84275	6.772500000000036	epochs															maze_stem	179.0
3090.86225	14.563499999999749	trials	True	True	False	False	False	True	[0.85938567 0.1406143  0.32262987 0.67737013]	0.5367558151483536	-0.1820155531167984	0.2683779001235962	0.0910077691078186	0.8593856692314148	[18323 18323 18323 18323 18322]	[18379 18378 18378 18378 18378]		
3097.6345	2.586999999999989	epochs															maze_arm	179.0
3100.23975	5.1652500000000146	epochs															feedback_and_iti	179.0
3100.23975	0.9872499999996762	epochs															feedback_delay	179.0
3101.24475	1.986250000000382	epochs															feedback	179.0
3103.41125	1.993750000000091	epochs															iti	179.0
3105.42575	11.039000000000215	epochs															maze	180.0
3105.42575	7.905749999999898	epochs															maze_stem	180.0
3105.444	16.222000000000207	trials	False	True	False	True	True	True	[0.87150836 0.12849158 0.38368386 0.61631614]	0.48782452940940857	-0.25519225001335144	0.24391227960586548	-0.12759613990783691	0.6163161396980286	[18411 18411 18410 18410 18410]	[18476 18476 18476 18475 18475]		
3113.352	3.112750000000233	epochs															maze_arm	180.0
3116.4845	5.160750000000007	epochs															feedback_and_iti	180.0
3116.4845	0.9974999999999454	epochs															feedback_delay	180.0
3117.50275	1.9657499999998436	epochs															feedback	180.0
3119.64675	1.9985000000001492	epochs															iti	180.0
3121.666	12.323249999999916	epochs															maze	181.0
3121.666	7.194999999999709	epochs															maze_stem	181.0
3121.6855	17.50525000000016	trials	True	True	False	True	True	True	[0.78693217 0.21306781 0.20376989 0.79623008]	0.5831622704863548	0.009297914803028107	0.2915811315178871	0.004648946225643158	0.7962300777435303	[18508 18508 18508 18507 18507]	[18581 18581 18581 18580 18580]		
3128.881	5.1082500000002256	epochs															maze_arm	181.0
3134.009	5.16274999999996	epochs															feedback_and_iti	181.0
3134.009	0.9822500000000218	epochs															feedback_delay	181.0
3135.0105	1.99350000000004	epochs															feedback	181.0
3137.19525	1.97649999999976	epochs															iti	181.0
3139.19075	9.38799999999992	epochs															maze	182.0
3139.19075	6.176249999999982	epochs															maze_stem	182.0
3139.211	16.438500000000204	trials	False	True	False	False	True	False	[0.75511944 0.24488056 0.22501983 0.77498019]	0.5300996229052544	0.019860737025737762	-0.2650498151779175	0.00993037223815918	0.2448805570602417	[18613 18613 18613 18613 18612]	[18668 18668 18668 18668 18668]		
3145.387	3.1917499999999563	epochs															maze_arm	182.0
3148.59725	7.031750000000102	epochs															feedback_and_iti	182.0
3148.59725	0.9875000000001819	epochs															feedback_delay	182.0
3149.606	1.9869999999996253	epochs															feedback	182.0
3151.63325	3.9957500000000437	epochs															iti	182.0
3155.6495	9.206000000000131	epochs															maze	183.0
3155.6495	5.197000000000116	epochs															maze_stem	183.0
3155.67	14.38799999999992	trials	False	True	False	True	True	True	[0.50491995 0.49508005 0.28644353 0.71355647]	0.21847641468048096	0.20863652229309082	0.10923820734024048	0.10431826114654541	0.7135564684867859	[18712 18712 18711 18711 18711]	[18766 18766 18766 18765 18765]		
3160.8665	3.9890000000000327	epochs															maze_arm	183.0
3164.8755	5.161499999999705	epochs															feedback_and_iti	183.0
3164.8755	0.9984999999996944	epochs															feedback_delay	183.0
3165.8935	1.9789999999998145	epochs															feedback	183.0
3168.06025	1.9767499999998108	epochs															iti	183.0
3170.058	11.713249999999789	epochs															maze	184.0
3170.058	6.931999999999789	epochs															maze_stem	184.0
3170.07875	16.89599999999973	trials	False	True	False	True	True	True	[0.60950142 0.39049855 0.17980014 0.82019985]	0.4297012910246849	0.2106984183192253	0.21485064923763275	0.10534919798374176	0.8201998472213745	[18798 18798 18798 18798 18797]	[18868 18867 18867 18867 18867]		
3177.011	4.7602499999998145	epochs															maze_arm	184.0
3181.789	5.164999999999964	epochs															feedback_and_iti	184.0
3181.789	0.9932499999999891	epochs															feedback_delay	184.0
3182.8025	1.9835000000002765	epochs															feedback	184.0
3184.968	1.986000000000331	epochs															iti	184.0
3186.97475	13.593250000000353	epochs															maze	185.0
3186.97475	6.63550000000032	epochs															maze_stem	185.0
3186.99325	20.652999999999793	trials	False	True	False	False	True	False	[0.54556268 0.45443732 0.14627136 0.85372865]	0.3992913290858269	0.3081659600138664	-0.19964566826820374	0.1540829837322235	0.4544373154640198	[18900 18899 18899 18899 18899]	[18980 18980 18980 18980 18979]		
3193.6305	6.9375	epochs															maze_arm	185.0
3200.58825	7.037750000000415	epochs															feedback_and_iti	185.0
3200.58825	0.9800000000000182	epochs															feedback_delay	185.0
3201.58975	1.9987499999997453	epochs															feedback	185.0
3203.6285	3.9975000000004	epochs															iti	185.0
3207.64625	7.778999999999996	epochs															maze	186.0
3207.64625	5.512500000000273	epochs															maze_stem	186.0
3207.6675	12.95575000000008	trials	False	True	False	False	False	True	[0.41995308 0.58004689 0.26757258 0.73242736]	0.15238048136234283	0.3124742954969406	0.07619024813175201	-0.1562371701002121	0.4199530780315399	[19024 19023 19023 19023 19023]	[19069 19069 19069 19069 19068]		
3213.20975	2.2154999999997926	epochs															maze_arm	186.0
3215.44375	5.159500000000207	epochs															feedback_and_iti	186.0
3215.44375	0.9980000000000473	epochs															feedback_delay	186.0
3216.46275	1.962999999999738	epochs															feedback	186.0
3218.62275	1.98050000000012	epochs															iti	186.0
3220.62325	8.69524999999976	epochs															maze	187.0
3220.62325	6.3449999999998	epochs															maze_stem	187.0
3220.642	13.893000000000029	trials	False	True	False	False	False	True	[0.79821885 0.2017812  0.41375691 0.58624309]	0.3844619169831276	-0.21197573095560074	0.1922309696674347	0.10598787665367126	0.798218846321106	[19101 19101 19101 19101 19101]	[19153 19152 19152 19152 19152]		
3226.98875	2.3297499999998763	epochs															maze_arm	187.0
3229.338	5.173249999999825	epochs															feedback_and_iti	187.0
3229.338	0.9979999999995925	epochs															feedback_delay	187.0
3230.357	1.97400000000016	epochs															feedback	187.0
3232.52275	1.9884999999999309	epochs															iti	187.0
3234.535	8.538250000000062	epochs															maze	188.0
3234.535	5.979000000000269	epochs															maze_stem	188.0
3234.55525	13.734750000000076	trials	False	True	False	False	False	True	[0.86588871 0.13411126 0.41755053 0.58244944]	0.44833818078041077	-0.2834392786026001	0.22416909039020538	0.14171962440013885	0.8658887147903442	[19185 19185 19184 19184 19184]	[19235 19235 19235 19234 19234]		
3240.53475	2.5385000000001128	epochs															maze_arm	188.0
3243.092	5.178750000000036	epochs															feedback_and_iti	188.0
3243.092	0.9834999999998217	epochs															feedback_delay	188.0
3244.09525	1.9890000000000327	epochs															feedback	188.0
3246.28625	1.9845000000000255	epochs															iti	188.0
3248.29	11.934499999999844	epochs															maze	189.0
3248.29	8.852499999999964	epochs															maze_stem	189.0
3248.31075	18.982750000000124	trials	False	True	False	True	False	False	[0.88326687 0.11673308 0.40233949 0.59766048]	0.48092738911509514	-0.28560639545321465	-0.24046368896961212	0.14280317723751068	0.40233948826789856	[19267 19267 19267 19267 19266]	[19338 19338 19338 19337 19337]		
3257.1635	3.0609999999996944	epochs															maze_arm	189.0
3260.243	7.0284999999998945	epochs															feedback_and_iti	189.0
3260.243	0.9922500000002401	epochs															feedback_delay	189.0
3261.25625	1.98174999999992	epochs															feedback	189.0
3263.2765	3.994999999999891	epochs															iti	189.0
3267.2935	11.270499999999629	epochs															maze	190.0
3267.2935	7.128999999999905	epochs															maze_stem	190.0
3267.3145	16.44425000000001	trials	False	True	False	False	False	True	[0.69859844 0.30140156 0.39129391 0.60870612]	0.3073045462369919	-0.08989234268665314	0.15365226566791534	0.044946178793907166	0.6985984444618225	[19381 19381 19381 19381 19380]	[19448 19448 19447 19447 19447]		
3274.4415	4.122499999999945	epochs															maze_arm	190.0
3278.58375	5.154500000000098	epochs															feedback_and_iti	190.0
3278.58375	0.9930000000003929	epochs															feedback_delay	190.0
3279.59625	1.9695000000001528	epochs															feedback	190.0
3281.759	1.9792499999998654	epochs															iti	190.0
3283.75875	11.590749999999844	epochs															maze	191.0
3283.75875	8.377750000000106	epochs															maze_stem	191.0
3283.77925	18.62649999999985	trials	False	True	False	False	True	False	[0.88736629 0.11263373 0.65259981 0.34740019]	0.23476646840572357	-0.5399660915136337	-0.11738322675228119	-0.26998303830623627	0.11263373494148254	[19480 19480 19480 19479 19479]	[19549 19548 19548 19548 19548]		
3292.1575	3.1920000000000073	epochs															maze_arm	191.0
3295.37	7.015000000000327	epochs															feedback_and_iti	191.0
3295.37	0.9972499999998945	epochs															feedback_delay	191.0
3296.3885	1.963249999999789	epochs															feedback	191.0
3298.38825	3.9967500000002474	epochs															iti	191.0
3302.40575	13.17325000000028	epochs															maze	192.0
3302.40575	8.268500000000131	epochs															maze_stem	192.0
3302.426	18.36675000000014	trials	True	True	False	True	True	True	[0.57127804 0.42872196 0.42967361 0.57032639]	0.14160442352294922	-0.0009516477584838867	0.07080221176147461	-0.00047582387924194336	0.5703263878822327	[19592 19592 19591 19591 19591]	[19670 19670 19669 19669 19669]		
3310.69275	4.886250000000018	epochs															maze_arm	192.0
3315.59725	5.176000000000386	epochs															feedback_and_iti	192.0
3315.59725	0.992500000000291	epochs															feedback_delay	192.0
3316.60975	1.9854999999997744	epochs															feedback	192.0
3318.7895	1.9837500000003274	epochs															iti	192.0
3320.79275	9.134749999999713	epochs															maze	193.0
3320.79275	6.9099999999998545	epochs															maze_stem	193.0
3320.813	14.326000000000022	trials	False	True	False	False	False	True	[0.62095851 0.37904152 0.23188533 0.76811469]	0.3890731707215309	0.14715618640184402	0.19453658908605576	-0.07357808202505112	0.6209585070610046	[19702 19702 19702 19701 19701]	[19756 19756 19755 19755 19755]		
3327.723	2.2044999999998254	epochs															maze_arm	193.0
3329.94625	5.172500000000127	epochs															feedback_and_iti	193.0
3329.94625	0.9992499999998472	epochs															feedback_delay	193.0
3330.966	1.974250000000211	epochs															feedback	193.0
3333.122	1.9967500000002474	epochs															iti	193.0
3335.139	8.530249999999796	epochs															maze	194.0
3335.139	6.080500000000029	epochs															maze_stem	194.0
3335.15925	13.715499999999793	trials	False	True	False	False	False	True	[0.82882226 0.17117772 0.29381669 0.70618337]	0.5350056141614914	-0.12263892590999603	0.2675027847290039	0.06131947040557861	0.8288222551345825	[19788 19788 19788 19787 19787]	[19838 19838 19838 19838 19837]		
3341.2415	2.4277499999998327	epochs															maze_arm	194.0
3343.68975	5.164749999999913	epochs															feedback_and_iti	194.0
3343.68975	0.9992499999998472	epochs															feedback_delay	194.0
3344.7095	1.969000000000051	epochs															feedback	194.0
3346.86725	1.987250000000131	epochs															iti	194.0
3348.87475	14.154500000000098	epochs															maze	195.0
3348.87475	7.191499999999905	epochs															maze_stem	195.0
3348.89275	19.333750000000236	trials	True	True	False	True	True	True	[0.87355381 0.12644613 0.32754913 0.67245084]	0.5460046976804733	-0.20110298693180084	0.27300235629081726	-0.10055151581764221	0.672450840473175	[19870 19870 19870 19870 19870]	[19954 19954 19954 19954 19953]		
3356.08575	6.943499999999858	epochs															maze_arm	195.0
3363.047	5.159499999999753	epochs															feedback_and_iti	195.0
3363.047	0.9884999999999309	epochs															feedback_delay	195.0
3364.05525	1.9774999999999636	epochs															feedback	195.0
3366.20575	2.000749999999698	epochs															iti	195.0
3368.2265	11.202749999999924	epochs															maze	196.0
3368.2265	6.750999999999749	epochs															maze_stem	196.0
3368.24475	16.396250000000236	trials	True	True	False	False	False	True	[0.76884729 0.23115271 0.19898535 0.8010146 ]	0.5698619112372398	0.03216733783483505	0.2849309667944908	-0.01608368009328842	0.7688472867012024	[19986 19986 19986 19986 19986]	[20053 20052 20052 20052 20052]		
3374.996	4.433250000000044	epochs															maze_arm	196.0
3379.44825	5.172250000000076	epochs															feedback_and_iti	196.0
3379.44825	0.9867500000000291	epochs															feedback_delay	196.0
3380.45475	1.9827500000001237	epochs															feedback	196.0
3382.62575	1.99474999999984	epochs															iti	196.0
3384.641	9.306999999999789	epochs															maze	197.0
3384.641	6.599749999999858	epochs															maze_stem	197.0
3384.66175	14.489999999999782	trials	False	True	False	False	False	True	[0.85275924 0.14724082 0.24748579 0.75251418]	0.6052734106779099	-0.10024501383304596	0.3026367276906967	0.05012251436710358	0.8527592420578003	[20085 20085 20084 20084 20084]	[20140 20139 20139 20139 20139]		
3391.26125	2.686749999999847	epochs															maze_arm	197.0
3393.9685	5.162499999999909	epochs															feedback_and_iti	197.0
3393.9685	0.9965000000001965	epochs															feedback_delay	197.0
3394.98525	1.9702499999998508	epochs															feedback	197.0
3397.13775	1.993249999999989	epochs															iti	197.0
3399.15175	9.368249999999989	epochs															maze	198.0
3399.15175	6.333749999999782	epochs															maze_stem	198.0
3399.172	16.411000000000058	trials	False	True	False	False	True	False	[0.85991478 0.14008522 0.24711853 0.75288147]	0.6127962470054626	-0.10703331232070923	-0.3063981235027313	-0.053516656160354614	0.14008522033691406	[20172 20172 20171 20171 20171]	[20227 20227 20227 20226 20226]		
3405.506	3.0140000000001237	epochs															maze_arm	198.0
3408.54025	7.0222499999999854	epochs															feedback_and_iti	198.0
3408.54025	0.9949999999998909	epochs															feedback_delay	198.0
3409.55625	1.9742499999997563	epochs															feedback	198.0
3411.56675	3.9957500000000437	epochs															iti	198.0
3415.583	12.560249999999996	epochs															maze	199.0
3415.583	6.122499999999945	epochs															maze_stem	199.0
3415.603	19.592999999999847	trials	False	True	False	False	True	False	[0.5975529  0.4024471  0.27042878 0.72957116]	0.32712408900260925	0.1320182979106903	-0.16356202960014343	0.06600913405418396	0.4024471044540405	[20270 20270 20270 20270 20270]	[20345 20345 20344 20344 20344]		
3421.72525	6.41800000000012	epochs															maze_arm	199.0
3428.16375	7.013249999999971	epochs															feedback_and_iti	199.0
3428.16375	0.9987499999997453	epochs															feedback_delay	199.0
3429.18325	1.9602500000000873	epochs															feedback	199.0
3431.184	3.992999999999938	epochs															iti	199.0
3435.196	8.191499999999905	epochs															maze	200.0
3435.196	5.13675000000012	epochs															maze_stem	200.0
3435.21625	13.377250000000004	trials	False	True	False	False	False	True	[0.5317207  0.46827927 0.29386666 0.70613331]	0.2378540337085724	0.17441260814666748	0.1189270168542862	-0.08720631897449493	0.5317206978797913	[20388 20388 20388 20387 20387]	[20436 20436 20436 20436 20435]		
3440.353	3.0344999999997526	epochs															maze_arm	200.0
3443.407	5.167750000000069	epochs															feedback_and_iti	200.0
3443.407	0.98824999999988	epochs															feedback_delay	200.0
3444.41525	1.9737500000001091	epochs															feedback	200.0
3446.57725	1.9975000000004002	epochs															iti	200.0
3448.5935	8.365000000000236	epochs															maze	201.0
3448.5935	6.1407500000000255	epochs															maze_stem	201.0
3448.6135	13.57400000000007	trials	False	True	False	False	False	True	[0.85328484 0.14671515 0.32957509 0.67042494]	0.5237097665667534	-0.18285991996526718	0.2618548721075058	0.09142996370792389	0.8532848358154297	[20468 20468 20468 20468 20467]	[20517 20517 20517 20517 20517]		
3454.754	2.20450000000028	epochs															maze_arm	201.0
3456.9785	5.189249999999902	epochs															feedback_and_iti	201.0
3456.9785	0.9802499999996144	epochs															feedback_delay	201.0
3457.98	1.9887499999999818	epochs															feedback	201.0
3460.17125	1.9965000000001965	epochs															iti	201.0
3462.1875	9.552749999999833	epochs															maze	202.0
3462.1875	6.866250000000036	epochs															maze_stem	202.0
3462.20775	16.597249999999804	trials	False	True	False	True	False	False	[0.8851527  0.11484731 0.33089367 0.6691063 ]	0.5542590133845806	-0.21604637429118156	-0.27712951600551605	0.10802318155765533	0.3308936655521393	[20550 20550 20549 20549 20549]	[20606 20606 20606 20606 20605]		
3469.0745	2.6657499999996617	epochs															maze_arm	202.0
3471.7605	7.023250000000189	epochs															feedback_and_iti	202.0
3471.7605	0.993750000000091	epochs															feedback_delay	202.0
3472.77475	1.9822500000000218	epochs															feedback	202.0
3474.7955	3.98824999999988	epochs															iti	202.0
3478.805	8.283249999999953	epochs															maze	203.0
3478.805	5.83600000000024	epochs															maze_stem	203.0
3478.82525	13.46600000000035	trials	False	True	False	False	False	True	[0.72744077 0.27255923 0.35597637 0.64402366]	0.37146441638469696	-0.0834171324968338	0.18573220074176788	0.0417085736989975	0.7274407744407654	[20649 20649 20649 20649 20649]	[20698 20698 20698 20698 20697]		
3484.661	2.427249999999731	epochs															maze_arm	203.0
3487.10825	5.162999999999556	epochs															feedback_and_iti	203.0
3487.10825	0.9819999999999709	epochs															feedback_delay	203.0
3488.112	1.9957500000000437	epochs															feedback	203.0
3490.29375	1.9774999999999636	epochs															iti	203.0
3492.29125	8.422249999999622	epochs															maze	204.0
3492.29125	6.088749999999891	epochs															maze_stem	204.0
3492.3115	13.608750000000327	trials	False	True	False	False	False	True	[0.88879001 0.11121006 0.61770099 0.38229898]	0.27108896896243095	-0.5064909867942333	0.13554450869560242	0.2532455027103424	0.8887900114059448	[20730 20730 20730 20730 20729]	[20780 20780 20779 20779 20779]		
3498.39825	2.3152499999996508	epochs															maze_arm	204.0
3500.73425	5.164749999999913	epochs															feedback_and_iti	204.0
3500.73425	0.9864999999999782	epochs															feedback_delay	204.0
3501.7415	1.9884999999999309	epochs															feedback	204.0
3503.90575	1.993249999999989	epochs															iti	204.0
3505.92025	9.439499999999953	epochs															maze	205.0
3505.92025	6.164249999999811	epochs															maze_stem	205.0
3505.94175	14.603500000000167	trials	False	True	False	True	True	True	[0.87466413 0.12533583 0.52133864 0.47866133]	0.3533254936337471	-0.39600280672311783	0.17666275054216385	-0.1980014219880104	0.47866132855415344	[20812 20812 20812 20811 20811]	[20868 20867 20867 20867 20867]		
3512.10425	3.255500000000211	epochs															maze_arm	205.0
3515.38025	5.14574999999968	epochs															feedback_and_iti	205.0
3515.38025	0.9802499999996144	epochs															feedback_delay	205.0
3516.381	1.9800000000000182	epochs															feedback	205.0
3518.54025	1.9857499999998254	epochs															iti	205.0
3520.54525	9.027999999999793	epochs															maze	206.0
3520.54525	6.137749999999869	epochs															maze_stem	206.0
3520.5655	16.07574999999997	trials	False	True	False	True	False	False	[0.84163713 0.15836285 0.18034342 0.81965655]	0.6612937077879906	-0.02198057621717453	-0.3306468576192856	0.01099027693271637	0.1803434193134308	[20900 20899 20899 20899 20899]	[20953 20953 20952 20952 20952]		
3526.70375	2.869499999999789	epochs															maze_arm	206.0
3529.592	7.028999999999996	epochs															feedback_and_iti	206.0
3529.592	0.9972499999998945	epochs															feedback_delay	206.0
3530.61075	1.9790000000002692	epochs															feedback	206.0
3532.6305	3.9904999999998836	epochs															iti	206.0
3536.64125	13.791999999999916	epochs															maze	207.0
3536.64125	6.291999999999916	epochs															maze_stem	207.0
3536.66125	18.97674999999981	trials	False	True	False	True	True	True	[0.67859435 0.32140565 0.37319523 0.62680477]	0.3053991198539734	-0.05178958177566528	0.1526995599269867	-0.02589479088783264	0.626804769039154	[20996 20996 20996 20996 20995]	[21078 21078 21078 21077 21077]		
3542.95175	7.481499999999869	epochs															maze_arm	207.0
3550.45175	5.165749999999662	epochs															feedback_and_iti	207.0
3550.45175	0.9847499999996217	epochs															feedback_delay	207.0
3551.458	1.976249999999709	epochs															feedback	207.0
3553.62825	1.989249999999629	epochs															iti	207.0
3555.638	9.796000000000276	epochs															maze	208.0
3555.638	5.955500000000029	epochs															maze_stem	208.0
3555.65825	16.833250000000135	trials	False	True	False	False	True	False	[0.73523772 0.26476231 0.18071403 0.81928593]	0.554523654282093	0.08404824882745743	-0.27726180851459503	0.042024120688438416	0.2647623121738434	[21110 21110 21110 21109 21109]	[21168 21168 21167 21167 21167]		
3561.61475	3.819250000000011	epochs															maze_arm	208.0
3565.455	7.014000000000124	epochs															feedback_and_iti	208.0
3565.455	0.9947500000002947	epochs															feedback_delay	208.0
3566.47	1.9770000000003165	epochs															feedback	208.0
3568.48675	3.982250000000022	epochs															iti	208.0
3572.4915	10.05224999999973	epochs															maze	209.0
3572.4915	5.326000000000022	epochs															maze_stem	209.0
3572.51225	15.224249999999756	trials	False	True	False	True	True	True	[0.53504544 0.46495456 0.27446219 0.72553784]	0.2605832666158676	0.19049237668514252	0.1302916407585144	0.09524619579315186	0.7255378365516663	[21211 21211 21211 21211 21210]	[21270 21270 21270 21270 21270]		
3577.837	4.706749999999829	epochs															maze_arm	209.0
3582.563	5.153249999999844	epochs															feedback_and_iti	209.0
3582.563	0.9967499999997926	epochs															feedback_delay	209.0
3583.5815	1.9667500000000473	epochs															feedback	209.0
3585.735	1.981249999999818	epochs															iti	209.0
3587.7365	8.758499999999913	epochs															maze	210.0
3587.7365	5.970499999999902	epochs															maze_stem	210.0
3587.757	13.963999999999942	trials	False	True	False	False	False	True	[0.69033098 0.30966899 0.16129142 0.83870858]	0.5290395766496658	0.14837758243083954	0.2645197808742523	-0.07418879866600037	0.690330982208252	[21303 21302 21302 21302 21302]	[21354 21354 21354 21354 21353]		
3593.72675	2.76825000000008	epochs															maze_arm	210.0
3596.51525	5.1840000000001965	epochs															feedback_and_iti	210.0
3596.51525	0.9895000000001346	epochs															feedback_delay	210.0
3597.525	1.9895000000001346	epochs															feedback	210.0
3599.71425	1.9850000000001273	epochs															iti	210.0
3601.721	8.145500000000084	epochs															maze	211.0
3601.721	5.516999999999825	epochs															maze_stem	211.0
3601.74175	13.346749999999702	trials	False	True	False	False	False	True	[0.85358411 0.14641592 0.27022597 0.72977406]	0.5833581387996674	-0.1238100528717041	0.2916790693998337	0.061905041337013245	0.8535841107368469	[21386 21386 21386 21386 21386]	[21434 21434 21434 21434 21434]		
3607.2585	2.6080000000001746	epochs															maze_arm	211.0
3609.88675	5.181749999999738	epochs															feedback_and_iti	211.0
3609.88675	0.9917499999996835	epochs															feedback_delay	211.0
3610.898	1.9862499999999272	epochs															feedback	211.0
3613.07875	1.9897499999997308	epochs															iti	211.0
3615.0885	9.245000000000346	epochs															maze	212.0
3615.0885	6.644999999999982	epochs															maze_stem	212.0
3615.1115	14.4375	trials	False	True	False	False	False	True	[0.87896526 0.12103476 0.2962923  0.7037077 ]	0.582672942429781	-0.17525755241513252	0.2913364768028259	0.08762878179550171	0.8789652585983276	[21467 21466 21466 21466 21466]	[21521 21521 21521 21520 21520]		
3621.752	2.581500000000233	epochs															maze_arm	212.0
3624.3525	5.176750000000084	epochs															feedback_and_iti	212.0
3624.3525	0.9845000000000255	epochs															feedback_delay	212.0
3625.35925	1.9862499999999272	epochs															feedback	212.0
3627.54225	1.98700000000008	epochs															iti	212.0
3629.549	10.662249999999858	epochs															maze	213.0
3629.549	6.442250000000058	epochs															maze_stem	213.0
3629.57	15.83974999999964	trials	False	True	False	True	True	True	[0.89298224 0.1070178  0.31652179 0.68347818]	0.5764604136347771	-0.20950403064489365	0.28823018819093704	-0.10475201159715652	0.6834781765937805	[21553 21553 21553 21553 21552]	[21616 21616 21616 21616 21615]		
3636.01125	4.199999999999818	epochs															maze_arm	213.0
3640.23125	5.158500000000004	epochs															feedback_and_iti	213.0
3640.23125	1.0	epochs															feedback_delay	213.0
3641.25	1.961999999999989	epochs															feedback	213.0
3643.4115	1.9782499999996617	epochs															iti	213.0
3645.40975	11.249000000000251	epochs															maze	214.0
3645.40975	5.774250000000393	epochs															maze_stem	214.0
3645.43025	16.44275000000016	trials	False	True	False	True	True	True	[0.83907604 0.16092396 0.16717269 0.83282727]	0.6719033345580101	-0.006248749792575836	0.33595165610313416	-0.0031243860721588135	0.8328272700309753	[21648 21648 21648 21648 21648]	[21715 21715 21714 21714 21714]		
3651.20475	5.454000000000178	epochs															maze_arm	214.0
3656.67825	5.17450000000008	epochs															feedback_and_iti	214.0
3656.67825	0.9839999999999236	epochs															feedback_delay	214.0
3657.68225	1.9897500000001855	epochs															feedback	214.0
3659.86425	1.9884999999999309	epochs															iti	214.0
3661.873	8.229749999999967	epochs															maze	215.0
3661.873	5.88799999999992	epochs															maze_stem	215.0
3661.89325	15.27599999999984	trials	False	True	False	True	False	False	[0.77064848 0.22935151 0.13508773 0.86491233]	0.6355607882142067	0.09426381438970566	-0.31778037548065186	-0.047131896018981934	0.1350877285003662	[21747 21747 21747 21746 21746]	[21795 21795 21795 21795 21795]		
3667.781	2.3217500000000655	epochs															maze_arm	215.0
3670.12225	7.026499999999942	epochs															feedback_and_iti	215.0
3670.12225	0.9960000000000946	epochs															feedback_delay	215.0
3671.1395	1.9787499999997635	epochs															feedback	215.0
3673.15525	3.99350000000004	epochs															iti	215.0
3677.16925	9.738000000000284	epochs															maze	216.0
3677.16925	5.858000000000175	epochs															maze_stem	216.0
3677.18975	16.777750000000196	trials	False	True	False	True	False	False	[0.56993079 0.43006924 0.31268167 0.68731833]	0.2572491019964218	0.1173875480890274	-0.1286245584487915	-0.058693766593933105	0.3126816749572754	[21839 21839 21838 21838 21838]	[21896 21896 21896 21896 21895]		
3683.04575	3.861499999999978	epochs															maze_arm	216.0
3686.92725	7.019999999999982	epochs															feedback_and_iti	216.0
3686.92725	0.9982499999996435	epochs															feedback_delay	216.0
3687.94425	1.97400000000016	epochs															feedback	216.0
3689.9805	3.9667500000000473	epochs															iti	216.0
3693.9675	8.06524999999965	epochs															maze	217.0
3693.9675	5.215499999999793	epochs															maze_stem	217.0
3693.9875	15.109500000000025	trials	False	True	False	True	False	False	[0.61289775 0.38710228 0.39797917 0.60202086]	0.2149185836315155	-0.010876893997192383	-0.10745929181575775	0.005438461899757385	0.39797917008399963	[21939 21939 21939 21939 21939]	[21987 21987 21987 21986 21986]		
3699.2005	2.832249999999931	epochs															maze_arm	217.0
3702.05175	7.026249999999891	epochs															feedback_and_iti	217.0
3702.05175	0.9992499999998472	epochs															feedback_delay	217.0
3703.0715	1.9762500000001637	epochs															feedback	217.0
3705.08575	3.9922499999997854	epochs															iti	217.0
3709.097	9.159749999999804	epochs															maze	218.0
3709.097	5.834999999999582	epochs															maze_stem	218.0
3709.117	16.20224999999982	trials	False	True	False	True	False	False	[0.64831144 0.35168853 0.46329492 0.53670508]	0.18501652777194977	-0.11160637438297272	-0.09250825643539429	0.05580317974090576	0.4632949233055115	[22030 22030 22030 22030 22029]	[22084 22084 22084 22084 22083]		
3714.95025	3.306500000000142	epochs															maze_arm	218.0
3718.27625	7.0222499999999854	epochs															feedback_and_iti	218.0
3718.27625	0.9842499999999745	epochs															feedback_delay	218.0
3719.28075	1.9915000000000873	epochs															feedback	218.0
3721.31225	3.9862499999999272	epochs															iti	218.0
3725.31925	8.728999999999814	epochs															maze	219.0
3725.31925	5.610749999999825	epochs															maze_stem	219.0
3725.3395	13.910750000000007	trials	False	True	False	False	False	True	[0.66640639 0.33359355 0.50662553 0.4933745 ]	0.15978090465068817	-0.17303194105625153	0.0798904299736023	0.08651596307754517	0.6664063930511475	[22127 22127 22127 22127 22127]	[22179 22179 22178 22178 22178]		
3730.94875	3.099499999999807	epochs															maze_arm	219.0
3734.068	5.163749999999709	epochs															feedback_and_iti	219.0
3734.068	0.9827499999996689	epochs															feedback_delay	219.0
3735.07125	1.99225000000024	epochs															feedback	219.0
3737.24925	1.9825000000000728	epochs															iti	219.0
3739.25025	8.409250000000156	epochs															maze	220.0
3739.25025	6.051249999999982	epochs															maze_stem	220.0
3739.27025	13.590249999999742	trials	False	True	False	False	False	True	[0.89426839 0.10573153 0.68256682 0.31743321]	0.2117016240954399	-0.5768352374434471	0.10585078597068787	0.28841760754585266	0.8942683935165405	[22211 22211 22211 22210 22210]	[22260 22260 22260 22260 22260]		
3745.3215	2.338000000000193	epochs															maze_arm	220.0
3747.67975	5.160750000000007	epochs															feedback_and_iti	220.0
3747.67975	0.9852500000001783	epochs															feedback_delay	220.0
3748.68525	1.9855000000002292	epochs															feedback	220.0
3750.8535	1.9869999999996253	epochs															iti	220.0
3752.8605	10.089500000000044	epochs															maze	221.0
3752.8605	6.4375	epochs															maze_stem	221.0
3752.8805	17.128999999999905	trials	False	True	False	True	False	False	[0.87269229 0.12730774 0.6024335  0.39756647]	0.27025875449180603	-0.475125789642334	-0.1351293921470642	0.237562894821167	0.6024335026741028	[22293 22292 22292 22292 22292]	[22352 22352 22352 22352 22351]		
3759.31875	3.631249999999909	epochs															maze_arm	221.0
3762.97025	7.019000000000233	epochs															feedback_and_iti	221.0
3762.97025	0.9857500000002801	epochs															feedback_delay	221.0
3763.977	1.98174999999992	epochs															feedback	221.0
3765.997	3.99225000000024	epochs															iti	221.0
3770.0095	8.63149999999996	epochs															maze	222.0
3770.0095	6.064499999999953	epochs															maze_stem	222.0
3770.0295	15.674250000000029	trials	False	True	False	True	False	False	[0.73543477 0.2645652  0.44272935 0.55727065]	0.2927054315805435	-0.17816413938999176	-0.14635270833969116	0.08908206224441528	0.4427293539047241	[22395 22395 22395 22395 22395]	[22446 22446 22446 22446 22445]		
3776.0935	2.5475000000001273	epochs															maze_arm	222.0
3778.6605	7.024499999999989	epochs															feedback_and_iti	222.0
3778.6605	0.9954999999999927	epochs															feedback_delay	222.0
3779.6765	1.9769999999998618	epochs															feedback	222.0
3781.6935	3.9915000000000873	epochs															iti	222.0
3785.70375	9.179249999999683	epochs															maze	223.0
3785.70375	5.285750000000007	epochs															maze_stem	223.0
3785.724	16.21349999999984	trials	False	True	False	False	True	False	[0.67812479 0.32187521 0.53504223 0.46495777]	0.14308255910873413	-0.2131670117378235	-0.07154127955436707	-0.10658350586891174	0.3218752145767212	[22490 22489 22489 22489 22489]	[22544 22543 22543 22543 22543]		
3791.0095	3.8734999999996944	epochs															maze_arm	223.0
3794.901	7.015250000000378	epochs															feedback_and_iti	223.0
3794.901	0.999000000000251	epochs															feedback_delay	223.0
3795.92125	1.968000000000302	epochs															feedback	223.0
3797.9295	3.986750000000029	epochs															iti	223.0
3801.9375	11.916250000000218	epochs															maze	224.0
3801.9375	5.692500000000109	epochs															maze_stem	224.0
3801.95825	18.95199999999977	trials	False	True	False	False	True	False	[0.60790968 0.39209032 0.47041705 0.52958292]	0.1374926120042801	-0.0783267468214035	-0.06874629855155945	-0.03916338086128235	0.3920903205871582	[22587 22587 22586 22586 22586]	[22657 22657 22657 22657 22657]		
3807.64825	6.205500000000029	epochs															maze_arm	224.0
3813.8735	7.016000000000076	epochs															feedback_and_iti	224.0
3813.8735	0.9927499999998872	epochs															feedback_delay	224.0
3814.8875	1.9790000000002692	epochs															feedback	224.0
3816.90325	3.986250000000382	epochs															iti	224.0
3820.91025	6.89325000000008	epochs															maze	225.0
3820.91025	4.111249999999927	epochs															maze_stem	225.0
3820.92975	12.08725000000004	trials	True	True	False	False	False	True	[0.51084834 0.48915169 0.37316176 0.62683821]	0.13768655061721802	0.11598989367485046	0.0688432902097702	-0.05799494683742523	0.510848343372345	[22701 22700 22700 22700 22700]	[22741 22741 22741 22740 22740]		
3825.04075	2.762749999999869	epochs															maze_arm	225.0
3827.82425	5.172250000000076	epochs															feedback_and_iti	225.0
3827.82425	0.9864999999999782	epochs															feedback_delay	225.0
3828.83025	1.9900000000002365	epochs															feedback	225.0
3831.00925	1.987250000000131	epochs															iti	225.0
3833.017	12.39975000000004	epochs															maze	226.0
3833.017	8.000250000000051	epochs															maze_stem	226.0
3833.037	19.434000000000196	trials	False	True	False	False	True	False	[0.86402673 0.13597326 0.39782232 0.60217768]	0.4662044122815132	-0.2618490532040596	-0.2331022098660469	-0.1309245303273201	0.135973259806633	[22773 22773 22773 22773 22772]	[22847 22846 22846 22846 22846]		
3841.03675	4.379999999999654	epochs															maze_arm	226.0
3845.43625	7.012749999999869	epochs															feedback_and_iti	226.0
3845.43625	0.9959999999996398	epochs															feedback_delay	226.0
3846.451	1.968499999999949	epochs															feedback	226.0
3848.45925	3.9897500000001855	epochs															iti	226.0
3852.471	9.112999999999829	epochs															maze	227.0
3852.471	4.701999999999771	epochs															maze_stem	227.0
3852.49125	14.300499999999829	trials	False	True	False	True	True	True	[0.52214777 0.4778522  0.33946952 0.66053051]	0.18267828226089478	0.1383827030658722	0.09133915603160858	0.0691913515329361	0.6605305075645447	[22890 22890 22889 22889 22889]	[22944 22943 22943 22943 22943]		
3857.193	4.390999999999622	epochs															maze_arm	227.0
3861.60275	5.168499999999767	epochs															feedback_and_iti	227.0
3861.60275	0.9929999999999382	epochs															feedback_delay	227.0
3862.617	1.981249999999818	epochs															feedback	227.0
3864.78225	1.988999999999578	epochs															iti	227.0
3866.79175	9.466750000000047	epochs															maze	228.0
3866.79175	6.361000000000331	epochs															maze_stem	228.0
3866.813	14.638750000000073	trials	False	True	False	True	True	True	[0.54028898 0.45971102 0.19869311 0.8013069 ]	0.3415958806872368	0.26101791113615036	0.1707979440689087	0.13050895929336548	0.8013069033622742	[22976 22976 22975 22975 22975]	[23032 23031 23031 23031 23031]		
3873.17225	3.0862499999998363	epochs															maze_arm	228.0
3876.27825	5.154750000000149	epochs															feedback_and_iti	228.0
3876.27825	0.9897500000001855	epochs															feedback_delay	228.0
3877.289	1.975999999999658	epochs															feedback	228.0
3879.44525	1.987749999999778	epochs															iti	228.0
3881.45175	9.413249999999607	epochs															maze	229.0
3881.45175	6.280999999999949	epochs															maze_stem	229.0
3881.47175	14.594000000000051	trials	False	True	False	False	False	True	[0.46132165 0.53867835 0.15622273 0.84377724]	0.30509890615940094	0.38245560228824615	0.15254946053028107	-0.19122780859470367	0.4613216519355774	[23064 23063 23063 23063 23063]	[23119 23119 23119 23119 23118]		
3887.751	3.113999999999578	epochs															maze_arm	229.0
3890.8855	5.16025000000036	epochs															feedback_and_iti	229.0
3890.8855	0.98700000000008	epochs															feedback_delay	229.0
3891.8935	1.9907499999999345	epochs															feedback	229.0
3894.06425	1.9815000000003238	epochs															iti	229.0
3896.06575	14.98299999999972	epochs															maze	230.0
3896.06575	11.843249999999898	epochs															maze_stem	230.0
3896.08625	20.162500000000364	trials	False	True	False	True	True	True	[0.7788884  0.22111163 0.28417087 0.71582913]	0.4947175234556198	-0.0630592554807663	0.2473587542772293	-0.03152962028980255	0.7158291339874268	[23151 23151 23151 23151 23150]	[23240 23240 23240 23240 23239]		
3907.92875	3.119999999999891	epochs															maze_arm	230.0
3911.071	5.158750000000055	epochs															feedback_and_iti	230.0
3911.071	0.993750000000091	epochs															feedback_delay	230.0
3912.0855	1.9639999999999418	epochs															feedback	230.0
3914.2435	1.9862499999999272	epochs															iti	230.0
3916.24875	11.289499999999862	epochs															maze	231.0
3916.24875	9.192499999999654	epochs															maze_stem	231.0
3916.269	16.482000000000426	trials	False	True	False	False	False	True	[0.67702246 0.32297754 0.19987288 0.80012715]	0.4771495908498764	0.12310467660427094	0.2385747879743576	-0.06155233085155487	0.6770224571228027	[23272 23272 23272 23272 23271]	[23339 23339 23339 23338 23338]		
3925.461	2.0772500000002765	epochs															maze_arm	231.0
3927.55825	5.173499999999876	epochs															feedback_and_iti	231.0
3927.55825	0.98174999999992	epochs															feedback_delay	231.0
3928.5605	1.9954999999999927	epochs															feedback	231.0
3930.7415	1.9902499999998327	epochs															iti	231.0
3932.751	9.590749999999844	epochs															maze	232.0
3932.751	7.217749999999796	epochs															maze_stem	232.0
3932.77125	16.62525000000005	trials	False	True	False	True	False	False	[0.84065604 0.159344   0.32938683 0.67061323]	0.5112692192196846	-0.17004282027482986	-0.255634605884552	0.08502143621444702	0.329386830329895	[23371 23371 23371 23371 23370]	[23428 23428 23427 23427 23427]		
3939.99	2.3517500000002656	epochs															maze_arm	232.0
3942.3625	7.012749999999869	epochs															feedback_and_iti	232.0
3942.3625	0.9917499999996835	epochs															feedback_delay	232.0
3943.3755	1.9747499999998581	epochs															feedback	232.0
3945.3895	3.9857499999998254	epochs															iti	232.0
3949.3965	8.119750000000295	epochs															maze	233.0
3949.3965	6.0340000000001055	epochs															maze_stem	233.0
3949.41725	15.168250000000171	trials	False	True	False	True	False	False	[0.64521956 0.35478041 0.38196847 0.61803156]	0.2632511258125305	-0.027188032865524292	-0.13162554800510406	0.013594016432762146	0.3819684684276581	[23471 23471 23471 23470 23470]	[23519 23519 23518 23518 23518]		
3955.449	2.067250000000058	epochs															maze_arm	233.0
3957.53625	7.027999999999793	epochs															feedback_and_iti	233.0
3957.53625	0.9867500000000291	epochs															feedback_delay	233.0
3958.543	1.9904999999998836	epochs															feedback	233.0
3960.5715	3.9927499999998872	epochs															iti	233.0
3964.5855	11.240499999999884	epochs															maze	234.0
3964.5855	6.100500000000011	epochs															maze_stem	234.0
3964.60525	16.43199999999979	trials	False	True	False	True	True	True	[0.62248677 0.3775132  0.50044399 0.49955606]	0.12204281985759735	-0.12293075025081635	0.061021432280540466	-0.061465367674827576	0.4995560646057129	[23562 23562 23562 23561 23561]	[23629 23628 23628 23628 23628]		
3970.705	5.121000000000095	epochs															maze_arm	234.0
3975.84575	5.171249999999873	epochs															feedback_and_iti	234.0
3975.84575	0.9827500000001237	epochs															feedback_delay	234.0
3976.8475	1.9965000000001965	epochs															feedback	234.0
3979.04225	1.9747499999998581	epochs															iti	234.0
3981.03725	12.895500000000084	epochs															maze	235.0
3981.03725	8.367999999999938	epochs															maze_stem	235.0
3981.056	19.93074999999999	trials	False	True	False	True	False	False	[0.69118983 0.30881017 0.29059425 0.70940572]	0.400595560669899	0.018215909600257874	-0.2002977877855301	-0.009107962250709534	0.2905942499637604	[23661 23660 23660 23660 23660]	[23737 23737 23737 23736 23736]		
3989.425	4.50774999999976	epochs															maze_arm	235.0
3993.951	7.0154999999999745	epochs															feedback_and_iti	235.0
3993.951	0.9899999999997817	epochs															feedback_delay	235.0
3994.96225	1.9777500000000146	epochs															feedback	235.0
3996.981	3.9854999999997744	epochs															iti	235.0
4000.98675	11.550249999999778	epochs															maze	236.0
4000.98675	6.893750000000182	epochs															maze_stem	236.0
4001.008	16.726500000000215	trials	False	True	False	False	False	True	[0.55595428 0.44404572 0.41042855 0.58957148]	0.1455257385969162	0.033617183566093445	0.0727628618478775	-0.016808584332466125	0.5559542775154114	[23780 23780 23780 23780 23780]	[23849 23848 23848 23848 23848]		
4007.899	4.63799999999992	epochs															maze_arm	236.0
4012.55625	5.156750000000102	epochs															feedback_and_iti	236.0
4012.55625	0.9912500000000364	epochs															feedback_delay	236.0
4013.56775	1.9787499999997635	epochs															feedback	236.0
4015.729	1.9840000000003783	epochs															iti	236.0
4017.7345	9.06100000000015	epochs															maze	237.0
4017.7345	6.830249999999978	epochs															maze_stem	237.0
4017.75575	16.096750000000156	trials	False	True	False	True	False	False	[0.87626523 0.12373476 0.60493618 0.39506385]	0.2713290676474571	-0.4812014028429985	-0.13566452264785767	0.24060070514678955	0.6049361824989319	[23881 23881 23880 23880 23880]	[23934 23934 23934 23934 23933]		
4024.5845	2.21100000000024	epochs															maze_arm	237.0
4026.81525	7.018499999999676	epochs															feedback_and_iti	237.0
4026.81525	0.9992499999998472	epochs															feedback_delay	237.0
4027.83525	1.9659999999998945	epochs															feedback	237.0
4029.84	3.993749999999636	epochs															iti	237.0
4033.8525	11.001999999999953	epochs															maze	238.0
4033.8525	6.3787499999998545	epochs															maze_stem	238.0
4033.87275	18.04950000000008	trials	False	True	False	True	False	False	[0.65809429 0.34190571 0.48848873 0.51151127]	0.169605553150177	-0.14658302068710327	-0.0848027765750885	0.07329151034355164	0.48848873376846313	[23977 23977 23977 23977 23977]	[24042 24042 24042 24042 24042]		
4040.25	4.604499999999916	epochs															maze_arm	238.0
4044.87475	7.025250000000142	epochs															feedback_and_iti	238.0
4044.87475	0.9977499999999964	epochs															feedback_delay	238.0
4045.893	1.9747499999998581	epochs															feedback	238.0
4047.90475	3.995249999999942	epochs															iti	238.0
4051.92225	8.582750000000033	epochs															maze	239.0
4051.92225	5.1407500000000255	epochs															maze_stem	239.0
4051.9445	13.755499999999756	trials	False	True	False	True	True	True	[0.620278   0.379722   0.5667541  0.43324593]	0.05352391302585602	-0.187032088637352	0.026761963963508606	-0.0935160368680954	0.4332459270954132	[24086 24086 24085 24085 24085]	[24136 24136 24136 24136 24135]		
4057.08275	3.4222500000000764	epochs															maze_arm	239.0
4060.52525	5.155999999999949	epochs															feedback_and_iti	239.0
4060.52525	0.9845000000000255	epochs															feedback_delay	239.0
4061.53	1.9842499999999745	epochs															feedback	239.0
4063.6975	1.9837499999998727	epochs															iti	239.0
4065.7	12.39175000000023	epochs															maze	240.0
4065.7	9.407500000000255	epochs															maze_stem	240.0
4065.71975	17.579999999999927	trials	False	True	False	True	True	True	[0.6887309  0.31126907 0.39238599 0.60761398]	0.29634490609169006	-0.08111691474914551	0.14817245304584503	-0.04055847227573395	0.6076139807701111	[24168 24168 24168 24168 24168]	[24242 24241 24241 24241 24241]		
4075.12725	2.9645000000000437	epochs															maze_arm	240.0
4078.1125	5.168249999999716	epochs															feedback_and_iti	240.0
4078.1125	0.98174999999992	epochs															feedback_delay	240.0
4079.1145	1.9897499999997308	epochs															feedback	240.0
4081.2965	1.9842499999999745	epochs															iti	240.0
4083.29975	10.253499999999804	epochs															maze	241.0
4083.29975	6.0782500000000255	epochs															maze_stem	241.0
4083.31975	17.29574999999977	trials	False	True	False	True	False	False	[0.61590862 0.38409138 0.23119289 0.76880711]	0.384715735912323	0.15289849042892456	-0.1923578679561615	-0.07644924521446228	0.23119288682937622	[24274 24274 24273 24273 24273]	[24334 24334 24334 24334 24334]		
4089.39775	4.155499999999847	epochs															maze_arm	241.0
4093.57325	7.0212500000002365	epochs															feedback_and_iti	241.0
4093.57325	0.9997499999999491	epochs															feedback_delay	241.0
4094.593	1.9752500000004147	epochs															feedback	241.0
4096.60475	3.989749999999731	epochs															iti	241.0
4100.6155	11.844500000000153	epochs															maze	242.0
4100.6155	6.185999999999694	epochs															maze_stem	242.0
4100.638	17.044750000000022	trials	False	True	False	True	True	True	[0.47136346 0.52863652 0.39979458 0.60020542]	0.07156889140605927	0.12884195148944855	0.03578445315361023	0.06442096829414368	0.6002054214477539	[24378 24377 24377 24377 24377]	[24448 24448 24447 24447 24447]		
4106.822	5.63799999999992	epochs															maze_arm	242.0
4112.48	5.182250000000749	epochs															feedback_and_iti	242.0
4112.48	0.9967500000002474	epochs															feedback_delay	242.0
4113.49675	1.9767499999998108	epochs															feedback	242.0
4115.6695	1.992750000000342	epochs															iti	242.0
4117.68275	12.613250000000335	epochs															maze	243.0
4117.68275	6.370750000000044	epochs															maze_stem	243.0
4117.70175	19.667999999999665	trials	False	True	False	False	True	False	[0.58229768 0.41770238 0.23414238 0.76585764]	0.34815528243780136	0.18355997651815414	-0.17407763004302979	0.09178000688552856	0.4177023768424988	[24480 24480 24480 24479 24479]	[24555 24554 24554 24554 24554]		
4124.0735	6.2224999999998545	epochs															maze_arm	243.0
4130.31575	7.032250000000204	epochs															feedback_and_iti	243.0
4130.31575	0.9920000000001892	epochs															feedback_delay	243.0
4131.32875	1.9859999999998763	epochs															feedback	243.0
4133.35225	3.9957500000000437	epochs															iti	243.0
4137.36975	10.664999999999964	epochs															maze	244.0
4137.36975	6.8787499999998545	epochs															maze_stem	244.0
4137.38975	17.692250000000058	trials	False	True	False	False	True	False	[0.44092694 0.55907303 0.33440074 0.66559923]	0.1065261960029602	0.22467228770256042	-0.0532630980014801	0.11233612895011902	0.5590730309486389	[24598 24598 24598 24597 24597]	[24661 24661 24661 24660 24660]		
4144.26825	3.7664999999997235	epochs															maze_arm	244.0
4148.05275	7.0090000000000146	epochs															feedback_and_iti	244.0
4148.05275	0.9977500000004511	epochs															feedback_delay	244.0
4149.07075	1.967000000000553	epochs															feedback	244.0
4151.0745	3.987250000000131	epochs															iti	244.0
4155.082	9.89599999999973	epochs															maze	245.0
4155.082	5.407249999999294	epochs															maze_stem	245.0
4155.10075	15.090000000000146	trials	False	True	False	True	True	True	[0.41264793 0.58735204 0.39747056 0.60252947]	0.015177398920059204	0.18988150358200073	0.007588714361190796	0.09494075179100037	0.6025294661521912	[24704 24704 24704 24704 24703]	[24763 24762 24762 24762 24762]		
4160.508	4.470000000000255	epochs															maze_arm	245.0
4164.99775	5.1729999999997744	epochs															feedback_and_iti	245.0
4164.99775	0.994499999999789	epochs															feedback_delay	245.0
4166.01325	1.9772499999999127	epochs															feedback	245.0
4168.171	1.999749999999949	epochs															iti	245.0
4170.19075	8.944500000000517	epochs															maze	246.0
4170.19075	5.493500000000495	epochs															maze_stem	246.0
4170.21075	15.979999999999563	trials	False	True	False	False	True	False	[0.42778206 0.57221788 0.23318009 0.76681989]	0.19460199028253555	0.33903781324625015	-0.09730100631713867	0.16951888799667358	0.5722178816795349	[24795 24795 24794 24794 24794]	[24847 24847 24847 24847 24847]		
4175.70275	3.432499999999891	epochs															maze_arm	246.0
4179.154	7.012749999999869	epochs															feedback_and_iti	246.0
4179.154	0.994499999999789	epochs															feedback_delay	246.0
4180.16875	1.9767499999998108	epochs															feedback	246.0
4182.184	3.9827500000001237	epochs															iti	246.0
4186.19075	8.918000000000575	epochs															maze	247.0
4186.19075	5.505000000000109	epochs															maze_stem	247.0
4186.21525	14.116750000000138	trials	False	True	False	False	False	True	[0.35751408 0.64248592 0.34378687 0.6562131 ]	0.013727203011512756	0.2986990362405777	0.006863608956336975	-0.14934952557086945	0.35751408338546753	[24891 24891 24890 24890 24890]	[24943 24943 24943 24943 24942]		
4191.71575	3.393000000000029	epochs															maze_arm	247.0
4195.12825	5.183500000000095	epochs															feedback_and_iti	247.0
4195.12825	0.9882500000003347	epochs															feedback_delay	247.0
4196.13675	1.981999999999971	epochs															feedback	247.0
4198.3145	1.9972499999994398	epochs															iti	247.0
4200.332	16.323999999999614	epochs															maze	248.0
4200.332	7.256249999999454	epochs															maze_stem	248.0
4200.35025	21.5054999999993	trials	True	True	False	True	True	True	[0.68241596 0.31758404 0.50347614 0.49652392]	0.1789398491382599	-0.18589207530021667	0.08946993947029114	-0.09294602274894714	0.496523916721344	[24976 24975 24975 24975 24975]	[25072 25072 25072 25072 25072]		
4207.606	9.050000000000182	epochs															maze_arm	248.0
4216.67525	5.160499999999956	epochs															feedback_and_iti	248.0
4216.67525	0.9977499999995416	epochs															feedback_delay	248.0
4217.692	1.9664999999995416	epochs															feedback	248.0
4219.844	1.9917500000001382	epochs															iti	248.0
4221.85575	13.271250000000691	epochs															maze	249.0
4221.85575	7.042500000000473	epochs															maze_stem	249.0
4221.8785	20.30450000000019	trials	False	True	False	True	False	False	[0.47983357 0.52016646 0.22623745 0.77376252]	0.25359609723091125	0.29392898082733154	-0.12679806351661682	-0.14696449041366577	0.2262374460697174	[25105 25104 25104 25104 25104]	[25183 25183 25183 25183 25182]		
4228.91875	6.208250000000589	epochs															maze_arm	249.0
4235.148	7.013750000000073	epochs															feedback_and_iti	249.0
4235.148	0.9957500000000437	epochs															feedback_delay	249.0
4236.16375	1.9737500000001091	epochs															feedback	249.0
4238.175	3.986750000000029	epochs															iti	249.0
4242.183	11.962249999999585	epochs															maze	250.0
4242.183	5.369499999999789	epochs															maze_stem	250.0
4242.2015	17.157250000000204	trials	False	True	False	True	True	True	[0.48892623 0.51107377 0.38784072 0.61215931]	0.10108552873134613	0.12323306500911713	0.05054277181625366	0.06161653995513916	0.6121593117713928	[25226 25226 25226 25226 25226]	[25297 25297 25297 25297 25296]		
4247.5725	6.57274999999936	epochs															maze_arm	250.0
4254.16475	5.175250000000233	epochs															feedback_and_iti	250.0
4254.16475	0.9809999999997672	epochs															feedback_delay	250.0
4255.16675	1.9854999999997744	epochs															feedback	250.0
4257.34325	1.9967500000002474	epochs															iti	250.0
4259.35875	9.822249999999258	epochs															maze	251.0
4259.35875	7.412749999999505	epochs															maze_stem	251.0
4259.3785	15.009500000000116	trials	True	True	False	False	False	True	[0.45128992 0.54871011 0.20060582 0.79939413]	0.25068406015634537	0.34810424596071243	0.12534204870462418	-0.17405212670564651	0.45128992199897766	[25329 25329 25329 25329 25329]	[25387 25387 25387 25387 25387]		
4266.7915	2.389499999999316	epochs															maze_arm	251.0
4269.19975	5.165750000000116	epochs															feedback_and_iti	251.0
4269.19975	0.9937500000005457	epochs															feedback_delay	251.0
4270.2125	1.9807500000006257	epochs															feedback	251.0
4272.375	1.9904999999998836	epochs															iti	251.0
4274.388	7.67975000000024	epochs															maze	252.0
4274.388	5.671750000000429	epochs															maze_stem	252.0
4274.40775	12.866250000000036	trials	False	True	False	False	False	True	[0.78560221 0.21439779 0.31645012 0.68354988]	0.4691520929336548	-0.10205233097076416	0.2345760464668274	0.05102616548538208	0.7856022119522095	[25420 25419 25419 25419 25419]	[25465 25464 25464 25464 25464]		
4280.07925	1.9885000000003856	epochs															maze_arm	252.0
4282.0875	5.166500000000269	epochs															feedback_and_iti	252.0
4282.0875	0.9805000000005748	epochs															feedback_delay	252.0
4283.0885	1.9862499999999272	epochs															feedback	252.0
4285.27375	1.9802499999996144	epochs															iti	252.0
4287.274	10.389249999999265	epochs															maze	253.0
4287.274	6.395249999999578	epochs															maze_stem	253.0
4287.29425	15.57800000000043	trials	True	True	False	True	True	True	[0.84934062 0.15065934 0.35608757 0.64391243]	0.49325307458639145	-0.20542820543050766	0.24662654846906662	-0.10271411389112473	0.6439124345779419	[25497 25497 25496 25496 25496]	[25558 25558 25558 25558 25557]		
4293.689	3.9742499999993015	epochs															maze_arm	253.0
4297.6825	5.167999999999665	epochs															feedback_and_iti	253.0
4297.6825	1.0	epochs															feedback_delay	253.0
4298.7	1.9782500000001164	epochs															feedback	253.0
4300.859	1.9914999999991778	epochs															iti	253.0
4302.87225	9.678249999999935	epochs															maze	254.0
4302.87225	5.893000000000029	epochs															maze_stem	254.0
4302.89425	14.858499999999367	trials	False	True	False	True	True	True	[0.72734714 0.27265289 0.20599826 0.79400176]	0.5213488712906837	0.06665463000535965	0.2606744319200516	0.03332732617855072	0.7940017580986023	[25590 25590 25590 25590 25590]	[25647 25647 25647 25647 25647]		
4308.78475	3.76575000000048	epochs															maze_arm	254.0
4312.5705	5.158500000000458	epochs															feedback_and_iti	254.0
4312.5705	0.9840000000003783	epochs															feedback_delay	254.0
4313.575	1.9895000000005894	epochs															feedback	254.0
4315.74675	1.9822500000000218	epochs															iti	254.0
4317.75275	10.364250000000538	epochs															maze	255.0
4317.75275	6.147500000000036	epochs															maze_stem	255.0
4317.77625	15.556999999999789	trials	False	True	False	True	True	True	[0.65205854 0.34794146 0.14250432 0.85749567]	0.5095542147755623	0.20543713122606277	0.25477710366249084	0.10271856188774109	0.8574956655502319	[25680 25679 25679 25679 25679]	[25741 25741 25740 25740 25740]		
4323.92075	4.196249999999964	epochs															maze_arm	255.0
4328.138	5.171250000000327	epochs															feedback_and_iti	255.0
4328.138	0.9840000000003783	epochs															feedback_delay	255.0
4329.14275	1.9840000000003783	epochs															feedback	255.0
4331.311	1.998250000000553	epochs															iti	255.0
4333.33325	9.123500000000604	epochs															maze	256.0
4333.33325	6.731250000000728	epochs															maze_stem	256.0
4333.361	16.13774999999987	trials	False	True	False	True	False	False	[0.61462814 0.38537189 0.11903523 0.88096476]	0.4955928847193718	0.2663366422057152	-0.2477964535355568	-0.1331683173775673	0.11903522908687592	[25773 25773 25773 25772 25772]	[25827 25827 25826 25826 25826]		
4340.084	2.372750000000451	epochs															maze_arm	256.0
4342.47625	7.002500000000509	epochs															feedback_and_iti	256.0
4342.47625	0.9967500000002474	epochs															feedback_delay	256.0
4343.49325	1.965249999999287	epochs															feedback	256.0
4345.49775	3.980999999999767	epochs															iti	256.0
4349.49875	8.128999999999905	epochs															maze	257.0
4349.49875	5.0957500000004075	epochs															maze_stem	257.0
4349.5185	13.316499999999905	trials	False	True	False	True	True	True	[0.53771633 0.46228364 0.3207227  0.67927724]	0.21699361503124237	0.14156092703342438	0.10849680006504059	0.0707804411649704	0.679277241230011	[25870 25870 25870 25869 25869]	[25918 25918 25917 25917 25917]		
4354.6145	3.013249999999971	epochs															maze_arm	257.0
4357.64725	5.167000000000371	epochs															feedback_and_iti	257.0
4357.64725	0.9812499999998181	epochs															feedback_delay	257.0
4358.649	1.9797499999995125	epochs															feedback	257.0
4360.81975	1.9945000000006985	epochs															iti	257.0
4362.835	9.60174999999981	epochs															maze	258.0
4362.835	7.10674999999992	epochs															maze_stem	258.0
4362.85375	16.660499999999956	trials	False	True	False	False	True	False	[0.64130247 0.35869759 0.16839151 0.83160853]	0.47291094809770584	0.19030607491731644	-0.23645547032356262	0.09515306353569031	0.3586975932121277	[25950 25950 25949 25949 25949]	[26006 26006 26006 26006 26006]		
4369.9605	2.476249999999709	epochs															maze_arm	258.0
4372.45525	7.029000000000451	epochs															feedback_and_iti	258.0
4372.45525	0.992750000000342	epochs															feedback_delay	258.0
4373.469	1.97649999999976	epochs															feedback	258.0
4375.48425	4.0	epochs															iti	258.0
4379.51425	9.489249999999629	epochs															maze	259.0
4379.51425	5.933500000000095	epochs															maze_stem	259.0
4379.5365	16.52325000000019	trials	False	True	False	False	True	False	[0.4762212  0.5237788  0.26576152 0.73423845]	0.2104596644639969	0.25801725685596466	-0.10522982478141785	0.12900862097740173	0.5237787961959839	[26050 26050 26049 26049 26049]	[26106 26106 26105 26105 26105]		
4385.46775	3.5357500000000073	epochs															maze_arm	259.0
4389.0235	7.017499999999927	epochs															feedback_and_iti	259.0
4389.0235	0.9947499999998399	epochs															feedback_delay	259.0
4390.03875	1.967000000000553	epochs															feedback	259.0
4392.04475	3.9962500000001455	epochs															iti	259.0
4396.05975	6.938000000000102	epochs															maze	260.0
4396.05975	4.42699999999968	epochs															maze_stem	260.0
4396.07975	12.121500000000196	trials	False	True	False	False	False	True	[0.44146201 0.55853802 0.31704003 0.68295997]	0.12442196905612946	0.2414979785680771	0.062210991978645325	-0.12074898183345795	0.4414620101451874	[26149 26149 26149 26148 26148]	[26190 26190 26189 26189 26189]		
4400.50575	2.492000000000189	epochs															maze_arm	260.0
4403.01725	5.1652500000000146	epochs															feedback_and_iti	260.0
4403.01725	0.9857499999998254	epochs															feedback_delay	260.0
4404.023	1.9862499999999272	epochs															feedback	260.0
4406.2015	1.9809999999997672	epochs															iti	260.0
4408.20125	9.40124999999989	epochs															maze	261.0
4408.20125	6.126000000000204	epochs															maze_stem	261.0
4408.22125	14.594000000000051	trials	False	True	False	True	True	True	[0.78343689 0.21656315 0.37734279 0.62265718]	0.406094066798687	-0.1607796773314476	0.203047014772892	-0.0803898349404335	0.6226571798324585	[26222 26222 26221 26221 26221]	[26277 26277 26277 26277 26276]		
4414.3475	3.255000000000109	epochs															maze_arm	261.0
4417.622	5.1729999999997744	epochs															feedback_and_iti	261.0
4417.622	0.9849999999996726	epochs															feedback_delay	261.0
4418.62725	1.9777500000000146	epochs															feedback	261.0
4420.8065	1.9885000000003856	epochs															iti	261.0
4422.81525	7.650500000000648	epochs															maze	262.0
4422.81525	5.287500000000364	epochs															maze_stem	262.0
4422.83525	12.818250000000262	trials	False	True	False	True	True	True	[0.66229206 0.33770794 0.18878824 0.81121176]	0.47350382804870605	0.1489197015762329	0.23675191402435303	0.07445985078811646	0.8112117648124695	[26309 26309 26309 26309 26309]	[26354 26354 26354 26354 26354]		
4428.12275	2.342999999999847	epochs															maze_arm	262.0
4430.486	5.14850000000024	epochs															feedback_and_iti	262.0
4430.486	0.9800000000004729	epochs															feedback_delay	262.0
4431.48775	1.9849999999996726	epochs															feedback	262.0
4433.65275	1.98174999999992	epochs															iti	262.0
4435.6535	8.96875	epochs															maze	263.0
4435.6535	5.681249999999636	epochs															maze_stem	263.0
4435.67325	14.156500000000051	trials	True	True	False	True	True	True	[0.5912748  0.40872523 0.14606227 0.85393775]	0.4452125206589699	0.26266295462846756	0.22260625660419464	0.13133148849010468	0.8539377450942993	[26386 26386 26386 26386 26386]	[26439 26439 26439 26439 26439]		
4441.35325	3.269000000000233	epochs															maze_arm	263.0
4444.64225	5.16675000000032	epochs															feedback_and_iti	263.0
4444.64225	0.9830000000001746	epochs															feedback_delay	263.0
4445.6445	1.983249999999316	epochs															feedback	263.0
4447.8225	1.9864999999999782	epochs															iti	263.0
4449.82975	8.308750000000146	epochs															maze	264.0
4449.82975	5.279749999999694	epochs															maze_stem	264.0
4449.85	13.49749999999949	trials	False	True	False	False	False	True	[0.53790152 0.46209848 0.17261814 0.82738185]	0.36528337746858597	0.2894803360104561	0.18264169245958328	-0.14474017173051834	0.5379015207290649	[26471 26471 26471 26471 26471]	[26520 26520 26520 26520 26520]		
4455.1295	3.0090000000000146	epochs															maze_arm	264.0
4458.157	5.168999999999869	epochs															feedback_and_iti	264.0
4458.157	0.9904999999998836	epochs															feedback_delay	264.0
4459.1685	1.9702500000003056	epochs															feedback	264.0
4461.33075	1.9952499999999418	epochs															iti	264.0
4463.3475	10.673749999999927	epochs															maze	265.0
4463.3475	7.931000000000495	epochs															maze_stem	265.0
4463.3685	17.71075000000019	trials	False	True	False	False	True	False	[0.77600026 0.22399972 0.20503429 0.79496574]	0.5709659978747368	0.0189654603600502	-0.2854830101132393	0.0094827339053154	0.2239997237920761	[26553 26552 26552 26552 26552]	[26616 26615 26615 26615 26615]		
4471.29775	2.723500000000058	epochs															maze_arm	265.0
4474.042	7.015749999999571	epochs															feedback_and_iti	265.0
4474.042	1.0	epochs															feedback_delay	265.0
4475.06275	1.9719999999997526	epochs															feedback	265.0
4477.07325	3.9844999999995707	epochs															iti	265.0
4481.07925	9.76299999999992	epochs															maze	266.0
4481.07925	6.07300000000032	epochs															maze_stem	266.0
4481.10475	16.79424999999992	trials	False	True	False	True	False	False	[0.47679818 0.52320182 0.26450253 0.73549753]	0.21229568123817444	0.25869932770729065	-0.10614782571792603	-0.12934964895248413	0.26450252532958984	[26659 26659 26658 26658 26658]	[26716 26716 26716 26716 26716]		
4487.17375	3.668499999999767	epochs															maze_arm	266.0
4490.86075	7.012000000000626	epochs															feedback_and_iti	266.0
4490.86075	0.9850000000005821	epochs															feedback_delay	266.0
4491.86575	1.980000000000473	epochs															feedback	266.0
4493.88425	3.9885000000003856	epochs															iti	266.0
4497.899	9.452749999999469	epochs															maze	267.0
4497.899	5.487499999999272	epochs															maze_stem	267.0
4497.9195	14.644250000000284	trials	True	True	False	False	False	True	[0.49199381 0.50800622 0.37827715 0.62172288]	0.11371666193008423	0.12972906231880188	0.056858330965042114	-0.06486451625823975	0.49199381470680237	[26760 26759 26759 26759 26759]	[26815 26815 26815 26815 26815]		
4503.4045	3.9472500000001673	epochs															maze_arm	267.0
4507.37075	5.1727499999997235	epochs															feedback_and_iti	267.0
4507.37075	0.9892499999996289	epochs															feedback_delay	267.0
4508.37925	1.9920000000001892	epochs															feedback	267.0
4510.55575	1.9877499999993233	epochs															iti	267.0
4512.56375	9.576500000000124	epochs															maze	268.0
4512.56375	6.153749999999491	epochs															maze_stem	268.0
4512.584	16.62750000000051	trials	False	True	False	True	False	False	[0.82680058 0.17319942 0.59804225 0.40195781]	0.22875836491584778	-0.42484280467033386	-0.1143791675567627	0.21242141723632812	0.5980422496795654	[26848 26847 26847 26847 26847]	[26904 26904 26904 26903 26903]		
4518.737	3.4032500000002983	epochs															maze_arm	268.0
4522.15825	7.033999999999651	epochs															feedback_and_iti	268.0
4522.15825	0.9989999999997963	epochs															feedback_delay	268.0
4523.17825	1.968499999999949	epochs															feedback	268.0
4525.1865	4.005750000000262	epochs															iti	268.0
4529.2115	11.267249999999876	epochs															maze	269.0
4529.2115	6.148499999999331	epochs															maze_stem	269.0
4529.23175	16.46324999999979	trials	False	True	False	True	True	True	[0.61511433 0.38488567 0.43846771 0.56153232]	0.1766466349363327	-0.053582027554512024	0.08832332491874695	-0.026791006326675415	0.5615323185920715	[26947 26947 26947 26947 26947]	[27014 27014 27014 27013 27013]		
4535.38025	5.098500000000058	epochs															maze_arm	269.0
4540.49925	5.175750000000335	epochs															feedback_and_iti	269.0
4540.49925	0.9917500000001382	epochs															feedback_delay	269.0
4541.51	1.9807499999997162	epochs															feedback	269.0
4543.679	1.9960000000000946	epochs															iti	269.0
4545.695	8.929000000000087	epochs															maze	270.0
4545.695	5.555500000000393	epochs															maze_stem	270.0
4545.7155	15.96374999999989	trials	False	True	False	False	True	False	[0.65387684 0.34612313 0.28215185 0.71784812]	0.3717249929904938	0.06397128105163574	-0.1858624964952469	0.03198562562465668	0.3461231291294098	[27046 27046 27046 27046 27045]	[27099 27099 27098 27098 27098]		
4551.27	3.3539999999993597	epochs															maze_arm	270.0
4554.644	7.014749999999367	epochs															feedback_and_iti	270.0
4554.644	0.9802499999996144	epochs															feedback_delay	270.0
4555.64525	1.990500000000793	epochs															feedback	270.0
4557.6725	3.9862499999999272	epochs															iti	270.0
4561.67925	6.972749999999905	epochs															maze	271.0
4561.67925	4.445499999999811	epochs															maze_stem	271.0
4561.70325	12.142749999999978	trials	False	True	False	False	False	True	[0.46356788 0.53643215 0.3342073  0.6657927 ]	0.12936057150363922	0.20222483575344086	0.06468029320240021	-0.10111241042613983	0.4635678827762604	[27142 27142 27142 27141 27141]	[27183 27183 27183 27182 27182]		
4566.1445	2.507499999999709	epochs															maze_arm	271.0
4568.6715	5.153749999999491	epochs															feedback_and_iti	271.0
4568.6715	0.9872499999992215	epochs															feedback_delay	271.0
4569.67975	1.9772499999999127	epochs															feedback	271.0
4571.8385	1.986750000000029	epochs															iti	271.0
4573.846	8.011250000000473	epochs															maze	272.0
4573.846	5.780250000000706	epochs															maze_stem	272.0
4573.86625	15.041250000000218	trials	False	True	False	True	False	False	[0.78612506 0.21387491 0.41198429 0.58801574]	0.37414079904556274	-0.19810935854911804	-0.18707038462162018	0.09905467927455902	0.41198429465293884	[27215 27215 27215 27214 27214]	[27262 27262 27262 27262 27261]		
4579.64675	2.2105000000001382	epochs															maze_arm	272.0
4581.87675	7.0109999999995125	epochs															feedback_and_iti	272.0
4581.87675	0.9854999999997744	epochs															feedback_delay	272.0
4582.8825	1.981999999999971	epochs															feedback	272.0
4584.901	3.986750000000029	epochs															iti	272.0
4588.9075	6.831250000000182	epochs															maze	273.0
4588.9075	4.7534999999998035	epochs															maze_stem	273.0
4588.9275	11.999499999999898	trials	False	True	False	False	False	True	[0.57419181 0.42580822 0.41680017 0.58319986]	0.15739163756370544	0.009008049964904785	0.07869581878185272	-0.004504010081291199	0.5741918087005615	[27305 27305 27305 27305 27305]	[27345 27345 27345 27345 27345]		
4593.68125	2.0575000000008004	epochs															maze_arm	273.0
4595.757	5.149750000000495	epochs															feedback_and_iti	273.0
4595.757	0.9970000000002983	epochs															feedback_delay	273.0
4596.77425	1.9657499999993888	epochs															feedback	273.0
4598.92225	1.9845000000004802	epochs															iti	273.0
4600.927	7.5587500000001455	epochs															maze	274.0
4600.927	5.724500000000262	epochs															maze_stem	274.0
4600.947	12.755750000000262	trials	False	True	False	False	False	True	[0.84899008 0.15100989 0.69462991 0.30537003]	0.15436016023159027	-0.5436200350522995	0.07718008756637573	0.27180999517440796	0.8489900827407837	[27377 27377 27377 27377 27377]	[27422 27422 27421 27421 27421]		
4606.67125	1.814499999999498	epochs															maze_arm	274.0
4608.50375	5.178750000000036	epochs															feedback_and_iti	274.0
4608.50375	0.9875000000001819	epochs															feedback_delay	274.0
4609.5105	1.98700000000008	epochs															feedback	274.0
4611.69475	1.9877500000002328	epochs															iti	274.0
4613.70275	9.374749999999949	epochs															maze	275.0
4613.70275	6.198749999999563	epochs															maze_stem	275.0
4613.72325	16.4087499999996	trials	False	False	True	True	True	False	[0.8652581  0.13474189 0.64865184 0.35134816]	0.2166062667965889	-0.5139099434018135	0.10830313712358475	-0.25695497542619705	0.3513481616973877	[27454 27454 27454 27453 27453]	[27509 27509 27509 27509 27508]		
4619.92175	3.155749999999898	epochs															maze_arm	275.0
4623.0975	7.014000000000124	epochs															feedback_and_iti	275.0
4623.0975	0.9977500000004511	epochs															feedback_delay	275.0
4624.1155	1.9717499999997017	epochs															feedback	275.0
4626.12475	3.986750000000029	epochs															iti	275.0
4630.132	6.893500000000131	epochs															maze	276.0
4630.132	4.249749999999949	epochs															maze_stem	276.0
4630.15275	13.923999999999978	trials	False	False	False	True	True	False	[0.62797803 0.37202203 0.35074955 0.64925045]	0.277228444814682	0.0212724506855011	0.1386142075061798	0.010636240243911743	0.6492504477500916	[27553 27552 27552 27552 27552]	[27593 27593 27593 27592 27592]		
4634.402	2.6234999999996944	epochs															maze_arm	276.0
4637.04525	7.011249999999563	epochs															feedback_and_iti	276.0
4637.04525	0.9842499999995198	epochs															feedback_delay	276.0
4638.04975	1.9830000000001746	epochs															feedback	276.0
4640.07125	3.9852499999997235	epochs															iti	276.0
4644.07675	7.532250000000204	epochs															maze	277.0
4644.07675	4.712249999999585	epochs															maze_stem	277.0
4644.0975	14.57300000000032	trials	False	False	False	False	False	False	[0.50196177 0.49803829 0.35816374 0.64183623]	0.14379797875881195	0.13987450301647186	0.07189901173114777	-0.06993724405765533	0.5019617676734924	[27636 27636 27636 27636 27635]	[27680 27680 27680 27680 27680]		
4648.80725	2.8017500000005384	epochs															maze_arm	277.0
4651.63	7.019749999999476	epochs															feedback_and_iti	277.0
4651.63	0.9912500000000364	epochs															feedback_delay	277.0
4652.64175	1.9732500000000073	epochs															feedback	277.0
4654.654	3.995749999999134	epochs															iti	277.0
4658.6705	6.7482499999996435	epochs															maze	278.0
4658.6705	4.191749999999956	epochs															maze_stem	278.0
4658.6915	13.78625000000011	trials	False	False	False	False	False	False	[0.60219544 0.39780459 0.42913246 0.57086748]	0.17306293547153473	-0.03132791817188263	0.08653149008750916	0.015663951635360718	0.6021954417228699	[27724 27723 27723 27723 27723]	[27763 27763 27763 27763 27762]		
4662.882	2.536750000000211	epochs															maze_arm	278.0
4665.439	7.018500000000131	epochs															feedback_and_iti	278.0
4665.439	0.9819999999999709	epochs															feedback_delay	278.0
4666.4425	1.9809999999997672	epochs															feedback	278.0
4668.461	3.9965000000001965	epochs															iti	278.0
4672.47775	13.078999999999724	epochs															maze	279.0
4672.47775	8.951250000000073	epochs															maze_stem	279.0
4672.49825	20.102249999999913	trials	False	False	False	False	False	False	[0.62865627 0.3713437  0.53179479 0.46820521]	0.09686149656772614	-0.16045106947422028	0.04843074083328247	0.08022552728652954	0.628656268119812	[27806 27806 27806 27806 27806]	[27884 27884 27883 27883 27883]		
4681.44875	4.108000000000175	epochs															maze_arm	279.0
4685.57625	7.002999999999702	epochs															feedback_and_iti	279.0
4685.57625	0.9987499999997453	epochs															feedback_delay	279.0
4686.59675	1.96100000000024	epochs															feedback	279.0
4688.59625	3.9830000000001746	epochs															iti	279.0
4692.6005	12.527250000000095	epochs															maze	280.0
4692.6005	5.655500000000757	epochs															maze_stem	280.0
4692.6215	19.55425000000014	trials	False	False	False	True	True	False	[0.63799262 0.36200735 0.57415158 0.42584839]	0.06384104490280151	-0.21214422583580017	0.03192052245140076	-0.10607212781906128	0.4258483946323395	[27927 27927 27927 27926 27926]	[28001 28001 28001 28001 28000]		
4698.27575	6.851999999999862	epochs															maze_arm	280.0
4705.14775	7.008499999999913	epochs															feedback_and_iti	280.0
4705.14775	0.9867500000000291	epochs															feedback_delay	280.0
4706.1555	1.9757500000005166	epochs															feedback	280.0
4708.17225	3.9840000000003783	epochs															iti	280.0
4712.17575	10.207999999999629	epochs															maze	281.0
4712.17575	4.373499999999694	epochs															maze_stem	281.0
4712.196	17.241500000000087	trials	False	False	False	True	True	False	[0.56675881 0.43324119 0.38529339 0.61470658]	0.18146540224552155	0.047947779297828674	0.09073269367218018	0.02397388219833374	0.6147065758705139	[28044 28044 28044 28044 28044]	[28105 28104 28104 28104 28104]		
4716.57	5.813750000000255	epochs															maze_arm	281.0
4722.404	7.011249999999563	epochs															feedback_and_iti	281.0
4722.404	0.9969999999993888	epochs															feedback_delay	281.0
4723.42175	1.9672499999996944	epochs															feedback	281.0
4725.42575	3.98949999999968	epochs															iti	281.0
4729.4375	12.995249999999942	epochs															maze	282.0
4729.4375	5.601999999999862	epochs															maze_stem	282.0
4729.457	18.17699999999968	trials	False	False	False	True	False	True	[0.47296566 0.52703434 0.37495628 0.62504369]	0.09800936281681061	0.1520780473947525	-0.0490046888589859	-0.07603903114795685	0.37495627999305725	[28148 28148 28148 28147 28147]	[28225 28225 28224 28224 28224]		
4735.0585	7.374249999999847	epochs															maze_arm	282.0
4742.453	5.160750000000007	epochs															feedback_and_iti	282.0
4742.453	0.9977499999995416	epochs															feedback_delay	282.0
4743.47175	1.9662500000004002	epochs															feedback	282.0
4745.62275	1.9909999999999854	epochs															iti	282.0
4747.634	10.358500000000276	epochs															maze	283.0
4747.634	5.498499999999694	epochs															maze_stem	283.0
4747.654	15.543999999999869	trials	False	False	False	True	False	True	[0.65387142 0.34612858 0.53898072 0.46101928]	0.1148906946182251	-0.19285213947296143	-0.05744534730911255	0.09642606973648071	0.5389807224273682	[28257 28257 28257 28256 28256]	[28318 28318 28318 28318 28317]		
4753.1525	4.8400000000001455	epochs															maze_arm	283.0
4758.01075	5.166999999999462	epochs															feedback_and_iti	283.0
4758.01075	0.9862499999999272	epochs															feedback_delay	283.0
4759.017	1.985000000000582	epochs															feedback	283.0
4761.18975	1.9880000000002838	epochs															iti	283.0
4763.198	9.610499999999774	epochs															maze	284.0
4763.198	5.646499999999833	epochs															maze_stem	284.0
4763.218	14.791000000000167	trials	False	False	False	False	True	True	[0.74614137 0.2538586  0.73261684 0.2673831 ]	0.01352451741695404	-0.4787582606077194	-0.006762251257896423	-0.2393791526556015	0.2538585960865021	[28350 28350 28350 28350 28350]	[28407 28407 28407 28406 28406]		
4768.864	3.9445000000005166	epochs															maze_arm	284.0
4772.828	5.161999999999352	epochs															feedback_and_iti	284.0
4772.828	0.9969999999993888	epochs															feedback_delay	284.0
4773.8455	1.9664999999995416	epochs															feedback	284.0
4775.9955	1.994499999999789	epochs															iti	284.0
4778.009	7.960750000000189	epochs															maze	285.0
4778.009	5.197750000000269	epochs															maze_stem	285.0
4778.03225	13.14325000000008	trials	False	False	False	True	False	True	[0.61381167 0.38618833 0.61711413 0.38288587]	-0.003302454948425293	-0.2309257984161377	0.0016512274742126465	0.11546289920806885	0.6171141266822815	[28439 28439 28439 28439 28438]	[28486 28486 28486 28485 28485]		
4783.2265	2.743250000000444	epochs															maze_arm	285.0
4785.98975	5.1652500000000146	epochs															feedback_and_iti	285.0
4785.98975	0.9912500000000364	epochs															feedback_delay	285.0
4787.00175	1.9802499999996144	epochs															feedback	285.0
4789.18125	1.9737500000001091	epochs															iti	285.0
4791.1755	9.157999999999447	epochs															maze	286.0
4791.1755	5.985749999999825	epochs															maze_stem	286.0
4791.19525	14.34900000000016	trials	True	False	False	False	True	True	[0.68138856 0.31861141 0.71679866 0.28320131]	-0.03541010618209839	-0.3981872498989105	0.017705053091049194	-0.19909363985061646	0.31861141324043274	[28518 28518 28518 28517 28517]	[28572 28572 28572 28571 28571]		
4797.18175	3.1517499999999927	epochs															maze_arm	286.0
4800.3525	5.171250000000327	epochs															feedback_and_iti	286.0
4800.3525	0.98700000000008	epochs															feedback_delay	286.0
4801.3575	1.9894999999996799	epochs															feedback	286.0
4803.528	1.9957500000000437	epochs															iti	286.0
4805.54425	9.173999999999978	epochs															maze	287.0
4805.54425	5.5	epochs															maze_stem	287.0
4805.5625	16.215250000000196	trials	False	False	False	False	False	False	[0.6732012  0.32679877 0.68276489 0.31723508]	-0.009563684463500977	-0.35596612095832825	-0.004781842231750488	0.17798304557800293	0.6732012033462524	[28604 28604 28604 28604 28603]	[28658 28658 28658 28658 28658]		
4811.06275	3.655499999999847	epochs															maze_arm	287.0
4814.7385	7.0164999999997235	epochs															feedback_and_iti	287.0
4814.7385	1.0	epochs															feedback_delay	287.0
4815.75825	1.967000000000553	epochs															feedback	287.0
4817.76225	3.992750000000342	epochs															iti	287.0
4821.77775	10.830249999999978	epochs															maze	288.0
4821.77775	5.785249999999905	epochs															maze_stem	288.0
4821.79975	16.01050000000032	trials	True	False	False	True	False	True	[0.54688364 0.4531163  0.51951414 0.48048586]	0.027369529008865356	-0.06639781594276428	-0.013684749603271484	0.03319889307022095	0.5195141434669495	[28702 28701 28701 28701 28701]	[28766 28765 28765 28765 28765]		
4827.58275	5.025250000000597	epochs															maze_arm	288.0
4832.627	5.163749999999709	epochs															feedback_and_iti	288.0
4832.627	0.9939999999996871	epochs															feedback_delay	288.0
4833.6425	1.9752500000004147	epochs															feedback	288.0
4835.80425	1.9864999999999782	epochs															iti	288.0
4837.81025	16.99749999999949	epochs															maze	289.0
4837.81025	4.8972499999999854	epochs															maze_stem	289.0
4837.83075	22.184000000000196	trials	False	False	False	True	False	True	[0.60177928 0.39822069 0.67683208 0.32316789]	-0.07505279779434204	-0.2786113917827606	0.03752639889717102	0.13930568099021912	0.6768320798873901	[28798 28797 28797 28797 28797]	[28899 28898 28898 28898 28898]		
4842.72725	12.080500000000029	epochs															maze_arm	289.0
4854.8275	5.166999999999462	epochs															feedback_and_iti	289.0
4854.8275	0.9972499999994398	epochs															feedback_delay	289.0
4855.84525	1.970749999999498	epochs															feedback	289.0
4858.009	1.9854999999997744	epochs															iti	289.0
4860.01475	9.749749999999949	epochs															maze	290.0
4860.01475	6.3914999999997235	epochs															maze_stem	290.0
4860.0345	14.935250000000451	trials	True	False	False	True	False	True	[0.65491015 0.34508988 0.8014304  0.19856957]	-0.14652028679847717	-0.4563405513763428	0.07326012849807739	0.2281702756881714	0.8014304041862488	[28931 28931 28930 28930 28930]	[28988 28988 28988 28988 28988]		
4866.42575	3.338749999999891	epochs															maze_arm	290.0
4869.78425	5.164999999999964	epochs															feedback_and_iti	290.0
4869.78425	0.9859999999998763	epochs															feedback_delay	290.0
4870.7895	1.9859999999998763	epochs															feedback	290.0
4872.96025	1.988999999999578	epochs															iti	290.0
4874.96975	9.641499999999724	epochs															maze	291.0
4874.96975	6.984499999999571	epochs															maze_stem	291.0
4874.99075	14.821750000000065	trials	True	False	False	True	False	True	[0.61729228 0.38270774 0.80262303 0.19737698]	-0.18533075600862503	-0.4199152961373329	0.09266537427902222	0.20995765924453735	0.8026230335235596	[29020 29020 29020 29020 29020]	[29077 29077 29077 29077 29077]		
4881.97375	2.637499999999818	epochs															maze_arm	291.0
4884.6305	5.162999999999556	epochs															feedback_and_iti	291.0
4884.6305	0.9934999999995853	epochs															feedback_delay	291.0
4885.64275	1.9735000000000582	epochs															feedback	291.0
4887.806	1.987500000000182	epochs															iti	291.0
4889.8125	8.256250000000364	epochs															maze	292.0
4889.8125	5.977249999999913	epochs															maze_stem	292.0
4889.83225	15.297249999999622	trials	False	False	False	False	False	False	[0.6073252  0.3926748  0.80697024 0.19302978]	-0.199645034968853	-0.41429542750120163	-0.0998225212097168	0.2071477174758911	0.6073251962661743	[29109 29109 29109 29109 29109]	[29158 29158 29158 29157 29157]		
4895.8085	2.260250000000269	epochs															maze_arm	292.0
4898.08925	7.019500000000335	epochs															feedback_and_iti	292.0
4898.08925	0.9812499999998181	epochs															feedback_delay	292.0
4899.091	1.988999999999578	epochs															feedback	292.0
4901.12025	3.9885000000003856	epochs															iti	292.0
4905.1295	11.030249999999796	epochs															maze	293.0
4905.1295	5.591499999999542	epochs															maze_stem	293.0
4905.15025	18.074500000000626	trials	False	False	False	True	True	False	[0.60213125 0.39786872 0.71795058 0.28204939]	-0.11581933498382568	-0.3200818598270416	-0.05790966749191284	-0.160040944814682	0.28204938769340515	[29201 29201 29201 29201 29201]	[29267 29266 29266 29266 29266]		
4910.74125	5.418499999999767	epochs															maze_arm	293.0
4916.17925	7.024749999999585	epochs															feedback_and_iti	293.0
4916.17925	0.9974999999994907	epochs															feedback_delay	293.0
4917.19675	1.9769999999998618	epochs															feedback	293.0
4919.21	3.993999999999687	epochs															iti	293.0
4923.22475	9.25524999999925	epochs															maze	294.0
4923.22475	4.655249999999796	epochs															maze_stem	294.0
4923.245	14.44549999999981	trials	True	False	False	True	False	True	[0.49198177 0.50801826 0.44214699 0.55785298]	0.049834758043289185	0.0658712387084961	-0.024917393922805786	-0.03293561935424805	0.44214698672294617	[29310 29310 29309 29309 29309]	[29364 29364 29364 29364 29364]		
4927.89925	4.5807499999991705	epochs															maze_arm	294.0
4932.49875	5.171250000000327	epochs															feedback_and_iti	294.0
4932.49875	0.9965000000001965	epochs															feedback_delay	294.0
4933.513	1.9822500000000218	epochs															feedback	294.0
4935.68025	1.9897499999997308	epochs															iti	294.0
4937.6905	8.037250000000313	epochs															maze	295.0
4937.6905	5.132750000000669	epochs															maze_stem	295.0
4937.709	15.08325000000059	trials	False	False	False	True	True	False	[0.54978931 0.45021072 0.6800527  0.3199473 ]	-0.13026340305805206	-0.22984199225902557	-0.06513170897960663	-0.11492098867893219	0.3199473023414612	[29397 29396 29396 29396 29396]	[29444 29444 29443 29443 29443]		
4942.84325	2.8845000000001164	epochs															maze_arm	295.0
4945.748	7.024000000000342	epochs															feedback_and_iti	295.0
4945.748	0.9822500000000218	epochs															feedback_delay	295.0
4946.752	1.9864999999999782	epochs															feedback	295.0
4948.775	3.9970000000002983	epochs															iti	295.0
4952.79225	11.506749999999556	epochs															maze	296.0
4952.79225	8.213999999999942	epochs															maze_stem	296.0
4952.8105	16.689000000000306	trials	False	False	False	False	True	True	[0.4607873  0.53921264 0.44095033 0.55904973]	0.019837021827697754	0.09826236963272095	-0.009918540716171265	0.049131184816360474	0.5392126441001892	[29487 29487 29487 29486 29486]	[29555 29555 29555 29555 29554]		
4961.02625	3.2727500000000873	epochs															maze_arm	296.0
4964.31875	5.160499999999956	epochs															feedback_and_iti	296.0
4964.31875	0.9979999999995925	epochs															feedback_delay	296.0
4965.33725	1.9682500000008076	epochs															feedback	296.0
4967.49325	1.9859999999998763	epochs															iti	296.0
4969.4995	7.86725000000024	epochs															maze	297.0
4969.4995	4.689000000000306	epochs															maze_stem	297.0
4969.5195	14.907249999999294	trials	False	False	False	True	True	False	[0.41243413 0.58756584 0.45543736 0.5445627 ]	-0.04300318658351898	0.1321285218000412	-0.0215015709400177	0.0660642683506012	0.5445626974105835	[29587 29587 29587 29587 29586]	[29633 29633 29633 29633 29633]		
4974.20775	3.1590000000005602	epochs															maze_arm	297.0
4977.3865	7.019500000000335	epochs															feedback_and_iti	297.0
4977.3865	0.9900000000006912	epochs															feedback_delay	297.0
4978.39775	1.98174999999992	epochs															feedback	297.0
4980.41675	3.989249999999629	epochs															iti	297.0
4984.42675	11.815500000000611	epochs															maze	298.0
4984.42675	8.8387500000008	epochs															maze_stem	298.0
4984.4465	16.996250000000146	trials	False	False	False	False	True	True	[0.34233236 0.65766764 0.39425528 0.60574466]	-0.05192294716835022	0.26341232657432556	0.025961488485336304	0.1317061483860016	0.6576676368713379	[29677 29677 29676 29676 29676]	[29747 29746 29746 29746 29746]		
4993.28525	2.9570000000003347	epochs															maze_arm	298.0
4996.261	5.161499999999251	epochs															feedback_and_iti	298.0
4996.261	0.9852499999997235	epochs															feedback_delay	298.0
4997.265	1.9827500000001237	epochs															feedback	298.0
4999.4325	1.9899999999997817	epochs															iti	298.0
5001.44275	9.310499999999593	epochs															maze	299.0
5001.44275	6.889999999999418	epochs															maze_stem	299.0
5001.461	14.511499999999614	trials	False	False	False	False	True	True	[0.30786487 0.69213516 0.37088478 0.62911522]	-0.06301991641521454	0.3212503641843796	0.031509965658187866	0.16062518954277039	0.6921351552009583	[29779 29779 29778 29778 29778]	[29834 29833 29833 29833 29833]		
5008.35275	2.400499999999738	epochs															maze_arm	299.0
5010.77275	5.177249999999731	epochs															feedback_and_iti	299.0
5010.77275	0.992750000000342	epochs															feedback_delay	299.0
5011.786	1.986750000000029	epochs															feedback	299.0
5013.957	1.9929999999994834	epochs															iti	299.0
5015.9725	7.831500000000233	epochs															maze	300.0
5015.9725	5.5770000000002256	epochs															maze_stem	300.0
5015.993	14.87224999999944	trials	False	False	False	True	True	False	[0.20140707 0.79859287 0.3832691  0.61673087]	-0.181862011551857	0.41532377898693085	-0.0909309983253479	0.20766186714172363	0.6167308688163757	[29866 29866 29865 29865 29865]	[29912 29912 29912 29911 29911]		
5021.5705	2.2335000000002765	epochs															maze_arm	300.0
5023.824	7.0222499999999854	epochs															feedback_and_iti	300.0
5023.824	0.9845000000004802	epochs															feedback_delay	300.0
5024.82975	1.98700000000008	epochs															feedback	300.0
5026.8565	3.989749999999731	epochs															iti	300.0
5030.86525	11.380500000000211	epochs															maze	301.0
5030.86525	7.050750000000335	epochs															maze_stem	301.0
5030.88525	18.413499999999658	trials	False	False	False	True	True	False	[0.26616913 0.73383081 0.37546095 0.62453908]	-0.10929177701473236	0.3583699017763138	-0.05464586615562439	0.1791849434375763	0.6245390772819519	[29955 29955 29955 29955 29954]	[30022 30022 30022 30022 30022]		
5037.936	4.309750000000349	epochs															maze_arm	301.0
5042.26575	7.0127500000007785	epochs															feedback_and_iti	301.0
5042.26575	0.9940000000005966	epochs															feedback_delay	301.0
5043.27975	1.974250000000211	epochs															feedback	301.0
5045.29275	3.985750000000735	epochs															iti	301.0
5049.29875	9.706000000000131	epochs															maze	302.0
5049.29875	6.099250000000211	epochs															maze_stem	302.0
5049.31725	16.761749999999665	trials	False	False	False	True	True	False	[0.31914422 0.68085575 0.40477961 0.59522045]	-0.08563534915447235	0.27607618272304535	-0.042817652225494385	0.13803809881210327	0.5952204465866089	[30066 30066 30065 30065 30065]	[30123 30123 30123 30122 30122]		
5055.417	3.587749999999687	epochs															maze_arm	302.0
5059.02425	7.034249999999702	epochs															feedback_and_iti	302.0
5059.02425	0.9819999999999709	epochs															feedback_delay	302.0
5060.0265	1.9972500000003492	epochs															feedback	302.0
5062.0615	3.9970000000002983	epochs															iti	302.0
5066.079	8.034500000000662	epochs															maze	303.0
5066.079	4.395500000000538	epochs															maze_stem	303.0
5066.09975	13.225999999999658	trials	True	False	False	True	False	True	[0.32126057 0.67873937 0.40724522 0.59275484]	-0.08598458766937256	0.27149420976638794	0.04299232363700867	-0.13574710488319397	0.4072452187538147	[30166 30166 30166 30166 30166]	[30214 30213 30213 30213 30213]		
5070.4935	3.6200000000008004	epochs															maze_arm	303.0
5074.13275	5.1707500000002256	epochs															feedback_and_iti	303.0
5074.13275	0.9940000000005966	epochs															feedback_delay	303.0
5075.14575	1.9805000000005748	epochs															feedback	303.0
5077.304	1.9994999999998981	epochs															iti	303.0
5079.32575	15.014000000000124	epochs															maze	304.0
5079.32575	12.132499999999709	epochs															maze_stem	304.0
5079.348	20.21050000000014	trials	True	False	False	False	True	True	[0.32666543 0.67333454 0.62261754 0.37738252]	-0.29595206677913666	0.05071704089641571	0.14797601103782654	0.025358527898788452	0.673334538936615	[30246 30246 30245 30245 30245]	[30335 30335 30334 30334 30334]		
5091.4775	2.862250000000131	epochs															maze_arm	304.0
5094.3575	5.182749999999942	epochs															feedback_and_iti	304.0
5094.3575	0.9937499999996362	epochs															feedback_delay	304.0
5095.3705	1.981249999999818	epochs															feedback	304.0
5097.54775	1.992500000000291	epochs															iti	304.0
5099.5585	7.758249999999862	epochs															maze	305.0
5099.5585	4.927499999999782	epochs															maze_stem	305.0
5099.5785	12.945000000000618	trials	True	False	False	True	False	True	[0.2847324  0.7152676  0.61319184 0.38680816]	-0.3284594416618347	0.10207575559616089	0.16422972083091736	-0.051037877798080444	0.6131918430328369	[30367 30367 30367 30366 30366]	[30413 30412 30412 30412 30412]		
5104.50575	2.8109999999996944	epochs															maze_arm	305.0
5107.336	5.1655000000000655	epochs															feedback_and_iti	305.0
5107.336	0.9922499999993306	epochs															feedback_delay	305.0
5108.3475	1.9710000000004584	epochs															feedback	305.0
5110.5095	1.9920000000001892	epochs															iti	305.0
5112.5235	9.027000000000044	epochs															maze	306.0
5112.5235	5.417499999999563	epochs															maze_stem	306.0
5112.54325	14.218499999999949	trials	True	False	False	True	False	True	[0.37805426 0.6219458  0.76944196 0.23055805]	-0.3913877233862877	-0.14749618619680405	0.19569385051727295	0.07374811172485352	0.7694419622421265	[30445 30445 30444 30444 30444]	[30498 30498 30498 30497 30497]		
5117.959	3.591500000000451	epochs															maze_arm	306.0
5121.5685	5.1729999999997744	epochs															feedback_and_iti	306.0
5121.5685	0.9899999999997817	epochs															feedback_delay	306.0
5122.578	1.975749999999607	epochs															feedback	306.0
5124.7535	1.9880000000002838	epochs															iti	306.0
5126.76175	7.103750000000218	epochs															maze	307.0
5126.76175	4.917250000000422	epochs															maze_stem	307.0
5126.78275	12.307999999999993	trials	False	False	False	True	False	True	[0.39564174 0.60435826 0.81779236 0.18220767]	-0.4221505969762802	-0.21343408524990082	0.2110753059387207	0.106717050075531	0.8177923560142517	[30530 30530 30530 30530 30529]	[30572 30572 30571 30571 30571]		
5131.699	2.166500000000269	epochs															maze_arm	307.0
5133.88525	5.1854999999995925	epochs															feedback_and_iti	307.0
5133.88525	0.9882499999994252	epochs															feedback_delay	307.0
5134.894	1.9854999999997744	epochs															feedback	307.0
5137.07725	1.9934999999995853	epochs															iti	307.0
5139.09075	13.160499999999956	epochs															maze	308.0
5139.09075	10.339750000000095	epochs															maze_stem	308.0
5139.10925	18.35374999999931	trials	False	False	False	False	True	True	[0.43918124 0.56081873 0.86463302 0.13536704]	-0.42545174062252045	-0.30381424725055695	0.21272584795951843	-0.15190711617469788	0.5608187317848206	[30604 30604 30604 30603 30603]	[30682 30682 30682 30681 30681]		
5149.45175	2.79950000000008	epochs															maze_arm	308.0
5152.27125	5.168999999999869	epochs															feedback_and_iti	308.0
5152.27125	0.9812499999998181	epochs															feedback_delay	308.0
5153.27325	1.9882499999994252	epochs															feedback	308.0
5155.46275	1.9774999999999636	epochs															iti	308.0
5157.463	8.610500000000684	epochs															maze	309.0
5157.463	5.559250000000247	epochs															maze_stem	309.0
5157.48275	13.77599999999984	trials	True	False	False	True	False	True	[0.31698105 0.68301898 0.82032812 0.17967188]	-0.5033470839262009	-0.13730914890766144	0.25167353451251984	0.06865458190441132	0.8203281164169312	[30714 30714 30714 30714 30713]	[30765 30765 30765 30764 30764]		
5163.04175	3.031750000000102	epochs															maze_arm	309.0
5166.09275	5.147750000000087	epochs															feedback_and_iti	309.0
5166.09275	0.9987500000006548	epochs															feedback_delay	309.0
5167.10975	1.9652500000001965	epochs															feedback	309.0
5169.25875	1.98174999999992	epochs															iti	309.0
5171.25875	11.224250000000211	epochs															maze	310.0
5171.25875	7.06775000000016	epochs															maze_stem	310.0
5171.2785	16.41149999999925	trials	True	False	False	True	False	True	[0.33671007 0.66328996 0.8195163  0.18048376]	-0.4828062206506729	-0.15622632205486298	0.24140311777591705	0.07811318337917328	0.8195163011550903	[30797 30797 30797 30796 30796]	[30863 30863 30863 30863 30863]		
5178.347	4.136000000000422	epochs															maze_arm	310.0
5182.50225	5.16675000000032	epochs															feedback_and_iti	310.0
5182.50225	0.9995000000008076	epochs															feedback_delay	310.0
5183.51925	1.97649999999976	epochs															feedback	310.0
5185.6845	1.9844999999995707	epochs															iti	310.0
5187.69	11.486000000000786	epochs															maze	311.0
5187.69	8.611250000000837	epochs															maze_stem	311.0
5187.71075	16.65849999999955	trials	False	False	False	False	True	True	[0.37812284 0.62187713 0.84478766 0.15521236]	-0.46666479855775833	-0.22291050106287003	0.23333238810300827	-0.11145525425672531	0.621877133846283	[30895 30895 30895 30895 30895]	[30963 30963 30963 30963 30963]		
5196.31975	2.8562500000007276	epochs															maze_arm	311.0
5199.19575	5.154749999999694	epochs															feedback_and_iti	311.0
5199.19575	0.9992499999998472	epochs															feedback_delay	311.0
5200.214	1.963249999999789	epochs															feedback	311.0
5202.35725	1.9932499999995343	epochs															iti	311.0
5204.36925	8.169750000000022	epochs															maze	312.0
5204.36925	6.330500000000029	epochs															maze_stem	312.0
5204.38925	15.204499999999825	trials	False	False	False	False	False	False	[0.29592735 0.70407265 0.80417597 0.19582407]	-0.5082486048340797	-0.10010329633951187	-0.25412431359291077	0.05005165934562683	0.29592734575271606	[30995 30995 30995 30995 30995]	[31044 31043 31043 31043 31043]		
5210.719	1.819999999999709	epochs															maze_arm	312.0
5212.5595	7.013750000000073	epochs															feedback_and_iti	312.0
5212.5595	0.9947499999998399	epochs															feedback_delay	312.0
5213.5745	1.9750000000003638	epochs															feedback	312.0
5215.5855	3.987750000000233	epochs															iti	312.0
5219.59375	8.912999999999556	epochs															maze	313.0
5219.59375	6.056249999999636	epochs															maze_stem	313.0
5219.61275	15.951250000000073	trials	False	False	False	True	True	False	[0.43801689 0.56198311 0.7108109  0.28918907]	-0.2727940231561661	-0.14882780611515045	-0.13639701902866364	-0.07441391050815582	0.28918907046318054	[31087 31087 31086 31086 31086]	[31139 31139 31139 31139 31138]		
5225.66825	2.83849999999984	epochs															maze_arm	313.0
5228.52725	7.0167499999997744	epochs															feedback_and_iti	313.0
5228.52725	0.9962500000001455	epochs															feedback_delay	313.0
5229.5445	1.96875	epochs															feedback	313.0
5231.55175	3.99225000000024	epochs															iti	313.0
5235.564	7.840249999999287	epochs															maze	314.0
5235.564	4.527749999999287	epochs															maze_stem	314.0
5235.58725	14.879250000000866	trials	False	False	False	True	True	False	[0.37497878 0.62502116 0.47278899 0.52721101]	-0.09781017899513245	0.15223219990730286	-0.04890507459640503	0.07611608505249023	0.5272110104560852	[31183 31182 31182 31182 31182]	[31229 31228 31228 31228 31228]		
5240.11	3.29424999999992	epochs															maze_arm	314.0
5243.42375	7.018750000000182	epochs															feedback_and_iti	314.0
5243.42375	0.98700000000008	epochs															feedback_delay	314.0
5244.43075	1.9767499999998108	epochs															feedback	314.0
5246.44575	3.9967500000002474	epochs															iti	314.0
5250.4665	9.96875	epochs															maze	315.0
5250.4665	4.41649999999936	epochs															maze_stem	315.0
5250.487	15.151749999999993	trials	True	False	False	True	False	True	[0.34099111 0.65900886 0.44019192 0.55980808]	-0.09920080006122589	0.21881695091724396	0.04960040748119354	-0.10940848290920258	0.44019192457199097	[31272 31272 31271 31271 31271]	[31331 31330 31330 31330 31330]		
5254.90375	5.531500000000051	epochs															maze_arm	315.0
5260.45525	5.162750000000415	epochs															feedback_and_iti	315.0
5260.45525	0.9897499999997308	epochs															feedback_delay	315.0
5261.463	1.9864999999999782	epochs															feedback	315.0
5263.64375	1.974250000000211	epochs															iti	315.0
5265.63875	7.761499999999614	epochs															maze	316.0
5265.63875	5.9909999999999854	epochs															maze_stem	316.0
5265.65925	12.9350000000004	trials	False	False	False	True	False	True	[0.37259412 0.62740594 0.67638206 0.32361799]	-0.3037879467010498	-0.048976123332977295	0.1518939733505249	0.024488091468811035	0.6763820648193359	[31363 31363 31362 31362 31362]	[31408 31408 31408 31408 31408]		
5271.6505	1.749749999999949	epochs															maze_arm	316.0
5273.419	5.154500000000553	epochs															feedback_and_iti	316.0
5273.419	0.9902499999998327	epochs															feedback_delay	316.0
5274.43	1.9712499999995998	epochs															feedback	316.0
5276.58375	1.9897500000006403	epochs															iti	316.0
5278.59425	8.050000000000182	epochs															maze	317.0
5278.59425	5.121000000000095	epochs															maze_stem	317.0
5278.613	13.226249999999709	trials	False	False	False	False	True	True	[0.45944664 0.54055333 0.85040021 0.14959976]	-0.39095357060432434	-0.3098468780517578	0.19547678530216217	-0.1549234539270401	0.5405533313751221	[31441 31440 31440 31440 31440]	[31488 31488 31487 31487 31487]		
5283.73675	2.9075000000002547	epochs															maze_arm	317.0
5286.663	5.154250000000502	epochs															feedback_and_iti	317.0
5286.663	0.9815000000007785	epochs															feedback_delay	317.0
5287.66325	1.9887500000004366	epochs															feedback	317.0
5289.82775	1.9894999999996799	epochs															iti	317.0
5291.83925	8.159999999999854	epochs															maze	318.0
5291.83925	5.495249999999942	epochs															maze_stem	318.0
5291.86175	15.194000000000415	trials	False	False	False	True	True	False	[0.33603305 0.66396695 0.8099547  0.19004531]	-0.47392164915800095	-0.14598774164915085	-0.23696082085371017	-0.07299386709928513	0.1900453120470047	[31520 31520 31520 31519 31519]	[31568 31568 31567 31567 31567]		
5297.35475	2.644499999999425	epochs															maze_arm	318.0
5300.0175	7.018000000000029	epochs															feedback_and_iti	318.0
5300.0175	0.9904999999998836	epochs															feedback_delay	318.0
5301.03	1.9802500000005239	epochs															feedback	318.0
5303.05	3.9854999999997744	epochs															iti	318.0
5307.05575	9.67699999999968	epochs															maze	319.0
5307.05575	6.599999999999454	epochs															maze_stem	319.0
5307.07625	16.701000000000022	trials	False	False	False	True	True	False	[0.3628917  0.63710833 0.49865711 0.50134283]	-0.1357654482126236	0.13845117390155792	-0.06788274645805359	0.06922557950019836	0.5013428330421448	[31611 31611 31611 31611 31610]	[31668 31668 31668 31668 31667]		
5313.67525	3.057499999999891	epochs															maze_arm	319.0
5316.75225	7.004750000000058	epochs															feedback_and_iti	319.0
5316.75225	0.9830000000001746	epochs															feedback_delay	319.0
5317.7555	1.9802499999996144	epochs															feedback	319.0
5319.774	3.982999999999265	epochs															iti	319.0
5323.77725	12.390999999999622	epochs															maze	320.0
5323.77725	7.474500000000262	epochs															maze_stem	320.0
5323.79725	17.57825000000048	trials	False	False	False	True	False	True	[0.31654578 0.68345422 0.43495467 0.5650453 ]	-0.11840890347957611	0.2484995275735855	0.05920444428920746	-0.12424977123737335	0.4349546730518341	[31711 31711 31711 31711 31711]	[31785 31785 31784 31784 31784]		
5331.27	4.89824999999928	epochs															maze_arm	320.0
5336.18775	5.167749999999614	epochs															feedback_and_iti	320.0
5336.18775	0.9807499999997162	epochs															feedback_delay	320.0
5337.18875	1.9839999999994689	epochs															feedback	320.0
5339.358	1.9974999999994907	epochs															iti	320.0
5341.3755	7.38550000000032	epochs															maze	321.0
5341.3755	5.2537499999998545	epochs															maze_stem	321.0
5341.39575	14.418500000000677	trials	False	False	False	False	False	False	[0.29997754 0.70002246 0.65465689 0.34534314]	-0.35467933118343353	0.0453655868768692	-0.17733967304229736	-0.022682785987854004	0.29997754096984863	[31817 31817 31817 31816 31816]	[31860 31860 31860 31860 31859]		
5346.649	2.11200000000008	epochs															maze_arm	321.0
5348.781	7.014000000000124	epochs															feedback_and_iti	321.0
5348.781	1.000250000000051	epochs															feedback_delay	321.0
5349.802	1.9677500000007058	epochs															feedback	321.0
5351.80775	3.987250000000131	epochs															iti	321.0
5355.81425	10.317000000000007	epochs															maze	322.0
5355.81425	7.2862499999992	epochs															maze_stem	322.0
5355.8345	15.503249999999753	trials	False	False	False	False	True	True	[0.48929977 0.51070023 0.6534813  0.3465187 ]	-0.16418153047561646	-0.1427810788154602	0.08209076523780823	-0.0713905394077301	0.5107002258300781	[31903 31903 31903 31903 31903]	[31964 31964 31964 31964 31964]		
5363.119	3.0122500000006767	epochs															maze_arm	322.0
5366.15075	5.166500000000269	epochs															feedback_and_iti	322.0
5366.15075	0.9875000000001819	epochs															feedback_delay	322.0
5367.15825	1.9919999999992797	epochs															feedback	322.0
5369.32925	1.9880000000002838	epochs															iti	322.0
5371.33775	9.949750000000677	epochs															maze	323.0
5371.33775	6.183250000000044	epochs															maze_stem	323.0
5371.3575	16.97624999999971	trials	False	False	False	False	False	False	[0.40362844 0.59637159 0.7010141  0.29898587]	-0.29738569259643555	-0.10464254021644592	-0.14869283139705658	0.05232127010822296	0.4036284387111664	[31997 31996 31996 31996 31996]	[32055 32055 32055 32055 32054]		
5377.54175	3.7457500000000437	epochs															maze_arm	323.0
5381.30725	7.003249999999753	epochs															feedback_and_iti	323.0
5381.30725	0.9957500000000437	epochs															feedback_delay	323.0
5382.3235	1.9639999999999418	epochs															feedback	323.0
5384.3265	3.983999999999469	epochs															iti	323.0
5388.33375	12.875250000000051	epochs															maze	324.0
5388.33375	10.985999999999876	epochs															maze_stem	324.0
5388.35725	19.912750000000415	trials	False	False	False	False	False	False	[0.47437721 0.52562273 0.62863594 0.37136406]	-0.15425869822502136	-0.10301318764686584	-0.07712936401367188	0.05150657892227173	0.47437721490859985	[32098 32098 32098 32098 32098]	[32175 32175 32174 32174 32174]		
5399.33975	1.869249999999738	epochs															maze_arm	324.0
5401.2285	7.0219999999999345	epochs															feedback_and_iti	324.0
5401.2285	0.9812499999998181	epochs															feedback_delay	324.0
5402.23	1.998250000000553	epochs															feedback	324.0
5404.26575	3.984750000000531	epochs															iti	324.0
5408.27	11.118499999999585	epochs															maze	325.0
5408.27	6.4412499999998545	epochs															maze_stem	325.0
5408.2905	18.152500000000146	trials	False	False	False	False	False	False	[0.54019552 0.45980448 0.67146671 0.32853335]	-0.1312711536884308	-0.2116622030735016	-0.06563559174537659	0.10583111643791199	0.5401955246925354	[32218 32218 32218 32217 32217]	[32284 32284 32283 32283 32283]		
5414.73175	4.656750000000102	epochs															maze_arm	325.0
5419.40825	7.011249999999563	epochs															feedback_and_iti	325.0
5419.40825	0.9987499999997453	epochs															feedback_delay	325.0
5420.4275	1.9675000000006548	epochs															feedback	325.0
5422.432	3.987500000000182	epochs															iti	325.0
5426.443	7.556249999999636	epochs															maze	326.0
5426.443	3.8652499999998327	epochs															maze_stem	326.0
5426.46375	12.727499999999964	trials	False	False	False	False	True	True	[0.58594143 0.4140586  0.68462205 0.31537798]	-0.09868061542510986	-0.2705634534358978	0.04934030771255493	-0.13528171181678772	0.4140585958957672	[32327 32327 32327 32326 32326]	[32371 32371 32371 32371 32371]		
5430.328	3.671249999999418	epochs															maze_arm	326.0
5434.01725	5.1537500000004	epochs															feedback_and_iti	326.0
5434.01725	0.9835000000002765	epochs															feedback_delay	326.0
5435.0195	1.98174999999992	epochs															feedback	326.0
5437.1915	1.979500000000371	epochs															iti	326.0
5439.19125	9.957000000000335	epochs															maze	327.0
5439.19125	7.056749999999738	epochs															maze_stem	327.0
5439.21175	15.14574999999968	trials	False	False	False	False	True	True	[0.55975026 0.44024971 0.66491652 0.33508345]	-0.10516625642776489	-0.2246668040752411	0.052583128213882446	-0.11233341693878174	0.4402497112751007	[32403 32403 32403 32403 32403]	[32462 32462 32462 32462 32461]		
5446.26625	2.8820000000005166	epochs															maze_arm	327.0
5449.1665	5.168499999999767	epochs															feedback_and_iti	327.0
5449.1665	0.9979999999995925	epochs															feedback_delay	327.0
5450.18525	1.9639999999999418	epochs															feedback	327.0
5452.3365	1.9984999999996944	epochs															iti	327.0
5454.3575	8.409249999999702	epochs															maze	328.0
5454.3575	5.811249999999745	epochs															maze_stem	328.0
5454.38	15.470499999999447	trials	False	False	False	True	True	False	[0.41219419 0.58780581 0.45320413 0.5467959 ]	-0.041009917855262756	0.13460169732570648	-0.02050495147705078	0.06730085611343384	0.5467959046363831	[32494 32494 32494 32494 32494]	[32544 32544 32543 32543 32543]		
5460.18825	2.5784999999996217	epochs															maze_arm	328.0
5462.78625	7.036750000000211	epochs															feedback_and_iti	328.0
5462.78625	0.9822500000000218	epochs															feedback_delay	328.0
5463.7895	1.9954999999999927	epochs															feedback	328.0
5465.8215	4.001500000000306	epochs															iti	328.0
5469.8505	7.5587500000001455	epochs															maze	329.0
5469.8505	4.137250000000677	epochs															maze_stem	329.0
5469.871	14.606499999999869	trials	False	False	False	True	True	False	[0.32976708 0.67023289 0.39595652 0.60404348]	-0.06618942320346832	0.27427639067173004	-0.033094704151153564	0.13713818788528442	0.6040434837341309	[32587 32587 32587 32587 32586]	[32632 32631 32631 32631 32631]		
5474.00725	3.4020000000000437	epochs															maze_arm	329.0
5477.429	7.0277500000001965	epochs															feedback_and_iti	329.0
5477.429	0.9962500000001455	epochs															feedback_delay	329.0
5478.4465	1.981999999999971	epochs															feedback	329.0
5480.48025	3.9765000000006694	epochs															iti	329.0
5484.4775	6.656500000000051	epochs															maze	330.0
5484.4775	4.513249999999971	epochs															maze_stem	330.0
5484.4975	13.688499999999294	trials	False	False	False	False	False	False	[0.3509011  0.64909893 0.41231558 0.58768439]	-0.061414510011672974	0.23678332567214966	-0.030707240104675293	-0.11839166283607483	0.3509010970592499	[32675 32675 32675 32674 32674]	[32714 32714 32713 32713 32713]		
5489.0105	2.1234999999996944	epochs															maze_arm	330.0
5491.15375	7.011999999999716	epochs															feedback_and_iti	330.0
5491.15375	0.9904999999998836	epochs															feedback_delay	330.0
5492.164	1.9760000000005675	epochs															feedback	330.0
5494.179	3.986750000000029	epochs															iti	330.0
5498.186	8.03625000000011	epochs															maze	331.0
5498.186	5.135250000000269	epochs															maze_stem	331.0
5498.206	15.074249999999665	trials	False	False	False	True	True	False	[0.46508625 0.53491378 0.52121657 0.4787834 ]	-0.05613034963607788	0.013697177171707153	-0.028065189719200134	0.006848588585853577	0.47878339886665344	[32757 32757 32757 32757 32756]	[32804 32804 32804 32804 32804]		
5503.341	2.8812499999994543	epochs															maze_arm	331.0
5506.2425	7.017249999999876	epochs															feedback_and_iti	331.0
5506.2425	0.9829999999992651	epochs															feedback_delay	331.0
5507.24625	1.9909999999999854	epochs															feedback	331.0
5509.27625	3.9835000000002765	epochs															iti	331.0
5513.28025	11.653250000000298	epochs															maze	332.0
5513.28025	7.27350000000024	epochs															maze_stem	332.0
5513.3035	16.83299999999963	trials	True	False	False	False	True	True	[0.40834367 0.59165633 0.41591641 0.58408362]	-0.007572725415229797	0.17573992908000946	0.0037863552570343018	0.08786997199058533	0.5916563272476196	[32848 32847 32847 32847 32847]	[32917 32916 32916 32916 32916]		
5520.5715	4.36200000000008	epochs															maze_arm	332.0
5524.95275	5.163249999999607	epochs															feedback_and_iti	332.0
5524.95275	0.9887499999995271	epochs															feedback_delay	332.0
5525.9605	1.9785000000001673	epochs															feedback	332.0
5528.13275	1.9832500000002256	epochs															iti	332.0
5530.1365	10.000500000000102	epochs															maze	333.0
5530.1365	6.1837500000001455	epochs															maze_stem	333.0
5530.15675	15.182999999999993	trials	False	False	False	True	False	True	[0.48744249 0.51255751 0.59530771 0.40469235]	-0.10786518454551697	-0.08275017142295837	0.05393260717391968	0.04137510061264038	0.5953077077865601	[32949 32948 32948 32948 32948]	[33008 33007 33007 33007 33007]		
5536.34	3.7969999999995707	epochs															maze_arm	333.0
5540.15775	5.161999999999352	epochs															feedback_and_iti	333.0
5540.15775	0.9967499999993379	epochs															feedback_delay	333.0
5541.1745	1.9637499999998909	epochs															feedback	333.0
5543.331	1.988749999999527	epochs															iti	333.0
5545.33975	6.748749999999745	epochs															maze	334.0
5545.33975	5.011249999999563	epochs															maze_stem	334.0
5545.3595	13.795500000000175	trials	False	False	False	False	False	False	[0.50888985 0.49111009 0.76880842 0.23119155]	-0.25991855561733246	-0.2776983231306076	-0.12995928525924683	0.138849139213562	0.5088898539543152	[33040 33040 33039 33039 33039]	[33079 33079 33079 33079 33079]		
5550.3695	1.719000000000051	epochs															maze_arm	334.0
5552.108	7.02599999999984	epochs															feedback_and_iti	334.0
5552.108	0.994499999999789	epochs															feedback_delay	334.0
5553.121	1.9837500000003274	epochs															feedback	334.0
5555.14275	3.9912500000000364	epochs															iti	334.0
5559.155	8.231999999999971	epochs															maze	335.0
5559.155	4.814750000000458	epochs															maze_stem	335.0
5559.175	13.415750000000116	trials	False	False	False	True	False	True	[0.56532425 0.43467572 0.70152634 0.29847363]	-0.13620209693908691	-0.26685062050819397	0.06810104846954346	0.1334252953529358	0.7015263438224792	[33123 33122 33122 33122 33122]	[33171 33171 33171 33170 33170]		
5563.98975	3.3972499999999854	epochs															maze_arm	335.0
5567.4065	5.163749999999709	epochs															feedback_and_iti	335.0
5567.4065	0.981499999999869	epochs															feedback_delay	335.0
5568.408	1.9822500000000218	epochs															feedback	335.0
5570.5865	1.983749999999418	epochs															iti	335.0
5572.59075	6.187750000000051	epochs															maze	336.0
5572.59075	4.838749999999891	epochs															maze_stem	336.0
5572.61075	13.224250000000211	trials	False	False	False	False	False	False	[0.62271446 0.37728551 0.81502205 0.18497792]	-0.19230759143829346	-0.43773654103279114	-0.09615379571914673	0.21886825561523438	0.6227144598960876	[33203 33203 33203 33203 33202]	[33239 33239 33239 33239 33239]		
5577.4495	1.329000000000633	epochs															maze_arm	336.0
5578.79825	7.0164999999997235	epochs															feedback_and_iti	336.0
5578.79825	0.9845000000004802	epochs															feedback_delay	336.0
5579.804	1.9849999999996726	epochs															feedback	336.0
5581.8275	3.9872499999992215	epochs															iti	336.0
5585.835	11.683250000000044	epochs															maze	337.0
5585.835	5.050500000000284	epochs															maze_stem	337.0
5585.85575	16.869000000000597	trials	False	False	False	False	True	True	[0.58327222 0.41672775 0.73685282 0.26314721]	-0.15358057618141174	-0.3201250433921814	0.07679027318954468	-0.1600625216960907	0.416727751493454	[33283 33282 33282 33282 33282]	[33352 33352 33351 33351 33351]		
5590.90975	6.6085000000002765	epochs															maze_arm	337.0
5597.53775	5.165999999999258	epochs															feedback_and_iti	337.0
5597.53775	0.9994999999998981	epochs															feedback_delay	337.0
5598.5585	1.961250000000291	epochs															feedback	337.0
5600.7145	1.989249999999629	epochs															iti	337.0
5602.72475	10.397750000000087	epochs															maze	338.0
5602.72475	6.381499999999505	epochs															maze_stem	338.0
5602.745	17.43975000000046	trials	False	False	False	True	True	False	[0.53814316 0.46185687 0.73686969 0.26313031]	-0.19872654974460602	-0.2750128358602524	-0.0993632823228836	-0.1375064104795456	0.2631303071975708	[33384 33384 33383 33383 33383]	[33445 33445 33445 33445 33444]		
5609.126	3.9965000000001965	epochs															maze_arm	338.0
5613.142	7.022750000000087	epochs															feedback_and_iti	338.0
5613.142	0.9937500000005457	epochs															feedback_delay	338.0
5614.15825	1.970749999999498	epochs															feedback	338.0
5616.16675	3.9979999999995925	epochs															iti	338.0
5620.18475	7.593499999999949	epochs															maze	339.0
5620.18475	4.234499999999571	epochs															maze_stem	339.0
5620.2045	14.659499999999753	trials	False	False	False	True	True	False	[0.4603501  0.5396499  0.47388798 0.52611202]	-0.013537883758544922	0.06576192378997803	-0.006768941879272461	0.032880961894989014	0.5261120200157166	[33489 33488 33488 33488 33488]	[33533 33533 33533 33533 33532]		
5624.43875	3.3395000000000437	epochs															maze_arm	339.0
5627.79825	7.033750000000509	epochs															feedback_and_iti	339.0
5627.79825	0.9827500000001237	epochs															feedback_delay	339.0
5628.80125	1.989249999999629	epochs															feedback	339.0
5630.83075	4.001250000000255	epochs															iti	339.0
5634.864	18.626750000000357	epochs															maze	340.0
5634.864	15.846750000000611	epochs															maze_stem	340.0
5634.88525	25.67149999999947	trials	False	False	False	True	True	False	[0.36748967 0.63251036 0.42590293 0.57409704]	-0.058413296937942505	0.2066074013710022	-0.029206663370132446	0.1033037006855011	0.5740970373153687	[33577 33576 33576 33576 33576]	[33687 33687 33687 33687 33687]		
5650.73175	2.7590000000000146	epochs															maze_arm	340.0
5653.51075	7.025499999999738	epochs															feedback_and_iti	340.0
5653.51075	0.9854999999997744	epochs															feedback_delay	340.0
5654.515	1.9864999999999782	epochs															feedback	340.0
5656.53975	3.9965000000001965	epochs															iti	340.0
5660.55675	8.005750000000262	epochs															maze	341.0
5660.55675	4.691499999999905	epochs															maze_stem	341.0
5660.57675	15.058250000000044	trials	False	False	False	True	True	False	[0.37315494 0.626845   0.42649075 0.57350922]	-0.053335800766944885	0.20035426318645477	-0.026667892932891846	0.1001771092414856	0.5735092163085938	[33731 33730 33730 33730 33730]	[33778 33777 33777 33777 33777]		
5665.2675	3.2950000000000728	epochs															maze_arm	341.0
5668.58225	7.032249999999294	epochs															feedback_and_iti	341.0
5668.58225	0.9979999999995925	epochs															feedback_delay	341.0
5669.60125	1.979500000000371	epochs															feedback	341.0
5671.61925	3.995249999999942	epochs															iti	341.0
5675.635	9.974499999999352	epochs															maze	342.0
5675.635	5.204999999999927	epochs															maze_stem	342.0
5675.65475	15.163750000000618	trials	True	False	False	True	False	True	[0.36573243 0.63426757 0.42325836 0.57674164]	-0.05752593278884888	0.2110092043876648	0.02876296639442444	-0.1055046021938324	0.42325836420059204	[33821 33821 33821 33820 33820]	[33880 33880 33879 33879 33879]		
5680.85925	4.750249999999141	epochs															maze_arm	342.0
5685.63	5.170250000000124	epochs															feedback_and_iti	342.0
5685.63	0.9984999999996944	epochs															feedback_delay	342.0
5686.64925	1.9799999999995634	epochs															feedback	342.0
5688.81625	1.9840000000003783	epochs															iti	342.0
5690.8185	8.064749999999549	epochs															maze	343.0
5690.8185	5.302999999999884	epochs															maze_stem	343.0
5690.83825	13.246750000000247	trials	True	False	False	True	False	True	[0.4662711  0.53372896 0.64874125 0.35125878]	-0.1824701577425003	-0.11501230299472809	0.09123507142066956	0.057506173849105835	0.6487412452697754	[33912 33912 33912 33911 33911]	[33959 33959 33959 33959 33959]		
5696.1425	2.7407499999999345	epochs															maze_arm	343.0
5698.9025	5.162000000000262	epochs															feedback_and_iti	343.0
5698.9025	0.9812499999998181	epochs															feedback_delay	343.0
5699.90275	1.9857499999998254	epochs															feedback	343.0
5702.076	1.9885000000003856	epochs															iti	343.0
5704.085	8.056999999999789	epochs															maze	344.0
5704.085	5.304250000000138	epochs															maze_stem	344.0
5704.10525	15.097000000000662	trials	False	False	False	False	False	False	[0.54890662 0.45109338 0.82423162 0.17576838]	-0.2753250002861023	-0.3731382489204407	-0.13766250014305115	0.18656912446022034	0.5489066243171692	[33992 33991 33991 33991 33991]	[34039 34039 34039 34038 34038]		
5709.4095	2.7325000000000728	epochs															maze_arm	344.0
5712.16275	7.019249999999374	epochs															feedback_and_iti	344.0
5712.16275	0.9869999999991705	epochs															feedback_delay	344.0
5713.169	1.993000000000393	epochs															feedback	344.0
5715.20025	3.98174999999992	epochs															iti	344.0
5719.20225	7.7112499999993815	epochs															maze	345.0
5719.20225	5.625	epochs															maze_stem	345.0
5719.22075	12.902749999999287	trials	False	False	False	False	True	True	[0.57714391 0.42285603 0.74415451 0.25584555]	-0.16701054573059082	-0.32129842042922974	0.08350524306297302	-0.16064921021461487	0.42285603284835815	[34082 34082 34082 34082 34081]	[34128 34127 34127 34127 34127]		
5724.84725	2.0662499999998545	epochs															maze_arm	345.0
5726.933	5.171750000000429	epochs															feedback_and_iti	345.0
5726.933	0.9970000000002983	epochs															feedback_delay	345.0
5727.95125	1.9735000000000582	epochs															feedback	345.0
5730.11175	1.993000000000393	epochs															iti	345.0
5732.1235	8.14075000000048	epochs															maze	346.0
5732.1235	5.230750000000626	epochs															maze_stem	346.0
5732.14375	15.190999999999804	trials	False	False	False	True	True	False	[0.49510321 0.50489676 0.74486166 0.25513834]	-0.24975843727588654	-0.23996488749980927	-0.12487921118736267	-0.11998245120048523	0.2551383376121521	[34160 34160 34159 34159 34159]	[34208 34207 34207 34207 34207]		
5737.373	2.891250000000582	epochs															maze_arm	346.0
5740.28425	7.030000000000655	epochs															feedback_and_iti	346.0
5740.28425	0.9805000000005748	epochs															feedback_delay	346.0
5741.28575	1.9960000000000946	epochs															feedback	346.0
5743.31975	3.9945000000006985	epochs															iti	346.0
5747.33475	7.424250000000029	epochs															maze	347.0
5747.33475	4.433250000000044	epochs															maze_stem	347.0
5747.35725	14.45824999999968	trials	False	False	False	False	False	False	[0.43698665 0.56301332 0.47706151 0.52293849]	-0.04007484018802643	0.08595182001590729	-0.02003742754459381	-0.04297591745853424	0.43698665499687195	[34251 34251 34251 34250 34250]	[34294 34294 34294 34294 34294]		
5751.7875	2.9714999999996508	epochs															maze_arm	347.0
5754.77875	7.0182499999991705	epochs															feedback_and_iti	347.0
5754.77875	0.9869999999991705	epochs															feedback_delay	347.0
5755.786	1.9772499999999127	epochs															feedback	347.0
5757.8015	3.9954999999999927	epochs															iti	347.0
5761.8155	6.794499999999971	epochs															maze	348.0
5761.8155	4.296500000000378	epochs															maze_stem	348.0
5761.83575	13.839500000000044	trials	False	False	False	False	False	False	[0.49754152 0.50245845 0.61508805 0.38491192]	-0.11754652857780457	-0.11262959241867065	-0.05877326428890228	0.05631478130817413	0.49754151701927185	[34338 34338 34337 34337 34337]	[34378 34377 34377 34377 34377]		
5766.132	2.4780000000000655	epochs															maze_arm	348.0
5768.6295	7.023000000000138	epochs															feedback_and_iti	348.0
5768.6295	0.9804999999996653	epochs															feedback_delay	348.0
5769.63	1.9970000000002983	epochs															feedback	348.0
5771.665	3.987500000000182	epochs															iti	348.0
5775.67525	10.381749999999556	epochs															maze	349.0
5775.67525	7.289249999999811	epochs															maze_stem	349.0
5775.6975	15.55474999999933	trials	False	False	False	False	True	True	[0.5612992  0.43870074 0.66067368 0.33932635]	-0.0993744283914566	-0.22197289764881134	0.04968719184398651	-0.11098645627498627	0.43870073556900024	[34421 34421 34420 34420 34420]	[34482 34482 34482 34482 34481]		
5782.98425	3.0727499999993597	epochs															maze_arm	349.0
5786.0755	5.155999999999949	epochs															feedback_and_iti	349.0
5786.0755	0.9947499999998399	epochs															feedback_delay	349.0
5787.09075	1.9682499999998981	epochs															feedback	349.0
5789.2545	1.9769999999998618	epochs															iti	349.0
5791.25225	11.123500000000604	epochs															maze	350.0
5791.25225	5.610250000000633	epochs															maze_stem	350.0
5791.271	16.330249999999978	trials	True	False	False	True	False	True	[0.53666866 0.46333128 0.63099682 0.36900318]	-0.0943281352519989	-0.1676655113697052	0.047164082527160645	0.0838327407836914	0.630996823310852	[34514 34514 34514 34514 34513]	[34580 34580 34580 34579 34579]		
5796.88275	5.493000000000393	epochs															maze_arm	350.0
5802.395	5.186499999999796	epochs															feedback_and_iti	350.0
5802.395	0.9899999999997817	epochs															feedback_delay	350.0
5803.404	1.9879999999993743	epochs															feedback	350.0
5805.58575	1.9957500000000437	epochs															iti	350.0
5807.60125	7.9762500000006185	epochs															maze	351.0
5807.60125	4.313000000000102	epochs															maze_stem	351.0
5807.62075	13.169499999999971	trials	True	False	False	False	True	True	[0.59218079 0.40781921 0.77775574 0.22224431]	-0.18557492643594742	-0.369936503469944	0.09278745204210281	-0.1849682405591011	0.4078192114830017	[34612 34612 34612 34612 34611]	[34659 34659 34659 34659 34658]		
5811.9335	3.644000000000233	epochs															maze_arm	351.0
5815.59675	5.173250000000735	epochs															feedback_and_iti	351.0
5815.59675	0.9965000000001965	epochs															feedback_delay	351.0
5816.61275	1.9747499999994034	epochs															feedback	351.0
5818.782	1.9880000000002838	epochs															iti	351.0
5820.79025	16.175750000000335	epochs															maze	352.0
5820.79025	13.465000000000146	epochs															maze_stem	352.0
5820.8105	23.20850000000064	trials	False	False	False	False	False	False	[0.5933888  0.40661117 0.75970709 0.24029288]	-0.16631829738616943	-0.3530959188938141	-0.08315914869308472	0.17654794454574585	0.5933887958526611	[34691 34691 34691 34691 34691]	[34787 34787 34787 34787 34787]		
5834.27325	2.69275000000016	epochs															maze_arm	352.0
5836.9865	7.013500000000022	epochs															feedback_and_iti	352.0
5836.9865	0.9809999999997672	epochs															feedback_delay	352.0
5837.9895	1.9895000000005894	epochs															feedback	352.0
5840.0165	3.9835000000002765	epochs															iti	352.0
5844.019	8.038499999999658	epochs															maze	353.0
5844.019	4.269499999999425	epochs															maze_stem	353.0
5844.03925	15.08600000000024	trials	False	False	False	True	True	False	[0.52833176 0.47166824 0.6351251  0.36487484]	-0.1067933738231659	-0.16345688700675964	-0.05339670181274414	-0.08172845840454102	0.36487483978271484	[34831 34830 34830 34830 34830]	[34878 34878 34877 34877 34877]		
5848.30875	3.7487499999997453	epochs															maze_arm	353.0
5852.07825	7.028500000000349	epochs															feedback_and_iti	353.0
5852.07825	0.9970000000002983	epochs															feedback_delay	353.0
5853.0955	1.9797499999995125	epochs															feedback	353.0
5855.114	3.992750000000342	epochs															iti	353.0
5859.12525	10.842999999999847	epochs															maze	354.0
5859.12525	7.820999999999913	epochs															maze_stem	354.0
5859.1455	17.879000000000815	trials	False	False	False	True	True	False	[0.44561687 0.55438316 0.44084322 0.55915672]	0.0047736018896102905	0.11353988945484161	0.0023867785930633545	0.05676993727684021	0.5591567158699036	[34921 34921 34921 34921 34920]	[34985 34985 34985 34985 34984]		
5866.96675	3.0015000000003056	epochs															maze_arm	354.0
5869.98875	7.016999999999825	epochs															feedback_and_iti	354.0
5869.98875	0.9929999999994834	epochs															feedback_delay	354.0
5871.00225	1.9717500000006112	epochs															feedback	354.0
5873.0145	3.9912500000000364	epochs															iti	354.0
5877.0245	8.654999999999745	epochs															maze	355.0
5877.0245	5.340499999999338	epochs															maze_stem	355.0
5877.04475	13.858000000000175	trials	False	False	False	True	False	True	[0.38795549 0.61204451 0.41963723 0.58036274]	-0.031681761145591736	0.1924072653055191	0.01584087312221527	-0.09620364010334015	0.4196372330188751	[35029 35028 35028 35028 35028]	[35079 35079 35079 35079 35079]		
5882.385	3.294499999999971	epochs															maze_arm	355.0
5885.69925	5.183500000000095	epochs															feedback_and_iti	355.0
5885.69925	0.9864999999999782	epochs															feedback_delay	355.0
5886.706	1.987250000000131	epochs															feedback	355.0
5888.89375	1.988999999999578	epochs															iti	355.0
5890.90275	8.359999999999673	epochs															maze	356.0
5890.90275	6.068000000000211	epochs															maze_stem	356.0
5890.92125	13.552749999999833	trials	False	False	False	True	False	True	[0.46339071 0.53660929 0.62064713 0.37935284]	-0.15725643932819366	-0.08403785526752472	0.07862821221351624	0.04201892018318176	0.620647132396698	[35112 35112 35111 35111 35111]	[35161 35161 35160 35160 35160]		
5896.99125	2.2714999999998327	epochs															maze_arm	356.0
5899.283	5.17174999999952	epochs															feedback_and_iti	356.0
5899.283	0.9977499999995416	epochs															feedback_delay	356.0
5900.301	1.965249999999287	epochs															feedback	356.0
5902.45975	1.9949999999998909	epochs															iti	356.0
5904.474	8.89599999999973	epochs															maze	357.0
5904.474	5.908249999999498	epochs															maze_stem	357.0
5904.4935	14.077750000000378	trials	True	False	False	False	True	True	[0.57497478 0.42502528 0.80664951 0.19335048]	-0.23167476803064346	-0.3816242590546608	0.11583740264177322	-0.1908121183514595	0.4250252842903137	[35193 35193 35193 35192 35192]	[35245 35245 35245 35245 35245]		
5910.40175	2.968249999999898	epochs															maze_arm	357.0
5913.389	5.163499999999658	epochs															feedback_and_iti	357.0
5913.389	0.9877500000002328	epochs															feedback_delay	357.0
5914.39625	1.9842500000004293	epochs															feedback	357.0
5916.55825	1.994249999999738	epochs															iti	357.0
5918.57125	8.225500000000466	epochs															maze	358.0
5918.57125	5.413000000000466	epochs															maze_stem	358.0
5918.59175	15.259250000000065	trials	False	False	False	False	False	False	[0.5820688  0.41793123 0.750314   0.24968605]	-0.16824518889188766	-0.33238276094198227	-0.08412259817123413	0.16619139909744263	0.5820688009262085	[35278 35277 35277 35277 35277]	[35326 35326 35326 35325 35325]		
5924.00475	2.792000000000371	epochs															maze_arm	358.0
5926.8165	7.014250000000175	epochs															feedback_and_iti	358.0
5926.8165	0.9887500000004366	epochs															feedback_delay	358.0
5927.82575	1.981499999999869	epochs															feedback	358.0
5929.844	3.986750000000029	epochs															iti	358.0
5933.851	9.829999999999927	epochs															maze	359.0
5933.851	7.697500000000218	epochs															maze_stem	359.0
5933.86975	15.014500000000226	trials	False	False	False	True	False	True	[0.53078681 0.46921319 0.6599865  0.3400135 ]	-0.12919968366622925	-0.19077330827713013	0.06459984183311462	0.09538665413856506	0.6599864959716797	[35369 35369 35369 35369 35368]	[35427 35427 35427 35427 35426]		
5941.567	2.113999999999578	epochs															maze_arm	359.0
5943.70075	5.162500000000364	epochs															feedback_and_iti	359.0
5943.70075	0.9847499999996217	epochs															feedback_delay	359.0
5944.707	1.9754999999995562	epochs															feedback	359.0
5946.87425	1.9890000000004875	epochs															iti	359.0
5948.88425	7.711999999999534	epochs															maze	360.0
5948.88425	5.015999999999622	epochs															maze_stem	360.0
5948.90475	14.751000000000204	trials	False	False	False	False	False	False	[0.58492881 0.41507116 0.80639255 0.19360749]	-0.22146370261907578	-0.3913213536143303	-0.11073186993598938	0.19566068053245544	0.5849288105964661	[35459 35459 35459 35459 35459]	[35505 35504 35504 35504 35504]		
5953.9185	2.6777499999998327	epochs															maze_arm	360.0
5956.616	7.019250000000284	epochs															feedback_and_iti	360.0
5956.616	0.9975000000004002	epochs															feedback_delay	360.0
5957.635	1.9692500000001019	epochs															feedback	360.0
5959.64075	3.9945000000006985	epochs															iti	360.0
5963.65575	9.888750000000073	epochs															maze	361.0
5963.65575	4.838999999999942	epochs															maze_stem	361.0
5963.67425	15.100000000000364	trials	False	False	False	False	True	True	[0.57476187 0.42523816 0.72615802 0.27384201]	-0.15139615535736084	-0.30091986060142517	0.07569807767868042	-0.1504599153995514	0.42523816227912903	[35548 35548 35548 35547 35547]	[35606 35606 35606 35606 35605]		
5968.51425	5.030249999999796	epochs															maze_arm	361.0
5973.564	5.176749999999629	epochs															feedback_and_iti	361.0
5973.564	0.9954999999999927	epochs															feedback_delay	361.0
5974.58	1.9827500000001237	epochs															feedback	361.0
5976.75275	1.9880000000002838	epochs															iti	361.0
5978.77425	5.6612499999992	epochs															maze	362.0
5978.77425	4.546499999999469	epochs															maze_stem	362.0
5978.79775	12.710000000000036	trials	False	False	False	False	False	False	[0.529266   0.47073403 0.72523791 0.27476209]	-0.19597192108631134	-0.25450389087200165	-0.09798595309257507	0.12725195288658142	0.5292659997940063	[35639 35638 35638 35638 35638]	[35672 35671 35671 35671 35671]		
5983.34025	1.095249999999396	epochs															maze_arm	362.0
5984.4555	7.031750000000102	epochs															feedback_and_iti	362.0
5984.4555	0.9852499999997235	epochs															feedback_delay	362.0
5985.462	1.9899999999997817	epochs															feedback	362.0
5987.48875	3.9984999999996944	epochs															iti	362.0
5991.50775	10.889750000000276	epochs															maze	363.0
5991.50775	8.002250000000458	epochs															maze_stem	363.0
5991.52675	16.089500000000044	trials	False	False	False	False	True	True	[0.53432405 0.46567595 0.61847043 0.38152951]	-0.0841464102268219	-0.1527945101261139	0.042073220014572144	-0.07639726996421814	0.465675950050354	[35715 35715 35715 35714 35714]	[35779 35779 35779 35779 35778]		
5999.5305	2.867000000000189	epochs															maze_arm	363.0
6002.41775	5.1784999999999854	epochs															feedback_and_iti	363.0
6002.41775	0.9965000000001965	epochs															feedback_delay	363.0
6003.43475	1.9802499999996144	epochs															feedback	363.0
6005.60375	1.9924999999993815	epochs															iti	363.0
6007.61625	9.720000000000255	epochs															maze	364.0
6007.61625	5.208499999999731	epochs															maze_stem	364.0
6007.63625	14.913750000000618	trials	True	False	False	True	False	True	[0.49586329 0.50413668 0.58351171 0.41648829]	-0.087648406624794	-0.0793750137090683	0.0438242107629776	0.03968749940395355	0.5835117101669312	[35811 35811 35811 35811 35811]	[35869 35869 35868 35868 35868]		
6012.844	4.49225000000024	epochs															maze_arm	364.0
6017.3555	5.173999999999978	epochs															feedback_and_iti	364.0
6017.3555	0.9880000000002838	epochs															feedback_delay	364.0
6018.36325	1.9882499999994252	epochs															feedback	364.0
6020.53225	1.9972499999994398	epochs															iti	364.0
6022.55	7.727249999999913	epochs															maze	365.0
6022.55	4.533999999999651	epochs															maze_stem	365.0
6022.56875	12.900499999999738	trials	False	False	False	True	False	True	[0.56013608 0.43986389 0.77921695 0.22078301]	-0.2190808728337288	-0.3393530622124672	0.1095404326915741	0.1696765124797821	0.7792169451713562	[35901 35901 35901 35900 35900]	[35946 35946 35946 35946 35946]		
6027.10425	3.1729999999997744	epochs															maze_arm	365.0
6030.297	5.151500000000851	epochs															feedback_and_iti	365.0
6030.297	0.9887500000004366	epochs															feedback_delay	365.0
6031.307	1.9780000000000655	epochs															feedback	365.0
6033.46425	1.9842500000004293	epochs															iti	365.0
6035.46925	6.8215000000000146	epochs															maze	366.0
6035.46925	4.850999999999658	epochs															maze_stem	366.0
6035.489	12.011250000000473	trials	False	False	False	True	False	True	[0.62535191 0.37464809 0.86271679 0.13728321]	-0.23736488819122314	-0.48806869983673096	0.11868244409561157	0.24403434991836548	0.862716794013977	[35978 35978 35978 35978 35978]	[36018 36018 36018 36018 36018]		
6040.3405	1.950249999999869	epochs															maze_arm	366.0
6042.3105	5.1690000000007785	epochs															feedback_and_iti	366.0
6042.3105	0.98700000000008	epochs															feedback_delay	366.0
6043.3185	1.986750000000029	epochs															feedback	366.0
6045.49775	1.98174999999992	epochs															iti	366.0
6047.50025	7.285249999999905	epochs															maze	367.0
6047.50025	4.767249999999876	epochs															maze_stem	367.0
6047.519	12.468499999999949	trials	False	False	False	True	False	True	[0.62672764 0.37327239 0.88876241 0.11123758]	-0.2620347924530506	-0.5154900439083576	0.13101738691329956	0.25774502754211426	0.8887624144554138	[36051 36050 36050 36050 36050]	[36093 36093 36093 36093 36093]		
6052.2875	2.4979999999995925	epochs															maze_arm	367.0
6054.8075	5.157000000000153	epochs															feedback_and_iti	367.0
6054.8075	0.9845000000004802	epochs															feedback_delay	367.0
6055.81225	1.9804999999996653	epochs															feedback	367.0
6057.97	1.994499999999789	epochs															iti	367.0
6059.9875	8.832499999999527	epochs															maze	368.0
6059.9875	6.011999999999716	epochs															maze_stem	368.0
6060.01075	15.877999999999702	trials	False	False	False	True	True	False	[0.60898823 0.39101183 0.89987117 0.10012884]	-0.29088297113776207	-0.5088593624532223	-0.14544149860739708	-0.2544296644628048	0.10012883692979813	[36125 36125 36125 36125 36125]	[36178 36177 36177 36177 36177]		
6066.01825	2.801749999999629	epochs															maze_arm	368.0
6068.8405	7.0275000000001455	epochs															feedback_and_iti	368.0
6068.8405	0.9825000000000728	epochs															feedback_delay	368.0
6069.84375	1.9837500000003274	epochs															feedback	368.0
6071.866	4.0020000000004075	epochs															iti	368.0
6075.88875	7.2537499999998545	epochs															maze	369.0
6075.88875	4.513500000000022	epochs															maze_stem	369.0
6075.90975	12.445749999999862	trials	False	False	False	False	True	True	[0.44342667 0.55657327 0.59877807 0.40122193]	-0.15535137057304382	-0.04220476746559143	0.07767567038536072	-0.02110239863395691	0.5565732717514038	[36221 36221 36220 36220 36220]	[36263 36263 36263 36263 36263]		
6080.42125	2.7212499999996	epochs															maze_arm	369.0
6083.162	5.1727499999997235	epochs															feedback_and_iti	369.0
6083.162	0.9864999999999782	epochs															feedback_delay	369.0
6084.16925	1.986750000000029	epochs															feedback	369.0
6086.36225	1.9724999999998545	epochs															iti	369.0
6088.3555	8.334249999999884	epochs															maze	370.0
6088.3555	6.2205000000003565	epochs															maze_stem	370.0
6088.37475	15.368749999999636	trials	False	False	False	True	True	False	[0.37268928 0.62731075 0.65493488 0.34506509]	-0.2822456359863281	-0.027624160051345825	-0.14112283289432526	-0.013812080025672913	0.34506508708000183	[36296 36295 36295 36295 36295]	[36345 36344 36344 36344 36344]		
6094.5955	2.0942499999991924	epochs															maze_arm	370.0
6096.70975	7.012749999999869	epochs															feedback_and_iti	370.0
6096.70975	0.9832500000002256	epochs															feedback_delay	370.0
6097.715	1.9790000000002692	epochs															feedback	370.0
6099.7335	3.988999999999578	epochs															iti	370.0
6103.7435	7.516500000000633	epochs															maze	371.0
6103.7435	4.3715000000001965	epochs															maze_stem	371.0
6103.7635	14.547999999999774	trials	False	False	False	False	False	False	[0.35959432 0.64040565 0.45995152 0.54004842]	-0.10035721957683563	0.18045412003993988	-0.05017860233783722	-0.09022708237171173	0.35959431529045105	[36388 36388 36387 36387 36387]	[36432 36432 36432 36431 36431]		
6108.13525	3.124749999999949	epochs															maze_arm	371.0
6111.2785	7.012499999999818	epochs															feedback_and_iti	371.0
6111.2785	0.9859999999998763	epochs															feedback_delay	371.0
6112.285	1.9780000000000655	epochs															feedback	371.0
6114.3015	3.9895000000005894	epochs															iti	371.0
6118.3115	7.410750000000007	epochs															maze	372.0
6118.3115	4.525250000000597	epochs															maze_stem	372.0
6118.33175	14.461249999999382	trials	False	False	False	False	False	False	[0.45196721 0.54803282 0.60194558 0.39805436]	-0.1499784141778946	-0.053912803530693054	-0.0749891847372055	0.02695639431476593	0.4519672095775604	[36475 36475 36475 36475 36474]	[36519 36518 36518 36518 36518]		
6122.85675	2.8654999999998836	epochs															maze_arm	372.0
6125.742	7.026499999999942	epochs															feedback_and_iti	372.0
6125.742	0.9844999999995707	epochs															feedback_delay	372.0
6126.7475	1.9922499999993306	epochs															feedback	372.0
6128.777	3.9915000000000873	epochs															iti	372.0
6132.793	7.8327500000004875	epochs															maze	373.0
6132.793	5.1267500000003565	epochs															maze_stem	373.0
6132.818	14.898000000000138	trials	False	False	False	True	True	False	[0.53283906 0.46716097 0.66831267 0.33168733]	-0.13547362387180328	-0.20115171372890472	-0.06773681938648224	-0.10057584941387177	0.331687331199646	[36562 36562 36562 36561 36561]	[36608 36608 36608 36607 36607]		
6137.9405	2.685250000000451	epochs															maze_arm	373.0
6140.64625	7.040750000000116	epochs															feedback_and_iti	373.0
6140.64625	0.9915000000000873	epochs															feedback_delay	373.0
6141.65825	1.9844999999995707	epochs															feedback	373.0
6143.6805	4.006499999999505	epochs															iti	373.0
6147.716	7.297499999999673	epochs															maze	374.0
6147.716	3.881749999999556	epochs															maze_stem	374.0
6147.73675	12.478500000000167	trials	False	False	False	False	True	True	[0.45141533 0.5485847  0.4636063  0.53639364]	-0.012191012501716614	0.08497835695743561	0.006095528602600098	0.04248917102813721	0.5485846996307373	[36651 36651 36651 36651 36651]	[36694 36694 36694 36694 36693]		
6151.618	3.395499999999629	epochs															maze_arm	374.0
6155.0335	5.16150000000016	epochs															feedback_and_iti	374.0
6155.0335	0.9862500000008367	epochs															feedback_delay	374.0
6156.041	1.9777500000000146	epochs															feedback	374.0
6158.2065	1.9884999999994761	epochs															iti	374.0
6160.21525	10.227750000000015	epochs															maze	375.0
6160.21525	7.452249999999367	epochs															maze_stem	375.0
6160.23525	17.275250000000597	trials	False	False	False	False	False	False	[0.40791973 0.59208024 0.47374752 0.52625245]	-0.06582778692245483	0.11833271384239197	-0.03291389346122742	-0.05916637182235718	0.4079197347164154	[36726 36726 36726 36726 36726]	[36787 36787 36786 36786 36786]		
6167.688	2.755000000000109	epochs															maze_arm	375.0
6170.46325	7.02350000000024	epochs															feedback_and_iti	375.0
6170.46325	0.9935000000004948	epochs															feedback_delay	375.0
6171.47575	1.9822500000000218	epochs															feedback	375.0
6173.49475	3.992000000000189	epochs															iti	375.0
6177.5105	7.540999999999258	epochs															maze	376.0
6177.5105	4.411999999999352	epochs															maze_stem	376.0
6177.533	12.714500000000044	trials	False	False	False	True	False	True	[0.44958124 0.55041873 0.56256652 0.43743345]	-0.1129852831363678	-0.012147784233093262	0.0564926415681839	0.006073877215385437	0.5625665187835693	[36830 36830 36830 36830 36829]	[36874 36874 36874 36874 36874]		
6181.9425	3.108999999999469	epochs															maze_arm	376.0
6185.06975	5.157250000000204	epochs															feedback_and_iti	376.0
6185.06975	0.9932500000004438	epochs															feedback_delay	376.0
6186.08425	1.9707500000004075	epochs															feedback	376.0
6188.23625	1.9907499999999345	epochs															iti	376.0
6190.2475	9.280999999999949	epochs															maze	377.0
6190.2475	6.658499999999549	epochs															maze_stem	377.0
6190.26725	14.47150000000056	trials	False	False	False	False	True	True	[0.54876238 0.45123762 0.79210126 0.20789878]	-0.24333886057138443	-0.3408636227250099	0.12166941910982132	-0.17043180018663406	0.45123761892318726	[36906 36906 36906 36906 36906]	[36961 36961 36961 36961 36960]		
6196.9245	2.604000000000269	epochs															maze_arm	377.0
6199.54875	5.169499999999971	epochs															feedback_and_iti	377.0
6199.54875	0.9975000000004002	epochs															feedback_delay	377.0
6200.56675	1.9772499999999127	epochs															feedback	377.0
6202.72925	1.988999999999578	epochs															iti	377.0
6204.73875	6.850499999999556	epochs															maze	378.0
6204.73875	4.878249999999753	epochs															maze_stem	378.0
6204.759	12.037000000000262	trials	False	False	False	False	True	True	[0.41952512 0.58047491 0.71453756 0.2854625 ]	-0.295012429356575	-0.13406263291835785	0.1475062072277069	-0.06703129410743713	0.5804749131202698	[36993 36993 36993 36993 36993]	[37034 37033 37033 37033 37033]		
6209.63675	1.9525000000003274	epochs															maze_arm	378.0
6211.60875	5.1672499999995125	epochs															feedback_and_iti	378.0
6211.60875	0.9862499999999272	epochs															feedback_delay	378.0
6212.6155	1.9807499999997162	epochs															feedback	378.0
6214.787	1.988999999999578	epochs															iti	378.0
6216.796	7.940499999999702	epochs															maze	379.0
6216.796	5.518749999999272	epochs															maze_stem	379.0
6216.81625	14.96349999999984	trials	False	False	False	True	True	False	[0.29304799 0.70695204 0.50821358 0.49178639]	-0.2151656150817871	0.19873842597007751	-0.10758282244205475	0.09936921298503876	0.491786390542984	[37066 37065 37065 37065 37065]	[37112 37112 37112 37112 37112]		
6222.3355	2.40099999999984	epochs															maze_arm	379.0
6224.757	7.003750000000764	epochs															feedback_and_iti	379.0
6224.757	0.9920000000001892	epochs															feedback_delay	379.0
6225.76925	1.96875	epochs															feedback	379.0
6227.7755	3.985250000000633	epochs															iti	379.0
6231.77975	10.582500000000437	epochs															maze	380.0
6231.77975	7.85950000000048	epochs															maze_stem	380.0
6231.79925	15.769250000000284	trials	False	False	False	True	False	True	[0.30220026 0.69779974 0.41331303 0.58668691]	-0.1111128032207489	0.28448668122291565	0.05555638670921326	-0.14224335551261902	0.41331303119659424	[37155 37155 37155 37155 37155]	[37218 37218 37218 37217 37217]		
6239.65925	2.7030000000004293	epochs															maze_arm	380.0
6242.382	5.16675000000032	epochs															feedback_and_iti	380.0
6242.382	0.9885000000003856	epochs															feedback_delay	380.0
6243.39125	1.985500000000684	epochs															feedback	380.0
6245.5635	1.9852499999997235	epochs															iti	380.0
6247.5685	7.630749999999352	epochs															maze	381.0
6247.5685	5.377249999999549	epochs															maze_stem	381.0
6247.5885	12.80749999999989	trials	False	False	False	False	True	True	[0.28856784 0.71143216 0.60923398 0.39076602]	-0.3206661343574524	0.10219818353652954	0.1603330671787262	0.05109909176826477	0.711432158946991	[37250 37250 37250 37250 37249]	[37295 37295 37295 37294 37294]		
6252.9655	2.233749999999418	epochs															maze_arm	381.0
6255.22025	5.155499999999847	epochs															feedback_and_iti	381.0
6255.22025	0.9969999999993888	epochs															feedback_delay	381.0
6256.23775	1.9672499999996944	epochs															feedback	381.0
6258.3965	1.9792500000003201	epochs															iti	381.0
6260.396	7.66924999999992	epochs															maze	382.0
6260.396	5.371000000000095	epochs															maze_stem	382.0
6260.41575	14.703999999999724	trials	False	False	False	True	True	False	[0.25221822 0.74778181 0.56409389 0.43590611]	-0.31187568604946136	0.18368791043758392	-0.15593785047531128	0.09184396266937256	0.4359061121940613	[37327 37327 37327 37326 37326]	[37372 37372 37372 37372 37371]		
6265.78775	2.277499999999236	epochs															maze_arm	382.0
6268.08475	7.015000000000327	epochs															feedback_and_iti	382.0
6268.08475	0.9904999999998836	epochs															feedback_delay	382.0
6269.096	1.9770000000007713	epochs															feedback	382.0
6271.11225	3.987500000000182	epochs															iti	382.0
6275.11975	8.638750000000073	epochs															maze	383.0
6275.11975	5.726749999999811	epochs															maze_stem	383.0
6275.14	13.837999999999738	trials	False	False	False	False	True	True	[0.30432051 0.69567949 0.42534512 0.57465482]	-0.12102463841438293	0.2703343331813812	0.06051233410835266	0.13516715168952942	0.6956794857978821	[37415 37415 37415 37415 37415]	[37466 37466 37466 37466 37465]		
6280.8665	2.8919999999998254	epochs															maze_arm	383.0
6283.777	5.173749999999927	epochs															feedback_and_iti	383.0
6283.777	0.9912500000000364	epochs															feedback_delay	383.0
6284.789	1.9837500000003274	epochs															feedback	383.0
6286.9505	2.000250000000051	epochs															iti	383.0
6288.978	12.376999999999498	epochs															maze	384.0
6288.978	9.142499999999927	epochs															maze_stem	384.0
6289.00025	17.564250000000357	trials	True	False	False	False	True	True	[0.19020763 0.80979234 0.45503196 0.54496801]	-0.2648243308067322	0.35476037859916687	0.1324121654033661	0.17738017439842224	0.8097923398017883	[37498 37498 37498 37498 37498]	[37572 37571 37571 37571 37571]		
6298.1395	3.215499999999338	epochs															maze_arm	384.0
6301.37225	5.17174999999952	epochs															feedback_and_iti	384.0
6301.37225	0.9879999999993743	epochs															feedback_delay	384.0
6302.378	1.9912500000000364	epochs															feedback	384.0
6304.55125	1.9927499999994325	epochs															iti	384.0
6306.5645	7.953499999999622	epochs															maze	385.0
6306.5645	5.15099999999984	epochs															maze_stem	385.0
6306.5845	15.005500000000211	trials	False	False	False	True	True	False	[0.11045082 0.8895492  0.49009579 0.50990421]	-0.3796449825167656	0.39945339411497116	-0.1898224949836731	0.19972670078277588	0.5099042057991028	[37604 37604 37603 37603 37603]	[37651 37650 37650 37650 37650]		
6311.736	2.782000000000153	epochs															maze_arm	385.0
6314.538	7.031500000000051	epochs															feedback_and_iti	385.0
6314.538	0.9960000000000946	epochs															feedback_delay	385.0
6315.555	1.9827500000001237	epochs															feedback	385.0
6317.575	3.994499999999789	epochs															iti	385.0
6321.59	8.733500000000276	epochs															maze	386.0
6321.59	5.0422499999995125	epochs															maze_stem	386.0
6321.6105	13.922999999999774	trials	False	False	False	False	True	True	[0.29056159 0.70943844 0.42088163 0.57911837]	-0.13032005727291107	0.2885567992925644	0.06516003608703613	0.1442784070968628	0.7094384431838989	[37694 37694 37694 37693 37693]	[37745 37745 37745 37745 37745]		
6326.653	3.6705000000001746	epochs															maze_arm	386.0
6330.344	5.168749999999818	epochs															feedback_and_iti	386.0
6330.344	0.9970000000002983	epochs															feedback_delay	386.0
6331.3625	1.9617499999994834	epochs															feedback	386.0
6333.52	1.9927499999994325	epochs															iti	386.0
6335.5335	9.638500000000022	epochs															maze	387.0
6335.5335	5.28925000000072	epochs															maze_stem	387.0
6335.5535	16.67699999999968	trials	False	False	False	True	True	False	[0.15732346 0.84267652 0.41660517 0.58339477]	-0.2592817321419716	0.42607132345438004	-0.1296408772468567	0.21303564310073853	0.5833947658538818	[37778 37777 37777 37777 37777]	[37834 37834 37834 37834 37834]		
6340.84275	4.3292499999997744	epochs															maze_arm	387.0
6345.19175	7.018750000000182	epochs															feedback_and_iti	387.0
6345.19175	0.9880000000002838	epochs															feedback_delay	387.0
6346.2	1.9780000000000655	epochs															feedback	387.0
6348.21775	3.992750000000342	epochs															iti	387.0
6352.2305	9.808500000000095	epochs															maze	388.0
6352.2305	5.566749999999956	epochs															maze_stem	388.0
6352.251	16.845499999999447	trials	False	False	False	True	True	False	[0.23539361 0.76460636 0.38825756 0.61174244]	-0.15286393463611603	0.3763488084077835	-0.07643195986747742	0.18817439675331116	0.6117424368858337	[37878 37877 37877 37877 37877]	[37936 37935 37935 37935 37935]		
6357.81775	4.2212499999996	epochs															maze_arm	388.0
6362.05875	7.016999999999825	epochs															feedback_and_iti	388.0
6362.05875	0.9982499999996435	epochs															feedback_delay	388.0
6363.077	1.9662499999994907	epochs															feedback	388.0
6365.081	3.99474999999984	epochs															iti	388.0
6369.0965	10.665250000000015	epochs															maze	389.0
6369.0965	6.286750000000211	epochs															maze_stem	389.0
6369.117	17.69750000000022	trials	False	False	False	True	True	False	[0.29229969 0.70770031 0.4127185  0.58728153]	-0.12041880190372467	0.29498182237148285	-0.06020939350128174	0.14749091863632202	0.5872815251350403	[37979 37979 37978 37978 37978]	[38042 38042 38041 38041 38041]		
6375.404	4.357749999999214	epochs															maze_arm	389.0
6379.77975	7.0145000000002256	epochs															feedback_and_iti	389.0
6379.77975	0.9890000000004875	epochs															feedback_delay	389.0
6380.789	1.974500000000262	epochs															feedback	389.0
6382.803	3.9912500000000364	epochs															iti	389.0
6386.8145	10.024999999999636	epochs															maze	390.0
6386.8145	6.948249999999462	epochs															maze_stem	390.0
6386.83475	17.060749999999643	trials	False	False	False	True	True	False	[0.29429674 0.7057032  0.41587311 0.58412689]	-0.12157633900642395	0.28983011841773987	-0.06078815460205078	0.14491504430770874	0.584126889705658	[38085 38085 38085 38084 38084]	[38144 38144 38144 38144 38143]		
6393.781	3.0585000000000946	epochs															maze_arm	390.0
6396.85925	7.015749999999571	epochs															feedback_and_iti	390.0
6396.85925	0.9869999999991705	epochs															feedback_delay	390.0
6397.86675	1.9809999999997672	epochs															feedback	390.0
6399.88625	3.9887500000004366	epochs															iti	390.0
6403.8955	14.509250000000065	epochs															maze	391.0
6403.8955	11.958750000000691	epochs															maze_stem	391.0
6403.9155	19.683500000000095	trials	False	False	False	False	True	True	[0.29862306 0.70137691 0.41502693 0.58497304]	-0.11640387773513794	0.28634998202323914	0.05820193886756897	0.14317497611045837	0.7013769149780273	[38187 38187 38187 38187 38187]	[38273 38273 38273 38273 38273]		
6415.8725	2.5322499999992942	epochs															maze_arm	391.0
6418.423	5.155249999999796	epochs															feedback_and_iti	391.0
6418.423	0.998000000000502	epochs															feedback_delay	391.0
6419.44175	1.9652500000001965	epochs															feedback	391.0
6421.59575	1.9824999999991633	epochs															iti	391.0
6423.599	11.01549999999952	epochs															maze	392.0
6423.599	8.694749999999658	epochs															maze_stem	392.0
6423.61975	16.207500000000437	trials	False	False	False	True	False	True	[0.16062611 0.83937389 0.38367063 0.61632937]	-0.2230445146560669	0.4557032585144043	0.11152225732803345	-0.22785162925720215	0.3836706280708313	[38306 38305 38305 38305 38305]	[38371 38370 38370 38370 38370]		
6432.314	2.3004999999993743	epochs															maze_arm	392.0
6434.63425	5.17450000000008	epochs															feedback_and_iti	392.0
6434.63425	1.0	epochs															feedback_delay	392.0
6435.6545	1.9750000000003638	epochs															feedback	392.0
6437.822	1.986750000000029	epochs															iti	392.0
6439.82725	6.81775000000016	epochs															maze	393.0
6439.82725	4.3732499999996435	epochs															maze_stem	393.0
6439.84775	13.855749999999716	trials	False	False	False	True	True	False	[0.15922582 0.84077418 0.66913068 0.33086938]	-0.5099048316478729	0.17164352536201477	-0.25495240092277527	0.08582177758216858	0.3308693766593933	[38403 38403 38402 38402 38402]	[38443 38443 38442 38442 38442]		
6444.22075	2.424250000000029	epochs															maze_arm	393.0
6446.66425	7.019250000000284	epochs															feedback_and_iti	393.0
6446.66425	0.992500000000291	epochs															feedback_delay	393.0
6447.676	1.9732500000000073	epochs															feedback	393.0
6449.687	3.9965000000001965	epochs															iti	393.0
6453.7035	8.884500000000116	epochs															maze	394.0
6453.7035	5.56525000000056	epochs															maze_stem	394.0
6453.72225	14.058250000000044	trials	False	False	False	False	True	True	[0.3144708  0.68552917 0.43549883 0.56450117]	-0.12102802097797394	0.25003035366535187	0.06051400303840637	0.12501516938209534	0.6855291724205017	[38486 38486 38486 38485 38485]	[38538 38538 38538 38538 38538]		
6459.2885	3.29950000000008	epochs															maze_arm	394.0
6462.608	5.153000000000247	epochs															feedback_and_iti	394.0
6462.608	0.9867500000000291	epochs															feedback_delay	394.0
6463.61525	1.9762500000006185	epochs															feedback	394.0
6465.7705	1.990500000000793	epochs															iti	394.0
6467.7805	7.761999999999716	epochs															maze	395.0
6467.7805	4.603250000000116	epochs															maze_stem	395.0
6467.801	14.79424999999992	trials	False	False	False	True	True	False	[0.15932997 0.84066999 0.48206535 0.51793468]	-0.32273534685373306	0.35860467702150345	-0.16136765480041504	0.17930233478546143	0.5179346799850464	[38570 38570 38570 38570 38570]	[38616 38616 38616 38615 38615]		
6472.40425	3.138249999999971	epochs															maze_arm	395.0
6475.56275	7.011749999999665	epochs															feedback_and_iti	395.0
6475.56275	0.9880000000002838	epochs															feedback_delay	395.0
6476.571	1.9719999999997526	epochs															feedback	395.0
6478.5805	3.993999999999687	epochs															iti	395.0
6482.59525	10.167999999999665	epochs															maze	396.0
6482.59525	5.885749999999462	epochs															maze_stem	396.0
6482.6155	17.214249999999993	trials	False	False	False	True	True	False	[0.2462797  0.75372028 0.40084687 0.59915316]	-0.1545671448111534	0.35287343710660934	-0.07728356122970581	0.17643672227859497	0.5991531610488892	[38659 38659 38659 38659 38659]	[38719 38719 38719 38719 38719]		
6488.5005	4.262749999999869	epochs															maze_arm	396.0
6492.78125	7.028500000000349	epochs															feedback_and_iti	396.0
6492.78125	0.9920000000001892	epochs															feedback_delay	396.0
6493.7935	1.9830000000001746	epochs															feedback	396.0
6495.81625	3.9935000000004948	epochs															iti	396.0
6499.82975	9.953500000000531	epochs															maze	397.0
6499.82975	7.729000000000269	epochs															maze_stem	397.0
6499.85	16.987749999999323	trials	False	False	False	True	True	False	[0.29179579 0.70820421 0.41376182 0.58623815]	-0.12196604907512665	0.2944423705339432	-0.06098303198814392	0.147221177816391	0.5862381458282471	[38763 38762 38762 38762 38762]	[38821 38821 38821 38821 38821]		
6507.577	2.206250000000182	epochs															maze_arm	397.0
6509.803	7.014250000000175	epochs															feedback_and_iti	397.0
6509.803	0.998250000000553	epochs															feedback_delay	397.0
6510.82225	1.963249999999789	epochs															feedback	397.0
6512.82325	3.993999999999687	epochs															iti	397.0
6516.83775	7.20049999999992	epochs															maze	398.0
6516.83775	3.980000000000473	epochs															maze_stem	398.0
6516.859	14.238249999999425	trials	False	False	False	False	False	False	[0.29318959 0.70681036 0.4160324  0.58396757]	-0.12284280359745026	0.2907779663801193	-0.061421409249305725	-0.14538900554180145	0.2931895852088928	[38865 38864 38864 38864 38864]	[38907 38907 38906 38906 38906]		
6520.83775	3.20049999999992	epochs															maze_arm	398.0
6524.0585	7.018750000000182	epochs															feedback_and_iti	398.0
6524.0585	0.9809999999997672	epochs															feedback_delay	398.0
6525.0605	1.98700000000008	epochs															feedback	398.0
6527.0865	3.9907499999999345	epochs															iti	398.0
6531.09725	7.164999999999964	epochs															maze	399.0
6531.09725	4.3090000000001965	epochs															maze_stem	399.0
6531.1175	12.358999999999469	trials	False	False	False	True	False	True	[0.33295861 0.66704136 0.53045297 0.46954697]	-0.19749437272548676	0.13658837974071503	0.09874717891216278	-0.0682942122220993	0.5304529666900635	[38950 38950 38950 38950 38949]	[38992 38992 38992 38992 38991]		
6535.425	2.8372499999995853	epochs															maze_arm	399.0
6538.2805	5.177499999999782	epochs															feedback_and_iti	399.0
6538.2805	0.9952499999999418	epochs															feedback_delay	399.0
6539.29625	1.9822500000000218	epochs															feedback	399.0
6541.4735	1.9844999999995707	epochs															iti	399.0
6543.4765	10.36700000000019	epochs															maze	400.0
6543.4765	4.8527500000000146	epochs															maze_stem	400.0
6543.49625	15.560749999999643	trials	True	False	False	True	False	True	[0.3202346  0.6797654  0.76721328 0.23278672]	-0.44697868824005127	-0.0874478816986084	0.22348934412002563	0.0437239408493042	0.7672132849693298	[39024 39024 39024 39024 39024]	[39086 39085 39085 39085 39085]		
6548.34925	5.494249999999738	epochs															maze_arm	400.0
6553.86275	5.172499999999673	epochs															feedback_and_iti	400.0
6553.86275	0.9827500000001237	epochs															feedback_delay	400.0
6554.86475	1.9902499999998327	epochs															feedback	400.0
6557.04675	1.9884999999994761	epochs															iti	400.0
6559.057	6.572750000000269	epochs															maze	401.0
6559.057	4.66675000000032	epochs															maze_stem	401.0
6559.076	11.768500000000131	trials	False	False	False	True	False	True	[0.39031437 0.60968566 0.83085799 0.16914202]	-0.44054362922906876	-0.22117234021425247	0.22027181088924408	0.11058618128299713	0.8308579921722412	[39118 39118 39117 39117 39117]	[39156 39156 39156 39156 39155]		
6563.7435	1.886250000000473	epochs															maze_arm	401.0
6565.64925	5.1747499999992215	epochs															feedback_and_iti	401.0
6565.64925	0.9997499999999491	epochs															feedback_delay	401.0
6566.66975	1.976249999999709	epochs															feedback	401.0
6568.84275	1.981249999999818	epochs															iti	401.0
6570.8445	12.114999999999782	epochs															maze	402.0
6570.8445	5.482250000000022	epochs															maze_stem	402.0
6570.86475	17.279250000000502	trials	False	False	False	False	True	True	[0.43051252 0.56948751 0.87284195 0.12715812]	-0.44232941418886185	-0.3033544197678566	0.22116469591856003	-0.1516771838068962	0.5694875121116638	[39188 39188 39188 39188 39188]	[39260 39260 39260 39260 39259]		
6576.3465	6.613000000000284	epochs															maze_arm	402.0
6582.978	5.145999999999731	epochs															feedback_and_iti	402.0
6582.978	0.987250000000131	epochs															feedback_delay	402.0
6583.98525	1.9760000000005675	epochs															feedback	402.0
6586.1425	1.981499999999869	epochs															iti	402.0
6588.144	7.002999999999702	epochs															maze	403.0
6588.144	4.666999999999462	epochs															maze_stem	403.0
6588.16425	12.186249999999745	trials	False	False	False	False	True	True	[0.30932406 0.69067591 0.82897919 0.17102075]	-0.5196551531553268	-0.13830329477787018	0.259827584028244	-0.06915166974067688	0.6906759142875671	[39292 39292 39292 39292 39291]	[39333 39333 39333 39333 39332]		
6592.83	2.3170000000000073	epochs															maze_arm	403.0
6595.16675	5.1587499999996	epochs															feedback_and_iti	403.0
6595.16675	0.9807499999997162	epochs															feedback_delay	403.0
6596.17	1.987250000000131	epochs															feedback	403.0
6598.34025	1.9852499999997235	epochs															iti	403.0
6600.3505	7.586250000000291	epochs															maze	404.0
6600.3505	4.51575000000048	epochs															maze_stem	404.0
6600.37375	14.613250000000335	trials	False	False	False	True	True	False	[0.24375904 0.75624102 0.72508007 0.2749199 ]	-0.4813210815191269	0.031160905957221985	-0.24066056311130524	0.01558046042919159	0.27491989731788635	[39365 39365 39365 39365 39365]	[39410 39410 39409 39409 39409]		
6604.886	3.050749999999425	epochs															maze_arm	404.0
6607.95675	7.009500000000116	epochs															feedback_and_iti	404.0
6607.95675	0.9879999999993743	epochs															feedback_delay	404.0
6608.96625	1.9777500000000146	epochs															feedback	404.0
6610.9805	3.985750000000735	epochs															iti	404.0
6614.987	8.561999999999898	epochs															maze	405.0
6614.987	4.600499999999556	epochs															maze_stem	405.0
6615.0085	13.755750000000262	trials	False	False	False	True	False	True	[0.29862231 0.70137775 0.45378417 0.54621583]	-0.15516188740730286	0.24759355187416077	0.07758092880249023	-0.12379676103591919	0.45378416776657104	[39453 39453 39453 39452 39452]	[39503 39503 39503 39503 39503]		
6619.60825	3.9407499999997526	epochs															maze_arm	405.0
6623.56875	5.174999999999272	epochs															feedback_and_iti	405.0
6623.56875	0.9994999999998981	epochs															feedback_delay	405.0
6624.5885	1.9772499999999127	epochs															feedback	405.0
6626.74925	1.994499999999789	epochs															iti	405.0
6628.76425	6.480499999999665	epochs															maze	406.0
6628.76425	4.289249999999811	epochs															maze_stem	406.0
6628.78325	11.665999999999258	trials	False	False	False	True	False	True	[0.22233501 0.77766496 0.63679695 0.36320299]	-0.4144619554281235	0.14086799323558807	0.20723097026348114	-0.07043401896953583	0.6367969512939453	[39536 39535 39535 39535 39535]	[39574 39573 39573 39573 39573]		
6633.07375	2.1710000000002765	epochs															maze_arm	406.0
6635.26525	5.160750000000007	epochs															feedback_and_iti	406.0
6635.26525	0.9987499999997453	epochs															feedback_delay	406.0
6636.28325	1.965249999999287	epochs															feedback	406.0
6638.4415	1.9845000000004802	epochs															iti	406.0
6640.44925	9.694250000000466	epochs															maze	407.0
6640.44925	4.880750000000262	epochs															maze_stem	407.0
6640.47075	14.894749999999476	trials	True	False	False	True	False	True	[0.30114239 0.69885761 0.82210934 0.17789067]	-0.5209669396281242	-0.12325172871351242	0.2604834735393524	0.06162586808204651	0.8221093416213989	[39606 39606 39605 39605 39605]	[39663 39663 39663 39662 39662]		
6645.3495	4.793999999999869	epochs															maze_arm	407.0
6650.164	5.180500000000393	epochs															feedback_and_iti	407.0
6650.164	0.9935000000004948	epochs															feedback_delay	407.0
6651.175	1.9830000000001746	epochs															feedback	407.0
6653.351	1.9935000000004948	epochs															iti	407.0
6655.3655	6.685999999999694	epochs															maze	408.0
6655.3655	4.54175000000032	epochs															maze_stem	408.0
6655.384	11.885000000000218	trials	False	False	False	False	True	True	[0.33054909 0.66945088 0.85031283 0.14968714]	-0.5197637379169464	-0.1808619499206543	0.2598818689584732	-0.09043098986148834	0.6694508790969849	[39695 39695 39695 39695 39694]	[39734 39734 39734 39734 39734]		
6659.9255	2.1259999999992942	epochs															maze_arm	408.0
6662.0715	5.168749999999818	epochs															feedback_and_iti	408.0
6662.0715	0.9804999999996653	epochs															feedback_delay	408.0
6663.07275	1.9789999999993597	epochs															feedback	408.0
6665.24425	1.9960000000000946	epochs															iti	408.0
6667.269	7.451500000000124	epochs															maze	409.0
6667.269	4.350249999999505	epochs															maze_stem	409.0
6667.289	12.638500000000022	trials	False	False	False	True	False	True	[0.2674613  0.73253876 0.8189373  0.18106274]	-0.5514760091900826	-0.08639854937791824	0.275738000869751	0.04319930076599121	0.8189373016357422	[39767 39766 39766 39766 39766]	[39810 39810 39810 39810 39809]		
6671.63925	3.081250000000182	epochs															maze_arm	409.0
6674.7415	5.166999999999462	epochs															feedback_and_iti	409.0
6674.7415	0.9904999999998836	epochs															feedback_delay	409.0
6675.75225	1.9735000000000582	epochs															feedback	409.0
6677.9255	1.9829999999992651	epochs															iti	409.0
6679.9275	7.342999999999847	epochs															maze	410.0
6679.9275	4.467999999999847	epochs															maze_stem	410.0
6679.948	12.517749999999978	trials	False	False	False	True	False	True	[0.28473812 0.71526188 0.87063694 0.129363  ]	-0.5858988463878632	-0.15537509322166443	0.2929494082927704	0.07768753170967102	0.8706369400024414	[39842 39842 39842 39842 39842]	[39886 39885 39885 39885 39885]		
6684.415	2.8554999999996653	epochs															maze_arm	410.0
6687.291	5.1544999999996435	epochs															feedback_and_iti	410.0
6687.291	0.9989999999997963	epochs															feedback_delay	410.0
6688.3105	1.961750000000393	epochs															feedback	410.0
6690.4605	1.9849999999996726	epochs															iti	410.0
6692.46575	9.928750000000036	epochs															maze	411.0
6692.46575	4.256999999999607	epochs															maze_stem	411.0
6692.48425	15.126749999999447	trials	False	False	False	False	True	True	[0.31681508 0.68318492 0.89828974 0.10171027]	-0.5814746543765068	-0.21510481089353561	0.2907373234629631	-0.10755240172147751	0.6831849217414856	[39918 39917 39917 39917 39917]	[39976 39976 39976 39976 39975]		
6696.74275	5.651749999999993	epochs															maze_arm	411.0
6702.4145	5.176250000000437	epochs															feedback_and_iti	411.0
6702.4145	0.992750000000342	epochs															feedback_delay	411.0
6703.426	1.9742499999993015	epochs															feedback	411.0
6705.5965	1.9942500000006476	epochs															iti	411.0
6707.611	13.04950000000008	epochs															maze	412.0
6707.611	10.287000000000262	epochs															maze_stem	412.0
6707.63	20.08625000000029	trials	False	False	False	True	True	False	[0.25205842 0.74794155 0.8647238  0.13527623]	-0.6126653552055359	-0.11678221821784973	-0.30633266270160675	-0.058391109108924866	0.13527622818946838	[40008 40008 40008 40008 40008]	[40086 40086 40085 40085 40085]		
6717.918	2.742500000000291	epochs															maze_arm	412.0
6720.6795	7.015749999999571	epochs															feedback_and_iti	412.0
6720.6795	0.9825000000000728	epochs															feedback_delay	412.0
6721.68075	1.9872499999992215	epochs															feedback	412.0
6723.7065	3.988749999999527	epochs															iti	412.0
6727.71625	8.67949999999928	epochs															maze	413.0
6727.71625	5.147999999999229	epochs															maze_stem	413.0
6727.738	15.724499999999352	trials	False	False	False	False	False	False	[0.3079496  0.6920504  0.51487345 0.4851265 ]	-0.20692387223243713	0.17717692255973816	-0.10346192121505737	-0.08858847618103027	0.30794960260391235	[40129 40129 40129 40128 40128]	[40180 40180 40180 40179 40179]		
6732.8825	3.513249999999971	epochs															maze_arm	413.0
6736.41625	7.025249999999687	epochs															feedback_and_iti	413.0
6736.41625	0.9917500000001382	epochs															feedback_delay	413.0
6737.427	1.9840000000003783	epochs															feedback	413.0
6739.44775	3.993749999999636	epochs															iti	413.0
6743.4625	6.398250000000189	epochs															maze	414.0
6743.4625	4.0590000000001965	epochs															maze_stem	414.0
6743.4815	13.438500000000204	trials	False	False	False	False	False	False	[0.35143688 0.64856309 0.67238617 0.32761377]	-0.3209493011236191	-0.023823097348213196	-0.16047464311122894	0.011911526322364807	0.35143688321113586	[40223 40223 40223 40223 40223]	[40261 40261 40260 40260 40260]		
6747.54175	2.3189999999995052	epochs															maze_arm	414.0
6749.87975	7.019999999999527	epochs															feedback_and_iti	414.0
6749.87975	0.9867500000000291	epochs															feedback_delay	414.0
6750.887	1.979500000000371	epochs															feedback	414.0
6752.904	3.995749999999134	epochs															iti	414.0
6756.92	7.589500000000044	epochs															maze	415.0
6756.92	6.199749999999767	epochs															maze_stem	415.0
6756.94225	14.621750000000247	trials	False	False	False	False	False	False	[0.45891613 0.54108387 0.70732582 0.29267424]	-0.24840965867042542	-0.16624191403388977	-0.1242048442363739	0.08312097191810608	0.4589161276817322	[40304 40304 40304 40303 40303]	[40349 40348 40348 40348 40348]		
6763.13925	1.3702499999999418	epochs															maze_arm	415.0
6764.5275	7.016249999999673	epochs															feedback_and_iti	415.0
6764.5275	0.9884999999994761	epochs															feedback_delay	415.0
6765.537	1.983249999999316	epochs															feedback	415.0
6767.5595	3.98424999999952	epochs															iti	415.0
6771.564	8.295250000000124	epochs															maze	416.0
6771.564	5.100499999999556	epochs															maze_stem	416.0
6771.58275	13.47900000000027	trials	False	False	False	True	False	True	[0.53679812 0.46320185 0.719001   0.28099903]	-0.18220284581184387	-0.2557991147041321	0.09110143780708313	0.12789955735206604	0.7190009951591492	[40392 40392 40391 40391 40391]	[40441 40440 40440 40440 40440]		
6776.68275	3.1765000000004875	epochs															maze_arm	416.0
6779.8775	5.1637500000006185	epochs															feedback_and_iti	416.0
6779.8775	0.9837500000003274	epochs															feedback_delay	416.0
6780.881	1.9847499999996217	epochs															feedback	416.0
6783.06325	1.9780000000000655	epochs															iti	416.0
6785.06175	13.53625000000011	epochs															maze	417.0
6785.06175	10.998749999999745	epochs															maze_stem	417.0
6785.0805	18.729999999999563	trials	False	False	False	False	True	True	[0.56732458 0.43267542 0.83805794 0.16194208]	-0.2707333490252495	-0.40538250654935837	0.13536667078733444	-0.20269124954938889	0.43267542123794556	[40473 40473 40472 40472 40472]	[40553 40553 40553 40552 40552]		
6796.079	2.519000000000233	epochs															maze_arm	417.0
6798.61875	5.1707500000002256	epochs															feedback_and_iti	417.0
6798.61875	0.9860000000007858	epochs															feedback_delay	417.0
6799.62575	1.9877500000002328	epochs															feedback	417.0
6801.80025	1.989249999999629	epochs															iti	417.0
6803.8105	14.783000000000357	epochs															maze	418.0
6803.8105	12.164999999999964	epochs															maze_stem	418.0
6803.82975	21.82074999999986	trials	False	False	False	True	True	False	[0.3969771  0.60302287 0.79318839 0.20681158]	-0.39621129631996155	-0.19016551971435547	-0.19810564815998077	-0.09508277475833893	0.2068115770816803	[40585 40585 40585 40585 40584]	[40673 40673 40672 40672 40672]		
6815.99575	2.5977499999999054	epochs															maze_arm	418.0
6818.6135	7.014249999999265	epochs															feedback_and_iti	418.0
6818.6135	0.9907499999999345	epochs															feedback_delay	418.0
6819.62475	1.9809999999997672	epochs															feedback	418.0
6821.644	3.983749999999418	epochs															iti	418.0
6825.6505	6.914749999999913	epochs															maze	419.0
6825.6505	4.229500000000371	epochs															maze_stem	419.0
6825.67175	12.106249999999818	trials	False	False	False	False	True	True	[0.3944934  0.60550654 0.4942711  0.5057289 ]	-0.09977766871452332	0.11123546957969666	0.049888819456100464	0.055617719888687134	0.6055065393447876	[40716 40716 40716 40716 40715]	[40757 40756 40756 40756 40756]		
6829.89975	2.6655000000000655	epochs															maze_arm	419.0
6832.58375	5.172750000000633	epochs															feedback_and_iti	419.0
6832.58375	0.9882500000003347	epochs															feedback_delay	419.0
6833.5925	1.9735000000000582	epochs															feedback	419.0
6835.759	1.9975000000004002	epochs															iti	419.0
6837.778	7.606249999999818	epochs															maze	420.0
6837.778	5.176499999999578	epochs															maze_stem	420.0
6837.79925	12.780999999999949	trials	False	False	False	False	True	True	[0.26974121 0.73025876 0.53359652 0.46640351]	-0.2638552784919739	0.1966622769832611	0.13192762434482574	0.09833113849163055	0.7302587628364563	[40789 40789 40788 40788 40788]	[40834 40833 40833 40833 40833]		
6842.97425	2.4099999999998545	epochs															maze_arm	420.0
6845.4045	5.156750000000102	epochs															feedback_and_iti	420.0
6845.4045	0.9897500000006403	epochs															feedback_delay	420.0
6846.41475	1.9767499999998108	epochs															feedback	420.0
6848.57675	1.9844999999995707	epochs															iti	420.0
6850.58025	7.613250000000335	epochs															maze	421.0
6850.58025	5.320999999999913	epochs															maze_stem	421.0
6850.60025	12.803499999999985	trials	False	False	False	False	True	True	[0.16896428 0.83103579 0.50723159 0.49276838]	-0.33826736360788345	0.323804147541523	0.16913370788097382	0.16190208494663239	0.8310357928276062	[40866 40865 40865 40865 40865]	[40910 40910 40910 40910 40910]		
6855.9245	2.269000000000233	epochs															maze_arm	421.0
6858.21325	5.167250000000422	epochs															feedback_and_iti	421.0
6858.21325	0.9915000000000873	epochs															feedback_delay	421.0
6859.22525	1.9694999999992433	epochs															feedback	421.0
6861.38525	1.9952499999999418	epochs															iti	421.0
6863.40375	7.7409999999999854	epochs															maze	422.0
6863.40375	5.580500000000029	epochs															maze_stem	422.0
6863.427	14.764750000000276	trials	False	False	False	True	True	False	[0.11428014 0.88571984 0.50774485 0.49225515]	-0.39346469566226006	0.3779749982059002	-0.19673234224319458	0.18898749351501465	0.49225515127182007	[40942 40942 40942 40942 40942]	[40988 40988 40988 40987 40987]		
6869.0045	2.1402500000003783	epochs															maze_arm	422.0
6871.16525	7.00525000000016	epochs															feedback_and_iti	422.0
6871.16525	0.9825000000000728	epochs															feedback_delay	422.0
6872.1685	1.9787500000002183	epochs															feedback	422.0
6874.18425	3.9862499999999272	epochs															iti	422.0
6878.19175	7.700249999999869	epochs															maze	423.0
6878.19175	4.313250000000153	epochs															maze_stem	423.0
6878.21275	12.896250000000691	trials	False	False	False	True	False	True	[0.23803943 0.76196057 0.417025   0.58297503]	-0.17898555099964142	0.3449355810880661	0.0894927829504013	-0.17246778309345245	0.41702499985694885	[41031 41031 41031 41031 41030]	[41076 41076 41076 41076 41076]		
6882.526	3.3659999999999854	epochs															maze_arm	423.0
6885.91175	5.177249999999731	epochs															feedback_and_iti	423.0
6885.91175	0.9877500000002328	epochs															feedback_delay	423.0
6886.92175	1.981499999999869	epochs															feedback	423.0
6889.09125	1.9977499999995416	epochs															iti	423.0
6891.109	7.718249999999898	epochs															maze	424.0
6891.109	5.3530000000000655	epochs															maze_stem	424.0
6891.128	12.902500000000146	trials	False	False	False	False	True	True	[0.19082101 0.80917901 0.61702913 0.38297087]	-0.42620813101530075	0.19214987009763718	0.21310406923294067	0.09607493877410889	0.8091790080070496	[41109 41108 41108 41108 41108]	[41154 41154 41154 41153 41153]		
6896.48025	2.347000000000662	epochs															maze_arm	424.0
6898.84675	5.1637500000006185	epochs															feedback_and_iti	424.0
6898.84675	0.9832500000002256	epochs															feedback_delay	424.0
6899.851	1.9847500000005311	epochs															feedback	424.0
6902.02525	1.985250000000633	epochs															iti	424.0
6904.0305	7.881250000000364	epochs															maze	425.0
6904.0305	6.0	epochs															maze_stem	425.0
6904.05075	13.063249999999243	trials	False	False	False	False	True	True	[0.16257122 0.83742881 0.60260624 0.3973937 ]	-0.44003506004810333	0.23482252657413483	0.22001755237579346	0.11741125583648682	0.8374288082122803	[41186 41186 41186 41185 41185]	[41232 41232 41232 41232 41232]		
6910.0505	1.8612499999999272	epochs															maze_arm	425.0
6911.9295	5.158999999999651	epochs															feedback_and_iti	425.0
6911.9295	0.9879999999993743	epochs															feedback_delay	425.0
6912.93625	1.9830000000001746	epochs															feedback	425.0
6915.10475	1.983749999999418	epochs															iti	425.0
6917.114	15.143000000000029	epochs															maze	426.0
6917.114	12.422500000000582	epochs															maze_stem	426.0
6917.14225	20.317250000000058	trials	True	False	False	False	True	True	[0.11958352 0.88041645 0.58033335 0.41966671]	-0.4607497900724411	0.30008314549922943	0.23037487268447876	0.1500415802001953	0.8804164528846741	[41265 41264 41264 41264 41264]	[41354 41354 41354 41354 41354]		
6929.556	2.701000000000022	epochs															maze_arm	426.0
6932.276	5.162750000000415	epochs															feedback_and_iti	426.0
6932.276	0.9937500000005457	epochs															feedback_delay	426.0
6933.28725	1.9784999999992579	epochs															feedback	426.0
6935.456	1.9827500000001237	epochs															iti	426.0
6937.4595	9.132499999999709	epochs															maze	427.0
6937.4595	6.202750000000378	epochs															maze_stem	427.0
6937.478	14.321500000000015	trials	False	False	False	True	False	True	[0.07195851 0.92804152 0.55908942 0.44091061]	-0.48713091015815735	0.36895209550857544	0.24356545507907867	-0.18447603285312653	0.5590894222259521	[41387 41386 41386 41386 41386]	[41440 41440 41440 41440 41440]		
6943.6805	2.9114999999992506	epochs															maze_arm	427.0
6946.612	5.1672499999995125	epochs															feedback_and_iti	427.0
6946.612	0.9819999999999709	epochs															feedback_delay	427.0
6947.61425	1.9945000000006985	epochs															feedback	427.0
6949.794	1.9852499999997235	epochs															iti	427.0
6951.7995	6.671250000000327	epochs															maze	428.0
6951.7995	4.326750000000175	epochs															maze_stem	428.0
6951.8195	13.707500000000437	trials	False	False	False	True	True	False	[0.17894152 0.82105845 0.78843111 0.21156891]	-0.6094895675778389	0.03262736648321152	-0.30474477261304855	0.01631367951631546	0.2115689069032669	[41472 41472 41472 41472 41472]	[41512 41511 41511 41511 41511]		
6956.147	2.323750000000473	epochs															maze_arm	428.0
6958.49025	7.01575000000048	epochs															feedback_and_iti	428.0
6958.49025	0.9970000000002983	epochs															feedback_delay	428.0
6959.50725	1.968499999999949	epochs															feedback	428.0
6961.51325	3.992750000000342	epochs															iti	428.0
6965.527	12.35674999999992	epochs															maze	429.0
6965.527	9.683750000000146	epochs															maze_stem	429.0
6965.54725	17.5282500000003	trials	False	False	False	False	True	True	[0.29430053 0.70569944 0.48169553 0.51830441]	-0.18739502131938934	0.2240038961172104	0.09369751811027527	0.1120019257068634	0.7056994438171387	[41555 41555 41554 41554 41554]	[41628 41628 41628 41627 41627]		
6975.2295	2.6542499999995925	epochs															maze_arm	429.0
6977.90525	5.150000000000546	epochs															feedback_and_iti	429.0
6977.90525	0.9952499999999418	epochs															feedback_delay	429.0
6978.9205	1.9729999999999563	epochs															feedback	429.0
6981.07025	1.985000000000582	epochs															iti	429.0
6983.0755	9.594750000000204	epochs															maze	430.0
6983.0755	7.0972499999998035	epochs															maze_stem	430.0
6983.09625	16.645000000000437	trials	False	False	False	True	True	False	[0.13762814 0.8623718  0.57756388 0.42243609]	-0.43993572890758514	0.2848079353570938	-0.21996785700321198	0.14240394532680511	0.42243608832359314	[41660 41660 41660 41659 41659]	[41717 41716 41716 41716 41716]		
6990.19275	2.4774999999999636	epochs															maze_arm	430.0
6992.69	7.030750000000808	epochs															feedback_and_iti	430.0
6992.69	0.9942500000006476	epochs															feedback_delay	430.0
6993.70475	1.9822500000000218	epochs															feedback	430.0
6995.7265	3.9942500000006476	epochs															iti	430.0
6999.74125	12.213999999999942	epochs															maze	431.0
6999.74125	9.553750000000036	epochs															maze_stem	431.0
6999.7625	17.412250000000313	trials	False	False	False	False	True	True	[0.23799288 0.76200712 0.43292978 0.56707025]	-0.19493688642978668	0.32907734811306	0.09746843576431274	0.1645386815071106	0.7620071172714233	[41760 41760 41760 41759 41759]	[41832 41832 41832 41832 41831]		
7009.315	2.6402500000003783	epochs															maze_arm	431.0
7011.976	5.1782499999999345	epochs															feedback_and_iti	431.0
7011.976	0.98174999999992	epochs															feedback_delay	431.0
7012.978	1.9929999999994834	epochs															feedback	431.0
7015.167	1.9872499999992215	epochs															iti	431.0
7017.17475	18.522500000000036	epochs															maze	432.0
7017.17475	16.428249999999935	epochs															maze_stem	432.0
7017.19525	23.689500000000407	trials	False	False	False	False	True	True	[0.11506421 0.8849358  0.47518092 0.52481908]	-0.36011671647429466	0.4097548685967922	0.18005836009979248	0.20487743616104126	0.8849357962608337	[41864 41864 41864 41864 41864]	[41975 41974 41974 41974 41974]		
7033.6225	2.074749999999767	epochs															maze_arm	432.0
7035.71725	5.148000000000138	epochs															feedback_and_iti	432.0
7035.71725	0.9965000000001965	epochs															feedback_delay	432.0
7036.7335	1.9647500000000946	epochs															feedback	432.0
7038.88275	1.9825000000000728	epochs															iti	432.0
7040.88475	8.722749999999905	epochs															maze	433.0
7040.88475	6.518750000000182	epochs															maze_stem	433.0
7040.9055	15.75799999999981	trials	False	False	False	True	True	False	[0.07681317 0.92318678 0.54362941 0.45637059]	-0.4668162129819393	0.37955739721655846	-0.2334080934524536	0.18977868556976318	0.45637059211730957	[42007 42006 42006 42006 42006]	[42058 42058 42058 42057 42057]		
7047.42425	2.1832500000000437	epochs															maze_arm	433.0
7049.629	7.013500000000022	epochs															feedback_and_iti	433.0
7049.629	0.9954999999999927	epochs															feedback_delay	433.0
7050.64525	1.974500000000262	epochs															feedback	433.0
7052.65925	3.9832500000002256	epochs															iti	433.0
7056.6635	11.848500000000058	epochs															maze	434.0
7056.6635	9.410499999999956	epochs															maze_stem	434.0
7056.68325	17.040750000000116	trials	False	False	False	False	True	True	[0.21694463 0.78305537 0.42053869 0.57946128]	-0.20359407365322113	0.3625166565179825	0.10179704427719116	0.18125832080841064	0.7830553650856018	[42101 42101 42101 42101 42100]	[42171 42171 42171 42171 42171]		
7066.09425	2.4177499999996144	epochs															maze_arm	434.0
7068.5305	5.173499999999876	epochs															feedback_and_iti	434.0
7068.5305	0.9895000000005894	epochs															feedback_delay	434.0
7069.54125	1.9785000000001673	epochs															feedback	434.0
7071.716	1.9879999999993743	epochs															iti	434.0
7073.724	9.757499999999709	epochs															maze	435.0
7073.724	7.501000000000204	epochs															maze_stem	435.0
7073.744	14.944750000000568	trials	False	False	False	False	True	True	[0.10143983 0.89856017 0.47146791 0.52853203]	-0.3700281083583832	0.42709222435951233	0.18501406908035278	0.21354609727859497	0.8985601663589478	[42203 42203 42203 42203 42203]	[42261 42261 42261 42260 42260]		
7081.245	2.236499999999978	epochs															maze_arm	435.0
7083.502	5.167999999999665	epochs															feedback_and_iti	435.0
7083.502	0.996249999999236	epochs															feedback_delay	435.0
7084.51875	1.9799999999995634	epochs															feedback	435.0
7086.68025	1.9897499999997308	epochs															iti	435.0
7088.68875	9.999499999999898	epochs															maze	436.0
7088.68875	7.815249999999651	epochs															maze_stem	436.0
7088.70875	15.192250000000058	trials	False	False	False	False	True	True	[0.06944486 0.93055511 0.54500347 0.45499653]	-0.4755585975944996	0.38555165007710457	0.23777928948402405	0.19277581572532654	0.9305551052093506	[42293 42293 42293 42293 42292]	[42352 42352 42352 42352 42351]		
7096.52375	2.1644999999998618	epochs															maze_arm	436.0
7098.7085	5.17200000000048	epochs															feedback_and_iti	436.0
7098.7085	0.9819999999999709	epochs															feedback_delay	436.0
7099.71175	1.9894999999996799	epochs															feedback	436.0
7101.88975	1.9907499999999345	epochs															iti	436.0
7103.901	13.78125	epochs															maze	437.0
7103.901	10.681000000000495	epochs															maze_stem	437.0
7103.921	18.954499999999825	trials	False	False	False	True	False	True	[0.06107135 0.9389286  0.57128507 0.42871499]	-0.510213665664196	0.3676435872912407	0.2551068589091301	-0.18382178992033005	0.5712850689888	[42384 42384 42384 42384 42384]	[42466 42466 42466 42466 42465]		
7114.602	3.080249999999978	epochs															maze_arm	437.0
7117.702	5.1525000000001455	epochs															feedback_and_iti	437.0
7117.702	0.9937499999996362	epochs															feedback_delay	437.0
7118.71675	1.9675000000006548	epochs															feedback	437.0
7120.8645	1.9900000000006912	epochs															iti	437.0
7122.8755	10.280249999999796	epochs															maze	438.0
7122.8755	7.8474999999998545	epochs															maze_stem	438.0
7122.896	15.470250000000306	trials	False	False	False	False	True	True	[0.13383977 0.86616027 0.83437485 0.16562517]	-0.7005350887775421	0.03178541362285614	0.35026755183935165	0.015892721712589264	0.8661602735519409	[42498 42498 42498 42498 42497]	[42559 42559 42558 42558 42558]		
7130.7435	2.412250000000313	epochs															maze_arm	438.0
7133.17575	5.169750000000022	epochs															feedback_and_iti	438.0
7133.17575	0.9809999999997672	epochs															feedback_delay	438.0
7134.1775	1.9825000000000728	epochs															feedback	438.0
7136.3525	1.993000000000393	epochs															iti	438.0
7138.36625	10.946249999999964	epochs															maze	439.0
7138.36625	8.621500000000196	epochs															maze_stem	439.0
7138.38575	16.161999999999352	trials	False	False	False	False	True	True	[0.1575195  0.84248054 0.81054747 0.1894525 ]	-0.6530280038714409	0.03193303197622299	0.32651402056217194	0.015966519713401794	0.8424805402755737	[42591 42591 42591 42590 42590]	[42656 42656 42655 42655 42655]		
7147.009	2.3034999999999854	epochs															maze_arm	439.0
7149.3305	5.196249999999964	epochs															feedback_and_iti	439.0
7149.3305	0.9877500000002328	epochs															feedback_delay	439.0
7150.3375	1.9842500000004293	epochs															feedback	439.0
7152.51975	2.006999999999607	epochs															iti	439.0
7154.54775	9.527000000000044	epochs															maze	440.0
7154.54775	7.125750000000153	epochs															maze_stem	440.0
7154.568	16.57524999999987	trials	False	False	False	False	False	False	[0.14899892 0.85100108 0.79097247 0.20902747]	-0.6419735848903656	0.06002858281135559	-0.3209867775440216	-0.03001430630683899	0.1489989161491394	[42688 42688 42688 42687 42687]	[42744 42744 42744 42744 42743]		
7161.69325	2.3814999999995052	epochs															maze_arm	440.0
7164.094	7.028999999999542	epochs															feedback_and_iti	440.0
7164.094	0.9930000000003929	epochs															feedback_delay	440.0
7165.107	1.9845000000004802	epochs															feedback	440.0
7167.12925	3.993749999999636	epochs															iti	440.0
7171.14325	11.079249999999774	epochs															maze	441.0
7171.14325	8.206750000000284	epochs															maze_stem	441.0
7171.1635	14.094750000000204	trials	False	False	False	False	False	False	[0.2074656  0.79253441 0.75357419 0.24642579]	-0.546108603477478	0.038960203528404236	-0.2730542942881584	-0.019480101764202118	0.20746560394763947	[42788 42787 42787 42787 42787]	[42853 42853 42853 42852 42852]		
7179.37	2.8524999999999636	epochs															maze_arm	441.0
7182.242	3.0162499999996726	epochs															feedback_and_iti	441.0
7182.242	0.9812499999998181	epochs															feedback_delay	441.0
7183.24375	1.9942500000006476	epochs															feedback	441.0
