onset	duration	nwb_table	is_vis	is_ruleA	is_switch	is_cueB	is_choL	is_correct	association_mat	rule_belief	signed_bias	rule_following	bias_following	prob_actual_cho	trial_onset_plane_frame_idx	trial_offset_plane_frame_idx	epoch_type	trial_id
25.90525	12.923750000000002	epochs															maze	0.0
25.90525	9.459500000000002	epochs															maze_stem	0.0
25.95775	19.938750000000002	trials	True	True	False	True	False	False	[0.320434   0.67956597 0.25848645 0.74151355]	0.061947569251060486	0.42107953131198883	-0.030973777174949646	-0.210539773106575	0.25848644971847534	[77 77 77 77 77]	[154 154 154 153 153]		
35.384	3.4450000000000003	epochs															maze_arm	0.0
38.8485	7.025500000000001	epochs															feedback_and_iti	0.0
38.8485	0.9912500000000009	epochs															feedback_delay	0.0
39.85925	1.9849999999999994	epochs															feedback	0.0
41.89075	3.9832500000000053	epochs															iti	0.0
45.8965	12.075249999999997	epochs															maze	1.0
45.8965	7.882999999999996	epochs															maze_stem	1.0
45.91575	17.292749999999998	trials	True	True	False	True	True	True	[0.38437688 0.61562306 0.33676392 0.66323602]	0.04761296510696411	0.27885913848876953	0.023806482553482056	0.13942953944206238	0.6632360219955444	[197 197 197 197 196]	[269 269 268 268 268]		
53.79925	4.172499999999999	epochs															maze_arm	1.0
57.99075	5.1967500000000015	epochs															feedback_and_iti	1.0
57.99075	0.9872500000000031	epochs															feedback_delay	1.0
58.99725	1.9750000000000014	epochs															feedback	1.0
61.19075	1.9967499999999987	epochs															iti	1.0
63.2085	11.155500000000004	epochs															maze	2.0
63.2085	9.361999999999995	epochs															maze_stem	2.0
63.22725	16.345	trials	False	True	False	False	False	True	[0.39822075 0.60177928 0.18806446 0.81193554]	0.21015627682209015	0.41371481120586395	0.10507814586162567	-0.20685739815235138	0.3982207477092743	[301 301 301 300 300]	[367 367 367 366 366]		
72.59075	1.7732500000000044	epochs															maze_arm	2.0
74.38425	5.169000000000011	epochs															feedback_and_iti	2.0
74.38425	0.9905000000000115	epochs															feedback_delay	2.0
75.39525	1.9754999999999967	epochs															feedback	2.0
77.591	1.9622500000000116	epochs															iti	2.0
79.57225	10.061000000000007	epochs															maze	3.0
79.57225	8.2025	epochs															maze_stem	3.0
79.5925	17.094250000000002	trials	False	True	False	True	False	False	[0.75995898 0.240041   0.38732344 0.61267656]	0.3726355507969856	-0.1472824290394783	-0.18631777167320251	0.07364121079444885	0.38732343912124634	[399 399 399 399 398]	[459 458 458 458 458]		
87.7945	1.8387500000000045	epochs															maze_arm	3.0
89.6525	7.01424999999999	epochs															feedback_and_iti	3.0
89.6525	0.9825000000000017	epochs															feedback_delay	3.0
90.6555	1.9852499999999935	epochs															feedback	3.0
92.677	3.9897499999999866	epochs															iti	3.0
96.68675	18.812749999999994	epochs															maze	4.0
96.68675	14.534999999999997	epochs															maze_stem	4.0
96.707	24.002250000000004	trials	False	True	False	True	True	True	[0.59872532 0.40127468 0.39111987 0.60888016]	0.20760546624660492	0.010154828429222107	0.10380274057388306	0.00507742166519165	0.6088801622390747	[502 502 501 501 501]	[614 614 613 613 613]		
111.24175	4.2577500000000015	epochs															maze_arm	4.0
115.52025	5.166249999999991	epochs															feedback_and_iti	4.0
115.52025	0.9855000000000018	epochs															feedback_delay	4.0
116.525	1.9779999999999944	epochs															feedback	4.0
118.698	1.988500000000002	epochs															iti	4.0
120.70925	10.346499999999992	epochs															maze	5.0
120.70925	8.303249999999991	epochs															maze_stem	5.0
120.72925	17.388500000000008	trials	False	True	False	True	False	False	[0.65911674 0.34088326 0.26353961 0.73646039]	0.3955771327018738	0.0773436427116394	-0.1977885663509369	-0.0386718213558197	0.2635396122932434	[646 646 646 645 645]	[707 707 707 706 706]		
129.0345	2.0212499999999807	epochs															maze_arm	5.0
131.07575	7.021500000000003	epochs															feedback_and_iti	5.0
131.07575	0.9957499999999868	epochs															feedback_delay	5.0
132.092	1.9837499999999864	epochs															feedback	5.0
134.11575	3.981500000000011	epochs															iti	5.0
138.11775	12.559249999999992	epochs															maze	6.0
138.11775	10.450250000000011	epochs															maze_stem	6.0
138.13925	19.587500000000006	trials	False	True	False	True	False	False	[0.59507686 0.40492311 0.37620547 0.62379456]	0.21887141466140747	0.02871766686439514	-0.10943569242954254	-0.01435883343219757	0.3762054741382599	[750 750 750 750 750]	[825 825 824 824 824]		
148.58875	2.088249999999988	epochs															maze_arm	6.0
150.69725	7.007000000000005	epochs															feedback_and_iti	6.0
150.69725	0.9989999999999952	epochs															feedback_delay	6.0
151.71725	1.9625000000000057	epochs															feedback	6.0
153.72125	3.983000000000004	epochs															iti	6.0
157.72675	10.300999999999988	epochs															maze	7.0
157.72675	8.444499999999977	epochs															maze_stem	7.0
157.74675	15.495000000000005	trials	True	True	False	False	False	True	[0.61497027 0.38502967 0.42841947 0.57158059]	0.18655085563659668	-0.043389737606048584	0.09327539801597595	0.021694868803024292	0.6149702668190002	[868 868 868 867 867]	[929 929 928 928 928]		
166.1915	1.8362500000000068	epochs															maze_arm	7.0
168.0475	5.169749999999993	epochs															feedback_and_iti	7.0
168.0475	0.9982499999999845	epochs															feedback_delay	7.0
169.06625	1.9627499999999998	epochs															feedback	7.0
171.22	1.9972500000000082	epochs															iti	7.0
173.24175	12.106750000000005	epochs															maze	8.0
173.24175	8.306250000000006	epochs															maze_stem	8.0
173.2645	17.30775	trials	False	True	False	True	True	True	[0.84680879 0.15319122 0.63994592 0.36005414]	0.2068628892302513	-0.4867546781897545	0.10343145579099655	-0.24337732046842575	0.3600541353225708	[961 961 961 960 960]	[1033 1033 1032 1032 1032]		
181.56875	3.779750000000007	epochs															maze_arm	8.0
185.36825	5.183000000000021	epochs															feedback_and_iti	8.0
185.36825	0.9935000000000116	epochs															feedback_delay	8.0
186.383	1.9827499999999816	epochs															feedback	8.0
188.55575	1.9955000000000211	epochs															iti	8.0
190.57225	12.104000000000013	epochs															maze	9.0
190.57225	8.355999999999995	epochs															maze_stem	9.0
190.59425	17.295500000000004	trials	True	True	False	True	True	True	[0.68804258 0.31195739 0.42865902 0.57134098]	0.25938357412815094	-0.11670161783695221	0.12969179451465607	-0.0583508163690567	0.5713409781455994	[1065 1065 1065 1064 1064]	[1137 1136 1136 1136 1136]		
198.953	3.7232500000000073	epochs															maze_arm	9.0
202.69575	5.172249999999991	epochs															feedback_and_iti	9.0
202.69575	0.984499999999997	epochs															feedback_delay	9.0
203.70025	1.9834999999999923	epochs															feedback	9.0
205.8855	1.9824999999999875	epochs															iti	9.0
207.88975	10.39700000000002	epochs															maze	10.0
207.88975	8.765250000000009	epochs															maze_stem	10.0
207.9105	15.580749999999995	trials	False	True	False	False	False	True	[0.72614211 0.27385786 0.35558999 0.64441001]	0.3705521374940872	-0.08173210918903351	0.185276061296463	0.04086604714393616	0.7261421084403992	[1169 1169 1168 1168 1168]	[1230 1230 1230 1230 1229]		
216.67425	1.6125000000000114	epochs															maze_arm	10.0
218.30625	5.164749999999998	epochs															feedback_and_iti	10.0
218.30625	0.9997500000000059	epochs															feedback_delay	10.0
219.3275	1.9620000000000175	epochs															feedback	10.0
221.4905	1.9805000000000064	epochs															iti	10.0
223.49125	12.623750000000001	epochs															maze	11.0
223.49125	8.55974999999998	epochs															maze_stem	11.0
223.5115	17.814249999999987	trials	True	True	False	True	True	True	[0.87083346 0.12916654 0.45709255 0.54290742]	0.4137408882379532	-0.32792602479457855	0.206870436668396	-0.16396301984786987	0.5429074168205261	[1262 1262 1262 1262 1262]	[1337 1337 1337 1337 1336]		
232.0705	4.044499999999999	epochs															maze_arm	11.0
236.13525	5.172249999999991	epochs															feedback_and_iti	11.0
236.13525	0.992999999999995	epochs															feedback_delay	11.0
237.1495	1.9730000000000132	epochs															feedback	11.0
239.30925	1.998250000000013	epochs															iti	11.0
241.32575	11.010750000000002	epochs															maze	12.0
241.32575	8.213999999999999	epochs															maze_stem	12.0
241.34825	16.206500000000005	trials	True	True	False	True	True	True	[0.79244149 0.20755851 0.29192114 0.70807886]	0.5005203485488892	-0.08436262607574463	0.2502601742744446	-0.042181313037872314	0.7080788612365723	[1369 1369 1369 1369 1369]	[1434 1434 1434 1434 1434]		
249.561	2.775499999999994	epochs															maze_arm	12.0
252.3585	5.1754999999999995	epochs															feedback_and_iti	12.0
252.3585	0.9802500000000123	epochs															feedback_delay	12.0
253.35875	1.988250000000022	epochs															feedback	12.0
255.54175	1.9922499999999843	epochs															iti	12.0
257.55475	14.255499999999984	epochs															maze	13.0
257.55475	11.952249999999992	epochs															maze_stem	13.0
257.5735	19.464249999999993	trials	True	True	False	False	False	True	[0.76003772 0.23996222 0.24675754 0.75324243]	0.5132801979780197	-0.0067953020334243774	0.25664009153842926	0.003397628664970398	0.7600377202033997	[1467 1467 1466 1466 1466]	[1551 1551 1551 1551 1550]		
269.52625	2.283999999999992	epochs															maze_arm	13.0
271.8285	5.187999999999988	epochs															feedback_and_iti	13.0
271.8285	0.9984999999999786	epochs															feedback_delay	13.0
272.848	1.9732500000000073	epochs															feedback	13.0
275.0215	1.9950000000000045	epochs															iti	13.0
277.03775	10.728000000000009	epochs															maze	14.0
277.03775	9.055749999999989	epochs															maze_stem	14.0
277.05925	15.931749999999965	trials	False	True	False	False	False	True	[0.8316192  0.16838077 0.3123036  0.68769634]	0.5193155854940414	-0.1439228504896164	0.2596578001976013	0.0719614028930664	0.8316192030906677	[1584 1583 1583 1583 1583]	[1647 1647 1647 1646 1646]		
286.11525	1.6505000000000223	epochs															maze_arm	14.0
287.7865	5.1822500000000105	epochs															feedback_and_iti	14.0
287.7865	0.9912500000000364	epochs															feedback_delay	14.0
288.79925	1.9777500000000146	epochs															feedback	14.0
290.96875	2.0	epochs															iti	14.0
292.991	12.346249999999998	epochs															maze	15.0
292.991	10.596499999999992	epochs															maze_stem	15.0
293.012	17.54000000000002	trials	True	True	False	False	False	True	[0.91189629 0.08810369 0.37207678 0.62792319]	0.5398195050656796	-0.2839730940759182	0.2699097543954849	0.14198653399944305	0.911896288394928	[1679 1679 1679 1679 1678]	[1752 1752 1752 1752 1752]		
303.6075	1.7297499999999673	epochs															maze_arm	15.0
305.359	5.1722500000000196	epochs															feedback_and_iti	15.0
305.359	0.9872500000000173	epochs															feedback_delay	15.0
306.36625	1.9787500000000477	epochs															feedback	15.0
308.5375	1.9937499999999773	epochs															iti	15.0
310.552	10.562749999999994	epochs															maze	16.0
310.552	8.881749999999954	epochs															maze_stem	16.0
310.5725	15.770250000000033	trials	False	True	False	False	False	True	[0.87121749 0.12878257 0.38309366 0.61690629]	0.4881237745285034	-0.25431114435195923	0.2440619170665741	0.12715557217597961	0.8712174892425537	[1785 1784 1784 1784 1784]	[1847 1847 1847 1846 1846]		
319.454	1.6607500000000073	epochs															maze_arm	16.0
321.1345	5.183749999999975	epochs															feedback_and_iti	16.0
321.1345	0.98275000000001	epochs															feedback_delay	16.0
322.138	1.9920000000000186	epochs															feedback	16.0
324.32775	1.9904999999999973	epochs															iti	16.0
326.34275	11.16825	epochs															maze	17.0
326.34275	9.069749999999999	epochs															maze_stem	17.0
326.367	18.205249999999978	trials	False	True	False	True	False	False	[0.923536   0.07646392 0.41453683 0.58546317]	0.5089992061257362	-0.33807287365198135	-0.2544995844364166	0.16903641819953918	0.41453683376312256	[1879 1879 1879 1879 1878]	[1945 1945 1945 1945 1945]		
335.43375	2.077250000000049	epochs															maze_arm	17.0
337.5295	7.021999999999991	epochs															feedback_and_iti	17.0
337.5295	0.9922500000000127	epochs															feedback_delay	17.0
338.543	1.9724999999999682	epochs															feedback	17.0
340.5685	3.983000000000004	epochs															iti	17.0
344.57225	14.423999999999978	epochs															maze	18.0
344.57225	10.153250000000014	epochs															maze_stem	18.0
344.5935	19.605999999999995	trials	True	True	False	True	True	True	[0.75289196 0.24710803 0.36100179 0.63899827]	0.3918902054429054	-0.11389372497797012	0.1959451213479042	-0.056946851313114166	0.63899827003479	[1989 1988 1988 1988 1988]	[2074 2074 2074 2074 2073]		
354.74625	4.25	epochs															maze_arm	18.0
359.018	5.162000000000035	epochs															feedback_and_iti	18.0
359.018	0.9970000000000141	epochs															feedback_delay	18.0
360.036	1.9677500000000236	epochs															feedback	18.0
362.1955	1.9845000000000255	epochs															iti	18.0
364.1995	12.279999999999973	epochs															maze	19.0
364.1995	10.594749999999976	epochs															maze_stem	19.0
364.21875	17.466999999999985	trials	True	True	False	False	False	True	[0.81946409 0.1805359  0.2398565  0.76014352]	0.5796076059341431	-0.05932058393955231	0.28980379551649094	0.029660291969776154	0.8194640874862671	[2106 2106 2106 2106 2106]	[2179 2179 2179 2178 2178]		
374.8135	1.6659999999999968	epochs															maze_arm	19.0
376.50075	5.164500000000032	epochs															feedback_and_iti	19.0
376.50075	0.9877500000000055	epochs															feedback_delay	19.0
377.50775	1.9805000000000064	epochs															feedback	19.0
379.68325	1.9820000000000277	epochs															iti	19.0
381.68575	11.82850000000002	epochs															maze	20.0
381.68575	10.188500000000033	epochs															maze_stem	20.0
381.7065	17.036999999999978	trials	False	True	False	False	False	True	[0.84264052 0.15735941 0.29573658 0.70426339]	0.5469039604067802	-0.13837715238332748	0.2734519690275192	0.06918855011463165	0.8426405191421509	[2211 2211 2211 2211 2210]	[2281 2281 2281 2281 2280]		
391.8965	1.617750000000001	epochs															maze_arm	20.0
393.5335	5.1895000000000095	epochs															feedback_and_iti	20.0
393.5335	0.9850000000000136	epochs															feedback_delay	20.0
394.541	1.9907499999999914	epochs															feedback	20.0
396.734	1.9890000000000327	epochs															iti	20.0
398.7435	15.684750000000008	epochs															maze	21.0
398.7435	11.826250000000016	epochs															maze_stem	21.0
398.76425	20.892999999999972	trials	True	True	False	True	True	True	[0.91635519 0.08364482 0.34745649 0.65254354]	0.5688987150788307	-0.2638116553425789	0.28444936126470566	-0.13190581649541855	0.6525435447692871	[2313 2313 2313 2313 2313]	[2407 2406 2406 2406 2406]		
410.58925	3.8389999999999986	epochs															maze_arm	21.0
414.44875	5.1875	epochs															feedback_and_iti	21.0
414.44875	0.9879999999999995	epochs															feedback_delay	21.0
415.45675	1.9902500000000032	epochs															feedback	21.0
417.6355	2.000750000000039	epochs															iti	21.0
419.65725	11.50875000000002	epochs															maze	22.0
419.65725	9.789000000000044	epochs															maze_stem	22.0
419.6765	16.71350000000001	trials	False	True	False	False	False	True	[0.84670961 0.15329041 0.18182246 0.81817752]	0.6648871302604675	-0.02853207290172577	0.33244357258081436	0.014266036450862885	0.8467096090316772	[2439 2439 2439 2438 2438]	[2507 2507 2507 2506 2506]		
429.4665	1.6995000000000005	epochs															maze_arm	22.0
431.186	5.18300000000005	epochs															feedback_and_iti	22.0
431.186	0.9870000000000232	epochs															feedback_delay	22.0
432.195	1.983000000000004	epochs															feedback	22.0
434.371	1.9980000000000473	epochs															iti	22.0
436.39	15.478000000000009	epochs															maze	23.0
436.39	11.902500000000032	epochs															maze_stem	23.0
436.41025	20.676499999999976	trials	False	True	False	True	True	True	[0.88561749 0.11438248 0.26217332 0.73782665]	0.6234441697597504	-0.1477908492088318	0.3117220848798752	-0.07389543950557709	0.7378266453742981	[2539 2539 2539 2539 2538]	[2631 2631 2631 2631 2630]		
448.3145	3.5534999999999854	epochs															maze_arm	23.0
451.88775	5.176000000000045	epochs															feedback_and_iti	23.0
451.88775	0.9992500000000177	epochs															feedback_delay	23.0
452.9075	1.9782499999999459	epochs															feedback	23.0
455.0795	1.9842500000000314	epochs															iti	23.0
457.08675	12.537250000000029	epochs															maze	24.0
457.08675	7.962499999999977	epochs															maze_stem	24.0
457.107	17.73599999999999	trials	True	True	False	True	True	True	[0.80109155 0.19890846 0.14620467 0.85379541]	0.6548869162797928	0.05270382761955261	0.3274434730410576	0.026351936161518097	0.8537954092025757	[2663 2663 2663 2663 2663]	[2738 2737 2737 2737 2737]		
465.06875	4.555250000000001	epochs															maze_arm	24.0
469.645	5.176500000000033	epochs															feedback_and_iti	24.0
469.645	0.9954999999999927	epochs															feedback_delay	24.0
470.66025	1.979249999999979	epochs															feedback	24.0
472.83225	1.9892500000000268	epochs															iti	24.0
474.843	12.604999999999961	epochs															maze	25.0
474.843	9.323749999999961	epochs															maze_stem	25.0
474.8635	17.80525	trials	False	True	False	True	True	True	[0.80307406 0.19692589 0.12582351 0.8741765 ]	0.6772505789995193	0.07110241055488586	0.33862530440092087	0.035551197826862335	0.8741765022277832	[2770 2770 2769 2769 2769]	[2845 2844 2844 2844 2844]		
484.18875	3.259249999999952	epochs															maze_arm	25.0
487.4695	5.178500000000042	epochs															feedback_and_iti	25.0
487.4695	0.9927500000000009	epochs															feedback_delay	25.0
488.48175	1.9845000000000255	epochs															feedback	25.0
490.6675	1.9805000000000064	epochs															iti	25.0
492.66875	13.039250000000038	epochs															maze	26.0
492.66875	11.395000000000039	epochs															maze_stem	26.0
492.689	18.230500000000006	trials	False	True	False	False	False	True	[0.82788599 0.172114   0.12762785 0.87237209]	0.7002581134438515	0.04448612779378891	0.35012906789779663	-0.022243082523345947	0.8278859853744507	[2877 2877 2876 2876 2876]	[2954 2954 2954 2953 2953]		
504.0855	1.6225000000000023	epochs															maze_arm	26.0
505.7275	5.170249999999953	epochs															feedback_and_iti	26.0
505.7275	0.9809999999999945	epochs															feedback_delay	26.0
506.72775	1.9809999999999945	epochs															feedback	26.0
508.9085	1.98924999999997	epochs															iti	26.0
510.9195	11.555999999999983	epochs															maze	27.0
510.9195	9.985250000000008	epochs															maze_stem	27.0
510.94125	16.760249999999985	trials	False	True	False	False	False	True	[0.89292651 0.10707344 0.20701462 0.79298538]	0.6859119161963463	-0.09994115680456161	0.34295594692230225	0.04997056722640991	0.8929265141487122	[2986 2986 2986 2986 2985]	[3055 3054 3054 3054 3054]		
520.92575	1.5497500000000173	epochs															maze_arm	27.0
522.49525	5.184999999999945	epochs															feedback_and_iti	27.0
522.49525	0.9914999999999736	epochs															feedback_delay	27.0
523.50825	1.9802500000000691	epochs															feedback	27.0
525.68525	1.9950000000000045	epochs															iti	27.0
527.7015	13.053999999999974	epochs															maze	28.0
527.7015	11.263249999999971	epochs															maze_stem	28.0
527.7215	18.261250000000018	trials	True	True	False	False	False	True	[0.91217643 0.08782359 0.23169036 0.76830971]	0.6804860942065716	-0.14386674389243126	0.34024303406476974	0.07193339616060257	0.9121764302253723	[3087 3087 3087 3086 3086]	[3164 3164 3164 3164 3163]		
538.983	1.7725000000000364	epochs															maze_arm	28.0
540.77675	5.186500000000024	epochs															feedback_and_iti	28.0
540.77675	0.9945000000000164	epochs															feedback_delay	28.0
541.79225	1.983000000000061	epochs															feedback	28.0
543.989	1.9742499999999836	epochs															iti	28.0
545.98275	10.329250000000002	epochs															maze	29.0
545.98275	8.599000000000046	epochs															maze_stem	29.0
546.00275	15.520999999999958	trials	False	True	False	False	False	True	[0.87002093 0.12997909 0.24466664 0.75533336]	0.6253542825579643	-0.11468755453824997	0.31267714500427246	0.05734378099441528	0.8700209259986877	[3197 3196 3196 3196 3196]	[3258 3257 3257 3257 3257]		
554.6025	1.7095000000000482	epochs															maze_arm	29.0
556.33075	5.171249999999986	epochs															feedback_and_iti	29.0
556.33075	0.9877500000000055	epochs															feedback_delay	29.0
557.34025	1.9714999999999918	epochs															feedback	29.0
559.509	1.9929999999999382	epochs															iti	29.0
561.52375	11.509250000000065	epochs															maze	30.0
561.52375	9.950250000000096	epochs															maze_stem	30.0
561.545	16.707500000000095	trials	True	True	False	False	False	True	[0.9212541  0.0787459  0.28231624 0.71768379]	0.6389378756284714	-0.20357032120227814	0.3194689303636551	0.10178516805171967	0.9212540984153748	[3290 3290 3289 3289 3289]	[3358 3358 3357 3357 3357]		
571.49475	1.5382500000000618	epochs															maze_arm	30.0
573.05225	5.1784999999999854	epochs															feedback_and_iti	30.0
573.05225	0.9802500000000691	epochs															feedback_delay	30.0
574.05375	1.9909999999999854	epochs															feedback	30.0
576.23525	1.9954999999999927	epochs															iti	30.0
578.2525	11.268999999999892	epochs															maze	31.0
578.2525	9.198249999999916	epochs															maze_stem	31.0
578.273	18.320749999999975	trials	False	True	False	True	False	False	[0.86919475 0.13080525 0.27386636 0.72613364]	0.5953283905982971	-0.143061101436615	-0.29766419529914856	0.0715305507183075	0.27386635541915894	[3390 3390 3390 3389 3389]	[3457 3457 3456 3456 3456]		
587.4715	2.0499999999999545	epochs															maze_arm	31.0
589.54525	7.027249999999981	epochs															feedback_and_iti	31.0
589.54525	0.9852499999999509	epochs															feedback_delay	31.0
590.553	1.9857500000000528	epochs															feedback	31.0
592.57825	3.9942499999999654	epochs															iti	31.0
596.59375	15.05600000000004	epochs															maze	32.0
596.59375	11.558499999999981	epochs															maze_stem	32.0
596.615	20.236499999999978	trials	False	True	False	True	True	True	[0.75696307 0.24303691 0.27619702 0.72380298]	0.48076606541872025	-0.033160097897052765	0.24038303643465042	-0.01658005267381668	0.7238029837608337	[3500 3500 3500 3499 3499]	[3589 3589 3589 3589 3589]		
608.17175	3.4780000000000655	epochs															maze_arm	32.0
611.67125	5.158250000000066	epochs															feedback_and_iti	32.0
611.67125	0.9922500000000127	epochs															feedback_delay	32.0
612.683	1.9672500000000355	epochs															feedback	32.0
614.849	1.9805000000000064	epochs															iti	32.0
616.8515	11.619249999999965	epochs															maze	33.0
616.8515	10.113000000000056	epochs															maze_stem	33.0
616.8725	16.815750000000094	trials	False	True	False	False	False	True	[0.82566047 0.17433949 0.18805851 0.8119415 ]	0.6376019865274429	-0.013718992471694946	0.31880097836256027	0.006859488785266876	0.8256604671478271	[3622 3621 3621 3621 3621]	[3690 3690 3690 3690 3690]		
626.984	1.4867499999999154	epochs															maze_arm	33.0
628.492	5.1752500000000055	epochs															feedback_and_iti	33.0
628.492	0.9957500000000437	epochs															feedback_delay	33.0
629.50875	1.9717500000000427	epochs															feedback	33.0
631.674	1.993249999999989	epochs															iti	33.0
633.68825	11.139749999999935	epochs															maze	34.0
633.68825	9.548249999999939	epochs															maze_stem	34.0
633.70975	16.34125000000006	trials	False	True	False	False	False	True	[0.89550477 0.1044952  0.27427724 0.72572279]	0.6212275587022305	-0.16978200897574425	0.3106137663125992	0.08489100635051727	0.8955047726631165	[3723 3722 3722 3722 3722]	[3788 3788 3788 3788 3788]		
643.25775	1.5702499999999873	epochs															maze_arm	34.0
644.84875	5.182000000000016	epochs															feedback_and_iti	34.0
644.84875	0.9850000000000136	epochs															feedback_delay	34.0
645.85575	1.986250000000041	epochs															feedback	34.0
648.03675	1.9940000000000282	epochs															iti	34.0
650.051	13.687000000000012	epochs															maze	35.0
650.051	11.027749999999969	epochs															maze_stem	35.0
650.073	20.720750000000066	trials	True	True	False	False	True	False	[0.91763276 0.08236718 0.30939925 0.69060069]	0.6082335114479065	-0.22703206539154053	-0.30411675572395325	-0.11351606249809265	0.0823671817779541	[3821 3820 3820 3820 3820]	[3902 3902 3901 3901 3901]		
661.10125	2.6367500000000064	epochs															maze_arm	35.0
663.75725	7.014249999999947	epochs															feedback_and_iti	35.0
663.75725	0.9832499999999982	epochs															feedback_delay	35.0
664.76225	1.975500000000011	epochs															feedback	35.0
666.79375	3.977749999999901	epochs															iti	35.0
670.79375	11.57549999999992	epochs															maze	36.0
670.79375	6.88149999999996	epochs															maze_stem	36.0
670.81475	16.77800000000002	trials	True	True	False	True	True	True	[0.69699246 0.30300754 0.16750284 0.83249718]	0.529489628970623	0.13550471514463425	0.2647448182106018	0.06775236129760742	0.8324971795082092	[3945 3945 3945 3944 3944]	[4014 4013 4013 4013 4013]		
677.69575	4.67349999999999	epochs															maze_arm	36.0
682.38675	5.182749999999942	epochs															feedback_and_iti	36.0
682.38675	0.9917500000000246	epochs															feedback_delay	36.0
683.399	1.9779999999999518	epochs															feedback	36.0
685.59625	1.9732499999998936	epochs															iti	36.0
687.59275	12.96875	epochs															maze	37.0
687.59275	9.870000000000005	epochs															maze_stem	37.0
687.61375	20.00675000000001	trials	True	True	False	False	True	False	[0.63617402 0.36382598 0.15364985 0.84635013]	0.48252416402101517	0.21017611771821976	-0.24126207828521729	0.10508805513381958	0.3638259768486023	[4046 4046 4045 4045 4045]	[4123 4122 4122 4122 4122]		
697.48175	3.07974999999999	epochs															maze_arm	37.0
700.5805	7.015999999999963	epochs															feedback_and_iti	37.0
700.5805	0.9942499999999654	epochs															feedback_delay	37.0
701.5965	1.975500000000011	epochs															feedback	37.0
703.61275	3.9837499999999864	epochs															iti	37.0
707.6205	13.018249999999966	epochs															maze	38.0
707.6205	9.58725000000004	epochs															maze_stem	38.0
707.64325	18.221499999999992	trials	False	True	False	True	True	True	[0.51036596 0.48963398 0.14135015 0.85864985]	0.3690158426761627	0.3482838571071625	0.18450793623924255	0.17414191365242004	0.8586498498916626	[4166 4166 4166 4165 4165]	[4243 4243 4243 4242 4242]		
717.23075	3.4080000000000155	epochs															maze_arm	38.0
720.659	5.183250000000044	epochs															feedback_and_iti	38.0
720.659	0.9857500000000528	epochs															feedback_delay	38.0
721.66575	1.9790000000000418	epochs															feedback	38.0
723.8505	1.9917500000000246	epochs															iti	38.0
725.86475	11.885500000000093	epochs															maze	39.0
725.86475	10.12175000000002	epochs															maze_stem	39.0
725.88375	17.086000000000013	trials	False	True	False	False	False	True	[0.4279789  0.57202107 0.10262817 0.89737189]	0.3253507763147354	0.46939294040203094	0.16267536580562592	-0.23469646275043488	0.42797890305519104	[4275 4275 4275 4275 4275]	[4346 4346 4345 4345 4345]		
736.00875	1.7415000000000873	epochs															maze_arm	39.0
737.7725	5.1752500000000055	epochs															feedback_and_iti	39.0
737.7725	0.9950000000000045	epochs															feedback_delay	39.0
738.78775	1.9667500000000473	epochs															feedback	39.0
740.95225	1.9954999999999927	epochs															iti	39.0
742.96975	16.902500000000032	epochs															maze	40.0
742.96975	12.602500000000077	epochs															maze_stem	40.0
742.9905	22.096499999999992	trials	False	True	False	True	True	True	[0.77443016 0.22556986 0.23123205 0.76876795]	0.5431981012225151	-0.005662195384502411	0.27159904688596725	-0.002831093966960907	0.7687679529190063	[4378 4378 4378 4377 4377]	[4478 4478 4478 4478 4478]		
755.593	4.279250000000047	epochs															maze_arm	40.0
759.892	5.175499999999943	epochs															feedback_and_iti	40.0
759.892	0.9902499999999463	epochs															feedback_delay	40.0
760.90475	1.9812499999999318	epochs															feedback	40.0
763.081	1.9864999999999782	epochs															iti	40.0
765.087	14.918999999999983	epochs															maze	41.0
765.087	12.397749999999974	epochs															maze_stem	41.0
765.1075	20.115750000000048	trials	False	True	False	True	True	True	[0.62811267 0.37188733 0.11651139 0.88348866]	0.5116013064980507	0.2553759589791298	0.25580066442489624	0.1276879906654358	0.883488655090332	[4511 4510 4510 4510 4510]	[4599 4599 4599 4599 4598]		
777.50525	2.5007499999999254	epochs															maze_arm	41.0
780.02675	5.175500000000056	epochs															feedback_and_iti	41.0
780.02675	0.9867500000000291	epochs															feedback_delay	41.0
781.03375	1.9914999999999736	epochs															feedback	41.0
783.222	1.9802500000000691	epochs															iti	41.0
785.22325	13.507249999999999	epochs															maze	42.0
785.22325	11.477499999999964	epochs															maze_stem	42.0
785.24425	18.709749999999985	trials	True	True	False	False	False	True	[0.65325481 0.34674525 0.09788057 0.9021194 ]	0.5553741902112961	0.24886463582515717	0.27768711745738983	-0.12443231046199799	0.6532548069953918	[4631 4631 4631 4631 4631]	[4711 4711 4711 4711 4711]		
796.72075	2.0097500000000537	epochs															maze_arm	42.0
798.751	5.183250000000044	epochs															feedback_and_iti	42.0
798.751	0.98924999999997	epochs															feedback_delay	42.0
799.761	1.98700000000008	epochs															feedback	42.0
801.9435	1.9907500000000482	epochs															iti	42.0
803.954	16.911249999999995	epochs															maze	43.0
803.954	13.669250000000034	epochs															maze_stem	43.0
803.9735	22.1087500000001	trials	True	True	False	True	True	True	[0.76056516 0.23943484 0.15436615 0.8456338 ]	0.6061989888548851	0.08506866544485092	0.30309948325157166	0.042534321546554565	0.8456338047981262	[4744 4743 4743 4743 4743]	[4844 4844 4844 4844 4843]		
817.64525	3.2199999999999136	epochs															maze_arm	43.0
820.88375	5.1784999999999854	epochs															feedback_and_iti	43.0
820.88375	0.9835000000000491	epochs															feedback_delay	43.0
821.8855	1.9957500000000437	epochs															feedback	43.0
824.073	1.98924999999997	epochs															iti	43.0
826.08225	15.240249999999946	epochs															maze	44.0
826.08225	11.46049999999991	epochs															maze_stem	44.0
826.104	20.437999999999988	trials	False	True	False	True	True	True	[0.72228503 0.27771494 0.07560033 0.92439967]	0.646684717386961	0.20211462303996086	0.32334236800670624	0.10105730593204498	0.9243996739387512	[4876 4876 4876 4876 4876]	[4967 4967 4966 4966 4966]		
837.56425	3.7582499999999754	epochs															maze_arm	44.0
841.344	5.173749999999927	epochs															feedback_and_iti	44.0
841.344	0.9964999999999691	epochs															feedback_delay	44.0
842.36225	1.9705000000000155	epochs															feedback	44.0
844.539	1.978749999999991	epochs															iti	44.0
846.542	11.410499999999956	epochs															maze	45.0
846.542	9.914499999999975	epochs															maze_stem	45.0
846.565	16.718999999999937	trials	False	True	False	False	False	True	[0.7234723  0.27652767 0.07678275 0.9232173 ]	0.6466895863413811	0.19974496215581894	0.32334477454423904	-0.09987247735261917	0.7234722971916199	[4999 4999 4999 4999 4998]	[5067 5066 5066 5066 5066]		
856.478	1.4745000000000346	epochs															maze_arm	45.0
857.97575	5.278750000000059	epochs															feedback_and_iti	45.0
857.97575	0.98700000000008	epochs															feedback_delay	45.0
858.98375	1.9774999999999636	epochs															feedback	45.0
861.25325	2.0012500000000273	epochs															iti	45.0
863.284	13.001499999999965	epochs															maze	46.0
863.284	10.284750000000031	epochs															maze_stem	46.0
863.30475	18.214249999999993	trials	False	True	False	True	True	True	[0.86296743 0.13703257 0.14295872 0.8570413 ]	0.7200087234377861	-0.005926139652729034	0.36000436544418335	-0.0029630661010742188	0.8570412993431091	[5100 5099 5099 5099 5099]	[5177 5176 5176 5176 5176]		
873.59325	2.6922499999999445	epochs															maze_arm	46.0
876.30675	5.189500000000066	epochs															feedback_and_iti	46.0
876.30675	0.98275000000001	epochs															feedback_delay	46.0
877.3135	1.990000000000009	epochs															feedback	46.0
879.50425	1.9920000000000755	epochs															iti	46.0
881.519	12.751750000000015	epochs															maze	47.0
881.519	10.868749999999977	epochs															maze_stem	47.0
881.53775	17.94475	trials	True	True	False	False	False	True	[0.76496226 0.23503771 0.07205878 0.9279412 ]	0.6929034814238548	0.16297893971204758	0.3464517369866371	-0.08148948103189468	0.7649622559547424	[5209 5209 5208 5208 5208]	[5284 5284 5284 5284 5284]		
892.40775	1.8630000000000564	epochs															maze_arm	47.0
894.2915	5.1684999999999945	epochs															feedback_and_iti	47.0
894.2915	0.9962499999999181	epochs															feedback_delay	47.0
895.308	1.9642499999999927	epochs															feedback	47.0
897.47325	1.986750000000029	epochs															iti	47.0
899.4825	12.810500000000047	epochs															maze	48.0
899.4825	11.164750000000026	epochs															maze_stem	48.0
899.50375	18.017000000000053	trials	False	True	False	False	False	True	[0.80624145 0.19375856 0.11747555 0.88252437]	0.6887658573687077	0.07628296688199043	0.34438295289874077	-0.03814150020480156	0.8062414526939392	[5317 5316 5316 5316 5316]	[5393 5392 5392 5392 5392]		
910.6685	1.6245000000000118	epochs															maze_arm	48.0
912.31275	5.186749999999961	epochs															feedback_and_iti	48.0
912.31275	0.98599999999999	epochs															feedback_delay	48.0
913.32	1.9827499999998963	epochs															feedback	48.0
915.50825	1.9912500000000364	epochs															iti	48.0
917.52075	11.001750000000015	epochs															maze	49.0
917.52075	9.397749999999974	epochs															maze_stem	49.0
917.54125	16.19150000000002	trials	False	True	False	False	False	True	[0.89299905 0.10700092 0.14139652 0.85860342]	0.7516025118529797	-0.03439561650156975	0.3758012652397156	0.017197787761688232	0.8929990530014038	[5425 5425 5424 5424 5424]	[5490 5490 5489 5489 5489]		
926.94	1.5824999999999818	epochs															maze_arm	49.0
928.54375	5.169749999999908	epochs															feedback_and_iti	49.0
928.54375	0.9917499999999109	epochs															feedback_delay	49.0
929.55725	1.9700000000000273	epochs															feedback	49.0
931.72475	1.9887499999999818	epochs															iti	49.0
933.73275	14.153249999999957	epochs															maze	50.0
933.73275	11.096499999999992	epochs															maze_stem	50.0
933.754	19.348999999999933	trials	False	True	False	True	True	True	[0.90234977 0.09765024 0.16068786 0.83931208]	0.7416618727147579	-0.06303765997290611	0.3708309195935726	-0.0315188430249691	0.8393120765686035	[5522 5522 5522 5521 5521]	[5606 5606 5606 5605 5605]		
944.8515	3.03449999999998	epochs															maze_arm	50.0
947.90625	5.1749999999999545	epochs															feedback_and_iti	50.0
947.90625	0.99675000000002	epochs															feedback_delay	50.0
948.92475	1.9789999999999281	epochs															feedback	50.0
951.09925	1.981999999999971	epochs															iti	50.0
953.103	13.919000000000096	epochs															maze	51.0
953.103	10.355750000000057	epochs															maze_stem	51.0
953.12425	19.113500000000045	trials	False	True	False	True	True	True	[0.80205595 0.19794403 0.0698904  0.93010956]	0.7321655414998531	0.12805361673235893	0.3660827651619911	0.06402679532766342	0.9301095604896545	[5638 5638 5638 5638 5637]	[5721 5721 5720 5720 5720]		
963.4795	3.542500000000018	epochs															maze_arm	51.0
967.0425	5.176249999999982	epochs															feedback_and_iti	51.0
967.0425	0.9964999999999691	epochs															feedback_delay	51.0
968.06	1.9750000000000227	epochs															feedback	51.0
970.23225	1.9864999999999782	epochs															iti	51.0
972.23775	11.40300000000002	epochs															maze	52.0
972.23775	8.217499999999973	epochs															maze_stem	52.0
972.259	16.609500000000025	trials	False	True	False	True	True	True	[0.82808876 0.17191125 0.07461505 0.92538494]	0.7534736953675747	0.09729618951678276	0.3767368420958519	0.04864809662103653	0.9253849387168884	[5753 5753 5753 5752 5752]	[5820 5820 5820 5820 5820]		
980.476	3.1647500000000264	epochs															maze_arm	52.0
983.66275	5.185000000000059	epochs															feedback_and_iti	52.0
983.66275	0.9787499999999909	epochs															feedback_delay	52.0
984.6625	1.9869999999999663	epochs															feedback	52.0
986.8565	1.9912500000000364	epochs															iti	52.0
988.8685	13.902249999999981	epochs															maze	53.0
988.8685	11.456749999999943	epochs															maze_stem	53.0
988.887	20.938000000000102	trials	False	True	False	True	False	False	[0.82102334 0.17897664 0.07170109 0.92829889]	0.7493222504854202	0.10727554559707642	-0.3746611252427101	-0.053637780249118805	0.07170109450817108	[5853 5852 5852 5852 5852]	[5935 5935 5935 5935 5934]		
1000.34625	2.4244999999999663	epochs															maze_arm	53.0
1002.789	7.014750000000049	epochs															feedback_and_iti	53.0
1002.789	0.9930000000000518	epochs															feedback_delay	53.0
1003.803	1.9797499999999673	epochs															feedback	53.0
1005.8245	3.9792500000000928	epochs															iti	53.0
1009.825	16.092499999999973	epochs															maze	54.0
1009.825	12.248499999999922	epochs															maze_stem	54.0
1009.84575	21.28625000000011	trials	False	True	False	True	True	True	[0.72039932 0.27960065 0.1467084  0.85329157]	0.5736909210681915	0.13289225101470947	0.28684546053409576	0.06644611060619354	0.8532915711402893	[5978 5978 5978 5978 5978]	[6074 6074 6074 6073 6073]		
1022.097	3.820500000000038	epochs															maze_arm	54.0
1025.937	5.173250000000053	epochs															feedback_and_iti	54.0
1025.937	0.9837500000001	epochs															feedback_delay	54.0
1026.9425	1.9807499999999436	epochs															feedback	54.0
1029.14575	1.9645000000000437	epochs															iti	54.0
1031.132	12.34050000000002	epochs															maze	55.0
1031.132	10.617499999999836	epochs															maze_stem	55.0
1031.15425	17.53274999999985	trials	False	True	False	False	False	True	[0.82292598 0.17707404 0.09490123 0.90509886]	0.728024784475565	0.08217284455895424	0.36401237919926643	-0.04108639433979988	0.8229259848594666	[6106 6106 6106 6106 6105]	[6179 6179 6179 6179 6178]		
1041.772	1.7005000000001473	epochs															maze_arm	55.0
1043.49375	5.173499999999876	epochs															feedback_and_iti	55.0
1043.49375	0.9877500000000055	epochs															feedback_delay	55.0
1044.50525	1.97199999999998	epochs															feedback	55.0
1046.67625	1.9909999999999854	epochs															iti	55.0
1048.687	13.028750000000173	epochs															maze	56.0
1048.687	10.391250000000127	epochs															maze_stem	56.0
1048.70825	18.224750000000085	trials	False	True	False	True	True	True	[0.89090896 0.10909108 0.16761197 0.83238798]	0.723296944051981	-0.058520931750535965	0.36164845153689384	-0.02926046773791313	0.8323879837989807	[6211 6211 6211 6211 6211]	[6289 6288 6288 6288 6288]		
1059.0985	2.6172500000000127	epochs															maze_arm	56.0
1061.73475	5.176500000000033	epochs															feedback_and_iti	56.0
1061.73475	0.9892499999998563	epochs															feedback_delay	56.0
1062.745	1.9820000000001983	epochs															feedback	56.0
1064.9275	1.9837500000001	epochs															iti	56.0
1066.933	12.346749999999929	epochs															maze	57.0
1066.933	9.272249999999985	epochs															maze_stem	57.0
1066.95375	17.562250000000176	trials	False	True	False	True	True	True	[0.80380619 0.19619386 0.08161189 0.91838819]	0.7221943140029907	0.11458198726177216	0.36109716445207596	0.057291023433208466	0.9183881878852844	[6321 6321 6320 6320 6320]	[6394 6394 6394 6393 6393]		
1076.225	3.0547500000000127	epochs															maze_arm	57.0
1079.30125	5.192999999999984	epochs															feedback_and_iti	57.0
1079.30125	0.9819999999999709	epochs															feedback_delay	57.0
1080.30375	1.9962499999999181	epochs															feedback	57.0
1082.5005	1.9937499999998636	epochs															iti	57.0
1084.516	12.786749999999984	epochs															maze	58.0
1084.516	10.03599999999983	epochs															maze_stem	58.0
1084.536	17.979000000000042	trials	False	True	False	True	True	True	[0.82737559 0.17262445 0.07756548 0.92243457]	0.7498101145029068	0.09505897760391235	0.3749050572514534	0.04752951115369797	0.9224345684051514	[6426 6426 6426 6426 6426]	[6502 6502 6502 6501 6501]		
1094.57325	2.7295000000001437	epochs															maze_arm	58.0
1097.32325	5.170749999999998	epochs															feedback_and_iti	58.0
1097.32325	0.9912500000000364	epochs															feedback_delay	58.0
1098.334	1.975500000000011	epochs															feedback	58.0
1100.50625	1.9877500000000055	epochs															iti	58.0
1102.515	13.93574999999987	epochs															maze	59.0
1102.515	11.260999999999967	epochs															maze_stem	59.0
1102.53425	20.98675000000003	trials	False	True	False	False	True	False	[0.82645082 0.17354921 0.07464302 0.92535698]	0.7518077902495861	0.09890617057681084	-0.3759038895368576	0.049453094601631165	0.17354920506477356	[6534 6534 6534 6534 6533]	[6617 6617 6617 6616 6616]		
1113.79775	2.65300000000002	epochs															maze_arm	59.0
1116.47125	7.02800000000002	epochs															feedback_and_iti	59.0
1116.47125	0.9917499999999109	epochs															feedback_delay	59.0
1117.484	1.9857500000000528	epochs															feedback	59.0
1119.5125	3.986750000000029	epochs															iti	59.0
1123.521	11.515499999999975	epochs															maze	60.0
1123.521	7.774249999999938	epochs															maze_stem	60.0
1123.54275	16.708249999999907	trials	False	True	False	False	False	True	[0.58656275 0.41343725 0.0986971  0.90130287]	0.4878656379878521	0.3147401325404644	0.2439328245818615	-0.15737007185816765	0.5865627527236938	[6660 6660 6660 6660 6659]	[6728 6728 6728 6728 6728]		
1131.31675	3.7197499999999764	epochs															maze_arm	60.0
1135.05625	5.173999999999978	epochs															feedback_and_iti	60.0
1135.05625	0.9934999999998126	epochs															feedback_delay	60.0
1136.07125	1.9725000000000819	epochs															feedback	60.0
1138.2425	1.9877500000000055	epochs															iti	60.0
1140.251	10.867250000000013	epochs															maze	61.0
1140.251	7.74350000000004	epochs															maze_stem	61.0
1140.27175	16.076499999999896	trials	False	True	False	True	True	True	[0.8033272  0.19667272 0.13675599 0.863244  ]	0.666571244597435	0.05991676449775696	0.3332856371998787	0.029958359897136688	0.8632439970970154	[6761 6760 6760 6760 6760]	[6825 6825 6824 6824 6824]		
1148.016	3.1022499999999127	epochs															maze_arm	61.0
1151.1385	5.188499999999976	epochs															feedback_and_iti	61.0
1151.1385	0.9832499999999982	epochs															feedback_delay	61.0
1152.14375	1.9942499999999654	epochs															feedback	61.0
1154.339	1.9880000000000564	epochs															iti	61.0
1156.34825	12.729250000000093	epochs															maze	62.0
1156.34825	9.026499999999942	epochs															maze_stem	62.0
1156.36825	17.929750000000013	trials	True	True	False	True	True	True	[0.70756316 0.29243681 0.07712422 0.92287582]	0.6304389797151089	0.2153126262128353	0.3152195066213608	0.1076563149690628	0.9228758215904236	[6857 6857 6857 6857 6856]	[6933 6932 6932 6932 6932]		
1165.3955	3.6820000000000164	epochs															maze_arm	62.0
1169.09825	5.1782499999999345	epochs															feedback_and_iti	62.0
1169.09825	0.9949999999998909	epochs															feedback_delay	62.0
1170.11325	1.9664999999999964	epochs															feedback	62.0
1172.2835	1.9929999999999382	epochs															iti	62.0
1174.298	11.231999999999971	epochs															maze	63.0
1174.298	9.726499999999987	epochs															maze_stem	63.0
1174.31925	16.42599999999993	trials	False	True	False	False	False	True	[0.69816077 0.30183926 0.06558007 0.93441993]	0.6325806826353073	0.23625917732715607	0.31629034876823425	-0.11812958121299744	0.6981607675552368	[6965 6965 6964 6964 6964]	[7031 7031 7031 7031 7030]		
1184.04625	1.4837499999998727	epochs															maze_arm	63.0
1185.55075	5.173749999999927	epochs															feedback_and_iti	63.0
1185.55075	0.9804999999998927	epochs															feedback_delay	63.0
1186.552	1.9980000000000473	epochs															feedback	63.0
1188.743	1.9815000000000964	epochs															iti	63.0
1190.74525	17.008749999999964	epochs															maze	64.0
1190.74525	14.19250000000011	epochs															maze_stem	64.0
1190.766	22.201749999999947	trials	False	True	False	True	True	True	[0.86169469 0.13830531 0.1510485  0.84895152]	0.7106462046504021	-0.012743182480335236	0.35532310605049133	-0.006371587514877319	0.848951518535614	[7063 7063 7063 7063 7063]	[7164 7164 7164 7164 7164]		
1204.95875	2.7952499999998963	epochs															maze_arm	64.0
1207.7745	5.169750000000022	epochs															feedback_and_iti	64.0
1207.7745	0.9835000000000491	epochs															feedback_delay	64.0
1208.77975	1.9790000000000418	epochs															feedback	64.0
1210.957	1.9872499999999036	epochs															iti	64.0
1212.96775	11.354749999999967	epochs															maze	65.0
1212.96775	8.594000000000051	epochs															maze_stem	65.0
1212.98675	16.548250000000053	trials	False	True	False	True	True	True	[0.7758891  0.22411093 0.07520853 0.92479151]	0.7006805762648582	0.14890240877866745	0.3503402918577194	0.07445122301578522	0.9247915148735046	[7197 7196 7196 7196 7196]	[7264 7264 7263 7263 7263]		
1221.58525	2.7372499999999036	epochs															maze_arm	65.0
1224.3415	5.173999999999978	epochs															feedback_and_iti	65.0
1224.3415	0.9970000000000709	epochs															feedback_delay	65.0
1225.3595	1.9790000000000418	epochs															feedback	65.0
1227.5655	1.9500000000000455	epochs															iti	65.0
1229.535	10.540499999999838	epochs															maze	66.0
1229.535	8.8912499999999	epochs															maze_stem	66.0
1229.55675	15.740500000000111	trials	False	True	False	False	False	True	[0.80322248 0.19677754 0.07211111 0.92788887]	0.7311113476753235	0.12466640770435333	0.36555568128824234	-0.062333203852176666	0.8032224774360657	[7296 7296 7296 7295 7295]	[7358 7358 7358 7358 7357]		
1238.44725	1.62824999999998	epochs															maze_arm	66.0
1240.095	5.179750000000013	epochs															feedback_and_iti	66.0
1240.095	0.9839999999999236	epochs															feedback_delay	66.0
1241.102	1.9792499999998654	epochs															feedback	66.0
1243.28	1.9947500000000673	epochs															iti	66.0
1245.29725	10.591249999999945	epochs															maze	67.0
1245.29725	8.799499999999853	epochs															maze_stem	67.0
1245.3215	15.892749999999978	trials	False	True	False	False	False	True	[0.88441247 0.11558753 0.14148895 0.85851097]	0.7429234758019447	-0.02590145915746689	0.37146175652742386	0.012950710952281952	0.8844124674797058	[7391 7390 7390 7390 7390]	[7453 7453 7453 7453 7452]		
1254.11875	1.7697499999999309	epochs															maze_arm	67.0
1255.91075	5.282750000000078	epochs															feedback_and_iti	67.0
1255.91075	0.9929999999999382	epochs															feedback_delay	67.0
1256.9275	1.9762499999999363	epochs															feedback	67.0
1259.1965	1.997000000000071	epochs															iti	67.0
1261.21425	9.780999999999949	epochs															maze	68.0
1261.21425	6.916500000000042	epochs															maze_stem	68.0
1261.23225	14.989749999999958	trials	True	True	False	True	True	True	[0.90047026 0.09952973 0.15074512 0.84925485]	0.7497251257300377	-0.05121540278196335	0.37486255913972855	-0.02560771256685257	0.849254846572876	[7486 7486 7486 7485 7485]	[7544 7544 7543 7543 7543]		
1268.152	2.843249999999898	epochs															maze_arm	68.0
1271.01575	5.185500000000047	epochs															feedback_and_iti	68.0
1271.01575	0.9802500000000691	epochs															feedback_delay	68.0
1272.01675	1.9982500000000982	epochs															feedback	68.0
1274.20725	1.9940000000001419	epochs															iti	68.0
1276.222	11.40300000000002	epochs															maze	69.0
1276.222	8.995750000000044	epochs															maze_stem	69.0
1276.241	16.595250000000078	trials	False	True	False	False	False	True	[0.85344183 0.14655812 0.08099547 0.9190045 ]	0.772446371614933	0.0655626580119133	0.3862231820821762	-0.03278134763240814	0.8534418344497681	[7576 7576 7576 7575 7575]	[7643 7643 7643 7643 7643]		
1285.238	2.3869999999999436	epochs															maze_arm	69.0
1287.64525	5.172250000000076	epochs															feedback_and_iti	69.0
1287.64525	0.9859999999998763	epochs															feedback_delay	69.0
1288.654	1.9857500000000528	epochs															feedback	69.0
1290.832	1.9855000000000018	epochs															iti	69.0
1292.83625	11.518000000000029	epochs															maze	70.0
1292.83625	8.64799999999991	epochs															maze_stem	70.0
1292.85675	16.728000000000065	trials	True	True	False	True	True	True	[0.88676029 0.11323971 0.16275157 0.83724844]	0.7240087278187275	-0.049511853605508804	0.3620043657720089	-0.024755921214818954	0.8372484445571899	[7676 7675 7675 7675 7675]	[7744 7744 7743 7743 7743]		
1301.50375	2.850500000000011	epochs															maze_arm	70.0
1304.37475	5.188750000000027	epochs															feedback_and_iti	70.0
1304.37475	0.9932499999999891	epochs															feedback_delay	70.0
1305.38675	1.9835000000000491	epochs															feedback	70.0
1307.5695	1.9939999999999145	epochs															iti	70.0
1309.58475	9.352249999999913	epochs															maze	71.0
1309.58475	6.733999999999924	epochs															maze_stem	71.0
1309.60525	14.546249999999873	trials	False	True	False	True	True	True	[0.84544188 0.15455815 0.07398695 0.92601305]	0.7714549116790295	0.08057118579745293	0.3857274502515793	0.04028560221195221	0.9260130524635315	[7776 7776 7776 7776 7775]	[7831 7831 7831 7831 7830]		
1316.3385	2.598499999999831	epochs															maze_arm	71.0
1318.95975	5.165750000000116	epochs															feedback_and_iti	71.0
1318.95975	0.993750000000091	epochs															feedback_delay	71.0
1319.97525	1.9700000000000273	epochs															feedback	71.0
1322.141	1.9845000000000255	epochs															iti	71.0
1324.1515	11.042249999999967	epochs															maze	72.0
1324.1515	9.452750000000151	epochs															maze_stem	72.0
1324.17725	16.251999999999953	trials	False	True	False	False	False	True	[0.83540106 0.16459888 0.07496708 0.92503291]	0.7604340054094791	0.0896318294107914	0.3802169896662235	-0.04481593146920204	0.8354010581970215	[7863 7863 7863 7863 7863]	[7929 7929 7928 7928 7928]		
1333.6245	1.569250000000011	epochs															maze_arm	72.0
1335.2185	5.189750000000004	epochs															feedback_and_iti	72.0
1335.2185	0.9832499999999982	epochs															feedback_delay	72.0
1336.22475	1.9834999999998217	epochs															feedback	72.0
1338.4385	1.9697499999999764	epochs															iti	72.0
1340.42925	10.736000000000104	epochs															maze	73.0
1340.42925	8.191500000000133	epochs															maze_stem	73.0
1340.44975	17.78099999999995	trials	False	True	False	False	True	False	[0.89299905 0.10700091 0.14130343 0.85869658]	0.7516956441104412	-0.034302499145269394	-0.37584783509373665	-0.017151255160570145	0.1070009097456932	[7961 7961 7961 7960 7960]	[8025 8024 8024 8024 8024]		
1348.6445	2.5207499999999072	epochs															maze_arm	73.0
1351.184	7.024000000000115	epochs															feedback_and_iti	73.0
1351.184	0.9915000000000873	epochs															feedback_delay	73.0
1352.1975	1.9857500000000528	epochs															feedback	73.0
1354.22725	3.980750000000171	epochs															iti	73.0
1358.23075	10.537500000000136	epochs															maze	74.0
1358.23075	7.932000000000016	epochs															maze_stem	74.0
1358.25175	15.74525000000017	trials	False	True	False	True	True	True	[0.71657437 0.28342563 0.07999323 0.92000675]	0.6365811340510845	0.20343239232897758	0.3182905614376068	0.10171619057655334	0.9200067520141602	[8068 8068 8067 8067 8067]	[8130 8130 8130 8129 8129]		
1366.184	2.584250000000111	epochs															maze_arm	74.0
1368.78675	5.189250000000129	epochs															feedback_and_iti	74.0
1368.78675	0.9927500000001146	epochs															feedback_delay	74.0
1369.80275	1.9762499999999363	epochs															feedback	74.0
1371.9845	1.9915000000000873	epochs															iti	74.0
1373.997	10.626250000000027	epochs															maze	75.0
1373.997	8.691249999999854	epochs															maze_stem	75.0
1374.0175	15.818750000000136	trials	False	True	False	False	False	True	[0.75477034 0.24522969 0.09234121 0.90765882]	0.6624291241168976	0.1528884768486023	0.3312145620584488	-0.07644422352313995	0.7547703385353088	[8162 8162 8162 8162 8162]	[8225 8225 8225 8225 8224]		
1382.7085	1.91475000000014	epochs															maze_arm	75.0
1384.64675	5.170499999999947	epochs															feedback_and_iti	75.0
1384.64675	0.9807499999999436	epochs															feedback_delay	75.0
1385.648	1.9827500000001237	epochs															feedback	75.0
1387.85275	1.9645000000000437	epochs															iti	75.0
1389.83625	13.686500000000024	epochs															maze	76.0
1389.83625	10.179999999999836	epochs															maze_stem	76.0
1389.856	18.880249999999933	trials	True	True	False	True	True	True	[0.85672325 0.14327677 0.15989412 0.84010583]	0.6968290954828262	-0.016617387533187866	0.3484145328402519	-0.00830870121717453	0.8401058316230774	[8257 8257 8257 8257 8257]	[8339 8338 8338 8338 8338]		
1400.03525	3.487500000000182	epochs															maze_arm	76.0
1403.5425	5.173999999999978	epochs															feedback_and_iti	76.0
1403.5425	0.9884999999999309	epochs															feedback_delay	76.0
1404.55075	1.9837499999998727	epochs															feedback	76.0
1406.734	1.9825000000000728	epochs															iti	76.0
1408.73625	14.17450000000008	epochs															maze	77.0
1408.73625	10.743000000000166	epochs															maze_stem	77.0
1408.757	19.36674999999991	trials	False	True	False	False	False	True	[0.80722958 0.19277045 0.08252887 0.91747111]	0.7247006855905056	0.11024155840277672	0.36235035583376884	-0.05512077733874321	0.8072295784950256	[8371 8371 8370 8370 8370]	[8455 8455 8454 8454 8454]		
1419.5015	3.409249999999929	epochs															maze_arm	77.0
1422.9315	5.171500000000151	epochs															feedback_and_iti	77.0
1422.9315	0.9809999999999945	epochs															feedback_delay	77.0
1423.93525	1.99350000000004	epochs															feedback	77.0
1426.12275	1.9802500000000691	epochs															iti	77.0
1428.12375	13.353000000000065	epochs															maze	78.0
1428.12375	10.35550000000012	epochs															maze_stem	78.0
1428.142	18.539749999999913	trials	False	True	False	True	True	True	[0.87191373 0.1280863  0.15481156 0.8451885 ]	0.7171021848917007	-0.026725247502326965	0.35855109989643097	-0.013362601399421692	0.8451884984970093	[8487 8487 8487 8486 8486]	[8566 8566 8566 8566 8565]		
1438.502	2.9747500000000855	epochs															maze_arm	78.0
1441.49725	5.163250000000062	epochs															feedback_and_iti	78.0
1441.49725	0.9910000000002128	epochs															feedback_delay	78.0
1442.51175	1.96550000000002	epochs															feedback	78.0
1444.67	1.9904999999998836	epochs															iti	78.0
1446.68175	14.806250000000091	epochs															maze	79.0
1446.68175	11.554750000000013	epochs															maze_stem	79.0
1446.70525	21.8587500000001	trials	False	True	False	False	True	False	[0.79097819 0.20902181 0.0773104  0.92268962]	0.7136678025126457	0.1317114159464836	-0.35683390498161316	0.0658557116985321	0.20902180671691895	[8598 8598 8598 8598 8598]	[8686 8686 8686 8686 8685]		
1458.25625	3.2317500000001473	epochs															maze_arm	79.0
1461.50925	7.033249999999953	epochs															feedback_and_iti	79.0
1461.50925	0.9834999999998217	epochs															feedback_delay	79.0
1462.51425	1.9925000000000637	epochs															feedback	79.0
1464.545	3.9974999999999454	epochs															iti	79.0
1468.564	12.442000000000007	epochs															maze	80.0
1468.564	8.360500000000002	epochs															maze_stem	80.0
1468.58575	17.644000000000005	trials	True	True	False	True	True	True	[0.55278873 0.44721124 0.10292374 0.89707631]	0.44986503571271896	0.34428753703832626	0.22493253648281097	0.17214377224445343	0.8970763087272644	[8730 8729 8729 8729 8729]	[8803 8803 8803 8803 8802]		
1476.9435	4.0625	epochs															maze_arm	80.0
1481.02575	5.183500000000095	epochs															feedback_and_iti	80.0
1481.02575	0.9960000000000946	epochs															feedback_delay	80.0
1482.0405	1.9732500000000073	epochs															feedback	80.0
1484.21575	1.99350000000004	epochs															iti	80.0
1486.22975	11.183250000000044	epochs															maze	81.0
1486.22975	9.444999999999936	epochs															maze_stem	81.0
1486.25125	16.358999999999924	trials	False	True	False	False	False	True	[0.58709604 0.41290399 0.07004851 0.92995149]	0.5170475095510483	0.34285546839237213	0.25852376222610474	-0.17142772674560547	0.5870960354804993	[8835 8835 8835 8835 8835]	[8902 8901 8901 8901 8901]		
1495.696	1.7170000000000982	epochs															maze_arm	81.0
1497.433	5.155999999999949	epochs															feedback_and_iti	81.0
1497.433	0.9847500000000764	epochs															feedback_delay	81.0
1498.43775	1.9797499999999673	epochs															feedback	81.0
1500.60875	1.9802499999998417	epochs															iti	81.0
1502.61025	11.52475000000004	epochs															maze	82.0
1502.61025	9.795499999999947	epochs															maze_stem	82.0
1502.63075	16.71049999999991	trials	False	True	False	False	False	True	[0.7755689  0.22443113 0.13809519 0.8619048 ]	0.6374736949801445	0.0863359197974205	0.31873685866594315	-0.04316795617341995	0.7755689024925232	[8934 8934 8933 8933 8933]	[9002 9002 9001 9001 9001]		
1512.42575	1.7092499999998836	epochs															maze_arm	82.0
1514.157	5.1655000000000655	epochs															feedback_and_iti	82.0
1514.157	0.9774999999999636	epochs															feedback_delay	82.0
1515.156	1.98700000000008	epochs															feedback	82.0
1517.339	1.9835000000000491	epochs															iti	82.0
1519.34125	14.484750000000076	epochs															maze	83.0
1519.34125	11.014000000000124	epochs															maze_stem	83.0
1519.3605	19.683500000000095	trials	True	True	False	True	True	True	[0.86159182 0.1384082  0.17129369 0.82870632]	0.6902981251478195	-0.03288549184799194	0.34514906257390976	-0.016442738473415375	0.8287063241004944	[9034 9034 9034 9033 9033]	[9120 9120 9120 9119 9119]		
1530.37525	3.450749999999971	epochs															maze_arm	83.0
1533.844	5.181249999999864	epochs															feedback_and_iti	83.0
1533.844	0.9845000000000255	epochs															feedback_delay	83.0
1534.851	1.9827499999998963	epochs															feedback	83.0
1537.0285	1.99675000000002	epochs															iti	83.0
1539.044	11.104749999999967	epochs															maze	84.0
1539.044	9.22999999999979	epochs															maze_stem	84.0
1539.066	16.291999999999916	trials	False	True	False	False	False	True	[0.80172986 0.19827016 0.09041376 0.90958625]	0.7113160938024521	0.1078563928604126	0.35565804690122604	-0.0539281889796257	0.8017298579216003	[9152 9152 9152 9152 9151]	[9218 9218 9217 9217 9217]		
1548.29275	1.8559999999999945	epochs															maze_arm	84.0
1550.16975	5.167750000000069	epochs															feedback_and_iti	84.0
1550.16975	0.9907499999999345	epochs															feedback_delay	84.0
1551.18125	1.978249999999889	epochs															feedback	84.0
1553.35575	1.9817500000001473	epochs															iti	84.0
1555.358	12.11200000000008	epochs															maze	85.0
1555.358	10.232750000000124	epochs															maze_stem	85.0
1555.38025	17.311750000000075	trials	False	True	False	False	False	True	[0.86761969 0.13238029 0.16666491 0.8333351 ]	0.700954794883728	-0.03428460657596588	0.3504773899912834	0.01714230328798294	0.8676196932792664	[9250 9250 9250 9249 9249]	[9322 9322 9321 9321 9321]		
1565.6125	1.8575000000000728	epochs															maze_arm	85.0
1567.48875	5.184500000000071	epochs															feedback_and_iti	85.0
1567.48875	0.99025000000006	epochs															feedback_delay	85.0
1568.49925	1.9797499999999673	epochs															feedback	85.0
1570.67925	1.9940000000001419	epochs															iti	85.0
1572.692	10.906999999999925	epochs															maze	86.0
1572.692	8.85200000000009	epochs															maze_stem	86.0
1572.712	16.12000000000012	trials	True	True	False	False	False	True	[0.89705712 0.10294284 0.18349364 0.81650633]	0.7135634794831276	-0.08055079728364944	0.3567817360162735	0.04027538001537323	0.8970571160316467	[9354 9354 9354 9353 9353]	[9418 9418 9418 9418 9418]		
1581.56425	2.034750000000031	epochs															maze_arm	86.0
1583.62025	5.1870000000001255	epochs															feedback_and_iti	86.0
1583.62025	0.9847500000000764	epochs															feedback_delay	86.0
1584.62575	1.993750000000091	epochs															feedback	86.0
1586.812	1.9952500000001692	epochs															iti	86.0
1588.832	10.69399999999996	epochs															maze	87.0
1588.832	8.576249999999845	epochs															maze_stem	87.0
1588.85475	15.881250000000136	trials	False	True	False	False	False	True	[0.85387117 0.14612886 0.19735855 0.80264145]	0.6565126031637192	-0.051229700446128845	0.3282563090324402	0.02561485767364502	0.8538711667060852	[9451 9451 9450 9450 9450]	[9514 9514 9514 9513 9513]		
1597.42875	2.097250000000031	epochs															maze_arm	87.0
1599.54425	5.169750000000022	epochs															feedback_and_iti	87.0
1599.54425	0.9995000000001255	epochs															feedback_delay	87.0
1600.5645	1.9637500000001182	epochs															feedback	87.0
1602.722	1.9919999999999618	epochs															iti	87.0
1604.736	13.558249999999816	epochs															maze	88.0
1604.736	10.5474999999999	epochs															maze_stem	88.0
1604.75825	18.76924999999983	trials	False	True	False	True	True	True	[0.9136501  0.08634987 0.23307334 0.76692659]	0.6805767342448235	-0.14672348648309708	0.34028835594654083	-0.07336176931858063	0.7669265866279602	[9546 9546 9546 9546 9545]	[9627 9626 9626 9626 9626]		
1615.30475	2.9894999999999072	epochs															maze_arm	88.0
1618.31525	5.189999999999827	epochs															feedback_and_iti	88.0
1618.31525	0.9832499999999982	epochs															feedback_delay	88.0
1619.31975	1.9874999999999545	epochs															feedback	88.0
1621.507	1.9982499999998709	epochs															iti	88.0
1623.5275	10.568250000000035	epochs															maze	89.0
1623.5275	8.79300000000012	epochs															maze_stem	89.0
1623.548	15.760500000000093	trials	False	True	False	False	False	True	[0.80703646 0.19296356 0.10372163 0.89627838]	0.7033148296177387	0.08924192562699318	0.3516574166715145	-0.04462095722556114	0.8070364594459534	[9659 9659 9658 9658 9658]	[9721 9721 9721 9721 9721]		
1632.3405	1.7552499999999327	epochs															maze_arm	89.0
1634.1165	5.170749999999998	epochs															feedback_and_iti	89.0
1634.1165	0.9864999999999782	epochs															feedback_delay	89.0
1635.12575	1.9725000000000819	epochs															feedback	89.0
1637.3025	1.9847500000000764	epochs															iti	89.0
1639.3085	8.871249999999918	epochs															maze	90.0
1639.3085	6.9074999999998	epochs															maze_stem	90.0
1639.32975	14.062749999999824	trials	False	True	False	False	False	True	[0.89477617 0.10522383 0.20427966 0.79572034]	0.6904965080320835	-0.09905583038926125	0.3452482521533966	0.049527913331985474	0.8947761654853821	[9754 9753 9753 9753 9753]	[9806 9806 9805 9805 9805]		
1646.237	1.9427499999999327	epochs															maze_arm	90.0
1648.2005	5.172250000000076	epochs															feedback_and_iti	90.0
1648.2005	0.9815000000000964	epochs															feedback_delay	90.0
1649.20325	1.9877500000000055	epochs															feedback	90.0
1651.3935	1.9792500000000928	epochs															iti	90.0
1653.3925	9.868249999999989	epochs															maze	91.0
1653.3925	8.089500000000044	epochs															maze_stem	91.0
1653.4135	15.060999999999922	trials	True	True	False	False	False	True	[0.91056281 0.08943716 0.2184885  0.78151149]	0.6920743212103844	-0.1290513351559639	0.3460371568799019	0.06452565640211105	0.9105628132820129	[9838 9838 9838 9837 9837]	[9896 9896 9896 9896 9895]		
1661.5025	1.7582499999998618	epochs															maze_arm	91.0
1663.28125	5.1720000000000255	epochs															feedback_and_iti	91.0
1663.28125	0.9825000000000728	epochs															feedback_delay	91.0
1664.283	1.9909999999999854	epochs															feedback	91.0
1666.46875	1.9845000000000255	epochs															iti	91.0
1668.4745	13.188750000000027	epochs															maze	92.0
1668.4745	11.30925000000002	epochs															maze_stem	92.0
1668.4945	18.382499999999936	trials	True	True	False	False	False	True	[0.86279994 0.13720004 0.22286317 0.77713686]	0.6399367973208427	-0.08566310256719589	0.3199683874845505	0.042831555008888245	0.8627999424934387	[9928 9928 9928 9928 9928]	[10007 10006 10006 10006 10006]		
1679.8035	1.8597500000000764	epochs															maze_arm	92.0
1681.68325	5.1720000000000255	epochs															feedback_and_iti	92.0
1681.68325	0.9867500000000291	epochs															feedback_delay	92.0
1682.68825	1.980750000000171	epochs															feedback	92.0
1684.86375	1.9915000000000873	epochs															iti	92.0
1686.877	15.287250000000085	epochs															maze	93.0
1686.877	11.972250000000031	epochs															maze_stem	93.0
1686.89675	20.47874999999999	trials	False	True	False	True	True	True	[0.87276149 0.12723857 0.26105422 0.73894578]	0.6117072403430939	-0.1338156759738922	0.30585360527038574	-0.06690782308578491	0.7389457821846008	[10039 10039 10038 10038 10038]	[10130 10129 10129 10129 10129]		
1698.8705	3.2937500000000455	epochs															maze_arm	93.0
1702.18525	5.169750000000022	epochs															feedback_and_iti	93.0
1702.18525	0.9815000000000964	epochs															feedback_delay	93.0
1703.1885	1.987250000000131	epochs															feedback	93.0
1705.3705	1.9845000000000255	epochs															iti	93.0
1707.3755	12.676999999999907	epochs															maze	94.0
1707.3755	10.896250000000009	epochs															maze_stem	94.0
1707.39425	17.88124999999991	trials	True	True	False	False	False	True	[0.80364132 0.19635874 0.1111128  0.88888717]	0.6925284713506699	0.08524589240550995	0.3462642580270767	-0.04262293875217438	0.8036413192749023	[10162 10162 10161 10161 10161]	[10237 10237 10236 10236 10236]		
1718.29025	1.7622499999999945	epochs															maze_arm	94.0
1720.07325	5.181750000000193	epochs															feedback_and_iti	94.0
1720.07325	0.9862500000001546	epochs															feedback_delay	94.0
1721.08	1.9797499999999673	epochs															feedback	94.0
1723.25725	1.9977499999999964	epochs															iti	94.0
1725.2755	16.12675000000013	epochs															maze	95.0
1725.2755	12.787250000000085	epochs															maze_stem	95.0
1725.29375	21.336000000000013	trials	True	True	False	True	True	True	[0.83981842 0.1601816  0.17292465 0.82707536]	0.6668937653303146	-0.012743055820465088	0.3334468826651573	-0.006371520459651947	0.8270753622055054	[10269 10269 10269 10268 10268]	[10365 10365 10364 10364 10364]		
1738.083	3.319250000000011	epochs															maze_arm	95.0
1741.423	5.183500000000095	epochs															feedback_and_iti	95.0
1741.423	0.9942499999999654	epochs															feedback_delay	95.0
1742.4375	1.9800000000000182	epochs															feedback	95.0
1744.6155	1.9909999999999854	epochs															iti	95.0
1746.62975	10.517000000000053	epochs															maze	96.0
1746.62975	8.798250000000053	epochs															maze_stem	96.0
1746.65125	15.710250000000087	trials	False	True	False	False	False	True	[0.82518685 0.17481314 0.08571821 0.91428185]	0.7394686713814735	0.08909495919942856	0.3697343170642853	-0.044547468423843384	0.8251868486404419	[10397 10397 10397 10397 10396]	[10459 10459 10459 10459 10458]		
1755.44925	1.6975000000002183	epochs															maze_arm	96.0
1757.16775	5.173000000000002	epochs															feedback_and_iti	96.0
1757.16775	0.9919999999999618	epochs															feedback_delay	96.0
1758.1815	1.9700000000000273	epochs															feedback	96.0
1760.353	1.9877500000000055	epochs															iti	96.0
1762.3615	10.691749999999956	epochs															maze	97.0
1762.3615	9.110750000000053	epochs															maze_stem	97.0
1762.382	15.894000000000005	trials	False	True	False	False	False	True	[0.8838259  0.1161741  0.17149471 0.82850534]	0.7123312130570412	-0.055320583283901215	0.3561655953526497	0.027660302817821503	0.8838258981704712	[10491 10491 10491 10491 10491]	[10555 10554 10554 10554 10554]		
1771.492	1.5612499999999727	epochs															maze_arm	97.0
1773.077	5.176750000000084	epochs															feedback_and_iti	97.0
1773.077	0.9894999999999072	epochs															feedback_delay	97.0
1774.08725	1.9704999999999018	epochs															feedback	97.0
1776.262	1.9917500000001382	epochs															iti	97.0
1778.276	11.976499999999987	epochs															maze	98.0
1778.276	9.868999999999915	epochs															maze_stem	98.0
1778.296	17.160499999999956	trials	False	True	False	True	True	True	[0.90604281 0.09395721 0.17857474 0.8214252 ]	0.7274680323898792	-0.08461757376790047	0.36373399570584297	-0.04230879619717598	0.821425199508667	[10587 10587 10587 10586 10586]	[10658 10658 10657 10657 10657]		
1788.16575	2.0867500000001655	epochs															maze_arm	98.0
1790.2735	5.162499999999909	epochs															feedback_and_iti	98.0
1790.2735	0.9960000000000946	epochs															feedback_delay	98.0
1791.29	1.9635000000000673	epochs															feedback	98.0
1793.4465	1.9894999999999072	epochs															iti	98.0
1795.4565	12.790749999999889	epochs															maze	99.0
1795.4565	9.58400000000006	epochs															maze_stem	99.0
1795.4775	17.98199999999997	trials	True	True	False	True	True	True	[0.81494033 0.18505965 0.08605541 0.91394466]	0.728884968906641	0.09900428727269173	0.36444250494241714	0.04950215667486191	0.913944661617279	[10690 10690 10690 10689 10689]	[10766 10766 10765 10765 10765]		
1805.06125	3.185999999999922	epochs															maze_arm	99.0
1808.2675	5.170500000000175	epochs															feedback_and_iti	99.0
1808.2675	0.9909999999999854	epochs															feedback_delay	99.0
1809.2805	1.981999999999971	epochs															feedback	99.0
1811.456	1.9820000000001983	epochs															iti	99.0
1813.4595	12.03125	epochs															maze	100.0
1813.4595	9.170000000000073	epochs															maze_stem	100.0
1813.481	19.064750000000004	trials	False	False	True	True	True	False	[0.79707992 0.20292006 0.07980326 0.92019671]	0.7172766551375389	0.12311679869890213	0.35863832384347916	0.06155838817358017	0.9201967120170593	[10798 10798 10798 10797 10797]	[10869 10869 10869 10869 10868]		
1822.64975	2.8409999999998945	epochs															maze_arm	100.0
1825.5125	7.011999999999944	epochs															feedback_and_iti	100.0
1825.5125	0.9964999999999691	epochs															feedback_delay	100.0
1826.5305	1.9610000000000127	epochs															feedback	100.0
1828.534	3.9904999999998836	epochs															iti	100.0
1832.54575	10.41274999999996	epochs															maze	101.0
1832.54575	7.3595000000000255	epochs															maze_stem	101.0
1832.568	17.44425000000001	trials	False	False	False	True	True	False	[0.748532   0.25146803 0.14030938 0.85969061]	0.608222596347332	0.11115863174200058	0.3041112869977951	0.05557931959629059	0.8596906065940857	[10912 10912 10912 10912 10912]	[10974 10974 10974 10973 10973]		
1839.9255	3.0329999999999018	epochs															maze_arm	101.0
1842.98	7.010500000000093	epochs															feedback_and_iti	101.0
1842.98	0.9994999999998981	epochs															feedback_delay	101.0
1844.00125	1.9624999999998636	epochs															feedback	101.0
1846.00675	3.9837500000001	epochs															iti	101.0
1850.01225	11.681250000000091	epochs															maze	102.0
1850.01225	8.525499999999965	epochs															maze_stem	102.0
1850.0325	18.722999999999956	trials	False	False	False	True	True	False	[0.73625666 0.26374337 0.14491239 0.85508764]	0.5913442671298981	0.11883097887039185	0.29567213356494904	0.05941550433635712	0.8550876379013062	[11017 11017 11017 11017 11016]	[11086 11086 11086 11086 11085]		
1858.559	3.1345000000001164	epochs															maze_arm	102.0
1861.71475	7.019249999999829	epochs															feedback_and_iti	102.0
1861.71475	0.9804999999998927	epochs															feedback_delay	102.0
1862.717	1.9942499999999654	epochs															feedback	102.0
1864.74975	3.9842499999999745	epochs															iti	102.0
1868.7555	10.203750000000127	epochs															maze	103.0
1868.7555	7.78449999999998	epochs															maze_stem	103.0
1868.776	17.232999999999947	trials	False	False	False	True	True	False	[0.73403722 0.26596284 0.14876515 0.85123485]	0.5852720439434052	0.1171976625919342	0.2926360070705414	0.058598846197128296	0.8512348532676697	[11130 11129 11129 11129 11129]	[11190 11190 11189 11189 11189]		
1876.56025	2.3990000000001146	epochs															maze_arm	103.0
1878.98075	7.007500000000164	epochs															feedback_and_iti	103.0
1878.98075	0.9800000000000182	epochs															feedback_delay	103.0
1879.98175	1.9802500000000691	epochs															feedback	103.0
1882.00225	3.9860000000001037	epochs															iti	103.0
1886.009	11.375	epochs															maze	104.0
1886.009	8.045499999999947	epochs															maze_stem	104.0
1886.0295	16.59674999999993	trials	False	False	False	True	False	True	[0.73158425 0.26841575 0.15459353 0.84540647]	0.5769907236099243	0.11382222175598145	-0.28849536180496216	-0.05691111087799072	0.15459352731704712	[11233 11233 11233 11232 11232]	[11300 11300 11300 11300 11299]		
1894.075	3.308999999999969	epochs															maze_arm	104.0
1897.404	5.197750000000042	epochs															feedback_and_iti	104.0
1897.404	0.9919999999999618	epochs															feedback_delay	104.0
1898.4185	1.9700000000000273	epochs															feedback	104.0
1900.61175	1.990000000000009	epochs															iti	104.0
1902.62625	10.053249999999935	epochs															maze	105.0
1902.62625	7.660000000000082	epochs															maze_stem	105.0
1902.646	17.094500000000153	trials	False	False	False	False	False	False	[0.77130765 0.22869231 0.31271008 0.68728989]	0.4585975781083107	-0.08401776105165482	0.22929878532886505	0.042008861899375916	0.771307647228241	[11333 11332 11332 11332 11332]	[11392 11392 11392 11391 11391]		
1910.3065	2.3730000000000473	epochs															maze_arm	105.0
1912.70025	7.018249999999853	epochs															feedback_and_iti	105.0
1912.70025	0.9949999999998909	epochs															feedback_delay	105.0
1913.7175	1.969000000000051	epochs															feedback	105.0
1915.72625	3.9922500000000127	epochs															iti	105.0
1919.7405	9.911749999999984	epochs															maze	106.0
1919.7405	7.351499999999987	epochs															maze_stem	106.0
1919.763	16.948250000000144	trials	False	False	False	False	False	False	[0.72059083 0.27940917 0.2358841  0.76411587]	0.48470671474933624	0.043525055050849915	0.24235336482524872	-0.021762534976005554	0.7205908298492432	[11435 11435 11435 11435 11435]	[11494 11494 11493 11493 11493]		
1927.112	2.5402500000000146	epochs															maze_arm	106.0
1929.6725	7.018000000000029	epochs															feedback_and_iti	106.0
1929.6725	0.9877500000000055	epochs															feedback_delay	106.0
1930.6805	1.9797499999999673	epochs															feedback	106.0
1932.702	3.988499999999931	epochs															iti	106.0
1936.71125	11.67574999999988	epochs															maze	107.0
1936.71125	9.774499999999989	epochs															maze_stem	107.0
1936.73175	18.72400000000016	trials	False	False	False	False	False	False	[0.70745611 0.29254389 0.23351897 0.7664811 ]	0.47393717616796494	0.05902495235204697	0.23696856945753098	-0.02951245754957199	0.707456111907959	[11537 11537 11537 11536 11536]	[11606 11606 11606 11606 11605]		
1946.5065	1.8804999999999836	epochs															maze_arm	107.0
1948.41025	7.02475000000004	epochs															feedback_and_iti	107.0
1948.41025	0.9960000000000946	epochs															feedback_delay	107.0
1949.42725	1.9817500000001473	epochs															feedback	107.0
1951.448	3.9869999999998527	epochs															iti	107.0
1955.45575	13.931749999999965	epochs															maze	108.0
1955.45575	10.624499999999898	epochs															maze_stem	108.0
1955.4765	20.979499999999916	trials	False	False	False	True	True	False	[0.69001287 0.30998713 0.23525123 0.76474875]	0.4547616317868233	0.07473588734865189	0.22738081216812134	0.037367939949035645	0.764748752117157	[11649 11649 11649 11649 11649]	[11732 11732 11732 11732 11731]		
1966.099	3.2885000000001128	epochs															maze_arm	108.0
1969.408	7.026749999999993	epochs															feedback_and_iti	108.0
1969.408	0.9997500000001764	epochs															feedback_delay	108.0
1970.43	1.9732500000000073	epochs															feedback	108.0
1972.46475	3.9699999999998	epochs															iti	108.0
1976.456	12.891250000000127	epochs															maze	109.0
1976.456	10.032000000000153	epochs															maze_stem	109.0
1976.477	19.938499999999976	trials	False	False	False	True	True	False	[0.71808743 0.28191251 0.26548144 0.73451853]	0.4526060074567795	0.01643107831478119	0.22630301117897034	0.008215516805648804	0.7345185279846191	[11775 11775 11775 11775 11775]	[11852 11852 11851 11851 11851]		
1986.51275	2.8344999999999345	epochs															maze_arm	109.0
1989.36775	7.027250000000095	epochs															feedback_and_iti	109.0
1989.36775	0.9792500000000928	epochs															feedback_delay	109.0
1990.36975	1.9945000000000164	epochs															feedback	109.0
1992.40525	3.989749999999958	epochs															iti	109.0
1996.4155	10.098749999999882	epochs															maze	110.0
1996.4155	7.642749999999978	epochs															maze_stem	110.0
1996.43675	17.145499999999856	trials	False	False	False	True	True	False	[0.66456997 0.33543006 0.23476721 0.7652328 ]	0.4298027530312538	0.10066283494234085	0.2149013727903366	0.05033142864704132	0.7652328014373779	[11895 11895 11895 11895 11894]	[11955 11955 11954 11954 11954]		
2004.0795	2.4347499999998945	epochs															maze_arm	110.0
2006.537	7.023999999999887	epochs															feedback_and_iti	110.0
2006.537	0.9812500000000455	epochs															feedback_delay	110.0
2007.54025	1.9847500000000764	epochs															feedback	110.0
2009.566	3.994999999999891	epochs															iti	110.0
2013.58225	12.516250000000127	epochs															maze	111.0
2013.58225	10.629000000000133	epochs															maze_stem	111.0
2013.603	19.553249999999935	trials	False	False	False	True	True	False	[0.65730506 0.34269494 0.22567417 0.77432585]	0.431630901992321	0.11702077835798264	0.2158154547214508	0.058510392904281616	0.7743258476257324	[11998 11998 11998 11997 11997]	[12072 12072 12072 12072 12071]		
2024.2325	1.8659999999999854	epochs															maze_arm	111.0
2026.119	7.016000000000076	epochs															feedback_and_iti	111.0
2026.119	0.9892500000000837	epochs															feedback_delay	111.0
2027.13	1.9692499999998745	epochs															feedback	111.0
2029.1395	3.9954999999999927	epochs															iti	111.0
2033.15625	9.844250000000102	epochs															maze	112.0
2033.15625	7.995750000000044	epochs															maze_stem	112.0
2033.17675	16.892249999999876	trials	False	False	False	True	True	False	[0.6455701  0.35442993 0.21779251 0.78220755]	0.42777760326862335	0.13663743436336517	0.21388880908489227	0.06831873953342438	0.7822075486183167	[12115 12115 12115 12115 12115]	[12174 12173 12173 12173 12173]		
2041.17275	1.827750000000151	epochs															maze_arm	112.0
2043.02175	7.024499999999762	epochs															feedback_and_iti	112.0
2043.02175	0.9987499999999727	epochs															feedback_delay	112.0
2044.04375	1.9745000000000346	epochs															feedback	112.0
2046.0605	3.9857499999998254	epochs															iti	112.0
2050.069	9.206500000000233	epochs															maze	113.0
2050.069	7.223750000000109	epochs															maze_stem	113.0
2050.09025	16.273999999999887	trials	False	False	False	True	True	False	[0.63325316 0.36674687 0.2107532  0.7892468 ]	0.4224999397993088	0.15599365532398224	0.2112499624490738	0.07799683511257172	0.7892467975616455	[12217 12217 12217 12216 12216]	[12271 12271 12271 12271 12270]		
2057.3135	1.961999999999989	epochs															maze_arm	113.0
2059.295	7.048499999999876	epochs															feedback_and_iti	113.0
2059.295	0.9960000000000946	epochs															feedback_delay	113.0
2060.313	1.981499999999869	epochs															feedback	113.0
2062.33425	4.0092500000000655	epochs															iti	113.0
2066.36425	12.096000000000004	epochs															maze	114.0
2066.36425	10.171499999999924	epochs															maze_stem	114.0
2066.38425	19.137499999999818	trials	False	False	False	True	True	False	[0.62068039 0.37931961 0.20493446 0.79506558]	0.41574595123529434	0.174385167658329	0.20787298679351807	0.0871925950050354	0.7950655817985535	[12315 12314 12314 12314 12314]	[12386 12386 12386 12386 12385]		
2076.55725	1.9030000000002474	epochs															maze_arm	114.0
2078.481	7.01949999999988	epochs															feedback_and_iti	114.0
2078.481	0.9842499999999745	epochs															feedback_delay	114.0
2079.486	1.9847500000000764	epochs															feedback	114.0
2081.51075	3.9897500000001855	epochs															iti	114.0
2085.52175	10.747249999999894	epochs															maze	115.0
2085.52175	7.460750000000189	epochs															maze_stem	115.0
2085.54225	17.791499999999814	trials	False	False	False	True	True	False	[0.6077078  0.39229214 0.19990842 0.80009156]	0.4077994003891945	0.19238374382257462	0.20389971137046814	0.09619185328483582	0.800091564655304	[12430 12429 12429 12429 12429]	[12493 12493 12493 12492 12492]		
2093.00425	3.2647499999998217	epochs															maze_arm	115.0
2096.291	7.021249999999782	epochs															feedback_and_iti	115.0
2096.291	0.9839999999999236	epochs															feedback_delay	115.0
2097.29575	1.9857499999998254	epochs															feedback	115.0
2099.31975	3.9924999999998363	epochs															iti	115.0
2103.33375	12.12350000000015	epochs															maze	116.0
2103.33375	9.204000000000178	epochs															maze_stem	116.0
2103.36025	19.15124999999989	trials	False	False	False	True	True	False	[0.5944643  0.40553567 0.19552514 0.80447489]	0.39893919229507446	0.2100105583667755	0.19946961104869843	0.10500527918338776	0.8044748902320862	[12536 12536 12536 12536 12536]	[12608 12608 12608 12608 12607]		
2112.558	2.899249999999938	epochs															maze_arm	116.0
2115.4775	7.012749999999869	epochs															feedback_and_iti	116.0
2115.4775	0.9800000000000182	epochs															feedback_delay	116.0
2116.4795	1.987500000000182	epochs															feedback	116.0
2118.50625	3.9839999999999236	epochs															iti	116.0
2122.5115	12.576000000000022	epochs															maze	117.0
2122.5115	8.680749999999989	epochs															maze_stem	117.0
2122.5315	17.795000000000073	trials	True	False	False	True	False	True	[0.58102673 0.41897327 0.19164696 0.80835307]	0.3893797844648361	0.22732631862163544	-0.19468988478183746	-0.11366315186023712	0.19164696335792542	[12651 12651 12651 12651 12651]	[12726 12726 12725 12725 12725]		
2131.21375	3.8737500000002	epochs															maze_arm	117.0
2135.10725	5.19524999999976	epochs															feedback_and_iti	117.0
2135.10725	0.9992499999998472	epochs															feedback_delay	117.0
2136.12725	1.9802500000000691	epochs															feedback	117.0
2138.3015	2.000999999999749	epochs															iti	117.0
2140.3265	11.700249999999869	epochs															maze	118.0
2140.3265	9.821999999999662	epochs															maze_stem	118.0
2140.346	18.74850000000015	trials	False	False	False	False	False	False	[0.58135122 0.41864878 0.2684187  0.73158127]	0.31293250620365143	0.1502300649881363	0.1564662605524063	-0.07511503994464874	0.5813512206077576	[12758 12758 12758 12758 12757]	[12827 12827 12827 12827 12827]		
2150.1695	1.8572500000000218	epochs															maze_arm	118.0
2152.047	7.022750000000087	epochs															feedback_and_iti	118.0
2152.047	0.9929999999999382	epochs															feedback_delay	118.0
2153.06075	1.9719999999997526	epochs															feedback	118.0
2155.0715	3.9982500000000982	epochs															iti	118.0
2159.0945	9.166999999999916	epochs															maze	119.0
2159.0945	6.859749999999622	epochs															maze_stem	119.0
2159.11625	16.203250000000025	trials	False	False	False	False	False	False	[0.66617882 0.33382115 0.23321564 0.76678437]	0.43296319991350174	0.10060552507638931	0.21648158878087997	-0.050302766263484955	0.666178822517395	[12871 12871 12870 12870 12870]	[12925 12925 12924 12924 12924]		
2165.97575	2.2857500000000073	epochs															maze_arm	119.0
2168.2815	7.016250000000127	epochs															feedback_and_iti	119.0
2168.2815	0.99350000000004	epochs															feedback_delay	119.0
2169.2945	1.968499999999949	epochs															feedback	119.0
2171.30575	3.992000000000189	epochs															iti	119.0
2175.3195	8.736750000000029	epochs															maze	120.0
2175.3195	6.400000000000091	epochs															maze_stem	120.0
2175.3445	13.9387499999998	trials	False	False	False	False	True	True	[0.65260071 0.34739932 0.22350796 0.776492  ]	0.429092712700367	0.12389133125543594	-0.214546337723732	0.06194566190242767	0.3473993241786957	[12968 12968 12968 12967 12967]	[13020 13019 13019 13019 13019]		
2181.73975	2.3164999999999054	epochs															maze_arm	120.0
2184.0775	5.182250000000295	epochs															feedback_and_iti	120.0
2184.0775	0.9855000000002292	epochs															feedback_delay	120.0
2185.08475	1.9915000000000873	epochs															feedback	120.0
2187.2695	1.9902500000002874	epochs															iti	120.0
2189.28325	11.73174999999992	epochs															maze	121.0
2189.28325	8.160249999999905	epochs															maze_stem	121.0
2189.30425	18.773499999999785	trials	False	False	False	True	True	False	[0.6963408  0.3036592  0.22975197 0.77024806]	0.4665888398885727	0.07390724122524261	0.23329442739486694	0.036953628063201904	0.7702480554580688	[13052 13052 13051 13051 13051]	[13121 13121 13121 13121 13120]		
2197.466	3.548999999999978	epochs															maze_arm	121.0
2201.03575	7.021499999999833	epochs															feedback_and_iti	121.0
2201.03575	0.9852500000001783	epochs															feedback_delay	121.0
2202.0425	1.97649999999976	epochs															feedback	121.0
2204.05975	3.9974999999999454	epochs															iti	121.0
2208.07775	14.138249999999971	epochs															maze	122.0
2208.07775	9.906500000000051	epochs															maze_stem	122.0
2208.09675	21.1904999999997	trials	False	False	False	True	True	False	[0.56872958 0.43127039 0.22527358 0.77472639]	0.3434560000896454	0.2059968113899231	0.1717280000448227	0.10299839079380035	0.774726390838623	[13164 13164 13164 13164 13164]	[13248 13248 13248 13248 13248]		
2218.00425	4.211749999999938	epochs															maze_arm	122.0
2222.23575	7.029500000000098	epochs															feedback_and_iti	122.0
2222.23575	0.9982500000000982	epochs															feedback_delay	122.0
2223.25725	1.9780000000000655	epochs															feedback	122.0
2225.27675	3.988499999999931	epochs															iti	122.0
2229.28725	13.713999999999942	epochs															maze	123.0
2229.28725	9.817000000000007	epochs															maze_stem	123.0
2229.31175	18.89675000000034	trials	False	False	False	True	False	True	[0.53869349 0.46130648 0.21089627 0.78910369]	0.32779721170663834	0.25041020661592484	-0.16389860957860947	-0.1252051219344139	0.21089626848697662	[13292 13291 13291 13291 13291]	[13373 13373 13373 13372 13372]		
2239.12825	3.8729999999995925	epochs															maze_arm	123.0
2243.02225	5.1652500000000146	epochs															feedback_and_iti	123.0
2243.02225	0.9909999999999854	epochs															feedback_delay	123.0
2244.03475	1.9705000000003565	epochs															feedback	123.0
2246.20675	1.980750000000171	epochs															iti	123.0
2248.2085	12.062249999999949	epochs															maze	124.0
2248.2085	10.343499999999949	epochs															maze_stem	124.0
2248.23	19.093249999999898	trials	False	False	False	False	False	False	[0.61938351 0.38061646 0.46717215 0.53282791]	0.15221141278743744	-0.08655564486980438	0.07610568404197693	0.04327782988548279	0.6193835139274597	[13405 13405 13405 13405 13404]	[13477 13476 13476 13476 13476]		
2258.57325	1.6975000000002183	epochs															maze_arm	124.0
2260.29075	7.007999999999811	epochs															feedback_and_iti	124.0
2260.29075	0.9972499999998945	epochs															feedback_delay	124.0
2261.3125	1.9664999999999964	epochs															feedback	124.0
2263.3175	3.981249999999818	epochs															iti	124.0
2267.32325	13.252750000000106	epochs															maze	125.0
2267.32325	10.283249999999953	epochs															maze_stem	125.0
2267.347	18.45174999999972	trials	False	False	False	False	True	True	[0.65412617 0.34587383 0.35327125 0.64672881]	0.30085495114326477	-0.007397383451461792	-0.15042749047279358	-0.003698676824569702	0.3458738327026367	[13520 13520 13519 13519 13519]	[13598 13598 13598 13598 13598]		
2277.62775	2.9482499999999163	epochs															maze_arm	125.0
2280.59475	5.182999999999993	epochs															feedback_and_iti	125.0
2280.59475	0.9914999999996326	epochs															feedback_delay	125.0
2281.608	1.976249999999709	epochs															feedback	125.0
2283.78175	1.9960000000000946	epochs															iti	125.0
2285.79875	16.260499999999865	epochs															maze	126.0
2285.79875	12.753000000000156	epochs															maze_stem	126.0
2285.82075	23.29775000000018	trials	False	False	False	True	True	False	[0.64189744 0.35810256 0.35516855 0.64483142]	0.2867288738489151	0.002933993935585022	0.14336442947387695	0.001466989517211914	0.6448314189910889	[13631 13630 13630 13630 13630]	[13727 13727 13727 13727 13726]		
2298.574	3.4852499999997235	epochs															maze_arm	126.0
2302.081	7.016000000000076	epochs															feedback_and_iti	126.0
2302.081	0.9909999999999854	epochs															feedback_delay	126.0
2303.09325	1.9782500000001164	epochs															feedback	126.0
2305.1115	3.985500000000229	epochs															iti	126.0
2309.1185	14.427749999999833	epochs															maze	127.0
2309.1185	9.610250000000178	epochs															maze_stem	127.0
2309.1395	21.467999999999847	trials	False	False	False	True	True	False	[0.53879678 0.46120325 0.29300937 0.70699066]	0.24578741192817688	0.16819387674331665	0.12289370596408844	0.08409695327281952	0.706990659236908	[13770 13770 13770 13770 13770]	[13856 13856 13856 13855 13855]		
2318.7485	4.7977499999997235	epochs															maze_arm	127.0
2323.567	7.018750000000182	epochs															feedback_and_iti	127.0
2323.567	0.9982500000000982	epochs															feedback_delay	127.0
2324.5875	1.9729999999999563	epochs															feedback	127.0
2326.5995	3.986250000000382	epochs															iti	127.0
2330.6075	10.025000000000091	epochs															maze	128.0
2330.6075	7.599999999999909	epochs															maze_stem	128.0
2330.62975	17.081249999999727	trials	False	False	False	True	True	False	[0.50594515 0.49405488 0.25974411 0.74025589]	0.2462010234594345	0.23431076109409332	0.12310050427913666	0.11715538799762726	0.7402558922767639	[13899 13899 13899 13899 13899]	[13958 13958 13958 13958 13958]		
2338.2275	2.4050000000002	epochs															maze_arm	128.0
2340.651	7.032000000000153	epochs															feedback_and_iti	128.0
2340.651	0.9867500000000291	epochs															feedback_delay	128.0
2341.65975	1.9835000000002765	epochs															feedback	128.0
2343.7045	3.9785000000001673	epochs															iti	128.0
2347.711	10.783000000000357	epochs															maze	129.0
2347.711	8.444750000000113	epochs															maze_stem	129.0
2347.73875	17.815500000000156	trials	False	False	False	True	True	False	[0.49315882 0.50684118 0.24102904 0.75897098]	0.25212978571653366	0.26581215113401413	0.12606489658355713	0.13290607929229736	0.7589709758758545	[14002 14002 14001 14001 14001]	[14066 14065 14065 14065 14065]		
2356.1775	2.31650000000036	epochs															maze_arm	129.0
2358.514	7.020999999999731	epochs															feedback_and_iti	129.0
2358.514	0.9969999999998436	epochs															feedback_delay	129.0
2359.5325	1.9765000000002146	epochs															feedback	129.0
2361.5485	3.986499999999978	epochs															iti	129.0
2365.55425	13.152999999999793	epochs															maze	130.0
2365.55425	7.922250000000076	epochs															maze_stem	130.0
2365.577	18.362499999999727	trials	True	False	False	False	True	True	[0.4805271  0.5194729  0.2258409  0.77415907]	0.2546861916780472	0.29363198578357697	-0.127343088388443	0.14681598544120789	0.5194728970527649	[14109 14109 14108 14108 14108]	[14187 14187 14186 14186 14186]		
2373.49475	5.212500000000091	epochs															maze_arm	130.0
2378.72775	5.190500000000156	epochs															feedback_and_iti	130.0
2378.72775	0.9942500000001928	epochs															feedback_delay	130.0
2379.7435	1.9692500000001019	epochs															feedback	130.0
2381.928	1.9902500000002874	epochs															iti	130.0
2383.9395	16.793500000000222	epochs															maze	131.0
2383.9395	12.872749999999996	epochs															maze_stem	131.0
2383.9605	23.83874999999989	trials	True	False	False	True	True	False	[0.44080403 0.55919594 0.19917455 0.80082542]	0.2416294813156128	0.3600213825702667	0.1208147406578064	0.18001067638397217	0.8008254170417786	[14219 14219 14219 14219 14218]	[14319 14319 14319 14318 14318]		
2396.83475	3.898250000000189	epochs															maze_arm	131.0
2400.75075	7.0294999999996435	epochs															feedback_and_iti	131.0
2400.75075	0.9825000000000728	epochs															feedback_delay	131.0
2401.7515	1.993249999999989	epochs															feedback	131.0
2403.7845	3.995749999999589	epochs															iti	131.0
2407.79925	13.91274999999996	epochs															maze	132.0
2407.79925	10.21225000000004	epochs															maze_stem	132.0
2407.81975	19.10149999999976	trials	True	False	False	False	True	True	[0.434389   0.56561095 0.22321974 0.77678031]	0.2111693099141121	0.3423912599682808	-0.10558468103408813	0.1711956262588501	0.565610945224762	[14362 14362 14362 14362 14361]	[14445 14445 14444 14444 14444]		
2418.0325	3.679500000000189	epochs															maze_arm	132.0
2421.73225	5.165750000000116	epochs															feedback_and_iti	132.0
2421.73225	0.9890000000000327	epochs															feedback_delay	132.0
2422.74225	1.9700000000002547	epochs															feedback	132.0
2424.91125	1.986750000000029	epochs															iti	132.0
2426.92125	16.438500000000204	epochs															maze	133.0
2426.92125	12.413500000000113	epochs															maze_stem	133.0
2426.94425	21.652000000000044	trials	False	False	False	False	True	True	[0.30363375 0.69636625 0.18536638 0.81463361]	0.11826736479997635	0.5109998658299446	-0.059133678674697876	0.255499929189682	0.6963662505149841	[14477 14477 14477 14476 14476]	[14575 14574 14574 14574 14574]		
2439.3535	4.006249999999909	epochs															maze_arm	133.0
2443.38	5.194250000000011	epochs															feedback_and_iti	133.0
2443.38	0.9807499999997162	epochs															feedback_delay	133.0
2444.38225	1.9924999999998363	epochs															feedback	133.0
2446.577	1.9972499999998945	epochs															iti	133.0
2448.59625	15.624249999999847	epochs															maze	134.0
2448.59625	11.236750000000029	epochs															maze_stem	134.0
2448.6165	20.8154999999997	trials	True	False	False	False	True	True	[0.16398256 0.83601743 0.21482188 0.78517812]	-0.05083931237459183	0.621195562183857	0.025419652462005615	0.3105977773666382	0.8360174298286438	[14607 14607 14606 14606 14606]	[14700 14699 14699 14699 14699]		
2459.85175	4.368750000000091	epochs															maze_arm	134.0
2464.24175	5.17049999999972	epochs															feedback_and_iti	134.0
2464.24175	0.9837499999998727	epochs															feedback_delay	134.0
2465.24525	1.9862499999999272	epochs															feedback	134.0
2467.42075	1.9914999999996326	epochs															iti	134.0
2469.432	12.424750000000131	epochs															maze	135.0
2469.432	7.5145000000002256	epochs															maze_stem	135.0
2469.45075	17.638500000000022	trials	True	False	False	False	True	True	[0.13902663 0.86097336 0.25999007 0.74000996]	-0.12096341699361801	0.6009833142161369	0.06048169732093811	0.30049166083335876	0.8609733581542969	[14732 14732 14731 14731 14731]	[14805 14805 14805 14805 14805]		
2476.967	4.889749999999822	epochs															maze_arm	135.0
2481.878	5.190000000000055	epochs															feedback_and_iti	135.0
2481.878	0.9987499999997453	epochs															feedback_delay	135.0
2482.89525	1.9777500000000146	epochs															feedback	135.0
2485.073	1.9950000000003456	epochs															iti	135.0
2487.08925	11.941499999999905	epochs															maze	136.0
2487.08925	8.041250000000218	epochs															maze_stem	136.0
2487.11125	17.12649999999985	trials	False	False	False	False	True	True	[0.10587558 0.89412439 0.24864703 0.75135297]	-0.14277143776416779	0.645477369427681	0.0713857114315033	0.3227386772632599	0.8941243886947632	[14838 14838 14837 14837 14837]	[14908 14908 14908 14908 14908]		
2495.1495	3.881249999999909	epochs															maze_arm	136.0
2499.0505	5.166250000000218	epochs															feedback_and_iti	136.0
2499.0505	0.9982500000000982	epochs															feedback_delay	136.0
2500.07075	1.9735000000000582	epochs															feedback	136.0
2502.23875	1.9780000000000655	epochs															iti	136.0
2504.23775	20.54825000000028	epochs															maze	137.0
2504.23775	16.057250000000295	epochs															maze_stem	137.0
2504.25775	25.740999999999985	trials	True	False	False	True	False	True	[0.08525851 0.91474152 0.2189236  0.78107643]	-0.13366508856415749	0.6958179213106632	0.06683254614472389	-0.34790894761681557	0.21892359852790833	[14941 14940 14940 14940 14940]	[15063 15063 15062 15062 15062]		
2520.315	4.471000000000004	epochs															maze_arm	137.0
2524.80525	5.174750000000131	epochs															feedback_and_iti	137.0
2524.80525	0.9962500000001455	epochs															feedback_delay	137.0
2525.82275	1.9787500000002183	epochs															feedback	137.0
2527.99275	1.987250000000131	epochs															iti	137.0
2529.99875	10.980999999999767	epochs															maze	138.0
2529.99875	7.4347499999998945	epochs															maze_stem	138.0
2530.01875	16.191499999999905	trials	True	False	False	True	False	True	[0.2110922  0.78890777 0.33161971 0.66838032]	-0.1205274760723114	0.45728808641433716	0.060263752937316895	-0.22864404320716858	0.3316197097301483	[15095 15095 15095 15094 15094]	[15160 15160 15160 15159 15159]		
2537.45325	3.526499999999942	epochs															maze_arm	138.0
2540.9975	5.191499999999905	epochs															feedback_and_iti	138.0
2540.9975	0.9945000000002437	epochs															feedback_delay	138.0
2542.01275	1.9812500000002728	epochs															feedback	138.0
2544.198	1.9909999999999854	epochs															iti	138.0
2546.21025	12.721000000000004	epochs															maze	139.0
2546.21025	10.82425000000012	epochs															maze_stem	139.0
2546.23125	17.920250000000124	trials	False	False	False	True	False	True	[0.28306097 0.71693903 0.56945306 0.43054694]	-0.28639209270477295	0.14748597145080566	0.14319604635238647	-0.07374298572540283	0.5694530606269836	[15192 15192 15192 15192 15191]	[15268 15267 15267 15267 15267]		
2557.053	1.8782500000002074	epochs															maze_arm	139.0
2558.95075	5.180249999999887	epochs															feedback_and_iti	139.0
2558.95075	0.9890000000000327	epochs															feedback_delay	139.0
2559.96275	1.97649999999976	epochs															feedback	139.0
2562.143	1.987999999999829	epochs															iti	139.0
2564.1515	13.664000000000215	epochs															maze	140.0
2564.1515	10.16775000000007	epochs															maze_stem	140.0
2564.1725	20.717499999999745	trials	False	False	False	False	False	False	[0.27870178 0.72129822 0.72189647 0.27810356]	-0.4431946724653244	-0.0005982369184494019	-0.2215973436832428	0.00029912590980529785	0.2787017822265625	[15300 15300 15299 15299 15299]	[15381 15381 15380 15380 15380]		
2574.33975	3.475750000000062	epochs															maze_arm	140.0
2577.83575	7.0324999999998	epochs															feedback_and_iti	140.0
2577.83575	0.9857499999998254	epochs															feedback_delay	140.0
2578.843	1.9880000000002838	epochs															feedback	140.0
2580.871	3.9972499999998945	epochs															iti	140.0
2584.89	12.343499999999949	epochs															maze	141.0
2584.89	10.296499999999924	epochs															maze_stem	141.0
2584.91125	19.38899999999967	trials	False	False	False	False	False	False	[0.53313231 0.46686769 0.62978244 0.37021753]	-0.0966501384973526	-0.16291476786136627	-0.0483250617980957	0.08145737648010254	0.5331323146820068	[15424 15424 15424 15424 15423]	[15497 15497 15497 15497 15497]		
2595.20775	2.025749999999789	epochs															maze_arm	141.0
2597.25275	7.027999999999793	epochs															feedback_and_iti	141.0
2597.25275	0.98824999999988	epochs															feedback_delay	141.0
2598.263	1.9884999999999309	epochs															feedback	141.0
2600.29375	3.98700000000008	epochs															iti	141.0
2604.30025	9.960000000000036	epochs															maze	142.0
2604.30025	6.809750000000349	epochs															maze_stem	142.0
2604.3215	15.162249999999858	trials	False	False	False	False	True	True	[0.54621154 0.45378846 0.54861897 0.45138103]	-0.0024074316024780273	-0.09483051300048828	0.0012037158012390137	-0.04741525650024414	0.4537884593009949	[15541 15540 15540 15540 15540]	[15599 15599 15599 15599 15599]		
2611.13075	3.1295000000000073	epochs															maze_arm	142.0
2614.281	5.181250000000091	epochs															feedback_and_iti	142.0
2614.281	0.98824999999988	epochs															feedback_delay	142.0
2615.29025	1.9884999999999309	epochs															feedback	142.0
2617.4805	1.98174999999992	epochs															iti	142.0
2619.48375	9.616500000000087	epochs															maze	143.0
2619.48375	6.6027500000000146	epochs															maze_stem	143.0
2619.50325	14.80074999999988	trials	False	False	False	True	False	True	[0.47673833 0.52326167 0.52421856 0.47578144]	-0.047480225563049316	-0.0009568929672241211	0.023740112781524658	0.00047844648361206055	0.5242185592651367	[15632 15632 15631 15631 15631]	[15688 15688 15688 15688 15688]		
2626.10825	2.9919999999997344	epochs															maze_arm	143.0
2629.1235	5.161749999999756	epochs															feedback_and_iti	143.0
2629.1235	0.987999999999829	epochs															feedback_delay	143.0
2630.133	1.9702500000003056	epochs															feedback	143.0
2632.29975	1.9854999999997744	epochs															iti	143.0
2634.304	10.587500000000091	epochs															maze	144.0
2634.304	8.79300000000012	epochs															maze_stem	144.0
2634.325	15.794000000000324	trials	True	False	False	True	False	True	[0.42996952 0.57003045 0.75995851 0.24004149]	-0.3299889713525772	-0.18992803990840912	0.1649944931268692	0.09496401250362396	0.7599585056304932	[15721 15720 15720 15720 15720]	[15783 15783 15783 15783 15782]		
2643.1175	1.774000000000342	epochs															maze_arm	144.0
2644.91225	5.185750000000098	epochs															feedback_and_iti	144.0
2644.91225	0.9982500000000982	epochs															feedback_delay	144.0
2645.933	1.9769999999998618	epochs															feedback	144.0
2648.106	1.9919999999997344	epochs															iti	144.0
2650.119	11.77624999999989	epochs															maze	145.0
2650.119	9.654499999999643	epochs															maze_stem	145.0
2650.13975	18.814750000000004	trials	False	False	False	False	False	False	[0.49764749 0.50235254 0.78569603 0.21430397]	-0.28804855048656464	-0.28334350883960724	-0.14402426779270172	0.14167176187038422	0.4976474940776825	[15815 15815 15815 15815 15815]	[15885 15885 15885 15884 15884]		
2659.794	2.1012500000001637	epochs															maze_arm	145.0
2661.91625	7.018749999999727	epochs															feedback_and_iti	145.0
2661.91625	0.9877499999997781	epochs															feedback_delay	145.0
2662.92675	1.981999999999971	epochs															feedback	145.0
2664.94825	3.986750000000029	epochs															iti	145.0
2668.9545	10.93600000000015	epochs															maze	146.0
2668.9545	7.41274999999996	epochs															maze_stem	146.0
2668.9755	16.13050000000021	trials	False	False	False	False	True	True	[0.59639448 0.40360555 0.63040179 0.36959824]	-0.03400731086730957	-0.2267962396144867	0.017003655433654785	-0.11339810490608215	0.40360555052757263	[15928 15928 15928 15928 15928]	[15993 15993 15993 15992 15992]		
2676.38775	3.5027500000001055	epochs															maze_arm	146.0
2679.9105	5.17574999999988	epochs															feedback_and_iti	146.0
2679.9105	0.98824999999988	epochs															feedback_delay	146.0
2680.92075	1.9874999999997272	epochs															feedback	146.0
2683.1045	1.98174999999992	epochs															iti	146.0
2685.106	12.597999999999956	epochs															maze	147.0
2685.106	9.45724999999993	epochs															maze_stem	147.0
2685.12975	17.794750000000022	trials	False	False	False	False	True	True	[0.52982956 0.47017044 0.61385709 0.38614288]	-0.08402754366397858	-0.1436866670846939	0.042013779282569885	-0.07184334099292755	0.47017043828964233	[16025 16025 16025 16025 16024]	[16100 16100 16099 16099 16099]		
2694.584	3.1200000000003456	epochs															maze_arm	147.0
2697.72475	5.177750000000287	epochs															feedback_and_iti	147.0
2697.72475	0.9787500000002183	epochs															feedback_delay	147.0
2698.72625	1.9939999999996871	epochs															feedback	147.0
2700.919	1.9835000000002765	epochs															iti	147.0
2702.9245	10.551750000000084	epochs															maze	148.0
2702.9245	8.056250000000091	epochs															maze_stem	148.0
2702.94675	15.753000000000156	trials	False	False	False	True	False	True	[0.28906432 0.71093565 0.57544619 0.42455387]	-0.2863818258047104	0.13548950850963593	0.14319093525409698	-0.06774474680423737	0.5754461884498596	[16132 16132 16132 16131 16131]	[16194 16194 16194 16194 16194]		
2710.99925	2.4770000000003165	epochs															maze_arm	148.0
2713.49975	5.1782499999999345	epochs															feedback_and_iti	148.0
2713.49975	0.9904999999998836	epochs															feedback_delay	148.0
2714.51175	1.9784999999997126	epochs															feedback	148.0
2716.68725	1.9907499999999345	epochs															iti	148.0
2718.69975	11.704749999999876	epochs															maze	149.0
2718.69975	9.867249999999785	epochs															maze_stem	149.0
2718.72275	16.891250000000127	trials	True	False	False	True	False	True	[0.41187644 0.58812356 0.78713864 0.21286137]	-0.37526219338178635	-0.1990150734782219	0.18763110041618347	0.09950754046440125	0.7871386408805847	[16227 16226 16226 16226 16226]	[16296 16296 16296 16295 16295]		
2728.58725	1.8172500000000582	epochs															maze_arm	149.0
2730.424	5.168999999999869	epochs															feedback_and_iti	149.0
2730.424	0.9989999999997963	epochs															feedback_delay	149.0
2731.444	1.9600000000000364	epochs															feedback	149.0
2733.6025	1.9904999999998836	epochs															iti	149.0
2735.614	10.623250000000098	epochs															maze	150.0
2735.614	8.36349999999993	epochs															maze_stem	150.0
2735.63525	15.806500000000142	trials	False	False	False	False	True	True	[0.503263   0.496737   0.80705601 0.19294396]	-0.3037930279970169	-0.3103190213441849	0.15189652144908905	-0.15515951812267303	0.496737003326416	[16328 16328 16328 16328 16327]	[16391 16391 16390 16390 16390]		
2743.99875	2.238499999999931	epochs															maze_arm	150.0
2746.25675	5.161999999999807	epochs															feedback_and_iti	150.0
2746.25675	0.9974999999999454	epochs															feedback_delay	150.0
2747.27575	1.9655000000002474	epochs															feedback	150.0
2749.43375	1.9849999999996726	epochs															iti	150.0
2751.44175	12.503999999999905	epochs															maze	151.0
2751.44175	9.005750000000262	epochs															maze_stem	151.0
2751.463	17.713999999999942	trials	True	False	False	False	True	True	[0.25433901 0.74566102 0.65973151 0.34026849]	-0.40539251267910004	0.0859294980764389	0.20269626379013062	0.04296475648880005	0.7456610202789307	[16423 16423 16423 16422 16422]	[16497 16497 16497 16496 16496]		
2760.469	3.476749999999811	epochs															maze_arm	151.0
2763.967	5.187750000000051	epochs															feedback_and_iti	151.0
2763.967	0.9894999999996799	epochs															feedback_delay	151.0
2764.97625	1.9894999999996799	epochs															feedback	151.0
2767.1655	1.9892500000000837	epochs															iti	151.0
2769.177	9.76424999999972	epochs															maze	152.0
2769.177	6.464249999999993	epochs															maze_stem	152.0
2769.198	16.807749999999942	trials	False	False	False	True	True	False	[0.22200121 0.77799881 0.70458823 0.29541171]	-0.4825870618224144	0.0734105333685875	-0.2412935495376587	0.03670525550842285	0.29541170597076416	[16529 16529 16529 16529 16529]	[16587 16587 16587 16586 16586]		
2775.66225	3.2789999999999964	epochs															maze_arm	152.0
2778.96225	7.023999999999887	epochs															feedback_and_iti	152.0
2778.96225	0.9797499999999673	epochs															feedback_delay	152.0
2779.964	1.98700000000008	epochs															feedback	152.0
2781.9925	3.993750000000091	epochs															iti	152.0
2786.00575	11.99725000000035	epochs															maze	153.0
2786.00575	9.294250000000375	epochs															maze_stem	153.0
2786.03075	19.0295000000001	trials	False	False	False	True	True	False	[0.28385195 0.71614808 0.42949414 0.57050586]	-0.1456422060728073	0.28665392100811005	-0.07282111048698425	0.14332696795463562	0.5705058574676514	[16630 16630 16630 16630 16630]	[16701 16701 16701 16701 16701]		
2795.32025	2.682749999999942	epochs															maze_arm	153.0
2798.02325	7.016249999999673	epochs															feedback_and_iti	153.0
2798.02325	0.9959999999996398	epochs															feedback_delay	153.0
2799.04	1.9757500000000618	epochs															feedback	153.0
2801.0565	3.98299999999972	epochs															iti	153.0
2805.06025	9.639500000000226	epochs															maze	154.0
2805.06025	7.349999999999909	epochs															maze_stem	154.0
2805.08175	16.6857500000001	trials	False	False	False	True	True	False	[0.29984674 0.70015323 0.3945902  0.6054098 ]	-0.09474344551563263	0.3055630475282669	-0.04737171530723572	0.15278151631355286	0.6054098010063171	[16745 16744 16744 16744 16744]	[16801 16801 16801 16801 16801]		
2812.4305	2.2692500000002838	epochs															maze_arm	154.0
2814.7205	7.02350000000024	epochs															feedback_and_iti	154.0
2814.7205	0.9837499999998727	epochs															feedback_delay	154.0
2815.727	1.99225000000024	epochs															feedback	154.0
2817.759	3.9850000000001273	epochs															iti	154.0
2821.7675	11.721000000000004	epochs															maze	155.0
2821.7675	9.052999999999884	epochs															maze_stem	155.0
2821.7925	16.912249999999858	trials	False	False	False	True	False	True	[0.29581729 0.70418268 0.34415153 0.6558485 ]	-0.048334211111068726	0.3600311875343323	0.024167120456695557	-0.18001559376716614	0.3441515266895294	[16845 16845 16844 16844 16844]	[16914 16914 16914 16914 16913]		
2830.842	2.6464999999998327	epochs															maze_arm	155.0
2833.50875	5.177000000000135	epochs															feedback_and_iti	155.0
2833.50875	0.9845000000000255	epochs															feedback_delay	155.0
2834.51475	1.986750000000029	epochs															feedback	155.0
2836.70375	1.981999999999971	epochs															iti	155.0
2838.70475	12.115500000000338	epochs															maze	156.0
2838.70475	9.274000000000342	epochs															maze_stem	156.0
2838.72625	19.15074999999979	trials	False	False	False	True	True	False	[0.41036338 0.58963662 0.68310875 0.31689125]	-0.27274537086486816	-0.09347212314605713	-0.13637268543243408	-0.046736061573028564	0.31689125299453735	[16946 16946 16946 16946 16946]	[17018 17018 17018 17017 17017]		
2847.99925	2.8210000000003674	epochs															maze_arm	156.0
2850.8425	7.011999999999716	epochs															feedback_and_iti	156.0
2850.8425	0.9787499999997635	epochs															feedback_delay	156.0
2851.84325	1.9762500000001637	epochs															feedback	156.0
2853.87975	3.974749999999858	epochs															iti	156.0
2857.877	12.371750000000247	epochs															maze	157.0
2857.877	9.583500000000186	epochs															maze_stem	157.0
2857.89825	19.41374999999971	trials	False	False	False	True	True	False	[0.32036731 0.67963272 0.37076879 0.62923115]	-0.05040152370929718	0.30886389315128326	-0.02520078420639038	0.15443193912506104	0.6292311549186707	[17061 17061 17061 17061 17061]	[17135 17134 17134 17134 17134]		
2867.48275	2.7660000000000764	epochs															maze_arm	157.0
2870.27	7.01949999999988	epochs															feedback_and_iti	157.0
2870.27	0.9845000000000255	epochs															feedback_delay	157.0
2871.27625	1.9887499999999818	epochs															feedback	157.0
2873.3035	3.9859999999998763	epochs															iti	157.0
2877.312	9.987250000000131	epochs															maze	158.0
2877.312	7.539749999999913	epochs															maze_stem	158.0
2877.33325	15.172749999999724	trials	False	False	False	True	False	True	[0.30530575 0.69469422 0.31405258 0.68594748]	-0.008746787905693054	0.3806416839361191	0.004373416304588318	-0.19032083451747894	0.3140525817871094	[17178 17178 17177 17177 17177]	[17237 17237 17236 17236 17236]		
2884.872	2.4272500000001855	epochs															maze_arm	158.0
2887.31925	5.166999999999916	epochs															feedback_and_iti	158.0
2887.31925	0.9932499999999891	epochs															feedback_delay	158.0
2888.335	1.9657499999998436	epochs															feedback	158.0
2890.49875	1.9874999999997272	epochs															iti	158.0
2892.506	24.782250000000204	epochs															maze	159.0
2892.506	19.00550000000021	epochs															maze_stem	159.0
2892.52675	29.985749999999825	trials	True	False	False	False	True	True	[0.43029636 0.56970364 0.65476578 0.34523425]	-0.2244694083929062	-0.08506213128566742	0.1122346967458725	-0.04253105819225311	0.5697036385536194	[17269 17269 17269 17268 17268]	[17417 17416 17416 17416 17416]		
2911.532	5.756249999999909	epochs															maze_arm	159.0
2917.30675	5.1847499999998945	epochs															feedback_and_iti	159.0
2917.30675	0.9827499999996689	epochs															feedback_delay	159.0
2918.30825	1.98700000000008	epochs															feedback	159.0
2920.49025	2.0012500000002547	epochs															iti	159.0
2922.5125	12.874750000000404	epochs															maze	160.0
2922.5125	10.899250000000393	epochs															maze_stem	160.0
2922.53375	18.08174999999983	trials	False	False	False	False	True	True	[0.19488335 0.80511665 0.49518403 0.50481594]	-0.3003007024526596	0.309932604432106	0.1501503586769104	0.1549662947654724	0.8051166534423828	[17449 17449 17449 17448 17448]	[17525 17525 17525 17525 17524]		
2933.433	1.9542500000002292	epochs															maze_arm	160.0
2935.40575	5.187750000000051	epochs															feedback_and_iti	160.0
2935.40575	0.993750000000091	epochs															feedback_delay	160.0
2936.42125	1.9770000000003165	epochs															feedback	160.0
2938.596	1.9974999999999454	epochs															iti	160.0
2940.6155	11.969000000000051	epochs															maze	161.0
2940.6155	8.284000000000106	epochs															maze_stem	161.0
2940.63575	19.01700000000028	trials	False	False	False	True	True	False	[0.12075914 0.87924081 0.46417204 0.53582793]	-0.3434128873050213	0.4150687865912914	-0.1717064380645752	0.20753437280654907	0.5358279347419739	[17558 17557 17557 17557 17557]	[17628 17628 17628 17628 17628]		
2948.9215	3.663000000000011	epochs															maze_arm	161.0
2952.604	7.024499999999989	epochs															feedback_and_iti	161.0
2952.604	0.9995000000003529	epochs															feedback_delay	161.0
2953.6255	1.9767499999998108	epochs															feedback	161.0
2955.6445	3.9839999999999236	epochs															iti	161.0
2959.65275	13.065999999999804	epochs															maze	162.0
2959.65275	9.477750000000015	epochs															maze_stem	162.0
2959.6775	18.25675000000001	trials	True	False	False	False	True	True	[0.2482105  0.75178945 0.31112278 0.68887722]	-0.06291224807500839	0.44066669791936874	0.0314561128616333	0.22033333778381348	0.7517894506454468	[17672 17671 17671 17671 17671]	[17749 17749 17749 17748 17748]		
2969.15175	3.5670000000000073	epochs															maze_arm	162.0
2972.7385	5.172500000000127	epochs															feedback_and_iti	162.0
2972.7385	0.9922500000002401	epochs															feedback_delay	162.0
2973.751	1.969749999999749	epochs															feedback	162.0
2975.91175	1.9992499999998472	epochs															iti	162.0
2977.93425	11.346500000000106	epochs															maze	163.0
2977.93425	8.21600000000035	epochs															maze_stem	163.0
2977.95675	16.558500000000095	trials	False	False	False	True	False	True	[0.21572928 0.7842707  0.33027917 0.66972083]	-0.11454988270998001	0.4539915397763252	0.057274945080280304	-0.2269957736134529	0.3302791714668274	[17781 17781 17781 17781 17781]	[17848 17848 17848 17848 17848]		
2986.17175	3.1089999999999236	epochs															maze_arm	163.0
2989.30275	5.189750000000004	epochs															feedback_and_iti	163.0
2989.30275	0.9830000000001746	epochs															feedback_delay	163.0
2990.30475	1.9820000000004256	epochs															feedback	163.0
2992.495	1.9974999999999454	epochs															iti	163.0
2994.51525	13.324750000000222	epochs															maze	164.0
2994.51525	10.938750000000255	epochs															maze_stem	164.0
2994.53775	18.534500000000207	trials	False	False	False	True	False	True	[0.31422338 0.68577665 0.65108442 0.34891555]	-0.3368610739707947	0.034692198038101196	0.16843052208423615	-0.017346099019050598	0.6510844230651855	[17881 17881 17880 17880 17880]	[17960 17960 17959 17959 17959]		
3005.4765	2.363499999999931	epochs															maze_arm	164.0
3007.859	5.189750000000004	epochs															feedback_and_iti	164.0
3007.859	0.9877500000002328	epochs															feedback_delay	164.0
3008.86725	1.9897500000001855	epochs															feedback	164.0
3011.07025	1.9784999999997126	epochs															iti	164.0
3013.07225	11.430749999999989	epochs															maze	165.0
3013.07225	8.20849999999973	epochs															maze_stem	165.0
3013.096	16.613749999999982	trials	False	False	False	False	True	True	[0.36946988 0.63053012 0.74483532 0.25516471]	-0.3753654211759567	-0.11430518329143524	0.18768270313739777	-0.057152584195137024	0.6305301189422607	[17992 17992 17992 17991 17991]	[18060 18059 18059 18059 18059]		
3021.3025	3.2005000000003747	epochs															maze_arm	165.0
3024.5245	5.166250000000218	epochs															feedback_and_iti	165.0
3024.5245	0.9800000000000182	epochs															feedback_delay	165.0
3025.52875	1.97524999999996	epochs															feedback	165.0
3027.71625	1.974500000000262	epochs															iti	165.0
3029.70975	13.729749999999967	epochs															maze	166.0
3029.70975	9.906750000000102	epochs															maze_stem	166.0
3029.73125	20.76700000000028	trials	False	False	False	False	False	False	[0.17427608 0.82572389 0.60340738 0.39659262]	-0.42913128435611725	0.22231651842594147	-0.21456564962863922	-0.11115826666355133	0.17427608370780945	[18092 18092 18091 18091 18091]	[18173 18173 18173 18173 18172]		
3039.63675	3.8027499999998327	epochs															maze_arm	166.0
3043.4585	7.019749999999931	epochs															feedback_and_iti	166.0
3043.4585	0.9977499999999964	epochs															feedback_delay	166.0
3044.48025	1.9715000000001055	epochs															feedback	166.0
3046.493	3.9852500000001783	epochs															iti	166.0
3050.49825	12.741999999999734	epochs															maze	167.0
3050.49825	8.940499999999702	epochs															maze_stem	167.0
3050.5185	17.948750000000018	trials	True	False	False	False	True	True	[0.55448174 0.44551829 0.5935517  0.40644833]	-0.039069950580596924	-0.14803341031074524	0.019534975290298462	-0.07401669025421143	0.44551828503608704	[18216 18216 18216 18216 18216]	[18292 18292 18292 18291 18291]		
3059.4575	3.782749999999851	epochs															maze_arm	167.0
3063.25925	5.185750000000098	epochs															feedback_and_iti	167.0
3063.25925	0.9960000000000946	epochs															feedback_delay	167.0
3064.27525	1.9792499999998654	epochs															feedback	167.0
3066.4485	1.9965000000001965	epochs															iti	167.0
3068.46725	13.627500000000055	epochs															maze	168.0
3068.46725	10.035499999999956	epochs															maze_stem	168.0
3068.48975	18.80099999999993	trials	False	False	False	False	True	True	[0.38236108 0.61763889 0.56379551 0.43620449]	-0.18143440783023834	0.05384339392185211	0.09071719646453857	0.02692168951034546	0.617638885974884	[18324 18324 18324 18324 18323]	[18405 18405 18405 18404 18404]		
3078.524	3.5707500000003165	epochs															maze_arm	168.0
3082.116	5.154250000000047	epochs															feedback_and_iti	168.0
3082.116	0.9942500000001928	epochs															feedback_delay	168.0
3083.13175	1.9637499999998909	epochs															feedback	168.0
3085.28875	1.981499999999869	epochs															iti	168.0
3087.29075	19.158500000000004	epochs															maze	169.0
3087.29075	15.109249999999975	epochs															maze_stem	169.0
3087.3105	26.210999999999785	trials	False	False	False	False	False	False	[0.18401836 0.81598163 0.53274792 0.46725208]	-0.34872955828905106	0.2832337096333504	-0.17436478286981583	-0.14161685854196548	0.1840183585882187	[18437 18437 18437 18437 18436]	[18551 18551 18551 18550 18550]		
3102.42025	4.028999999999996	epochs															maze_arm	169.0
3106.4715	7.028749999999945	epochs															feedback_and_iti	169.0
3106.4715	0.9969999999998436	epochs															feedback_delay	169.0
3107.49075	1.975500000000011	epochs															feedback	169.0
3109.5055	3.99474999999984	epochs															iti	169.0
3113.5215	10.842750000000251	epochs															maze	170.0
3113.5215	8.119750000000295	epochs															maze_stem	170.0
3113.5435	16.047749999999724	trials	False	False	False	False	True	True	[0.54598421 0.45401579 0.54916567 0.45083427]	-0.0031814873218536377	-0.09514990448951721	0.0015907585620880127	-0.0475749671459198	0.4540157914161682	[18594 18594 18594 18594 18594]	[18659 18658 18658 18658 18658]		
3121.6635	2.700749999999971	epochs															maze_arm	170.0
3124.3845	5.180249999999887	epochs															feedback_and_iti	170.0
3124.3845	0.9915000000000873	epochs															feedback_delay	170.0
3125.397	1.9842499999999745	epochs															feedback	170.0
3127.57725	1.987500000000182	epochs															iti	170.0
3129.59125	15.295500000000175	epochs															maze	171.0
3129.59125	11.516500000000178	epochs															maze_stem	171.0
3129.61425	20.472499999999854	trials	True	False	False	False	True	True	[0.36411649 0.63588351 0.51621312 0.48378682]	-0.15209665894508362	0.11967036128044128	0.076048344373703	0.05983516573905945	0.6358835101127625	[18691 18691 18690 18690 18690]	[18782 18781 18781 18781 18781]		
3141.12775	3.7590000000000146	epochs															maze_arm	171.0
3144.905	5.160249999999905	epochs															feedback_and_iti	171.0
3144.905	0.9899999999997817	epochs															feedback_delay	171.0
3145.9155	1.9712500000000546	epochs															feedback	171.0
3148.076	1.9892500000000837	epochs															iti	171.0
3150.08675	13.866250000000036	epochs															maze	172.0
3150.08675	10.491500000000087	epochs															maze_stem	172.0
3150.1065	19.073249999999916	trials	True	False	False	False	True	True	[0.22625153 0.77374846 0.52986187 0.47013816]	-0.30361031740903854	0.24388661235570908	0.15180514752864838	0.12194330990314484	0.7737484574317932	[18814 18813 18813 18813 18813]	[18896 18896 18896 18895 18895]		
3160.59825	3.3547499999999673	epochs															maze_arm	172.0
3163.97325	5.183250000000044	epochs															feedback_and_iti	172.0
3163.97325	0.9954999999999927	epochs															feedback_delay	172.0
3164.989	1.9827500000001237	epochs															feedback	172.0
3167.167	1.9895000000001346	epochs															iti	172.0
3169.17975	11.107000000000426	epochs															maze	173.0
3169.17975	7.924250000000029	epochs															maze_stem	173.0
3169.20125	16.29275000000007	trials	False	False	False	True	False	True	[0.17293078 0.82706928 0.53711677 0.4628832 ]	-0.36418603360652924	0.28995247185230255	0.18209299445152283	-0.14497622847557068	0.5371167659759521	[18928 18928 18928 18928 18927]	[18994 18994 18993 18993 18993]		
3177.125	3.161750000000211	epochs															maze_arm	173.0
3180.30575	5.168250000000171	epochs															feedback_and_iti	173.0
3180.30575	0.9822500000000218	epochs															feedback_delay	173.0
3181.308	1.9827500000001237	epochs															feedback	173.0
3183.488	1.986000000000331	epochs															iti	173.0
3185.494	15.579499999999825	epochs															maze	174.0
3185.494	11.89574999999968	epochs															maze_stem	174.0
3185.51275	20.76150000000007	trials	True	False	False	False	True	True	[0.31862119 0.68137884 0.72995037 0.27004963]	-0.4113291949033737	-0.04857154190540314	0.20566460490226746	-0.02428576350212097	0.6813788414001465	[19026 19026 19026 19025 19025]	[19119 19118 19118 19118 19118]		
3197.40875	3.6647499999999127	epochs															maze_arm	174.0
3201.09475	5.159499999999753	epochs															feedback_and_iti	174.0
3201.09475	0.9842499999999745	epochs															feedback_delay	174.0
3202.098	1.9797499999999673	epochs															feedback	174.0
3204.274	1.9802500000000691	epochs															iti	174.0
3206.27425	14.365250000000287	epochs															maze	175.0
3206.27425	11.233250000000226	epochs															maze_stem	175.0
3206.295	19.592499999999745	trials	True	False	False	False	True	True	[0.18751182 0.81248814 0.60665488 0.39334515]	-0.41914302855730057	0.2058332934975624	0.2095714956521988	0.1029166430234909	0.8124881386756897	[19151 19150 19150 19150 19150]	[19152 19152 19152 19152 19152]		
3217.5285	3.111000000000331	epochs															maze_arm	175.0
3220.65775	5.206000000000131	epochs															feedback_and_iti	175.0
3220.65775	0.9815000000003238	epochs															feedback_delay	175.0
3221.658	1.9890000000000327	epochs															feedback	175.0
3223.844	2.019749999999931	epochs															iti	175.0
3225.8875	10.461250000000291	epochs															maze	176.0
3225.8875	7.661750000000211	epochs															maze_stem	176.0
3225.906	15.655499999999847	trials	True	False	False	True	False	True	[0.15229668 0.84770334 0.5995335  0.40046653]	-0.4472368136048317	0.24816984683275223	0.22361841052770615	-0.12408491224050522	0.5995334982872009	[-2147483648 -2147483648 -2147483648 -2147483648 -2147483648]	[-2147483648 -2147483648 -2147483648 -2147483648 -2147483648]		
3233.56875	2.7800000000002	epochs															maze_arm	176.0
3236.36825	5.172750000000178	epochs															feedback_and_iti	176.0
3236.36825	0.9904999999998836	epochs															feedback_delay	176.0
3237.3785	1.9702500000003056	epochs															feedback	176.0
3239.5415	1.9995000000003529	epochs															iti	176.0
3241.5615	11.337750000000142	epochs															maze	177.0
3241.5615	8.03500000000031	epochs															maze_stem	177.0
3241.58275	16.528249999999844	trials	False	False	False	True	False	True	[0.20676038 0.79323959 0.68675506 0.31324494]	-0.47999466955661774	0.1064845472574234	0.23999734222888947	-0.0532422810792923	0.6867550611495972	[-2147483648 -2147483648 -2147483648 -2147483648 -2147483648]	[-2147483648 -2147483648 -2147483648 -2147483648 -2147483648]		
3249.6165	3.282749999999851	epochs															maze_arm	177.0
3252.92075	5.170749999999771	epochs															feedback_and_iti	177.0
3252.92075	0.9997499999999491	epochs															feedback_delay	177.0
3253.9425	1.9604999999996835	epochs															feedback	177.0
3256.09575	1.9957500000000437	epochs															iti	177.0
3258.111	14.087750000000142	epochs															maze	178.0
3258.111	10.377250000000004	epochs															maze_stem	178.0
3258.131	19.27975000000015	trials	True	False	False	False	True	True	[0.25629562 0.74370444 0.77825117 0.22174883]	-0.5219555795192719	-0.03454676270484924	0.2609778046607971	-0.017273366451263428	0.7437044382095337	[-2147483648 -2147483648 -2147483648 -2147483648 -2147483648]	[-2147483648 -2147483648 -2147483648 -2147483648 -2147483648]		
3268.5075	3.6912499999998545	epochs															maze_arm	178.0
3272.22225	5.168750000000273	epochs															feedback_and_iti	178.0
3272.22225	0.9830000000001746	epochs															feedback_delay	178.0
3273.2245	1.9787500000002183	epochs															feedback	178.0
3275.39225	1.9987500000002	epochs															iti	178.0
3277.41075	10.45575000000008	epochs															maze	179.0
3277.41075	8.316249999999854	epochs															maze_stem	179.0
3277.43275	15.654500000000098	trials	False	False	False	True	False	True	[0.16442387 0.83557618 0.65312183 0.34687817]	-0.48869798332452774	0.18245432525873184	0.24434898048639297	-0.09122715145349503	0.653121829032898	[-2147483648 -2147483648 -2147483648 -2147483648 -2147483648]	[-2147483648 -2147483648 -2147483648 -2147483648 -2147483648]		
3285.74775	2.118750000000091	epochs															maze_arm	179.0
3287.88725	5.178749999999582	epochs															feedback_and_iti	179.0
3287.88725	0.9927499999998872	epochs															feedback_delay	179.0
3288.9025	1.9679999999998472	epochs															feedback	179.0
3291.06975	1.9962499999996908	epochs															iti	179.0
3293.08725	12.060500000000047	epochs															maze	180.0
3293.08725	9.027749999999742	epochs															maze_stem	180.0
3293.10675	17.267749999999978	trials	False	False	False	False	True	True	[0.21543084 0.78456914 0.76561409 0.23438591]	-0.5501832440495491	0.018955059349536896	0.27509161829948425	0.00947752594947815	0.7845691442489624	[-2147483648 -2147483648 -2147483648 -2147483648 -2147483648]	[-2147483648 -2147483648 -2147483648 -2147483648 -2147483648]		
3302.136	3.01175000000012	epochs															maze_arm	180.0
3305.16875	5.1850000000004	epochs															feedback_and_iti	180.0
3305.16875	0.9850000000001273	epochs															feedback_delay	180.0
3306.1745	1.993750000000091	epochs															feedback	180.0
3308.37275	1.981000000000222	epochs															iti	180.0
3310.3745	11.209249999999884	epochs															maze	181.0
3310.3745	7.868249999999989	epochs															maze_stem	181.0
3310.39625	18.252000000000407	trials	False	False	False	True	True	False	[0.12070044 0.87929952 0.68392867 0.31607136]	-0.5632281936705112	0.1953708864748478	-0.2816140800714493	0.09768544137477875	0.31607136130332947	[-2147483648 -2147483648 -2147483648 -2147483648 -2147483648]	[-2147483648 -2147483648 -2147483648 -2147483648 -2147483648]		
3318.26325	3.320499999999811	epochs															maze_arm	181.0
3321.6045	7.019250000000284	epochs															feedback_and_iti	181.0
3321.6045	0.9900000000002365	epochs															feedback_delay	181.0
3322.61625	1.9800000000000182	epochs															feedback	181.0
3324.63675	3.98700000000008	epochs															iti	181.0
3328.64825	14.147500000000036	epochs															maze	182.0
3328.64825	9.625	epochs															maze_stem	182.0
3328.671	19.34275000000025	trials	True	False	False	False	True	True	[0.19665954 0.80334044 0.43320403 0.566796  ]	-0.23654446005821228	0.37013643980026245	0.11827221512794495	0.18506821990013123	0.8033404350280762	[19153 19153 19153 19153 19153]	[19175 19174 19174 19174 19174]		
3338.2945	4.501250000000255	epochs															maze_arm	182.0
3342.81625	5.175750000000335	epochs															feedback_and_iti	182.0
3342.81625	0.9875000000001819	epochs															feedback_delay	182.0
3343.82375	1.9825000000000728	epochs															feedback	182.0
3345.99825	1.993750000000091	epochs															iti	182.0
3348.01375	13.058999999999742	epochs															maze	183.0
3348.01375	9.848250000000007	epochs															maze_stem	183.0
3348.0345	18.240999999999985	trials	False	False	False	False	True	True	[0.22718894 0.77281106 0.53477931 0.46522069]	-0.3075903654098511	0.23803174495697021	0.15379518270492554	0.11901587247848511	0.7728110551834106	[19207 19207 19206 19206 19206]	[19284 19284 19284 19284 19283]		
3357.88375	3.188999999999851	epochs															maze_arm	183.0
3361.09375	5.160249999999905	epochs															feedback_and_iti	183.0
3361.09375	0.9949999999998909	epochs															feedback_delay	183.0
3362.10825	1.9699999999998	epochs															feedback	183.0
3364.2665	1.9874999999997272	epochs															iti	183.0
3366.2755	15.158500000000004	epochs															maze	184.0
3366.2755	12.042249999999967	epochs															maze_stem	184.0
3366.2965	20.362500000000182	trials	True	False	False	False	True	True	[0.08659483 0.91340518 0.48425719 0.51574284]	-0.39766235277056694	0.42914799973368645	0.19883117079734802	0.21457400918006897	0.913405179977417	[19316 19316 19316 19316 19316]	[19406 19406 19406 19406 19406]		
3378.339	3.0950000000002547	epochs															maze_arm	184.0
3381.45375	5.186499999999796	epochs															feedback_and_iti	184.0
3381.45375	0.9852499999997235	epochs															feedback_delay	184.0
3382.4575	1.9900000000002365	epochs															feedback	184.0
3384.64675	1.99350000000004	epochs															iti	184.0
3386.659	9.937249999999949	epochs															maze	185.0
3386.659	7.98949999999968	epochs															maze_stem	185.0
3386.679	15.139749999999822	trials	True	False	False	True	False	True	[0.13113968 0.8688603  0.5489018  0.4510982 ]	-0.4177621081471443	0.31995851546525955	0.20888105779886246	-0.15997926145792007	0.5489017963409424	[19439 19438 19438 19438 19438]	[19497 19497 19497 19497 19496]		
3394.66975	1.9265000000000327	epochs															maze_arm	185.0
3396.61725	5.178000000000338	epochs															feedback_and_iti	185.0
3396.61725	0.9910000000004402	epochs															feedback_delay	185.0
3397.62825	1.981999999999971	epochs															feedback	185.0
3399.806	1.9892500000000837	epochs															iti	185.0
3401.81875	13.5300000000002	epochs															maze	186.0
3401.81875	10.310750000000098	epochs															maze_stem	186.0
3401.84125	18.719250000000102	trials	False	False	False	False	True	True	[0.14977515 0.85022491 0.6343987  0.36560133]	-0.4846235662698746	0.21582619845867157	0.24231179058551788	0.10791312158107758	0.8502249121665955	[19530 19529 19529 19529 19529]	[19610 19610 19609 19609 19609]		
3412.15025	3.1984999999999673	epochs															maze_arm	186.0
3415.36975	5.1707500000002256	epochs															feedback_and_iti	186.0
3415.36975	0.9800000000000182	epochs															feedback_delay	186.0
3416.372	1.9797499999999673	epochs															feedback	186.0
3418.546	1.9945000000002437	epochs															iti	186.0
3420.5605	13.956499999999778	epochs															maze	187.0
3420.5605	10.307749999999942	epochs															maze_stem	187.0
3420.58075	19.154749999999694	trials	False	False	False	False	True	True	[0.08968768 0.91031229 0.53712195 0.46287808]	-0.4474342465400696	0.37319037318229675	0.2237171083688736	0.18659518659114838	0.910312294960022	[19642 19642 19642 19641 19641]	[19725 19725 19724 19724 19724]		
3430.88875	3.6282499999997526	epochs															maze_arm	187.0
3434.53825	5.176249999999982	epochs															feedback_and_iti	187.0
3434.53825	0.9969999999998436	epochs															feedback_delay	187.0
3435.55675	1.9662499999999454	epochs															feedback	187.0
3437.726	1.9884999999999309	epochs															iti	187.0
3439.7355	10.164250000000266	epochs															maze	188.0
3439.7355	7.3215000000000146	epochs															maze_stem	188.0
3439.757	15.353999999999814	trials	False	False	False	True	False	True	[0.07593928 0.92406064 0.52959514 0.47040489]	-0.45365580171346664	0.3944655582308769	0.2268279269337654	-0.19723279029130936	0.529595136642456	[19757 19757 19757 19756 19756]	[19817 19817 19817 19816 19816]		
3447.07825	2.8215000000000146	epochs															maze_arm	188.0
3449.921	5.169250000000375	epochs															feedback_and_iti	188.0
3449.921	0.9830000000001746	epochs															feedback_delay	188.0
3450.93225	1.9782500000001164	epochs															feedback	188.0
3453.10525	1.9850000000001273	epochs															iti	188.0
3455.111	14.429000000000087	epochs															maze	189.0
3455.111	10.868750000000091	epochs															maze_stem	189.0
3455.1325	19.61175000000003	trials	False	False	False	False	True	True	[0.15617658 0.84382343 0.72080588 0.27919409]	-0.5646293237805367	0.12301752716302872	0.2823146730661392	0.06150875985622406	0.8438234329223633	[19849 19849 19849 19849 19848]	[19935 19935 19934 19934 19934]		
3466.0005	3.5394999999998618	epochs															maze_arm	189.0
3469.55825	5.16274999999996	epochs															feedback_and_iti	189.0
3469.55825	0.9854999999997744	epochs															feedback_delay	189.0
3470.56625	1.9737500000001091	epochs															feedback	189.0
3472.73675	1.9842499999999745	epochs															iti	189.0
3474.74425	14.811499999999796	epochs															maze	190.0
3474.74425	11.311999999999898	epochs															maze_stem	190.0
3474.7645	20.01399999999967	trials	False	False	False	False	True	True	[0.08893275 0.91106725 0.63419986 0.36580014]	-0.5452671088278294	0.2768673934042454	0.27263355255126953	0.13843369483947754	0.9110672473907471	[19967 19967 19966 19966 19966]	[20055 20055 20054 20054 20054]		
3486.07925	3.4765000000002146	epochs															maze_arm	190.0
3489.578	5.179250000000138	epochs															feedback_and_iti	190.0
3489.578	0.9862499999999272	epochs															feedback_delay	190.0
3490.5855	1.9854999999997744	epochs															feedback	190.0
3492.76575	1.9915000000000873	epochs															iti	190.0
3494.7785	10.972250000000258	epochs															maze	191.0
3494.7785	9.164000000000215	epochs															maze_stem	191.0
3494.7995	16.159749999999804	trials	False	False	False	True	False	True	[0.07666098 0.92333901 0.60771185 0.39228815]	-0.5310508646070957	0.31562716141343117	0.265525434166193	-0.15781358256936073	0.6077118515968323	[20087 20087 20087 20086 20086]	[20152 20152 20151 20151 20151]		
3503.963	1.78774999999996	epochs															maze_arm	191.0
3505.77225	5.167750000000069	epochs															feedback_and_iti	191.0
3505.77225	0.9794999999999163	epochs															feedback_delay	191.0
3506.774	1.9882500000003347	epochs															feedback	191.0
3508.959	1.981000000000222	epochs															iti	191.0
3510.95925	9.593499999999949	epochs															maze	192.0
3510.95925	6.852249999999913	epochs															maze_stem	192.0
3510.98	14.791000000000167	trials	False	False	False	True	False	True	[0.14605628 0.85394377 0.75236046 0.24763954]	-0.6063042059540749	0.10158327966928482	0.30315209180116653	-0.050791628658771515	0.752360463142395	[20184 20184 20184 20183 20183]	[20241 20240 20240 20240 20240]		
3517.8315	2.7212500000000546	epochs															maze_arm	192.0
3520.57375	5.175999999999931	epochs															feedback_and_iti	192.0
3520.57375	0.9899999999997817	epochs															feedback_delay	192.0
3521.586	1.987500000000182	epochs															feedback	192.0
3523.7675	1.9822500000000218	epochs															iti	192.0
3525.771	11.229249999999865	epochs															maze	193.0
3525.771	9.284999999999854	epochs															maze_stem	193.0
3525.792	16.432250000000295	trials	True	False	False	True	False	True	[0.18902746 0.81097251 0.79939169 0.20060827]	-0.6103642359375954	0.01158081740140915	0.3051821142435074	-0.005790427327156067	0.7993916869163513	[20273 20273 20272 20272 20272]	[20339 20339 20339 20339 20338]		
3535.07525	1.925000000000182	epochs															maze_arm	193.0
3537.02125	5.177750000000287	epochs															feedback_and_iti	193.0
3537.02125	0.992500000000291	epochs															feedback_delay	193.0
3538.03375	1.9769999999998618	epochs															feedback	193.0
3540.21	1.9890000000000327	epochs															iti	193.0
3542.22425	9.605999999999767	epochs															maze	194.0
3542.22425	7.032249999999749	epochs															maze_stem	194.0
3542.245	14.817250000000058	trials	False	False	False	True	False	True	[0.23257178 0.76742822 0.80767119 0.19232881]	-0.5750994086265564	-0.04024296998977661	0.2875497043132782	0.020121484994888306	0.8076711893081665	[20372 20371 20371 20371 20371]	[20428 20428 20428 20428 20427]		
3549.277	2.5532499999999345	epochs															maze_arm	194.0
3551.8515	5.190749999999753	epochs															feedback_and_iti	194.0
3551.8515	0.9917499999996835	epochs															feedback_delay	194.0
3552.86325	1.9835000000002765	epochs															feedback	194.0
3555.0435	1.9987499999997453	epochs															iti	194.0
3557.06225	9.65475000000015	epochs															maze	195.0
3557.06225	7.289999999999964	epochs															maze_stem	195.0
3557.08475	14.858999999999924	trials	False	False	False	True	False	True	[0.22411251 0.77588743 0.82768619 0.17231373]	-0.6035736873745918	-0.05179876834154129	0.3017868399620056	0.02589935064315796	0.8276861906051636	[20461 20460 20460 20460 20460]	[20517 20517 20517 20517 20517]		
3564.37275	2.344250000000102	epochs															maze_arm	195.0
3566.73675	5.186499999999796	epochs															feedback_and_iti	195.0
3566.73675	0.9839999999999236	epochs															feedback_delay	195.0
3567.74125	1.9909999999999854	epochs															feedback	195.0
3569.93175	1.9914999999996326	epochs															iti	195.0
3571.94375	9.663500000000113	epochs															maze	196.0
3571.94375	7.739500000000135	epochs															maze_stem	196.0
3571.96325	14.865250000000287	trials	True	False	False	True	False	True	[0.24607845 0.75392157 0.83171988 0.16828012]	-0.58564143627882	-0.07779831439256668	0.2928207144141197	0.03889916092157364	0.8317198753356934	[20550 20550 20549 20549 20549]	[20607 20607 20606 20606 20606]		
3579.704	1.9032499999998436	epochs															maze_arm	196.0
3581.628	5.177999999999884	epochs															feedback_and_iti	196.0
3581.628	0.9894999999996799	epochs															feedback_delay	196.0
3582.63825	1.981000000000222	epochs															feedback	196.0
3584.8175	1.9884999999999309	epochs															iti	196.0
3586.8285	10.032999999999902	epochs															maze	197.0
3586.8285	7.781750000000102	epochs															maze_stem	197.0
3586.84975	15.233000000000175	trials	False	False	False	True	False	True	[0.29877585 0.70122415 0.82700467 0.1729953 ]	-0.528228834271431	-0.12578053772449493	0.2641144096851349	0.06289026141166687	0.8270046710968018	[20639 20639 20639 20638 20638]	[20698 20698 20698 20698 20697]		
3594.63225	2.2292499999998654	epochs															maze_arm	197.0
3596.883	5.176249999999982	epochs															feedback_and_iti	197.0
3596.883	0.9975000000004002	epochs															feedback_delay	197.0
3597.9035	1.9762500000001637	epochs															feedback	197.0
3600.07575	1.9834999999998217	epochs															iti	197.0
3602.08275	11.340999999999894	epochs															maze	198.0
3602.08275	8.308999999999742	epochs															maze_stem	198.0
3602.10425	18.379249999999956	trials	False	False	False	False	False	False	[0.28195438 0.71804559 0.838489   0.16151099]	-0.5565346106886864	-0.12044339627027512	-0.2782673090696335	0.06022168695926666	0.2819543778896332	[20731 20730 20730 20730 20730]	[20798 20797 20797 20797 20797]		
3610.4105	3.013249999999971	epochs															maze_arm	198.0
3613.445	7.016999999999825	epochs															feedback_and_iti	198.0
3613.445	0.9932499999999891	epochs															feedback_delay	198.0
3614.461	1.9757500000000618	epochs															feedback	198.0
3616.47725	3.9847500000000764	epochs															iti	198.0
3620.4835	11.464249999999993	epochs															maze	199.0
3620.4835	8.721000000000004	epochs															maze_stem	199.0
3620.50425	16.64975000000004	trials	False	False	False	False	True	True	[0.51960063 0.48039934 0.7351709  0.26482913]	-0.21557024121284485	-0.25477153062820435	0.10778510570526123	-0.12738576531410217	0.48039934039115906	[20841 20841 20840 20840 20840]	[20909 20908 20908 20908 20908]		
3629.22625	2.7214999999996508	epochs															maze_arm	199.0
3631.969	5.163250000000062	epochs															feedback_and_iti	199.0
3631.969	0.9994999999998981	epochs															feedback_delay	199.0
3632.99	1.9660000000003492	epochs															feedback	199.0
3635.15225	1.9800000000000182	epochs															iti	199.0
3637.154	12.91775000000007	epochs															maze	200.0
3637.154	9.632000000000062	epochs															maze_stem	200.0
3637.17475	18.128499999999804	trials	False	False	False	False	True	True	[0.33637843 0.66362154 0.69901729 0.30098268]	-0.3626388609409332	-0.03539574146270752	0.1813194304704666	-0.017697885632514954	0.6636215448379517	[20941 20941 20940 20940 20940]	[21017 21017 21017 21017 21017]		
3646.80675	3.2649999999998727	epochs															maze_arm	200.0
3650.09175	5.186000000000149	epochs															feedback_and_iti	200.0
3650.09175	0.9949999999998909	epochs															feedback_delay	200.0
3651.109	1.9790000000002692	epochs															feedback	200.0
3653.28575	1.9920000000001892	epochs															iti	200.0
3655.30325	10.146999999999935	epochs															maze	201.0
3655.30325	7.26949999999988	epochs															maze_stem	201.0
3655.32575	15.333000000000084	trials	False	False	False	True	False	True	[0.17859703 0.82140297 0.68141973 0.31858024]	-0.5028227120637894	0.13998322188854218	0.2514113485813141	-0.06999161839485168	0.6814197301864624	[21050 21049 21049 21049 21049]	[21110 21109 21109 21109 21109]		
3662.59475	2.8554999999996653	epochs															maze_arm	201.0
3665.47125	5.166749999999865	epochs															feedback_and_iti	201.0
3665.47125	0.994499999999789	epochs															feedback_delay	201.0
3666.48725	1.9702499999998508	epochs															feedback	201.0
3668.65925	1.9787499999997635	epochs															iti	201.0
3670.65875	11.172999999999774	epochs															maze	202.0
3670.65875	9.266749999999774	epochs															maze_stem	202.0
3670.68	16.36025000000018	trials	False	False	False	True	False	True	[0.28322425 0.71677577 0.81266969 0.18733029]	-0.5294454619288445	-0.09589394181966782	0.26472271978855133	0.04794697463512421	0.8126696944236755	[21142 21142 21141 21141 21141]	[21208 21208 21207 21207 21207]		
3679.94525	1.8864999999996144	epochs															maze_arm	202.0
3681.85225	5.166749999999865	epochs															feedback_and_iti	202.0
3681.85225	0.9850000000001273	epochs															feedback_delay	202.0
3682.85825	1.9767499999998108	epochs															feedback	202.0
3685.032	1.9869999999996253	epochs															iti	202.0
3687.04025	10.304250000000138	epochs															maze	203.0
3687.04025	8.362999999999829	epochs															maze_stem	203.0
3687.05925	15.513250000000426	trials	True	False	False	True	False	True	[0.32534355 0.67465645 0.83345777 0.16654225]	-0.5081142112612724	-0.15880130976438522	0.2540571093559265	0.07940065860748291	0.8334577679634094	[21240 21240 21240 21239 21239]	[21301 21301 21300 21300 21300]		
3695.424	1.9205000000001746	epochs															maze_arm	203.0
3697.3635	5.187249999999949	epochs															feedback_and_iti	203.0
3697.3635	0.9850000000001273	epochs															feedback_delay	203.0
3698.3675	1.9954999999999927	epochs															feedback	203.0
3700.58575	1.9649999999996908	epochs															iti	203.0
3702.5725	14.488749999999982	epochs															maze	204.0
3702.5725	11.479499999999916	epochs															maze_stem	204.0
3702.593	19.680250000000342	trials	False	False	False	False	True	True	[0.3843523  0.61564773 0.82788569 0.17211428]	-0.44353342056274414	-0.21223798394203186	0.22176672518253326	-0.10611899197101593	0.6156477332115173	[21333 21333 21333 21333 21332]	[21419 21419 21419 21418 21418]		
3714.073	2.9882500000003347	epochs															maze_arm	204.0
3717.0825	5.169750000000022	epochs															feedback_and_iti	204.0
3717.0825	0.9940000000001419	epochs															feedback_delay	204.0
3718.09775	1.9762500000001637	epochs															feedback	204.0
3720.27375	1.9785000000001673	epochs															iti	204.0
3722.27325	11.303999999999633	epochs															maze	205.0
3722.27325	8.604249999999865	epochs															maze_stem	205.0
3722.2935	18.344499999999698	trials	False	False	False	True	True	False	[0.17687488 0.82312512 0.70194161 0.29805842]	-0.5250667184591293	0.12118352949619293	-0.26253335177898407	0.06059177219867706	0.298058420419693	[21451 21451 21451 21451 21450]	[21518 21518 21518 21518 21517]		
3730.89775	2.6794999999997344	epochs															maze_arm	205.0
3733.599	7.018000000000029	epochs															feedback_and_iti	205.0
3733.599	0.9837499999998727	epochs															feedback_delay	205.0
3734.6065	1.9880000000002838	epochs															feedback	205.0
3736.6335	3.9835000000002765	epochs															iti	205.0
3740.638	10.260999999999967	epochs															maze	206.0
3740.638	7.204000000000178	epochs															maze_stem	206.0
3740.6585	17.297250000000076	trials	False	False	False	True	True	False	[0.24138883 0.7586112  0.49556854 0.50443149]	-0.2541797161102295	0.2630426585674286	-0.12708985805511475	0.1315213441848755	0.5044314861297607	[21561 21561 21561 21561 21561]	[21622 21622 21622 21621 21621]		
3747.86125	3.03774999999996	epochs															maze_arm	206.0
3750.91975	7.014999999999873	epochs															feedback_and_iti	206.0
3750.91975	0.9922499999997854	epochs															feedback_delay	206.0
3751.93375	1.9747499999998581	epochs															feedback	206.0
3753.9495	3.9852499999997235	epochs															iti	206.0
3757.95575	11.271499999999833	epochs															maze	207.0
3757.95575	9.083000000000084	epochs															maze_stem	207.0
3757.97675	18.3100000000004	trials	False	False	False	True	True	False	[0.23264375 0.76735622 0.47406822 0.52593172]	-0.24142448604106903	0.2932879775762558	-0.12071225047111511	0.1466439664363861	0.525931715965271	[21665 21665 21665 21665 21664]	[21732 21732 21732 21731 21731]		
3767.0615	2.1657500000001164	epochs															maze_arm	207.0
3769.24825	7.017749999999978	epochs															feedback_and_iti	207.0
3769.24825	0.9982500000000982	epochs															feedback_delay	207.0
3770.26675	1.9720000000002074	epochs															feedback	207.0
3772.2795	3.986499999999978	epochs															iti	207.0
3776.28675	9.491999999999734	epochs															maze	208.0
3776.28675	6.660249999999905	epochs															maze_stem	208.0
3776.3085	16.530249999999796	trials	False	False	False	True	True	False	[0.22939925 0.77060074 0.43149239 0.56850761]	-0.20209313184022903	0.3391083553433418	-0.10104656219482422	0.16955417394638062	0.5685076117515564	[21775 21775 21775 21775 21774]	[21831 21831 21831 21831 21830]		
3782.9665	2.812249999999949	epochs															maze_arm	208.0
3785.79975	7.017499999999927	epochs															feedback_and_iti	208.0
3785.79975	0.9867500000000291	epochs															feedback_delay	208.0
3786.81	1.97400000000016	epochs															feedback	208.0
3788.8255	3.9917500000001382	epochs															iti	208.0
3792.83875	11.105000000000018	epochs															maze	209.0
3792.83875	9.024249999999938	epochs															maze_stem	209.0
3792.86075	16.305250000000342	trials	False	False	False	False	True	True	[0.22276096 0.77723902 0.38567215 0.61432779]	-0.16291121393442154	0.39156685024499893	0.08145561814308167	0.19578340649604797	0.7772390246391296	[21874 21874 21874 21874 21874]	[21940 21940 21940 21940 21939]		
3801.88425	2.0594999999998436	epochs															maze_arm	209.0
3803.9625	5.1847499999998945	epochs															feedback_and_iti	209.0
3803.9625	0.9832499999997708	epochs															feedback_delay	209.0
3804.96575	1.9887499999999818	epochs															feedback	209.0
3807.15475	1.9924999999998363	epochs															iti	209.0
3809.166	10.817250000000058	epochs															maze	210.0
3809.166	8.945999999999913	epochs															maze_stem	210.0
3809.187	17.864500000000135	trials	False	False	False	True	True	False	[0.18945758 0.8105424  0.46116084 0.53883916]	-0.27170325070619583	0.34938157349824905	-0.13585162162780762	0.17469078302383423	0.5388391613960266	[21972 21972 21972 21972 21972]	[22036 22036 22036 22036 22036]		
3818.133	1.8502500000004147	epochs															maze_arm	210.0
3820.00375	7.025000000000091	epochs															feedback_and_iti	210.0
3820.00375	0.9980000000000473	epochs															feedback_delay	210.0
3821.02375	1.9664999999999964	epochs															feedback	210.0
3823.02925	3.999499999999898	epochs															iti	210.0
3827.0515	10.072499999999764	epochs															maze	211.0
3827.0515	8.67950000000019	epochs															maze_stem	211.0
3827.07275	15.279500000000098	trials	False	False	False	False	True	True	[0.21744461 0.7825554  0.32064754 0.67935246]	-0.1032029315829277	0.46190785616636276	0.05160146951675415	0.23095393180847168	0.7825554013252258	[22080 22079 22079 22079 22079]	[22139 22139 22139 22138 22138]		
3835.75325	1.370749999999589	epochs															maze_arm	211.0
3837.14475	5.185750000000098	epochs															feedback_and_iti	211.0
3837.14475	0.9835000000002765	epochs															feedback_delay	211.0
3838.15	1.9854999999997744	epochs															feedback	211.0
3840.33775	1.9927499999998872	epochs															iti	211.0
3842.35225	8.882750000000215	epochs															maze	212.0
3842.35225	6.998500000000149	epochs															maze_stem	212.0
3842.37275	14.08575000000019	trials	False	False	False	False	True	True	[0.16056038 0.83943957 0.35711586 0.64288414]	-0.196555458009243	0.4823237285017967	0.09827771782875061	0.24116185307502747	0.8394395709037781	[22171 22171 22171 22171 22171]	[22224 22224 22223 22223 22223]		
3849.3695	1.8655000000003383	epochs															maze_arm	212.0
3851.2575	5.179749999999785	epochs															feedback_and_iti	212.0
3851.2575	0.9789999999998145	epochs															feedback_delay	212.0
3852.25975	1.9937499999996362	epochs															feedback	212.0
3854.44425	1.9929999999999382	epochs															iti	212.0
3856.4585	9.722499999999854	epochs															maze	213.0
3856.4585	7.798749999999927	epochs															maze_stem	213.0
3856.48125	14.91775000000007	trials	False	False	False	False	True	True	[0.10724357 0.8927564  0.37526003 0.62474   ]	-0.26801642775535583	0.5174964070320129	0.13400819897651672	0.25874820351600647	0.8927564024925232	[22256 22256 22256 22255 22255]	[22313 22313 22313 22313 22313]		
3864.27875	1.9022500000000946	epochs															maze_arm	213.0
3866.201	5.17574999999988	epochs															feedback_and_iti	213.0
3866.201	0.9924999999998363	epochs															feedback_delay	213.0
3867.21375	1.975500000000011	epochs															feedback	213.0
3869.38275	1.9939999999996871	epochs															iti	213.0
3871.399	9.189249999999902	epochs															maze	214.0
3871.399	6.853250000000116	epochs															maze_stem	214.0
3871.419	14.389500000000226	trials	False	False	False	False	True	True	[0.08640976 0.91359031 0.38511518 0.61488479]	-0.29870546981692314	0.5284750871360302	0.1493527591228485	0.26423755288124084	0.9135903120040894	[22346 22345 22345 22345 22345]	[22400 22400 22399 22399 22399]		
3878.274	2.3142499999999018	epochs															maze_arm	214.0
3880.611	5.177000000000135	epochs															feedback_and_iti	214.0
3880.611	0.9950000000003456	epochs															feedback_delay	214.0
3881.628	1.9739999999997053	epochs															feedback	214.0
3883.79825	1.9897500000001855	epochs															iti	214.0
3885.8085	15.89449999999988	epochs															maze	215.0
3885.8085	13.951250000000073	epochs															maze_stem	215.0
3885.8285	22.928249999999935	trials	True	False	False	True	True	False	[0.07471426 0.9252857  0.36787391 0.63212609]	-0.2931596264243126	0.5574118122458458	-0.1465798020362854	0.278705894947052	0.6321260929107666	[22432 22432 22432 22431 22431]	[22526 22526 22526 22526 22526]		
3899.7795	1.9234999999998763	epochs															maze_arm	215.0
3901.7235	7.010499999999865	epochs															feedback_and_iti	215.0
3901.7235	0.9927499999998872	epochs															feedback_delay	215.0
3902.73625	1.9692500000001019	epochs															feedback	215.0
3904.74775	3.9862499999999272	epochs															iti	215.0
3908.75675	9.079000000000178	epochs															maze	216.0
3908.75675	7.239000000000033	epochs															maze_stem	216.0
3908.77775	16.10849999999982	trials	True	False	False	True	True	False	[0.10223077 0.89776927 0.21787395 0.78212607]	-0.11564318835735321	0.6798953115940094	-0.0578216016292572	0.3399476706981659	0.7821260690689087	[22570 22569 22569 22569 22569]	[22623 22623 22623 22623 22622]		
3916.01425	1.8215000000000146	epochs															maze_arm	216.0
3917.85675	7.008499999999913	epochs															feedback_and_iti	216.0
3917.85675	0.999250000000302	epochs															feedback_delay	216.0
3918.8765	1.962500000000091	epochs															feedback	216.0
3920.89925	3.9659999999998945	epochs															iti	216.0
3924.88625	9.161999999999807	epochs															maze	217.0
3924.88625	6.517249999999876	epochs															maze_stem	217.0
3924.9065	16.204249999999774	trials	True	False	False	True	True	False	[0.12331203 0.87668794 0.18536872 0.81463128]	-0.06205667182803154	0.6913192383944988	-0.031028330326080322	0.34565961360931396	0.8146312832832336	[22666 22666 22666 22666 22666]	[22720 22720 22720 22720 22720]		
3931.42425	2.6239999999997963	epochs															maze_arm	217.0
3934.06675	7.023749999999836	epochs															feedback_and_iti	217.0
3934.06675	1.000250000000051	epochs															feedback_delay	217.0
3935.08875	1.967750000000251	epochs															feedback	217.0
3937.09725	3.993249999999989	epochs															iti	217.0
3941.11075	9.562000000000353	epochs															maze	218.0
3941.11075	6.840750000000298	epochs															maze_stem	218.0
3941.13125	16.59999999999991	trials	True	False	False	True	True	False	[0.09959269 0.90040731 0.1411016  0.8588984 ]	-0.041508909314870834	0.7593057118356228	-0.020754456520080566	0.37965285778045654	0.858898401260376	[22764 22763 22763 22763 22763]	[22820 22820 22820 22819 22819]		
3947.96925	2.7035000000000764	epochs															maze_arm	218.0
3950.69375	7.0157500000000255	epochs															feedback_and_iti	218.0
3950.69375	0.9902500000002874	epochs															feedback_delay	218.0
3951.704	1.9742499999997563	epochs															feedback	218.0
3953.7165	3.992999999999938	epochs															iti	218.0
3957.73125	10.889000000000124	epochs															maze	219.0
3957.73125	8.262750000000324	epochs															maze_stem	219.0
3957.75175	17.94250000000011	trials	True	False	False	True	True	False	[0.1171541  0.88284588 0.12878276 0.87121731]	-0.011628616601228714	0.7540631629526615	-0.005814284086227417	0.3770315945148468	0.8712173104286194	[22863 22863 22863 22863 22862]	[22928 22927 22927 22927 22927]		
3966.01275	2.6075000000000728	epochs															maze_arm	219.0
3968.64025	7.032000000000153	epochs															feedback_and_iti	219.0
3968.64025	0.9897500000001855	epochs															feedback_delay	219.0
3969.64925	1.9909999999999854	epochs															feedback	219.0
3971.6815	3.9907499999999345	epochs															iti	219.0
3975.69425	11.762000000000171	epochs															maze	220.0
3975.69425	8.454000000000178	epochs															maze_stem	220.0
3975.71325	18.799000000000433	trials	False	False	False	True	True	False	[0.09958199 0.90041798 0.09941053 0.90058947]	0.0001714751124382019	0.8010074645280838	8.574128150939941e-05	0.4005037248134613	0.9005894660949707	[22971 22971 22971 22970 22970]	[23041 23040 23040 23040 23040]		
3984.16775	3.2885000000001128	epochs															maze_arm	220.0
3987.477	7.01299999999992	epochs															feedback_and_iti	220.0
3987.477	0.9977499999999964	epochs															feedback_delay	220.0
3988.49575	1.961999999999989	epochs															feedback	220.0
3990.498	3.9919999999997344	epochs															iti	220.0
3994.51225	11.376999999999953	epochs															maze	221.0
3994.51225	8.892999999999574	epochs															maze_stem	221.0
3994.535	18.43074999999999	trials	False	False	False	True	True	False	[0.09807527 0.90192473 0.10277188 0.89722806]	-0.004696637392044067	0.7991528213024139	-0.0023483335971832275	0.3995763957500458	0.8972280621528625	[23084 23084 23083 23083 23083]	[23151 23151 23151 23151 23150]		
4003.42625	2.463000000000193	epochs															maze_arm	221.0
4005.91075	7.032250000000204	epochs															feedback_and_iti	221.0
4005.91075	0.9915000000000873	epochs															feedback_delay	221.0
4006.92375	1.9830000000001746	epochs															feedback	221.0
4008.94925	3.993750000000091	epochs															iti	221.0
4012.96575	10.001750000000357	epochs															maze	222.0
4012.96575	8.300750000000335	epochs															maze_stem	222.0
4012.986	17.039999999999964	trials	True	False	False	True	True	False	[0.09776279 0.90223718 0.10165331 0.89834672]	-0.003890484571456909	0.8005838990211487	-0.0019452273845672607	0.40029194951057434	0.8983467221260071	[23195 23194 23194 23194 23194]	[23254 23253 23253 23253 23253]		
4021.28925	1.6782500000003893	epochs															maze_arm	222.0
4022.98825	7.01700000000028	epochs															feedback_and_iti	222.0
4022.98825	0.9905000000003383	epochs															feedback_delay	222.0
4023.99875	1.9794999999999163	epochs															feedback	222.0
4026.014	3.9912500000000364	epochs															iti	222.0
4030.026	7.569250000000011	epochs															maze	223.0
4030.026	5.995750000000044	epochs															maze_stem	223.0
4030.047	14.607750000000124	trials	True	False	False	True	True	False	[0.09300683 0.90699315 0.08326121 0.91673875]	0.009745605289936066	0.823731929063797	0.004872798919677734	0.4118659496307373	0.916738748550415	[23297 23297 23296 23296 23296]	[23341 23341 23341 23341 23340]		
4036.04125	1.5539999999996326	epochs															maze_arm	223.0
4037.613	7.021500000000287	epochs															feedback_and_iti	223.0
4037.613	0.9977499999999964	epochs															feedback_delay	223.0
4038.6305	1.9729999999999563	epochs															feedback	223.0
4040.6415	3.992999999999938	epochs															iti	223.0
4044.65475	7.259499999999662	epochs															maze	224.0
4044.65475	5.861499999999978	epochs															maze_stem	224.0
4044.67575	14.295250000000124	trials	True	False	False	True	True	False	[0.11575331 0.88424671 0.08518859 0.91481137]	0.030564691871404648	0.7990580908954144	0.01528233289718628	0.39952903985977173	0.914811372756958	[23385 23384 23384 23384 23384]	[23427 23427 23427 23427 23426]		
4050.5375	1.3767499999999018	epochs															maze_arm	224.0
4051.93575	7.014749999999822	epochs															feedback_and_iti	224.0
4051.93575	0.9947499999998399	epochs															feedback_delay	224.0
4052.95125	1.976249999999709	epochs															feedback	224.0
4054.9635	3.98700000000008	epochs															iti	224.0
4058.971	8.128499999999804	epochs															maze	225.0
4058.971	6.512749999999869	epochs															maze_stem	225.0
4058.99125	15.166999999999916	trials	True	False	False	True	True	False	[0.09547558 0.90452439 0.06539652 0.93460345]	0.030079059302806854	0.8391278684139252	0.015039533376693726	0.4195639193058014	0.9346034526824951	[23470 23470 23470 23470 23470]	[23518 23518 23518 23518 23517]		
4065.504	1.5954999999999018	epochs															maze_arm	225.0
4067.11825	7.019999999999982	epochs															feedback_and_iti	225.0
4067.11825	0.980750000000171	epochs															feedback_delay	225.0
4068.11825	1.9897500000001855	epochs															feedback	225.0
4070.14625	3.992000000000189	epochs															iti	225.0
4074.15825	8.19900000000007	epochs															maze	226.0
4074.15825	6.576500000000124	epochs															maze_stem	226.0
4074.17875	15.226999999999862	trials	True	False	False	True	True	False	[0.11194298 0.88805705 0.06709729 0.93290269]	0.044845666736364365	0.8209597356617451	0.022422820329666138	0.410479873418808	0.9329026937484741	[23561 23561 23561 23561 23561]	[23610 23610 23609 23609 23609]		
4080.7545	1.6027500000000146	epochs															maze_arm	226.0
4082.378	7.006249999999909	epochs															feedback_and_iti	226.0
4082.378	0.9837499999998727	epochs															feedback_delay	226.0
4083.38125	1.9772499999999127	epochs															feedback	226.0
4085.398	3.9862499999999272	epochs															iti	226.0
4089.40575	8.300750000000335	epochs															maze	227.0
4089.40575	6.625750000000153	epochs															maze_stem	227.0
4089.42625	15.325250000000324	trials	True	False	False	True	True	False	[0.09653602 0.90346396 0.05441904 0.94558096]	0.04211699031293392	0.8490449320524931	0.021058499813079834	0.4245224595069885	0.9455809593200684	[23653 23653 23653 23652 23652]	[23702 23702 23701 23701 23701]		
4096.05275	1.6537500000004002	epochs															maze_arm	227.0
4097.727	7.003999999999905	epochs															feedback_and_iti	227.0
4097.727	0.994499999999789	epochs															feedback_delay	227.0
4098.74225	1.9669999999996435	epochs															feedback	227.0
4100.74925	3.98174999999992	epochs															iti	227.0
4104.7515	9.699749999999767	epochs															maze	228.0
4104.7515	8.017499999999927	epochs															maze_stem	228.0
4104.76975	16.73199999999997	trials	True	False	False	True	True	False	[0.10928977 0.89071018 0.05609517 0.94390488]	0.053194647654891014	0.8346150573343039	0.02659735083580017	0.4173075258731842	0.9439048767089844	[23745 23745 23745 23744 23744]	[23802 23802 23802 23802 23801]		
4112.78975	1.66150000000016	epochs															maze_arm	228.0
4114.47	7.011499999999614	epochs															feedback_and_iti	228.0
4114.47	0.9924999999993815	epochs															feedback_delay	228.0
4115.482	1.975749999999607	epochs															feedback	228.0
4117.49775	3.983749999999418	epochs															iti	228.0
4121.50175	8.106999999999971	epochs															maze	229.0
4121.50175	6.36974999999984	epochs															maze_stem	229.0
4121.52275	15.139750000000276	trials	True	False	False	True	True	False	[0.09691296 0.90308702 0.04738029 0.95261967]	0.04953266121447086	0.8557067234069109	0.02476632595062256	0.4278533458709717	0.9526196718215942	[23845 23845 23845 23845 23845]	[23893 23893 23893 23892 23892]		
4127.8935	1.7152500000001965	epochs															maze_arm	229.0
4129.62875	7.012249999999767	epochs															feedback_and_iti	229.0
4129.62875	0.9960000000000946	epochs															feedback_delay	229.0
4130.645	1.9657499999993888	epochs															feedback	229.0
4132.648	3.9929999999994834	epochs															iti	229.0
4136.6625	7.890999999999622	epochs															maze	230.0
4136.6625	6.6157499999999345	epochs															maze_stem	230.0
4136.68325	13.085250000000087	trials	False	False	False	False	True	True	[0.10697695 0.89302307 0.0489252  0.95107478]	0.05805172771215439	0.8440978527069092	-0.0290258526802063	0.4220489263534546	0.8930230736732483	[23936 23936 23936 23936 23936]	[23983 23982 23982 23982 23982]		
4143.299	1.2545000000000073	epochs															maze_arm	230.0
4144.572	5.17699999999968	epochs															feedback_and_iti	230.0
4144.572	0.9902499999998327	epochs															feedback_delay	230.0
4145.586	1.9772499999999127	epochs															feedback	230.0
4147.76275	1.9862499999999272	epochs															iti	230.0
4149.7685	11.859999999999673	epochs															maze	231.0
4149.7685	8.036000000000058	epochs															maze_stem	231.0
4149.789	17.071249999999964	trials	True	False	False	False	True	True	[0.0673085  0.93269151 0.05116643 0.94883353]	0.016142042353749275	0.8815250564366579	-0.00807100534439087	0.4407625198364258	0.9326915144920349	[24015 24015 24014 24014 24014]	[24085 24085 24085 24084 24084]		
4157.82725	3.801249999999527	epochs															maze_arm	231.0
4161.65	5.187750000000051	epochs															feedback_and_iti	231.0
4161.65	0.9887500000004366	epochs															feedback_delay	231.0
4162.659	1.9812500000007276	epochs															feedback	231.0
4164.844	1.9937499999996362	epochs															iti	231.0
4166.86025	9.598250000000007	epochs															maze	232.0
4166.86025	7.9392500000003565	epochs															maze_stem	232.0
4166.883	14.803499999999985	trials	False	False	False	False	True	True	[0.07415551 0.92584443 0.06582709 0.93417287]	0.008328430354595184	0.8600173518061638	-0.004164218902587891	0.4300086498260498	0.9258444309234619	[24117 24117 24117 24117 24117]	[24174 24174 24174 24173 24173]		
4174.81975	1.6387500000000728	epochs															maze_arm	232.0
4176.47975	5.181499999999687	epochs															feedback_and_iti	232.0
4176.47975	0.9894999999996799	epochs															feedback_delay	232.0
4177.4915	1.97649999999976	epochs															feedback	232.0
4179.66125	2.0	epochs															iti	232.0
4181.6865	9.00275000000056	epochs															maze	233.0
4181.6865	7.072250000000167	epochs															maze_stem	233.0
4181.70825	14.207750000000487	trials	False	False	False	False	True	True	[0.04210752 0.95789242 0.06357273 0.93642724]	-0.021465197205543518	0.8943197056651115	0.010732591152191162	0.4471598267555237	0.9578924179077148	[24206 24206 24206 24206 24206]	[24259 24259 24259 24259 24259]		
4188.7805	1.9087500000005093	epochs															maze_arm	233.0
4190.7095	5.184250000000247	epochs															feedback_and_iti	233.0
4190.7095	0.9864999999999782	epochs															feedback_delay	233.0
4191.71625	1.9804999999996653	epochs															feedback	233.0
4193.89975	1.9940000000005966	epochs															iti	233.0
4195.916	11.935499999999593	epochs															maze	234.0
4195.916	7.64850000000024	epochs															maze_stem	234.0
4195.937	17.13274999999976	trials	True	False	False	False	True	True	[0.04210803 0.957892   0.07600824 0.92399174]	-0.03390023484826088	0.8818837366998196	0.016950130462646484	0.44094187021255493	0.9578920006752014	[24292 24291 24291 24291 24291]	[24362 24362 24362 24362 24361]		
4203.588	4.263500000000022	epochs															maze_arm	234.0
4207.87075	5.180000000000291	epochs															feedback_and_iti	234.0
4207.87075	0.9994999999998981	epochs															feedback_delay	234.0
4208.8905	1.9724999999998545	epochs															feedback	234.0
4211.05275	1.998000000000502	epochs															iti	234.0
4213.06975	11.2162500000004	epochs															maze	235.0
4213.06975	7.942000000000007	epochs															maze_stem	235.0
4213.08975	16.410750000000007	trials	True	False	False	False	True	True	[0.05921309 0.9407869  0.08093774 0.9190622 ]	-0.021724672988057137	0.8598491344600916	0.010862350463867188	0.42992454767227173	0.9407868981361389	[24395 24394 24394 24394 24394]	[24461 24461 24460 24460 24460]		
4221.03325	3.2527499999996508	epochs															maze_arm	235.0
4224.306	5.173750000000837	epochs															feedback_and_iti	235.0
4224.306	0.9817500000008295	epochs															feedback_delay	235.0
4225.30725	1.993000000000393	epochs															feedback	235.0
4227.49375	1.9860000000007858	epochs															iti	235.0
4229.5005	12.112500000000182	epochs															maze	236.0
4229.5005	9.026499999999942	epochs															maze_stem	236.0
4229.5205	17.314250000000357	trials	True	False	False	False	True	True	[0.06044091 0.9395591  0.07952016 0.92047983]	-0.019079258665442467	0.8600389342755079	0.009539633989334106	0.43001946806907654	0.9395591020584106	[24493 24493 24493 24492 24492]	[24565 24565 24564 24564 24564]		
4238.5465	3.0664999999999054	epochs															maze_arm	236.0
4241.635	5.179000000000087	epochs															feedback_and_iti	236.0
4241.635	0.9842499999995198	epochs															feedback_delay	236.0
4242.639	1.9902499999998327	epochs															feedback	236.0
4244.83025	1.9837500000003274	epochs															iti	236.0
4246.83475	9.479500000000371	epochs															maze	237.0
4246.83475	6.763500000000022	epochs															maze_stem	237.0
4246.856	14.701500000000124	trials	False	False	False	False	True	True	[0.06307803 0.93692195 0.07949717 0.92050284]	-0.016419123858213425	0.8574247993528843	0.008209556341171265	0.428712397813797	0.9369219541549683	[24597 24597 24597 24596 24596]	[24653 24653 24652 24652 24652]		
4253.61825	2.6959999999999127	epochs															maze_arm	237.0
4256.3345	5.20049999999992	epochs															feedback_and_iti	237.0
4256.3345	0.9932500000004438	epochs															feedback_delay	237.0
4257.34875	1.986750000000029	epochs															feedback	237.0
4259.54	1.9949999999998909	epochs															iti	237.0
4261.5575	9.17950000000019	epochs															maze	238.0
4261.5575	6.675000000000182	epochs															maze_stem	238.0
4261.578	16.21349999999984	trials	False	False	False	True	True	False	[0.03936398 0.96063602 0.07180095 0.92819905]	-0.03243696689605713	0.888835072517395	-0.016218483448028564	0.4444175362586975	0.928199052810669	[24685 24685 24685 24685 24684]	[24739 24739 24739 24739 24739]		
4268.253	2.4840000000003783	epochs															maze_arm	238.0
4270.75925	7.010750000000371	epochs															feedback_and_iti	238.0
4270.75925	0.9922500000002401	epochs															feedback_delay	238.0
4271.771	1.9765000000006694	epochs															feedback	238.0
4273.78775	3.982250000000022	epochs															iti	238.0
4277.7915	8.547249999999622	epochs															maze	239.0
4277.7915	6.571249999999964	epochs															maze_stem	239.0
4277.81225	15.594500000000153	trials	False	False	False	True	True	False	[0.11614767 0.8838523  0.07576021 0.92423975]	0.04038745537400246	0.8080920912325382	0.02019372582435608	0.40404602885246277	0.9242397546768188	[24783 24782 24782 24782 24782]	[24833 24833 24833 24832 24832]		
4284.3835	1.9552499999999782	epochs															maze_arm	239.0
4286.359	7.027000000000044	epochs															feedback_and_iti	239.0
4286.359	0.9822500000000218	epochs															feedback_delay	239.0
4287.36425	1.98700000000008	epochs															feedback	239.0
4289.3905	3.9954999999999927	epochs															iti	239.0
4293.40675	7.551249999999527	epochs															maze	240.0
4293.40675	5.944749999999658	epochs															maze_stem	240.0
4293.42725	14.584749999999985	trials	False	False	False	True	True	False	[0.08492614 0.91507381 0.06634279 0.93365729]	0.01858340948820114	0.8487310856580734	0.009291738271713257	0.4243655502796173	0.9336572885513306	[24876 24876 24876 24876 24875]	[24921 24920 24920 24920 24920]		
4299.37125	1.5867499999994834	epochs															maze_arm	240.0
4300.97825	7.013249999999971	epochs															feedback_and_iti	240.0
4300.97825	0.9875000000001819	epochs															feedback_delay	240.0
4301.98725	1.9802499999996144	epochs															feedback	240.0
4304.0095	3.981999999999971	epochs															iti	240.0
4308.012	7.456750000000284	epochs															maze	241.0
4308.012	5.657250000000204	epochs															maze_stem	241.0
4308.03275	14.49749999999949	trials	False	False	False	True	True	False	[0.08851928 0.91148072 0.07108318 0.92891687]	0.01743612438440323	0.8403975665569305	0.00871807336807251	0.42019879817962646	0.928916871547699	[24964 24964 24963 24963 24963]	[25008 25007 25007 25007 25007]		
4313.691	1.7777500000001965	epochs															maze_arm	241.0
4315.48975	7.017499999999927	epochs															feedback_and_iti	241.0
4315.48975	0.9932500000004438	epochs															feedback_delay	241.0
4316.5065	1.9724999999998545	epochs															feedback	241.0
4318.518	3.989249999999629	epochs															iti	241.0
4322.53025	8.543499999999767	epochs															maze	242.0
4322.53025	6.700749999999971	epochs															maze_stem	242.0
4322.5515	15.58850000000075	trials	True	False	False	True	True	False	[0.08971837 0.91028166 0.0749295  0.92507052]	0.014788869768381119	0.8353521563112736	0.00739443302154541	0.41767609119415283	0.9250705242156982	[25051 25051 25051 25050 25050]	[25101 25101 25101 25101 25100]		
4329.2505	1.8232499999994616	epochs															maze_arm	242.0
4331.09425	7.024999999999636	epochs															feedback_and_iti	242.0
4331.09425	0.9970000000002983	epochs															feedback_delay	242.0
4332.11175	1.979500000000371	epochs															feedback	242.0
4334.13175	3.987500000000182	epochs															iti	242.0
4338.14	8.472499999999854	epochs															maze	243.0
4338.14	6.561999999999898	epochs															maze_stem	243.0
4338.16075	15.50525000000016	trials	True	False	False	True	True	False	[0.08398339 0.91601658 0.06026433 0.93973571]	0.023719094693660736	0.8557522818446159	0.01185956597328186	0.42787614464759827	0.9397357106208801	[25145 25144 25144 25144 25144]	[25194 25194 25194 25194 25194]		
4344.72025	1.8922499999998763	epochs															maze_arm	243.0
4346.63375	7.013750000000073	epochs															feedback_and_iti	243.0
4346.63375	0.9962500000001455	epochs															feedback_delay	243.0
4347.6495	1.970999999999549	epochs															feedback	243.0
4349.6585	3.9890000000004875	epochs															iti	243.0
4353.666	8.08324999999968	epochs															maze	244.0
4353.666	6.148250000000189	epochs															maze_stem	244.0
4353.686	15.128749999999854	trials	True	False	False	True	True	False	[0.11267968 0.88732028 0.07091556 0.92908448]	0.04176415875554085	0.8164047561585903	0.020882099866867065	0.4082023799419403	0.9290844798088074	[25238 25237 25237 25237 25237]	[25285 25285 25285 25285 25284]		
4359.834	1.9152500000000146	epochs															maze_arm	244.0
4361.76875	7.026249999999891	epochs															feedback_and_iti	244.0
4361.76875	0.9892499999996289	epochs															feedback_delay	244.0
4362.778	1.9864999999999782	epochs															feedback	244.0
4364.802	3.993000000000393	epochs															iti	244.0
4368.81475	6.464000000000851	epochs															maze	245.0
4368.81475	4.76050000000032	epochs															maze_stem	245.0
4368.83525	13.514500000000226	trials	True	False	False	True	True	False	[0.07357013 0.92642981 0.04572003 0.95428002]	0.027850156649947166	0.880709832534194	0.013925105333328247	0.4403549134731293	0.9542800188064575	[25328 25328 25328 25328 25328]	[25366 25366 25366 25366 25366]		
4373.5945	1.6842500000002474	epochs															maze_arm	245.0
4375.29825	7.031750000000102	epochs															feedback_and_iti	245.0
4375.29825	0.9965000000001965	epochs															feedback_delay	245.0
4376.314	1.983749999999418	epochs															feedback	245.0
4378.335	3.994999999999891	epochs															iti	245.0
4382.34975	8.061749999999847	epochs															maze	246.0
4382.34975	6.3784999999998035	epochs															maze_stem	246.0
4382.3705	15.110249999999724	trials	True	False	False	True	True	False	[0.10080317 0.8991968  0.05521413 0.94478583]	0.045589033514261246	0.843982670456171	0.022794514894485474	0.4219913184642792	0.9447858333587646	[25410 25409 25409 25409 25409]	[25457 25457 25457 25456 25456]		
4388.7495	1.662000000000262	epochs															maze_arm	246.0
4390.433	7.0275000000001455	epochs															feedback_and_iti	246.0
4390.433	0.9952499999999418	epochs															feedback_delay	246.0
4391.449	1.9822500000000218	epochs															feedback	246.0
4393.46625	3.994249999999738	epochs															iti	246.0
4397.48075	8.182000000000698	epochs															maze	247.0
4397.48075	6.669750000000022	epochs															maze_stem	247.0
4397.502	15.225749999999607	trials	True	False	False	True	True	False	[0.07185788 0.92814213 0.03892675 0.96107328]	0.032931137830019	0.8892153911292553	0.016465574502944946	0.4446077048778534	0.9610732793807983	[25500 25500 25500 25500 25500]	[25548 25548 25548 25548 25548]		
4404.17025	1.492500000000291	epochs															maze_arm	247.0
4405.684	7.021499999999833	epochs															feedback_and_iti	247.0
4405.684	0.9902499999998327	epochs															feedback_delay	247.0
4406.69475	1.9842500000004293	epochs															feedback	247.0
4408.7235	3.981999999999971	epochs															iti	247.0
4412.72775	10.954749999999876	epochs															maze	248.0
4412.72775	9.132249999999658	epochs															maze_stem	248.0
4412.748	18.00275000000056	trials	True	False	False	True	True	False	[0.09411652 0.90588349 0.0464684  0.95353156]	0.047648098319768906	0.85941506549716	0.023824036121368408	0.42970752716064453	0.9535315632820129	[25592 25592 25591 25591 25591]	[25657 25656 25656 25656 25656]		
4421.88	1.8024999999997817	epochs															maze_arm	248.0
4423.70375	7.025250000000597	epochs															feedback_and_iti	248.0
4423.70375	0.9977500000004511	epochs															feedback_delay	248.0
4424.721	1.9782500000001164	epochs															feedback	248.0
4426.73675	3.99225000000024	epochs															iti	248.0
4430.75075	8.486499999999978	epochs															maze	249.0
4430.75075	6.673499999999876	epochs															maze_stem	249.0
4430.76975	15.518499999999221	trials	True	False	False	True	True	False	[0.07155725 0.92844272 0.0350102  0.96498978]	0.036547061055898666	0.8934325240552425	0.018273532390594482	0.4467162489891052	0.9649897813796997	[25700 25700 25699 25699 25699]	[25750 25750 25749 25749 25749]		
4437.44525	1.792000000000371	epochs															maze_arm	249.0
4439.258	7.008499999999913	epochs															feedback_and_iti	249.0
4439.258	0.9960000000000946	epochs															feedback_delay	249.0
4440.27175	1.9729999999999563	epochs															feedback	249.0
4442.28325	3.983249999999316	epochs															iti	249.0
4446.28825	8.30200000000059	epochs															maze	250.0
4446.28825	6.623000000000502	epochs															maze_stem	250.0
4446.31	15.339249999999993	trials	True	False	False	True	True	False	[0.08977636 0.9102236  0.04103781 0.9589622 ]	0.048738572746515274	0.8691858164966106	0.02436929941177368	0.4345929026603699	0.9589622020721436	[25793 25793 25793 25792 25792]	[25842 25842 25842 25841 25841]		
4452.9315	1.6587500000005093	epochs															maze_arm	250.0
4454.60975	7.01825000000008	epochs															feedback_and_iti	250.0
4454.60975	0.9954999999999927	epochs															feedback_delay	250.0
4455.62425	1.974250000000211	epochs															feedback	250.0
4457.635	3.9929999999994834	epochs															iti	250.0
4461.64925	7.140749999999571	epochs															maze	251.0
4461.64925	5.591249999999491	epochs															maze_stem	251.0
4461.6685	14.184250000000247	trials	True	False	False	True	True	False	[0.07162667 0.92837334 0.03252025 0.96747977]	0.039106423035264015	0.8958530891686678	0.01955321431159973	0.4479265511035919	0.9674797654151917	[25885 25885 25885 25885 25884]	[25927 25927 25927 25926 25926]		
4467.26025	1.5297499999996944	epochs															maze_arm	251.0
4468.8115	7.018500000000131	epochs															feedback_and_iti	251.0
4468.8115	1.000250000000051	epochs															feedback_delay	251.0
4469.8325	1.9714999999996508	epochs															feedback	251.0
4471.84225	3.987750000000233	epochs															iti	251.0
4475.85275	7.484499999999571	epochs															maze	252.0
4475.85275	5.440749999999753	epochs															maze_stem	252.0
4475.8725	14.514499999999316	trials	False	False	False	True	True	False	[0.08667102 0.91332901 0.03741188 0.96258813]	0.049259135499596596	0.8759171161800623	0.024629563093185425	0.43795856833457947	0.9625881314277649	[25970 25970 25970 25970 25970]	[26014 26014 26014 26014 26014]		
4481.316	2.0212499999997817	epochs															maze_arm	252.0
4483.35825	7.007499999999709	epochs															feedback_and_iti	252.0
4483.35825	0.9924999999993815	epochs															feedback_delay	252.0
4484.37075	1.9692500000001019	epochs															feedback	252.0
4486.403	3.962749999999687	epochs															iti	252.0
4490.387	7.235000000000582	epochs															maze	253.0
4490.387	5.423499999999876	epochs															maze_stem	253.0
4490.40775	14.308500000000095	trials	False	False	False	True	True	False	[0.07000627 0.92999375 0.04035766 0.95964235]	0.02964860200881958	0.8896360844373703	0.01482430100440979	0.44481804966926575	0.9596423506736755	[26058 26057 26057 26057 26057]	[26100 26100 26100 26099 26099]		
4495.8305	1.7915000000002692	epochs															maze_arm	253.0
4497.6435	7.050999999999476	epochs															feedback_and_iti	253.0
4497.6435	0.992500000000291	epochs															feedback_delay	253.0
4498.65925	1.9812500000007276	epochs															feedback	253.0
4500.67825	4.016249999999673	epochs															iti	253.0
4504.71625	7.975999999999658	epochs															maze	254.0
4504.71625	6.423249999999825	epochs															maze_stem	254.0
4504.7375	15.005500000000211	trials	False	False	False	True	True	False	[0.07029275 0.92970723 0.04431465 0.95568544]	0.025978155434131622	0.8853926360607147	0.0129891037940979	0.44269633293151855	0.9556854367256165	[26143 26143 26143 26143 26143]	[26190 26190 26190 26190 26190]		
4511.16125	1.530999999999949	epochs															maze_arm	254.0
4512.7135	7.008249999999862	epochs															feedback_and_iti	254.0
4512.7135	0.9935000000004948	epochs															feedback_delay	254.0
4513.72875	1.9662499999994907	epochs															feedback	254.0
4515.73375	3.9879999999993743	epochs															iti	254.0
4519.743	8.064499999999498	epochs															maze	255.0
4519.743	6.420499999999265	epochs															maze_stem	255.0
4519.76525	15.090749999999389	trials	False	False	False	True	True	False	[0.07027141 0.92972857 0.04702546 0.95297456]	0.02324596792459488	0.8827031254768372	0.011622995138168335	0.4413515627384186	0.9529745578765869	[26234 26233 26233 26233 26233]	[26281 26281 26281 26280 26280]		
4526.1855	1.6220000000002983	epochs															maze_arm	255.0
4527.82575	7.008499999999913	epochs															feedback_and_iti	255.0
4527.82575	0.9902499999998327	epochs															feedback_delay	255.0
4528.8375	1.9735000000000582	epochs															feedback	255.0
4530.853	3.981249999999818	epochs															iti	255.0
4534.856	9.079000000000633	epochs															maze	256.0
4534.856	7.330500000000029	epochs															maze_stem	256.0
4534.87575	16.106249999999818	trials	False	False	False	True	True	False	[0.07050046 0.92949957 0.04988766 0.95011228]	0.02061275579035282	0.8796118665486574	0.010306358337402344	0.43980592489242554	0.9501122832298279	[26324 26324 26324 26324 26323]	[26378 26377 26377 26377 26377]		
4542.2075	1.7274999999999636	epochs															maze_arm	256.0
4543.95675	7.004249999999956	epochs															feedback_and_iti	256.0
4543.95675	0.9937499999996362	epochs															feedback_delay	256.0
4544.96975	1.96875	epochs															feedback	256.0
4546.97875	3.982250000000022	epochs															iti	256.0
4550.982	9.422499999999673	epochs															maze	257.0
4550.982	7.911750000000211	epochs															maze_stem	257.0
4551.00275	16.465250000000196	trials	False	False	False	True	True	False	[0.07078455 0.92921549 0.05283857 0.94716144]	0.017945963889360428	0.8763769008219242	0.008972972631454468	0.43818846344947815	0.9471614360809326	[26421 26421 26420 26420 26420]	[26476 26476 26476 26476 26476]		
4558.9145	1.4899999999997817	epochs															maze_arm	257.0
4560.424	7.0222499999999854	epochs															feedback_and_iti	257.0
4560.424	0.9877500000002328	epochs															feedback_delay	257.0
4561.43275	1.9774999999999636	epochs															feedback	257.0
4563.451	3.995249999999942	epochs															iti	257.0
4567.468	8.042500000000473	epochs															maze	258.0
4567.468	6.5	epochs															maze_stem	258.0
4567.489	15.07275000000027	trials	True	False	False	True	True	False	[0.07107871 0.92892128 0.05577172 0.94422829]	0.015307001769542694	0.873149573802948	0.0076535046100616455	0.436574786901474	0.9442282915115356	[26520 26520 26519 26519 26519]	[26567 26567 26567 26566 26566]		
4573.9895	1.5210000000006403	epochs															maze_arm	258.0
4575.5315	7.007499999999709	epochs															feedback_and_iti	258.0
4575.5315	0.9987499999997453	epochs															feedback_delay	258.0
4576.55125	1.9607499999992797	epochs															feedback	258.0
4578.573	3.9659999999994398	epochs															iti	258.0
4582.56175	8.881500000000415	epochs															maze	259.0
4582.56175	7.180750000000444	epochs															maze_stem	259.0
4582.58525	14.084499999999935	trials	False	False	False	False	True	True	[0.06501464 0.93498534 0.0427425  0.95725745]	0.022272123023867607	0.8922428246587515	-0.011136054992675781	0.4461213946342468	0.934985339641571	[26610 26610 26610 26610 26609]	[26663 26662 26662 26662 26662]		
4589.76375	1.6795000000001892	epochs															maze_arm	259.0
4591.4645	5.1857499999996435	epochs															feedback_and_iti	259.0
4591.4645	0.9949999999998909	epochs															feedback_delay	259.0
4592.48	1.9780000000000655	epochs															feedback	259.0
4594.6575	1.9927499999994325	epochs															iti	259.0
4596.66975	11.389250000000175	epochs															maze	260.0
4596.66975	8.842999999999847	epochs															maze_stem	260.0
4596.69125	16.578999999999724	trials	False	False	False	False	True	True	[0.05328448 0.94671553 0.05580007 0.94419992]	-0.002515604719519615	0.8909154515713453	0.0012578070163726807	0.44545772671699524	0.9467155337333679	[26695 26695 26694 26694 26694]	[26762 26762 26762 26762 26761]		
4605.5345	2.524500000000444	epochs															maze_arm	260.0
4608.07925	5.1710000000002765	epochs															feedback_and_iti	260.0
4608.07925	0.9994999999998981	epochs															feedback_delay	260.0
4609.10075	1.96100000000024	epochs															feedback	260.0
4611.25475	1.9954999999999927	epochs															iti	260.0
4613.27025	8.5262500000008	epochs															maze	261.0
4613.27025	5.569500000000517	epochs															maze_stem	261.0
4613.2925	13.722000000000662	trials	False	False	False	False	True	True	[0.04352768 0.95647228 0.06582113 0.93417889]	-0.022293418645858765	0.8906511813402176	0.011146694421768188	0.4453255832195282	0.9564722776412964	[26794 26794 26794 26794 26794]	[26845 26844 26844 26844 26844]		
4618.86225	2.9342500000002474	epochs															maze_arm	261.0
4621.81675	5.177249999999731	epochs															feedback_and_iti	261.0
4621.81675	0.9835000000002765	epochs															feedback_delay	261.0
4622.8195	1.9937500000005457	epochs															feedback	261.0
4625.013	1.9809999999997672	epochs															iti	261.0
4627.0145	8.970749999999498	epochs															maze	262.0
4627.0145	7.241750000000138	epochs															maze_stem	262.0
4627.0345	16.030749999999898	trials	True	False	False	True	True	False	[0.03602235 0.96397769 0.06974543 0.93025458]	-0.033723099157214165	0.8942322488874197	-0.016861557960510254	0.4471161365509033	0.9302545785903931	[26877 26877 26876 26876 26876]	[26930 26929 26929 26929 26929]		
4634.276	1.7092499999998836	epochs															maze_arm	262.0
4636.00475	7.03899999999976	epochs															feedback_and_iti	262.0
4636.00475	0.9907499999999345	epochs															feedback_delay	262.0
4637.0155	1.989249999999629	epochs															feedback	262.0
4639.0425	4.001250000000255	epochs															iti	262.0
4643.06525	8.19000000000051	epochs															maze	263.0
4643.06525	6.381250000000364	epochs															maze_stem	263.0
4643.087	15.228749999999309	trials	True	False	False	True	True	False	[0.04350561 0.95649439 0.03914908 0.96085089]	0.004356514662504196	0.9173453003168106	0.0021782517433166504	0.4586726427078247	0.9608508944511414	[26973 26973 26973 26972 26972]	[27021 27021 27021 27021 27020]		
4649.4685	1.786750000000211	epochs															maze_arm	263.0
4651.27375	7.021499999999833	epochs															feedback_and_iti	263.0
4651.27375	0.9882499999994252	epochs															feedback_delay	263.0
4652.28325	1.9789999999993597	epochs															feedback	263.0
4654.303	3.99225000000024	epochs															iti	263.0
4658.31575	7.769000000000233	epochs															maze	264.0
4658.31575	5.878250000000662	epochs															maze_stem	264.0
4658.336	12.97899999999936	trials	True	False	False	False	True	True	[0.06583519 0.93416476 0.04922926 0.95077068]	0.0166059210896492	0.8849354907870293	-0.008302956819534302	0.44246771931648254	0.9341647624969482	[27065 27064 27064 27064 27064]	[27110 27110 27110 27110 27109]		
4664.21475	1.8699999999998909	epochs															maze_arm	264.0
4666.106	5.186999999999898	epochs															feedback_and_iti	264.0
4666.106	0.998250000000553	epochs															feedback_delay	264.0
4667.12225	1.978249999999207	epochs															feedback	264.0
4669.3015	1.9915000000000873	epochs															iti	264.0
4671.315	10.979750000000422	epochs															maze	265.0
4671.315	8.782750000000306	epochs															maze_stem	265.0
4671.337	18.024499999999534	trials	False	False	False	True	True	False	[0.04585073 0.95414925 0.04857914 0.95142084]	-0.0027284082025289536	0.9055701103061438	-0.001364201307296753	0.45278504490852356	0.9514208436012268	[27142 27142 27142 27142 27142]	[27207 27207 27207 27207 27207]		
4680.11875	2.1760000000003856	epochs															maze_arm	265.0
4682.31475	7.02350000000024	epochs															feedback_and_iti	265.0
4682.31475	0.9945000000006985	epochs															feedback_delay	265.0
4683.33125	1.9752499999995052	epochs															feedback	265.0
4685.34575	3.9924999999993815	epochs															iti	265.0
4689.3615	7.070999999999913	epochs															maze	266.0
4689.3615	5.455500000000029	epochs															maze_stem	266.0
4689.3825	14.099750000000313	trials	False	False	False	True	True	False	[0.06443296 0.93556702 0.0702265  0.92977351]	-0.005793523043394089	0.8653405345976353	-0.0028967559337615967	0.4326702654361725	0.9297735095024109	[27251 27251 27250 27250 27250]	[27292 27292 27292 27292 27291]		
4694.8395	1.5929999999998472	epochs															maze_arm	266.0
4696.4525	7.0090000000000146	epochs															feedback_and_iti	266.0
4696.4525	0.9894999999996799	epochs															feedback_delay	266.0
4697.46275	1.9702500000003056	epochs															feedback	266.0
4699.4705	3.9909999999999854	epochs															iti	266.0
4703.48225	6.874249999999847	epochs															maze	267.0
4703.48225	5.350250000000415	epochs															maze_stem	267.0
4703.5035	13.909999999999854	trials	False	False	False	True	True	False	[0.0502915  0.94970852 0.06171039 0.93828958]	-0.011418916285037994	0.887998104095459	-0.005709469318389893	0.4439990520477295	0.9382895827293396	[27335 27335 27335 27335 27335]	[27376 27375 27375 27375 27375]		
4708.85375	1.5027499999996508	epochs															maze_arm	267.0
4710.37625	7.015749999999571	epochs															feedback_and_iti	267.0
4710.37625	0.9822500000000218	epochs															feedback_delay	267.0
4711.38075	1.9780000000000655	epochs															feedback	267.0
4713.39675	3.995249999999942	epochs															iti	267.0
4717.4135	6.785499999999956	epochs															maze	268.0
4717.4135	4.927500000000691	epochs															maze_stem	268.0
4717.435	13.818749999999454	trials	False	False	False	True	True	False	[0.05103847 0.9489615  0.06331081 0.9366892 ]	-0.012272320687770844	0.885650709271431	-0.006136149168014526	0.4428253471851349	0.9366891980171204	[27419 27419 27419 27418 27418]	[27459 27458 27458 27458 27458]		
4722.36175	1.8372499999995853	epochs															maze_arm	268.0
4724.22025	7.011749999999665	epochs															feedback_and_iti	268.0
4724.22025	0.9997499999999491	epochs															feedback_delay	268.0
4725.242	1.9605000000001382	epochs															feedback	268.0
4727.242	3.9899999999997817	epochs															iti	268.0
4731.25375	7.4155000000000655	epochs															maze	269.0
4731.25375	5.720000000000255	epochs															maze_stem	269.0
4731.2745	14.459499999999935	trials	False	False	False	True	True	False	[0.05222538 0.94777459 0.06552856 0.93447143]	-0.01330316998064518	0.8822460416704416	-0.006651580333709717	0.44112300872802734	0.9344714283943176	[27502 27502 27502 27501 27501]	[27545 27545 27545 27545 27545]		
4736.994	1.6752500000002328	epochs															maze_arm	269.0
4738.689	7.023000000000138	epochs															feedback_and_iti	269.0
4738.689	0.9969999999993888	epochs															feedback_delay	269.0
4739.707	1.976249999999709	epochs															feedback	269.0
4741.72275	3.9892500000005384	epochs															iti	269.0
4745.734	7.703249999999571	epochs															maze	270.0
4745.734	6.232999999999265	epochs															maze_stem	270.0
4745.755	14.741250000000036	trials	False	False	False	True	True	False	[0.05292376 0.9470762  0.0671462  0.93285382]	-0.014222411438822746	0.8799300324171782	-0.007111191749572754	0.43996500968933105	0.9328538179397583	[27589 27589 27588 27588 27588]	[27634 27634 27634 27633 27633]		
4751.98925	1.4480000000003201	epochs															maze_arm	270.0
4753.45925	7.016000000000531	epochs															feedback_and_iti	270.0
4753.45925	0.9857499999998254	epochs															feedback_delay	270.0
4754.46525	1.9842499999995198	epochs															feedback	270.0
4756.4905	3.984750000000531	epochs															iti	270.0
4760.49625	7.5460000000002765	epochs															maze	271.0
4760.49625	5.973250000000007	epochs															maze_stem	271.0
4760.5175	14.587749999999687	trials	False	False	False	True	True	False	[0.0536662  0.94633383 0.06863062 0.93136936]	-0.01496444083750248	0.8777031842619181	-0.0074822306632995605	0.43885159492492676	0.9313693642616272	[27677 27677 27677 27677 27676]	[27722 27721 27721 27721 27721]		
4766.4895	1.5527500000007421	epochs															maze_arm	271.0
4768.06325	7.020999999999731	epochs															feedback_and_iti	271.0
4768.06325	0.9862499999999272	epochs															feedback_delay	271.0
4769.07	1.9882500000003347	epochs															feedback	271.0
4771.09775	3.986499999999978	epochs															iti	271.0
4775.10525	8.012250000000677	epochs															maze	272.0
4775.10525	6.342750000000706	epochs															maze_stem	272.0
4775.12475	13.22375000000011	trials	False	False	False	False	True	True	[0.0544211  0.94557893 0.06997733 0.93002266]	-0.015556251630187035	0.8756015803664923	0.007778137922286987	0.437800794839859	0.945578932762146	[27765 27765 27765 27764 27764]	[27812 27812 27812 27811 27811]		
4781.46925	1.6482500000001892	epochs															maze_arm	272.0
4783.1405	5.185249999999542	epochs															feedback_and_iti	272.0
4783.1405	0.9862499999999272	epochs															feedback_delay	272.0
4784.148	1.9852499999997235	epochs															feedback	272.0
4786.33325	1.992500000000291	epochs															iti	272.0
4788.3485	11.522249999999985	epochs															maze	273.0
4788.3485	8.543499999999767	epochs															maze_stem	273.0
4788.36875	16.720500000000357	trials	True	False	False	False	True	True	[0.04438467 0.95561528 0.07370268 0.92629737]	-0.029317963868379593	0.8819126524031162	0.014658957719802856	0.44095632433891296	0.9556152820587158	[27844 27844 27844 27844 27844]	[27912 27912 27912 27912 27912]		
4796.9125	2.95824999999968	epochs															maze_arm	273.0
4799.89025	5.176749999999629	epochs															feedback_and_iti	273.0
4799.89025	0.9984999999996944	epochs															feedback_delay	273.0
4800.91075	1.97649999999976	epochs															feedback	273.0
4803.08675	1.9802499999996144	epochs															iti	273.0
4805.08925	12.505750000000262	epochs															maze	274.0
4805.08925	9.121000000000095	epochs															maze_stem	274.0
4805.1115	19.55174999999963	trials	False	False	False	True	True	False	[0.0620732  0.93792677 0.09530143 0.90469861]	-0.03322819620370865	0.8426253721117973	-0.016614079475402832	0.42131268978118896	0.9046986103057861	[27945 27945 27944 27944 27944]	[28019 28019 28018 28018 28018]		
4814.23125	3.3637500000004366	epochs															maze_arm	274.0
4817.6165	7.025499999999738	epochs															feedback_and_iti	274.0
4817.6165	0.992500000000291	epochs															feedback_delay	274.0
4818.62775	1.9810000000006767	epochs															feedback	274.0
4820.64675	3.995249999999942	epochs															iti	274.0
4824.66325	9.67700000000059	epochs															maze	275.0
4824.66325	6.8090000000001965	epochs															maze_stem	275.0
4824.6855	16.712000000000444	trials	False	True	True	False	True	False	[0.07016369 0.92983627 0.08732528 0.91267473]	-0.017161570489406586	0.8425110131502151	0.008580774068832397	0.421255499124527	0.9298362731933594	[28062 28062 28062 28061 28061]	[28119 28119 28119 28119 28118]		
4831.49325	2.8469999999997526	epochs															maze_arm	275.0
4834.3615	7.0145000000002256	epochs															feedback_and_iti	275.0
4834.3615	0.9920000000001892	epochs															feedback_delay	275.0
4835.38225	1.961500000000342	epochs															feedback	275.0
4837.386	3.9899999999997817	epochs															iti	275.0
4841.3975	11.188500000000204	epochs															maze	276.0
4841.3975	8.316749999999956	epochs															maze_stem	276.0
4841.41875	16.39599999999973	trials	True	True	False	True	True	True	[0.09187973 0.90812021 0.06837616 0.93162382]	0.023503582924604416	0.839744072407484	0.011751800775527954	0.4198720157146454	0.9316238164901733	[28162 28162 28162 28162 28162]	[28229 28228 28228 28228 28228]		
4849.734	2.8519999999998618	epochs															maze_arm	276.0
4852.6065	5.185999999999694	epochs															feedback_and_iti	276.0
4852.6065	0.9942499999997381	epochs															feedback_delay	276.0
4853.62325	1.9805000000005748	epochs															feedback	276.0
4855.812	1.9804999999996653	epochs															iti	276.0
4857.81475	11.913500000000568	epochs															maze	277.0
4857.81475	8.649500000000444	epochs															maze_stem	277.0
4857.83525	17.11175000000003	trials	True	True	False	True	True	True	[0.04740418 0.95259577 0.05572721 0.94427282]	-0.00832299329340458	0.8968685958534479	-0.004161477088928223	0.4484342932701111	0.9442728161811829	[28261 28261 28260 28260 28260]	[28331 28331 28331 28331 28331]		
4866.4845	3.2437500000005457	epochs															maze_arm	277.0
4869.74975	5.175000000000182	epochs															feedback_and_iti	277.0
4869.74975	0.9807499999997162	epochs															feedback_delay	277.0
4870.75125	1.9902499999998327	epochs															feedback	277.0
4872.94	1.9847500000005311	epochs															iti	277.0
4874.947	12.84649999999965	epochs															maze	278.0
4874.947	10.35400000000027	epochs															maze_stem	278.0
4874.96925	19.87774999999965	trials	False	True	False	False	True	False	[0.04649818 0.95350188 0.05966758 0.94033247]	-0.01316940039396286	0.8938342966139317	0.0065847039222717285	0.44691717624664307	0.9535018801689148	[28364 28363 28363 28363 28363]	[28440 28440 28439 28439 28439]		
4885.3225	2.470999999999549	epochs															maze_arm	278.0
4887.81475	7.011500000000524	epochs															feedback_and_iti	278.0
4887.81475	0.9945000000006985	epochs															feedback_delay	278.0
4888.83175	1.9674999999997453	epochs															feedback	278.0
4890.83875	3.987500000000182	epochs															iti	278.0
4894.847	9.37225000000035	epochs															maze	279.0
4894.847	7.5387500000006185	epochs															maze_stem	279.0
4894.8675	16.420499999999265	trials	False	True	False	False	True	False	[0.09903172 0.90096825 0.08063424 0.91936582]	0.01839752495288849	0.8203340545296669	-0.009198784828186035	0.41016703844070435	0.9009682536125183	[28483 28483 28483 28482 28482]	[28538 28538 28538 28538 28537]		
4902.406	1.8132500000001528	epochs															maze_arm	279.0
4904.2395	7.0277500000001965	epochs															feedback_and_iti	279.0
4904.2395	0.998250000000553	epochs															feedback_delay	279.0
4905.26025	1.9727499999999054	epochs															feedback	279.0
4907.2715	3.9957500000000437	epochs															iti	279.0
4911.288	7.176250000000437	epochs															maze	280.0
4911.288	5.4780000000000655	epochs															maze_stem	280.0
4911.30825	14.225000000000364	trials	False	True	False	False	True	False	[0.09360062 0.90639931 0.07546712 0.92453283]	0.018133506178855896	0.8309321999549866	-0.009066760540008545	0.4154660701751709	0.9063993096351624	[28582 28581 28581 28581 28581]	[28624 28623 28623 28623 28623]		
4916.7885	1.6757500000003347	epochs															maze_arm	280.0
4918.48575	7.016999999999825	epochs															feedback_and_iti	280.0
4918.48575	0.9880000000002838	epochs															feedback_delay	280.0
4919.49575	1.969000000000051	epochs															feedback	280.0
4921.50625	3.996499999999287	epochs															iti	280.0
4925.53325	8.305249999999432	epochs															maze	281.0
4925.53325	6.626999999999498	epochs															maze_stem	281.0
4925.55675	15.338999999999942	trials	False	True	False	False	True	False	[0.0884061  0.91159385 0.07660065 0.92339927]	0.01180543377995491	0.8349931873381138	-0.005902707576751709	0.41749656200408936	0.9115938544273376	[28667 28667 28667 28666 28666]	[28716 28716 28715 28715 28715]		
4932.17875	1.6597499999998035	epochs															maze_arm	281.0
4933.86025	7.012250000000677	epochs															feedback_and_iti	281.0
4933.86025	0.9917500000001382	epochs															feedback_delay	281.0
4934.87325	1.9647500000000946	epochs															feedback	281.0
4936.87925	3.993250000000444	epochs															iti	281.0
4940.89575	10.214249999999993	epochs															maze	282.0
4940.89575	5.45850000000064	epochs															maze_stem	282.0
4940.917	15.407249999999294	trials	True	True	False	True	True	True	[0.081887   0.91811305 0.07472493 0.92527509]	0.007162053138017654	0.8433881066739559	0.003581017255783081	0.4216940701007843	0.9252750873565674	[28759 28759 28759 28759 28758]	[28819 28819 28819 28819 28819]		
4946.37225	4.737749999999323	epochs															maze_arm	282.0
4951.12825	5.177500000000691	epochs															feedback_and_iti	282.0
4951.12825	0.9802500000005239	epochs															feedback_delay	282.0
4952.128	1.9862499999999272	epochs															feedback	282.0
4954.312	1.9937500000005457	epochs															iti	282.0
4956.32425	13.396500000000742	epochs															maze	283.0
4956.32425	9.29175000000032	epochs															maze_stem	283.0
4956.34375	18.598250000000007	trials	True	True	False	False	False	True	[0.05888341 0.94111657 0.06049862 0.9395014 ]	-0.0016151908785104752	0.8806179743260145	-0.0008076075464487076	-0.4403089862316847	0.05888340622186661	[28852 28851 28851 28851 28851]	[28931 28931 28931 28930 28930]		
4965.637	4.083750000000691	epochs															maze_arm	283.0
4969.7405	5.181000000000495	epochs															feedback_and_iti	283.0
4969.7405	0.9825000000000728	epochs															feedback_delay	283.0
4970.74375	1.9932500000004438	epochs															feedback	283.0
4972.93225	1.9892500000005384	epochs															iti	283.0
4974.942	10.81524999999965	epochs															maze	284.0
4974.942	7.368000000000393	epochs															maze_stem	284.0
4974.9635	15.997750000000451	trials	True	True	False	True	True	True	[0.30035073 0.69964927 0.27929372 0.72070628]	0.02105700969696045	0.42035555839538574	0.010528504848480225	0.21017777919769287	0.7207062840461731	[28963 28963 28963 28963 28962]	[29027 29027 29027 29027 29026]		
4982.33025	3.42699999999968	epochs															maze_arm	284.0
4985.775	5.1652500000000146	epochs															feedback_and_iti	284.0
4985.775	0.9827500000001237	epochs															feedback_delay	284.0
4986.776	1.9854999999997744	epochs															feedback	284.0
4988.94875	1.9915000000000873	epochs															iti	284.0
4990.96125	12.82549999999992	epochs															maze	285.0
4990.96125	11.139749999999367	epochs															maze_stem	285.0
4990.9805	18.027000000000044	trials	False	True	False	False	False	True	[0.1756586  0.82434142 0.12639277 0.87360722]	0.04926581680774689	0.6979486346244812	0.02463291585445404	-0.3489743173122406	0.17565859854221344	[29059 29059 29059 29059 29059]	[29135 29135 29135 29135 29135]		
5002.12225	1.6644999999998618	epochs															maze_arm	285.0
5003.80825	5.1782499999999345	epochs															feedback_and_iti	285.0
5003.80825	0.9904999999998836	epochs															feedback_delay	285.0
5004.82	1.9812500000007276	epochs															feedback	285.0
5006.9955	1.9909999999999854	epochs															iti	285.0
5009.0075	22.76525000000038	epochs															maze	286.0
5009.0075	18.126250000000255	epochs															maze_stem	286.0
5009.02675	27.969250000000102	trials	True	True	False	True	True	True	[0.46323445 0.53676552 0.28094128 0.71905869]	0.18229317665100098	0.2558242380619049	0.09114658832550049	0.12791210412979126	0.7190586924552917	[29168 29167 29167 29167 29167]	[29303 29303 29303 29303 29302]		
5027.158	4.614749999999731	epochs															maze_arm	286.0
5031.79375	5.180000000000291	epochs															feedback_and_iti	286.0
5031.79375	0.9957500000000437	epochs															feedback_delay	286.0
5032.81	1.9797499999995125	epochs															feedback	286.0
5034.987	1.986750000000029	epochs															iti	286.0
5036.996	10.879500000000007	epochs															maze	287.0
5036.996	8.202000000000226	epochs															maze_stem	287.0
5037.01775	16.083999999999833	trials	False	True	False	True	True	True	[0.33230779 0.66769224 0.137201   0.86279899]	0.19510676711797714	0.5304912254214287	0.09755337238311768	0.26524561643600464	0.8627989888191223	[29335 29335 29335 29335 29335]	[29400 29399 29399 29399 29399]		
5045.21875	2.656750000000102	epochs															maze_arm	287.0
5047.8955	5.1850000000004	epochs															feedback_and_iti	287.0
5047.8955	0.9977500000004511	epochs															feedback_delay	287.0
5048.91525	1.9722499999998035	epochs															feedback	287.0
5051.0895	1.9909999999999854	epochs															iti	287.0
5053.10175	9.829249999999774	epochs															maze	288.0
5053.10175	6.466750000000502	epochs															maze_stem	288.0
5053.1245	16.860999999999876	trials	False	True	False	True	False	False	[0.34956288 0.65043712 0.11163357 0.88836646]	0.2379293292760849	0.5388035625219345	-0.11896465718746185	-0.26940177381038666	0.11163356900215149	[29432 29432 29432 29431 29431]	[29490 29490 29490 29489 29489]		
5059.5885	3.3424999999997453	epochs															maze_arm	288.0
5062.9515	7.01299999999992	epochs															feedback_and_iti	288.0
5062.9515	0.9832500000002256	epochs															feedback_delay	288.0
5063.95625	1.9852499999997235	epochs															feedback	288.0
5065.9805	3.9840000000003783	epochs															iti	288.0
5069.9855	12.954749999999876	epochs															maze	289.0
5069.9855	10.030000000000655	epochs															maze_stem	289.0
5070.00675	19.9975000000004	trials	True	True	False	False	True	False	[0.36537498 0.63462502 0.22452328 0.77547675]	0.1408517211675644	0.4101017564535141	-0.07042586803436279	0.20505088567733765	0.6346250176429749	[29533 29533 29533 29533 29532]	[29610 29610 29610 29609 29609]		
5080.03675	2.9034999999994398	epochs															maze_arm	289.0
5082.96125	7.022750000000087	epochs															feedback_and_iti	289.0
5082.96125	0.9997499999999491	epochs															feedback_delay	289.0
5083.97925	1.9797499999995125	epochs															feedback	289.0
5085.99525	3.9887500000004366	epochs															iti	289.0
5090.00425	10.090500000000247	epochs															maze	290.0
5090.00425	6.225749999999607	epochs															maze_stem	290.0
5090.0225	15.296500000000378	trials	True	True	False	False	False	True	[0.267286   0.732714   0.17632046 0.82367957]	0.09096555411815643	0.5563935488462448	0.04548276960849762	-0.2781967669725418	0.2672860026359558	[29653 29653 29653 29653 29652]	[29713 29713 29712 29712 29712]		
5096.25175	3.842999999999847	epochs															maze_arm	290.0
5100.1165	5.180999999999585	epochs															feedback_and_iti	290.0
5100.1165	0.9892499999996289	epochs															feedback_delay	290.0
5101.124	1.9840000000003783	epochs															feedback	290.0
5103.29575	2.001749999999447	epochs															iti	290.0
5105.319	10.207249999999476	epochs															maze	291.0
5105.319	7.555749999999534	epochs															maze_stem	291.0
5105.341	15.405999999999949	trials	False	True	False	True	True	True	[0.54877043 0.45122957 0.39113691 0.60886306]	0.15763349831104279	0.06009264290332794	0.0788167417049408	0.030046314001083374	0.6088630557060242	[29745 29745 29745 29745 29744]	[29805 29805 29805 29805 29805]		
5112.8945	2.631749999999556	epochs															maze_arm	291.0
5115.54725	5.1782499999999345	epochs															feedback_and_iti	291.0
5115.54725	0.9850000000005821	epochs															feedback_delay	291.0
5116.5535	1.987500000000182	epochs															feedback	291.0
5118.744	1.981499999999869	epochs															iti	291.0
5120.747	11.52599999999984	epochs															maze	292.0
5120.747	8.663499999999658	epochs															maze_stem	292.0
5120.76775	18.556499999999687	trials	False	True	False	False	True	False	[0.307978   0.69202203 0.19426325 0.80573672]	0.11371472477912903	0.49775874614715576	-0.05685734748840332	0.24887937307357788	0.6920220255851746	[29838 29837 29837 29837 29837]	[29906 29906 29905 29905 29905]		
5129.42925	2.84375	epochs															maze_arm	292.0
5132.29275	7.010750000000371	epochs															feedback_and_iti	292.0
5132.29275	0.9822500000000218	epochs															feedback_delay	292.0
5133.2965	1.9804999999996653	epochs															feedback	292.0
5135.31725	3.9862499999999272	epochs															iti	292.0
5139.32425	11.441749999999956	epochs															maze	293.0
5139.32425	7.86725000000024	epochs															maze_stem	293.0
5139.345	18.47899999999936	trials	False	True	False	False	True	False	[0.22866307 0.77133691 0.16170137 0.83829862]	0.06696170568466187	0.6096355468034744	-0.03348085284233093	0.3048177659511566	0.7713369131088257	[29949 29949 29949 29948 29948]	[30017 30017 30016 30016 30016]		
5147.2135	3.5524999999997817	epochs															maze_arm	293.0
5150.79125	7.011499999999614	epochs															feedback_and_iti	293.0
5150.79125	0.9915000000000873	epochs															feedback_delay	293.0
5151.80375	1.9767499999998108	epochs															feedback	293.0
5153.82125	3.981499999999869	epochs															iti	293.0
5157.824	9.611499999999978	epochs															maze	294.0
5157.824	7.449000000000524	epochs															maze_stem	294.0
5157.8455	16.634000000000015	trials	False	True	False	False	True	False	[0.20804182 0.79195821 0.16961733 0.8303827 ]	0.03842449188232422	0.6223408877849579	-0.01921224594116211	0.31117045879364014	0.791958212852478	[30060 30060 30060 30059 30059]	[30117 30116 30116 30116 30116]		
5165.294	2.1414999999997235	epochs															maze_arm	294.0
5167.456	7.003999999999905	epochs															feedback_and_iti	294.0
5167.456	0.9857499999998254	epochs															feedback_delay	294.0
5168.4625	1.97400000000016	epochs															feedback	294.0
5170.4745	3.9854999999997744	epochs															iti	294.0
5174.4795	11.89325000000008	epochs															maze	295.0
5174.4795	7.146499999999833	epochs															maze_stem	295.0
5174.50075	17.095499999999447	trials	True	True	False	True	True	True	[0.18873478 0.81126523 0.16394502 0.83605498]	0.024789758026599884	0.6473202034831047	0.012394875288009644	0.32366010546684265	0.8360549807548523	[30160 30160 30159 30159 30159]	[30230 30230 30230 30230 30229]		
5181.6475	4.725250000000415	epochs															maze_arm	295.0
5186.39325	5.180250000000342	epochs															feedback_and_iti	295.0
5186.39325	0.9904999999998836	epochs															feedback_delay	295.0
5187.4035	1.9852499999997235	epochs															feedback	295.0
5189.582	1.9915000000000873	epochs															iti	295.0
5191.59625	10.370499999999993	epochs															maze	296.0
5191.59625	7.261750000000575	epochs															maze_stem	296.0
5191.61775	17.422999999999774	trials	False	True	False	False	True	False	[0.14271225 0.85728776 0.13507371 0.86492628]	0.007638528943061829	0.7222140431404114	-0.0038192570209503174	0.3611070215702057	0.8572877645492554	[30262 30262 30262 30262 30262]	[30324 30324 30323 30323 30323]		
5198.877	3.089749999999185	epochs															maze_arm	296.0
5201.99	7.024000000000342	epochs															feedback_and_iti	296.0
5201.99	0.9809999999997672	epochs															feedback_delay	296.0
5202.99525	1.979750000000422	epochs															feedback	296.0
5205.014	4.0	epochs															iti	296.0
5209.04075	10.309250000000247	epochs															maze	297.0
5209.04075	8.092499999999745	epochs															maze_stem	297.0
5209.0655	15.494000000000597	trials	False	True	False	False	False	True	[0.15917097 0.84082901 0.1441478  0.85585219]	0.01502317190170288	0.6966812163591385	0.00751158595085144	-0.34834061563014984	0.1591709703207016	[30367 30367 30367 30366 30366]	[30428 30428 30428 30427 30427]		
5217.15325	2.1967500000000655	epochs															maze_arm	297.0
5219.37175	5.166249999999309	epochs															feedback_and_iti	297.0
5219.37175	0.9807499999997162	epochs															feedback_delay	297.0
5220.373	1.9880000000002838	epochs															feedback	297.0
5222.5565	1.981499999999869	epochs															iti	297.0
5224.5595	11.756499999999505	epochs															maze	298.0
5224.5595	9.836249999999382	epochs															maze_stem	298.0
5224.5785	16.965250000000196	trials	True	True	False	False	False	True	[0.5048669  0.4951331  0.34972388 0.65027612]	0.15514302253723145	0.1454092264175415	0.07757151126861572	-0.07270461320877075	0.504866898059845	[30460 30460 30460 30460 30459]	[30530 30530 30529 30529 30529]		
5234.41625	1.8997499999995853	epochs															maze_arm	298.0
5236.33375	5.188250000000153	epochs															feedback_and_iti	298.0
5236.33375	0.9899999999997817	epochs															feedback_delay	298.0
5237.34425	1.9877500000002328	epochs															feedback	298.0
5239.5275	1.994499999999789	epochs															iti	298.0
5241.54375	9.998500000000604	epochs															maze	299.0
5241.54375	7.234250000000429	epochs															maze_stem	299.0
5241.56475	15.182750000000851	trials	False	True	False	False	False	True	[0.67436498 0.32563505 0.44380483 0.5561952 ]	0.23056015372276306	-0.11816978454589844	0.11528007686138153	0.05908490717411041	0.6743649840354919	[30562 30562 30562 30561 30561]	[30621 30621 30621 30620 30620]		
5248.7985	2.7437500000005457	epochs															maze_arm	299.0
5251.56275	5.162250000000313	epochs															feedback_and_iti	299.0
5251.56275	0.9857499999998254	epochs															feedback_delay	299.0
5252.57325	1.9742499999993015	epochs															feedback	299.0
5254.7395	1.985500000000684	epochs															iti	299.0
5256.7475	11.889499999999316	epochs															maze	300.0
5256.7475	9.49724999999944	epochs															maze_stem	300.0
5256.769	17.180499999999483	trials	False	True	False	False	False	True	[0.75611007 0.24388996 0.46876091 0.53123909]	0.2873491495847702	-0.224870964884758	0.1436745822429657	0.1124354898929596	0.7561100721359253	[30653 30653 30653 30653 30652]	[30724 30723 30723 30723 30723]		
5266.2655	2.371499999999287	epochs															maze_arm	300.0
5268.65675	5.2719999999999345	epochs															feedback_and_iti	300.0
5268.65675	0.9894999999996799	epochs															feedback_delay	300.0
5269.66925	1.9727499999999054	epochs															feedback	300.0
5271.96125	1.9674999999997453	epochs															iti	300.0
5273.9495	12.912000000000262	epochs															maze	301.0
5273.9495	8.318000000000211	epochs															maze_stem	301.0
5273.97025	18.10374999999931	trials	True	True	False	True	True	True	[0.78377688 0.21622314 0.47348037 0.52651966]	0.31029651314020157	-0.25725723057985306	0.15514826029539108	-0.12862860411405563	0.5265196561813354	[30756 30756 30756 30756 30756]	[30833 30833 30832 30832 30832]		
5282.288	4.573500000000422	epochs															maze_arm	301.0
5286.8795	5.173749999999927	epochs															feedback_and_iti	301.0
5286.8795	0.9984999999996944	epochs															feedback_delay	301.0
5287.89975	1.961250000000291	epochs															feedback	301.0
5290.05725	1.9960000000000946	epochs															iti	301.0
5292.074	11.685500000000502	epochs															maze	302.0
5292.074	7.746000000000095	epochs															maze_stem	302.0
5292.095	16.886749999999665	trials	True	True	False	True	True	True	[0.55650902 0.44349101 0.27654225 0.72345769]	0.27996672689914703	0.16694872081279755	0.13998334109783173	0.08347435295581818	0.7234576940536499	[30865 30865 30865 30864 30864]	[30934 30934 30934 30934 30933]		
5299.841	3.918499999999767	epochs															maze_arm	302.0
5303.77725	5.184500000000298	epochs															feedback_and_iti	302.0
5303.77725	0.9957500000000437	epochs															feedback_delay	302.0
5304.79325	1.98174999999992	epochs															feedback	302.0
5306.96625	1.9954999999999927	epochs															iti	302.0
5308.98175	11.380500000000211	epochs															maze	303.0
5308.98175	9.69524999999976	epochs															maze_stem	303.0
5309.00225	18.413250000000517	trials	False	True	False	True	False	False	[0.39618078 0.60381919 0.21180835 0.78819168]	0.1843724548816681	0.3920108675956726	-0.09218621253967285	-0.1960054337978363	0.21180835366249084	[30966 30966 30966 30966 30966]	[31034 31034 31033 31033 31033]		
5318.69875	1.6635000000005675	epochs															maze_arm	303.0
5320.381	7.013500000000022	epochs															feedback_and_iti	303.0
5320.381	0.9822500000000218	epochs															feedback_delay	303.0
5321.3835	1.980000000000473	epochs															feedback	303.0
5323.401	3.9935000000004948	epochs															iti	303.0
5327.4155	9.886749999999665	epochs															maze	304.0
5327.4155	6.9854999999997744	epochs															maze_stem	304.0
5327.43725	16.92749999999978	trials	False	True	False	True	False	False	[0.55587459 0.44412544 0.37052229 0.62947768]	0.18535226583480835	0.07360312342643738	-0.09267614781856537	-0.03680156171321869	0.37052229046821594	[31077 31077 31077 31076 31076]	[31135 31135 31135 31135 31135]		
5334.421	2.8812499999994543	epochs															maze_arm	304.0
5337.32275	7.02074999999968	epochs															feedback_and_iti	304.0
5337.32275	0.9899999999997817	epochs															feedback_delay	304.0
5338.33375	1.9859999999998763	epochs															feedback	304.0
5340.35825	3.9852499999997235	epochs															iti	304.0
5344.36475	12.827500000000327	epochs															maze	305.0
5344.36475	9.760000000000218	epochs															maze_stem	305.0
5344.3845	18.024249999999483	trials	False	True	False	True	True	True	[0.58374244 0.41625759 0.40653837 0.59346157]	0.17720402777194977	0.009719178080558777	0.0886019915342331	0.0048595815896987915	0.5934615731239319	[31179 31178 31178 31178 31178]	[31255 31254 31254 31254 31254]		
5354.14725	3.0450000000000728	epochs															maze_arm	305.0
5357.2135	5.17450000000008	epochs															feedback_and_iti	305.0
5357.2135	0.992500000000291	epochs															feedback_delay	305.0
5358.22725	1.979750000000422	epochs															feedback	305.0
5360.40675	1.981249999999818	epochs															iti	305.0
5362.40875	12.32550000000083	epochs															maze	306.0
5362.40875	8.464249999999993	epochs															maze_stem	306.0
5362.42825	17.5342499999997	trials	False	True	False	True	True	True	[0.60624129 0.39375868 0.29754609 0.70245385]	0.3086951822042465	0.09621258080005646	0.15434758365154266	0.04810626804828644	0.7024538516998291	[31287 31287 31286 31286 31286]	[31360 31360 31359 31359 31359]		
5370.894	3.8402500000001965	epochs															maze_arm	306.0
5374.75475	5.187249999999949	epochs															feedback_and_iti	306.0
5374.75475	0.9937499999996362	epochs															feedback_delay	306.0
5375.7695	1.9799999999995634	epochs															feedback	306.0
5377.94725	1.99474999999984	epochs															iti	306.0
5379.9625	15.232250000000022	epochs															maze	307.0
5379.9625	13.167000000000371	epochs															maze_stem	307.0
5379.98225	22.280249999999796	trials	False	True	False	False	True	False	[0.55486244 0.44513753 0.24240017 0.75759989]	0.31246231496334076	0.20273740589618683	-0.15623117983341217	0.10136871039867401	0.44513753056526184	[31392 31392 31392 31391 31391]	[31482 31482 31482 31482 31482]		
5393.14975	2.0450000000000728	epochs															maze_arm	307.0
5395.2155	7.024499999999534	epochs															feedback_and_iti	307.0
5395.2155	0.9992499999998472	epochs															feedback_delay	307.0
5396.234	1.9697499999992942	epochs															feedback	307.0
5398.24625	3.993749999999636	epochs															iti	307.0
5402.2625	10.86474999999973	epochs															maze	308.0
5402.2625	5.8270000000002256	epochs															maze_stem	308.0
5402.28125	16.073500000000422	trials	True	True	False	True	True	True	[0.30202112 0.69797885 0.16579877 0.83420128]	0.13622238487005234	0.5321801230311394	0.06811121106147766	0.26609006524086	0.8342012763023376	[31526 31526 31525 31525 31525]	[31590 31590 31590 31589 31589]		
5408.1105	5.0167499999997744	epochs															maze_arm	308.0
5413.1475	5.186749999999847	epochs															feedback_and_iti	308.0
5413.1475	0.9967500000002474	epochs															feedback_delay	308.0
5414.1635	1.9777500000000146	epochs															feedback	308.0
5416.34075	1.9934999999995853	epochs															iti	308.0
5418.35475	13.318249999999352	epochs															maze	309.0
5418.35475	10.43499999999949	epochs															maze_stem	309.0
5418.37725	20.362500000000182	trials	False	True	False	True	False	False	[0.32096267 0.67903727 0.21759135 0.7824086 ]	0.10337132215499878	0.4614459276199341	-0.05168566107749939	-0.23072299361228943	0.21759134531021118	[31622 31622 31622 31622 31621]	[31701 31701 31701 31701 31700]		
5428.8105	2.862500000000182	epochs															maze_arm	309.0
5431.693	7.026249999999891	epochs															feedback_and_iti	309.0
5431.693	0.9989999999997963	epochs															feedback_delay	309.0
5432.713	1.9702500000003056	epochs															feedback	309.0
5434.723	3.9962500000001455	epochs															iti	309.0
5438.73975	11.316499999999905	epochs															maze	310.0
5438.73975	7.2097499999999854	epochs															maze_stem	310.0
5438.76025	16.51599999999962	trials	False	True	False	True	True	True	[0.41439581 0.58560419 0.35253409 0.64746594]	0.06186173856258392	0.23307012021541595	0.03093087673187256	0.11653506755828857	0.6474659442901611	[31745 31744 31744 31744 31744]	[31811 31811 31811 31811 31811]		
5445.9705	4.08574999999928	epochs															maze_arm	310.0
5450.078	5.176499999999578	epochs															feedback_and_iti	310.0
5450.078	0.9947499999998399	epochs															feedback_delay	310.0
5451.0935	1.9722499999998035	epochs															feedback	310.0
5453.26825	1.9862499999999272	epochs															iti	310.0
5455.27625	16.84875000000011	epochs															maze	311.0
5455.27625	10.393750000000182	epochs															maze_stem	311.0
5455.29675	22.032749999999396	trials	True	True	False	True	True	True	[0.42630696 0.5736931  0.23439327 0.76560676]	0.1919136792421341	0.339299812912941	0.09595683217048645	0.16964992880821228	0.7656067609786987	[31844 31843 31843 31843 31843]	[31944 31944 31943 31943 31943]		
5465.691	6.4340000000001965	epochs															maze_arm	311.0
5472.14475	5.163249999999607	epochs															feedback_and_iti	311.0
5472.14475	1.0	epochs															feedback_delay	311.0
5473.1645	1.9650000000001455	epochs															feedback	311.0
5475.325	1.9830000000001746	epochs															iti	311.0
5477.3295	19.068750000000364	epochs															maze	312.0
5477.3295	15.79424999999992	epochs															maze_stem	312.0
5477.35075	24.35375000000022	trials	False	True	False	True	True	True	[0.28120652 0.71879345 0.21732341 0.78267658]	0.06388311833143234	0.5014700517058372	0.03194156289100647	0.25073501467704773	0.7826765775680542	[31976 31976 31976 31975 31975]	[32089 32089 32089 32089 32089]		
5493.1445	3.2537499999998545	epochs															maze_arm	312.0
5496.41825	5.26575000000048	epochs															feedback_and_iti	312.0
5496.41825	0.9897500000006403	epochs															feedback_delay	312.0
5497.42925	1.970999999999549	epochs															feedback	312.0
5499.6905	1.9935000000004948	epochs															iti	312.0
5501.7045	15.270000000000437	epochs															maze	313.0
5501.7045	11.064000000000306	epochs															maze_stem	313.0
5501.7255	20.462000000000444	trials	False	True	False	True	True	True	[0.40051147 0.5994885  0.2164336  0.78356642]	0.1840778961777687	0.3830549195408821	0.09203895926475525	0.19152745604515076	0.783566415309906	[32122 32122 32122 32122 32121]	[32213 32213 32212 32212 32212]		
5512.79075	4.1837500000001455	epochs															maze_arm	313.0
5516.99575	5.1729999999997744	epochs															feedback_and_iti	313.0
5516.99575	0.9962500000001455	epochs															feedback_delay	313.0
5518.0145	1.9624999999996362	epochs															feedback	313.0
5520.17775	1.9909999999999854	epochs															iti	313.0
5522.1875	12.046250000000327	epochs															maze	314.0
5522.1875	8.587499999999636	epochs															maze_stem	314.0
5522.207	17.23700000000008	trials	True	True	False	True	True	True	[0.37632522 0.62367481 0.16494098 0.83505905]	0.21138423681259155	0.45873382687568665	0.10569211840629578	0.22936692833900452	0.8350590467453003	[32245 32245 32245 32244 32244]	[32316 32316 32316 32316 32315]		
5530.7965	3.437249999999949	epochs															maze_arm	314.0
5534.2555	5.167749999999614	epochs															feedback_and_iti	314.0
5534.2555	0.9994999999998981	epochs															feedback_delay	314.0
5535.27575	1.9594999999999345	epochs															feedback	314.0
5537.43875	1.9844999999995707	epochs															iti	314.0
5539.444	13.54949999999917	epochs															maze	315.0
5539.444	7.978249999999207	epochs															maze_stem	315.0
5539.4645	18.7470000000003	trials	True	True	False	True	True	True	[0.2576457  0.74235427 0.15753028 0.84246969]	0.10011541843414307	0.5848239958286285	0.05005770921707153	0.2924119830131531	0.8424696922302246	[32348 32348 32348 32348 32348]	[32429 32429 32428 32428 32428]		
5547.4445	5.548999999999978	epochs															maze_arm	315.0
5553.01375	5.177499999999782	epochs															feedback_and_iti	315.0
5553.01375	0.9852499999997235	epochs															feedback_delay	315.0
5554.019	1.9915000000000873	epochs															feedback	315.0
5556.19925	1.9920000000001892	epochs															iti	315.0
5558.2115	10.96349999999984	epochs															maze	316.0
5558.2115	7.618499999999585	epochs															maze_stem	316.0
5558.23125	16.159999999999854	trials	True	True	False	True	True	True	[0.25046211 0.74953794 0.15956233 0.84043765]	0.0908997431397438	0.5899755731225014	0.04544985294342041	0.2949877977371216	0.840437650680542	[32461 32461 32461 32460 32460]	[32526 32526 32525 32525 32525]		
5565.851	3.324000000000524	epochs															maze_arm	316.0
5569.19625	5.174750000000131	epochs															feedback_and_iti	316.0
5569.19625	0.9954999999999927	epochs															feedback_delay	316.0
5570.2125	1.9630000000006476	epochs															feedback	316.0
5572.37575	1.9952499999999418	epochs															iti	316.0
5574.39125	14.340000000000146	epochs															maze	317.0
5574.39125	8.366250000000036	epochs															maze_stem	317.0
5574.411	19.52899999999954	trials	True	True	False	True	True	True	[0.25280011 0.74719989 0.15904053 0.84095949]	0.09375958889722824	0.5881593748927116	0.04687979817390442	0.2940796911716461	0.8409594893455505	[32558 32558 32558 32557 32557]	[32643 32643 32643 32642 32642]		
5582.78025	5.951000000000022	epochs															maze_arm	317.0
5588.75075	5.167499999999563	epochs															feedback_and_iti	317.0
5588.75075	0.9837499999994179	epochs															feedback_delay	317.0
5589.7535	1.987500000000182	epochs															feedback	317.0
5591.9355	1.9827500000001237	epochs															iti	317.0
5593.94	17.05225000000064	epochs															maze	318.0
5593.94	12.837000000000444	epochs															maze_stem	318.0
5593.96125	22.241250000000036	trials	False	True	False	False	False	True	[0.25223267 0.74776733 0.15740284 0.84259713]	0.09482981264591217	0.590364471077919	0.04741491377353668	-0.2951822429895401	0.2522326707839966	[32675 32675 32675 32675 32674]	[32777 32776 32776 32776 32776]		
5606.8	4.192250000000058	epochs															maze_arm	318.0
5611.0135	5.168499999999767	epochs															feedback_and_iti	318.0
5611.0135	0.9795000000003711	epochs															feedback_delay	318.0
5612.014	1.981249999999818	epochs															feedback	318.0
5614.1925	1.9894999999996799	epochs															iti	318.0
5616.2025	14.245499999999993	epochs															maze	319.0
5616.2025	11.204749999999876	epochs															maze_stem	319.0
5616.2245	19.42999999999938	trials	True	True	False	False	False	True	[0.60201734 0.39798263 0.32851249 0.67148751]	0.2735048681497574	0.06947015225887299	0.1367524266242981	-0.03473508358001709	0.602017343044281	[32809 32809 32808 32808 32808]	[32893 32893 32893 32893 32892]		
5627.427	3.0210000000006403	epochs															maze_arm	319.0
5630.46725	5.167000000000371	epochs															feedback_and_iti	319.0
5630.46725	1.0012500000002547	epochs															feedback_delay	319.0
5631.48725	1.96349999999984	epochs															feedback	319.0
5633.6455	1.9887500000004366	epochs															iti	319.0
5635.6545	12.371500000000196	epochs															maze	320.0
5635.6545	8.829250000000684	epochs															maze_stem	320.0
5635.6745	17.58100000000013	trials	True	True	False	False	False	True	[0.71590179 0.28409824 0.34457144 0.65542859]	0.3713303506374359	-0.06047320365905762	0.18566517531871796	0.030236616730690002	0.715901792049408	[32925 32925 32925 32925 32925]	[32999 32998 32998 32998 32998]		
5644.50425	3.5217499999998836	epochs															maze_arm	320.0
5648.04525	5.189000000000306	epochs															feedback_and_iti	320.0
5648.04525	1.000250000000051	epochs															feedback_delay	320.0
5649.067	1.9767499999998108	epochs															feedback	320.0
5651.23825	1.9960000000000946	epochs															iti	320.0
5653.2555	12.670750000000226	epochs															maze	321.0
5653.2555	8.601249999999709	epochs															maze_stem	321.0
5653.276	17.878249999999753	trials	False	True	False	True	True	True	[0.73981446 0.26018557 0.38898998 0.61101002]	0.3508244603872299	-0.12880443036556244	0.17541222274303436	-0.06440220773220062	0.6110100150108337	[33031 33031 33031 33030 33030]	[33106 33106 33106 33105 33105]		
5661.87725	4.049000000000888	epochs															maze_arm	321.0
5665.9465	5.187249999999949	epochs															feedback_and_iti	321.0
5665.9465	0.9904999999998836	epochs															feedback_delay	321.0
5666.959	1.9852499999997235	epochs															feedback	321.0
5669.1515	1.9822500000000218	epochs															iti	321.0
5671.15425	9.972000000000662	epochs															maze	322.0
5671.15425	6.7905000000000655	epochs															maze_stem	322.0
5671.1755	15.167999999999665	trials	False	True	False	True	True	True	[0.54498744 0.45501256 0.17907721 0.82092279]	0.36591023206710815	0.2759353518486023	0.18295511603355408	0.13796767592430115	0.8209227919578552	[33138 33138 33138 33138 33137]	[33197 33197 33197 33196 33196]		
5677.96525	3.161000000000058	epochs															maze_arm	322.0
5681.14675	5.174750000000131	epochs															feedback_and_iti	322.0
5681.14675	0.9992499999998472	epochs															feedback_delay	322.0
5682.169	1.9657500000002983	epochs															feedback	322.0
5684.33575	1.9857499999998254	epochs															iti	322.0
5686.3435	11.423499999999876	epochs															maze	323.0
5686.3435	7.749749999999949	epochs															maze_stem	323.0
5686.36475	16.617750000000342	trials	False	True	False	False	False	True	[0.57778907 0.42221093 0.15776466 0.84223539]	0.42002443224191666	0.26444629579782486	0.21001220494508743	-0.13222313672304153	0.5777890682220459	[33229 33229 33229 33229 33229]	[33297 33297 33296 33296 33296]		
5694.11425	3.6527500000001965	epochs															maze_arm	323.0
5697.78675	5.176499999999578	epochs															feedback_and_iti	323.0
5697.78675	0.9812499999998181	epochs															feedback_delay	323.0
5698.78975	1.9777500000000146	epochs															feedback	323.0
5700.96475	1.9984999999996944	epochs															iti	323.0
5702.9825	11.146749999999884	epochs															maze	324.0
5702.9825	7.608750000000327	epochs															maze_stem	324.0
5703.003	16.34900000000016	trials	False	True	False	False	False	True	[0.75779474 0.24220528 0.27554408 0.72445595]	0.4822506681084633	-0.033338792622089386	0.24112533032894135	0.01666940748691559	0.7577947378158569	[33329 33329 33329 33328 33328]	[33395 33395 33395 33394 33394]		
5710.6135	3.5157499999995707	epochs															maze_arm	324.0
5714.1495	5.181749999999738	epochs															feedback_and_iti	324.0
5714.1495	0.9807499999997162	epochs															feedback_delay	324.0
5715.15125	1.992500000000291	epochs															feedback	324.0
5717.3485	1.9827500000001237	epochs															iti	324.0
5719.352	10.666250000000218	epochs															maze	325.0
5719.352	6.949499999999716	epochs															maze_stem	325.0
5719.3735	17.691749999999956	trials	False	True	False	False	True	False	[0.81494904 0.18505096 0.30233496 0.69766498]	0.5126140415668488	-0.11728402972221375	-0.2563070058822632	-0.058642029762268066	0.18505096435546875	[33427 33427 33427 33427 33426]	[33490 33490 33490 33490 33489]		
5726.32225	3.6959999999999127	epochs															maze_arm	325.0
5730.03675	7.008249999999862	epochs															feedback_and_iti	325.0
5730.03675	0.9842499999995198	epochs															feedback_delay	325.0
5731.04375	1.9755000000004657	epochs															feedback	325.0
5733.058	3.98700000000008	epochs															iti	325.0
5737.06525	9.815500000000611	epochs															maze	326.0
5737.06525	7.46875	epochs															maze_stem	326.0
5737.08525	16.862500000000182	trials	False	True	False	False	True	False	[0.43797585 0.56202412 0.1139631  0.88603687]	0.32401275262236595	0.4480610154569149	-0.16200637817382812	0.2240304946899414	0.5620241165161133	[33533 33533 33533 33533 33533]	[33591 33591 33591 33591 33591]		
5744.5545	2.3262500000000728	epochs															maze_arm	326.0
5746.90125	7.025000000000546	epochs															feedback_and_iti	326.0
5746.90125	0.981499999999869	epochs															feedback_delay	326.0
5747.9035	1.994249999999738	epochs															feedback	326.0
5749.9375	3.9887500000004366	epochs															iti	326.0
5753.94775	7.241750000000138	epochs															maze	327.0
5753.94775	5.839750000000095	epochs															maze_stem	327.0
5753.9685	14.28650000000016	trials	False	True	False	False	True	False	[0.38638011 0.61361992 0.14672433 0.85327572]	0.2396557852625847	0.46689560264348984	-0.11982789635658264	0.2334478199481964	0.6136199235916138	[33635 33635 33634 33634 33634]	[33677 33677 33677 33677 33676]		
5759.80875	1.380750000000262	epochs															maze_arm	327.0
5761.21075	7.023000000000138	epochs															feedback_and_iti	327.0
5761.21075	0.9977499999995416	epochs															feedback_delay	327.0
5762.23025	1.97400000000016	epochs															feedback	327.0
5764.24475	3.9890000000004875	epochs															iti	327.0
5768.255	7.796999999999571	epochs															maze	328.0
5768.255	6.082749999999578	epochs															maze_stem	328.0
5768.27675	14.830249999999978	trials	False	True	False	False	True	False	[0.36515245 0.63484758 0.15981372 0.8401863 ]	0.2053387239575386	0.47503385692834854	-0.102669358253479	0.23751693964004517	0.6348475813865662	[33721 33720 33720 33720 33720]	[33766 33766 33766 33766 33766]		
5774.35875	1.6932499999993524	epochs															maze_arm	328.0
5776.07275	7.0090000000000146	epochs															feedback_and_iti	328.0
5776.07275	0.9859999999998763	epochs															feedback_delay	328.0
5777.0805	1.97649999999976	epochs															feedback	328.0
5779.098	3.9837500000003274	epochs															iti	328.0
5783.107	7.399250000000393	epochs															maze	329.0
5783.107	5.822000000000116	epochs															maze_stem	329.0
5783.131	14.461999999999534	trials	False	True	False	False	True	False	[0.32526422 0.67473578 0.16606104 0.83393896]	0.1592031717300415	0.5086747407913208	-0.07960158586502075	0.2543373703956604	0.6747357845306396	[33810 33809 33809 33809 33809]	[33853 33853 33853 33852 33852]		
5788.95275	1.5534999999999854	epochs															maze_arm	329.0
5790.52675	7.0460000000002765	epochs															feedback_and_iti	329.0
5790.52675	0.9830000000001746	epochs															feedback_delay	329.0
5791.53125	1.9907499999999345	epochs															feedback	329.0
5793.58575	3.98700000000008	epochs															iti	329.0
5797.593	7.070999999999913	epochs															maze	330.0
5797.593	5.342000000000553	epochs															maze_stem	330.0
5797.614	14.105500000000575	trials	False	True	False	False	True	False	[0.28896007 0.71103996 0.16927135 0.83072865]	0.11968870460987091	0.5417685955762863	-0.05984434485435486	0.27088430523872375	0.7110399603843689	[33896 33896 33896 33896 33896]	[33938 33938 33938 33937 33937]		
5802.95525	1.7087499999997817	epochs															maze_arm	330.0
5804.6825	7.016249999999673	epochs															feedback_and_iti	330.0
5804.6825	0.9897499999997308	epochs															feedback_delay	330.0
5805.69325	1.981999999999971	epochs															feedback	330.0
5807.71475	3.983999999999469	epochs															iti	330.0
5811.7195	7.338999999999942	epochs															maze	331.0
5811.7195	6.007499999999709	epochs															maze_stem	331.0
5811.74225	14.366750000000138	trials	False	True	False	False	True	False	[0.25815281 0.74184722 0.17001297 0.82998699]	0.08813980966806412	0.5718342140316963	-0.044069886207580566	0.28591710329055786	0.7418472170829773	[33981 33981 33981 33981 33980]	[34024 34024 34024 34024 34023]		
5817.7485	1.3100000000004002	epochs															maze_arm	331.0
5819.079	7.010000000000218	epochs															feedback_and_iti	331.0
5819.079	0.9975000000004002	epochs															feedback_delay	331.0
5820.09675	1.9697500000002037	epochs															feedback	331.0
5822.10325	3.9857499999998254	epochs															iti	331.0
5826.109	8.227249999999913	epochs															maze	332.0
5826.109	6.209249999999884	epochs															maze_stem	332.0
5826.12925	15.266499999999724	trials	False	True	False	False	True	False	[0.23186329 0.76813668 0.16836728 0.83163273]	0.06349603086709976	0.5997694209218025	-0.031748026609420776	0.29988470673561096	0.7681366801261902	[34067 34067 34067 34067 34067]	[34116 34116 34115 34115 34115]		
5832.33775	1.998500000000604	epochs															maze_arm	332.0
5834.35775	7.016999999999825	epochs															feedback_and_iti	332.0
5834.35775	0.981499999999869	epochs															feedback_delay	332.0
5835.3605	1.9782500000001164	epochs															feedback	332.0
5837.37975	3.994999999999891	epochs															iti	332.0
5841.39575	18.928249999999935	epochs															maze	333.0
5841.39575	15.079749999999876	epochs															maze_stem	333.0
5841.4205	24.11974999999984	trials	False	True	False	True	True	True	[0.20941663 0.79058337 0.16478562 0.83521444]	0.04463103413581848	0.6257977783679962	0.022315531969070435	0.3128989040851593	0.8352144360542297	[34159 34159 34159 34159 34158]	[34272 34271 34271 34271 34271]		
5856.49725	3.826749999999265	epochs															maze_arm	333.0
5860.34475	5.176249999999527	epochs															feedback_and_iti	333.0
5860.34475	0.9912500000000364	epochs															feedback_delay	333.0
5861.35725	1.9785000000001673	epochs															feedback	333.0
5863.532	1.988999999999578	epochs															iti	333.0
5865.54025	22.016249999999673	epochs															maze	334.0
5865.54025	19.743999999999687	epochs															maze_stem	334.0
5865.56225	27.225749999999607	trials	False	True	False	True	True	True	[0.20453393 0.79546607 0.12488436 0.87511563]	0.07964957132935524	0.6705817021429539	0.03982478380203247	0.3352908492088318	0.8751156330108643	[34304 34304 34304 34303 34303]	[34435 34435 34435 34434 34434]		
5885.3045	2.251999999999498	epochs															maze_arm	334.0
5887.57725	5.190499999999702	epochs															feedback_and_iti	334.0
5887.57725	0.9997499999999491	epochs															feedback_delay	334.0
5888.5985	1.9724999999998545	epochs															feedback	334.0
5890.76925	1.9984999999996944	epochs															iti	334.0
5892.788	9.755750000000262	epochs															maze	335.0
5892.788	8.305500000000393	epochs															maze_stem	335.0
5892.8085	16.80999999999949	trials	False	True	False	False	True	False	[0.19405718 0.80594289 0.10247513 0.89752489]	0.0915820263326168	0.7034677378833294	-0.04579100012779236	0.35173389315605164	0.8059428930282593	[34467 34467 34467 34467 34466]	[34525 34525 34524 34524 34524]		
5901.11325	1.4304999999994834	epochs															maze_arm	335.0
5902.56425	7.033999999999651	epochs															feedback_and_iti	335.0
5902.56425	0.9802499999996144	epochs															feedback_delay	335.0
5903.56725	1.9939999999996871	epochs															feedback	335.0
5905.60175	3.9965000000001965	epochs															iti	335.0
5909.6185	8.100000000000364	epochs															maze	336.0
5909.6185	6.5600000000004	epochs															maze_stem	336.0
5909.63675	15.131000000000313	trials	True	True	False	False	True	False	[0.19861703 0.80138302 0.11365724 0.8863427 ]	0.0849597379565239	0.687725730240345	-0.04247984290122986	0.3438628613948822	0.8013830184936523	[34568 34568 34568 34568 34567]	[34616 34616 34615 34615 34615]		
5916.19875	1.5197500000003856	epochs															maze_arm	336.0
5917.73575	7.011500000000524	epochs															feedback_and_iti	336.0
5917.73575	0.992500000000291	epochs															feedback_delay	336.0
5918.7485	1.9750000000003638	epochs															feedback	336.0
5920.759	3.9882500000003347	epochs															iti	336.0
5924.76775	7.390500000000429	epochs															maze	337.0
5924.76775	5.85425000000032	epochs															maze_stem	337.0
5924.78875	14.41675000000032	trials	False	True	False	False	True	False	[0.1782268  0.82177317 0.09723038 0.90276968]	0.08099646493792534	0.7245428375899792	-0.04049825668334961	0.36227142810821533	0.8217731714248657	[34659 34659 34659 34658 34658]	[34702 34702 34702 34702 34702]		
5930.64025	1.518000000000029	epochs															maze_arm	337.0
5932.178	7.007499999999709	epochs															feedback_and_iti	337.0
5932.178	0.9932500000004438	epochs															feedback_delay	337.0
5933.19125	1.9700000000002547	epochs															feedback	337.0
5935.20575	3.9797499999995125	epochs															iti	337.0
5939.2055	9.622000000000298	epochs															maze	338.0
5939.2055	7.922499999999673	epochs															maze_stem	338.0
5939.2255	16.667250000000422	trials	False	True	False	False	True	False	[0.15964197 0.84035808 0.10862729 0.89137274]	0.05101466923952103	0.7317307814955711	-0.025507330894470215	0.36586540937423706	0.8403580784797668	[34746 34745 34745 34745 34745]	[34802 34802 34802 34802 34802]		
5947.149	1.6784999999999854	epochs															maze_arm	338.0
5948.848	7.024500000000444	epochs															feedback_and_iti	338.0
5948.848	0.9845000000004802	epochs															feedback_delay	338.0
5949.85275	1.9862499999999272	epochs															feedback	338.0
5951.8785	3.9940000000005966	epochs															iti	338.0
5955.89275	10.529499999999643	epochs															maze	339.0
5955.89275	8.792749999999614	epochs															maze_stem	339.0
5955.9135	17.57325000000037	trials	False	True	False	False	True	False	[0.14123945 0.85876054 0.10189062 0.89810944]	0.039348866790533066	0.7568699531257153	-0.019674450159072876	0.3784349858760834	0.8587605357170105	[34846 34846 34845 34845 34845]	[34908 34908 34908 34907 34907]		
5964.70775	1.7145000000000437	epochs															maze_arm	339.0
5966.441	7.026499999999942	epochs															feedback_and_iti	339.0
5966.441	0.9952499999999418	epochs															feedback_delay	339.0
5967.45675	1.9802499999996144	epochs															feedback	339.0
5969.4765	3.9909999999999854	epochs															iti	339.0
5973.48675	10.772750000000087	epochs															maze	340.0
5973.48675	7.116500000000087	epochs															maze_stem	340.0
5973.50775	17.813000000000102	trials	False	True	False	False	True	False	[0.12577437 0.87422556 0.10018905 0.89981091]	0.025585338473320007	0.7740365266799927	-0.0127926766872406	0.38701823353767395	0.8742255568504333	[34951 34951 34951 34951 34950]	[35015 35015 35014 35014 35014]		
5980.6235	3.636000000000422	epochs															maze_arm	340.0
5984.2805	7.019500000000335	epochs															feedback_and_iti	340.0
5984.2805	0.9957500000000437	epochs															feedback_delay	340.0
5985.2985	1.9782500000001164	epochs															feedback	340.0
5987.31625	3.9837500000003274	epochs															iti	340.0
5991.32075	13.840500000000247	epochs															maze	341.0
5991.32075	11.599500000000262	epochs															maze_stem	341.0
5991.3385	19.04975000000013	trials	True	True	False	False	False	True	[0.11215794 0.88784206 0.09685191 0.90314806]	0.015306014567613602	0.7909901328384876	0.007653016597032547	-0.39549507573246956	0.11215794086456299	[35058 35058 35058 35058 35057]	[35140 35140 35140 35140 35139]		
6002.9385	2.2227499999999054	epochs															maze_arm	341.0
6005.18175	5.188000000000102	epochs															feedback_and_iti	341.0
6005.18175	0.9992499999998472	epochs															feedback_delay	341.0
6006.20125	1.9674999999997453	epochs															feedback	341.0
6008.38075	1.988999999999578	epochs															iti	341.0
6010.38825	15.188250000000153	epochs															maze	342.0
6010.38825	11.621250000000146	epochs															maze_stem	342.0
6010.408	20.374499999999898	trials	True	True	False	True	True	True	[0.36115694 0.638843   0.28558743 0.71441257]	0.07556954026222229	0.35325559973716736	0.03778478503227234	0.17662778496742249	0.7144125699996948	[35173 35172 35172 35172 35172]	[35263 35262 35262 35262 35262]		
6022.02875	3.5477499999997235	epochs															maze_arm	342.0
6025.5955	5.168249999999716	epochs															feedback_and_iti	342.0
6025.5955	0.9832499999993161	epochs															feedback_delay	342.0
6026.598	1.9807499999997162	epochs															feedback	342.0
6028.77825	1.9854999999997744	epochs															iti	342.0
6030.7825	13.86449999999968	epochs															maze	343.0
6030.7825	9.928499999999985	epochs															maze_stem	343.0
6030.80375	19.061499999999796	trials	True	True	False	True	True	True	[0.22603232 0.77396768 0.14098984 0.85901016]	0.08504247665405273	0.6329778432846069	0.04252123832702637	0.31648892164230347	0.8590101599693298	[35295 35295 35294 35294 35294]	[35377 35377 35377 35376 35376]		
6040.7305	3.916500000000269	epochs															maze_arm	343.0
6044.667	5.178750000000036	epochs															feedback_and_iti	343.0
6044.667	0.9922499999993306	epochs															feedback_delay	343.0
6045.68	1.9807499999997162	epochs															feedback	343.0
6047.85625	1.9895000000005894	epochs															iti	343.0
6049.86525	12.6875	epochs															maze	344.0
6049.86525	8.452250000000276	epochs															maze_stem	344.0
6049.884	18.014750000000276	trials	True	True	False	True	True	True	[0.14950776 0.85049224 0.10953539 0.89046466]	0.039972398430109024	0.7409568764269352	0.019986212253570557	0.37047845125198364	0.8904646635055542	[35409 35409 35409 35409 35408]	[35484 35484 35484 35484 35484]		
6058.33775	4.2150000000001455	epochs															maze_arm	344.0
6062.57225	5.305999999999585	epochs															feedback_and_iti	344.0
6062.57225	0.9854999999997744	epochs															feedback_delay	344.0
6063.5785	1.9787500000002183	epochs															feedback	344.0
6065.8855	1.9927499999994325	epochs															iti	344.0
6067.89875	13.760749999999462	epochs															maze	345.0
6067.89875	11.728749999999309	epochs															maze_stem	345.0
6067.919	20.80699999999979	trials	False	True	False	False	True	False	[0.15015782 0.84984219 0.11419043 0.8858096 ]	0.035967402160167694	0.7356517687439919	-0.017983704805374146	0.3678258955478668	0.8498421907424927	[35517 35517 35517 35517 35517]	[35599 35599 35599 35598 35598]		
6079.64875	2.0107499999994616	epochs															maze_arm	345.0
6081.6805	7.021499999999833	epochs															feedback_and_iti	345.0
6081.6805	0.9807499999997162	epochs															feedback_delay	345.0
6082.68575	1.987500000000182	epochs															feedback	345.0
6084.721	3.9810000000006767	epochs															iti	345.0
6088.726	9.548500000000786	epochs															maze	346.0
6088.726	7.8840000000000146	epochs															maze_stem	346.0
6088.7475	16.584499999999935	trials	False	True	False	False	True	False	[0.22402832 0.77597171 0.1416451  0.85835493]	0.08238321542739868	0.6343266069889069	-0.04119160771369934	0.3171633183956146	0.7759717106819153	[35642 35642 35642 35642 35641]	[35699 35698 35698 35698 35698]		
6096.62975	1.6447500000003856	epochs															maze_arm	346.0
6098.29575	7.0164999999997235	epochs															feedback_and_iti	346.0
6098.29575	0.9962500000001455	epochs															feedback_delay	346.0
6099.314	1.9654999999993379	epochs															feedback	346.0
6101.31975	3.992500000000291	epochs															iti	346.0
6105.332	9.954999999999927	epochs															maze	347.0
6105.332	5.60924999999952	epochs															maze_stem	347.0
6105.35275	15.157500000000255	trials	True	True	False	True	True	True	[0.22108695 0.77891308 0.14027415 0.85972583]	0.08081277459859848	0.6386389061808586	0.040406376123428345	0.3193194568157196	0.859725832939148	[35742 35742 35741 35741 35741]	[35801 35800 35800 35800 35800]		
6110.9615	4.32549999999992	epochs															maze_arm	347.0
6115.30625	5.182749999999942	epochs															feedback_and_iti	347.0
6115.30625	0.9970000000002983	epochs															feedback_delay	347.0
6116.3235	1.9727499999999054	epochs															feedback	347.0
6118.497	1.9919999999992797	epochs															iti	347.0
6120.51025	8.838249999999789	epochs															maze	348.0
6120.51025	7.324999999999818	epochs															maze_stem	348.0
6120.531	15.88025000000016	trials	False	True	False	False	True	False	[0.15747781 0.8425222  0.11573673 0.88426328]	0.04174107685685158	0.7267854698002338	-0.02087053656578064	0.36339274048805237	0.8425222039222717	[35833 35833 35832 35832 35832]	[35885 35885 35885 35884 35884]		
6127.85625	1.49225000000024	epochs															maze_arm	348.0
6129.36975	7.019000000000233	epochs															feedback_and_iti	348.0
6129.36975	0.9825000000000728	epochs															feedback_delay	348.0
6130.3735	1.9807500000006257	epochs															feedback	348.0
6132.39425	3.994499999999789	epochs															iti	348.0
6136.41125	10.030499999999847	epochs															maze	349.0
6136.41125	7.628249999999753	epochs															maze_stem	349.0
6136.4325	17.08075000000008	trials	False	True	False	False	True	False	[0.19083071 0.80916929 0.13530073 0.8646993 ]	0.05552999675273895	0.6738685816526413	-0.027765005826950073	0.33693429827690125	0.8091692924499512	[35928 35928 35928 35928 35927]	[35987 35987 35987 35987 35987]		
6144.06075	2.381000000000313	epochs															maze_arm	349.0
6146.463	7.028500000000349	epochs															feedback_and_iti	349.0
6146.463	0.9840000000003783	epochs															feedback_delay	349.0
6147.46775	1.98700000000008	epochs															feedback	349.0
6149.493	3.9984999999996944	epochs															iti	349.0
6153.51325	10.95849999999973	epochs															maze	350.0
6153.51325	7.79950000000008	epochs															maze_stem	350.0
6153.53375	18.006250000000364	trials	False	True	False	False	True	False	[0.19156298 0.80843705 0.13585594 0.86414409]	0.05570703744888306	0.6725811064243317	-0.02785351872444153	0.336290568113327	0.8084370493888855	[36031 36031 36030 36030 36030]	[36096 36095 36095 36095 36095]		
6161.33325	3.138500000000022	epochs															maze_arm	350.0
6164.49175	7.028999999999542	epochs															feedback_and_iti	350.0
6164.49175	0.9847499999996217	epochs															feedback_delay	350.0
6165.498	1.9887500000004366	epochs															feedback	350.0
6167.5295	3.9912500000000364	epochs															iti	350.0
6171.54	8.929250000000138	epochs															maze	351.0
6171.54	6.7592500000000655	epochs															maze_stem	351.0
6171.5605	15.977000000000771	trials	False	True	False	False	True	False	[0.17602769 0.82397228 0.1345938  0.86540616]	0.04143387824296951	0.6893784776329994	-0.020716935396194458	0.3446892201900482	0.8239722847938538	[36139 36139 36138 36138 36138]	[36191 36191 36191 36191 36191]		
6178.32025	2.149000000000342	epochs															maze_arm	351.0
6180.4895	7.0287500000004	epochs															feedback_and_iti	351.0
6180.4895	0.9819999999999709	epochs															feedback_delay	351.0
6181.4915	1.9915000000000873	epochs															feedback	351.0
6183.52325	3.994999999999891	epochs															iti	351.0
6187.5375	10.897999999999229	epochs															maze	352.0
6187.5375	9.202749999999469	epochs															maze_stem	352.0
6187.55825	17.928249999999935	trials	False	True	False	False	True	False	[0.16081724 0.83918279 0.13157594 0.86842406]	0.029241278767585754	0.7076068371534348	-0.01462063193321228	0.353803426027298	0.8391827940940857	[36235 36235 36234 36234 36234]	[36299 36299 36299 36299 36298]		
6196.7625	1.6729999999997744	epochs															maze_arm	352.0
6198.456	7.011249999999563	epochs															feedback_and_iti	352.0
6198.456	0.9952499999999418	epochs															feedback_delay	352.0
6199.47175	1.967000000000553	epochs															feedback	352.0
6201.4795	3.9877499999993233	epochs															iti	352.0
6205.4865	8.990749999999935	epochs															maze	353.0
6205.4865	7.353750000000218	epochs															maze_stem	353.0
6205.50725	16.02624999999989	trials	False	True	False	False	True	False	[0.14621884 0.85378116 0.12714499 0.87285501]	0.019073843955993652	0.7266361713409424	-0.009536921977996826	0.3633180856704712	0.8537811636924744	[36342 36342 36342 36342 36342]	[36395 36395 36395 36395 36395]		
6212.8605	1.6167500000001382	epochs															maze_arm	353.0
6214.4975	7.014999999999418	epochs															feedback_and_iti	353.0
6214.4975	0.9862499999999272	epochs															feedback_delay	353.0
6215.50425	1.9827500000001237	epochs															feedback	353.0
6217.52625	3.9862499999999272	epochs															iti	353.0
6221.5335	9.301250000000437	epochs															maze	354.0
6221.5335	7.3402500000001965	epochs															maze_stem	354.0
6221.5545	14.526749999999993	trials	True	True	False	True	True	True	[0.13284968 0.86715037 0.12184514 0.87815487]	0.011004522442817688	0.745305210351944	0.005502253770828247	0.3726526200771332	0.8781548738479614	[36439 36438 36438 36438 36438]	[36493 36493 36493 36493 36493]		
6228.89325	1.9414999999999054	epochs															maze_arm	354.0
6230.855	5.206250000000182	epochs															feedback_and_iti	354.0
6230.855	0.9830000000001746	epochs															feedback_delay	354.0
6231.858	1.99225000000024	epochs															feedback	354.0
6234.06525	1.9960000000000946	epochs															iti	354.0
6236.08125	9.019000000000233	epochs															maze	355.0
6236.08125	6.920250000000124	epochs															maze_stem	355.0
6236.10125	16.05724999999984	trials	True	True	False	False	True	False	[0.09797333 0.90202665 0.09237772 0.90762228]	0.0055956169962882996	0.8096489384770393	-0.0027978122234344482	0.40482446551322937	0.9020266532897949	[36526 36526 36525 36525 36525]	[36579 36579 36579 36578 36578]		
6243.0225	2.0777500000003783	epochs															maze_arm	355.0
6245.12075	7.017499999999927	epochs															feedback_and_iti	355.0
6245.12075	0.9939999999996871	epochs															feedback_delay	355.0
6246.13575	1.981249999999818	epochs															feedback	355.0
6248.155	3.9832500000002256	epochs															iti	355.0
6252.1585	6.718500000000859	epochs															maze	356.0
6252.1585	5.0955000000003565	epochs															maze_stem	356.0
6252.17875	13.75525000000016	trials	True	True	False	False	True	False	[0.09571348 0.90428656 0.08001449 0.91998547]	0.015698950737714767	0.8242720328271389	-0.007849454879760742	0.4121360182762146	0.9042865633964539	[36622 36622 36622 36622 36622]	[36662 36661 36661 36661 36661]		
6257.27325	1.6037500000002183	epochs															maze_arm	356.0
6258.899	7.013750000000073	epochs															feedback_and_iti	356.0
6258.899	0.9937499999996362	epochs															feedback_delay	356.0
6259.91375	1.97400000000016	epochs															feedback	356.0
6261.9265	3.9862500000008367	epochs															iti	356.0
6265.934	7.108499999999367	epochs															maze	357.0
6265.934	4.672249999999622	epochs															maze_stem	357.0
6265.95375	14.138750000000073	trials	True	True	False	False	True	False	[0.10172761 0.89827234 0.07805013 0.92194986]	0.023677505552768707	0.8202222287654877	-0.011838763952255249	0.41011109948158264	0.8982723355293274	[36705 36705 36705 36704 36704]	[36747 36746 36746 36746 36746]		
6270.62725	2.4152500000000146	epochs															maze_arm	357.0
6273.06225	7.010750000000371	epochs															feedback_and_iti	357.0
6273.06225	0.9962500000001455	epochs															feedback_delay	357.0
6274.0785	1.966500000000451	epochs															feedback	357.0
6276.0835	3.9895000000005894	epochs															iti	357.0
6280.0925	7.545250000000124	epochs															maze	358.0
6280.0925	5.8215000000000146	epochs															maze_stem	358.0
6280.1175	14.587749999999687	trials	True	True	False	False	True	False	[0.10074951 0.89925051 0.07523332 0.9247666 ]	0.025516144931316376	0.8240171372890472	-0.012758046388626099	0.4120085537433624	0.8992505073547363	[36790 36790 36789 36789 36789]	[36834 36834 36834 36834 36833]		
6285.93425	1.7034999999996217	epochs															maze_arm	358.0
6287.65675	7.026249999999891	epochs															feedback_and_iti	358.0
6287.65675	0.9880000000002838	epochs															feedback_delay	358.0
6288.6645	1.987500000000182	epochs															feedback	358.0
6290.68675	3.9962500000001455	epochs															iti	358.0
6294.70525	7.90099999999984	epochs															maze	359.0
6294.70525	5.736249999999927	epochs															maze_stem	359.0
6294.72625	14.925500000000284	trials	True	True	False	False	True	False	[0.09880875 0.90119123 0.07298946 0.92701054]	0.02581929787993431	0.8282017819583416	-0.012909650802612305	0.41410088539123535	0.901191234588623	[36877 36877 36877 36877 36877]	[36924 36924 36923 36923 36923]		
6300.46125	2.144999999999527	epochs															maze_arm	359.0
6302.627	7.003999999999905	epochs															feedback_and_iti	359.0
6302.627	0.9947499999998399	epochs															feedback_delay	359.0
6303.63925	1.9697500000002037	epochs															feedback	359.0
6305.646	3.985000000000582	epochs															iti	359.0
6309.65175	8.728250000000116	epochs															maze	360.0
6309.65175	6.826750000000175	epochs															maze_stem	360.0
6309.6725	15.762750000000779	trials	True	True	False	False	True	False	[0.09625982 0.90374023 0.07105535 0.92894465]	0.02520444244146347	0.8326848521828651	-0.01260221004486084	0.41634243726730347	0.9037402272224426	[36967 36967 36967 36966 36966]	[37018 37018 37018 37018 37018]		
6316.4965	1.8834999999999127	epochs															maze_arm	360.0
6318.4	7.011750000000575	epochs															feedback_and_iti	360.0
6318.4	0.9815000000007785	epochs															feedback_delay	360.0
6319.40175	1.9825000000000728	epochs															feedback	360.0
6321.422	3.9897500000006403	epochs															iti	360.0
6325.43525	8.10924999999952	epochs															maze	361.0
6325.43525	6.4282499999999345	epochs															maze_stem	361.0
6325.457	13.312750000000051	trials	False	True	False	True	True	True	[0.09346386 0.90653616 0.06931368 0.9306863 ]	0.02415015548467636	0.8372224569320679	0.012075066566467285	0.41861122846603394	0.9306862950325012	[37062 37062 37061 37061 37061]	[37109 37109 37109 37109 37109]		
6331.88375	1.6607500000000073	epochs															maze_arm	361.0
6333.565	5.183500000000095	epochs															feedback_and_iti	361.0
6333.565	0.9922500000002401	epochs															feedback_delay	361.0
6334.5795	1.9729999999999563	epochs															feedback	361.0
6336.75125	1.9972499999994398	epochs															iti	361.0
6338.76975	6.898499999999331	epochs															maze	362.0
6338.76975	5.2094999999999345	epochs															maze_stem	362.0
6338.7885	12.097999999999956	trials	False	True	False	True	True	True	[0.13251527 0.86748475 0.07883763 0.92116231]	0.053677596151828766	0.7886470779776573	0.02683877944946289	0.39432352781295776	0.9211623072624207	[37142 37141 37141 37141 37141]	[37182 37182 37182 37182 37181]		
6344.00375	1.6644999999998618	epochs															maze_arm	362.0
6345.688	5.177249999999731	epochs															feedback_and_iti	362.0
6345.688	0.9912500000000364	epochs															feedback_delay	362.0
6346.70575	1.9722499999998035	epochs															feedback	362.0
6348.87175	1.9934999999995853	epochs															iti	362.0
6350.8865	7.754500000000007	epochs															maze	363.0
6350.8865	6.029750000000604	epochs															maze_stem	363.0
6350.907	14.805000000000291	trials	False	True	False	False	True	False	[0.12911367 0.87088633 0.06508159 0.93491846]	0.06403211131691933	0.8058047629892826	-0.03201606869697571	0.40290239453315735	0.8708863258361816	[37214 37214 37214 37214 37214]	[37260 37260 37259 37259 37259]		
6356.937	1.7039999999997235	epochs															maze_arm	363.0
6358.66175	7.029999999999745	epochs															feedback_and_iti	363.0
6358.66175	0.9927499999994325	epochs															feedback_delay	363.0
6359.6765	1.9787500000002183	epochs															feedback	363.0
6361.695	3.9967500000002474	epochs															iti	363.0
6365.712	7.450999999999112	epochs															maze	364.0
6365.712	5.795249999999214	epochs															maze_stem	364.0
6365.732	14.480749999999716	trials	False	True	False	False	True	False	[0.10182103 0.89817894 0.06460463 0.93539536]	0.037216413766145706	0.8335743211209774	-0.0186082124710083	0.41678714752197266	0.8981789350509644	[37303 37303 37303 37303 37302]	[37347 37347 37347 37346 37346]		
6371.53	1.6329999999998108	epochs															maze_arm	364.0
6373.1845	7.007499999999709	epochs															feedback_and_iti	364.0
6373.1845	0.9984999999996944	epochs															feedback_delay	364.0
6374.20575	1.9660000000003492	epochs															feedback	364.0
6376.2115	3.9804999999996653	epochs															iti	364.0
6380.21275	7.44275000000016	epochs															maze	365.0
6380.21275	5.842750000000706	epochs															maze_stem	365.0
6380.23325	14.483749999999418	trials	False	True	False	False	True	False	[0.08431195 0.91568804 0.06038703 0.93961298]	0.0239249374717474	0.8553010206669569	-0.011962473392486572	0.427650511264801	0.9156880378723145	[37390 37390 37390 37390 37389]	[37434 37434 37433 37433 37433]		
6386.077	1.5784999999996217	epochs															maze_arm	365.0
6387.677	7.017249999999876	epochs															feedback_and_iti	365.0
6387.677	0.9952499999999418	epochs															feedback_delay	365.0
6388.69225	1.9652500000001965	epochs															feedback	365.0
6390.696	3.9982499999996435	epochs															iti	365.0
6394.717	8.134000000000015	epochs															maze	366.0
6394.717	6.622250000000349	epochs															maze_stem	366.0
6394.73675	15.164999999999964	trials	True	True	False	False	True	False	[0.07113533 0.9288646  0.05858294 0.9414171 ]	0.012552447617053986	0.8702817112207413	-0.006276249885559082	0.43514084815979004	0.928864598274231	[37477 37477 37477 37477 37476]	[37525 37525 37525 37524 37524]		
6401.35925	1.4917499999992287	epochs															maze_arm	366.0
6402.87	7.010750000000371	epochs															feedback_and_iti	366.0
6402.87	0.9972500000003492	epochs															feedback_delay	366.0
6403.887	1.9677500000007058	epochs															feedback	366.0
6405.892	3.9887500000004366	epochs															iti	366.0
6409.90175	8.120249999999942	epochs															maze	367.0
6409.90175	6.4412499999998545	epochs															maze_stem	367.0
6409.9225	15.161750000000211	trials	True	True	False	False	True	False	[0.04558988 0.95441008 0.04150011 0.95849991]	0.004089800640940666	0.9129099939018488	-0.0020449161529541016	0.4564549922943115	0.9544100761413574	[37568 37568 37568 37568 37567]	[37616 37616 37616 37615 37615]		
6416.36275	1.6592499999997017	epochs															maze_arm	367.0
6418.04	7.0219999999999345	epochs															feedback_and_iti	367.0
6418.04	0.9880000000002838	epochs															feedback_delay	367.0
6419.04875	1.976249999999709	epochs															feedback	367.0
6421.064	3.9979999999995925	epochs															iti	367.0
6425.08425	7.998499999999694	epochs															maze	368.0
6425.08425	5.9152500000000146	epochs															maze_stem	368.0
6425.107	15.038000000000466	trials	False	True	False	False	True	False	[0.04651732 0.95348269 0.03973625 0.96026379]	0.006781086325645447	0.9137464538216591	-0.0033905506134033203	0.45687323808670044	0.9534826874732971	[37659 37659 37659 37659 37658]	[37706 37706 37706 37706 37705]		
6431.02	2.0627499999991414	epochs															maze_arm	368.0
6433.10325	7.0222499999999854	epochs															feedback_and_iti	368.0
6433.10325	0.992500000000291	epochs															feedback_delay	368.0
6434.1165	1.97400000000016	epochs															feedback	368.0
6436.12875	3.9967500000002474	epochs															iti	368.0
6440.145	6.750999999999294	epochs															maze	369.0
6440.145	5.106499999999869	epochs															maze_stem	369.0
6440.16525	11.967499999999745	trials	False	True	False	True	True	True	[0.0529629  0.94703704 0.05435039 0.94564962]	-0.0013874564319849014	0.8926866892725229	-0.0006937086582183838	0.446343332529068	0.9456496238708496	[37750 37749 37749 37749 37749]	[37789 37789 37789 37789 37788]		
6445.27375	1.6222499999994398	epochs															maze_arm	369.0
6446.91775	5.193000000000211	epochs															feedback_and_iti	369.0
6446.91775	0.9825000000000728	epochs															feedback_delay	369.0
6447.92075	1.9804999999996653	epochs															feedback	369.0
6450.109	2.001749999999447	epochs															iti	369.0
6452.13275	14.51575000000048	epochs															maze	370.0
6452.13275	11.944750000000568	epochs															maze_stem	370.0
6452.1535	21.55974999999944	trials	False	True	False	False	True	False	[0.07349379 0.92650628 0.04846353 0.95153642]	0.025030197575688362	0.8780426848679781	-0.012515068054199219	0.43902134895324707	0.9265062808990479	[37821 37821 37821 37821 37821]	[37908 37907 37907 37907 37907]		
6464.1005	2.548000000000684	epochs															maze_arm	370.0
6466.66975	7.0219999999999345	epochs															feedback_and_iti	370.0
6466.66975	0.9852499999997235	epochs															feedback_delay	370.0
6467.6765	1.979500000000371	epochs															feedback	370.0
6469.69375	3.9979999999995925	epochs															iti	370.0
6473.71325	10.346000000000458	epochs															maze	371.0
6473.71325	8.53924999999981	epochs															maze_stem	371.0
6473.73325	17.386999999999716	trials	True	True	False	False	True	False	[0.0529628  0.94703716 0.04201182 0.95798814]	0.010950984433293343	0.9050253424793482	-0.005475491285324097	0.4525126516819	0.9470371603965759	[37951 37951 37950 37950 37950]	[38012 38012 38012 38011 38011]		
6482.274	1.7852499999999054	epochs															maze_arm	371.0
6484.07975	7.019750000000386	epochs															feedback_and_iti	371.0
6484.07975	0.9885000000003856	epochs															feedback_delay	371.0
6485.089	1.986750000000029	epochs															feedback	371.0
6487.11125	3.9882500000003347	epochs															iti	371.0
6491.12025	7.8527500000000146	epochs															maze	372.0
6491.12025	6.004750000000058	epochs															maze_stem	372.0
6491.1385	14.897249999999985	trials	False	True	False	False	True	False	[0.02834869 0.97165132 0.02642759 0.97357249]	0.0019211377948522568	0.9452237635850906	-0.0009605884552001953	0.4726119041442871	0.9716513156890869	[38055 38055 38055 38055 38054]	[38101 38101 38101 38101 38101]		
6497.1445	1.8284999999996217	epochs															maze_arm	372.0
6498.99225	7.020249999999578	epochs															feedback_and_iti	372.0
6498.99225	0.981499999999869	epochs															feedback_delay	372.0
6499.99375	1.985250000000633	epochs															feedback	372.0
6502.01925	3.9932499999995343	epochs															iti	372.0
6506.03575	8.22900000000027	epochs															maze	373.0
6506.03575	6.369999999999891	epochs															maze_stem	373.0
6506.057	15.271249999999782	trials	False	True	False	False	True	False	[0.0357076  0.96429241 0.0372174  0.96278256]	-0.00150982104241848	0.9270749855786562	0.00075492262840271	0.4635374844074249	0.9642924070358276	[38145 38145 38144 38144 38144]	[38193 38193 38193 38193 38192]		
6512.427	1.8377500000005966	epochs															maze_arm	373.0
6514.28625	7.021749999999884	epochs															feedback_and_iti	373.0
6514.28625	0.9987499999997453	epochs															feedback_delay	373.0
6515.30625	1.972750000000815	epochs															feedback	373.0
6517.3175	3.9904999999998836	epochs															iti	373.0
6521.32825	7.506000000000313	epochs															maze	374.0
6521.32825	5.8100000000004	epochs															maze_stem	374.0
6521.347	14.54424999999992	trials	True	True	False	False	True	False	[0.02881037 0.97118968 0.03287274 0.9671272 ]	-0.00406242348253727	0.9383168835192919	0.0020312368869781494	0.46915844082832336	0.9711896777153015	[38236 38236 38236 38236 38236]	[38280 38280 38280 38280 38280]		
6527.1595	1.674750000000131	epochs															maze_arm	374.0
6528.85475	7.013999999999214	epochs															feedback_and_iti	374.0
6528.85475	0.994499999999789	epochs															feedback_delay	374.0
6529.871	1.9662499999994907	epochs															feedback	374.0
6531.873	3.9957500000000437	epochs															iti	374.0
6535.89125	8.444250000000466	epochs															maze	375.0
6535.89125	6.3895000000002256	epochs															maze_stem	375.0
6535.91225	13.642249999999876	trials	False	True	False	True	True	True	[0.01993468 0.98006529 0.02539927 0.97460073]	-0.005464570596814156	0.9546660333871841	-0.0027322769165039062	0.4773330092430115	0.9746007323265076	[38324 38324 38323 38323 38323]	[38373 38373 38373 38373 38373]		
6542.301	2.0344999999997526	epochs															maze_arm	375.0
6544.3565	5.175750000000335	epochs															feedback_and_iti	375.0
6544.3565	0.9952499999999418	epochs															feedback_delay	375.0
6545.37175	1.969000000000051	epochs															feedback	375.0
6547.5405	1.9917500000001382	epochs															iti	375.0
6549.5545	14.133249999999862	epochs															maze	376.0
6549.5545	11.425749999999425	epochs															maze_stem	376.0
6549.57575	21.179000000000087	trials	False	True	False	False	True	False	[0.04911598 0.95088404 0.03929232 0.96070766]	0.009823637083172798	0.9115917030721903	-0.0049118101596832275	0.45579585433006287	0.9508840441703796	[38406 38405 38405 38405 38405]	[38489 38489 38489 38489 38489]		
6561.00175	2.6859999999996944	epochs															maze_arm	376.0
6563.7085	7.024500000000444	epochs															feedback_and_iti	376.0
6563.7085	0.9992499999998472	epochs															feedback_delay	376.0
6564.72875	1.974250000000211	epochs															feedback	376.0
6566.74375	3.9892500000005384	epochs															iti	376.0
6570.75475	11.833999999999833	epochs															maze	377.0
6570.75475	7.3400000000001455	epochs															maze_stem	377.0
6570.7745	17.02899999999954	trials	True	True	False	True	True	True	[0.03447792 0.96552205 0.03103666 0.96896333]	0.0034412676468491554	0.9344853991642594	0.0017206370830535889	0.46724268794059753	0.9689633250236511	[38533 38533 38532 38532 38532]	[38603 38603 38602 38602 38602]		
6578.115	4.473750000000109	epochs															maze_arm	377.0
6582.60825	5.173249999999825	epochs															feedback_and_iti	377.0
6582.60825	0.9977499999995416	epochs															feedback_delay	377.0
6583.62525	1.97400000000016	epochs															feedback	377.0
6585.8025	1.9790000000002692	epochs															iti	377.0
6587.8035	31.32824999999957	epochs															maze	378.0
6587.8035	27.538000000000466	epochs															maze_stem	378.0
6587.82525	38.368750000000546	trials	False	True	False	False	True	False	[0.03814691 0.96185303 0.03767995 0.96232003]	0.00046697817742824554	0.9241730999201536	-0.00023350119590759277	0.4620865285396576	0.96185302734375	[38635 38635 38635 38634 38634]	[38822 38822 38822 38821 38821]		
6615.363	3.7687499999992724	epochs															maze_arm	378.0
6619.15125	7.02350000000024	epochs															feedback_and_iti	378.0
6619.15125	0.9899999999997817	epochs															feedback_delay	378.0
6620.163	1.9837500000003274	epochs															feedback	378.0
6622.18925	3.9854999999997744	epochs															iti	378.0
6626.194	10.188749999999345	epochs															maze	379.0
6626.194	8.344749999999294	epochs															maze_stem	379.0
6626.21475	17.21374999999989	trials	False	True	False	False	True	False	[0.02975196 0.97024798 0.03299959 0.96700042]	-0.0032475944608449936	0.9372484255582094	0.001623779535293579	0.46862420439720154	0.9702479839324951	[38865 38865 38865 38865 38864]	[38925 38925 38925 38925 38925]		
6634.56	1.8227499999993597	epochs															maze_arm	379.0
6636.404	7.003999999999905	epochs															feedback_and_iti	379.0
6636.404	0.9954999999999927	epochs															feedback_delay	379.0
6637.421	1.9647500000000946	epochs															feedback	379.0
6639.425	3.9830000000001746	epochs															iti	379.0
6643.4285	9.176250000000437	epochs															maze	380.0
6643.4285	7.2205000000003565	epochs															maze_stem	380.0
6643.44675	16.219750000000204	trials	False	True	False	False	True	False	[0.02569634 0.9743036  0.02922908 0.9707709 ]	-0.003532727248966694	0.9450745405629277	0.0017663538455963135	0.47253724932670593	0.9743036031723022	[38969 38968 38968 38968 38968]	[39023 39022 39022 39022 39022]		
6650.672	1.9327500000008513	epochs															maze_arm	380.0
6652.6245	7.020500000000538	epochs															feedback_and_iti	380.0
6652.6245	0.98700000000008	epochs															feedback_delay	380.0
6653.6325	1.9782500000001164	epochs															feedback	380.0
6655.65275	3.99225000000024	epochs															iti	380.0
6659.6665	9.525749999999789	epochs															maze	381.0
6659.6665	7.717999999999847	epochs															maze_stem	381.0
6659.6875	16.560749999999643	trials	False	True	False	False	True	False	[0.02234341 0.97765654 0.02804399 0.97195596]	-0.005700584501028061	0.9496125467121601	0.0028502941131591797	0.4748062491416931	0.9776565432548523	[39066 39066 39066 39065 39065]	[39122 39122 39122 39122 39121]		
6667.40575	1.78650000000016	epochs															maze_arm	381.0
6669.212	7.017499999999927	epochs															feedback_and_iti	381.0
6669.212	0.9924999999993815	epochs															feedback_delay	381.0
6670.22675	1.9752500000004147	epochs															feedback	381.0
6672.2395	3.990000000000691	epochs															iti	381.0
6676.24825	9.690500000000611	epochs															maze	382.0
6676.24825	6.900250000000597	epochs															maze_stem	382.0
6676.2685	16.73424999999952	trials	False	True	False	False	True	False	[0.02111829 0.97888172 0.02776318 0.97223681]	-0.006644898094236851	0.9511185279116035	0.0033224523067474365	0.475559264421463	0.9788817167282104	[39165 39165 39165 39165 39165]	[39223 39222 39222 39222 39222]		
6683.1685	2.7702500000004875	epochs															maze_arm	382.0
6685.95875	7.018750000000182	epochs															feedback_and_iti	382.0
6685.95875	0.9819999999999709	epochs															feedback_delay	382.0
6686.96175	1.9789999999993597	epochs															feedback	382.0
6688.98075	3.9967500000002474	epochs															iti	382.0
6693.00275	8.60150000000067	epochs															maze	383.0
6693.00275	6.7572500000005675	epochs															maze_stem	383.0
6693.0265	15.63299999999981	trials	False	True	False	False	True	False	[0.02036035 0.97963959 0.02764471 0.97235525]	-0.007284350693225861	0.9519948903471231	0.003642171621322632	0.4759974181652069	0.9796395897865295	[39266 39266 39265 39265 39265]	[39317 39316 39316 39316 39316]		
6699.782	1.8222500000001673	epochs															maze_arm	383.0
6701.62375	7.0145000000002256	epochs															feedback_and_iti	383.0
6701.62375	0.9940000000005966	epochs															feedback_delay	383.0
6702.64075	1.9680000000007567	epochs															feedback	383.0
6704.64775	3.9904999999998836	epochs															iti	383.0
6708.6595	8.279250000000502	epochs															maze	384.0
6708.6595	6.655999999999949	epochs															maze_stem	384.0
6708.681	15.32275000000027	trials	False	True	False	False	True	False	[0.01995021 0.98004979 0.02753374 0.97246629]	-0.007583515718579292	0.9525160621851683	0.0037917494773864746	0.4762580394744873	0.9800497889518738	[39360 39360 39359 39359 39359]	[39408 39408 39408 39408 39408]		
6715.3355	1.6032500000001164	epochs															maze_arm	384.0
6716.95975	7.023250000000189	epochs															feedback_and_iti	384.0
6716.95975	0.9904999999998836	epochs															feedback_delay	384.0
6717.97125	1.9777500000000146	epochs															feedback	384.0
6719.98825	3.99474999999984	epochs															iti	384.0
6724.00375	8.231249999999818	epochs															maze	385.0
6724.00375	6.552249999999731	epochs															maze_stem	385.0
6724.024	13.5625	trials	False	True	False	True	True	True	[0.01966414 0.98033583 0.02734897 0.972651  ]	-0.007684827782213688	0.9529868653044105	-0.0038424134254455566	0.4764934182167053	0.9726510047912598	[39452 39452 39451 39451 39451]	[39500 39500 39500 39500 39499]		
6730.5775	1.6574999999993452	epochs															maze_arm	385.0
6732.2565	5.305749999999534	epochs															feedback_and_iti	385.0
6732.2565	0.9839999999994689	epochs															feedback_delay	385.0
6733.2625	1.9887500000004366	epochs															feedback	385.0
6735.57675	1.9854999999997744	epochs															iti	385.0
6737.5865	11.300499999999374	epochs															maze	386.0
6737.5865	8.762749999999869	epochs															maze_stem	386.0
6737.60825	18.32250000000022	trials	True	True	False	False	True	False	[0.02769448 0.97230554 0.02755197 0.97244805]	0.0001425156369805336	0.9447535676881671	-7.125735282897949e-05	0.4723767936229706	0.9723055362701416	[39533 39533 39533 39533 39532]	[39600 39600 39600 39599 39599]		
6746.36925	2.517749999999978	epochs															maze_arm	386.0
6748.90625	7.003999999999905	epochs															feedback_and_iti	386.0
6748.90625	0.9792500000003201	epochs															feedback_delay	386.0
6749.908	1.9789999999993597	epochs															feedback	386.0
6751.92675	3.9835000000002765	epochs															iti	386.0
6755.93075	8.324499999999716	epochs															maze	387.0
6755.93075	5.209249999999884	epochs															maze_stem	387.0
6755.94925	15.359750000000531	trials	True	True	False	False	True	False	[0.01403191 0.98596811 0.01485964 0.98514032]	-0.00082775903865695	0.9711084472946823	0.0004138946533203125	0.48555421829223633	0.9859681129455566	[39643 39643 39643 39643 39642]	[39692 39692 39692 39692 39691]		
6761.15975	3.0955000000003565	epochs															maze_arm	387.0
6764.274	7.014749999999367	epochs															feedback_and_iti	387.0
6764.274	0.996249999999236	epochs															feedback_delay	387.0
6765.29	1.9662500000004002	epochs															feedback	387.0
6767.29225	3.996499999999287	epochs															iti	387.0
6771.309	7.871999999999389	epochs															maze	388.0
6771.309	6.005500000000211	epochs															maze_stem	388.0
6771.329	14.916000000000167	trials	True	True	False	False	True	False	[0.01554482 0.98445523 0.01454528 0.98545468]	0.0009994967840611935	0.9699099012650549	-0.000499725341796875	0.48495495319366455	0.9844552278518677	[39735 39735 39735 39735 39735]	[39782 39782 39781 39781 39781]		
6777.33325	1.8477499999999054	epochs															maze_arm	388.0
6779.1995	7.024500000000444	epochs															feedback_and_iti	388.0
6779.1995	0.9864999999999782	epochs															feedback_delay	388.0
6780.20675	1.9859999999998763	epochs															feedback	388.0
6782.23075	3.993250000000444	epochs															iti	388.0
6786.245	8.501750000000357	epochs															maze	389.0
6786.245	6.7094999999999345	epochs															maze_stem	389.0
6786.26725	15.543000000000575	trials	True	True	False	False	True	False	[0.01688612 0.98311388 0.01518428 0.98481572]	0.0017018350772559643	0.9679295974783599	-0.0008509159088134766	0.48396480083465576	0.9831138849258423	[39825 39825 39825 39824 39824]	[39875 39875 39875 39874 39874]		
6792.97425	1.7725000000000364	epochs															maze_arm	389.0
6794.766	7.023250000000189	epochs															feedback_and_iti	389.0
6794.766	0.9965000000001965	epochs															feedback_delay	389.0
6795.7835	1.9710000000004584	epochs															feedback	389.0
6797.793	3.9962500000001455	epochs															iti	389.0
6801.81025	10.829499999999825	epochs															maze	390.0
6801.81025	6.696999999999207	epochs															maze_stem	390.0
6801.83025	16.016499999999724	trials	True	True	False	True	True	True	[0.01796132 0.98203868 0.01606602 0.98393399]	0.0018953066319227219	0.9659726601094007	0.0009476542472839355	0.48298633098602295	0.9839339852333069	[39918 39918 39918 39918 39918]	[39982 39982 39982 39982 39982]		
6808.52825	4.111499999999978	epochs															maze_arm	390.0
6812.6595	5.167500000000473	epochs															feedback_and_iti	390.0
6812.6595	0.9954999999999927	epochs															feedback_delay	390.0
6813.67475	1.9717499999997017	epochs															feedback	390.0
6815.8395	1.987500000000182	epochs															iti	390.0
6817.84675	14.32025000000067	epochs															maze	391.0
6817.84675	10.976999999999862	epochs															maze_stem	391.0
6817.86675	19.51800000000003	trials	True	True	False	True	True	True	[0.03626163 0.96373838 0.03898421 0.96101582]	-0.002722574397921562	0.9247541818767786	-0.0013612806797027588	0.4623771011829376	0.9610158205032349	[40015 40014 40014 40014 40014]	[40099 40099 40099 40099 40099]		
6828.8425	3.3245000000006257	epochs															maze_arm	391.0
6832.18725	5.175000000000182	epochs															feedback_and_iti	391.0
6832.18725	0.9887500000004366	epochs															feedback_delay	391.0
6833.19375	1.975749999999607	epochs															feedback	391.0
6835.367	1.9952499999999418	epochs															iti	391.0
6837.38475	14.032749999999396	epochs															maze	392.0
6837.38475	12.436249999999745	epochs															maze_stem	392.0
6837.4055	19.21075000000019	trials	False	True	False	False	False	True	[0.04637037 0.95362967 0.04913949 0.95086044]	-0.0027691759169101715	0.9044901244342327	-0.0013845600187778473	-0.4522450678050518	0.04637037217617035	[40132 40131 40131 40131 40131]	[40215 40215 40214 40214 40214]		
6849.84075	1.5767499999992651	epochs															maze_arm	392.0
6851.4375	5.1582500000004075	epochs															feedback_and_iti	392.0
6851.4375	0.9802499999996144	epochs															feedback_delay	392.0
6852.439	1.9789999999993597	epochs															feedback	392.0
6854.6115	1.9842500000004293	epochs															iti	392.0
6856.61625	14.941749999999956	epochs															maze	393.0
6856.61625	10.083749999999782	epochs															maze_stem	393.0
6856.63625	21.97400000000016	trials	True	True	False	False	True	False	[0.28768542 0.71231455 0.20304829 0.79695171]	0.08463715016841888	0.509266272187233	-0.04231858253479004	0.2546331286430359	0.7123145461082458	[40247 40247 40247 40246 40246]	[40336 40335 40335 40335 40335]		
6866.72075	4.837249999999585	epochs															maze_arm	393.0
6871.57825	7.011000000000422	epochs															feedback_and_iti	393.0
6871.57825	0.9920000000001892	epochs															feedback_delay	393.0
6872.59075	1.9739999999992506	epochs															feedback	393.0
6874.60125	3.9880000000002838	epochs															iti	393.0
6878.61025	10.624000000000706	epochs															maze	394.0
6878.61025	8.561250000000655	epochs															maze_stem	394.0
6878.62975	15.82824999999957	trials	True	True	False	False	False	True	[0.04789744 0.95210254 0.04120131 0.95879865]	0.0066961199045181274	0.9109012186527252	0.0033480674028396606	-0.4554506242275238	0.04789744317531586	[40379 40379 40378 40378 40378]	[40442 40441 40441 40441 40441]		
6887.1935	2.0407500000001164	epochs															maze_arm	394.0
6889.25625	5.180999999999585	epochs															feedback_and_iti	394.0
6889.25625	0.9894999999996799	epochs															feedback_delay	394.0
6890.2655	1.983749999999418	epochs															feedback	394.0
6892.45325	1.9840000000003783	epochs															iti	394.0
6894.458	13.4637500000008	epochs															maze	395.0
6894.458	11.897750000000087	epochs															maze_stem	395.0
6894.47825	18.649499999999534	trials	False	True	False	False	False	True	[0.36662146 0.63337857 0.32516283 0.67483717]	0.0414586216211319	0.3082157224416733	0.020729318261146545	-0.15410785377025604	0.3666214644908905	[40474 40474 40474 40473 40473]	[40554 40554 40553 40553 40553]		
6906.37725	1.5445000000008804	epochs															maze_arm	395.0
6907.943	5.163249999999607	epochs															feedback_and_iti	395.0
6907.943	0.9992499999998472	epochs															feedback_delay	395.0
6908.96525	1.9624999999996362	epochs															feedback	395.0
6911.125	1.981249999999818	epochs															iti	395.0
6913.12775	11.327500000000327	epochs															maze	396.0
6913.12775	9.463000000000648	epochs															maze_stem	396.0
6913.1485	16.51574999999957	trials	False	True	False	False	False	True	[0.49560103 0.504399   0.38136181 0.61863822]	0.11423921585083008	0.123037189245224	0.05711960792541504	-0.061518579721450806	0.49560102820396423	[40586 40586 40585 40585 40585]	[40653 40653 40652 40652 40652]		
6922.61125	1.844000000000051	epochs															maze_arm	396.0
6924.475	5.166999999999462	epochs															feedback_and_iti	396.0
6924.475	0.9867500000000291	epochs															feedback_delay	396.0
6925.4825	1.9774999999999636	epochs															feedback	396.0
6927.659	1.9830000000001746	epochs															iti	396.0
6929.66425	11.97674999999981	epochs															maze	397.0
6929.66425	8.66675000000032	epochs															maze_stem	397.0
6929.68425	17.17224999999962	trials	True	True	False	True	True	True	[0.61037052 0.38962951 0.39556029 0.60443974]	0.21481022238731384	-0.005930781364440918	0.10740511119365692	-0.002965375781059265	0.6044397354125977	[40685 40685 40685 40684 40684]	[40756 40756 40756 40755 40755]		
6938.34925	3.2917499999994106	epochs															maze_arm	397.0
6941.662	5.17450000000008	epochs															feedback_and_iti	397.0
6941.662	0.9804999999996653	epochs															feedback_delay	397.0
6942.66275	1.9847499999996217	epochs															feedback	397.0
6944.854	1.9825000000000728	epochs															iti	397.0
6946.8565	13.508749999999964	epochs															maze	398.0
6946.8565	11.970500000000357	epochs															maze_stem	398.0
6946.87775	18.71650000000045	trials	True	True	False	False	False	True	[0.22445618 0.77554387 0.1466932  0.85330677]	0.07776293903589249	0.628850631415844	0.038881488144397736	-0.3144253119826317	0.22445617616176605	[40788 40788 40788 40788 40787]	[40868 40868 40868 40868 40867]		
6958.84525	1.519999999999527	epochs															maze_arm	398.0
6960.38475	5.1875	epochs															feedback_and_iti	398.0
6960.38475	0.9997499999999491	epochs															feedback_delay	398.0
6961.40325	1.981249999999818	epochs															feedback	398.0
6963.581	1.9912500000000364	epochs															iti	398.0
6965.59425	12.472499999999854	epochs															maze	399.0
6965.59425	10.834749999999985	epochs															maze_stem	399.0
6965.61625	17.673999999999978	trials	False	True	False	False	False	True	[0.62261498 0.37738502 0.3735964  0.62640363]	0.249018594622612	0.0037886351346969604	0.1245092898607254	-0.0018943101167678833	0.6226149797439575	[40900 40900 40900 40900 40900]	[40974 40974 40974 40974 40974]		
6976.449	1.617750000000342	epochs															maze_arm	399.0
6978.088	5.182749999999942	epochs															feedback_and_iti	399.0
6978.088	0.9990000000007058	epochs															feedback_delay	399.0
6979.1105	1.9677499999997963	epochs															feedback	399.0
6981.27625	1.994499999999789	epochs															iti	399.0
6983.29025	12.502000000000407	epochs															maze	400.0
6983.29025	8.390250000000378	epochs															maze_stem	400.0
6983.31075	19.545750000000226	trials	True	True	False	True	False	False	[0.66191989 0.33808011 0.3958483  0.60415173]	0.2660716027021408	-0.05776818096637726	-0.1330357939004898	0.028884097933769226	0.3958483040332794	[41007 41006 41006 41006 41006]	[41081 41080 41080 41080 41080]		
6991.69975	4.092500000000655	epochs															maze_arm	400.0
6995.813	7.02350000000024	epochs															feedback_and_iti	400.0
6995.813	0.9972500000003492	epochs															feedback_delay	400.0
6996.83125	1.981499999999869	epochs															feedback	400.0
6998.849	3.987500000000182	epochs															iti	400.0
7002.8565	12.042500000000473	epochs															maze	401.0
7002.8565	9.45300000000043	epochs															maze_stem	401.0
7002.8795	19.092249999999694	trials	True	True	False	False	True	False	[0.30408573 0.69591427 0.21583807 0.78416193]	0.08824765682220459	0.4800761938095093	-0.044123828411102295	0.24003809690475464	0.6959142684936523	[41124 41124 41124 41123 41123]	[41195 41195 41195 41195 41194]		
7012.32875	2.5702500000006694	epochs															maze_arm	401.0
7014.9185	7.032000000000153	epochs															feedback_and_iti	401.0
7014.9185	0.9954999999999927	epochs															feedback_delay	401.0
7015.93425	1.9749999999994543	epochs															feedback	401.0
7017.94625	4.004249999999956	epochs															iti	401.0
7021.97175	8.91125000000011	epochs															maze	402.0
7021.97175	7.067250000000058	epochs															maze_stem	402.0
7021.992	15.951250000000073	trials	True	True	False	False	True	False	[0.13019753 0.86980247 0.0914713  0.90852869]	0.03872621804475784	0.7783311679959297	-0.019363105297088623	0.38916558027267456	0.8698024749755859	[41239 41238 41238 41238 41238]	[41291 41291 41291 41290 41290]		
7029.05875	1.8242499999996653	epochs															maze_arm	402.0
7030.90125	7.02074999999968	epochs															feedback_and_iti	402.0
7030.90125	0.9885000000003856	epochs															feedback_delay	402.0
7031.911	1.9864999999999782	epochs															feedback	402.0
7033.9355	3.986499999999978	epochs															iti	402.0
7037.94325	8.318249999999352	epochs															maze	403.0
7037.94325	6.613249999999425	epochs															maze_stem	403.0
7037.9635	15.358000000000175	trials	True	True	False	False	True	False	[0.09016349 0.90983653 0.10123402 0.89876598]	-0.011070538312196732	0.8086025007069111	0.0055352747440338135	0.404301255941391	0.9098365306854248	[41334 41334 41334 41334 41334]	[41383 41383 41383 41383 41382]		
7044.57625	1.6852499999995416	epochs															maze_arm	403.0
7046.28175	7.019999999999527	epochs															feedback_and_iti	403.0
7046.28175	0.9842499999995198	epochs															feedback_delay	403.0
7047.28475	1.9862499999999272	epochs															feedback	403.0
7049.306	3.9957500000000437	epochs															iti	403.0
7053.3215	9.404499999999643	epochs															maze	404.0
7053.3215	7.671750000000429	epochs															maze_stem	404.0
7053.34175	16.448750000000473	trials	True	True	False	False	True	False	[0.07719227 0.92280769 0.09369974 0.90630025]	-0.016507457941770554	0.8291079662740231	0.008253723382949829	0.4145539700984955	0.9228076934814453	[41427 41426 41426 41426 41426]	[41482 41482 41482 41481 41481]		
7061.0155	1.7104999999992287	epochs															maze_arm	404.0
7062.74425	7.02599999999984	epochs															feedback_and_iti	404.0
7062.74425	0.9825000000000728	epochs															feedback_delay	404.0
7063.74675	1.9902499999998327	epochs															feedback	404.0
7065.77575	3.994499999999789	epochs															iti	404.0
7069.7905	8.181249999999636	epochs															maze	405.0
7069.7905	6.3969999999999345	epochs															maze_stem	405.0
7069.811	15.22125000000051	trials	True	True	False	False	True	False	[0.07110871 0.92889124 0.08641344 0.9135865 ]	-0.01530473679304123	0.8424777910113335	0.007652372121810913	0.42123886942863464	0.9288912415504456	[41525 41525 41525 41525 41525]	[41573 41573 41573 41573 41573]		
7076.209	1.762749999999869	epochs															maze_arm	405.0
7077.9915	7.020249999999578	epochs															feedback_and_iti	405.0
7077.9915	0.9802499999996144	epochs															feedback_delay	405.0
7078.992	1.9847499999996217	epochs															feedback	405.0
7081.01375	3.9979999999995925	epochs															iti	405.0
7085.03225	8.944499999999607	epochs															maze	406.0
7085.03225	5.918749999999818	epochs															maze_stem	406.0
7085.05	14.14049999999952	trials	True	True	False	True	True	True	[0.06684893 0.93315107 0.07967334 0.92032665]	-0.012824412435293198	0.8534777201712132	-0.006412208080291748	0.4267388582229614	0.9203266501426697	[41617 41617 41616 41616 41616]	[41669 41669 41669 41669 41669]		
7090.972	3.004750000000058	epochs															maze_arm	406.0
7093.9955	5.174250000000029	epochs															feedback_and_iti	406.0
7093.9955	0.9970000000002983	epochs															feedback_delay	406.0
7095.01775	1.9674999999997453	epochs															feedback	406.0
7097.18275	1.98700000000008	epochs															iti	406.0
7099.1905	11.440750000000662	epochs															maze	407.0
7099.1905	7.145000000000437	epochs															maze_stem	407.0
7099.21125	16.628999999999905	trials	True	True	False	True	True	True	[0.06359196 0.93640804 0.10012748 0.89987254]	-0.036535508930683136	0.836280569434166	-0.01826775074005127	0.4181402921676636	0.8998725414276123	[41702 41701 41701 41701 41701]	[41769 41769 41769 41769 41768]		
7106.35325	4.278000000000247	epochs															maze_arm	407.0
7110.651	5.16924999999992	epochs															feedback_and_iti	407.0
7110.651	0.9847500000005311	epochs															feedback_delay	407.0
7111.656	1.975999999999658	epochs															feedback	407.0
7113.8295	1.9907499999999345	epochs															iti	407.0
7115.84025	11.585250000000087	epochs															maze	408.0
7115.84025	9.247749999999542	epochs															maze_stem	408.0
7115.86	16.777250000000095	trials	True	True	False	False	False	True	[0.07176838 0.9282316  0.11233783 0.88766217]	-0.04056943580508232	0.8158937804400921	-0.02028472349047661	-0.4079468958079815	0.0717683807015419	[41801 41801 41801 41801 41801]	[41870 41870 41870 41869 41869]		
7125.1075	2.318000000000211	epochs															maze_arm	408.0
7127.44825	5.16649999999936	epochs															feedback_and_iti	408.0
7127.44825	0.9867500000000291	epochs															feedback_delay	408.0
7128.45325	1.9750000000003638	epochs															feedback	408.0
7130.61675	1.9979999999995925	epochs															iti	408.0
7132.63725	9.375750000000153	epochs															maze	409.0
7132.63725	7.847000000000662	epochs															maze_stem	409.0
7132.6585	16.415250000000015	trials	False	True	False	False	True	False	[0.4196696  0.58033037 0.40730771 0.59269232]	0.012361913919448853	0.17302268743515015	-0.00618097186088562	0.08651134371757507	0.5803303718566895	[41902 41902 41902 41902 41901]	[41957 41957 41957 41957 41957]		
7140.5035	1.5095000000001164	epochs															maze_arm	409.0
7142.03275	7.019999999999527	epochs															feedback_and_iti	409.0
7142.03275	0.9967499999993379	epochs															feedback_delay	409.0
7143.05325	1.968499999999949	epochs															feedback	409.0
7145.06	3.9927499999994325	epochs															iti	409.0
7149.07375	9.363250000000335	epochs															maze	410.0
7149.07375	7.3270000000002256	epochs															maze_stem	410.0
7149.094	16.4032500000003	trials	False	True	False	False	True	False	[0.14071041 0.85928953 0.13655739 0.8634426 ]	0.004153050482273102	0.7227321639657021	-0.0020765364170074463	0.36136606335639954	0.8592895269393921	[42001 42001 42000 42000 42000]	[42056 42056 42056 42055 42055]		
7156.42075	2.0162499999996726	epochs															maze_arm	410.0
7158.458	7.017000000000735	epochs															feedback_and_iti	410.0
7158.458	0.9857500000007349	epochs															feedback_delay	410.0
7159.464	1.987250000000131	epochs															feedback	410.0
7161.49225	3.9827500000001237	epochs															iti	410.0
7165.49725	9.996999999999389	epochs															maze	411.0
7165.49725	7.10149999999976	epochs															maze_stem	411.0
7165.519	15.207249999999476	trials	True	True	False	True	True	True	[0.11679401 0.88320595 0.12661305 0.87338692]	-0.009819038212299347	0.7565929070115089	-0.004909515380859375	0.378296434879303	0.8733869194984436	[42099 42099 42099 42099 42098]	[42158 42158 42158 42158 42157]		
7172.62225	2.871999999999389	epochs															maze_arm	411.0
7175.51475	5.188499999999294	epochs															feedback_and_iti	411.0
7175.51475	0.9977499999995416	epochs															feedback_delay	411.0
7176.53275	1.9780000000000655	epochs															feedback	411.0
7178.7195	1.983749999999418	epochs															iti	411.0
7180.72625	10.866250000000036	epochs															maze	412.0
7180.72625	9.018000000000029	epochs															maze_stem	412.0
7180.74775	17.91449999999986	trials	False	True	False	False	True	False	[0.08856315 0.91143686 0.12492089 0.8750791 ]	-0.03635774925351143	0.7865159548819065	0.018178880214691162	0.3932579755783081	0.9114368557929993	[42191 42190 42190 42190 42190]	[42255 42255 42254 42254 42254]		
7189.7655	1.826999999999316	epochs															maze_arm	412.0
7191.61325	7.027250000000095	epochs															feedback_and_iti	412.0
7191.61325	0.9899999999997817	epochs															feedback_delay	412.0
7192.6235	1.9840000000003783	epochs															feedback	412.0
7194.645	3.9954999999999927	epochs															iti	412.0
7198.66225	9.831249999999272	epochs															maze	413.0
7198.66225	6.5405000000000655	epochs															maze_stem	413.0
7198.683	15.03924999999981	trials	True	True	False	True	True	True	[0.07488514 0.92511481 0.10342703 0.89657295]	-0.028541874140501022	0.8216877914965153	-0.014270931482315063	0.4108438789844513	0.8965729475021362	[42298 42298 42298 42297 42297]	[42356 42356 42356 42355 42355]		
7205.22225	3.2712499999997817	epochs															maze_arm	413.0
7208.5135	5.187249999999949	epochs															feedback_and_iti	413.0
7208.5135	0.9899999999997817	epochs															feedback_delay	413.0
7209.52275	1.9882500000003347	epochs															feedback	413.0
7211.7145	1.9862499999999272	epochs															iti	413.0
7213.72225	10.981999999999971	epochs															maze	414.0
7213.72225	7.947250000000167	epochs															maze_stem	414.0
7213.74325	16.191249999999854	trials	False	True	False	True	True	True	[0.07768359 0.92231643 0.11183284 0.88816714]	-0.03414927050471306	0.8104835711419582	-0.017074644565582275	0.40524178743362427	0.888167142868042	[42388 42388 42388 42388 42388]	[42453 42453 42453 42453 42453]		
7221.68975	3.0145000000002256	epochs															maze_arm	414.0
7224.72575	5.187249999999949	epochs															feedback_and_iti	414.0
7224.72575	0.9970000000002983	epochs															feedback_delay	414.0
7225.744	1.9780000000000655	epochs															feedback	414.0
7227.917	1.995999999999185	epochs															iti	414.0
7229.9345	12.389000000000124	epochs															maze	415.0
7229.9345	8.664749999999913	epochs															maze_stem	415.0
7229.95425	17.58600000000024	trials	False	True	False	True	True	True	[0.12181397 0.87818605 0.11339647 0.88660353]	0.008417490869760513	0.7647895701229572	0.004208743572235107	0.38239479064941406	0.8866035342216492	[42486 42485 42485 42485 42485]	[42559 42559 42559 42558 42558]		
7238.62325	3.7002500000007785	epochs															maze_arm	415.0
7242.3445	5.174250000000029	epochs															feedback_and_iti	415.0
7242.3445	0.9897499999997308	epochs															feedback_delay	415.0
7243.35425	1.9854999999997744	epochs															feedback	415.0
7245.535	1.9837500000003274	epochs															iti	415.0
7247.54025	13.750750000000153	epochs															maze	416.0
7247.54025	10.646999999999935	epochs															maze_stem	416.0
7247.56225	20.79700000000048	trials	False	True	False	False	True	False	[0.11953159 0.88046837 0.08409344 0.91590661]	0.03543819114565849	0.796374972909689	-0.017719119787216187	0.3981874883174896	0.8804683685302734	[42591 42591 42591 42591 42590]	[42673 42672 42672 42672 42672]		
7258.20525	3.085750000000189	epochs															maze_arm	416.0
7261.3105	7.027000000000044	epochs															feedback_and_iti	416.0
7261.3105	0.9962500000001455	epochs															feedback_delay	416.0
7262.32825	1.9770000000007713	epochs															feedback	416.0
7264.374	3.96349999999984	epochs															iti	416.0
7268.35925	12.852750000000015	epochs															maze	417.0
7268.35925	9.152249999999185	epochs															maze_stem	417.0
7268.37925	18.044750000000022	trials	True	True	False	False	False	True	[0.08796508 0.91203493 0.07352812 0.92647189]	0.014436960220336914	0.8385068103671074	0.007218480110168457	-0.4192534014582634	0.08796507865190506	[42716 42716 42716 42715 42715]	[42792 42792 42792 42792 42791]		
7277.53325	3.6787500000000364	epochs															maze_arm	417.0
7281.233	5.168999999999869	epochs															feedback_and_iti	417.0
7281.233	0.9854999999997744	epochs															feedback_delay	417.0
7282.23875	1.9822499999991123	epochs															feedback	417.0
7284.4145	1.987500000000182	epochs															iti	417.0
7286.424	11.689500000000407	epochs															maze	418.0
7286.424	10.105999999999767	epochs															maze_stem	418.0
7286.44375	16.89574999999968	trials	False	True	False	False	False	True	[0.3811537  0.6188463  0.29573441 0.70426565]	0.08541932702064514	0.3231119215488434	0.04270964860916138	-0.1615559458732605	0.3811537027359009	[42824 42824 42824 42824 42824]	[42894 42893 42893 42893 42893]		
7296.55025	1.5632500000001528	epochs															maze_arm	418.0
7298.13425	5.184500000000298	epochs															feedback_and_iti	418.0
7298.13425	0.9885000000003856	epochs															feedback_delay	418.0
7299.14475	1.9864999999999782	epochs															feedback	418.0
7301.32575	1.993000000000393	epochs															iti	418.0
7303.3395	11.57300000000032	epochs															maze	419.0
7303.3395	9.516249999999673	epochs															maze_stem	419.0
7303.36025	16.762250000000677	trials	False	True	False	False	False	True	[0.55585843 0.44414157 0.35879987 0.64120013]	0.1970585584640503	0.0853416919708252	0.09852927923202515	-0.0426708459854126	0.5558584332466125	[42926 42926 42925 42925 42925]	[42994 42994 42994 42994 42993]		
7312.8775	2.035000000000764	epochs															maze_arm	419.0
7314.9335	5.168249999999716	epochs															feedback_and_iti	419.0
7314.9335	0.9794999999994616	epochs															feedback_delay	419.0
7315.93475	1.9787499999993088	epochs															feedback	419.0
7318.11375	1.9879999999993743	epochs															iti	419.0
7320.1225	11.642499999999927	epochs															maze	420.0
7320.1225	9.94774999999936	epochs															maze_stem	420.0
7320.14375	16.842999999999847	trials	False	True	False	False	False	True	[0.68525815 0.31474188 0.38896492 0.61103505]	0.2962931990623474	-0.07422307133674622	0.1481466144323349	0.03711153566837311	0.685258150100708	[43026 43026 43026 43026 43026]	[43095 43095 43095 43095 43095]		
7330.09125	1.6737499999999272	epochs															maze_arm	420.0
7331.7865	5.176749999999629	epochs															feedback_and_iti	420.0
7331.7865	0.9847499999996217	epochs															feedback_delay	420.0
7332.7935	1.9774999999999636	epochs															feedback	420.0
7334.963	2.000250000000051	epochs															iti	420.0
7336.98675	17.82574999999997	epochs															maze	421.0
7336.98675	13.553249999999935	epochs															maze_stem	421.0
7337.0055	23.017749999999978	trials	False	True	False	True	True	True	[0.74609101 0.25390896 0.40940669 0.59059334]	0.33668434619903564	-0.1554976999759674	0.16834218800067902	-0.0777488499879837	0.5905933380126953	[43128 43127 43127 43127 43127]	[43234 43233 43233 43233 43233]		
7350.5615	4.251000000000204	epochs															maze_arm	421.0
7354.8335	5.16924999999992	epochs															feedback_and_iti	421.0
7354.8335	0.9825000000000728	epochs															feedback_delay	421.0
7355.8375	1.985000000000582	epochs															feedback	421.0
7358.0185	1.9842499999995198	epochs															iti	421.0
7360.02325	16.031750000000102	epochs															maze	422.0
7360.02325	10.656500000000051	epochs															maze_stem	422.0
7360.045	21.235749999999825	trials	False	True	False	True	True	True	[0.49915281 0.50084722 0.1811413  0.81885868]	0.31801148504018784	0.31970589607954025	0.15900573134422302	0.15985295176506042	0.8188586831092834	[43266 43265 43265 43265 43265]	[43361 43361 43360 43360 43360]		
7370.6985	5.356499999999869	epochs															maze_arm	422.0
7376.07475	5.185500000000502	epochs															feedback_and_iti	422.0
7376.07475	0.9975000000004002	epochs															feedback_delay	422.0
7377.0935	1.9767499999998108	epochs															feedback	422.0
7379.27425	1.9859999999998763	epochs															iti	422.0
7381.28075	23.39050000000043	epochs															maze	423.0
7381.28075	21.113250000000335	epochs															maze_stem	423.0
7381.2985	28.589249999999993	trials	True	True	False	False	False	True	[0.50565338 0.49434662 0.15360583 0.84639412]	0.35204752534627914	0.34074076265096664	0.17602377384901047	-0.17037039250135422	0.5056533813476562	[43393 43393 43393 43393 43392]	[43532 43532 43532 43532 43532]		
7402.41475	2.2565000000004147	epochs															maze_arm	423.0
7404.691	5.175750000000335	epochs															feedback_and_iti	423.0
7404.691	0.994499999999789	epochs															feedback_delay	423.0
7405.70425	1.981999999999971	epochs															feedback	423.0
7407.8855	1.981249999999818	epochs															iti	423.0
7409.88775	10.973500000000058	epochs															maze	424.0
7409.88775	7.126250000000255	epochs															maze_stem	424.0
7409.9075	16.173499999999876	trials	True	True	False	True	True	True	[0.67523736 0.32476267 0.22682175 0.77317822]	0.4484155774116516	0.09794089198112488	0.2242077738046646	0.04897044599056244	0.773178219795227	[43565 43565 43564 43564 43564]	[43630 43629 43629 43629 43629]		
7417.03475	3.8265000000001237	epochs															maze_arm	424.0
7420.881	5.179250000000138	epochs															feedback_and_iti	424.0
7420.881	0.9919999999992797	epochs															feedback_delay	424.0
7421.89225	1.9777500000000146	epochs															feedback	424.0
7424.05775	2.0025000000005093	epochs															iti	424.0
7426.081	10.803750000000036	epochs															maze	425.0
7426.081	7.549750000000131	epochs															maze_stem	425.0
7426.09975	15.994249999999738	trials	False	True	False	True	True	True	[0.47779703 0.52220297 0.13512288 0.86487716]	0.3426741734147072	0.3870801106095314	0.1713370978832245	0.1935400664806366	0.8648771643638611	[43662 43662 43661 43661 43661]	[43726 43725 43725 43725 43725]		
7433.649	3.2357499999998254	epochs															maze_arm	425.0
7436.903	5.170250000000124	epochs															feedback_and_iti	425.0
7436.903	0.9982499999996435	epochs															feedback_delay	425.0
7437.922	1.96875	epochs															feedback	425.0
7440.088	1.985250000000633	epochs															iti	425.0
7442.094	11.762499999999818	epochs															maze	426.0
7442.094	8.156500000000051	epochs															maze_stem	426.0
7442.11525	16.965500000000247	trials	False	True	False	True	True	True	[0.57065117 0.42934877 0.12446776 0.87553221]	0.4461834281682968	0.3048810213804245	0.223091721534729	0.15244048833847046	0.8755322098731995	[43758 43758 43757 43757 43757]	[43827 43827 43827 43827 43827]		
7450.271	3.5855000000001382	epochs															maze_arm	426.0
7453.8765	5.181749999999738	epochs															feedback_and_iti	426.0
7453.8765	0.9825000000000728	epochs															feedback_delay	426.0
7454.881	1.9879999999993743	epochs															feedback	426.0
7457.06675	1.9915000000000873	epochs															iti	426.0
7459.08075	12.068250000000262	epochs															maze	427.0
7459.08075	9.42724999999973	epochs															maze_stem	427.0
7459.09975	17.255999999999403	trials	False	True	False	False	False	True	[0.54281652 0.45718351 0.0999717  0.90002835]	0.44284482672810555	0.35721181705594063	0.22142240777611732	-0.17860588803887367	0.5428165197372437	[43860 43859 43859 43859 43859]	[43931 43931 43931 43931 43930]		
7468.528	2.6210000000000946	epochs															maze_arm	427.0
7471.169	5.168000000000575	epochs															feedback_and_iti	427.0
7471.169	0.9937500000005457	epochs															feedback_delay	427.0
7472.1835	1.97400000000016	epochs															feedback	427.0
7474.34975	1.987250000000131	epochs															iti	427.0
7476.35575	12.590750000000298	epochs															maze	428.0
7476.35575	10.869500000000698	epochs															maze_stem	428.0
7476.37575	17.779499999999643	trials	True	True	False	False	False	True	[0.73697722 0.26302272 0.19903061 0.80096936]	0.5379466265439987	0.06399212777614594	0.26897330582141876	-0.03199608623981476	0.736977219581604	[43963 43963 43963 43963 43962]	[44038 44038 44037 44037 44037]		
7487.2445	1.7020000000002256	epochs															maze_arm	428.0
7488.96675	5.170000000000073	epochs															feedback_and_iti	428.0
7488.96675	0.9810000000006767	epochs															feedback_delay	428.0
7489.96725	1.9862499999999272	epochs															feedback	428.0
7492.155	1.98174999999992	epochs															iti	428.0
7494.15525	12.129249999999956	epochs															maze	429.0
7494.15525	10.18249999999989	epochs															maze_stem	429.0
7494.175	17.336499999999432	trials	True	True	False	False	False	True	[0.74018228 0.25981772 0.20580608 0.79419392]	0.5343762040138245	0.054011642932891846	0.26718810200691223	-0.027005821466445923	0.7401822805404663	[44070 44070 44070 44069 44069]	[44142 44142 44141 44141 44141]		
7504.35675	1.9277499999998327	epochs															maze_arm	429.0
7506.3045	5.184499999999389	epochs															feedback_and_iti	429.0
7506.3045	0.9917500000001382	epochs															feedback_delay	429.0
7507.31625	1.9832500000002256	epochs															feedback	429.0
7509.491	1.9979999999995925	epochs															iti	429.0
7511.5115	14.613500000000386	epochs															maze	430.0
7511.5115	12.891500000000633	epochs															maze_stem	430.0
7511.53225	19.813000000000102	trials	False	True	False	False	False	True	[0.73582536 0.26417467 0.22922622 0.77077371]	0.5065990909934044	0.034948401153087616	0.2532995715737343	-0.017474211752414703	0.7358253598213196	[44174 44174 44174 44173 44173]	[44261 44261 44260 44260 44260]		
7524.4255	1.6994999999997162	epochs															maze_arm	430.0
7526.145	5.178999999999178	epochs															feedback_and_iti	430.0
7526.145	0.9977499999995416	epochs															feedback_delay	430.0
7527.16425	1.9787500000002183	epochs															feedback	430.0
7529.33975	1.9842499999995198	epochs															iti	430.0
7531.34525	15.88000000000011	epochs															maze	431.0
7531.34525	14.191249999999854	epochs															maze_stem	431.0
7531.3655	21.072000000000116	trials	True	True	False	False	False	True	[0.79119718 0.20880282 0.26219821 0.73780173]	0.5289989411830902	-0.05339542031288147	0.2644994854927063	0.02669769525527954	0.7911971807479858	[44293 44293 44293 44292 44292]	[44387 44387 44387 44387 44387]		
7545.55575	1.669499999999971	epochs															maze_arm	431.0
7547.24575	5.1707500000002256	epochs															feedback_and_iti	431.0
7547.24575	0.992500000000291	epochs															feedback_delay	431.0
7548.25775	1.9702500000003056	epochs															feedback	431.0
7550.4195	1.9970000000002983	epochs															iti	431.0
7552.4375	14.00274999999965	epochs															maze	432.0
7552.4375	11.109999999999673	epochs															maze_stem	432.0
7552.457	19.197000000000116	trials	False	True	False	True	True	True	[0.73312378 0.26687622 0.22390448 0.77609557]	0.5092193260788918	0.042971767485141754	0.2546096742153168	0.021485894918441772	0.7760955691337585	[44420 44419 44419 44419 44419]	[44503 44502 44502 44502 44502]		
7563.56725	2.8729999999995925	epochs															maze_arm	432.0
7566.4585	5.1765000000004875	epochs															feedback_and_iti	432.0
7566.4585	0.98174999999992	epochs															feedback_delay	432.0
7567.46075	1.981499999999869	epochs															feedback	432.0
7569.64025	1.99474999999984	epochs															iti	432.0
7571.654	13.436999999999898	epochs															maze	433.0
7571.654	11.152499999999236	epochs															maze_stem	433.0
7571.67425	18.619249999999738	trials	False	True	False	False	False	True	[0.61688179 0.38311824 0.10504922 0.89495075]	0.5118325389921665	0.27806899324059486	0.2559162862598896	-0.13903449848294258	0.616881787776947	[44535 44535 44534 44534 44534]	[44614 44614 44614 44614 44614]		
7582.82825	2.2627500000007785	epochs															maze_arm	433.0
7585.111	5.161000000000058	epochs															feedback_and_iti	433.0
7585.111	0.9962500000001455	epochs															feedback_delay	433.0
7586.13025	1.9624999999996362	epochs															feedback	433.0
7588.2935	1.9785000000001673	epochs															iti	433.0
7590.2935	12.332750000000487	epochs															maze	434.0
7590.2935	9.310500000000502	epochs															maze_stem	434.0
7590.31375	17.52824999999939	trials	True	True	False	True	True	True	[0.78485417 0.21514583 0.220902   0.77909803]	0.5639521926641464	-0.005756154656410217	0.2819761037826538	-0.0028780698776245117	0.7790980339050293	[44647 44646 44646 44646 44646]	[44720 44719 44719 44719 44719]		
7599.624	3.0022500000004584	epochs															maze_arm	434.0
7602.64675	5.173249999999825	epochs															feedback_and_iti	434.0
7602.64675	0.9947499999998399	epochs															feedback_delay	434.0
7603.65925	1.9695000000001528	epochs															feedback	434.0
7605.83275	1.987250000000131	epochs															iti	434.0
7607.842	11.981999999999971	epochs															maze	435.0
7607.842	10.204999999999927	epochs															maze_stem	435.0
7607.86325	17.189499999999498	trials	False	True	False	False	False	True	[0.63575077 0.36424926 0.10717141 0.89282864]	0.5285793729126453	0.2570778615772724	0.2642896808683872	-0.12853891029953957	0.6357507705688477	[44752 44752 44751 44751 44751]	[44823 44822 44822 44822 44822]		
7618.0695	1.7545000000000073	epochs															maze_arm	435.0
7619.845	5.188749999999345	epochs															feedback_and_iti	435.0
7619.845	0.9875000000001819	epochs															feedback_delay	435.0
7620.85175	1.9837500000003274	epochs															feedback	435.0
7623.0255	2.0082499999998618	epochs															iti	435.0
7625.05275	11.953999999999724	epochs															maze	436.0
7625.05275	10.344000000000051	epochs															maze_stem	436.0
7625.07325	17.16424999999981	trials	False	True	False	False	False	True	[0.76695704 0.23304299 0.19689554 0.8031044 ]	0.5700614601373672	0.03614740073680878	0.2850307524204254	-0.018073707818984985	0.7669570446014404	[44855 44855 44855 44854 44854]	[44926 44925 44925 44925 44925]		
7635.41675	1.589999999999236	epochs															maze_arm	436.0
7637.0265	5.190000000000509	epochs															feedback_and_iti	436.0
7637.0265	0.994499999999789	epochs															feedback_delay	436.0
7638.042	1.981999999999971	epochs															feedback	436.0
7640.23075	1.9857500000007349	epochs															iti	436.0
7642.2375	12.330500000000029	epochs															maze	437.0
7642.2375	8.215000000000146	epochs															maze_stem	437.0
7642.25725	17.530749999999898	trials	False	True	False	True	True	True	[0.81754023 0.18245971 0.20939934 0.79060066]	0.6081409156322479	-0.026939600706100464	0.30407047271728516	-0.013469815254211426	0.7906006574630737	[44958 44958 44958 44957 44957]	[45031 45031 45031 45030 45030]		
7650.47275	4.095250000000306	epochs															maze_arm	437.0
7654.58775	5.1782499999999345	epochs															feedback_and_iti	437.0
7654.58775	0.9957500000000437	epochs															feedback_delay	437.0
7655.6025	1.9727499999999054	epochs															feedback	437.0
7657.769	1.9969999999993888	epochs															iti	437.0
7659.788	12.188750000000255	epochs															maze	438.0
7659.788	8.134500000000116	epochs															maze_stem	438.0
7659.80725	17.392499999999927	trials	True	True	False	True	True	True	[0.6629138  0.33708617 0.096548   0.90345204]	0.566365834325552	0.24053820595145226	0.28318293392658234	0.12026910483837128	0.9034520387649536	[45063 45063 45063 45063 45062]	[45135 45135 45135 45135 45135]		
7667.943	4.0337499999996	epochs															maze_arm	438.0
7671.9965	5.182499999999891	epochs															feedback_and_iti	438.0
7671.9965	0.9837499999994179	epochs															feedback_delay	438.0
7672.9995	1.994249999999738	epochs															feedback	438.0
7675.18525	1.9937499999996362	epochs															iti	438.0
7677.19975	12.86450000000059	epochs															maze	439.0
7677.19975	8.157000000000153	epochs															maze_stem	439.0
7677.22	18.0649999999996	trials	False	True	False	True	True	True	[0.48973849 0.51026154 0.0877028  0.91229719]	0.4020356722176075	0.4225587137043476	0.201017826795578	0.21127936244010925	0.9122971892356873	[45168 45167 45167 45167 45167]	[45244 45244 45243 45243 45243]		
7685.377	4.687249999999949	epochs															maze_arm	439.0
7690.08525	5.179500000000189	epochs															feedback_and_iti	439.0
7690.08525	0.992750000000342	epochs															feedback_delay	439.0
7691.09875	1.9714999999996508	epochs															feedback	439.0
7693.2695	1.9952499999999418	epochs															iti	439.0
7695.285	16.188000000000102	epochs															maze	440.0
7695.285	10.107250000000022	epochs															maze_stem	440.0
7695.3055	21.36699999999928	trials	False	True	False	False	False	True	[0.70009744 0.29990262 0.1124868  0.88751322]	0.5876106210052967	0.18741579726338387	0.2938053198158741	-0.09370787814259529	0.7000974416732788	[45276 45276 45276 45275 45275]	[45372 45372 45372 45372 45371]		
7705.41325	6.059750000000349	epochs															maze_arm	440.0
7711.493	5.1587499999996	epochs															feedback_and_iti	440.0
7711.493	0.9957500000000437	epochs															feedback_delay	440.0
7712.50775	1.969000000000051	epochs															feedback	440.0
7714.66875	1.9830000000001746	epochs															iti	440.0
7716.6725	12.447500000000218	epochs															maze	441.0
7716.6725	9.070999999999913	epochs															maze_stem	441.0
7716.69675	15.454249999999774	trials	False	True	False	False	True	False	[0.80260909 0.19739088 0.18856964 0.81143039]	0.6140394806861877	0.008821278810501099	-0.30701975524425507	0.004410639405250549	0.19739088416099548	[45404 45404 45404 45404 45404]	[45478 45478 45478 45477 45477]		
7725.76375	3.356249999999818	epochs															maze_arm	441.0
7729.13975	3.0112499999995634	epochs															feedback_and_iti	441.0
7729.13975	0.9942499999997381	epochs															feedback_delay	441.0
7730.15275	1.9772499999999127	epochs															feedback	441.0
